ISO-10303-21;
HEADER;
FILE_DESCRIPTION(('Open CASCADE Model'),'2;1');
FILE_NAME('aerobar_crossbar','2026-06-10T18:34:56',('Author'),(
    'Open CASCADE'),'Open CASCADE STEP processor 7.8','build123d',
  'Unknown');
FILE_SCHEMA(('AUTOMOTIVE_DESIGN { 1 0 10303 214 1 1 1 1 }'));
ENDSEC;
DATA;
#1 = APPLICATION_PROTOCOL_DEFINITION('international standard',
  'automotive_design',2000,#2);
#2 = APPLICATION_CONTEXT(
  'core data for automotive mechanical design processes');
#3 = SHAPE_DEFINITION_REPRESENTATION(#4,#10);
#4 = PRODUCT_DEFINITION_SHAPE('','',#5);
#5 = PRODUCT_DEFINITION('design','',#6,#9);
#6 = PRODUCT_DEFINITION_FORMATION('','',#7);
#7 = PRODUCT('aerobar_crossbar','aerobar_crossbar','',(#8));
#8 = PRODUCT_CONTEXT('',#2,'mechanical');
#9 = PRODUCT_DEFINITION_CONTEXT('part definition',#2,'design');
#10 = ADVANCED_BREP_SHAPE_REPRESENTATION('',(#11,#15),#4164);
#11 = AXIS2_PLACEMENT_3D('',#12,#13,#14);
#12 = CARTESIAN_POINT('',(0.,0.,0.));
#13 = DIRECTION('',(0.,0.,1.));
#14 = DIRECTION('',(1.,0.,-0.));
#15 = MANIFOLD_SOLID_BREP('',#16);
#16 = CLOSED_SHELL('',(#17,#309,#380,#434,#481,#533,#579,#744,#1403,
    #1474,#1602,#1701,#1750,#1864,#1897,#1946,#1995,#2169,#2365,#2485,
    #2531,#2635,#2757,#2786,#2813,#2842,#2917,#2998,#3078,#3104,#3179,
    #3260,#3340,#3366,#3441,#3522,#3602,#3628,#3635,#3663,#3695,#3746,
    #3772,#3937,#3962,#3969,#3994,#4021,#4048,#4055,#4062,#4069,#4096,
    #4103,#4130,#4137));
#17 = ADVANCED_FACE('',(#18),#32,.T.);
#18 = FACE_BOUND('',#19,.T.);
#19 = EDGE_LOOP('',(#20,#53,#86,#112,#139,#160,#193,#219,#252,#278));
#20 = ORIENTED_EDGE('',*,*,#21,.F.);
#21 = EDGE_CURVE('',#22,#24,#26,.T.);
#22 = VERTEX_POINT('',#23);
#23 = CARTESIAN_POINT('',(-60.,12.,-13.8));
#24 = VERTEX_POINT('',#25);
#25 = CARTESIAN_POINT('',(-60.,3.,-13.8));
#26 = SURFACE_CURVE('',#27,(#31,#42),.PCURVE_S1.);
#27 = LINE('',#28,#29);
#28 = CARTESIAN_POINT('',(-60.,19.,-13.8));
#29 = VECTOR('',#30,1.);
#30 = DIRECTION('',(0.,-1.,2.22044604925E-16));
#31 = PCURVE('',#32,#37);
#32 = CYLINDRICAL_SURFACE('',#33,13.8);
#33 = AXIS2_PLACEMENT_3D('',#34,#35,#36);
#34 = CARTESIAN_POINT('',(-60.,19.,-4.218847493576E-15));
#35 = DIRECTION('',(0.,-1.,2.22044604925E-16));
#36 = DIRECTION('',(1.,0.,0.));
#37 = DEFINITIONAL_REPRESENTATION('',(#38),#41);
#38 = B_SPLINE_CURVE_WITH_KNOTS('',1,(#39,#40),.UNSPECIFIED.,.F.,.F.,(2,
    2),(5.,33.),.PIECEWISE_BEZIER_KNOTS.);
#39 = CARTESIAN_POINT('',(4.712388980385,5.));
#40 = CARTESIAN_POINT('',(4.712388980385,33.));
#41 = ( GEOMETRIC_REPRESENTATION_CONTEXT(2) 
PARAMETRIC_REPRESENTATION_CONTEXT() REPRESENTATION_CONTEXT('2D SPACE',''
  ) );
#42 = PCURVE('',#43,#48);
#43 = PLANE('',#44);
#44 = AXIS2_PLACEMENT_3D('',#45,#46,#47);
#45 = CARTESIAN_POINT('',(-60.,1.480297366167E-16,9.080106438912E-16));
#46 = DIRECTION('',(1.,0.,0.));
#47 = DIRECTION('',(0.,1.,0.));
#48 = DEFINITIONAL_REPRESENTATION('',(#49),#52);
#49 = B_SPLINE_CURVE_WITH_KNOTS('',1,(#50,#51),.UNSPECIFIED.,.F.,.F.,(2,
    2),(-5.999999999062E-07,38.0000006),.PIECEWISE_BEZIER_KNOTS.);
#50 = CARTESIAN_POINT('',(19.0000006,-13.8));
#51 = CARTESIAN_POINT('',(-19.0000006,-13.8));
#52 = ( GEOMETRIC_REPRESENTATION_CONTEXT(2) 
PARAMETRIC_REPRESENTATION_CONTEXT() REPRESENTATION_CONTEXT('2D SPACE',''
  ) );
#53 = ORIENTED_EDGE('',*,*,#54,.T.);
#54 = EDGE_CURVE('',#22,#55,#57,.T.);
#55 = VERTEX_POINT('',#56);
#56 = CARTESIAN_POINT('',(-48.61580042339,12.,7.8));
#57 = SURFACE_CURVE('',#58,(#63,#70),.PCURVE_S1.);
#58 = CIRCLE('',#59,13.8);
#59 = AXIS2_PLACEMENT_3D('',#60,#61,#62);
#60 = CARTESIAN_POINT('',(-60.,12.,-2.6645352591E-15));
#61 = DIRECTION('',(0.,-1.,2.22044604925E-16));
#62 = DIRECTION('',(1.,0.,0.));
#63 = PCURVE('',#32,#64);
#64 = DEFINITIONAL_REPRESENTATION('',(#65),#69);
#65 = LINE('',#66,#67);
#66 = CARTESIAN_POINT('',(0.,7.));
#67 = VECTOR('',#68,1.);
#68 = DIRECTION('',(1.,0.));
#69 = ( GEOMETRIC_REPRESENTATION_CONTEXT(2) 
PARAMETRIC_REPRESENTATION_CONTEXT() REPRESENTATION_CONTEXT('2D SPACE',''
  ) );
#70 = PCURVE('',#71,#76);
#71 = PLANE('',#72);
#72 = AXIS2_PLACEMENT_3D('',#73,#74,#75);
#73 = CARTESIAN_POINT('',(-200.,12.,-200.));
#74 = DIRECTION('',(0.,1.,0.));
#75 = DIRECTION('',(0.,0.,1.));
#76 = DEFINITIONAL_REPRESENTATION('',(#77),#85);
#77 = ( BOUNDED_CURVE() B_SPLINE_CURVE(2,(#78,#79,#80,#81,#82,#83,#84),
.UNSPECIFIED.,.T.,.F.) B_SPLINE_CURVE_WITH_KNOTS((1,2,2,2,2,1),(
    -2.094395102393,0.,2.094395102393,4.188790204786,6.28318530718,
8.377580409573),.UNSPECIFIED.) CURVE() GEOMETRIC_REPRESENTATION_ITEM() 
RATIONAL_B_SPLINE_CURVE((1.,0.5,1.,0.5,1.,0.5,1.)) REPRESENTATION_ITEM(
  '') );
#78 = CARTESIAN_POINT('',(200.,153.8));
#79 = CARTESIAN_POINT('',(223.90230114445,153.8));
#80 = CARTESIAN_POINT('',(211.95115057222,133.1));
#81 = CARTESIAN_POINT('',(200.,112.4));
#82 = CARTESIAN_POINT('',(188.04884942777,133.1));
#83 = CARTESIAN_POINT('',(176.09769885554,153.8));
#84 = CARTESIAN_POINT('',(200.,153.8));
#85 = ( GEOMETRIC_REPRESENTATION_CONTEXT(2) 
PARAMETRIC_REPRESENTATION_CONTEXT() REPRESENTATION_CONTEXT('2D SPACE',''
  ) );
#86 = ORIENTED_EDGE('',*,*,#87,.T.);
#87 = EDGE_CURVE('',#55,#88,#90,.T.);
#88 = VERTEX_POINT('',#89);
#89 = CARTESIAN_POINT('',(-48.61580042339,3.,7.8));
#90 = SURFACE_CURVE('',#91,(#95,#101),.PCURVE_S1.);
#91 = LINE('',#92,#93);
#92 = CARTESIAN_POINT('',(-48.61580042339,19.,7.8));
#93 = VECTOR('',#94,1.);
#94 = DIRECTION('',(0.,-1.,2.22044604925E-16));
#95 = PCURVE('',#32,#96);
#96 = DEFINITIONAL_REPRESENTATION('',(#97),#100);
#97 = B_SPLINE_CURVE_WITH_KNOTS('',1,(#98,#99),.UNSPECIFIED.,.F.,.F.,(2,
    2),(6.9999976,31.0000024),.PIECEWISE_BEZIER_KNOTS.);
#98 = CARTESIAN_POINT('',(6.883882060116,6.9999976));
#99 = CARTESIAN_POINT('',(6.883882060116,31.0000024));
#100 = ( GEOMETRIC_REPRESENTATION_CONTEXT(2) 
PARAMETRIC_REPRESENTATION_CONTEXT() REPRESENTATION_CONTEXT('2D SPACE',''
  ) );
#101 = PCURVE('',#102,#107);
#102 = PLANE('',#103);
#103 = AXIS2_PLACEMENT_3D('',#104,#105,#106);
#104 = CARTESIAN_POINT('',(-60.,-12.,7.8));
#105 = DIRECTION('',(0.,0.,1.));
#106 = DIRECTION('',(1.,0.,0.));
#107 = DEFINITIONAL_REPRESENTATION('',(#108),#111);
#108 = B_SPLINE_CURVE_WITH_KNOTS('',1,(#109,#110),.UNSPECIFIED.,.F.,.F.,
  (2,2),(6.9999976,31.0000024),.PIECEWISE_BEZIER_KNOTS.);
#109 = CARTESIAN_POINT('',(11.384199576606,24.0000024));
#110 = CARTESIAN_POINT('',(11.384199576606,-2.400000003178E-06));
#111 = ( GEOMETRIC_REPRESENTATION_CONTEXT(2) 
PARAMETRIC_REPRESENTATION_CONTEXT() REPRESENTATION_CONTEXT('2D SPACE',''
  ) );
#112 = ORIENTED_EDGE('',*,*,#113,.T.);
#113 = EDGE_CURVE('',#88,#114,#116,.T.);
#114 = VERTEX_POINT('',#115);
#115 = CARTESIAN_POINT('',(-48.61580042339,-3.,7.8));
#116 = SURFACE_CURVE('',#117,(#121,#127),.PCURVE_S1.);
#117 = LINE('',#118,#119);
#118 = CARTESIAN_POINT('',(-48.61580042339,19.,7.8));
#119 = VECTOR('',#120,1.);
#120 = DIRECTION('',(0.,-1.,2.22044604925E-16));
#121 = PCURVE('',#32,#122);
#122 = DEFINITIONAL_REPRESENTATION('',(#123),#126);
#123 = B_SPLINE_CURVE_WITH_KNOTS('',1,(#124,#125),.UNSPECIFIED.,.F.,.F.,
  (2,2),(6.9999976,31.0000024),.PIECEWISE_BEZIER_KNOTS.);
#124 = CARTESIAN_POINT('',(6.883882060116,6.9999976));
#125 = CARTESIAN_POINT('',(6.883882060116,31.0000024));
#126 = ( GEOMETRIC_REPRESENTATION_CONTEXT(2) 
PARAMETRIC_REPRESENTATION_CONTEXT() REPRESENTATION_CONTEXT('2D SPACE',''
  ) );
#127 = PCURVE('',#128,#133);
#128 = PLANE('',#129);
#129 = AXIS2_PLACEMENT_3D('',#130,#131,#132);
#130 = CARTESIAN_POINT('',(-12.27621969679,-3.,-3.310124779464));
#131 = DIRECTION('',(0.292371704723,0.,0.956304755963));
#132 = DIRECTION('',(0.956304755963,0.,-0.292371704723));
#133 = DEFINITIONAL_REPRESENTATION('',(#134),#138);
#134 = LINE('',#135,#136);
#135 = CARTESIAN_POINT('',(-38.,22.));
#136 = VECTOR('',#137,1.);
#137 = DIRECTION('',(-6.491955966642E-17,-1.));
#138 = ( GEOMETRIC_REPRESENTATION_CONTEXT(2) 
PARAMETRIC_REPRESENTATION_CONTEXT() REPRESENTATION_CONTEXT('2D SPACE',''
  ) );
#139 = ORIENTED_EDGE('',*,*,#140,.T.);
#140 = EDGE_CURVE('',#114,#141,#143,.T.);
#141 = VERTEX_POINT('',#142);
#142 = CARTESIAN_POINT('',(-48.61580042339,-12.,7.8));
#143 = SURFACE_CURVE('',#144,(#148,#154),.PCURVE_S1.);
#144 = LINE('',#145,#146);
#145 = CARTESIAN_POINT('',(-48.61580042339,19.,7.8));
#146 = VECTOR('',#147,1.);
#147 = DIRECTION('',(0.,-1.,2.22044604925E-16));
#148 = PCURVE('',#32,#149);
#149 = DEFINITIONAL_REPRESENTATION('',(#150),#153);
#150 = B_SPLINE_CURVE_WITH_KNOTS('',1,(#151,#152),.UNSPECIFIED.,.F.,.F.,
  (2,2),(6.9999976,31.0000024),.PIECEWISE_BEZIER_KNOTS.);
#151 = CARTESIAN_POINT('',(6.883882060116,6.9999976));
#152 = CARTESIAN_POINT('',(6.883882060116,31.0000024));
#153 = ( GEOMETRIC_REPRESENTATION_CONTEXT(2) 
PARAMETRIC_REPRESENTATION_CONTEXT() REPRESENTATION_CONTEXT('2D SPACE',''
  ) );
#154 = PCURVE('',#102,#155);
#155 = DEFINITIONAL_REPRESENTATION('',(#156),#159);
#156 = B_SPLINE_CURVE_WITH_KNOTS('',1,(#157,#158),.UNSPECIFIED.,.F.,.F.,
  (2,2),(6.9999976,31.0000024),.PIECEWISE_BEZIER_KNOTS.);
#157 = CARTESIAN_POINT('',(11.384199576606,24.0000024));
#158 = CARTESIAN_POINT('',(11.384199576606,-2.400000003178E-06));
#159 = ( GEOMETRIC_REPRESENTATION_CONTEXT(2) 
PARAMETRIC_REPRESENTATION_CONTEXT() REPRESENTATION_CONTEXT('2D SPACE',''
  ) );
#160 = ORIENTED_EDGE('',*,*,#161,.F.);
#161 = EDGE_CURVE('',#162,#141,#164,.T.);
#162 = VERTEX_POINT('',#163);
#163 = CARTESIAN_POINT('',(-60.,-12.,-13.8));
#164 = SURFACE_CURVE('',#165,(#170,#177),.PCURVE_S1.);
#165 = CIRCLE('',#166,13.8);
#166 = AXIS2_PLACEMENT_3D('',#167,#168,#169);
#167 = CARTESIAN_POINT('',(-60.,-12.,2.6645352591E-15));
#168 = DIRECTION('',(0.,-1.,2.22044604925E-16));
#169 = DIRECTION('',(1.,0.,0.));
#170 = PCURVE('',#32,#171);
#171 = DEFINITIONAL_REPRESENTATION('',(#172),#176);
#172 = LINE('',#173,#174);
#173 = CARTESIAN_POINT('',(0.,31.));
#174 = VECTOR('',#175,1.);
#175 = DIRECTION('',(1.,0.));
#176 = ( GEOMETRIC_REPRESENTATION_CONTEXT(2) 
PARAMETRIC_REPRESENTATION_CONTEXT() REPRESENTATION_CONTEXT('2D SPACE',''
  ) );
#177 = PCURVE('',#178,#183);
#178 = PLANE('',#179);
#179 = AXIS2_PLACEMENT_3D('',#180,#181,#182);
#180 = CARTESIAN_POINT('',(-200.,-12.,-200.));
#181 = DIRECTION('',(0.,1.,0.));
#182 = DIRECTION('',(0.,0.,1.));
#183 = DEFINITIONAL_REPRESENTATION('',(#184),#192);
#184 = ( BOUNDED_CURVE() B_SPLINE_CURVE(2,(#185,#186,#187,#188,#189,#190
,#191),.UNSPECIFIED.,.T.,.F.) B_SPLINE_CURVE_WITH_KNOTS((1,2,2,2,2,1),(
    -2.094395102393,0.,2.094395102393,4.188790204786,6.28318530718,
8.377580409573),.UNSPECIFIED.) CURVE() GEOMETRIC_REPRESENTATION_ITEM() 
RATIONAL_B_SPLINE_CURVE((1.,0.5,1.,0.5,1.,0.5,1.)) REPRESENTATION_ITEM(
  '') );
#185 = CARTESIAN_POINT('',(200.,153.8));
#186 = CARTESIAN_POINT('',(223.90230114445,153.8));
#187 = CARTESIAN_POINT('',(211.95115057222,133.1));
#188 = CARTESIAN_POINT('',(200.,112.4));
#189 = CARTESIAN_POINT('',(188.04884942777,133.1));
#190 = CARTESIAN_POINT('',(176.09769885554,153.8));
#191 = CARTESIAN_POINT('',(200.,153.8));
#192 = ( GEOMETRIC_REPRESENTATION_CONTEXT(2) 
PARAMETRIC_REPRESENTATION_CONTEXT() REPRESENTATION_CONTEXT('2D SPACE',''
  ) );
#193 = ORIENTED_EDGE('',*,*,#194,.F.);
#194 = EDGE_CURVE('',#195,#162,#197,.T.);
#195 = VERTEX_POINT('',#196);
#196 = CARTESIAN_POINT('',(-60.,-3.,-13.8));
#197 = SURFACE_CURVE('',#198,(#202,#208),.PCURVE_S1.);
#198 = LINE('',#199,#200);
#199 = CARTESIAN_POINT('',(-60.,19.,-13.8));
#200 = VECTOR('',#201,1.);
#201 = DIRECTION('',(0.,-1.,2.22044604925E-16));
#202 = PCURVE('',#32,#203);
#203 = DEFINITIONAL_REPRESENTATION('',(#204),#207);
#204 = B_SPLINE_CURVE_WITH_KNOTS('',1,(#205,#206),.UNSPECIFIED.,.F.,.F.,
  (2,2),(5.,33.),.PIECEWISE_BEZIER_KNOTS.);
#205 = CARTESIAN_POINT('',(4.712388980385,5.));
#206 = CARTESIAN_POINT('',(4.712388980385,33.));
#207 = ( GEOMETRIC_REPRESENTATION_CONTEXT(2) 
PARAMETRIC_REPRESENTATION_CONTEXT() REPRESENTATION_CONTEXT('2D SPACE',''
  ) );
#208 = PCURVE('',#209,#214);
#209 = PLANE('',#210);
#210 = AXIS2_PLACEMENT_3D('',#211,#212,#213);
#211 = CARTESIAN_POINT('',(-60.,1.480297366167E-16,9.080106438912E-16));
#212 = DIRECTION('',(1.,0.,0.));
#213 = DIRECTION('',(0.,1.,0.));
#214 = DEFINITIONAL_REPRESENTATION('',(#215),#218);
#215 = B_SPLINE_CURVE_WITH_KNOTS('',1,(#216,#217),.UNSPECIFIED.,.F.,.F.,
  (2,2),(-5.999999999062E-07,38.0000006),.PIECEWISE_BEZIER_KNOTS.);
#216 = CARTESIAN_POINT('',(19.0000006,-13.8));
#217 = CARTESIAN_POINT('',(-19.0000006,-13.8));
#218 = ( GEOMETRIC_REPRESENTATION_CONTEXT(2) 
PARAMETRIC_REPRESENTATION_CONTEXT() REPRESENTATION_CONTEXT('2D SPACE',''
  ) );
#219 = ORIENTED_EDGE('',*,*,#220,.T.);
#220 = EDGE_CURVE('',#195,#221,#223,.T.);
#221 = VERTEX_POINT('',#222);
#222 = CARTESIAN_POINT('',(-47.8142152689,-3.,-6.476623386256));
#223 = SURFACE_CURVE('',#224,(#229,#236),.PCURVE_S1.);
#224 = CIRCLE('',#225,13.8);
#225 = AXIS2_PLACEMENT_3D('',#226,#227,#228);
#226 = CARTESIAN_POINT('',(-60.,-3.,6.661338147751E-16));
#227 = DIRECTION('',(0.,-1.,2.22044604925E-16));
#228 = DIRECTION('',(1.,0.,0.));
#229 = PCURVE('',#32,#230);
#230 = DEFINITIONAL_REPRESENTATION('',(#231),#235);
#231 = LINE('',#232,#233);
#232 = CARTESIAN_POINT('',(0.,22.));
#233 = VECTOR('',#234,1.);
#234 = DIRECTION('',(1.,0.));
#235 = ( GEOMETRIC_REPRESENTATION_CONTEXT(2) 
PARAMETRIC_REPRESENTATION_CONTEXT() REPRESENTATION_CONTEXT('2D SPACE',''
  ) );
#236 = PCURVE('',#237,#242);
#237 = PLANE('',#238);
#238 = AXIS2_PLACEMENT_3D('',#239,#240,#241);
#239 = CARTESIAN_POINT('',(-67.11882670939,-3.,-100.5589721019));
#240 = DIRECTION('',(-0.,1.,0.));
#241 = DIRECTION('',(-0.374606593416,0.,0.927183854567));
#242 = DEFINITIONAL_REPRESENTATION('',(#243),#251);
#243 = ( BOUNDED_CURVE() B_SPLINE_CURVE(2,(#244,#245,#246,#247,#248,#249
,#250),.UNSPECIFIED.,.T.,.F.) B_SPLINE_CURVE_WITH_KNOTS((1,2,2,2,2,1),(
    -2.094395102393,0.,2.094395102393,4.188790204786,6.28318530718,
8.377580409573),.UNSPECIFIED.) CURVE() GEOMETRIC_REPRESENTATION_ITEM() 
RATIONAL_B_SPLINE_CURVE((1.,0.5,1.,0.5,1.,0.5,1.)) REPRESENTATION_ITEM(
  '') );
#244 = CARTESIAN_POINT('',(85.400324952922,57.065652357963));
#245 = CARTESIAN_POINT('',(107.56215266105,66.019611964487));
#246 = CARTESIAN_POINT('',(104.23559529069,42.349926371692));
#247 = CARTESIAN_POINT('',(100.90903792034,18.680240778898));
#248 = CARTESIAN_POINT('',(82.073767582567,33.395966765169));
#249 = CARTESIAN_POINT('',(63.238497244794,48.111692751439));
#250 = CARTESIAN_POINT('',(85.400324952922,57.065652357963));
#251 = ( GEOMETRIC_REPRESENTATION_CONTEXT(2) 
PARAMETRIC_REPRESENTATION_CONTEXT() REPRESENTATION_CONTEXT('2D SPACE',''
  ) );
#252 = ORIENTED_EDGE('',*,*,#253,.F.);
#253 = EDGE_CURVE('',#254,#221,#256,.T.);
#254 = VERTEX_POINT('',#255);
#255 = CARTESIAN_POINT('',(-47.8142152689,3.,-6.476623386256));
#256 = SURFACE_CURVE('',#257,(#261,#267),.PCURVE_S1.);
#257 = LINE('',#258,#259);
#258 = CARTESIAN_POINT('',(-47.8142152689,19.,-6.476623386256));
#259 = VECTOR('',#260,1.);
#260 = DIRECTION('',(0.,-1.,2.22044604925E-16));
#261 = PCURVE('',#32,#262);
#262 = DEFINITIONAL_REPRESENTATION('',(#263),#266);
#263 = B_SPLINE_CURVE_WITH_KNOTS('',1,(#264,#265),.UNSPECIFIED.,.F.,.F.,
  (2,2),(15.4,22.6),.PIECEWISE_BEZIER_KNOTS.);
#264 = CARTESIAN_POINT('',(5.794664158124,15.4));
#265 = CARTESIAN_POINT('',(5.794664158124,22.6));
#266 = ( GEOMETRIC_REPRESENTATION_CONTEXT(2) 
PARAMETRIC_REPRESENTATION_CONTEXT() REPRESENTATION_CONTEXT('2D SPACE',''
  ) );
#267 = PCURVE('',#268,#273);
#268 = PLANE('',#269);
#269 = AXIS2_PLACEMENT_3D('',#270,#271,#272);
#270 = CARTESIAN_POINT('',(-97.08735418267,-3.,-26.38426373663));
#271 = DIRECTION('',(-0.374606593416,0.,0.927183854567));
#272 = DIRECTION('',(0.927183854567,0.,0.374606593416));
#273 = DEFINITIONAL_REPRESENTATION('',(#274),#277);
#274 = B_SPLINE_CURVE_WITH_KNOTS('',1,(#275,#276),.UNSPECIFIED.,.F.,.F.,
  (2,2),(15.4,22.6),.PIECEWISE_BEZIER_KNOTS.);
#275 = CARTESIAN_POINT('',(53.142792199277,6.6));
#276 = CARTESIAN_POINT('',(53.142792199277,-0.6));
#277 = ( GEOMETRIC_REPRESENTATION_CONTEXT(2) 
PARAMETRIC_REPRESENTATION_CONTEXT() REPRESENTATION_CONTEXT('2D SPACE',''
  ) );
#278 = ORIENTED_EDGE('',*,*,#279,.F.);
#279 = EDGE_CURVE('',#24,#254,#280,.T.);
#280 = SURFACE_CURVE('',#281,(#286,#293),.PCURVE_S1.);
#281 = CIRCLE('',#282,13.8);
#282 = AXIS2_PLACEMENT_3D('',#283,#284,#285);
#283 = CARTESIAN_POINT('',(-60.,3.,-6.661338147751E-16));
#284 = DIRECTION('',(0.,-1.,2.22044604925E-16));
#285 = DIRECTION('',(1.,0.,0.));
#286 = PCURVE('',#32,#287);
#287 = DEFINITIONAL_REPRESENTATION('',(#288),#292);
#288 = LINE('',#289,#290);
#289 = CARTESIAN_POINT('',(0.,16.));
#290 = VECTOR('',#291,1.);
#291 = DIRECTION('',(1.,0.));
#292 = ( GEOMETRIC_REPRESENTATION_CONTEXT(2) 
PARAMETRIC_REPRESENTATION_CONTEXT() REPRESENTATION_CONTEXT('2D SPACE',''
  ) );
#293 = PCURVE('',#294,#299);
#294 = PLANE('',#295);
#295 = AXIS2_PLACEMENT_3D('',#296,#297,#298);
#296 = CARTESIAN_POINT('',(-67.11882670939,3.,-100.5589721019));
#297 = DIRECTION('',(-0.,1.,0.));
#298 = DIRECTION('',(-0.374606593416,0.,0.927183854567));
#299 = DEFINITIONAL_REPRESENTATION('',(#300),#308);
#300 = ( BOUNDED_CURVE() B_SPLINE_CURVE(2,(#301,#302,#303,#304,#305,#306
,#307),.UNSPECIFIED.,.T.,.F.) B_SPLINE_CURVE_WITH_KNOTS((1,2,2,2,2,1),(
    -2.094395102393,0.,2.094395102393,4.188790204786,6.28318530718,
8.377580409573),.UNSPECIFIED.) CURVE() GEOMETRIC_REPRESENTATION_ITEM() 
RATIONAL_B_SPLINE_CURVE((1.,0.5,1.,0.5,1.,0.5,1.)) REPRESENTATION_ITEM(
  '') );
#301 = CARTESIAN_POINT('',(85.400324952922,57.065652357963));
#302 = CARTESIAN_POINT('',(107.56215266105,66.019611964487));
#303 = CARTESIAN_POINT('',(104.23559529069,42.349926371692));
#304 = CARTESIAN_POINT('',(100.90903792034,18.680240778898));
#305 = CARTESIAN_POINT('',(82.073767582567,33.395966765169));
#306 = CARTESIAN_POINT('',(63.238497244794,48.111692751439));
#307 = CARTESIAN_POINT('',(85.400324952922,57.065652357963));
#308 = ( GEOMETRIC_REPRESENTATION_CONTEXT(2) 
PARAMETRIC_REPRESENTATION_CONTEXT() REPRESENTATION_CONTEXT('2D SPACE',''
  ) );
#309 = ADVANCED_FACE('',(#310),#43,.F.);
#310 = FACE_BOUND('',#311,.F.);
#311 = EDGE_LOOP('',(#312,#313,#335,#361));
#312 = ORIENTED_EDGE('',*,*,#21,.F.);
#313 = ORIENTED_EDGE('',*,*,#314,.T.);
#314 = EDGE_CURVE('',#22,#315,#317,.T.);
#315 = VERTEX_POINT('',#316);
#316 = CARTESIAN_POINT('',(-60.,12.,-11.4));
#317 = SURFACE_CURVE('',#318,(#322,#328),.PCURVE_S1.);
#318 = LINE('',#319,#320);
#319 = CARTESIAN_POINT('',(-60.,12.,-100.));
#320 = VECTOR('',#321,1.);
#321 = DIRECTION('',(0.,0.,1.));
#322 = PCURVE('',#43,#323);
#323 = DEFINITIONAL_REPRESENTATION('',(#324),#327);
#324 = B_SPLINE_CURVE_WITH_KNOTS('',1,(#325,#326),.UNSPECIFIED.,.F.,.F.,
  (2,2),(86.2,88.6),.PIECEWISE_BEZIER_KNOTS.);
#325 = CARTESIAN_POINT('',(12.,-13.8));
#326 = CARTESIAN_POINT('',(12.,-11.4));
#327 = ( GEOMETRIC_REPRESENTATION_CONTEXT(2) 
PARAMETRIC_REPRESENTATION_CONTEXT() REPRESENTATION_CONTEXT('2D SPACE',''
  ) );
#328 = PCURVE('',#71,#329);
#329 = DEFINITIONAL_REPRESENTATION('',(#330),#334);
#330 = LINE('',#331,#332);
#331 = CARTESIAN_POINT('',(100.,140.));
#332 = VECTOR('',#333,1.);
#333 = DIRECTION('',(1.,0.));
#334 = ( GEOMETRIC_REPRESENTATION_CONTEXT(2) 
PARAMETRIC_REPRESENTATION_CONTEXT() REPRESENTATION_CONTEXT('2D SPACE',''
  ) );
#335 = ORIENTED_EDGE('',*,*,#336,.T.);
#336 = EDGE_CURVE('',#315,#337,#339,.T.);
#337 = VERTEX_POINT('',#338);
#338 = CARTESIAN_POINT('',(-60.,3.,-11.4));
#339 = SURFACE_CURVE('',#340,(#344,#350),.PCURVE_S1.);
#340 = LINE('',#341,#342);
#341 = CARTESIAN_POINT('',(-60.,19.,-11.4));
#342 = VECTOR('',#343,1.);
#343 = DIRECTION('',(0.,-1.,2.22044604925E-16));
#344 = PCURVE('',#43,#345);
#345 = DEFINITIONAL_REPRESENTATION('',(#346),#349);
#346 = B_SPLINE_CURVE_WITH_KNOTS('',1,(#347,#348),.UNSPECIFIED.,.F.,.F.,
  (2,2),(-5.999999999062E-07,38.0000006),.PIECEWISE_BEZIER_KNOTS.);
#347 = CARTESIAN_POINT('',(19.0000006,-11.4));
#348 = CARTESIAN_POINT('',(-19.0000006,-11.4));
#349 = ( GEOMETRIC_REPRESENTATION_CONTEXT(2) 
PARAMETRIC_REPRESENTATION_CONTEXT() REPRESENTATION_CONTEXT('2D SPACE',''
  ) );
#350 = PCURVE('',#351,#356);
#351 = CYLINDRICAL_SURFACE('',#352,11.4);
#352 = AXIS2_PLACEMENT_3D('',#353,#354,#355);
#353 = CARTESIAN_POINT('',(-60.,19.,-4.218847493576E-15));
#354 = DIRECTION('',(0.,-1.,2.22044604925E-16));
#355 = DIRECTION('',(1.,0.,0.));
#356 = DEFINITIONAL_REPRESENTATION('',(#357),#360);
#357 = B_SPLINE_CURVE_WITH_KNOTS('',1,(#358,#359),.UNSPECIFIED.,.F.,.F.,
  (2,2),(5.,33.),.PIECEWISE_BEZIER_KNOTS.);
#358 = CARTESIAN_POINT('',(4.712388980385,5.));
#359 = CARTESIAN_POINT('',(4.712388980385,33.));
#360 = ( GEOMETRIC_REPRESENTATION_CONTEXT(2) 
PARAMETRIC_REPRESENTATION_CONTEXT() REPRESENTATION_CONTEXT('2D SPACE',''
  ) );
#361 = ORIENTED_EDGE('',*,*,#362,.F.);
#362 = EDGE_CURVE('',#24,#337,#363,.T.);
#363 = SURFACE_CURVE('',#364,(#368,#374),.PCURVE_S1.);
#364 = LINE('',#365,#366);
#365 = CARTESIAN_POINT('',(-60.,3.,-50.27948605099));
#366 = VECTOR('',#367,1.);
#367 = DIRECTION('',(0.,-0.,1.));
#368 = PCURVE('',#43,#369);
#369 = DEFINITIONAL_REPRESENTATION('',(#370),#373);
#370 = B_SPLINE_CURVE_WITH_KNOTS('',1,(#371,#372),.UNSPECIFIED.,.F.,.F.,
  (2,2),(36.47948605099,38.87948605099),.PIECEWISE_BEZIER_KNOTS.);
#371 = CARTESIAN_POINT('',(3.,-13.8));
#372 = CARTESIAN_POINT('',(3.,-11.4));
#373 = ( GEOMETRIC_REPRESENTATION_CONTEXT(2) 
PARAMETRIC_REPRESENTATION_CONTEXT() REPRESENTATION_CONTEXT('2D SPACE',''
  ) );
#374 = PCURVE('',#294,#375);
#375 = DEFINITIONAL_REPRESENTATION('',(#376),#379);
#376 = B_SPLINE_CURVE_WITH_KNOTS('',1,(#377,#378),.UNSPECIFIED.,.F.,.F.,
  (2,2),(36.47948605099,38.87948605099),.PIECEWISE_BEZIER_KNOTS.);
#377 = CARTESIAN_POINT('',(77.77475874904,39.100944175802));
#378 = CARTESIAN_POINT('',(80.,40.));
#379 = ( GEOMETRIC_REPRESENTATION_CONTEXT(2) 
PARAMETRIC_REPRESENTATION_CONTEXT() REPRESENTATION_CONTEXT('2D SPACE',''
  ) );
#380 = ADVANCED_FACE('',(#381),#294,.F.);
#381 = FACE_BOUND('',#382,.F.);
#382 = EDGE_LOOP('',(#383,#406,#407,#408));
#383 = ORIENTED_EDGE('',*,*,#384,.T.);
#384 = EDGE_CURVE('',#385,#254,#387,.T.);
#385 = VERTEX_POINT('',#386);
#386 = CARTESIAN_POINT('',(-52.08089457676,3.,-8.200473723861));
#387 = SURFACE_CURVE('',#388,(#392,#399),.PCURVE_S1.);
#388 = LINE('',#389,#390);
#389 = CARTESIAN_POINT('',(-97.08735418267,3.,-26.38426373663));
#390 = VECTOR('',#391,1.);
#391 = DIRECTION('',(0.927183854567,0.,0.374606593416));
#392 = PCURVE('',#294,#393);
#393 = DEFINITIONAL_REPRESENTATION('',(#394),#398);
#394 = LINE('',#395,#396);
#395 = CARTESIAN_POINT('',(80.,0.));
#396 = VECTOR('',#397,1.);
#397 = DIRECTION('',(0.,1.));
#398 = ( GEOMETRIC_REPRESENTATION_CONTEXT(2) 
PARAMETRIC_REPRESENTATION_CONTEXT() REPRESENTATION_CONTEXT('2D SPACE',''
  ) );
#399 = PCURVE('',#268,#400);
#400 = DEFINITIONAL_REPRESENTATION('',(#401),#405);
#401 = LINE('',#402,#403);
#402 = CARTESIAN_POINT('',(0.,6.));
#403 = VECTOR('',#404,1.);
#404 = DIRECTION('',(1.,0.));
#405 = ( GEOMETRIC_REPRESENTATION_CONTEXT(2) 
PARAMETRIC_REPRESENTATION_CONTEXT() REPRESENTATION_CONTEXT('2D SPACE',''
  ) );
#406 = ORIENTED_EDGE('',*,*,#279,.F.);
#407 = ORIENTED_EDGE('',*,*,#362,.T.);
#408 = ORIENTED_EDGE('',*,*,#409,.T.);
#409 = EDGE_CURVE('',#337,#385,#410,.T.);
#410 = SURFACE_CURVE('',#411,(#416,#427),.PCURVE_S1.);
#411 = CIRCLE('',#412,11.4);
#412 = AXIS2_PLACEMENT_3D('',#413,#414,#415);
#413 = CARTESIAN_POINT('',(-60.,3.,-6.661338147751E-16));
#414 = DIRECTION('',(0.,-1.,2.22044604925E-16));
#415 = DIRECTION('',(1.,0.,0.));
#416 = PCURVE('',#294,#417);
#417 = DEFINITIONAL_REPRESENTATION('',(#418),#426);
#418 = ( BOUNDED_CURVE() B_SPLINE_CURVE(2,(#419,#420,#421,#422,#423,#424
,#425),.UNSPECIFIED.,.T.,.F.) B_SPLINE_CURVE_WITH_KNOTS((1,2,2,2,2,1),(
    -2.094395102393,0.,2.094395102393,4.188790204786,6.28318530718,
8.377580409573),.UNSPECIFIED.) CURVE() GEOMETRIC_REPRESENTATION_ITEM() 
RATIONAL_B_SPLINE_CURVE((1.,0.5,1.,0.5,1.,0.5,1.)) REPRESENTATION_ITEM(
  '') );
#419 = CARTESIAN_POINT('',(86.29938077712,54.840411107003));
#420 = CARTESIAN_POINT('',(104.60697757948,62.237160347175));
#421 = CARTESIAN_POINT('',(101.85895192571,42.683941813997));
#422 = CARTESIAN_POINT('',(99.110926271944,23.130723280819));
#423 = CARTESIAN_POINT('',(83.551355123349,35.287192573825));
#424 = CARTESIAN_POINT('',(67.991783974754,47.443661866831));
#425 = CARTESIAN_POINT('',(86.29938077712,54.840411107003));
#426 = ( GEOMETRIC_REPRESENTATION_CONTEXT(2) 
PARAMETRIC_REPRESENTATION_CONTEXT() REPRESENTATION_CONTEXT('2D SPACE',''
  ) );
#427 = PCURVE('',#351,#428);
#428 = DEFINITIONAL_REPRESENTATION('',(#429),#433);
#429 = LINE('',#430,#431);
#430 = CARTESIAN_POINT('',(0.,16.));
#431 = VECTOR('',#432,1.);
#432 = DIRECTION('',(1.,0.));
#433 = ( GEOMETRIC_REPRESENTATION_CONTEXT(2) 
PARAMETRIC_REPRESENTATION_CONTEXT() REPRESENTATION_CONTEXT('2D SPACE',''
  ) );
#434 = ADVANCED_FACE('',(#435),#268,.F.);
#435 = FACE_BOUND('',#436,.F.);
#436 = EDGE_LOOP('',(#437,#438,#459,#480));
#437 = ORIENTED_EDGE('',*,*,#384,.F.);
#438 = ORIENTED_EDGE('',*,*,#439,.T.);
#439 = EDGE_CURVE('',#385,#440,#442,.T.);
#440 = VERTEX_POINT('',#441);
#441 = CARTESIAN_POINT('',(-52.08089457676,-3.,-8.200473723861));
#442 = SURFACE_CURVE('',#443,(#447,#453),.PCURVE_S1.);
#443 = LINE('',#444,#445);
#444 = CARTESIAN_POINT('',(-52.08089457676,19.,-8.200473723861));
#445 = VECTOR('',#446,1.);
#446 = DIRECTION('',(0.,-1.,2.22044604925E-16));
#447 = PCURVE('',#268,#448);
#448 = DEFINITIONAL_REPRESENTATION('',(#449),#452);
#449 = B_SPLINE_CURVE_WITH_KNOTS('',1,(#450,#451),.UNSPECIFIED.,.F.,.F.,
  (2,2),(15.4,22.6),.PIECEWISE_BEZIER_KNOTS.);
#450 = CARTESIAN_POINT('',(48.541030329883,6.6));
#451 = CARTESIAN_POINT('',(48.541030329883,-0.6));
#452 = ( GEOMETRIC_REPRESENTATION_CONTEXT(2) 
PARAMETRIC_REPRESENTATION_CONTEXT() REPRESENTATION_CONTEXT('2D SPACE',''
  ) );
#453 = PCURVE('',#351,#454);
#454 = DEFINITIONAL_REPRESENTATION('',(#455),#458);
#455 = B_SPLINE_CURVE_WITH_KNOTS('',1,(#456,#457),.UNSPECIFIED.,.F.,.F.,
  (2,2),(15.4,22.6),.PIECEWISE_BEZIER_KNOTS.);
#456 = CARTESIAN_POINT('',(5.480333851262,15.4));
#457 = CARTESIAN_POINT('',(5.480333851262,22.6));
#458 = ( GEOMETRIC_REPRESENTATION_CONTEXT(2) 
PARAMETRIC_REPRESENTATION_CONTEXT() REPRESENTATION_CONTEXT('2D SPACE',''
  ) );
#459 = ORIENTED_EDGE('',*,*,#460,.T.);
#460 = EDGE_CURVE('',#440,#221,#461,.T.);
#461 = SURFACE_CURVE('',#462,(#466,#473),.PCURVE_S1.);
#462 = LINE('',#463,#464);
#463 = CARTESIAN_POINT('',(-97.08735418267,-3.,-26.38426373663));
#464 = VECTOR('',#465,1.);
#465 = DIRECTION('',(0.927183854567,0.,0.374606593416));
#466 = PCURVE('',#268,#467);
#467 = DEFINITIONAL_REPRESENTATION('',(#468),#472);
#468 = LINE('',#469,#470);
#469 = CARTESIAN_POINT('',(0.,0.));
#470 = VECTOR('',#471,1.);
#471 = DIRECTION('',(1.,0.));
#472 = ( GEOMETRIC_REPRESENTATION_CONTEXT(2) 
PARAMETRIC_REPRESENTATION_CONTEXT() REPRESENTATION_CONTEXT('2D SPACE',''
  ) );
#473 = PCURVE('',#237,#474);
#474 = DEFINITIONAL_REPRESENTATION('',(#475),#479);
#475 = LINE('',#476,#477);
#476 = CARTESIAN_POINT('',(80.,0.));
#477 = VECTOR('',#478,1.);
#478 = DIRECTION('',(0.,1.));
#479 = ( GEOMETRIC_REPRESENTATION_CONTEXT(2) 
PARAMETRIC_REPRESENTATION_CONTEXT() REPRESENTATION_CONTEXT('2D SPACE',''
  ) );
#480 = ORIENTED_EDGE('',*,*,#253,.F.);
#481 = ADVANCED_FACE('',(#482),#237,.T.);
#482 = FACE_BOUND('',#483,.T.);
#483 = EDGE_LOOP('',(#484,#485,#486,#507));
#484 = ORIENTED_EDGE('',*,*,#460,.T.);
#485 = ORIENTED_EDGE('',*,*,#220,.F.);
#486 = ORIENTED_EDGE('',*,*,#487,.T.);
#487 = EDGE_CURVE('',#195,#488,#490,.T.);
#488 = VERTEX_POINT('',#489);
#489 = CARTESIAN_POINT('',(-60.,-3.,-11.4));
#490 = SURFACE_CURVE('',#491,(#495,#501),.PCURVE_S1.);
#491 = LINE('',#492,#493);
#492 = CARTESIAN_POINT('',(-60.,-3.,-50.27948605099));
#493 = VECTOR('',#494,1.);
#494 = DIRECTION('',(0.,-0.,1.));
#495 = PCURVE('',#237,#496);
#496 = DEFINITIONAL_REPRESENTATION('',(#497),#500);
#497 = B_SPLINE_CURVE_WITH_KNOTS('',1,(#498,#499),.UNSPECIFIED.,.F.,.F.,
  (2,2),(36.47948605099,38.87948605099),.PIECEWISE_BEZIER_KNOTS.);
#498 = CARTESIAN_POINT('',(77.77475874904,39.100944175802));
#499 = CARTESIAN_POINT('',(80.,40.));
#500 = ( GEOMETRIC_REPRESENTATION_CONTEXT(2) 
PARAMETRIC_REPRESENTATION_CONTEXT() REPRESENTATION_CONTEXT('2D SPACE',''
  ) );
#501 = PCURVE('',#209,#502);
#502 = DEFINITIONAL_REPRESENTATION('',(#503),#506);
#503 = B_SPLINE_CURVE_WITH_KNOTS('',1,(#504,#505),.UNSPECIFIED.,.F.,.F.,
  (2,2),(36.47948605099,38.87948605099),.PIECEWISE_BEZIER_KNOTS.);
#504 = CARTESIAN_POINT('',(-3.,-13.8));
#505 = CARTESIAN_POINT('',(-3.,-11.4));
#506 = ( GEOMETRIC_REPRESENTATION_CONTEXT(2) 
PARAMETRIC_REPRESENTATION_CONTEXT() REPRESENTATION_CONTEXT('2D SPACE',''
  ) );
#507 = ORIENTED_EDGE('',*,*,#508,.T.);
#508 = EDGE_CURVE('',#488,#440,#509,.T.);
#509 = SURFACE_CURVE('',#510,(#515,#526),.PCURVE_S1.);
#510 = CIRCLE('',#511,11.4);
#511 = AXIS2_PLACEMENT_3D('',#512,#513,#514);
#512 = CARTESIAN_POINT('',(-60.,-3.,6.661338147751E-16));
#513 = DIRECTION('',(0.,-1.,2.22044604925E-16));
#514 = DIRECTION('',(1.,0.,0.));
#515 = PCURVE('',#237,#516);
#516 = DEFINITIONAL_REPRESENTATION('',(#517),#525);
#517 = ( BOUNDED_CURVE() B_SPLINE_CURVE(2,(#518,#519,#520,#521,#522,#523
,#524),.UNSPECIFIED.,.T.,.F.) B_SPLINE_CURVE_WITH_KNOTS((1,2,2,2,2,1),(
    -2.094395102393,0.,2.094395102393,4.188790204786,6.28318530718,
8.377580409573),.UNSPECIFIED.) CURVE() GEOMETRIC_REPRESENTATION_ITEM() 
RATIONAL_B_SPLINE_CURVE((1.,0.5,1.,0.5,1.,0.5,1.)) REPRESENTATION_ITEM(
  '') );
#518 = CARTESIAN_POINT('',(86.29938077712,54.840411107003));
#519 = CARTESIAN_POINT('',(104.60697757948,62.237160347175));
#520 = CARTESIAN_POINT('',(101.85895192571,42.683941813997));
#521 = CARTESIAN_POINT('',(99.110926271944,23.130723280819));
#522 = CARTESIAN_POINT('',(83.551355123349,35.287192573825));
#523 = CARTESIAN_POINT('',(67.991783974754,47.443661866831));
#524 = CARTESIAN_POINT('',(86.29938077712,54.840411107003));
#525 = ( GEOMETRIC_REPRESENTATION_CONTEXT(2) 
PARAMETRIC_REPRESENTATION_CONTEXT() REPRESENTATION_CONTEXT('2D SPACE',''
  ) );
#526 = PCURVE('',#351,#527);
#527 = DEFINITIONAL_REPRESENTATION('',(#528),#532);
#528 = LINE('',#529,#530);
#529 = CARTESIAN_POINT('',(0.,22.));
#530 = VECTOR('',#531,1.);
#531 = DIRECTION('',(1.,0.));
#532 = ( GEOMETRIC_REPRESENTATION_CONTEXT(2) 
PARAMETRIC_REPRESENTATION_CONTEXT() REPRESENTATION_CONTEXT('2D SPACE',''
  ) );
#533 = ADVANCED_FACE('',(#534),#209,.F.);
#534 = FACE_BOUND('',#535,.F.);
#535 = EDGE_LOOP('',(#536,#537,#538,#559));
#536 = ORIENTED_EDGE('',*,*,#194,.F.);
#537 = ORIENTED_EDGE('',*,*,#487,.T.);
#538 = ORIENTED_EDGE('',*,*,#539,.T.);
#539 = EDGE_CURVE('',#488,#540,#542,.T.);
#540 = VERTEX_POINT('',#541);
#541 = CARTESIAN_POINT('',(-60.,-12.,-11.4));
#542 = SURFACE_CURVE('',#543,(#547,#553),.PCURVE_S1.);
#543 = LINE('',#544,#545);
#544 = CARTESIAN_POINT('',(-60.,19.,-11.4));
#545 = VECTOR('',#546,1.);
#546 = DIRECTION('',(0.,-1.,2.22044604925E-16));
#547 = PCURVE('',#209,#548);
#548 = DEFINITIONAL_REPRESENTATION('',(#549),#552);
#549 = B_SPLINE_CURVE_WITH_KNOTS('',1,(#550,#551),.UNSPECIFIED.,.F.,.F.,
  (2,2),(-5.999999999062E-07,38.0000006),.PIECEWISE_BEZIER_KNOTS.);
#550 = CARTESIAN_POINT('',(19.0000006,-11.4));
#551 = CARTESIAN_POINT('',(-19.0000006,-11.4));
#552 = ( GEOMETRIC_REPRESENTATION_CONTEXT(2) 
PARAMETRIC_REPRESENTATION_CONTEXT() REPRESENTATION_CONTEXT('2D SPACE',''
  ) );
#553 = PCURVE('',#351,#554);
#554 = DEFINITIONAL_REPRESENTATION('',(#555),#558);
#555 = B_SPLINE_CURVE_WITH_KNOTS('',1,(#556,#557),.UNSPECIFIED.,.F.,.F.,
  (2,2),(5.,33.),.PIECEWISE_BEZIER_KNOTS.);
#556 = CARTESIAN_POINT('',(4.712388980385,5.));
#557 = CARTESIAN_POINT('',(4.712388980385,33.));
#558 = ( GEOMETRIC_REPRESENTATION_CONTEXT(2) 
PARAMETRIC_REPRESENTATION_CONTEXT() REPRESENTATION_CONTEXT('2D SPACE',''
  ) );
#559 = ORIENTED_EDGE('',*,*,#560,.F.);
#560 = EDGE_CURVE('',#162,#540,#561,.T.);
#561 = SURFACE_CURVE('',#562,(#566,#572),.PCURVE_S1.);
#562 = LINE('',#563,#564);
#563 = CARTESIAN_POINT('',(-60.,-12.,-100.));
#564 = VECTOR('',#565,1.);
#565 = DIRECTION('',(0.,0.,1.));
#566 = PCURVE('',#209,#567);
#567 = DEFINITIONAL_REPRESENTATION('',(#568),#571);
#568 = B_SPLINE_CURVE_WITH_KNOTS('',1,(#569,#570),.UNSPECIFIED.,.F.,.F.,
  (2,2),(86.2,88.6),.PIECEWISE_BEZIER_KNOTS.);
#569 = CARTESIAN_POINT('',(-12.,-13.8));
#570 = CARTESIAN_POINT('',(-12.,-11.4));
#571 = ( GEOMETRIC_REPRESENTATION_CONTEXT(2) 
PARAMETRIC_REPRESENTATION_CONTEXT() REPRESENTATION_CONTEXT('2D SPACE',''
  ) );
#572 = PCURVE('',#178,#573);
#573 = DEFINITIONAL_REPRESENTATION('',(#574),#578);
#574 = LINE('',#575,#576);
#575 = CARTESIAN_POINT('',(100.,140.));
#576 = VECTOR('',#577,1.);
#577 = DIRECTION('',(1.,0.));
#578 = ( GEOMETRIC_REPRESENTATION_CONTEXT(2) 
PARAMETRIC_REPRESENTATION_CONTEXT() REPRESENTATION_CONTEXT('2D SPACE',''
  ) );
#579 = ADVANCED_FACE('',(#580),#178,.F.);
#580 = FACE_BOUND('',#581,.F.);
#581 = EDGE_LOOP('',(#582,#583,#584,#612,#640,#668,#696,#723));
#582 = ORIENTED_EDGE('',*,*,#161,.F.);
#583 = ORIENTED_EDGE('',*,*,#560,.T.);
#584 = ORIENTED_EDGE('',*,*,#585,.T.);
#585 = EDGE_CURVE('',#540,#586,#588,.T.);
#586 = VERTEX_POINT('',#587);
#587 = CARTESIAN_POINT('',(-60.,-12.,11.4));
#588 = SURFACE_CURVE('',#589,(#594,#605),.PCURVE_S1.);
#589 = CIRCLE('',#590,11.4);
#590 = AXIS2_PLACEMENT_3D('',#591,#592,#593);
#591 = CARTESIAN_POINT('',(-60.,-12.,2.6645352591E-15));
#592 = DIRECTION('',(0.,-1.,2.22044604925E-16));
#593 = DIRECTION('',(1.,0.,0.));
#594 = PCURVE('',#178,#595);
#595 = DEFINITIONAL_REPRESENTATION('',(#596),#604);
#596 = ( BOUNDED_CURVE() B_SPLINE_CURVE(2,(#597,#598,#599,#600,#601,#602
,#603),.UNSPECIFIED.,.T.,.F.) B_SPLINE_CURVE_WITH_KNOTS((1,2,2,2,2,1),(
    -2.094395102393,0.,2.094395102393,4.188790204786,6.28318530718,
8.377580409573),.UNSPECIFIED.) CURVE() GEOMETRIC_REPRESENTATION_ITEM() 
RATIONAL_B_SPLINE_CURVE((1.,0.5,1.,0.5,1.,0.5,1.)) REPRESENTATION_ITEM(
  '') );
#597 = CARTESIAN_POINT('',(200.,151.4));
#598 = CARTESIAN_POINT('',(219.74537920628,151.4));
#599 = CARTESIAN_POINT('',(209.87268960314,134.3));
#600 = CARTESIAN_POINT('',(200.,117.2));
#601 = CARTESIAN_POINT('',(190.12731039685,134.3));
#602 = CARTESIAN_POINT('',(180.25462079371,151.4));
#603 = CARTESIAN_POINT('',(200.,151.4));
#604 = ( GEOMETRIC_REPRESENTATION_CONTEXT(2) 
PARAMETRIC_REPRESENTATION_CONTEXT() REPRESENTATION_CONTEXT('2D SPACE',''
  ) );
#605 = PCURVE('',#351,#606);
#606 = DEFINITIONAL_REPRESENTATION('',(#607),#611);
#607 = LINE('',#608,#609);
#608 = CARTESIAN_POINT('',(0.,31.));
#609 = VECTOR('',#610,1.);
#610 = DIRECTION('',(1.,0.));
#611 = ( GEOMETRIC_REPRESENTATION_CONTEXT(2) 
PARAMETRIC_REPRESENTATION_CONTEXT() REPRESENTATION_CONTEXT('2D SPACE',''
  ) );
#612 = ORIENTED_EDGE('',*,*,#613,.F.);
#613 = EDGE_CURVE('',#614,#586,#616,.T.);
#614 = VERTEX_POINT('',#615);
#615 = CARTESIAN_POINT('',(-60.,-12.,13.8));
#616 = SURFACE_CURVE('',#617,(#621,#628),.PCURVE_S1.);
#617 = LINE('',#618,#619);
#618 = CARTESIAN_POINT('',(-60.,-12.,13.8));
#619 = VECTOR('',#620,1.);
#620 = DIRECTION('',(0.,0.,-1.));
#621 = PCURVE('',#178,#622);
#622 = DEFINITIONAL_REPRESENTATION('',(#623),#627);
#623 = LINE('',#624,#625);
#624 = CARTESIAN_POINT('',(213.8,140.));
#625 = VECTOR('',#626,1.);
#626 = DIRECTION('',(-1.,0.));
#627 = ( GEOMETRIC_REPRESENTATION_CONTEXT(2) 
PARAMETRIC_REPRESENTATION_CONTEXT() REPRESENTATION_CONTEXT('2D SPACE',''
  ) );
#628 = PCURVE('',#629,#634);
#629 = PLANE('',#630);
#630 = AXIS2_PLACEMENT_3D('',#631,#632,#633);
#631 = CARTESIAN_POINT('',(-60.,1.480297366167E-16,9.080106438912E-16));
#632 = DIRECTION('',(1.,0.,0.));
#633 = DIRECTION('',(0.,1.,0.));
#634 = DEFINITIONAL_REPRESENTATION('',(#635),#639);
#635 = LINE('',#636,#637);
#636 = CARTESIAN_POINT('',(-12.,13.8));
#637 = VECTOR('',#638,1.);
#638 = DIRECTION('',(0.,-1.));
#639 = ( GEOMETRIC_REPRESENTATION_CONTEXT(2) 
PARAMETRIC_REPRESENTATION_CONTEXT() REPRESENTATION_CONTEXT('2D SPACE',''
  ) );
#640 = ORIENTED_EDGE('',*,*,#641,.T.);
#641 = EDGE_CURVE('',#614,#642,#644,.T.);
#642 = VERTEX_POINT('',#643);
#643 = CARTESIAN_POINT('',(-12.04159457879,-12.,13.8));
#644 = SURFACE_CURVE('',#645,(#649,#656),.PCURVE_S1.);
#645 = LINE('',#646,#647);
#646 = CARTESIAN_POINT('',(-60.,-12.,13.8));
#647 = VECTOR('',#648,1.);
#648 = DIRECTION('',(1.,0.,0.));
#649 = PCURVE('',#178,#650);
#650 = DEFINITIONAL_REPRESENTATION('',(#651),#655);
#651 = LINE('',#652,#653);
#652 = CARTESIAN_POINT('',(213.8,140.));
#653 = VECTOR('',#654,1.);
#654 = DIRECTION('',(0.,1.));
#655 = ( GEOMETRIC_REPRESENTATION_CONTEXT(2) 
PARAMETRIC_REPRESENTATION_CONTEXT() REPRESENTATION_CONTEXT('2D SPACE',''
  ) );
#656 = PCURVE('',#657,#662);
#657 = PLANE('',#658);
#658 = AXIS2_PLACEMENT_3D('',#659,#660,#661);
#659 = CARTESIAN_POINT('',(-60.,-12.,13.8));
#660 = DIRECTION('',(0.,0.,1.));
#661 = DIRECTION('',(1.,0.,0.));
#662 = DEFINITIONAL_REPRESENTATION('',(#663),#667);
#663 = LINE('',#664,#665);
#664 = CARTESIAN_POINT('',(0.,0.));
#665 = VECTOR('',#666,1.);
#666 = DIRECTION('',(1.,0.));
#667 = ( GEOMETRIC_REPRESENTATION_CONTEXT(2) 
PARAMETRIC_REPRESENTATION_CONTEXT() REPRESENTATION_CONTEXT('2D SPACE',''
  ) );
#668 = ORIENTED_EDGE('',*,*,#669,.F.);
#669 = EDGE_CURVE('',#670,#642,#672,.T.);
#670 = VERTEX_POINT('',#671);
#671 = CARTESIAN_POINT('',(-12.04159457879,-12.,10.8));
#672 = SURFACE_CURVE('',#673,(#677,#684),.PCURVE_S1.);
#673 = LINE('',#674,#675);
#674 = CARTESIAN_POINT('',(-12.04159457879,-12.,7.8));
#675 = VECTOR('',#676,1.);
#676 = DIRECTION('',(0.,0.,1.));
#677 = PCURVE('',#178,#678);
#678 = DEFINITIONAL_REPRESENTATION('',(#679),#683);
#679 = LINE('',#680,#681);
#680 = CARTESIAN_POINT('',(207.8,187.9584054212));
#681 = VECTOR('',#682,1.);
#682 = DIRECTION('',(1.,0.));
#683 = ( GEOMETRIC_REPRESENTATION_CONTEXT(2) 
PARAMETRIC_REPRESENTATION_CONTEXT() REPRESENTATION_CONTEXT('2D SPACE',''
  ) );
#684 = PCURVE('',#685,#690);
#685 = CYLINDRICAL_SURFACE('',#686,17.);
#686 = AXIS2_PLACEMENT_3D('',#687,#688,#689);
#687 = CARTESIAN_POINT('',(0.,0.,10.8));
#688 = DIRECTION('',(0.,0.,1.));
#689 = DIRECTION('',(1.,0.,0.));
#690 = DEFINITIONAL_REPRESENTATION('',(#691),#695);
#691 = LINE('',#692,#693);
#692 = CARTESIAN_POINT('',(3.925260709729,-3.));
#693 = VECTOR('',#694,1.);
#694 = DIRECTION('',(0.,1.));
#695 = ( GEOMETRIC_REPRESENTATION_CONTEXT(2) 
PARAMETRIC_REPRESENTATION_CONTEXT() REPRESENTATION_CONTEXT('2D SPACE',''
  ) );
#696 = ORIENTED_EDGE('',*,*,#697,.F.);
#697 = EDGE_CURVE('',#698,#670,#700,.T.);
#698 = VERTEX_POINT('',#699);
#699 = CARTESIAN_POINT('',(-12.04159457879,-12.,7.8));
#700 = SURFACE_CURVE('',#701,(#705,#712),.PCURVE_S1.);
#701 = LINE('',#702,#703);
#702 = CARTESIAN_POINT('',(-12.04159457879,-12.,7.8));
#703 = VECTOR('',#704,1.);
#704 = DIRECTION('',(0.,0.,1.));
#705 = PCURVE('',#178,#706);
#706 = DEFINITIONAL_REPRESENTATION('',(#707),#711);
#707 = LINE('',#708,#709);
#708 = CARTESIAN_POINT('',(207.8,187.9584054212));
#709 = VECTOR('',#710,1.);
#710 = DIRECTION('',(1.,0.));
#711 = ( GEOMETRIC_REPRESENTATION_CONTEXT(2) 
PARAMETRIC_REPRESENTATION_CONTEXT() REPRESENTATION_CONTEXT('2D SPACE',''
  ) );
#712 = PCURVE('',#713,#718);
#713 = CYLINDRICAL_SURFACE('',#714,17.);
#714 = AXIS2_PLACEMENT_3D('',#715,#716,#717);
#715 = CARTESIAN_POINT('',(0.,0.,7.8));
#716 = DIRECTION('',(0.,0.,1.));
#717 = DIRECTION('',(1.,0.,0.));
#718 = DEFINITIONAL_REPRESENTATION('',(#719),#722);
#719 = B_SPLINE_CURVE_WITH_KNOTS('',1,(#720,#721),.UNSPECIFIED.,.F.,.F.,
  (2,2),(-2.399999999625E-06,6.0000024),.PIECEWISE_BEZIER_KNOTS.);
#720 = CARTESIAN_POINT('',(3.925260709729,-2.399999999625E-06));
#721 = CARTESIAN_POINT('',(3.925260709729,6.0000024));
#722 = ( GEOMETRIC_REPRESENTATION_CONTEXT(2) 
PARAMETRIC_REPRESENTATION_CONTEXT() REPRESENTATION_CONTEXT('2D SPACE',''
  ) );
#723 = ORIENTED_EDGE('',*,*,#724,.F.);
#724 = EDGE_CURVE('',#141,#698,#725,.T.);
#725 = SURFACE_CURVE('',#726,(#730,#737),.PCURVE_S1.);
#726 = LINE('',#727,#728);
#727 = CARTESIAN_POINT('',(-60.,-12.,7.8));
#728 = VECTOR('',#729,1.);
#729 = DIRECTION('',(1.,0.,0.));
#730 = PCURVE('',#178,#731);
#731 = DEFINITIONAL_REPRESENTATION('',(#732),#736);
#732 = LINE('',#733,#734);
#733 = CARTESIAN_POINT('',(207.8,140.));
#734 = VECTOR('',#735,1.);
#735 = DIRECTION('',(0.,1.));
#736 = ( GEOMETRIC_REPRESENTATION_CONTEXT(2) 
PARAMETRIC_REPRESENTATION_CONTEXT() REPRESENTATION_CONTEXT('2D SPACE',''
  ) );
#737 = PCURVE('',#102,#738);
#738 = DEFINITIONAL_REPRESENTATION('',(#739),#743);
#739 = LINE('',#740,#741);
#740 = CARTESIAN_POINT('',(0.,0.));
#741 = VECTOR('',#742,1.);
#742 = DIRECTION('',(1.,0.));
#743 = ( GEOMETRIC_REPRESENTATION_CONTEXT(2) 
PARAMETRIC_REPRESENTATION_CONTEXT() REPRESENTATION_CONTEXT('2D SPACE',''
  ) );
#744 = ADVANCED_FACE('',(#745,#1085,#1191,#1297),#102,.F.);
#745 = FACE_BOUND('',#746,.F.);
#746 = EDGE_LOOP('',(#747,#770,#771,#798,#824,#849,#850,#851,#875,#903,
    #929,#956,#982,#1009,#1030,#1058));
#747 = ORIENTED_EDGE('',*,*,#748,.F.);
#748 = EDGE_CURVE('',#55,#749,#751,.T.);
#749 = VERTEX_POINT('',#750);
#750 = CARTESIAN_POINT('',(-12.04159457879,12.,7.8));
#751 = SURFACE_CURVE('',#752,(#756,#763),.PCURVE_S1.);
#752 = LINE('',#753,#754);
#753 = CARTESIAN_POINT('',(-60.,12.,7.8));
#754 = VECTOR('',#755,1.);
#755 = DIRECTION('',(1.,0.,0.));
#756 = PCURVE('',#102,#757);
#757 = DEFINITIONAL_REPRESENTATION('',(#758),#762);
#758 = LINE('',#759,#760);
#759 = CARTESIAN_POINT('',(0.,24.));
#760 = VECTOR('',#761,1.);
#761 = DIRECTION('',(1.,0.));
#762 = ( GEOMETRIC_REPRESENTATION_CONTEXT(2) 
PARAMETRIC_REPRESENTATION_CONTEXT() REPRESENTATION_CONTEXT('2D SPACE',''
  ) );
#763 = PCURVE('',#71,#764);
#764 = DEFINITIONAL_REPRESENTATION('',(#765),#769);
#765 = LINE('',#766,#767);
#766 = CARTESIAN_POINT('',(207.8,140.));
#767 = VECTOR('',#768,1.);
#768 = DIRECTION('',(0.,1.));
#769 = ( GEOMETRIC_REPRESENTATION_CONTEXT(2) 
PARAMETRIC_REPRESENTATION_CONTEXT() REPRESENTATION_CONTEXT('2D SPACE',''
  ) );
#770 = ORIENTED_EDGE('',*,*,#87,.T.);
#771 = ORIENTED_EDGE('',*,*,#772,.T.);
#772 = EDGE_CURVE('',#88,#773,#775,.T.);
#773 = VERTEX_POINT('',#774);
#774 = CARTESIAN_POINT('',(-45.2,3.,7.8));
#775 = SURFACE_CURVE('',#776,(#780,#786),.PCURVE_S1.);
#776 = LINE('',#777,#778);
#777 = CARTESIAN_POINT('',(-36.13810984839,3.,7.8));
#778 = VECTOR('',#779,1.);
#779 = DIRECTION('',(1.,0.,0.));
#780 = PCURVE('',#102,#781);
#781 = DEFINITIONAL_REPRESENTATION('',(#782),#785);
#782 = B_SPLINE_CURVE_WITH_KNOTS('',1,(#783,#784),.UNSPECIFIED.,.F.,.F.,
  (2,2),(-12.47769057499,-7.941999431659),.PIECEWISE_BEZIER_KNOTS.);
#783 = CARTESIAN_POINT('',(11.384199576606,15.));
#784 = CARTESIAN_POINT('',(15.919890719941,15.));
#785 = ( GEOMETRIC_REPRESENTATION_CONTEXT(2) 
PARAMETRIC_REPRESENTATION_CONTEXT() REPRESENTATION_CONTEXT('2D SPACE',''
  ) );
#786 = PCURVE('',#787,#792);
#787 = PLANE('',#788);
#788 = AXIS2_PLACEMENT_3D('',#789,#790,#791);
#789 = CARTESIAN_POINT('',(-12.27621969679,3.,-3.310124779464));
#790 = DIRECTION('',(0.,1.,0.));
#791 = DIRECTION('',(-0.292371704723,-0.,-0.956304755963));
#792 = DEFINITIONAL_REPRESENTATION('',(#793),#797);
#793 = LINE('',#794,#795);
#794 = CARTESIAN_POINT('',(-3.648123664414,26.067525159698));
#795 = VECTOR('',#796,1.);
#796 = DIRECTION('',(-0.292371704723,-0.956304755963));
#797 = ( GEOMETRIC_REPRESENTATION_CONTEXT(2) 
PARAMETRIC_REPRESENTATION_CONTEXT() REPRESENTATION_CONTEXT('2D SPACE',''
  ) );
#798 = ORIENTED_EDGE('',*,*,#799,.F.);
#799 = EDGE_CURVE('',#800,#773,#802,.T.);
#800 = VERTEX_POINT('',#801);
#801 = CARTESIAN_POINT('',(-45.2,-3.,7.8));
#802 = SURFACE_CURVE('',#803,(#807,#813),.PCURVE_S1.);
#803 = LINE('',#804,#805);
#804 = CARTESIAN_POINT('',(-45.2,-8.5,7.8));
#805 = VECTOR('',#806,1.);
#806 = DIRECTION('',(0.,1.,0.));
#807 = PCURVE('',#102,#808);
#808 = DEFINITIONAL_REPRESENTATION('',(#809),#812);
#809 = B_SPLINE_CURVE_WITH_KNOTS('',1,(#810,#811),.UNSPECIFIED.,.F.,.F.,
  (2,2),(5.5,11.5),.PIECEWISE_BEZIER_KNOTS.);
#810 = CARTESIAN_POINT('',(14.8,9.));
#811 = CARTESIAN_POINT('',(14.8,15.));
#812 = ( GEOMETRIC_REPRESENTATION_CONTEXT(2) 
PARAMETRIC_REPRESENTATION_CONTEXT() REPRESENTATION_CONTEXT('2D SPACE',''
  ) );
#813 = PCURVE('',#814,#819);
#814 = PLANE('',#815);
#815 = AXIS2_PLACEMENT_3D('',#816,#817,#818);
#816 = CARTESIAN_POINT('',(-7.2,-5.,-58.01793068761));
#817 = DIRECTION('',(-0.866025403784,-0.,-0.5));
#818 = DIRECTION('',(0.5,0.,-0.866025403784));
#819 = DEFINITIONAL_REPRESENTATION('',(#820),#823);
#820 = B_SPLINE_CURVE_WITH_KNOTS('',1,(#821,#822),.UNSPECIFIED.,.F.,.F.,
  (2,2),(5.5,11.5),.PIECEWISE_BEZIER_KNOTS.);
#821 = CARTESIAN_POINT('',(-76.,-2.));
#822 = CARTESIAN_POINT('',(-76.,-8.));
#823 = ( GEOMETRIC_REPRESENTATION_CONTEXT(2) 
PARAMETRIC_REPRESENTATION_CONTEXT() REPRESENTATION_CONTEXT('2D SPACE',''
  ) );
#824 = ORIENTED_EDGE('',*,*,#825,.F.);
#825 = EDGE_CURVE('',#114,#800,#826,.T.);
#826 = SURFACE_CURVE('',#827,(#831,#837),.PCURVE_S1.);
#827 = LINE('',#828,#829);
#828 = CARTESIAN_POINT('',(-36.13810984839,-3.,7.8));
#829 = VECTOR('',#830,1.);
#830 = DIRECTION('',(1.,0.,0.));
#831 = PCURVE('',#102,#832);
#832 = DEFINITIONAL_REPRESENTATION('',(#833),#836);
#833 = B_SPLINE_CURVE_WITH_KNOTS('',1,(#834,#835),.UNSPECIFIED.,.F.,.F.,
  (2,2),(-12.47769057499,-7.941999431659),.PIECEWISE_BEZIER_KNOTS.);
#834 = CARTESIAN_POINT('',(11.384199576606,9.));
#835 = CARTESIAN_POINT('',(15.919890719941,9.));
#836 = ( GEOMETRIC_REPRESENTATION_CONTEXT(2) 
PARAMETRIC_REPRESENTATION_CONTEXT() REPRESENTATION_CONTEXT('2D SPACE',''
  ) );
#837 = PCURVE('',#838,#843);
#838 = PLANE('',#839);
#839 = AXIS2_PLACEMENT_3D('',#840,#841,#842);
#840 = CARTESIAN_POINT('',(-12.27621969679,-3.,-3.310124779464));
#841 = DIRECTION('',(0.,1.,0.));
#842 = DIRECTION('',(-0.292371704723,-0.,-0.956304755963));
#843 = DEFINITIONAL_REPRESENTATION('',(#844),#848);
#844 = LINE('',#845,#846);
#845 = CARTESIAN_POINT('',(-3.648123664414,26.067525159698));
#846 = VECTOR('',#847,1.);
#847 = DIRECTION('',(-0.292371704723,-0.956304755963));
#848 = ( GEOMETRIC_REPRESENTATION_CONTEXT(2) 
PARAMETRIC_REPRESENTATION_CONTEXT() REPRESENTATION_CONTEXT('2D SPACE',''
  ) );
#849 = ORIENTED_EDGE('',*,*,#140,.T.);
#850 = ORIENTED_EDGE('',*,*,#724,.T.);
#851 = ORIENTED_EDGE('',*,*,#852,.T.);
#852 = EDGE_CURVE('',#698,#853,#855,.T.);
#853 = VERTEX_POINT('',#854);
#854 = CARTESIAN_POINT('',(12.041594578792,-12.,7.8));
#855 = SURFACE_CURVE('',#856,(#861,#868),.PCURVE_S1.);
#856 = CIRCLE('',#857,17.);
#857 = AXIS2_PLACEMENT_3D('',#858,#859,#860);
#858 = CARTESIAN_POINT('',(0.,0.,7.8));
#859 = DIRECTION('',(0.,0.,1.));
#860 = DIRECTION('',(1.,0.,0.));
#861 = PCURVE('',#102,#862);
#862 = DEFINITIONAL_REPRESENTATION('',(#863),#867);
#863 = CIRCLE('',#864,17.);
#864 = AXIS2_PLACEMENT_2D('',#865,#866);
#865 = CARTESIAN_POINT('',(60.,12.));
#866 = DIRECTION('',(1.,0.));
#867 = ( GEOMETRIC_REPRESENTATION_CONTEXT(2) 
PARAMETRIC_REPRESENTATION_CONTEXT() REPRESENTATION_CONTEXT('2D SPACE',''
  ) );
#868 = PCURVE('',#713,#869);
#869 = DEFINITIONAL_REPRESENTATION('',(#870),#874);
#870 = LINE('',#871,#872);
#871 = CARTESIAN_POINT('',(0.,0.));
#872 = VECTOR('',#873,1.);
#873 = DIRECTION('',(1.,0.));
#874 = ( GEOMETRIC_REPRESENTATION_CONTEXT(2) 
PARAMETRIC_REPRESENTATION_CONTEXT() REPRESENTATION_CONTEXT('2D SPACE',''
  ) );
#875 = ORIENTED_EDGE('',*,*,#876,.T.);
#876 = EDGE_CURVE('',#853,#877,#879,.T.);
#877 = VERTEX_POINT('',#878);
#878 = CARTESIAN_POINT('',(48.615800423394,-12.,7.8));
#879 = SURFACE_CURVE('',#880,(#884,#891),.PCURVE_S1.);
#880 = LINE('',#881,#882);
#881 = CARTESIAN_POINT('',(-60.,-12.,7.8));
#882 = VECTOR('',#883,1.);
#883 = DIRECTION('',(1.,0.,0.));
#884 = PCURVE('',#102,#885);
#885 = DEFINITIONAL_REPRESENTATION('',(#886),#890);
#886 = LINE('',#887,#888);
#887 = CARTESIAN_POINT('',(0.,0.));
#888 = VECTOR('',#889,1.);
#889 = DIRECTION('',(1.,0.));
#890 = ( GEOMETRIC_REPRESENTATION_CONTEXT(2) 
PARAMETRIC_REPRESENTATION_CONTEXT() REPRESENTATION_CONTEXT('2D SPACE',''
  ) );
#891 = PCURVE('',#892,#897);
#892 = PLANE('',#893);
#893 = AXIS2_PLACEMENT_3D('',#894,#895,#896);
#894 = CARTESIAN_POINT('',(-60.,-12.,7.8));
#895 = DIRECTION('',(0.,1.,0.));
#896 = DIRECTION('',(0.,0.,1.));
#897 = DEFINITIONAL_REPRESENTATION('',(#898),#902);
#898 = LINE('',#899,#900);
#899 = CARTESIAN_POINT('',(0.,0.));
#900 = VECTOR('',#901,1.);
#901 = DIRECTION('',(0.,1.));
#902 = ( GEOMETRIC_REPRESENTATION_CONTEXT(2) 
PARAMETRIC_REPRESENTATION_CONTEXT() REPRESENTATION_CONTEXT('2D SPACE',''
  ) );
#903 = ORIENTED_EDGE('',*,*,#904,.F.);
#904 = EDGE_CURVE('',#905,#877,#907,.T.);
#905 = VERTEX_POINT('',#906);
#906 = CARTESIAN_POINT('',(48.615800423394,-3.,7.8));
#907 = SURFACE_CURVE('',#908,(#912,#918),.PCURVE_S1.);
#908 = LINE('',#909,#910);
#909 = CARTESIAN_POINT('',(48.615800423394,19.,7.8));
#910 = VECTOR('',#911,1.);
#911 = DIRECTION('',(0.,-1.,2.22044604925E-16));
#912 = PCURVE('',#102,#913);
#913 = DEFINITIONAL_REPRESENTATION('',(#914),#917);
#914 = B_SPLINE_CURVE_WITH_KNOTS('',1,(#915,#916),.UNSPECIFIED.,.F.,.F.,
  (2,2),(6.9999976,31.0000024),.PIECEWISE_BEZIER_KNOTS.);
#915 = CARTESIAN_POINT('',(108.61580042339,24.0000024));
#916 = CARTESIAN_POINT('',(108.61580042339,-2.400000003178E-06));
#917 = ( GEOMETRIC_REPRESENTATION_CONTEXT(2) 
PARAMETRIC_REPRESENTATION_CONTEXT() REPRESENTATION_CONTEXT('2D SPACE',''
  ) );
#918 = PCURVE('',#919,#924);
#919 = CYLINDRICAL_SURFACE('',#920,13.8);
#920 = AXIS2_PLACEMENT_3D('',#921,#922,#923);
#921 = CARTESIAN_POINT('',(60.,19.,-4.218847493576E-15));
#922 = DIRECTION('',(0.,-1.,2.22044604925E-16));
#923 = DIRECTION('',(1.,0.,0.));
#924 = DEFINITIONAL_REPRESENTATION('',(#925),#928);
#925 = B_SPLINE_CURVE_WITH_KNOTS('',1,(#926,#927),.UNSPECIFIED.,.F.,.F.,
  (2,2),(6.9999976,31.0000024),.PIECEWISE_BEZIER_KNOTS.);
#926 = CARTESIAN_POINT('',(2.540895900654,6.9999976));
#927 = CARTESIAN_POINT('',(2.540895900654,31.0000024));
#928 = ( GEOMETRIC_REPRESENTATION_CONTEXT(2) 
PARAMETRIC_REPRESENTATION_CONTEXT() REPRESENTATION_CONTEXT('2D SPACE',''
  ) );
#929 = ORIENTED_EDGE('',*,*,#930,.T.);
#930 = EDGE_CURVE('',#905,#931,#933,.T.);
#931 = VERTEX_POINT('',#932);
#932 = CARTESIAN_POINT('',(45.2,-3.,7.8));
#933 = SURFACE_CURVE('',#934,(#938,#944),.PCURVE_S1.);
#934 = LINE('',#935,#936);
#935 = CARTESIAN_POINT('',(-23.8618901516,-3.,7.8));
#936 = VECTOR('',#937,1.);
#937 = DIRECTION('',(-1.,-0.,0.));
#938 = PCURVE('',#102,#939);
#939 = DEFINITIONAL_REPRESENTATION('',(#940),#943);
#940 = B_SPLINE_CURVE_WITH_KNOTS('',1,(#941,#942),.UNSPECIFIED.,.F.,.F.,
  (2,2),(-72.47769057499,-67.94199943165),.PIECEWISE_BEZIER_KNOTS.);
#941 = CARTESIAN_POINT('',(108.61580042339,9.));
#942 = CARTESIAN_POINT('',(104.08010928005,9.));
#943 = ( GEOMETRIC_REPRESENTATION_CONTEXT(2) 
PARAMETRIC_REPRESENTATION_CONTEXT() REPRESENTATION_CONTEXT('2D SPACE',''
  ) );
#944 = PCURVE('',#945,#950);
#945 = PLANE('',#946);
#946 = AXIS2_PLACEMENT_3D('',#947,#948,#949);
#947 = CARTESIAN_POINT('',(12.276219696798,-3.,-3.310124779464));
#948 = DIRECTION('',(-0.,1.,0.));
#949 = DIRECTION('',(-0.292371704723,0.,0.956304755963));
#950 = DEFINITIONAL_REPRESENTATION('',(#951),#955);
#951 = LINE('',#952,#953);
#952 = CARTESIAN_POINT('',(21.190425947778,-31.31076019808));
#953 = VECTOR('',#954,1.);
#954 = DIRECTION('',(0.292371704723,-0.956304755963));
#955 = ( GEOMETRIC_REPRESENTATION_CONTEXT(2) 
PARAMETRIC_REPRESENTATION_CONTEXT() REPRESENTATION_CONTEXT('2D SPACE',''
  ) );
#956 = ORIENTED_EDGE('',*,*,#957,.T.);
#957 = EDGE_CURVE('',#931,#958,#960,.T.);
#958 = VERTEX_POINT('',#959);
#959 = CARTESIAN_POINT('',(45.2,3.,7.8));
#960 = SURFACE_CURVE('',#961,(#965,#971),.PCURVE_S1.);
#961 = LINE('',#962,#963);
#962 = CARTESIAN_POINT('',(45.2,-8.5,7.8));
#963 = VECTOR('',#964,1.);
#964 = DIRECTION('',(-0.,1.,0.));
#965 = PCURVE('',#102,#966);
#966 = DEFINITIONAL_REPRESENTATION('',(#967),#970);
#967 = B_SPLINE_CURVE_WITH_KNOTS('',1,(#968,#969),.UNSPECIFIED.,.F.,.F.,
  (2,2),(5.5,11.5),.PIECEWISE_BEZIER_KNOTS.);
#968 = CARTESIAN_POINT('',(105.2,9.));
#969 = CARTESIAN_POINT('',(105.2,15.));
#970 = ( GEOMETRIC_REPRESENTATION_CONTEXT(2) 
PARAMETRIC_REPRESENTATION_CONTEXT() REPRESENTATION_CONTEXT('2D SPACE',''
  ) );
#971 = PCURVE('',#972,#977);
#972 = PLANE('',#973);
#973 = AXIS2_PLACEMENT_3D('',#974,#975,#976);
#974 = CARTESIAN_POINT('',(7.2,-5.,-58.01793068761));
#975 = DIRECTION('',(0.866025403784,0.,-0.5));
#976 = DIRECTION('',(0.5,0.,0.866025403784));
#977 = DEFINITIONAL_REPRESENTATION('',(#978),#981);
#978 = B_SPLINE_CURVE_WITH_KNOTS('',1,(#979,#980),.UNSPECIFIED.,.F.,.F.,
  (2,2),(5.5,11.5),.PIECEWISE_BEZIER_KNOTS.);
#979 = CARTESIAN_POINT('',(76.,-2.));
#980 = CARTESIAN_POINT('',(76.,-8.));
#981 = ( GEOMETRIC_REPRESENTATION_CONTEXT(2) 
PARAMETRIC_REPRESENTATION_CONTEXT() REPRESENTATION_CONTEXT('2D SPACE',''
  ) );
#982 = ORIENTED_EDGE('',*,*,#983,.F.);
#983 = EDGE_CURVE('',#984,#958,#986,.T.);
#984 = VERTEX_POINT('',#985);
#985 = CARTESIAN_POINT('',(48.615800423394,3.,7.8));
#986 = SURFACE_CURVE('',#987,(#991,#997),.PCURVE_S1.);
#987 = LINE('',#988,#989);
#988 = CARTESIAN_POINT('',(-23.8618901516,3.,7.8));
#989 = VECTOR('',#990,1.);
#990 = DIRECTION('',(-1.,-0.,0.));
#991 = PCURVE('',#102,#992);
#992 = DEFINITIONAL_REPRESENTATION('',(#993),#996);
#993 = B_SPLINE_CURVE_WITH_KNOTS('',1,(#994,#995),.UNSPECIFIED.,.F.,.F.,
  (2,2),(-72.47769057499,-67.94199943165),.PIECEWISE_BEZIER_KNOTS.);
#994 = CARTESIAN_POINT('',(108.61580042339,15.));
#995 = CARTESIAN_POINT('',(104.08010928005,15.));
#996 = ( GEOMETRIC_REPRESENTATION_CONTEXT(2) 
PARAMETRIC_REPRESENTATION_CONTEXT() REPRESENTATION_CONTEXT('2D SPACE',''
  ) );
#997 = PCURVE('',#998,#1003);
#998 = PLANE('',#999);
#999 = AXIS2_PLACEMENT_3D('',#1000,#1001,#1002);
#1000 = CARTESIAN_POINT('',(12.276219696798,3.,-3.310124779464));
#1001 = DIRECTION('',(-0.,1.,0.));
#1002 = DIRECTION('',(-0.292371704723,0.,0.956304755963));
#1003 = DEFINITIONAL_REPRESENTATION('',(#1004),#1008);
#1004 = LINE('',#1005,#1006);
#1005 = CARTESIAN_POINT('',(21.190425947778,-31.31076019808));
#1006 = VECTOR('',#1007,1.);
#1007 = DIRECTION('',(0.292371704723,-0.956304755963));
#1008 = ( GEOMETRIC_REPRESENTATION_CONTEXT(2) 
PARAMETRIC_REPRESENTATION_CONTEXT() REPRESENTATION_CONTEXT('2D SPACE',''
  ) );
#1009 = ORIENTED_EDGE('',*,*,#1010,.F.);
#1010 = EDGE_CURVE('',#1011,#984,#1013,.T.);
#1011 = VERTEX_POINT('',#1012);
#1012 = CARTESIAN_POINT('',(48.615800423394,12.,7.8));
#1013 = SURFACE_CURVE('',#1014,(#1018,#1024),.PCURVE_S1.);
#1014 = LINE('',#1015,#1016);
#1015 = CARTESIAN_POINT('',(48.615800423394,19.,7.8));
#1016 = VECTOR('',#1017,1.);
#1017 = DIRECTION('',(0.,-1.,2.22044604925E-16));
#1018 = PCURVE('',#102,#1019);
#1019 = DEFINITIONAL_REPRESENTATION('',(#1020),#1023);
#1020 = B_SPLINE_CURVE_WITH_KNOTS('',1,(#1021,#1022),.UNSPECIFIED.,.F.,
  .F.,(2,2),(6.9999976,31.0000024),.PIECEWISE_BEZIER_KNOTS.);
#1021 = CARTESIAN_POINT('',(108.61580042339,24.0000024));
#1022 = CARTESIAN_POINT('',(108.61580042339,-2.400000003178E-06));
#1023 = ( GEOMETRIC_REPRESENTATION_CONTEXT(2) 
PARAMETRIC_REPRESENTATION_CONTEXT() REPRESENTATION_CONTEXT('2D SPACE',''
  ) );
#1024 = PCURVE('',#919,#1025);
#1025 = DEFINITIONAL_REPRESENTATION('',(#1026),#1029);
#1026 = B_SPLINE_CURVE_WITH_KNOTS('',1,(#1027,#1028),.UNSPECIFIED.,.F.,
  .F.,(2,2),(6.9999976,31.0000024),.PIECEWISE_BEZIER_KNOTS.);
#1027 = CARTESIAN_POINT('',(2.540895900654,6.9999976));
#1028 = CARTESIAN_POINT('',(2.540895900654,31.0000024));
#1029 = ( GEOMETRIC_REPRESENTATION_CONTEXT(2) 
PARAMETRIC_REPRESENTATION_CONTEXT() REPRESENTATION_CONTEXT('2D SPACE',''
  ) );
#1030 = ORIENTED_EDGE('',*,*,#1031,.F.);
#1031 = EDGE_CURVE('',#1032,#1011,#1034,.T.);
#1032 = VERTEX_POINT('',#1033);
#1033 = CARTESIAN_POINT('',(12.041594578792,12.,7.8));
#1034 = SURFACE_CURVE('',#1035,(#1039,#1046),.PCURVE_S1.);
#1035 = LINE('',#1036,#1037);
#1036 = CARTESIAN_POINT('',(-60.,12.,7.8));
#1037 = VECTOR('',#1038,1.);
#1038 = DIRECTION('',(1.,0.,0.));
#1039 = PCURVE('',#102,#1040);
#1040 = DEFINITIONAL_REPRESENTATION('',(#1041),#1045);
#1041 = LINE('',#1042,#1043);
#1042 = CARTESIAN_POINT('',(0.,24.));
#1043 = VECTOR('',#1044,1.);
#1044 = DIRECTION('',(1.,0.));
#1045 = ( GEOMETRIC_REPRESENTATION_CONTEXT(2) 
PARAMETRIC_REPRESENTATION_CONTEXT() REPRESENTATION_CONTEXT('2D SPACE',''
  ) );
#1046 = PCURVE('',#1047,#1052);
#1047 = PLANE('',#1048);
#1048 = AXIS2_PLACEMENT_3D('',#1049,#1050,#1051);
#1049 = CARTESIAN_POINT('',(-60.,12.,7.8));
#1050 = DIRECTION('',(0.,1.,0.));
#1051 = DIRECTION('',(0.,0.,1.));
#1052 = DEFINITIONAL_REPRESENTATION('',(#1053),#1057);
#1053 = LINE('',#1054,#1055);
#1054 = CARTESIAN_POINT('',(0.,0.));
#1055 = VECTOR('',#1056,1.);
#1056 = DIRECTION('',(0.,1.));
#1057 = ( GEOMETRIC_REPRESENTATION_CONTEXT(2) 
PARAMETRIC_REPRESENTATION_CONTEXT() REPRESENTATION_CONTEXT('2D SPACE',''
  ) );
#1058 = ORIENTED_EDGE('',*,*,#1059,.T.);
#1059 = EDGE_CURVE('',#1032,#749,#1060,.T.);
#1060 = SURFACE_CURVE('',#1061,(#1066,#1073),.PCURVE_S1.);
#1061 = CIRCLE('',#1062,17.);
#1062 = AXIS2_PLACEMENT_3D('',#1063,#1064,#1065);
#1063 = CARTESIAN_POINT('',(0.,0.,7.8));
#1064 = DIRECTION('',(0.,0.,1.));
#1065 = DIRECTION('',(1.,0.,0.));
#1066 = PCURVE('',#102,#1067);
#1067 = DEFINITIONAL_REPRESENTATION('',(#1068),#1072);
#1068 = CIRCLE('',#1069,17.);
#1069 = AXIS2_PLACEMENT_2D('',#1070,#1071);
#1070 = CARTESIAN_POINT('',(60.,12.));
#1071 = DIRECTION('',(1.,0.));
#1072 = ( GEOMETRIC_REPRESENTATION_CONTEXT(2) 
PARAMETRIC_REPRESENTATION_CONTEXT() REPRESENTATION_CONTEXT('2D SPACE',''
  ) );
#1073 = PCURVE('',#1074,#1079);
#1074 = CYLINDRICAL_SURFACE('',#1075,17.);
#1075 = AXIS2_PLACEMENT_3D('',#1076,#1077,#1078);
#1076 = CARTESIAN_POINT('',(0.,0.,7.8));
#1077 = DIRECTION('',(0.,0.,1.));
#1078 = DIRECTION('',(1.,0.,0.));
#1079 = DEFINITIONAL_REPRESENTATION('',(#1080),#1084);
#1080 = LINE('',#1081,#1082);
#1081 = CARTESIAN_POINT('',(0.,0.));
#1082 = VECTOR('',#1083,1.);
#1083 = DIRECTION('',(1.,0.));
#1084 = ( GEOMETRIC_REPRESENTATION_CONTEXT(2) 
PARAMETRIC_REPRESENTATION_CONTEXT() REPRESENTATION_CONTEXT('2D SPACE',''
  ) );
#1085 = FACE_BOUND('',#1086,.F.);
#1086 = EDGE_LOOP('',(#1087,#1115,#1141,#1167));
#1087 = ORIENTED_EDGE('',*,*,#1088,.T.);
#1088 = EDGE_CURVE('',#1089,#1091,#1093,.T.);
#1089 = VERTEX_POINT('',#1090);
#1090 = CARTESIAN_POINT('',(-4.5,-7.5,7.8));
#1091 = VERTEX_POINT('',#1092);
#1092 = CARTESIAN_POINT('',(-7.5,-7.5,7.8));
#1093 = SURFACE_CURVE('',#1094,(#1098,#1104),.PCURVE_S1.);
#1094 = LINE('',#1095,#1096);
#1095 = CARTESIAN_POINT('',(-33.75,-7.5,7.8));
#1096 = VECTOR('',#1097,1.);
#1097 = DIRECTION('',(-1.,0.,0.));
#1098 = PCURVE('',#102,#1099);
#1099 = DEFINITIONAL_REPRESENTATION('',(#1100),#1103);
#1100 = B_SPLINE_CURVE_WITH_KNOTS('',1,(#1101,#1102),.UNSPECIFIED.,.F.,
  .F.,(2,2),(-29.25,-26.25),.PIECEWISE_BEZIER_KNOTS.);
#1101 = CARTESIAN_POINT('',(55.5,4.5));
#1102 = CARTESIAN_POINT('',(52.5,4.5));
#1103 = ( GEOMETRIC_REPRESENTATION_CONTEXT(2) 
PARAMETRIC_REPRESENTATION_CONTEXT() REPRESENTATION_CONTEXT('2D SPACE',''
  ) );
#1104 = PCURVE('',#1105,#1110);
#1105 = PLANE('',#1106);
#1106 = AXIS2_PLACEMENT_3D('',#1107,#1108,#1109);
#1107 = CARTESIAN_POINT('',(-7.5,-7.5,-9.2));
#1108 = DIRECTION('',(0.,1.,0.));
#1109 = DIRECTION('',(0.,0.,1.));
#1110 = DEFINITIONAL_REPRESENTATION('',(#1111),#1114);
#1111 = B_SPLINE_CURVE_WITH_KNOTS('',1,(#1112,#1113),.UNSPECIFIED.,.F.,
  .F.,(2,2),(-29.25,-26.25),.PIECEWISE_BEZIER_KNOTS.);
#1112 = CARTESIAN_POINT('',(17.,3.));
#1113 = CARTESIAN_POINT('',(17.,0.));
#1114 = ( GEOMETRIC_REPRESENTATION_CONTEXT(2) 
PARAMETRIC_REPRESENTATION_CONTEXT() REPRESENTATION_CONTEXT('2D SPACE',''
  ) );
#1115 = ORIENTED_EDGE('',*,*,#1116,.T.);
#1116 = EDGE_CURVE('',#1091,#1117,#1119,.T.);
#1117 = VERTEX_POINT('',#1118);
#1118 = CARTESIAN_POINT('',(-7.5,7.5,7.8));
#1119 = SURFACE_CURVE('',#1120,(#1124,#1130),.PCURVE_S1.);
#1120 = LINE('',#1121,#1122);
#1121 = CARTESIAN_POINT('',(-7.5,-9.75,7.8));
#1122 = VECTOR('',#1123,1.);
#1123 = DIRECTION('',(0.,1.,0.));
#1124 = PCURVE('',#102,#1125);
#1125 = DEFINITIONAL_REPRESENTATION('',(#1126),#1129);
#1126 = B_SPLINE_CURVE_WITH_KNOTS('',1,(#1127,#1128),.UNSPECIFIED.,.F.,
  .F.,(2,2),(2.25,17.25),.PIECEWISE_BEZIER_KNOTS.);
#1127 = CARTESIAN_POINT('',(52.5,4.5));
#1128 = CARTESIAN_POINT('',(52.5,19.5));
#1129 = ( GEOMETRIC_REPRESENTATION_CONTEXT(2) 
PARAMETRIC_REPRESENTATION_CONTEXT() REPRESENTATION_CONTEXT('2D SPACE',''
  ) );
#1130 = PCURVE('',#1131,#1136);
#1131 = PLANE('',#1132);
#1132 = AXIS2_PLACEMENT_3D('',#1133,#1134,#1135);
#1133 = CARTESIAN_POINT('',(-7.5,-7.5,-9.2));
#1134 = DIRECTION('',(1.,0.,0.));
#1135 = DIRECTION('',(0.,0.,1.));
#1136 = DEFINITIONAL_REPRESENTATION('',(#1137),#1140);
#1137 = B_SPLINE_CURVE_WITH_KNOTS('',1,(#1138,#1139),.UNSPECIFIED.,.F.,
  .F.,(2,2),(2.25,17.25),.PIECEWISE_BEZIER_KNOTS.);
#1138 = CARTESIAN_POINT('',(17.,0.));
#1139 = CARTESIAN_POINT('',(17.,-15.));
#1140 = ( GEOMETRIC_REPRESENTATION_CONTEXT(2) 
PARAMETRIC_REPRESENTATION_CONTEXT() REPRESENTATION_CONTEXT('2D SPACE',''
  ) );
#1141 = ORIENTED_EDGE('',*,*,#1142,.F.);
#1142 = EDGE_CURVE('',#1143,#1117,#1145,.T.);
#1143 = VERTEX_POINT('',#1144);
#1144 = CARTESIAN_POINT('',(-4.5,7.5,7.8));
#1145 = SURFACE_CURVE('',#1146,(#1150,#1156),.PCURVE_S1.);
#1146 = LINE('',#1147,#1148);
#1147 = CARTESIAN_POINT('',(-33.75,7.5,7.8));
#1148 = VECTOR('',#1149,1.);
#1149 = DIRECTION('',(-1.,0.,0.));
#1150 = PCURVE('',#102,#1151);
#1151 = DEFINITIONAL_REPRESENTATION('',(#1152),#1155);
#1152 = B_SPLINE_CURVE_WITH_KNOTS('',1,(#1153,#1154),.UNSPECIFIED.,.F.,
  .F.,(2,2),(-29.25,-26.25),.PIECEWISE_BEZIER_KNOTS.);
#1153 = CARTESIAN_POINT('',(55.5,19.5));
#1154 = CARTESIAN_POINT('',(52.5,19.5));
#1155 = ( GEOMETRIC_REPRESENTATION_CONTEXT(2) 
PARAMETRIC_REPRESENTATION_CONTEXT() REPRESENTATION_CONTEXT('2D SPACE',''
  ) );
#1156 = PCURVE('',#1157,#1162);
#1157 = PLANE('',#1158);
#1158 = AXIS2_PLACEMENT_3D('',#1159,#1160,#1161);
#1159 = CARTESIAN_POINT('',(-7.5,7.5,-9.2));
#1160 = DIRECTION('',(0.,1.,0.));
#1161 = DIRECTION('',(0.,0.,1.));
#1162 = DEFINITIONAL_REPRESENTATION('',(#1163),#1166);
#1163 = B_SPLINE_CURVE_WITH_KNOTS('',1,(#1164,#1165),.UNSPECIFIED.,.F.,
  .F.,(2,2),(-29.25,-26.25),.PIECEWISE_BEZIER_KNOTS.);
#1164 = CARTESIAN_POINT('',(17.,3.));
#1165 = CARTESIAN_POINT('',(17.,0.));
#1166 = ( GEOMETRIC_REPRESENTATION_CONTEXT(2) 
PARAMETRIC_REPRESENTATION_CONTEXT() REPRESENTATION_CONTEXT('2D SPACE',''
  ) );
#1167 = ORIENTED_EDGE('',*,*,#1168,.F.);
#1168 = EDGE_CURVE('',#1089,#1143,#1169,.T.);
#1169 = SURFACE_CURVE('',#1170,(#1174,#1180),.PCURVE_S1.);
#1170 = LINE('',#1171,#1172);
#1171 = CARTESIAN_POINT('',(-4.5,-9.75,7.8));
#1172 = VECTOR('',#1173,1.);
#1173 = DIRECTION('',(0.,1.,0.));
#1174 = PCURVE('',#102,#1175);
#1175 = DEFINITIONAL_REPRESENTATION('',(#1176),#1179);
#1176 = B_SPLINE_CURVE_WITH_KNOTS('',1,(#1177,#1178),.UNSPECIFIED.,.F.,
  .F.,(2,2),(2.25,17.25),.PIECEWISE_BEZIER_KNOTS.);
#1177 = CARTESIAN_POINT('',(55.5,4.5));
#1178 = CARTESIAN_POINT('',(55.5,19.5));
#1179 = ( GEOMETRIC_REPRESENTATION_CONTEXT(2) 
PARAMETRIC_REPRESENTATION_CONTEXT() REPRESENTATION_CONTEXT('2D SPACE',''
  ) );
#1180 = PCURVE('',#1181,#1186);
#1181 = PLANE('',#1182);
#1182 = AXIS2_PLACEMENT_3D('',#1183,#1184,#1185);
#1183 = CARTESIAN_POINT('',(-4.5,-7.5,-9.2));
#1184 = DIRECTION('',(1.,0.,0.));
#1185 = DIRECTION('',(0.,0.,1.));
#1186 = DEFINITIONAL_REPRESENTATION('',(#1187),#1190);
#1187 = B_SPLINE_CURVE_WITH_KNOTS('',1,(#1188,#1189),.UNSPECIFIED.,.F.,
  .F.,(2,2),(2.25,17.25),.PIECEWISE_BEZIER_KNOTS.);
#1188 = CARTESIAN_POINT('',(17.,0.));
#1189 = CARTESIAN_POINT('',(17.,-15.));
#1190 = ( GEOMETRIC_REPRESENTATION_CONTEXT(2) 
PARAMETRIC_REPRESENTATION_CONTEXT() REPRESENTATION_CONTEXT('2D SPACE',''
  ) );
#1191 = FACE_BOUND('',#1192,.F.);
#1192 = EDGE_LOOP('',(#1193,#1221,#1247,#1273));
#1193 = ORIENTED_EDGE('',*,*,#1194,.T.);
#1194 = EDGE_CURVE('',#1195,#1197,#1199,.T.);
#1195 = VERTEX_POINT('',#1196);
#1196 = CARTESIAN_POINT('',(1.5,-7.5,7.8));
#1197 = VERTEX_POINT('',#1198);
#1198 = CARTESIAN_POINT('',(-1.5,-7.5,7.8));
#1199 = SURFACE_CURVE('',#1200,(#1204,#1210),.PCURVE_S1.);
#1200 = LINE('',#1201,#1202);
#1201 = CARTESIAN_POINT('',(-30.75,-7.5,7.8));
#1202 = VECTOR('',#1203,1.);
#1203 = DIRECTION('',(-1.,0.,0.));
#1204 = PCURVE('',#102,#1205);
#1205 = DEFINITIONAL_REPRESENTATION('',(#1206),#1209);
#1206 = B_SPLINE_CURVE_WITH_KNOTS('',1,(#1207,#1208),.UNSPECIFIED.,.F.,
  .F.,(2,2),(-32.25,-29.25),.PIECEWISE_BEZIER_KNOTS.);
#1207 = CARTESIAN_POINT('',(61.5,4.5));
#1208 = CARTESIAN_POINT('',(58.5,4.5));
#1209 = ( GEOMETRIC_REPRESENTATION_CONTEXT(2) 
PARAMETRIC_REPRESENTATION_CONTEXT() REPRESENTATION_CONTEXT('2D SPACE',''
  ) );
#1210 = PCURVE('',#1211,#1216);
#1211 = PLANE('',#1212);
#1212 = AXIS2_PLACEMENT_3D('',#1213,#1214,#1215);
#1213 = CARTESIAN_POINT('',(-1.5,-7.5,-9.2));
#1214 = DIRECTION('',(0.,1.,0.));
#1215 = DIRECTION('',(0.,0.,1.));
#1216 = DEFINITIONAL_REPRESENTATION('',(#1217),#1220);
#1217 = B_SPLINE_CURVE_WITH_KNOTS('',1,(#1218,#1219),.UNSPECIFIED.,.F.,
  .F.,(2,2),(-32.25,-29.25),.PIECEWISE_BEZIER_KNOTS.);
#1218 = CARTESIAN_POINT('',(17.,3.));
#1219 = CARTESIAN_POINT('',(17.,0.));
#1220 = ( GEOMETRIC_REPRESENTATION_CONTEXT(2) 
PARAMETRIC_REPRESENTATION_CONTEXT() REPRESENTATION_CONTEXT('2D SPACE',''
  ) );
#1221 = ORIENTED_EDGE('',*,*,#1222,.T.);
#1222 = EDGE_CURVE('',#1197,#1223,#1225,.T.);
#1223 = VERTEX_POINT('',#1224);
#1224 = CARTESIAN_POINT('',(-1.5,7.5,7.8));
#1225 = SURFACE_CURVE('',#1226,(#1230,#1236),.PCURVE_S1.);
#1226 = LINE('',#1227,#1228);
#1227 = CARTESIAN_POINT('',(-1.5,-9.75,7.8));
#1228 = VECTOR('',#1229,1.);
#1229 = DIRECTION('',(0.,1.,0.));
#1230 = PCURVE('',#102,#1231);
#1231 = DEFINITIONAL_REPRESENTATION('',(#1232),#1235);
#1232 = B_SPLINE_CURVE_WITH_KNOTS('',1,(#1233,#1234),.UNSPECIFIED.,.F.,
  .F.,(2,2),(2.25,17.25),.PIECEWISE_BEZIER_KNOTS.);
#1233 = CARTESIAN_POINT('',(58.5,4.5));
#1234 = CARTESIAN_POINT('',(58.5,19.5));
#1235 = ( GEOMETRIC_REPRESENTATION_CONTEXT(2) 
PARAMETRIC_REPRESENTATION_CONTEXT() REPRESENTATION_CONTEXT('2D SPACE',''
  ) );
#1236 = PCURVE('',#1237,#1242);
#1237 = PLANE('',#1238);
#1238 = AXIS2_PLACEMENT_3D('',#1239,#1240,#1241);
#1239 = CARTESIAN_POINT('',(-1.5,-7.5,-9.2));
#1240 = DIRECTION('',(1.,0.,0.));
#1241 = DIRECTION('',(0.,0.,1.));
#1242 = DEFINITIONAL_REPRESENTATION('',(#1243),#1246);
#1243 = B_SPLINE_CURVE_WITH_KNOTS('',1,(#1244,#1245),.UNSPECIFIED.,.F.,
  .F.,(2,2),(2.25,17.25),.PIECEWISE_BEZIER_KNOTS.);
#1244 = CARTESIAN_POINT('',(17.,0.));
#1245 = CARTESIAN_POINT('',(17.,-15.));
#1246 = ( GEOMETRIC_REPRESENTATION_CONTEXT(2) 
PARAMETRIC_REPRESENTATION_CONTEXT() REPRESENTATION_CONTEXT('2D SPACE',''
  ) );
#1247 = ORIENTED_EDGE('',*,*,#1248,.F.);
#1248 = EDGE_CURVE('',#1249,#1223,#1251,.T.);
#1249 = VERTEX_POINT('',#1250);
#1250 = CARTESIAN_POINT('',(1.5,7.5,7.8));
#1251 = SURFACE_CURVE('',#1252,(#1256,#1262),.PCURVE_S1.);
#1252 = LINE('',#1253,#1254);
#1253 = CARTESIAN_POINT('',(-30.75,7.5,7.8));
#1254 = VECTOR('',#1255,1.);
#1255 = DIRECTION('',(-1.,0.,0.));
#1256 = PCURVE('',#102,#1257);
#1257 = DEFINITIONAL_REPRESENTATION('',(#1258),#1261);
#1258 = B_SPLINE_CURVE_WITH_KNOTS('',1,(#1259,#1260),.UNSPECIFIED.,.F.,
  .F.,(2,2),(-32.25,-29.25),.PIECEWISE_BEZIER_KNOTS.);
#1259 = CARTESIAN_POINT('',(61.5,19.5));
#1260 = CARTESIAN_POINT('',(58.5,19.5));
#1261 = ( GEOMETRIC_REPRESENTATION_CONTEXT(2) 
PARAMETRIC_REPRESENTATION_CONTEXT() REPRESENTATION_CONTEXT('2D SPACE',''
  ) );
#1262 = PCURVE('',#1263,#1268);
#1263 = PLANE('',#1264);
#1264 = AXIS2_PLACEMENT_3D('',#1265,#1266,#1267);
#1265 = CARTESIAN_POINT('',(-1.5,7.5,-9.2));
#1266 = DIRECTION('',(0.,1.,0.));
#1267 = DIRECTION('',(0.,0.,1.));
#1268 = DEFINITIONAL_REPRESENTATION('',(#1269),#1272);
#1269 = B_SPLINE_CURVE_WITH_KNOTS('',1,(#1270,#1271),.UNSPECIFIED.,.F.,
  .F.,(2,2),(-32.25,-29.25),.PIECEWISE_BEZIER_KNOTS.);
#1270 = CARTESIAN_POINT('',(17.,3.));
#1271 = CARTESIAN_POINT('',(17.,0.));
#1272 = ( GEOMETRIC_REPRESENTATION_CONTEXT(2) 
PARAMETRIC_REPRESENTATION_CONTEXT() REPRESENTATION_CONTEXT('2D SPACE',''
  ) );
#1273 = ORIENTED_EDGE('',*,*,#1274,.F.);
#1274 = EDGE_CURVE('',#1195,#1249,#1275,.T.);
#1275 = SURFACE_CURVE('',#1276,(#1280,#1286),.PCURVE_S1.);
#1276 = LINE('',#1277,#1278);
#1277 = CARTESIAN_POINT('',(1.5,-9.75,7.8));
#1278 = VECTOR('',#1279,1.);
#1279 = DIRECTION('',(0.,1.,0.));
#1280 = PCURVE('',#102,#1281);
#1281 = DEFINITIONAL_REPRESENTATION('',(#1282),#1285);
#1282 = B_SPLINE_CURVE_WITH_KNOTS('',1,(#1283,#1284),.UNSPECIFIED.,.F.,
  .F.,(2,2),(2.25,17.25),.PIECEWISE_BEZIER_KNOTS.);
#1283 = CARTESIAN_POINT('',(61.5,4.5));
#1284 = CARTESIAN_POINT('',(61.5,19.5));
#1285 = ( GEOMETRIC_REPRESENTATION_CONTEXT(2) 
PARAMETRIC_REPRESENTATION_CONTEXT() REPRESENTATION_CONTEXT('2D SPACE',''
  ) );
#1286 = PCURVE('',#1287,#1292);
#1287 = PLANE('',#1288);
#1288 = AXIS2_PLACEMENT_3D('',#1289,#1290,#1291);
#1289 = CARTESIAN_POINT('',(1.5,-7.5,-9.2));
#1290 = DIRECTION('',(1.,0.,0.));
#1291 = DIRECTION('',(0.,0.,1.));
#1292 = DEFINITIONAL_REPRESENTATION('',(#1293),#1296);
#1293 = B_SPLINE_CURVE_WITH_KNOTS('',1,(#1294,#1295),.UNSPECIFIED.,.F.,
  .F.,(2,2),(2.25,17.25),.PIECEWISE_BEZIER_KNOTS.);
#1294 = CARTESIAN_POINT('',(17.,0.));
#1295 = CARTESIAN_POINT('',(17.,-15.));
#1296 = ( GEOMETRIC_REPRESENTATION_CONTEXT(2) 
PARAMETRIC_REPRESENTATION_CONTEXT() REPRESENTATION_CONTEXT('2D SPACE',''
  ) );
#1297 = FACE_BOUND('',#1298,.F.);
#1298 = EDGE_LOOP('',(#1299,#1327,#1353,#1379));
#1299 = ORIENTED_EDGE('',*,*,#1300,.T.);
#1300 = EDGE_CURVE('',#1301,#1303,#1305,.T.);
#1301 = VERTEX_POINT('',#1302);
#1302 = CARTESIAN_POINT('',(7.5,-7.5,7.8));
#1303 = VERTEX_POINT('',#1304);
#1304 = CARTESIAN_POINT('',(4.5,-7.5,7.8));
#1305 = SURFACE_CURVE('',#1306,(#1310,#1316),.PCURVE_S1.);
#1306 = LINE('',#1307,#1308);
#1307 = CARTESIAN_POINT('',(-27.75,-7.5,7.8));
#1308 = VECTOR('',#1309,1.);
#1309 = DIRECTION('',(-1.,0.,0.));
#1310 = PCURVE('',#102,#1311);
#1311 = DEFINITIONAL_REPRESENTATION('',(#1312),#1315);
#1312 = B_SPLINE_CURVE_WITH_KNOTS('',1,(#1313,#1314),.UNSPECIFIED.,.F.,
  .F.,(2,2),(-35.25,-32.25),.PIECEWISE_BEZIER_KNOTS.);
#1313 = CARTESIAN_POINT('',(67.5,4.5));
#1314 = CARTESIAN_POINT('',(64.5,4.5));
#1315 = ( GEOMETRIC_REPRESENTATION_CONTEXT(2) 
PARAMETRIC_REPRESENTATION_CONTEXT() REPRESENTATION_CONTEXT('2D SPACE',''
  ) );
#1316 = PCURVE('',#1317,#1322);
#1317 = PLANE('',#1318);
#1318 = AXIS2_PLACEMENT_3D('',#1319,#1320,#1321);
#1319 = CARTESIAN_POINT('',(4.5,-7.5,-9.2));
#1320 = DIRECTION('',(0.,1.,0.));
#1321 = DIRECTION('',(0.,0.,1.));
#1322 = DEFINITIONAL_REPRESENTATION('',(#1323),#1326);
#1323 = B_SPLINE_CURVE_WITH_KNOTS('',1,(#1324,#1325),.UNSPECIFIED.,.F.,
  .F.,(2,2),(-35.25,-32.25),.PIECEWISE_BEZIER_KNOTS.);
#1324 = CARTESIAN_POINT('',(17.,3.));
#1325 = CARTESIAN_POINT('',(17.,0.));
#1326 = ( GEOMETRIC_REPRESENTATION_CONTEXT(2) 
PARAMETRIC_REPRESENTATION_CONTEXT() REPRESENTATION_CONTEXT('2D SPACE',''
  ) );
#1327 = ORIENTED_EDGE('',*,*,#1328,.T.);
#1328 = EDGE_CURVE('',#1303,#1329,#1331,.T.);
#1329 = VERTEX_POINT('',#1330);
#1330 = CARTESIAN_POINT('',(4.5,7.5,7.8));
#1331 = SURFACE_CURVE('',#1332,(#1336,#1342),.PCURVE_S1.);
#1332 = LINE('',#1333,#1334);
#1333 = CARTESIAN_POINT('',(4.5,-9.75,7.8));
#1334 = VECTOR('',#1335,1.);
#1335 = DIRECTION('',(0.,1.,0.));
#1336 = PCURVE('',#102,#1337);
#1337 = DEFINITIONAL_REPRESENTATION('',(#1338),#1341);
#1338 = B_SPLINE_CURVE_WITH_KNOTS('',1,(#1339,#1340),.UNSPECIFIED.,.F.,
  .F.,(2,2),(2.25,17.25),.PIECEWISE_BEZIER_KNOTS.);
#1339 = CARTESIAN_POINT('',(64.5,4.5));
#1340 = CARTESIAN_POINT('',(64.5,19.5));
#1341 = ( GEOMETRIC_REPRESENTATION_CONTEXT(2) 
PARAMETRIC_REPRESENTATION_CONTEXT() REPRESENTATION_CONTEXT('2D SPACE',''
  ) );
#1342 = PCURVE('',#1343,#1348);
#1343 = PLANE('',#1344);
#1344 = AXIS2_PLACEMENT_3D('',#1345,#1346,#1347);
#1345 = CARTESIAN_POINT('',(4.5,-7.5,-9.2));
#1346 = DIRECTION('',(1.,0.,0.));
#1347 = DIRECTION('',(0.,0.,1.));
#1348 = DEFINITIONAL_REPRESENTATION('',(#1349),#1352);
#1349 = B_SPLINE_CURVE_WITH_KNOTS('',1,(#1350,#1351),.UNSPECIFIED.,.F.,
  .F.,(2,2),(2.25,17.25),.PIECEWISE_BEZIER_KNOTS.);
#1350 = CARTESIAN_POINT('',(17.,0.));
#1351 = CARTESIAN_POINT('',(17.,-15.));
#1352 = ( GEOMETRIC_REPRESENTATION_CONTEXT(2) 
PARAMETRIC_REPRESENTATION_CONTEXT() REPRESENTATION_CONTEXT('2D SPACE',''
  ) );
#1353 = ORIENTED_EDGE('',*,*,#1354,.F.);
#1354 = EDGE_CURVE('',#1355,#1329,#1357,.T.);
#1355 = VERTEX_POINT('',#1356);
#1356 = CARTESIAN_POINT('',(7.5,7.5,7.8));
#1357 = SURFACE_CURVE('',#1358,(#1362,#1368),.PCURVE_S1.);
#1358 = LINE('',#1359,#1360);
#1359 = CARTESIAN_POINT('',(-27.75,7.5,7.8));
#1360 = VECTOR('',#1361,1.);
#1361 = DIRECTION('',(-1.,0.,0.));
#1362 = PCURVE('',#102,#1363);
#1363 = DEFINITIONAL_REPRESENTATION('',(#1364),#1367);
#1364 = B_SPLINE_CURVE_WITH_KNOTS('',1,(#1365,#1366),.UNSPECIFIED.,.F.,
  .F.,(2,2),(-35.25,-32.25),.PIECEWISE_BEZIER_KNOTS.);
#1365 = CARTESIAN_POINT('',(67.5,19.5));
#1366 = CARTESIAN_POINT('',(64.5,19.5));
#1367 = ( GEOMETRIC_REPRESENTATION_CONTEXT(2) 
PARAMETRIC_REPRESENTATION_CONTEXT() REPRESENTATION_CONTEXT('2D SPACE',''
  ) );
#1368 = PCURVE('',#1369,#1374);
#1369 = PLANE('',#1370);
#1370 = AXIS2_PLACEMENT_3D('',#1371,#1372,#1373);
#1371 = CARTESIAN_POINT('',(4.5,7.5,-9.2));
#1372 = DIRECTION('',(0.,1.,0.));
#1373 = DIRECTION('',(0.,0.,1.));
#1374 = DEFINITIONAL_REPRESENTATION('',(#1375),#1378);
#1375 = B_SPLINE_CURVE_WITH_KNOTS('',1,(#1376,#1377),.UNSPECIFIED.,.F.,
  .F.,(2,2),(-35.25,-32.25),.PIECEWISE_BEZIER_KNOTS.);
#1376 = CARTESIAN_POINT('',(17.,3.));
#1377 = CARTESIAN_POINT('',(17.,0.));
#1378 = ( GEOMETRIC_REPRESENTATION_CONTEXT(2) 
PARAMETRIC_REPRESENTATION_CONTEXT() REPRESENTATION_CONTEXT('2D SPACE',''
  ) );
#1379 = ORIENTED_EDGE('',*,*,#1380,.F.);
#1380 = EDGE_CURVE('',#1301,#1355,#1381,.T.);
#1381 = SURFACE_CURVE('',#1382,(#1386,#1392),.PCURVE_S1.);
#1382 = LINE('',#1383,#1384);
#1383 = CARTESIAN_POINT('',(7.5,-9.75,7.8));
#1384 = VECTOR('',#1385,1.);
#1385 = DIRECTION('',(0.,1.,0.));
#1386 = PCURVE('',#102,#1387);
#1387 = DEFINITIONAL_REPRESENTATION('',(#1388),#1391);
#1388 = B_SPLINE_CURVE_WITH_KNOTS('',1,(#1389,#1390),.UNSPECIFIED.,.F.,
  .F.,(2,2),(2.25,17.25),.PIECEWISE_BEZIER_KNOTS.);
#1389 = CARTESIAN_POINT('',(67.5,4.5));
#1390 = CARTESIAN_POINT('',(67.5,19.5));
#1391 = ( GEOMETRIC_REPRESENTATION_CONTEXT(2) 
PARAMETRIC_REPRESENTATION_CONTEXT() REPRESENTATION_CONTEXT('2D SPACE',''
  ) );
#1392 = PCURVE('',#1393,#1398);
#1393 = PLANE('',#1394);
#1394 = AXIS2_PLACEMENT_3D('',#1395,#1396,#1397);
#1395 = CARTESIAN_POINT('',(7.5,-7.5,-9.2));
#1396 = DIRECTION('',(1.,0.,0.));
#1397 = DIRECTION('',(0.,0.,1.));
#1398 = DEFINITIONAL_REPRESENTATION('',(#1399),#1402);
#1399 = B_SPLINE_CURVE_WITH_KNOTS('',1,(#1400,#1401),.UNSPECIFIED.,.F.,
  .F.,(2,2),(2.25,17.25),.PIECEWISE_BEZIER_KNOTS.);
#1400 = CARTESIAN_POINT('',(17.,0.));
#1401 = CARTESIAN_POINT('',(17.,-15.));
#1402 = ( GEOMETRIC_REPRESENTATION_CONTEXT(2) 
PARAMETRIC_REPRESENTATION_CONTEXT() REPRESENTATION_CONTEXT('2D SPACE',''
  ) );
#1403 = ADVANCED_FACE('',(#1404),#128,.T.);
#1404 = FACE_BOUND('',#1405,.F.);
#1405 = EDGE_LOOP('',(#1406,#1429,#1430,#1453));
#1406 = ORIENTED_EDGE('',*,*,#1407,.F.);
#1407 = EDGE_CURVE('',#88,#1408,#1410,.T.);
#1408 = VERTEX_POINT('',#1409);
#1409 = CARTESIAN_POINT('',(-53.32091754553,3.,9.238498664096));
#1410 = SURFACE_CURVE('',#1411,(#1415,#1422),.PCURVE_S1.);
#1411 = LINE('',#1412,#1413);
#1412 = CARTESIAN_POINT('',(-12.27621969679,3.,-3.310124779464));
#1413 = VECTOR('',#1414,1.);
#1414 = DIRECTION('',(-0.956304755963,0.,0.292371704723));
#1415 = PCURVE('',#128,#1416);
#1416 = DEFINITIONAL_REPRESENTATION('',(#1417),#1421);
#1417 = LINE('',#1418,#1419);
#1418 = CARTESIAN_POINT('',(-0.,6.));
#1419 = VECTOR('',#1420,1.);
#1420 = DIRECTION('',(-1.,0.));
#1421 = ( GEOMETRIC_REPRESENTATION_CONTEXT(2) 
PARAMETRIC_REPRESENTATION_CONTEXT() REPRESENTATION_CONTEXT('2D SPACE',''
  ) );
#1422 = PCURVE('',#787,#1423);
#1423 = DEFINITIONAL_REPRESENTATION('',(#1424),#1428);
#1424 = LINE('',#1425,#1426);
#1425 = CARTESIAN_POINT('',(-0.,0.));
#1426 = VECTOR('',#1427,1.);
#1427 = DIRECTION('',(3.433481475414E-17,1.));
#1428 = ( GEOMETRIC_REPRESENTATION_CONTEXT(2) 
PARAMETRIC_REPRESENTATION_CONTEXT() REPRESENTATION_CONTEXT('2D SPACE',''
  ) );
#1429 = ORIENTED_EDGE('',*,*,#113,.T.);
#1430 = ORIENTED_EDGE('',*,*,#1431,.T.);
#1431 = EDGE_CURVE('',#114,#1432,#1434,.T.);
#1432 = VERTEX_POINT('',#1433);
#1433 = CARTESIAN_POINT('',(-53.32091754553,-3.,9.238498664096));
#1434 = SURFACE_CURVE('',#1435,(#1439,#1446),.PCURVE_S1.);
#1435 = LINE('',#1436,#1437);
#1436 = CARTESIAN_POINT('',(-12.27621969679,-3.,-3.310124779464));
#1437 = VECTOR('',#1438,1.);
#1438 = DIRECTION('',(-0.956304755963,0.,0.292371704723));
#1439 = PCURVE('',#128,#1440);
#1440 = DEFINITIONAL_REPRESENTATION('',(#1441),#1445);
#1441 = LINE('',#1442,#1443);
#1442 = CARTESIAN_POINT('',(-0.,0.));
#1443 = VECTOR('',#1444,1.);
#1444 = DIRECTION('',(-1.,0.));
#1445 = ( GEOMETRIC_REPRESENTATION_CONTEXT(2) 
PARAMETRIC_REPRESENTATION_CONTEXT() REPRESENTATION_CONTEXT('2D SPACE',''
  ) );
#1446 = PCURVE('',#838,#1447);
#1447 = DEFINITIONAL_REPRESENTATION('',(#1448),#1452);
#1448 = LINE('',#1449,#1450);
#1449 = CARTESIAN_POINT('',(-0.,0.));
#1450 = VECTOR('',#1451,1.);
#1451 = DIRECTION('',(3.433481475414E-17,1.));
#1452 = ( GEOMETRIC_REPRESENTATION_CONTEXT(2) 
PARAMETRIC_REPRESENTATION_CONTEXT() REPRESENTATION_CONTEXT('2D SPACE',''
  ) );
#1453 = ORIENTED_EDGE('',*,*,#1454,.F.);
#1454 = EDGE_CURVE('',#1408,#1432,#1455,.T.);
#1455 = SURFACE_CURVE('',#1456,(#1460,#1467),.PCURVE_S1.);
#1456 = LINE('',#1457,#1458);
#1457 = CARTESIAN_POINT('',(-53.32091754553,20.,9.238498664096));
#1458 = VECTOR('',#1459,1.);
#1459 = DIRECTION('',(-0.,-1.,2.22044604925E-16));
#1460 = PCURVE('',#128,#1461);
#1461 = DEFINITIONAL_REPRESENTATION('',(#1462),#1466);
#1462 = LINE('',#1463,#1464);
#1463 = CARTESIAN_POINT('',(-42.92010218793,23.));
#1464 = VECTOR('',#1465,1.);
#1465 = DIRECTION('',(-6.491955966642E-17,-1.));
#1466 = ( GEOMETRIC_REPRESENTATION_CONTEXT(2) 
PARAMETRIC_REPRESENTATION_CONTEXT() REPRESENTATION_CONTEXT('2D SPACE',''
  ) );
#1467 = PCURVE('',#351,#1468);
#1468 = DEFINITIONAL_REPRESENTATION('',(#1469),#1473);
#1469 = LINE('',#1470,#1471);
#1470 = CARTESIAN_POINT('',(7.228010654149,-1.));
#1471 = VECTOR('',#1472,1.);
#1472 = DIRECTION('',(0.,1.));
#1473 = ( GEOMETRIC_REPRESENTATION_CONTEXT(2) 
PARAMETRIC_REPRESENTATION_CONTEXT() REPRESENTATION_CONTEXT('2D SPACE',''
  ) );
#1474 = ADVANCED_FACE('',(#1475),#71,.T.);
#1475 = FACE_BOUND('',#1476,.T.);
#1476 = EDGE_LOOP('',(#1477,#1478,#1479,#1507,#1535,#1558,#1581,#1601));
#1477 = ORIENTED_EDGE('',*,*,#54,.F.);
#1478 = ORIENTED_EDGE('',*,*,#314,.T.);
#1479 = ORIENTED_EDGE('',*,*,#1480,.T.);
#1480 = EDGE_CURVE('',#315,#1481,#1483,.T.);
#1481 = VERTEX_POINT('',#1482);
#1482 = CARTESIAN_POINT('',(-60.,12.,11.4));
#1483 = SURFACE_CURVE('',#1484,(#1489,#1500),.PCURVE_S1.);
#1484 = CIRCLE('',#1485,11.4);
#1485 = AXIS2_PLACEMENT_3D('',#1486,#1487,#1488);
#1486 = CARTESIAN_POINT('',(-60.,12.,-2.6645352591E-15));
#1487 = DIRECTION('',(0.,-1.,2.22044604925E-16));
#1488 = DIRECTION('',(1.,0.,0.));
#1489 = PCURVE('',#71,#1490);
#1490 = DEFINITIONAL_REPRESENTATION('',(#1491),#1499);
#1491 = ( BOUNDED_CURVE() B_SPLINE_CURVE(2,(#1492,#1493,#1494,#1495,
#1496,#1497,#1498),.UNSPECIFIED.,.T.,.F.) B_SPLINE_CURVE_WITH_KNOTS((1,2
    ,2,2,2,1),(-2.094395102393,0.,2.094395102393,4.188790204786,
6.28318530718,8.377580409573),.UNSPECIFIED.) CURVE() 
GEOMETRIC_REPRESENTATION_ITEM() RATIONAL_B_SPLINE_CURVE((1.,0.5,1.,0.5,
1.,0.5,1.)) REPRESENTATION_ITEM('') );
#1492 = CARTESIAN_POINT('',(200.,151.4));
#1493 = CARTESIAN_POINT('',(219.74537920628,151.4));
#1494 = CARTESIAN_POINT('',(209.87268960314,134.3));
#1495 = CARTESIAN_POINT('',(200.,117.2));
#1496 = CARTESIAN_POINT('',(190.12731039685,134.3));
#1497 = CARTESIAN_POINT('',(180.25462079371,151.4));
#1498 = CARTESIAN_POINT('',(200.,151.4));
#1499 = ( GEOMETRIC_REPRESENTATION_CONTEXT(2) 
PARAMETRIC_REPRESENTATION_CONTEXT() REPRESENTATION_CONTEXT('2D SPACE',''
  ) );
#1500 = PCURVE('',#351,#1501);
#1501 = DEFINITIONAL_REPRESENTATION('',(#1502),#1506);
#1502 = LINE('',#1503,#1504);
#1503 = CARTESIAN_POINT('',(0.,7.));
#1504 = VECTOR('',#1505,1.);
#1505 = DIRECTION('',(1.,0.));
#1506 = ( GEOMETRIC_REPRESENTATION_CONTEXT(2) 
PARAMETRIC_REPRESENTATION_CONTEXT() REPRESENTATION_CONTEXT('2D SPACE',''
  ) );
#1507 = ORIENTED_EDGE('',*,*,#1508,.T.);
#1508 = EDGE_CURVE('',#1481,#1509,#1511,.T.);
#1509 = VERTEX_POINT('',#1510);
#1510 = CARTESIAN_POINT('',(-60.,12.,13.8));
#1511 = SURFACE_CURVE('',#1512,(#1516,#1523),.PCURVE_S1.);
#1512 = LINE('',#1513,#1514);
#1513 = CARTESIAN_POINT('',(-60.,12.,11.4));
#1514 = VECTOR('',#1515,1.);
#1515 = DIRECTION('',(0.,0.,1.));
#1516 = PCURVE('',#71,#1517);
#1517 = DEFINITIONAL_REPRESENTATION('',(#1518),#1522);
#1518 = LINE('',#1519,#1520);
#1519 = CARTESIAN_POINT('',(211.4,140.));
#1520 = VECTOR('',#1521,1.);
#1521 = DIRECTION('',(1.,0.));
#1522 = ( GEOMETRIC_REPRESENTATION_CONTEXT(2) 
PARAMETRIC_REPRESENTATION_CONTEXT() REPRESENTATION_CONTEXT('2D SPACE',''
  ) );
#1523 = PCURVE('',#1524,#1529);
#1524 = PLANE('',#1525);
#1525 = AXIS2_PLACEMENT_3D('',#1526,#1527,#1528);
#1526 = CARTESIAN_POINT('',(-60.,1.480297366167E-16,9.080106438912E-16)
  );
#1527 = DIRECTION('',(1.,0.,0.));
#1528 = DIRECTION('',(0.,1.,0.));
#1529 = DEFINITIONAL_REPRESENTATION('',(#1530),#1534);
#1530 = LINE('',#1531,#1532);
#1531 = CARTESIAN_POINT('',(12.,11.4));
#1532 = VECTOR('',#1533,1.);
#1533 = DIRECTION('',(0.,1.));
#1534 = ( GEOMETRIC_REPRESENTATION_CONTEXT(2) 
PARAMETRIC_REPRESENTATION_CONTEXT() REPRESENTATION_CONTEXT('2D SPACE',''
  ) );
#1535 = ORIENTED_EDGE('',*,*,#1536,.T.);
#1536 = EDGE_CURVE('',#1509,#1537,#1539,.T.);
#1537 = VERTEX_POINT('',#1538);
#1538 = CARTESIAN_POINT('',(-12.04159457879,12.,13.8));
#1539 = SURFACE_CURVE('',#1540,(#1544,#1551),.PCURVE_S1.);
#1540 = LINE('',#1541,#1542);
#1541 = CARTESIAN_POINT('',(-60.,12.,13.8));
#1542 = VECTOR('',#1543,1.);
#1543 = DIRECTION('',(1.,0.,0.));
#1544 = PCURVE('',#71,#1545);
#1545 = DEFINITIONAL_REPRESENTATION('',(#1546),#1550);
#1546 = LINE('',#1547,#1548);
#1547 = CARTESIAN_POINT('',(213.8,140.));
#1548 = VECTOR('',#1549,1.);
#1549 = DIRECTION('',(0.,1.));
#1550 = ( GEOMETRIC_REPRESENTATION_CONTEXT(2) 
PARAMETRIC_REPRESENTATION_CONTEXT() REPRESENTATION_CONTEXT('2D SPACE',''
  ) );
#1551 = PCURVE('',#657,#1552);
#1552 = DEFINITIONAL_REPRESENTATION('',(#1553),#1557);
#1553 = LINE('',#1554,#1555);
#1554 = CARTESIAN_POINT('',(0.,24.));
#1555 = VECTOR('',#1556,1.);
#1556 = DIRECTION('',(1.,0.));
#1557 = ( GEOMETRIC_REPRESENTATION_CONTEXT(2) 
PARAMETRIC_REPRESENTATION_CONTEXT() REPRESENTATION_CONTEXT('2D SPACE',''
  ) );
#1558 = ORIENTED_EDGE('',*,*,#1559,.F.);
#1559 = EDGE_CURVE('',#1560,#1537,#1562,.T.);
#1560 = VERTEX_POINT('',#1561);
#1561 = CARTESIAN_POINT('',(-12.04159457879,12.,10.8));
#1562 = SURFACE_CURVE('',#1563,(#1567,#1574),.PCURVE_S1.);
#1563 = LINE('',#1564,#1565);
#1564 = CARTESIAN_POINT('',(-12.04159457879,12.,7.8));
#1565 = VECTOR('',#1566,1.);
#1566 = DIRECTION('',(0.,0.,1.));
#1567 = PCURVE('',#71,#1568);
#1568 = DEFINITIONAL_REPRESENTATION('',(#1569),#1573);
#1569 = LINE('',#1570,#1571);
#1570 = CARTESIAN_POINT('',(207.8,187.9584054212));
#1571 = VECTOR('',#1572,1.);
#1572 = DIRECTION('',(1.,0.));
#1573 = ( GEOMETRIC_REPRESENTATION_CONTEXT(2) 
PARAMETRIC_REPRESENTATION_CONTEXT() REPRESENTATION_CONTEXT('2D SPACE',''
  ) );
#1574 = PCURVE('',#685,#1575);
#1575 = DEFINITIONAL_REPRESENTATION('',(#1576),#1580);
#1576 = LINE('',#1577,#1578);
#1577 = CARTESIAN_POINT('',(2.357924597451,-3.));
#1578 = VECTOR('',#1579,1.);
#1579 = DIRECTION('',(0.,1.));
#1580 = ( GEOMETRIC_REPRESENTATION_CONTEXT(2) 
PARAMETRIC_REPRESENTATION_CONTEXT() REPRESENTATION_CONTEXT('2D SPACE',''
  ) );
#1581 = ORIENTED_EDGE('',*,*,#1582,.F.);
#1582 = EDGE_CURVE('',#749,#1560,#1583,.T.);
#1583 = SURFACE_CURVE('',#1584,(#1588,#1595),.PCURVE_S1.);
#1584 = LINE('',#1585,#1586);
#1585 = CARTESIAN_POINT('',(-12.04159457879,12.,7.8));
#1586 = VECTOR('',#1587,1.);
#1587 = DIRECTION('',(0.,0.,1.));
#1588 = PCURVE('',#71,#1589);
#1589 = DEFINITIONAL_REPRESENTATION('',(#1590),#1594);
#1590 = LINE('',#1591,#1592);
#1591 = CARTESIAN_POINT('',(207.8,187.9584054212));
#1592 = VECTOR('',#1593,1.);
#1593 = DIRECTION('',(1.,0.));
#1594 = ( GEOMETRIC_REPRESENTATION_CONTEXT(2) 
PARAMETRIC_REPRESENTATION_CONTEXT() REPRESENTATION_CONTEXT('2D SPACE',''
  ) );
#1595 = PCURVE('',#1074,#1596);
#1596 = DEFINITIONAL_REPRESENTATION('',(#1597),#1600);
#1597 = B_SPLINE_CURVE_WITH_KNOTS('',1,(#1598,#1599),.UNSPECIFIED.,.F.,
  .F.,(2,2),(-2.399999999625E-06,6.0000024),.PIECEWISE_BEZIER_KNOTS.);
#1598 = CARTESIAN_POINT('',(2.357924597451,-2.399999999625E-06));
#1599 = CARTESIAN_POINT('',(2.357924597451,6.0000024));
#1600 = ( GEOMETRIC_REPRESENTATION_CONTEXT(2) 
PARAMETRIC_REPRESENTATION_CONTEXT() REPRESENTATION_CONTEXT('2D SPACE',''
  ) );
#1601 = ORIENTED_EDGE('',*,*,#748,.F.);
#1602 = ADVANCED_FACE('',(#1603),#351,.F.);
#1603 = FACE_BOUND('',#1604,.F.);
#1604 = EDGE_LOOP('',(#1605,#1606,#1607,#1629,#1651,#1652,#1676,#1696,
    #1697,#1698,#1699,#1700));
#1605 = ORIENTED_EDGE('',*,*,#336,.F.);
#1606 = ORIENTED_EDGE('',*,*,#1480,.T.);
#1607 = ORIENTED_EDGE('',*,*,#1608,.T.);
#1608 = EDGE_CURVE('',#1481,#1609,#1611,.T.);
#1609 = VERTEX_POINT('',#1610);
#1610 = CARTESIAN_POINT('',(-60.,3.,11.4));
#1611 = SURFACE_CURVE('',#1612,(#1616,#1622),.PCURVE_S1.);
#1612 = LINE('',#1613,#1614);
#1613 = CARTESIAN_POINT('',(-60.,19.,11.4));
#1614 = VECTOR('',#1615,1.);
#1615 = DIRECTION('',(0.,-1.,2.22044604925E-16));
#1616 = PCURVE('',#351,#1617);
#1617 = DEFINITIONAL_REPRESENTATION('',(#1618),#1621);
#1618 = B_SPLINE_CURVE_WITH_KNOTS('',1,(#1619,#1620),.UNSPECIFIED.,.F.,
  .F.,(2,2),(5.,33.),.PIECEWISE_BEZIER_KNOTS.);
#1619 = CARTESIAN_POINT('',(7.853981633974,5.));
#1620 = CARTESIAN_POINT('',(7.853981633974,33.));
#1621 = ( GEOMETRIC_REPRESENTATION_CONTEXT(2) 
PARAMETRIC_REPRESENTATION_CONTEXT() REPRESENTATION_CONTEXT('2D SPACE',''
  ) );
#1622 = PCURVE('',#1524,#1623);
#1623 = DEFINITIONAL_REPRESENTATION('',(#1624),#1628);
#1624 = LINE('',#1625,#1626);
#1625 = CARTESIAN_POINT('',(19.,11.4));
#1626 = VECTOR('',#1627,1.);
#1627 = DIRECTION('',(-1.,2.22044604925E-16));
#1628 = ( GEOMETRIC_REPRESENTATION_CONTEXT(2) 
PARAMETRIC_REPRESENTATION_CONTEXT() REPRESENTATION_CONTEXT('2D SPACE',''
  ) );
#1629 = ORIENTED_EDGE('',*,*,#1630,.T.);
#1630 = EDGE_CURVE('',#1609,#1408,#1631,.T.);
#1631 = SURFACE_CURVE('',#1632,(#1637,#1644),.PCURVE_S1.);
#1632 = CIRCLE('',#1633,11.4);
#1633 = AXIS2_PLACEMENT_3D('',#1634,#1635,#1636);
#1634 = CARTESIAN_POINT('',(-60.,3.,-6.661338147751E-16));
#1635 = DIRECTION('',(0.,1.,-2.22044604925E-16));
#1636 = DIRECTION('',(-1.,-0.,-0.));
#1637 = PCURVE('',#351,#1638);
#1638 = DEFINITIONAL_REPRESENTATION('',(#1639),#1643);
#1639 = LINE('',#1640,#1641);
#1640 = CARTESIAN_POINT('',(9.424777960769,16.));
#1641 = VECTOR('',#1642,1.);
#1642 = DIRECTION('',(-1.,0.));
#1643 = ( GEOMETRIC_REPRESENTATION_CONTEXT(2) 
PARAMETRIC_REPRESENTATION_CONTEXT() REPRESENTATION_CONTEXT('2D SPACE',''
  ) );
#1644 = PCURVE('',#787,#1645);
#1645 = DEFINITIONAL_REPRESENTATION('',(#1646),#1650);
#1646 = CIRCLE('',#1647,11.4);
#1647 = AXIS2_PLACEMENT_2D('',#1648,#1649);
#1648 = CARTESIAN_POINT('',(10.787594933628,46.606264901104));
#1649 = DIRECTION('',(0.292371704723,0.956304755963));
#1650 = ( GEOMETRIC_REPRESENTATION_CONTEXT(2) 
PARAMETRIC_REPRESENTATION_CONTEXT() REPRESENTATION_CONTEXT('2D SPACE',''
  ) );
#1651 = ORIENTED_EDGE('',*,*,#1454,.T.);
#1652 = ORIENTED_EDGE('',*,*,#1653,.F.);
#1653 = EDGE_CURVE('',#1654,#1432,#1656,.T.);
#1654 = VERTEX_POINT('',#1655);
#1655 = CARTESIAN_POINT('',(-60.,-3.,11.4));
#1656 = SURFACE_CURVE('',#1657,(#1662,#1669),.PCURVE_S1.);
#1657 = CIRCLE('',#1658,11.4);
#1658 = AXIS2_PLACEMENT_3D('',#1659,#1660,#1661);
#1659 = CARTESIAN_POINT('',(-60.,-3.,6.661338147751E-16));
#1660 = DIRECTION('',(0.,1.,-2.22044604925E-16));
#1661 = DIRECTION('',(-1.,-0.,-0.));
#1662 = PCURVE('',#351,#1663);
#1663 = DEFINITIONAL_REPRESENTATION('',(#1664),#1668);
#1664 = LINE('',#1665,#1666);
#1665 = CARTESIAN_POINT('',(9.424777960769,22.));
#1666 = VECTOR('',#1667,1.);
#1667 = DIRECTION('',(-1.,0.));
#1668 = ( GEOMETRIC_REPRESENTATION_CONTEXT(2) 
PARAMETRIC_REPRESENTATION_CONTEXT() REPRESENTATION_CONTEXT('2D SPACE',''
  ) );
#1669 = PCURVE('',#838,#1670);
#1670 = DEFINITIONAL_REPRESENTATION('',(#1671),#1675);
#1671 = CIRCLE('',#1672,11.4);
#1672 = AXIS2_PLACEMENT_2D('',#1673,#1674);
#1673 = CARTESIAN_POINT('',(10.787594933628,46.606264901104));
#1674 = DIRECTION('',(0.292371704723,0.956304755963));
#1675 = ( GEOMETRIC_REPRESENTATION_CONTEXT(2) 
PARAMETRIC_REPRESENTATION_CONTEXT() REPRESENTATION_CONTEXT('2D SPACE',''
  ) );
#1676 = ORIENTED_EDGE('',*,*,#1677,.T.);
#1677 = EDGE_CURVE('',#1654,#586,#1678,.T.);
#1678 = SURFACE_CURVE('',#1679,(#1683,#1689),.PCURVE_S1.);
#1679 = LINE('',#1680,#1681);
#1680 = CARTESIAN_POINT('',(-60.,19.,11.4));
#1681 = VECTOR('',#1682,1.);
#1682 = DIRECTION('',(0.,-1.,2.22044604925E-16));
#1683 = PCURVE('',#351,#1684);
#1684 = DEFINITIONAL_REPRESENTATION('',(#1685),#1688);
#1685 = B_SPLINE_CURVE_WITH_KNOTS('',1,(#1686,#1687),.UNSPECIFIED.,.F.,
  .F.,(2,2),(5.,33.),.PIECEWISE_BEZIER_KNOTS.);
#1686 = CARTESIAN_POINT('',(7.853981633974,5.));
#1687 = CARTESIAN_POINT('',(7.853981633974,33.));
#1688 = ( GEOMETRIC_REPRESENTATION_CONTEXT(2) 
PARAMETRIC_REPRESENTATION_CONTEXT() REPRESENTATION_CONTEXT('2D SPACE',''
  ) );
#1689 = PCURVE('',#629,#1690);
#1690 = DEFINITIONAL_REPRESENTATION('',(#1691),#1695);
#1691 = LINE('',#1692,#1693);
#1692 = CARTESIAN_POINT('',(19.,11.4));
#1693 = VECTOR('',#1694,1.);
#1694 = DIRECTION('',(-1.,2.22044604925E-16));
#1695 = ( GEOMETRIC_REPRESENTATION_CONTEXT(2) 
PARAMETRIC_REPRESENTATION_CONTEXT() REPRESENTATION_CONTEXT('2D SPACE',''
  ) );
#1696 = ORIENTED_EDGE('',*,*,#585,.F.);
#1697 = ORIENTED_EDGE('',*,*,#539,.F.);
#1698 = ORIENTED_EDGE('',*,*,#508,.T.);
#1699 = ORIENTED_EDGE('',*,*,#439,.F.);
#1700 = ORIENTED_EDGE('',*,*,#409,.F.);
#1701 = ADVANCED_FACE('',(#1702),#629,.F.);
#1702 = FACE_BOUND('',#1703,.F.);
#1703 = EDGE_LOOP('',(#1704,#1705,#1728,#1749));
#1704 = ORIENTED_EDGE('',*,*,#1677,.F.);
#1705 = ORIENTED_EDGE('',*,*,#1706,.F.);
#1706 = EDGE_CURVE('',#1707,#1654,#1709,.T.);
#1707 = VERTEX_POINT('',#1708);
#1708 = CARTESIAN_POINT('',(-60.,-3.,13.8));
#1709 = SURFACE_CURVE('',#1710,(#1714,#1721),.PCURVE_S1.);
#1710 = LINE('',#1711,#1712);
#1711 = CARTESIAN_POINT('',(-60.,-3.,13.8));
#1712 = VECTOR('',#1713,1.);
#1713 = DIRECTION('',(0.,0.,-1.));
#1714 = PCURVE('',#629,#1715);
#1715 = DEFINITIONAL_REPRESENTATION('',(#1716),#1720);
#1716 = LINE('',#1717,#1718);
#1717 = CARTESIAN_POINT('',(-3.,13.8));
#1718 = VECTOR('',#1719,1.);
#1719 = DIRECTION('',(0.,-1.));
#1720 = ( GEOMETRIC_REPRESENTATION_CONTEXT(2) 
PARAMETRIC_REPRESENTATION_CONTEXT() REPRESENTATION_CONTEXT('2D SPACE',''
  ) );
#1721 = PCURVE('',#838,#1722);
#1722 = DEFINITIONAL_REPRESENTATION('',(#1723),#1727);
#1723 = LINE('',#1724,#1725);
#1724 = CARTESIAN_POINT('',(-2.409410698662,50.640994426277));
#1725 = VECTOR('',#1726,1.);
#1726 = DIRECTION('',(0.956304755963,-0.292371704723));
#1727 = ( GEOMETRIC_REPRESENTATION_CONTEXT(2) 
PARAMETRIC_REPRESENTATION_CONTEXT() REPRESENTATION_CONTEXT('2D SPACE',''
  ) );
#1728 = ORIENTED_EDGE('',*,*,#1729,.F.);
#1729 = EDGE_CURVE('',#614,#1707,#1730,.T.);
#1730 = SURFACE_CURVE('',#1731,(#1735,#1742),.PCURVE_S1.);
#1731 = LINE('',#1732,#1733);
#1732 = CARTESIAN_POINT('',(-60.,-12.,13.8));
#1733 = VECTOR('',#1734,1.);
#1734 = DIRECTION('',(0.,1.,-1.480297366167E-16));
#1735 = PCURVE('',#629,#1736);
#1736 = DEFINITIONAL_REPRESENTATION('',(#1737),#1741);
#1737 = LINE('',#1738,#1739);
#1738 = CARTESIAN_POINT('',(-12.,13.8));
#1739 = VECTOR('',#1740,1.);
#1740 = DIRECTION('',(1.,-1.480297366167E-16));
#1741 = ( GEOMETRIC_REPRESENTATION_CONTEXT(2) 
PARAMETRIC_REPRESENTATION_CONTEXT() REPRESENTATION_CONTEXT('2D SPACE',''
  ) );
#1742 = PCURVE('',#657,#1743);
#1743 = DEFINITIONAL_REPRESENTATION('',(#1744),#1748);
#1744 = LINE('',#1745,#1746);
#1745 = CARTESIAN_POINT('',(0.,0.));
#1746 = VECTOR('',#1747,1.);
#1747 = DIRECTION('',(0.,1.));
#1748 = ( GEOMETRIC_REPRESENTATION_CONTEXT(2) 
PARAMETRIC_REPRESENTATION_CONTEXT() REPRESENTATION_CONTEXT('2D SPACE',''
  ) );
#1749 = ORIENTED_EDGE('',*,*,#613,.T.);
#1750 = ADVANCED_FACE('',(#1751),#657,.T.);
#1751 = FACE_BOUND('',#1752,.T.);
#1752 = EDGE_LOOP('',(#1753,#1754,#1777,#1799,#1820,#1840,#1841,#1842));
#1753 = ORIENTED_EDGE('',*,*,#1536,.F.);
#1754 = ORIENTED_EDGE('',*,*,#1755,.F.);
#1755 = EDGE_CURVE('',#1756,#1509,#1758,.T.);
#1756 = VERTEX_POINT('',#1757);
#1757 = CARTESIAN_POINT('',(-60.,3.,13.8));
#1758 = SURFACE_CURVE('',#1759,(#1763,#1770),.PCURVE_S1.);
#1759 = LINE('',#1760,#1761);
#1760 = CARTESIAN_POINT('',(-60.,-12.,13.8));
#1761 = VECTOR('',#1762,1.);
#1762 = DIRECTION('',(0.,1.,-1.480297366167E-16));
#1763 = PCURVE('',#657,#1764);
#1764 = DEFINITIONAL_REPRESENTATION('',(#1765),#1769);
#1765 = LINE('',#1766,#1767);
#1766 = CARTESIAN_POINT('',(0.,0.));
#1767 = VECTOR('',#1768,1.);
#1768 = DIRECTION('',(0.,1.));
#1769 = ( GEOMETRIC_REPRESENTATION_CONTEXT(2) 
PARAMETRIC_REPRESENTATION_CONTEXT() REPRESENTATION_CONTEXT('2D SPACE',''
  ) );
#1770 = PCURVE('',#1524,#1771);
#1771 = DEFINITIONAL_REPRESENTATION('',(#1772),#1776);
#1772 = LINE('',#1773,#1774);
#1773 = CARTESIAN_POINT('',(-12.,13.8));
#1774 = VECTOR('',#1775,1.);
#1775 = DIRECTION('',(1.,-1.480297366167E-16));
#1776 = ( GEOMETRIC_REPRESENTATION_CONTEXT(2) 
PARAMETRIC_REPRESENTATION_CONTEXT() REPRESENTATION_CONTEXT('2D SPACE',''
  ) );
#1777 = ORIENTED_EDGE('',*,*,#1778,.T.);
#1778 = EDGE_CURVE('',#1756,#1779,#1781,.T.);
#1779 = VERTEX_POINT('',#1780);
#1780 = CARTESIAN_POINT('',(-48.66410161513,3.,13.8));
#1781 = SURFACE_CURVE('',#1782,(#1786,#1792),.PCURVE_S1.);
#1782 = LINE('',#1783,#1784);
#1783 = CARTESIAN_POINT('',(-36.13810984839,3.,13.8));
#1784 = VECTOR('',#1785,1.);
#1785 = DIRECTION('',(1.,0.,0.));
#1786 = PCURVE('',#657,#1787);
#1787 = DEFINITIONAL_REPRESENTATION('',(#1788),#1791);
#1788 = B_SPLINE_CURVE_WITH_KNOTS('',1,(#1789,#1790),.UNSPECIFIED.,.F.,
  .F.,(2,2),(-23.8618901516,-6.107615342907),.PIECEWISE_BEZIER_KNOTS.);
#1789 = CARTESIAN_POINT('',(0.,15.));
#1790 = CARTESIAN_POINT('',(17.754274808693,15.));
#1791 = ( GEOMETRIC_REPRESENTATION_CONTEXT(2) 
PARAMETRIC_REPRESENTATION_CONTEXT() REPRESENTATION_CONTEXT('2D SPACE',''
  ) );
#1792 = PCURVE('',#787,#1793);
#1793 = DEFINITIONAL_REPRESENTATION('',(#1794),#1798);
#1794 = LINE('',#1795,#1796);
#1795 = CARTESIAN_POINT('',(-9.385952200192,27.821755388034));
#1796 = VECTOR('',#1797,1.);
#1797 = DIRECTION('',(-0.292371704723,-0.956304755963));
#1798 = ( GEOMETRIC_REPRESENTATION_CONTEXT(2) 
PARAMETRIC_REPRESENTATION_CONTEXT() REPRESENTATION_CONTEXT('2D SPACE',''
  ) );
#1799 = ORIENTED_EDGE('',*,*,#1800,.F.);
#1800 = EDGE_CURVE('',#1801,#1779,#1803,.T.);
#1801 = VERTEX_POINT('',#1802);
#1802 = CARTESIAN_POINT('',(-48.66410161513,-3.,13.8));
#1803 = SURFACE_CURVE('',#1804,(#1808,#1814),.PCURVE_S1.);
#1804 = LINE('',#1805,#1806);
#1805 = CARTESIAN_POINT('',(-48.66410161513,-8.5,13.8));
#1806 = VECTOR('',#1807,1.);
#1807 = DIRECTION('',(0.,1.,0.));
#1808 = PCURVE('',#657,#1809);
#1809 = DEFINITIONAL_REPRESENTATION('',(#1810),#1813);
#1810 = B_SPLINE_CURVE_WITH_KNOTS('',1,(#1811,#1812),.UNSPECIFIED.,.F.,
  .F.,(2,2),(5.5,11.5),.PIECEWISE_BEZIER_KNOTS.);
#1811 = CARTESIAN_POINT('',(11.335898384862,9.));
#1812 = CARTESIAN_POINT('',(11.335898384862,15.));
#1813 = ( GEOMETRIC_REPRESENTATION_CONTEXT(2) 
PARAMETRIC_REPRESENTATION_CONTEXT() REPRESENTATION_CONTEXT('2D SPACE',''
  ) );
#1814 = PCURVE('',#814,#1815);
#1815 = DEFINITIONAL_REPRESENTATION('',(#1816),#1819);
#1816 = B_SPLINE_CURVE_WITH_KNOTS('',1,(#1817,#1818),.UNSPECIFIED.,.F.,
  .F.,(2,2),(5.5,11.5),.PIECEWISE_BEZIER_KNOTS.);
#1817 = CARTESIAN_POINT('',(-82.92820323027,-2.));
#1818 = CARTESIAN_POINT('',(-82.92820323027,-8.));
#1819 = ( GEOMETRIC_REPRESENTATION_CONTEXT(2) 
PARAMETRIC_REPRESENTATION_CONTEXT() REPRESENTATION_CONTEXT('2D SPACE',''
  ) );
#1820 = ORIENTED_EDGE('',*,*,#1821,.F.);
#1821 = EDGE_CURVE('',#1707,#1801,#1822,.T.);
#1822 = SURFACE_CURVE('',#1823,(#1827,#1833),.PCURVE_S1.);
#1823 = LINE('',#1824,#1825);
#1824 = CARTESIAN_POINT('',(-36.13810984839,-3.,13.8));
#1825 = VECTOR('',#1826,1.);
#1826 = DIRECTION('',(1.,0.,0.));
#1827 = PCURVE('',#657,#1828);
#1828 = DEFINITIONAL_REPRESENTATION('',(#1829),#1832);
#1829 = B_SPLINE_CURVE_WITH_KNOTS('',1,(#1830,#1831),.UNSPECIFIED.,.F.,
  .F.,(2,2),(-23.8618901516,-6.107615342907),.PIECEWISE_BEZIER_KNOTS.);
#1830 = CARTESIAN_POINT('',(0.,9.));
#1831 = CARTESIAN_POINT('',(17.754274808693,9.));
#1832 = ( GEOMETRIC_REPRESENTATION_CONTEXT(2) 
PARAMETRIC_REPRESENTATION_CONTEXT() REPRESENTATION_CONTEXT('2D SPACE',''
  ) );
#1833 = PCURVE('',#838,#1834);
#1834 = DEFINITIONAL_REPRESENTATION('',(#1835),#1839);
#1835 = LINE('',#1836,#1837);
#1836 = CARTESIAN_POINT('',(-9.385952200192,27.821755388034));
#1837 = VECTOR('',#1838,1.);
#1838 = DIRECTION('',(-0.292371704723,-0.956304755963));
#1839 = ( GEOMETRIC_REPRESENTATION_CONTEXT(2) 
PARAMETRIC_REPRESENTATION_CONTEXT() REPRESENTATION_CONTEXT('2D SPACE',''
  ) );
#1840 = ORIENTED_EDGE('',*,*,#1729,.F.);
#1841 = ORIENTED_EDGE('',*,*,#641,.T.);
#1842 = ORIENTED_EDGE('',*,*,#1843,.F.);
#1843 = EDGE_CURVE('',#1537,#642,#1844,.T.);
#1844 = SURFACE_CURVE('',#1845,(#1850,#1857),.PCURVE_S1.);
#1845 = CIRCLE('',#1846,17.);
#1846 = AXIS2_PLACEMENT_3D('',#1847,#1848,#1849);
#1847 = CARTESIAN_POINT('',(0.,0.,13.8));
#1848 = DIRECTION('',(0.,0.,1.));
#1849 = DIRECTION('',(1.,0.,-0.));
#1850 = PCURVE('',#657,#1851);
#1851 = DEFINITIONAL_REPRESENTATION('',(#1852),#1856);
#1852 = CIRCLE('',#1853,17.);
#1853 = AXIS2_PLACEMENT_2D('',#1854,#1855);
#1854 = CARTESIAN_POINT('',(60.,12.));
#1855 = DIRECTION('',(1.,0.));
#1856 = ( GEOMETRIC_REPRESENTATION_CONTEXT(2) 
PARAMETRIC_REPRESENTATION_CONTEXT() REPRESENTATION_CONTEXT('2D SPACE',''
  ) );
#1857 = PCURVE('',#685,#1858);
#1858 = DEFINITIONAL_REPRESENTATION('',(#1859),#1863);
#1859 = LINE('',#1860,#1861);
#1860 = CARTESIAN_POINT('',(0.,3.));
#1861 = VECTOR('',#1862,1.);
#1862 = DIRECTION('',(1.,0.));
#1863 = ( GEOMETRIC_REPRESENTATION_CONTEXT(2) 
PARAMETRIC_REPRESENTATION_CONTEXT() REPRESENTATION_CONTEXT('2D SPACE',''
  ) );
#1864 = ADVANCED_FACE('',(#1865),#685,.F.);
#1865 = FACE_BOUND('',#1866,.F.);
#1866 = EDGE_LOOP('',(#1867,#1868,#1869,#1896));
#1867 = ORIENTED_EDGE('',*,*,#1843,.F.);
#1868 = ORIENTED_EDGE('',*,*,#1559,.F.);
#1869 = ORIENTED_EDGE('',*,*,#1870,.T.);
#1870 = EDGE_CURVE('',#1560,#670,#1871,.T.);
#1871 = SURFACE_CURVE('',#1872,(#1877,#1884),.PCURVE_S1.);
#1872 = CIRCLE('',#1873,17.);
#1873 = AXIS2_PLACEMENT_3D('',#1874,#1875,#1876);
#1874 = CARTESIAN_POINT('',(0.,0.,10.8));
#1875 = DIRECTION('',(0.,0.,1.));
#1876 = DIRECTION('',(1.,0.,0.));
#1877 = PCURVE('',#685,#1878);
#1878 = DEFINITIONAL_REPRESENTATION('',(#1879),#1883);
#1879 = LINE('',#1880,#1881);
#1880 = CARTESIAN_POINT('',(0.,0.));
#1881 = VECTOR('',#1882,1.);
#1882 = DIRECTION('',(1.,0.));
#1883 = ( GEOMETRIC_REPRESENTATION_CONTEXT(2) 
PARAMETRIC_REPRESENTATION_CONTEXT() REPRESENTATION_CONTEXT('2D SPACE',''
  ) );
#1884 = PCURVE('',#1885,#1890);
#1885 = PLANE('',#1886);
#1886 = AXIS2_PLACEMENT_3D('',#1887,#1888,#1889);
#1887 = CARTESIAN_POINT('',(0.,0.,10.8));
#1888 = DIRECTION('',(0.,0.,1.));
#1889 = DIRECTION('',(1.,0.,0.));
#1890 = DEFINITIONAL_REPRESENTATION('',(#1891),#1895);
#1891 = CIRCLE('',#1892,17.);
#1892 = AXIS2_PLACEMENT_2D('',#1893,#1894);
#1893 = CARTESIAN_POINT('',(0.,0.));
#1894 = DIRECTION('',(1.,0.));
#1895 = ( GEOMETRIC_REPRESENTATION_CONTEXT(2) 
PARAMETRIC_REPRESENTATION_CONTEXT() REPRESENTATION_CONTEXT('2D SPACE',''
  ) );
#1896 = ORIENTED_EDGE('',*,*,#669,.T.);
#1897 = ADVANCED_FACE('',(#1898),#713,.T.);
#1898 = FACE_BOUND('',#1899,.T.);
#1899 = EDGE_LOOP('',(#1900,#1901,#1923,#1945));
#1900 = ORIENTED_EDGE('',*,*,#852,.T.);
#1901 = ORIENTED_EDGE('',*,*,#1902,.T.);
#1902 = EDGE_CURVE('',#853,#1903,#1905,.T.);
#1903 = VERTEX_POINT('',#1904);
#1904 = CARTESIAN_POINT('',(12.041594578792,-12.,10.8));
#1905 = SURFACE_CURVE('',#1906,(#1910,#1916),.PCURVE_S1.);
#1906 = LINE('',#1907,#1908);
#1907 = CARTESIAN_POINT('',(12.041594578792,-12.,7.8));
#1908 = VECTOR('',#1909,1.);
#1909 = DIRECTION('',(0.,0.,1.));
#1910 = PCURVE('',#713,#1911);
#1911 = DEFINITIONAL_REPRESENTATION('',(#1912),#1915);
#1912 = B_SPLINE_CURVE_WITH_KNOTS('',1,(#1913,#1914),.UNSPECIFIED.,.F.,
  .F.,(2,2),(-2.399999999625E-06,6.0000024),.PIECEWISE_BEZIER_KNOTS.);
#1913 = CARTESIAN_POINT('',(5.499517251041,-2.399999999625E-06));
#1914 = CARTESIAN_POINT('',(5.499517251041,6.0000024));
#1915 = ( GEOMETRIC_REPRESENTATION_CONTEXT(2) 
PARAMETRIC_REPRESENTATION_CONTEXT() REPRESENTATION_CONTEXT('2D SPACE',''
  ) );
#1916 = PCURVE('',#892,#1917);
#1917 = DEFINITIONAL_REPRESENTATION('',(#1918),#1922);
#1918 = LINE('',#1919,#1920);
#1919 = CARTESIAN_POINT('',(0.,72.041594578792));
#1920 = VECTOR('',#1921,1.);
#1921 = DIRECTION('',(1.,0.));
#1922 = ( GEOMETRIC_REPRESENTATION_CONTEXT(2) 
PARAMETRIC_REPRESENTATION_CONTEXT() REPRESENTATION_CONTEXT('2D SPACE',''
  ) );
#1923 = ORIENTED_EDGE('',*,*,#1924,.F.);
#1924 = EDGE_CURVE('',#670,#1903,#1925,.T.);
#1925 = SURFACE_CURVE('',#1926,(#1931,#1938),.PCURVE_S1.);
#1926 = CIRCLE('',#1927,17.);
#1927 = AXIS2_PLACEMENT_3D('',#1928,#1929,#1930);
#1928 = CARTESIAN_POINT('',(0.,0.,10.8));
#1929 = DIRECTION('',(0.,0.,1.));
#1930 = DIRECTION('',(1.,0.,0.));
#1931 = PCURVE('',#713,#1932);
#1932 = DEFINITIONAL_REPRESENTATION('',(#1933),#1937);
#1933 = LINE('',#1934,#1935);
#1934 = CARTESIAN_POINT('',(0.,3.));
#1935 = VECTOR('',#1936,1.);
#1936 = DIRECTION('',(1.,0.));
#1937 = ( GEOMETRIC_REPRESENTATION_CONTEXT(2) 
PARAMETRIC_REPRESENTATION_CONTEXT() REPRESENTATION_CONTEXT('2D SPACE',''
  ) );
#1938 = PCURVE('',#1885,#1939);
#1939 = DEFINITIONAL_REPRESENTATION('',(#1940),#1944);
#1940 = CIRCLE('',#1941,17.);
#1941 = AXIS2_PLACEMENT_2D('',#1942,#1943);
#1942 = CARTESIAN_POINT('',(0.,0.));
#1943 = DIRECTION('',(1.,0.));
#1944 = ( GEOMETRIC_REPRESENTATION_CONTEXT(2) 
PARAMETRIC_REPRESENTATION_CONTEXT() REPRESENTATION_CONTEXT('2D SPACE',''
  ) );
#1945 = ORIENTED_EDGE('',*,*,#697,.F.);
#1946 = ADVANCED_FACE('',(#1947),#1074,.T.);
#1947 = FACE_BOUND('',#1948,.T.);
#1948 = EDGE_LOOP('',(#1949,#1973,#1993,#1994));
#1949 = ORIENTED_EDGE('',*,*,#1950,.F.);
#1950 = EDGE_CURVE('',#1951,#1560,#1953,.T.);
#1951 = VERTEX_POINT('',#1952);
#1952 = CARTESIAN_POINT('',(12.041594578792,12.,10.8));
#1953 = SURFACE_CURVE('',#1954,(#1959,#1966),.PCURVE_S1.);
#1954 = CIRCLE('',#1955,17.);
#1955 = AXIS2_PLACEMENT_3D('',#1956,#1957,#1958);
#1956 = CARTESIAN_POINT('',(0.,0.,10.8));
#1957 = DIRECTION('',(0.,0.,1.));
#1958 = DIRECTION('',(1.,0.,0.));
#1959 = PCURVE('',#1074,#1960);
#1960 = DEFINITIONAL_REPRESENTATION('',(#1961),#1965);
#1961 = LINE('',#1962,#1963);
#1962 = CARTESIAN_POINT('',(0.,3.));
#1963 = VECTOR('',#1964,1.);
#1964 = DIRECTION('',(1.,0.));
#1965 = ( GEOMETRIC_REPRESENTATION_CONTEXT(2) 
PARAMETRIC_REPRESENTATION_CONTEXT() REPRESENTATION_CONTEXT('2D SPACE',''
  ) );
#1966 = PCURVE('',#1885,#1967);
#1967 = DEFINITIONAL_REPRESENTATION('',(#1968),#1972);
#1968 = CIRCLE('',#1969,17.);
#1969 = AXIS2_PLACEMENT_2D('',#1970,#1971);
#1970 = CARTESIAN_POINT('',(0.,0.));
#1971 = DIRECTION('',(1.,0.));
#1972 = ( GEOMETRIC_REPRESENTATION_CONTEXT(2) 
PARAMETRIC_REPRESENTATION_CONTEXT() REPRESENTATION_CONTEXT('2D SPACE',''
  ) );
#1973 = ORIENTED_EDGE('',*,*,#1974,.F.);
#1974 = EDGE_CURVE('',#1032,#1951,#1975,.T.);
#1975 = SURFACE_CURVE('',#1976,(#1980,#1986),.PCURVE_S1.);
#1976 = LINE('',#1977,#1978);
#1977 = CARTESIAN_POINT('',(12.041594578792,12.,7.8));
#1978 = VECTOR('',#1979,1.);
#1979 = DIRECTION('',(0.,0.,1.));
#1980 = PCURVE('',#1074,#1981);
#1981 = DEFINITIONAL_REPRESENTATION('',(#1982),#1985);
#1982 = B_SPLINE_CURVE_WITH_KNOTS('',1,(#1983,#1984),.UNSPECIFIED.,.F.,
  .F.,(2,2),(-2.399999999625E-06,6.0000024),.PIECEWISE_BEZIER_KNOTS.);
#1983 = CARTESIAN_POINT('',(0.783668056139,-2.399999999625E-06));
#1984 = CARTESIAN_POINT('',(0.783668056139,6.0000024));
#1985 = ( GEOMETRIC_REPRESENTATION_CONTEXT(2) 
PARAMETRIC_REPRESENTATION_CONTEXT() REPRESENTATION_CONTEXT('2D SPACE',''
  ) );
#1986 = PCURVE('',#1047,#1987);
#1987 = DEFINITIONAL_REPRESENTATION('',(#1988),#1992);
#1988 = LINE('',#1989,#1990);
#1989 = CARTESIAN_POINT('',(0.,72.041594578792));
#1990 = VECTOR('',#1991,1.);
#1991 = DIRECTION('',(1.,0.));
#1992 = ( GEOMETRIC_REPRESENTATION_CONTEXT(2) 
PARAMETRIC_REPRESENTATION_CONTEXT() REPRESENTATION_CONTEXT('2D SPACE',''
  ) );
#1993 = ORIENTED_EDGE('',*,*,#1059,.T.);
#1994 = ORIENTED_EDGE('',*,*,#1582,.T.);
#1995 = ADVANCED_FACE('',(#1996),#1047,.T.);
#1996 = FACE_BOUND('',#1997,.T.);
#1997 = EDGE_LOOP('',(#1998,#1999,#2000,#2027,#2055,#2083,#2116,#2143));
#1998 = ORIENTED_EDGE('',*,*,#1031,.F.);
#1999 = ORIENTED_EDGE('',*,*,#1974,.T.);
#2000 = ORIENTED_EDGE('',*,*,#2001,.T.);
#2001 = EDGE_CURVE('',#1951,#2002,#2004,.T.);
#2002 = VERTEX_POINT('',#2003);
#2003 = CARTESIAN_POINT('',(12.041594578792,12.,13.8));
#2004 = SURFACE_CURVE('',#2005,(#2009,#2016),.PCURVE_S1.);
#2005 = LINE('',#2006,#2007);
#2006 = CARTESIAN_POINT('',(12.041594578792,12.,7.8));
#2007 = VECTOR('',#2008,1.);
#2008 = DIRECTION('',(0.,0.,1.));
#2009 = PCURVE('',#1047,#2010);
#2010 = DEFINITIONAL_REPRESENTATION('',(#2011),#2015);
#2011 = LINE('',#2012,#2013);
#2012 = CARTESIAN_POINT('',(0.,72.041594578792));
#2013 = VECTOR('',#2014,1.);
#2014 = DIRECTION('',(1.,0.));
#2015 = ( GEOMETRIC_REPRESENTATION_CONTEXT(2) 
PARAMETRIC_REPRESENTATION_CONTEXT() REPRESENTATION_CONTEXT('2D SPACE',''
  ) );
#2016 = PCURVE('',#2017,#2022);
#2017 = CYLINDRICAL_SURFACE('',#2018,17.);
#2018 = AXIS2_PLACEMENT_3D('',#2019,#2020,#2021);
#2019 = CARTESIAN_POINT('',(0.,0.,10.8));
#2020 = DIRECTION('',(0.,0.,1.));
#2021 = DIRECTION('',(1.,0.,0.));
#2022 = DEFINITIONAL_REPRESENTATION('',(#2023),#2026);
#2023 = B_SPLINE_CURVE_WITH_KNOTS('',1,(#2024,#2025),.UNSPECIFIED.,.F.,
  .F.,(2,2),(3.,6.),.PIECEWISE_BEZIER_KNOTS.);
#2024 = CARTESIAN_POINT('',(7.066853363318,0.));
#2025 = CARTESIAN_POINT('',(7.066853363318,3.));
#2026 = ( GEOMETRIC_REPRESENTATION_CONTEXT(2) 
PARAMETRIC_REPRESENTATION_CONTEXT() REPRESENTATION_CONTEXT('2D SPACE',''
  ) );
#2027 = ORIENTED_EDGE('',*,*,#2028,.T.);
#2028 = EDGE_CURVE('',#2002,#2029,#2031,.T.);
#2029 = VERTEX_POINT('',#2030);
#2030 = CARTESIAN_POINT('',(60.,12.,13.8));
#2031 = SURFACE_CURVE('',#2032,(#2036,#2043),.PCURVE_S1.);
#2032 = LINE('',#2033,#2034);
#2033 = CARTESIAN_POINT('',(-60.,12.,13.8));
#2034 = VECTOR('',#2035,1.);
#2035 = DIRECTION('',(1.,0.,0.));
#2036 = PCURVE('',#1047,#2037);
#2037 = DEFINITIONAL_REPRESENTATION('',(#2038),#2042);
#2038 = LINE('',#2039,#2040);
#2039 = CARTESIAN_POINT('',(6.,0.));
#2040 = VECTOR('',#2041,1.);
#2041 = DIRECTION('',(0.,1.));
#2042 = ( GEOMETRIC_REPRESENTATION_CONTEXT(2) 
PARAMETRIC_REPRESENTATION_CONTEXT() REPRESENTATION_CONTEXT('2D SPACE',''
  ) );
#2043 = PCURVE('',#2044,#2049);
#2044 = PLANE('',#2045);
#2045 = AXIS2_PLACEMENT_3D('',#2046,#2047,#2048);
#2046 = CARTESIAN_POINT('',(-60.,-12.,13.8));
#2047 = DIRECTION('',(0.,0.,1.));
#2048 = DIRECTION('',(1.,0.,0.));
#2049 = DEFINITIONAL_REPRESENTATION('',(#2050),#2054);
#2050 = LINE('',#2051,#2052);
#2051 = CARTESIAN_POINT('',(0.,24.));
#2052 = VECTOR('',#2053,1.);
#2053 = DIRECTION('',(1.,0.));
#2054 = ( GEOMETRIC_REPRESENTATION_CONTEXT(2) 
PARAMETRIC_REPRESENTATION_CONTEXT() REPRESENTATION_CONTEXT('2D SPACE',''
  ) );
#2055 = ORIENTED_EDGE('',*,*,#2056,.T.);
#2056 = EDGE_CURVE('',#2029,#2057,#2059,.T.);
#2057 = VERTEX_POINT('',#2058);
#2058 = CARTESIAN_POINT('',(60.,12.,11.4));
#2059 = SURFACE_CURVE('',#2060,(#2064,#2071),.PCURVE_S1.);
#2060 = LINE('',#2061,#2062);
#2061 = CARTESIAN_POINT('',(60.,12.,13.8));
#2062 = VECTOR('',#2063,1.);
#2063 = DIRECTION('',(0.,0.,-1.));
#2064 = PCURVE('',#1047,#2065);
#2065 = DEFINITIONAL_REPRESENTATION('',(#2066),#2070);
#2066 = LINE('',#2067,#2068);
#2067 = CARTESIAN_POINT('',(6.,120.));
#2068 = VECTOR('',#2069,1.);
#2069 = DIRECTION('',(-1.,0.));
#2070 = ( GEOMETRIC_REPRESENTATION_CONTEXT(2) 
PARAMETRIC_REPRESENTATION_CONTEXT() REPRESENTATION_CONTEXT('2D SPACE',''
  ) );
#2071 = PCURVE('',#2072,#2077);
#2072 = PLANE('',#2073);
#2073 = AXIS2_PLACEMENT_3D('',#2074,#2075,#2076);
#2074 = CARTESIAN_POINT('',(60.,1.480297366167E-16,9.080106438912E-16));
#2075 = DIRECTION('',(1.,0.,0.));
#2076 = DIRECTION('',(0.,1.,0.));
#2077 = DEFINITIONAL_REPRESENTATION('',(#2078),#2082);
#2078 = LINE('',#2079,#2080);
#2079 = CARTESIAN_POINT('',(12.,13.8));
#2080 = VECTOR('',#2081,1.);
#2081 = DIRECTION('',(0.,-1.));
#2082 = ( GEOMETRIC_REPRESENTATION_CONTEXT(2) 
PARAMETRIC_REPRESENTATION_CONTEXT() REPRESENTATION_CONTEXT('2D SPACE',''
  ) );
#2083 = ORIENTED_EDGE('',*,*,#2084,.T.);
#2084 = EDGE_CURVE('',#2057,#2085,#2087,.T.);
#2085 = VERTEX_POINT('',#2086);
#2086 = CARTESIAN_POINT('',(60.,12.,-11.4));
#2087 = SURFACE_CURVE('',#2088,(#2093,#2104),.PCURVE_S1.);
#2088 = CIRCLE('',#2089,11.4);
#2089 = AXIS2_PLACEMENT_3D('',#2090,#2091,#2092);
#2090 = CARTESIAN_POINT('',(60.,12.,-2.6645352591E-15));
#2091 = DIRECTION('',(0.,-1.,2.22044604925E-16));
#2092 = DIRECTION('',(1.,0.,0.));
#2093 = PCURVE('',#1047,#2094);
#2094 = DEFINITIONAL_REPRESENTATION('',(#2095),#2103);
#2095 = ( BOUNDED_CURVE() B_SPLINE_CURVE(2,(#2096,#2097,#2098,#2099,
#2100,#2101,#2102),.UNSPECIFIED.,.T.,.F.) B_SPLINE_CURVE_WITH_KNOTS((1,2
    ,2,2,2,1),(-2.094395102393,0.,2.094395102393,4.188790204786,
6.28318530718,8.377580409573),.UNSPECIFIED.) CURVE() 
GEOMETRIC_REPRESENTATION_ITEM() RATIONAL_B_SPLINE_CURVE((1.,0.5,1.,0.5,
1.,0.5,1.)) REPRESENTATION_ITEM('') );
#2096 = CARTESIAN_POINT('',(-7.8,131.4));
#2097 = CARTESIAN_POINT('',(11.945379206285,131.4));
#2098 = CARTESIAN_POINT('',(2.072689603143,114.3));
#2099 = CARTESIAN_POINT('',(-7.8,97.2));
#2100 = CARTESIAN_POINT('',(-17.67268960314,114.3));
#2101 = CARTESIAN_POINT('',(-27.54537920628,131.4));
#2102 = CARTESIAN_POINT('',(-7.8,131.4));
#2103 = ( GEOMETRIC_REPRESENTATION_CONTEXT(2) 
PARAMETRIC_REPRESENTATION_CONTEXT() REPRESENTATION_CONTEXT('2D SPACE',''
  ) );
#2104 = PCURVE('',#2105,#2110);
#2105 = CYLINDRICAL_SURFACE('',#2106,11.4);
#2106 = AXIS2_PLACEMENT_3D('',#2107,#2108,#2109);
#2107 = CARTESIAN_POINT('',(60.,19.,-4.218847493576E-15));
#2108 = DIRECTION('',(0.,-1.,2.22044604925E-16));
#2109 = DIRECTION('',(1.,0.,0.));
#2110 = DEFINITIONAL_REPRESENTATION('',(#2111),#2115);
#2111 = LINE('',#2112,#2113);
#2112 = CARTESIAN_POINT('',(0.,7.));
#2113 = VECTOR('',#2114,1.);
#2114 = DIRECTION('',(1.,0.));
#2115 = ( GEOMETRIC_REPRESENTATION_CONTEXT(2) 
PARAMETRIC_REPRESENTATION_CONTEXT() REPRESENTATION_CONTEXT('2D SPACE',''
  ) );
#2116 = ORIENTED_EDGE('',*,*,#2117,.F.);
#2117 = EDGE_CURVE('',#2118,#2085,#2120,.T.);
#2118 = VERTEX_POINT('',#2119);
#2119 = CARTESIAN_POINT('',(60.,12.,-13.8));
#2120 = SURFACE_CURVE('',#2121,(#2125,#2132),.PCURVE_S1.);
#2121 = LINE('',#2122,#2123);
#2122 = CARTESIAN_POINT('',(60.,12.,-100.));
#2123 = VECTOR('',#2124,1.);
#2124 = DIRECTION('',(0.,0.,1.));
#2125 = PCURVE('',#1047,#2126);
#2126 = DEFINITIONAL_REPRESENTATION('',(#2127),#2131);
#2127 = LINE('',#2128,#2129);
#2128 = CARTESIAN_POINT('',(-107.8,120.));
#2129 = VECTOR('',#2130,1.);
#2130 = DIRECTION('',(1.,0.));
#2131 = ( GEOMETRIC_REPRESENTATION_CONTEXT(2) 
PARAMETRIC_REPRESENTATION_CONTEXT() REPRESENTATION_CONTEXT('2D SPACE',''
  ) );
#2132 = PCURVE('',#2133,#2138);
#2133 = PLANE('',#2134);
#2134 = AXIS2_PLACEMENT_3D('',#2135,#2136,#2137);
#2135 = CARTESIAN_POINT('',(60.,1.480297366167E-16,9.080106438912E-16));
#2136 = DIRECTION('',(1.,0.,0.));
#2137 = DIRECTION('',(0.,1.,0.));
#2138 = DEFINITIONAL_REPRESENTATION('',(#2139),#2142);
#2139 = B_SPLINE_CURVE_WITH_KNOTS('',1,(#2140,#2141),.UNSPECIFIED.,.F.,
  .F.,(2,2),(86.2,88.6),.PIECEWISE_BEZIER_KNOTS.);
#2140 = CARTESIAN_POINT('',(12.,-13.8));
#2141 = CARTESIAN_POINT('',(12.,-11.4));
#2142 = ( GEOMETRIC_REPRESENTATION_CONTEXT(2) 
PARAMETRIC_REPRESENTATION_CONTEXT() REPRESENTATION_CONTEXT('2D SPACE',''
  ) );
#2143 = ORIENTED_EDGE('',*,*,#2144,.F.);
#2144 = EDGE_CURVE('',#1011,#2118,#2145,.T.);
#2145 = SURFACE_CURVE('',#2146,(#2151,#2162),.PCURVE_S1.);
#2146 = CIRCLE('',#2147,13.8);
#2147 = AXIS2_PLACEMENT_3D('',#2148,#2149,#2150);
#2148 = CARTESIAN_POINT('',(60.,12.,-2.6645352591E-15));
#2149 = DIRECTION('',(0.,-1.,2.22044604925E-16));
#2150 = DIRECTION('',(1.,0.,0.));
#2151 = PCURVE('',#1047,#2152);
#2152 = DEFINITIONAL_REPRESENTATION('',(#2153),#2161);
#2153 = ( BOUNDED_CURVE() B_SPLINE_CURVE(2,(#2154,#2155,#2156,#2157,
#2158,#2159,#2160),.UNSPECIFIED.,.T.,.F.) B_SPLINE_CURVE_WITH_KNOTS((1,2
    ,2,2,2,1),(-2.094395102393,0.,2.094395102393,4.188790204786,
6.28318530718,8.377580409573),.UNSPECIFIED.) CURVE() 
GEOMETRIC_REPRESENTATION_ITEM() RATIONAL_B_SPLINE_CURVE((1.,0.5,1.,0.5,
1.,0.5,1.)) REPRESENTATION_ITEM('') );
#2154 = CARTESIAN_POINT('',(-7.8,133.8));
#2155 = CARTESIAN_POINT('',(16.10230114445,133.8));
#2156 = CARTESIAN_POINT('',(4.151150572225,113.1));
#2157 = CARTESIAN_POINT('',(-7.8,92.4));
#2158 = CARTESIAN_POINT('',(-19.75115057222,113.1));
#2159 = CARTESIAN_POINT('',(-31.70230114445,133.8));
#2160 = CARTESIAN_POINT('',(-7.8,133.8));
#2161 = ( GEOMETRIC_REPRESENTATION_CONTEXT(2) 
PARAMETRIC_REPRESENTATION_CONTEXT() REPRESENTATION_CONTEXT('2D SPACE',''
  ) );
#2162 = PCURVE('',#919,#2163);
#2163 = DEFINITIONAL_REPRESENTATION('',(#2164),#2168);
#2164 = LINE('',#2165,#2166);
#2165 = CARTESIAN_POINT('',(0.,7.));
#2166 = VECTOR('',#2167,1.);
#2167 = DIRECTION('',(1.,0.));
#2168 = ( GEOMETRIC_REPRESENTATION_CONTEXT(2) 
PARAMETRIC_REPRESENTATION_CONTEXT() REPRESENTATION_CONTEXT('2D SPACE',''
  ) );
#2169 = ADVANCED_FACE('',(#2170),#919,.T.);
#2170 = FACE_BOUND('',#2171,.T.);
#2171 = EDGE_LOOP('',(#2172,#2173,#2174,#2195,#2228,#2254,#2287,#2313,
    #2339,#2340));
#2172 = ORIENTED_EDGE('',*,*,#1010,.F.);
#2173 = ORIENTED_EDGE('',*,*,#2144,.T.);
#2174 = ORIENTED_EDGE('',*,*,#2175,.T.);
#2175 = EDGE_CURVE('',#2118,#2176,#2178,.T.);
#2176 = VERTEX_POINT('',#2177);
#2177 = CARTESIAN_POINT('',(60.,3.,-13.8));
#2178 = SURFACE_CURVE('',#2179,(#2183,#2189),.PCURVE_S1.);
#2179 = LINE('',#2180,#2181);
#2180 = CARTESIAN_POINT('',(60.,19.,-13.8));
#2181 = VECTOR('',#2182,1.);
#2182 = DIRECTION('',(0.,-1.,2.22044604925E-16));
#2183 = PCURVE('',#919,#2184);
#2184 = DEFINITIONAL_REPRESENTATION('',(#2185),#2188);
#2185 = B_SPLINE_CURVE_WITH_KNOTS('',1,(#2186,#2187),.UNSPECIFIED.,.F.,
  .F.,(2,2),(-5.999999999062E-07,38.0000006),.PIECEWISE_BEZIER_KNOTS.);
#2186 = CARTESIAN_POINT('',(4.712388980385,-5.999999994177E-07));
#2187 = CARTESIAN_POINT('',(4.712388980385,38.0000006));
#2188 = ( GEOMETRIC_REPRESENTATION_CONTEXT(2) 
PARAMETRIC_REPRESENTATION_CONTEXT() REPRESENTATION_CONTEXT('2D SPACE',''
  ) );
#2189 = PCURVE('',#2133,#2190);
#2190 = DEFINITIONAL_REPRESENTATION('',(#2191),#2194);
#2191 = B_SPLINE_CURVE_WITH_KNOTS('',1,(#2192,#2193),.UNSPECIFIED.,.F.,
  .F.,(2,2),(-5.999999999062E-07,38.0000006),.PIECEWISE_BEZIER_KNOTS.);
#2192 = CARTESIAN_POINT('',(19.0000006,-13.8));
#2193 = CARTESIAN_POINT('',(-19.0000006,-13.8));
#2194 = ( GEOMETRIC_REPRESENTATION_CONTEXT(2) 
PARAMETRIC_REPRESENTATION_CONTEXT() REPRESENTATION_CONTEXT('2D SPACE',''
  ) );
#2195 = ORIENTED_EDGE('',*,*,#2196,.F.);
#2196 = EDGE_CURVE('',#2197,#2176,#2199,.T.);
#2197 = VERTEX_POINT('',#2198);
#2198 = CARTESIAN_POINT('',(47.814215268904,3.,-6.476623386256));
#2199 = SURFACE_CURVE('',#2200,(#2205,#2212),.PCURVE_S1.);
#2200 = CIRCLE('',#2201,13.8);
#2201 = AXIS2_PLACEMENT_3D('',#2202,#2203,#2204);
#2202 = CARTESIAN_POINT('',(60.,3.,-6.661338147751E-16));
#2203 = DIRECTION('',(0.,-1.,2.22044604925E-16));
#2204 = DIRECTION('',(1.,0.,0.));
#2205 = PCURVE('',#919,#2206);
#2206 = DEFINITIONAL_REPRESENTATION('',(#2207),#2211);
#2207 = LINE('',#2208,#2209);
#2208 = CARTESIAN_POINT('',(0.,16.));
#2209 = VECTOR('',#2210,1.);
#2210 = DIRECTION('',(1.,0.));
#2211 = ( GEOMETRIC_REPRESENTATION_CONTEXT(2) 
PARAMETRIC_REPRESENTATION_CONTEXT() REPRESENTATION_CONTEXT('2D SPACE',''
  ) );
#2212 = PCURVE('',#2213,#2218);
#2213 = PLANE('',#2214);
#2214 = AXIS2_PLACEMENT_3D('',#2215,#2216,#2217);
#2215 = CARTESIAN_POINT('',(-7.055881655944,3.,-70.5904446287));
#2216 = DIRECTION('',(0.,1.,0.));
#2217 = DIRECTION('',(0.374606593416,0.,0.927183854567));
#2218 = DEFINITIONAL_REPRESENTATION('',(#2219),#2227);
#2219 = ( BOUNDED_CURVE() B_SPLINE_CURVE(2,(#2220,#2221,#2222,#2223,
#2224,#2225,#2226),.UNSPECIFIED.,.T.,.F.) B_SPLINE_CURVE_WITH_KNOTS((1,2
    ,2,2,2,1),(-2.094395102393,0.,2.094395102393,4.188790204786,
6.28318530718,8.377580409573),.UNSPECIFIED.) CURVE() 
GEOMETRIC_REPRESENTATION_ITEM() RATIONAL_B_SPLINE_CURVE((1.,0.5,1.,0.5,
1.,0.5,1.)) REPRESENTATION_ITEM('') );
#2220 = CARTESIAN_POINT('',(95.739466931201,48.52462202808));
#2221 = CARTESIAN_POINT('',(117.90129463932,39.570662421556));
#2222 = CARTESIAN_POINT('',(99.066024301555,24.854936435286));
#2223 = CARTESIAN_POINT('',(80.230753963782,10.139210449015));
#2224 = CARTESIAN_POINT('',(76.904196593428,33.80889604181));
#2225 = CARTESIAN_POINT('',(73.577639223073,57.478581634604));
#2226 = CARTESIAN_POINT('',(95.739466931201,48.52462202808));
#2227 = ( GEOMETRIC_REPRESENTATION_CONTEXT(2) 
PARAMETRIC_REPRESENTATION_CONTEXT() REPRESENTATION_CONTEXT('2D SPACE',''
  ) );
#2228 = ORIENTED_EDGE('',*,*,#2229,.T.);
#2229 = EDGE_CURVE('',#2197,#2230,#2232,.T.);
#2230 = VERTEX_POINT('',#2231);
#2231 = CARTESIAN_POINT('',(47.814215268904,-3.,-6.476623386256));
#2232 = SURFACE_CURVE('',#2233,(#2237,#2243),.PCURVE_S1.);
#2233 = LINE('',#2234,#2235);
#2234 = CARTESIAN_POINT('',(47.814215268904,19.,-6.476623386256));
#2235 = VECTOR('',#2236,1.);
#2236 = DIRECTION('',(0.,-1.,2.22044604925E-16));
#2237 = PCURVE('',#919,#2238);
#2238 = DEFINITIONAL_REPRESENTATION('',(#2239),#2242);
#2239 = B_SPLINE_CURVE_WITH_KNOTS('',1,(#2240,#2241),.UNSPECIFIED.,.F.,
  .F.,(2,2),(15.4,22.6),.PIECEWISE_BEZIER_KNOTS.);
#2240 = CARTESIAN_POINT('',(3.630113802645,15.4));
#2241 = CARTESIAN_POINT('',(3.630113802645,22.6));
#2242 = ( GEOMETRIC_REPRESENTATION_CONTEXT(2) 
PARAMETRIC_REPRESENTATION_CONTEXT() REPRESENTATION_CONTEXT('2D SPACE',''
  ) );
#2243 = PCURVE('',#2244,#2249);
#2244 = PLANE('',#2245);
#2245 = AXIS2_PLACEMENT_3D('',#2246,#2247,#2248);
#2246 = CARTESIAN_POINT('',(22.912645817329,-3.,3.584263736636));
#2247 = DIRECTION('',(0.374606593416,0.,0.927183854567));
#2248 = DIRECTION('',(0.927183854567,0.,-0.374606593416));
#2249 = DEFINITIONAL_REPRESENTATION('',(#2250),#2253);
#2250 = B_SPLINE_CURVE_WITH_KNOTS('',1,(#2251,#2252),.UNSPECIFIED.,.F.,
  .F.,(2,2),(15.4,22.6),.PIECEWISE_BEZIER_KNOTS.);
#2251 = CARTESIAN_POINT('',(26.857207800723,6.6));
#2252 = CARTESIAN_POINT('',(26.857207800723,-0.6));
#2253 = ( GEOMETRIC_REPRESENTATION_CONTEXT(2) 
PARAMETRIC_REPRESENTATION_CONTEXT() REPRESENTATION_CONTEXT('2D SPACE',''
  ) );
#2254 = ORIENTED_EDGE('',*,*,#2255,.T.);
#2255 = EDGE_CURVE('',#2230,#2256,#2258,.T.);
#2256 = VERTEX_POINT('',#2257);
#2257 = CARTESIAN_POINT('',(60.,-3.,-13.8));
#2258 = SURFACE_CURVE('',#2259,(#2264,#2271),.PCURVE_S1.);
#2259 = CIRCLE('',#2260,13.8);
#2260 = AXIS2_PLACEMENT_3D('',#2261,#2262,#2263);
#2261 = CARTESIAN_POINT('',(60.,-3.,6.661338147751E-16));
#2262 = DIRECTION('',(0.,-1.,2.22044604925E-16));
#2263 = DIRECTION('',(1.,0.,0.));
#2264 = PCURVE('',#919,#2265);
#2265 = DEFINITIONAL_REPRESENTATION('',(#2266),#2270);
#2266 = LINE('',#2267,#2268);
#2267 = CARTESIAN_POINT('',(0.,22.));
#2268 = VECTOR('',#2269,1.);
#2269 = DIRECTION('',(1.,0.));
#2270 = ( GEOMETRIC_REPRESENTATION_CONTEXT(2) 
PARAMETRIC_REPRESENTATION_CONTEXT() REPRESENTATION_CONTEXT('2D SPACE',''
  ) );
#2271 = PCURVE('',#2272,#2277);
#2272 = PLANE('',#2273);
#2273 = AXIS2_PLACEMENT_3D('',#2274,#2275,#2276);
#2274 = CARTESIAN_POINT('',(-7.055881655944,-3.,-70.5904446287));
#2275 = DIRECTION('',(0.,1.,0.));
#2276 = DIRECTION('',(0.374606593416,0.,0.927183854567));
#2277 = DEFINITIONAL_REPRESENTATION('',(#2278),#2286);
#2278 = ( BOUNDED_CURVE() B_SPLINE_CURVE(2,(#2279,#2280,#2281,#2282,
#2283,#2284,#2285),.UNSPECIFIED.,.T.,.F.) B_SPLINE_CURVE_WITH_KNOTS((1,2
    ,2,2,2,1),(-2.094395102393,0.,2.094395102393,4.188790204786,
6.28318530718,8.377580409573),.UNSPECIFIED.) CURVE() 
GEOMETRIC_REPRESENTATION_ITEM() RATIONAL_B_SPLINE_CURVE((1.,0.5,1.,0.5,
1.,0.5,1.)) REPRESENTATION_ITEM('') );
#2279 = CARTESIAN_POINT('',(95.739466931201,48.52462202808));
#2280 = CARTESIAN_POINT('',(117.90129463932,39.570662421556));
#2281 = CARTESIAN_POINT('',(99.066024301555,24.854936435286));
#2282 = CARTESIAN_POINT('',(80.230753963782,10.139210449015));
#2283 = CARTESIAN_POINT('',(76.904196593428,33.80889604181));
#2284 = CARTESIAN_POINT('',(73.577639223073,57.478581634604));
#2285 = CARTESIAN_POINT('',(95.739466931201,48.52462202808));
#2286 = ( GEOMETRIC_REPRESENTATION_CONTEXT(2) 
PARAMETRIC_REPRESENTATION_CONTEXT() REPRESENTATION_CONTEXT('2D SPACE',''
  ) );
#2287 = ORIENTED_EDGE('',*,*,#2288,.T.);
#2288 = EDGE_CURVE('',#2256,#2289,#2291,.T.);
#2289 = VERTEX_POINT('',#2290);
#2290 = CARTESIAN_POINT('',(60.,-12.,-13.8));
#2291 = SURFACE_CURVE('',#2292,(#2296,#2302),.PCURVE_S1.);
#2292 = LINE('',#2293,#2294);
#2293 = CARTESIAN_POINT('',(60.,19.,-13.8));
#2294 = VECTOR('',#2295,1.);
#2295 = DIRECTION('',(0.,-1.,2.22044604925E-16));
#2296 = PCURVE('',#919,#2297);
#2297 = DEFINITIONAL_REPRESENTATION('',(#2298),#2301);
#2298 = B_SPLINE_CURVE_WITH_KNOTS('',1,(#2299,#2300),.UNSPECIFIED.,.F.,
  .F.,(2,2),(-5.999999999062E-07,38.0000006),.PIECEWISE_BEZIER_KNOTS.);
#2299 = CARTESIAN_POINT('',(4.712388980385,-5.999999994177E-07));
#2300 = CARTESIAN_POINT('',(4.712388980385,38.0000006));
#2301 = ( GEOMETRIC_REPRESENTATION_CONTEXT(2) 
PARAMETRIC_REPRESENTATION_CONTEXT() REPRESENTATION_CONTEXT('2D SPACE',''
  ) );
#2302 = PCURVE('',#2303,#2308);
#2303 = PLANE('',#2304);
#2304 = AXIS2_PLACEMENT_3D('',#2305,#2306,#2307);
#2305 = CARTESIAN_POINT('',(60.,1.480297366167E-16,9.080106438912E-16));
#2306 = DIRECTION('',(1.,0.,0.));
#2307 = DIRECTION('',(0.,1.,0.));
#2308 = DEFINITIONAL_REPRESENTATION('',(#2309),#2312);
#2309 = B_SPLINE_CURVE_WITH_KNOTS('',1,(#2310,#2311),.UNSPECIFIED.,.F.,
  .F.,(2,2),(-5.999999999062E-07,38.0000006),.PIECEWISE_BEZIER_KNOTS.);
#2310 = CARTESIAN_POINT('',(19.0000006,-13.8));
#2311 = CARTESIAN_POINT('',(-19.0000006,-13.8));
#2312 = ( GEOMETRIC_REPRESENTATION_CONTEXT(2) 
PARAMETRIC_REPRESENTATION_CONTEXT() REPRESENTATION_CONTEXT('2D SPACE',''
  ) );
#2313 = ORIENTED_EDGE('',*,*,#2314,.F.);
#2314 = EDGE_CURVE('',#877,#2289,#2315,.T.);
#2315 = SURFACE_CURVE('',#2316,(#2321,#2328),.PCURVE_S1.);
#2316 = CIRCLE('',#2317,13.8);
#2317 = AXIS2_PLACEMENT_3D('',#2318,#2319,#2320);
#2318 = CARTESIAN_POINT('',(60.,-12.,2.6645352591E-15));
#2319 = DIRECTION('',(0.,-1.,2.22044604925E-16));
#2320 = DIRECTION('',(1.,0.,0.));
#2321 = PCURVE('',#919,#2322);
#2322 = DEFINITIONAL_REPRESENTATION('',(#2323),#2327);
#2323 = LINE('',#2324,#2325);
#2324 = CARTESIAN_POINT('',(0.,31.));
#2325 = VECTOR('',#2326,1.);
#2326 = DIRECTION('',(1.,0.));
#2327 = ( GEOMETRIC_REPRESENTATION_CONTEXT(2) 
PARAMETRIC_REPRESENTATION_CONTEXT() REPRESENTATION_CONTEXT('2D SPACE',''
  ) );
#2328 = PCURVE('',#892,#2329);
#2329 = DEFINITIONAL_REPRESENTATION('',(#2330),#2338);
#2330 = ( BOUNDED_CURVE() B_SPLINE_CURVE(2,(#2331,#2332,#2333,#2334,
#2335,#2336,#2337),.UNSPECIFIED.,.T.,.F.) B_SPLINE_CURVE_WITH_KNOTS((1,2
    ,2,2,2,1),(-2.094395102393,0.,2.094395102393,4.188790204786,
6.28318530718,8.377580409573),.UNSPECIFIED.) CURVE() 
GEOMETRIC_REPRESENTATION_ITEM() RATIONAL_B_SPLINE_CURVE((1.,0.5,1.,0.5,
1.,0.5,1.)) REPRESENTATION_ITEM('') );
#2331 = CARTESIAN_POINT('',(-7.8,133.8));
#2332 = CARTESIAN_POINT('',(16.10230114445,133.8));
#2333 = CARTESIAN_POINT('',(4.151150572225,113.1));
#2334 = CARTESIAN_POINT('',(-7.8,92.4));
#2335 = CARTESIAN_POINT('',(-19.75115057222,113.1));
#2336 = CARTESIAN_POINT('',(-31.70230114445,133.8));
#2337 = CARTESIAN_POINT('',(-7.8,133.8));
#2338 = ( GEOMETRIC_REPRESENTATION_CONTEXT(2) 
PARAMETRIC_REPRESENTATION_CONTEXT() REPRESENTATION_CONTEXT('2D SPACE',''
  ) );
#2339 = ORIENTED_EDGE('',*,*,#904,.F.);
#2340 = ORIENTED_EDGE('',*,*,#2341,.F.);
#2341 = EDGE_CURVE('',#984,#905,#2342,.T.);
#2342 = SURFACE_CURVE('',#2343,(#2347,#2353),.PCURVE_S1.);
#2343 = LINE('',#2344,#2345);
#2344 = CARTESIAN_POINT('',(48.615800423394,19.,7.8));
#2345 = VECTOR('',#2346,1.);
#2346 = DIRECTION('',(0.,-1.,2.22044604925E-16));
#2347 = PCURVE('',#919,#2348);
#2348 = DEFINITIONAL_REPRESENTATION('',(#2349),#2352);
#2349 = B_SPLINE_CURVE_WITH_KNOTS('',1,(#2350,#2351),.UNSPECIFIED.,.F.,
  .F.,(2,2),(6.9999976,31.0000024),.PIECEWISE_BEZIER_KNOTS.);
#2350 = CARTESIAN_POINT('',(2.540895900654,6.9999976));
#2351 = CARTESIAN_POINT('',(2.540895900654,31.0000024));
#2352 = ( GEOMETRIC_REPRESENTATION_CONTEXT(2) 
PARAMETRIC_REPRESENTATION_CONTEXT() REPRESENTATION_CONTEXT('2D SPACE',''
  ) );
#2353 = PCURVE('',#2354,#2359);
#2354 = PLANE('',#2355);
#2355 = AXIS2_PLACEMENT_3D('',#2356,#2357,#2358);
#2356 = CARTESIAN_POINT('',(12.276219696798,-3.,-3.310124779464));
#2357 = DIRECTION('',(-0.292371704723,0.,0.956304755963));
#2358 = DIRECTION('',(0.956304755963,0.,0.292371704723));
#2359 = DEFINITIONAL_REPRESENTATION('',(#2360),#2364);
#2360 = LINE('',#2361,#2362);
#2361 = CARTESIAN_POINT('',(38.,22.));
#2362 = VECTOR('',#2363,1.);
#2363 = DIRECTION('',(6.491955966642E-17,-1.));
#2364 = ( GEOMETRIC_REPRESENTATION_CONTEXT(2) 
PARAMETRIC_REPRESENTATION_CONTEXT() REPRESENTATION_CONTEXT('2D SPACE',''
  ) );
#2365 = ADVANCED_FACE('',(#2366),#998,.F.);
#2366 = FACE_BOUND('',#2367,.F.);
#2367 = EDGE_LOOP('',(#2368,#2391,#2392,#2414,#2436,#2459));
#2368 = ORIENTED_EDGE('',*,*,#2369,.F.);
#2369 = EDGE_CURVE('',#984,#2370,#2372,.T.);
#2370 = VERTEX_POINT('',#2371);
#2371 = CARTESIAN_POINT('',(53.320917545539,3.,9.238498664096));
#2372 = SURFACE_CURVE('',#2373,(#2377,#2384),.PCURVE_S1.);
#2373 = LINE('',#2374,#2375);
#2374 = CARTESIAN_POINT('',(12.276219696798,3.,-3.310124779464));
#2375 = VECTOR('',#2376,1.);
#2376 = DIRECTION('',(0.956304755963,0.,0.292371704723));
#2377 = PCURVE('',#998,#2378);
#2378 = DEFINITIONAL_REPRESENTATION('',(#2379),#2383);
#2379 = LINE('',#2380,#2381);
#2380 = CARTESIAN_POINT('',(0.,0.));
#2381 = VECTOR('',#2382,1.);
#2382 = DIRECTION('',(-3.433481475414E-17,1.));
#2383 = ( GEOMETRIC_REPRESENTATION_CONTEXT(2) 
PARAMETRIC_REPRESENTATION_CONTEXT() REPRESENTATION_CONTEXT('2D SPACE',''
  ) );
#2384 = PCURVE('',#2354,#2385);
#2385 = DEFINITIONAL_REPRESENTATION('',(#2386),#2390);
#2386 = LINE('',#2387,#2388);
#2387 = CARTESIAN_POINT('',(0.,6.));
#2388 = VECTOR('',#2389,1.);
#2389 = DIRECTION('',(1.,0.));
#2390 = ( GEOMETRIC_REPRESENTATION_CONTEXT(2) 
PARAMETRIC_REPRESENTATION_CONTEXT() REPRESENTATION_CONTEXT('2D SPACE',''
  ) );
#2391 = ORIENTED_EDGE('',*,*,#983,.T.);
#2392 = ORIENTED_EDGE('',*,*,#2393,.F.);
#2393 = EDGE_CURVE('',#2394,#958,#2396,.T.);
#2394 = VERTEX_POINT('',#2395);
#2395 = CARTESIAN_POINT('',(48.664101615138,3.,13.8));
#2396 = SURFACE_CURVE('',#2397,(#2401,#2408),.PCURVE_S1.);
#2397 = LINE('',#2398,#2399);
#2398 = CARTESIAN_POINT('',(19.679114887542,3.,-36.4034696689));
#2399 = VECTOR('',#2400,1.);
#2400 = DIRECTION('',(-0.5,0.,-0.866025403784));
#2401 = PCURVE('',#998,#2402);
#2402 = DEFINITIONAL_REPRESENTATION('',(#2403),#2407);
#2403 = LINE('',#2404,#2405);
#2404 = CARTESIAN_POINT('',(-33.81172019529,-2.596133781499));
#2405 = VECTOR('',#2406,1.);
#2406 = DIRECTION('',(-0.681998360062,-0.731353701619));
#2407 = ( GEOMETRIC_REPRESENTATION_CONTEXT(2) 
PARAMETRIC_REPRESENTATION_CONTEXT() REPRESENTATION_CONTEXT('2D SPACE',''
  ) );
#2408 = PCURVE('',#972,#2409);
#2409 = DEFINITIONAL_REPRESENTATION('',(#2410),#2413);
#2410 = B_SPLINE_CURVE_WITH_KNOTS('',1,(#2411,#2412),.UNSPECIFIED.,.F.,
  .F.,(2,2),(-107.4666520556,-49.57742155303),.PIECEWISE_BEZIER_KNOTS.);
#2411 = CARTESIAN_POINT('',(132.4248818307,-8.));
#2412 = CARTESIAN_POINT('',(74.535651328122,-8.));
#2413 = ( GEOMETRIC_REPRESENTATION_CONTEXT(2) 
PARAMETRIC_REPRESENTATION_CONTEXT() REPRESENTATION_CONTEXT('2D SPACE',''
  ) );
#2414 = ORIENTED_EDGE('',*,*,#2415,.F.);
#2415 = EDGE_CURVE('',#2416,#2394,#2418,.T.);
#2416 = VERTEX_POINT('',#2417);
#2417 = CARTESIAN_POINT('',(60.,3.,13.8));
#2418 = SURFACE_CURVE('',#2419,(#2423,#2430),.PCURVE_S1.);
#2419 = LINE('',#2420,#2421);
#2420 = CARTESIAN_POINT('',(-23.8618901516,3.,13.8));
#2421 = VECTOR('',#2422,1.);
#2422 = DIRECTION('',(-1.,-0.,0.));
#2423 = PCURVE('',#998,#2424);
#2424 = DEFINITIONAL_REPRESENTATION('',(#2425),#2429);
#2425 = LINE('',#2426,#2427);
#2426 = CARTESIAN_POINT('',(26.928254483556,-29.55652996974));
#2427 = VECTOR('',#2428,1.);
#2428 = DIRECTION('',(0.292371704723,-0.956304755963));
#2429 = ( GEOMETRIC_REPRESENTATION_CONTEXT(2) 
PARAMETRIC_REPRESENTATION_CONTEXT() REPRESENTATION_CONTEXT('2D SPACE',''
  ) );
#2430 = PCURVE('',#2044,#2431);
#2431 = DEFINITIONAL_REPRESENTATION('',(#2432),#2435);
#2432 = B_SPLINE_CURVE_WITH_KNOTS('',1,(#2433,#2434),.UNSPECIFIED.,.F.,
  .F.,(2,2),(-83.8618901516,-66.1076153429),.PIECEWISE_BEZIER_KNOTS.);
#2433 = CARTESIAN_POINT('',(120.,15.));
#2434 = CARTESIAN_POINT('',(102.2457251913,15.));
#2435 = ( GEOMETRIC_REPRESENTATION_CONTEXT(2) 
PARAMETRIC_REPRESENTATION_CONTEXT() REPRESENTATION_CONTEXT('2D SPACE',''
  ) );
#2436 = ORIENTED_EDGE('',*,*,#2437,.F.);
#2437 = EDGE_CURVE('',#2438,#2416,#2440,.T.);
#2438 = VERTEX_POINT('',#2439);
#2439 = CARTESIAN_POINT('',(60.,3.,11.4));
#2440 = SURFACE_CURVE('',#2441,(#2445,#2452),.PCURVE_S1.);
#2441 = LINE('',#2442,#2443);
#2442 = CARTESIAN_POINT('',(60.,3.,11.4));
#2443 = VECTOR('',#2444,1.);
#2444 = DIRECTION('',(0.,0.,1.));
#2445 = PCURVE('',#998,#2446);
#2446 = DEFINITIONAL_REPRESENTATION('',(#2447),#2451);
#2447 = LINE('',#2448,#2449);
#2448 = CARTESIAN_POINT('',(0.114279284351,49.939302334943));
#2449 = VECTOR('',#2450,1.);
#2450 = DIRECTION('',(0.956304755963,0.292371704723));
#2451 = ( GEOMETRIC_REPRESENTATION_CONTEXT(2) 
PARAMETRIC_REPRESENTATION_CONTEXT() REPRESENTATION_CONTEXT('2D SPACE',''
  ) );
#2452 = PCURVE('',#2072,#2453);
#2453 = DEFINITIONAL_REPRESENTATION('',(#2454),#2458);
#2454 = LINE('',#2455,#2456);
#2455 = CARTESIAN_POINT('',(3.,11.4));
#2456 = VECTOR('',#2457,1.);
#2457 = DIRECTION('',(0.,1.));
#2458 = ( GEOMETRIC_REPRESENTATION_CONTEXT(2) 
PARAMETRIC_REPRESENTATION_CONTEXT() REPRESENTATION_CONTEXT('2D SPACE',''
  ) );
#2459 = ORIENTED_EDGE('',*,*,#2460,.T.);
#2460 = EDGE_CURVE('',#2438,#2370,#2461,.T.);
#2461 = SURFACE_CURVE('',#2462,(#2467,#2478),.PCURVE_S1.);
#2462 = CIRCLE('',#2463,11.4);
#2463 = AXIS2_PLACEMENT_3D('',#2464,#2465,#2466);
#2464 = CARTESIAN_POINT('',(60.,3.,-6.661338147751E-16));
#2465 = DIRECTION('',(0.,-1.,2.22044604925E-16));
#2466 = DIRECTION('',(1.,0.,0.));
#2467 = PCURVE('',#998,#2468);
#2468 = DEFINITIONAL_REPRESENTATION('',(#2469),#2477);
#2469 = ( BOUNDED_CURVE() B_SPLINE_CURVE(2,(#2470,#2471,#2472,#2473,
#2474,#2475,#2476),.UNSPECIFIED.,.T.,.F.) B_SPLINE_CURVE_WITH_KNOTS((1,2
    ,2,2,2,1),(-2.094395102393,0.,2.094395102393,4.188790204786,
6.28318530718,8.377580409573),.UNSPECIFIED.) CURVE() 
GEOMETRIC_REPRESENTATION_ITEM() RATIONAL_B_SPLINE_CURVE((1.,0.5,1.,0.5,
1.,0.5,1.)) REPRESENTATION_ITEM('') );
#2470 = CARTESIAN_POINT('',(-14.12063236746,57.508139119082));
#2471 = CARTESIAN_POINT('',(4.761967675797,63.281129298021));
#2472 = CARTESIAN_POINT('',(0.320223804924,44.041822881583));
#2473 = CARTESIAN_POINT('',(-4.121520065949,24.802516465146));
#2474 = CARTESIAN_POINT('',(-18.56237623834,38.268832702645));
#2475 = CARTESIAN_POINT('',(-33.00323241073,51.735148940144));
#2476 = CARTESIAN_POINT('',(-14.12063236746,57.508139119082));
#2477 = ( GEOMETRIC_REPRESENTATION_CONTEXT(2) 
PARAMETRIC_REPRESENTATION_CONTEXT() REPRESENTATION_CONTEXT('2D SPACE',''
  ) );
#2478 = PCURVE('',#2105,#2479);
#2479 = DEFINITIONAL_REPRESENTATION('',(#2480),#2484);
#2480 = LINE('',#2481,#2482);
#2481 = CARTESIAN_POINT('',(0.,16.));
#2482 = VECTOR('',#2483,1.);
#2483 = DIRECTION('',(1.,0.));
#2484 = ( GEOMETRIC_REPRESENTATION_CONTEXT(2) 
PARAMETRIC_REPRESENTATION_CONTEXT() REPRESENTATION_CONTEXT('2D SPACE',''
  ) );
#2485 = ADVANCED_FACE('',(#2486),#972,.T.);
#2486 = FACE_BOUND('',#2487,.T.);
#2487 = EDGE_LOOP('',(#2488,#2509,#2529,#2530));
#2488 = ORIENTED_EDGE('',*,*,#2489,.F.);
#2489 = EDGE_CURVE('',#2490,#2394,#2492,.T.);
#2490 = VERTEX_POINT('',#2491);
#2491 = CARTESIAN_POINT('',(48.664101615138,-3.,13.8));
#2492 = SURFACE_CURVE('',#2493,(#2497,#2503),.PCURVE_S1.);
#2493 = LINE('',#2494,#2495);
#2494 = CARTESIAN_POINT('',(48.664101615138,-8.5,13.8));
#2495 = VECTOR('',#2496,1.);
#2496 = DIRECTION('',(-0.,1.,0.));
#2497 = PCURVE('',#972,#2498);
#2498 = DEFINITIONAL_REPRESENTATION('',(#2499),#2502);
#2499 = B_SPLINE_CURVE_WITH_KNOTS('',1,(#2500,#2501),.UNSPECIFIED.,.F.,
  .F.,(2,2),(5.5,11.5),.PIECEWISE_BEZIER_KNOTS.);
#2500 = CARTESIAN_POINT('',(82.928203230276,-2.));
#2501 = CARTESIAN_POINT('',(82.928203230276,-8.));
#2502 = ( GEOMETRIC_REPRESENTATION_CONTEXT(2) 
PARAMETRIC_REPRESENTATION_CONTEXT() REPRESENTATION_CONTEXT('2D SPACE',''
  ) );
#2503 = PCURVE('',#2044,#2504);
#2504 = DEFINITIONAL_REPRESENTATION('',(#2505),#2508);
#2505 = B_SPLINE_CURVE_WITH_KNOTS('',1,(#2506,#2507),.UNSPECIFIED.,.F.,
  .F.,(2,2),(5.5,11.5),.PIECEWISE_BEZIER_KNOTS.);
#2506 = CARTESIAN_POINT('',(108.66410161513,9.));
#2507 = CARTESIAN_POINT('',(108.66410161513,15.));
#2508 = ( GEOMETRIC_REPRESENTATION_CONTEXT(2) 
PARAMETRIC_REPRESENTATION_CONTEXT() REPRESENTATION_CONTEXT('2D SPACE',''
  ) );
#2509 = ORIENTED_EDGE('',*,*,#2510,.T.);
#2510 = EDGE_CURVE('',#2490,#931,#2511,.T.);
#2511 = SURFACE_CURVE('',#2512,(#2516,#2522),.PCURVE_S1.);
#2512 = LINE('',#2513,#2514);
#2513 = CARTESIAN_POINT('',(19.679114887542,-3.,-36.4034696689));
#2514 = VECTOR('',#2515,1.);
#2515 = DIRECTION('',(-0.5,0.,-0.866025403784));
#2516 = PCURVE('',#972,#2517);
#2517 = DEFINITIONAL_REPRESENTATION('',(#2518),#2521);
#2518 = B_SPLINE_CURVE_WITH_KNOTS('',1,(#2519,#2520),.UNSPECIFIED.,.F.,
  .F.,(2,2),(-107.4666520556,-49.57742155303),.PIECEWISE_BEZIER_KNOTS.);
#2519 = CARTESIAN_POINT('',(132.4248818307,-2.));
#2520 = CARTESIAN_POINT('',(74.535651328122,-2.));
#2521 = ( GEOMETRIC_REPRESENTATION_CONTEXT(2) 
PARAMETRIC_REPRESENTATION_CONTEXT() REPRESENTATION_CONTEXT('2D SPACE',''
  ) );
#2522 = PCURVE('',#945,#2523);
#2523 = DEFINITIONAL_REPRESENTATION('',(#2524),#2528);
#2524 = LINE('',#2525,#2526);
#2525 = CARTESIAN_POINT('',(-33.81172019529,-2.596133781499));
#2526 = VECTOR('',#2527,1.);
#2527 = DIRECTION('',(-0.681998360062,-0.731353701619));
#2528 = ( GEOMETRIC_REPRESENTATION_CONTEXT(2) 
PARAMETRIC_REPRESENTATION_CONTEXT() REPRESENTATION_CONTEXT('2D SPACE',''
  ) );
#2529 = ORIENTED_EDGE('',*,*,#957,.T.);
#2530 = ORIENTED_EDGE('',*,*,#2393,.F.);
#2531 = ADVANCED_FACE('',(#2532),#945,.T.);
#2532 = FACE_BOUND('',#2533,.T.);
#2533 = EDGE_LOOP('',(#2534,#2557,#2558,#2559,#2581,#2609));
#2534 = ORIENTED_EDGE('',*,*,#2535,.F.);
#2535 = EDGE_CURVE('',#905,#2536,#2538,.T.);
#2536 = VERTEX_POINT('',#2537);
#2537 = CARTESIAN_POINT('',(53.320917545539,-3.,9.238498664096));
#2538 = SURFACE_CURVE('',#2539,(#2543,#2550),.PCURVE_S1.);
#2539 = LINE('',#2540,#2541);
#2540 = CARTESIAN_POINT('',(12.276219696798,-3.,-3.310124779464));
#2541 = VECTOR('',#2542,1.);
#2542 = DIRECTION('',(0.956304755963,0.,0.292371704723));
#2543 = PCURVE('',#945,#2544);
#2544 = DEFINITIONAL_REPRESENTATION('',(#2545),#2549);
#2545 = LINE('',#2546,#2547);
#2546 = CARTESIAN_POINT('',(0.,0.));
#2547 = VECTOR('',#2548,1.);
#2548 = DIRECTION('',(-3.433481475414E-17,1.));
#2549 = ( GEOMETRIC_REPRESENTATION_CONTEXT(2) 
PARAMETRIC_REPRESENTATION_CONTEXT() REPRESENTATION_CONTEXT('2D SPACE',''
  ) );
#2550 = PCURVE('',#2354,#2551);
#2551 = DEFINITIONAL_REPRESENTATION('',(#2552),#2556);
#2552 = LINE('',#2553,#2554);
#2553 = CARTESIAN_POINT('',(0.,0.));
#2554 = VECTOR('',#2555,1.);
#2555 = DIRECTION('',(1.,0.));
#2556 = ( GEOMETRIC_REPRESENTATION_CONTEXT(2) 
PARAMETRIC_REPRESENTATION_CONTEXT() REPRESENTATION_CONTEXT('2D SPACE',''
  ) );
#2557 = ORIENTED_EDGE('',*,*,#930,.T.);
#2558 = ORIENTED_EDGE('',*,*,#2510,.F.);
#2559 = ORIENTED_EDGE('',*,*,#2560,.F.);
#2560 = EDGE_CURVE('',#2561,#2490,#2563,.T.);
#2561 = VERTEX_POINT('',#2562);
#2562 = CARTESIAN_POINT('',(60.,-3.,13.8));
#2563 = SURFACE_CURVE('',#2564,(#2568,#2575),.PCURVE_S1.);
#2564 = LINE('',#2565,#2566);
#2565 = CARTESIAN_POINT('',(-23.8618901516,-3.,13.8));
#2566 = VECTOR('',#2567,1.);
#2567 = DIRECTION('',(-1.,-0.,0.));
#2568 = PCURVE('',#945,#2569);
#2569 = DEFINITIONAL_REPRESENTATION('',(#2570),#2574);
#2570 = LINE('',#2571,#2572);
#2571 = CARTESIAN_POINT('',(26.928254483556,-29.55652996974));
#2572 = VECTOR('',#2573,1.);
#2573 = DIRECTION('',(0.292371704723,-0.956304755963));
#2574 = ( GEOMETRIC_REPRESENTATION_CONTEXT(2) 
PARAMETRIC_REPRESENTATION_CONTEXT() REPRESENTATION_CONTEXT('2D SPACE',''
  ) );
#2575 = PCURVE('',#2044,#2576);
#2576 = DEFINITIONAL_REPRESENTATION('',(#2577),#2580);
#2577 = B_SPLINE_CURVE_WITH_KNOTS('',1,(#2578,#2579),.UNSPECIFIED.,.F.,
  .F.,(2,2),(-83.8618901516,-66.1076153429),.PIECEWISE_BEZIER_KNOTS.);
#2578 = CARTESIAN_POINT('',(120.,9.));
#2579 = CARTESIAN_POINT('',(102.2457251913,9.));
#2580 = ( GEOMETRIC_REPRESENTATION_CONTEXT(2) 
PARAMETRIC_REPRESENTATION_CONTEXT() REPRESENTATION_CONTEXT('2D SPACE',''
  ) );
#2581 = ORIENTED_EDGE('',*,*,#2582,.T.);
#2582 = EDGE_CURVE('',#2561,#2583,#2585,.T.);
#2583 = VERTEX_POINT('',#2584);
#2584 = CARTESIAN_POINT('',(60.,-3.,11.4));
#2585 = SURFACE_CURVE('',#2586,(#2590,#2597),.PCURVE_S1.);
#2586 = LINE('',#2587,#2588);
#2587 = CARTESIAN_POINT('',(60.,-3.,13.8));
#2588 = VECTOR('',#2589,1.);
#2589 = DIRECTION('',(0.,0.,-1.));
#2590 = PCURVE('',#945,#2591);
#2591 = DEFINITIONAL_REPRESENTATION('',(#2592),#2596);
#2592 = LINE('',#2593,#2594);
#2593 = CARTESIAN_POINT('',(2.409410698662,50.640994426277));
#2594 = VECTOR('',#2595,1.);
#2595 = DIRECTION('',(-0.956304755963,-0.292371704723));
#2596 = ( GEOMETRIC_REPRESENTATION_CONTEXT(2) 
PARAMETRIC_REPRESENTATION_CONTEXT() REPRESENTATION_CONTEXT('2D SPACE',''
  ) );
#2597 = PCURVE('',#2598,#2603);
#2598 = PLANE('',#2599);
#2599 = AXIS2_PLACEMENT_3D('',#2600,#2601,#2602);
#2600 = CARTESIAN_POINT('',(60.,1.480297366167E-16,9.080106438912E-16));
#2601 = DIRECTION('',(1.,0.,0.));
#2602 = DIRECTION('',(0.,1.,0.));
#2603 = DEFINITIONAL_REPRESENTATION('',(#2604),#2608);
#2604 = LINE('',#2605,#2606);
#2605 = CARTESIAN_POINT('',(-3.,13.8));
#2606 = VECTOR('',#2607,1.);
#2607 = DIRECTION('',(0.,-1.));
#2608 = ( GEOMETRIC_REPRESENTATION_CONTEXT(2) 
PARAMETRIC_REPRESENTATION_CONTEXT() REPRESENTATION_CONTEXT('2D SPACE',''
  ) );
#2609 = ORIENTED_EDGE('',*,*,#2610,.T.);
#2610 = EDGE_CURVE('',#2583,#2536,#2611,.T.);
#2611 = SURFACE_CURVE('',#2612,(#2617,#2628),.PCURVE_S1.);
#2612 = CIRCLE('',#2613,11.4);
#2613 = AXIS2_PLACEMENT_3D('',#2614,#2615,#2616);
#2614 = CARTESIAN_POINT('',(60.,-3.,6.661338147751E-16));
#2615 = DIRECTION('',(0.,-1.,2.22044604925E-16));
#2616 = DIRECTION('',(1.,0.,0.));
#2617 = PCURVE('',#945,#2618);
#2618 = DEFINITIONAL_REPRESENTATION('',(#2619),#2627);
#2619 = ( BOUNDED_CURVE() B_SPLINE_CURVE(2,(#2620,#2621,#2622,#2623,
#2624,#2625,#2626),.UNSPECIFIED.,.T.,.F.) B_SPLINE_CURVE_WITH_KNOTS((1,2
    ,2,2,2,1),(-2.094395102393,0.,2.094395102393,4.188790204786,
6.28318530718,8.377580409573),.UNSPECIFIED.) CURVE() 
GEOMETRIC_REPRESENTATION_ITEM() RATIONAL_B_SPLINE_CURVE((1.,0.5,1.,0.5,
1.,0.5,1.)) REPRESENTATION_ITEM('') );
#2620 = CARTESIAN_POINT('',(-14.12063236746,57.508139119082));
#2621 = CARTESIAN_POINT('',(4.761967675797,63.281129298021));
#2622 = CARTESIAN_POINT('',(0.320223804924,44.041822881583));
#2623 = CARTESIAN_POINT('',(-4.121520065949,24.802516465146));
#2624 = CARTESIAN_POINT('',(-18.56237623834,38.268832702645));
#2625 = CARTESIAN_POINT('',(-33.00323241073,51.735148940144));
#2626 = CARTESIAN_POINT('',(-14.12063236746,57.508139119082));
#2627 = ( GEOMETRIC_REPRESENTATION_CONTEXT(2) 
PARAMETRIC_REPRESENTATION_CONTEXT() REPRESENTATION_CONTEXT('2D SPACE',''
  ) );
#2628 = PCURVE('',#2105,#2629);
#2629 = DEFINITIONAL_REPRESENTATION('',(#2630),#2634);
#2630 = LINE('',#2631,#2632);
#2631 = CARTESIAN_POINT('',(0.,22.));
#2632 = VECTOR('',#2633,1.);
#2633 = DIRECTION('',(1.,0.));
#2634 = ( GEOMETRIC_REPRESENTATION_CONTEXT(2) 
PARAMETRIC_REPRESENTATION_CONTEXT() REPRESENTATION_CONTEXT('2D SPACE',''
  ) );
#2635 = ADVANCED_FACE('',(#2636),#892,.F.);
#2636 = FACE_BOUND('',#2637,.F.);
#2637 = EDGE_LOOP('',(#2638,#2639,#2640,#2662,#2685,#2708,#2736,#2756));
#2638 = ORIENTED_EDGE('',*,*,#876,.F.);
#2639 = ORIENTED_EDGE('',*,*,#1902,.T.);
#2640 = ORIENTED_EDGE('',*,*,#2641,.T.);
#2641 = EDGE_CURVE('',#1903,#2642,#2644,.T.);
#2642 = VERTEX_POINT('',#2643);
#2643 = CARTESIAN_POINT('',(12.041594578792,-12.,13.8));
#2644 = SURFACE_CURVE('',#2645,(#2649,#2656),.PCURVE_S1.);
#2645 = LINE('',#2646,#2647);
#2646 = CARTESIAN_POINT('',(12.041594578792,-12.,7.8));
#2647 = VECTOR('',#2648,1.);
#2648 = DIRECTION('',(0.,0.,1.));
#2649 = PCURVE('',#892,#2650);
#2650 = DEFINITIONAL_REPRESENTATION('',(#2651),#2655);
#2651 = LINE('',#2652,#2653);
#2652 = CARTESIAN_POINT('',(0.,72.041594578792));
#2653 = VECTOR('',#2654,1.);
#2654 = DIRECTION('',(1.,0.));
#2655 = ( GEOMETRIC_REPRESENTATION_CONTEXT(2) 
PARAMETRIC_REPRESENTATION_CONTEXT() REPRESENTATION_CONTEXT('2D SPACE',''
  ) );
#2656 = PCURVE('',#2017,#2657);
#2657 = DEFINITIONAL_REPRESENTATION('',(#2658),#2661);
#2658 = B_SPLINE_CURVE_WITH_KNOTS('',1,(#2659,#2660),.UNSPECIFIED.,.F.,
  .F.,(2,2),(3.,6.),.PIECEWISE_BEZIER_KNOTS.);
#2659 = CARTESIAN_POINT('',(5.499517251041,0.));
#2660 = CARTESIAN_POINT('',(5.499517251041,3.));
#2661 = ( GEOMETRIC_REPRESENTATION_CONTEXT(2) 
PARAMETRIC_REPRESENTATION_CONTEXT() REPRESENTATION_CONTEXT('2D SPACE',''
  ) );
#2662 = ORIENTED_EDGE('',*,*,#2663,.T.);
#2663 = EDGE_CURVE('',#2642,#2664,#2666,.T.);
#2664 = VERTEX_POINT('',#2665);
#2665 = CARTESIAN_POINT('',(60.,-12.,13.8));
#2666 = SURFACE_CURVE('',#2667,(#2671,#2678),.PCURVE_S1.);
#2667 = LINE('',#2668,#2669);
#2668 = CARTESIAN_POINT('',(-60.,-12.,13.8));
#2669 = VECTOR('',#2670,1.);
#2670 = DIRECTION('',(1.,0.,0.));
#2671 = PCURVE('',#892,#2672);
#2672 = DEFINITIONAL_REPRESENTATION('',(#2673),#2677);
#2673 = LINE('',#2674,#2675);
#2674 = CARTESIAN_POINT('',(6.,0.));
#2675 = VECTOR('',#2676,1.);
#2676 = DIRECTION('',(0.,1.));
#2677 = ( GEOMETRIC_REPRESENTATION_CONTEXT(2) 
PARAMETRIC_REPRESENTATION_CONTEXT() REPRESENTATION_CONTEXT('2D SPACE',''
  ) );
#2678 = PCURVE('',#2044,#2679);
#2679 = DEFINITIONAL_REPRESENTATION('',(#2680),#2684);
#2680 = LINE('',#2681,#2682);
#2681 = CARTESIAN_POINT('',(0.,0.));
#2682 = VECTOR('',#2683,1.);
#2683 = DIRECTION('',(1.,0.));
#2684 = ( GEOMETRIC_REPRESENTATION_CONTEXT(2) 
PARAMETRIC_REPRESENTATION_CONTEXT() REPRESENTATION_CONTEXT('2D SPACE',''
  ) );
#2685 = ORIENTED_EDGE('',*,*,#2686,.F.);
#2686 = EDGE_CURVE('',#2687,#2664,#2689,.T.);
#2687 = VERTEX_POINT('',#2688);
#2688 = CARTESIAN_POINT('',(60.,-12.,11.4));
#2689 = SURFACE_CURVE('',#2690,(#2694,#2701),.PCURVE_S1.);
#2690 = LINE('',#2691,#2692);
#2691 = CARTESIAN_POINT('',(60.,-12.,11.4));
#2692 = VECTOR('',#2693,1.);
#2693 = DIRECTION('',(0.,0.,1.));
#2694 = PCURVE('',#892,#2695);
#2695 = DEFINITIONAL_REPRESENTATION('',(#2696),#2700);
#2696 = LINE('',#2697,#2698);
#2697 = CARTESIAN_POINT('',(3.6,120.));
#2698 = VECTOR('',#2699,1.);
#2699 = DIRECTION('',(1.,0.));
#2700 = ( GEOMETRIC_REPRESENTATION_CONTEXT(2) 
PARAMETRIC_REPRESENTATION_CONTEXT() REPRESENTATION_CONTEXT('2D SPACE',''
  ) );
#2701 = PCURVE('',#2598,#2702);
#2702 = DEFINITIONAL_REPRESENTATION('',(#2703),#2707);
#2703 = LINE('',#2704,#2705);
#2704 = CARTESIAN_POINT('',(-12.,11.4));
#2705 = VECTOR('',#2706,1.);
#2706 = DIRECTION('',(0.,1.));
#2707 = ( GEOMETRIC_REPRESENTATION_CONTEXT(2) 
PARAMETRIC_REPRESENTATION_CONTEXT() REPRESENTATION_CONTEXT('2D SPACE',''
  ) );
#2708 = ORIENTED_EDGE('',*,*,#2709,.T.);
#2709 = EDGE_CURVE('',#2687,#2710,#2712,.T.);
#2710 = VERTEX_POINT('',#2711);
#2711 = CARTESIAN_POINT('',(60.,-12.,-11.4));
#2712 = SURFACE_CURVE('',#2713,(#2718,#2729),.PCURVE_S1.);
#2713 = CIRCLE('',#2714,11.4);
#2714 = AXIS2_PLACEMENT_3D('',#2715,#2716,#2717);
#2715 = CARTESIAN_POINT('',(60.,-12.,2.6645352591E-15));
#2716 = DIRECTION('',(0.,-1.,2.22044604925E-16));
#2717 = DIRECTION('',(1.,0.,0.));
#2718 = PCURVE('',#892,#2719);
#2719 = DEFINITIONAL_REPRESENTATION('',(#2720),#2728);
#2720 = ( BOUNDED_CURVE() B_SPLINE_CURVE(2,(#2721,#2722,#2723,#2724,
#2725,#2726,#2727),.UNSPECIFIED.,.T.,.F.) B_SPLINE_CURVE_WITH_KNOTS((1,2
    ,2,2,2,1),(-2.094395102393,0.,2.094395102393,4.188790204786,
6.28318530718,8.377580409573),.UNSPECIFIED.) CURVE() 
GEOMETRIC_REPRESENTATION_ITEM() RATIONAL_B_SPLINE_CURVE((1.,0.5,1.,0.5,
1.,0.5,1.)) REPRESENTATION_ITEM('') );
#2721 = CARTESIAN_POINT('',(-7.8,131.4));
#2722 = CARTESIAN_POINT('',(11.945379206285,131.4));
#2723 = CARTESIAN_POINT('',(2.072689603143,114.3));
#2724 = CARTESIAN_POINT('',(-7.8,97.2));
#2725 = CARTESIAN_POINT('',(-17.67268960314,114.3));
#2726 = CARTESIAN_POINT('',(-27.54537920628,131.4));
#2727 = CARTESIAN_POINT('',(-7.8,131.4));
#2728 = ( GEOMETRIC_REPRESENTATION_CONTEXT(2) 
PARAMETRIC_REPRESENTATION_CONTEXT() REPRESENTATION_CONTEXT('2D SPACE',''
  ) );
#2729 = PCURVE('',#2105,#2730);
#2730 = DEFINITIONAL_REPRESENTATION('',(#2731),#2735);
#2731 = LINE('',#2732,#2733);
#2732 = CARTESIAN_POINT('',(0.,31.));
#2733 = VECTOR('',#2734,1.);
#2734 = DIRECTION('',(1.,0.));
#2735 = ( GEOMETRIC_REPRESENTATION_CONTEXT(2) 
PARAMETRIC_REPRESENTATION_CONTEXT() REPRESENTATION_CONTEXT('2D SPACE',''
  ) );
#2736 = ORIENTED_EDGE('',*,*,#2737,.F.);
#2737 = EDGE_CURVE('',#2289,#2710,#2738,.T.);
#2738 = SURFACE_CURVE('',#2739,(#2743,#2750),.PCURVE_S1.);
#2739 = LINE('',#2740,#2741);
#2740 = CARTESIAN_POINT('',(60.,-12.,-100.));
#2741 = VECTOR('',#2742,1.);
#2742 = DIRECTION('',(0.,0.,1.));
#2743 = PCURVE('',#892,#2744);
#2744 = DEFINITIONAL_REPRESENTATION('',(#2745),#2749);
#2745 = LINE('',#2746,#2747);
#2746 = CARTESIAN_POINT('',(-107.8,120.));
#2747 = VECTOR('',#2748,1.);
#2748 = DIRECTION('',(1.,0.));
#2749 = ( GEOMETRIC_REPRESENTATION_CONTEXT(2) 
PARAMETRIC_REPRESENTATION_CONTEXT() REPRESENTATION_CONTEXT('2D SPACE',''
  ) );
#2750 = PCURVE('',#2303,#2751);
#2751 = DEFINITIONAL_REPRESENTATION('',(#2752),#2755);
#2752 = B_SPLINE_CURVE_WITH_KNOTS('',1,(#2753,#2754),.UNSPECIFIED.,.F.,
  .F.,(2,2),(86.2,88.6),.PIECEWISE_BEZIER_KNOTS.);
#2753 = CARTESIAN_POINT('',(-12.,-13.8));
#2754 = CARTESIAN_POINT('',(-12.,-11.4));
#2755 = ( GEOMETRIC_REPRESENTATION_CONTEXT(2) 
PARAMETRIC_REPRESENTATION_CONTEXT() REPRESENTATION_CONTEXT('2D SPACE',''
  ) );
#2756 = ORIENTED_EDGE('',*,*,#2314,.F.);
#2757 = ADVANCED_FACE('',(#2758),#838,.T.);
#2758 = FACE_BOUND('',#2759,.F.);
#2759 = EDGE_LOOP('',(#2760,#2761,#2762,#2783,#2784,#2785));
#2760 = ORIENTED_EDGE('',*,*,#1431,.F.);
#2761 = ORIENTED_EDGE('',*,*,#825,.T.);
#2762 = ORIENTED_EDGE('',*,*,#2763,.F.);
#2763 = EDGE_CURVE('',#1801,#800,#2764,.T.);
#2764 = SURFACE_CURVE('',#2765,(#2769,#2776),.PCURVE_S1.);
#2765 = LINE('',#2766,#2767);
#2766 = CARTESIAN_POINT('',(-19.67911488754,-3.,-36.4034696689));
#2767 = VECTOR('',#2768,1.);
#2768 = DIRECTION('',(0.5,0.,-0.866025403784));
#2769 = PCURVE('',#838,#2770);
#2770 = DEFINITIONAL_REPRESENTATION('',(#2771),#2775);
#2771 = LINE('',#2772,#2773);
#2772 = CARTESIAN_POINT('',(33.811720195299,-2.596133781499));
#2773 = VECTOR('',#2774,1.);
#2774 = DIRECTION('',(0.681998360062,-0.731353701619));
#2775 = ( GEOMETRIC_REPRESENTATION_CONTEXT(2) 
PARAMETRIC_REPRESENTATION_CONTEXT() REPRESENTATION_CONTEXT('2D SPACE',''
  ) );
#2776 = PCURVE('',#814,#2777);
#2777 = DEFINITIONAL_REPRESENTATION('',(#2778),#2782);
#2778 = LINE('',#2779,#2780);
#2779 = CARTESIAN_POINT('',(-24.95822977508,-2.));
#2780 = VECTOR('',#2781,1.);
#2781 = DIRECTION('',(1.,-0.));
#2782 = ( GEOMETRIC_REPRESENTATION_CONTEXT(2) 
PARAMETRIC_REPRESENTATION_CONTEXT() REPRESENTATION_CONTEXT('2D SPACE',''
  ) );
#2783 = ORIENTED_EDGE('',*,*,#1821,.F.);
#2784 = ORIENTED_EDGE('',*,*,#1706,.T.);
#2785 = ORIENTED_EDGE('',*,*,#1653,.T.);
#2786 = ADVANCED_FACE('',(#2787),#814,.T.);
#2787 = FACE_BOUND('',#2788,.F.);
#2788 = EDGE_LOOP('',(#2789,#2790,#2791,#2792));
#2789 = ORIENTED_EDGE('',*,*,#1800,.F.);
#2790 = ORIENTED_EDGE('',*,*,#2763,.T.);
#2791 = ORIENTED_EDGE('',*,*,#799,.T.);
#2792 = ORIENTED_EDGE('',*,*,#2793,.F.);
#2793 = EDGE_CURVE('',#1779,#773,#2794,.T.);
#2794 = SURFACE_CURVE('',#2795,(#2799,#2806),.PCURVE_S1.);
#2795 = LINE('',#2796,#2797);
#2796 = CARTESIAN_POINT('',(-19.67911488754,3.,-36.4034696689));
#2797 = VECTOR('',#2798,1.);
#2798 = DIRECTION('',(0.5,0.,-0.866025403784));
#2799 = PCURVE('',#814,#2800);
#2800 = DEFINITIONAL_REPRESENTATION('',(#2801),#2805);
#2801 = LINE('',#2802,#2803);
#2802 = CARTESIAN_POINT('',(-24.95822977508,-8.));
#2803 = VECTOR('',#2804,1.);
#2804 = DIRECTION('',(1.,-0.));
#2805 = ( GEOMETRIC_REPRESENTATION_CONTEXT(2) 
PARAMETRIC_REPRESENTATION_CONTEXT() REPRESENTATION_CONTEXT('2D SPACE',''
  ) );
#2806 = PCURVE('',#787,#2807);
#2807 = DEFINITIONAL_REPRESENTATION('',(#2808),#2812);
#2808 = LINE('',#2809,#2810);
#2809 = CARTESIAN_POINT('',(33.811720195299,-2.596133781499));
#2810 = VECTOR('',#2811,1.);
#2811 = DIRECTION('',(0.681998360062,-0.731353701619));
#2812 = ( GEOMETRIC_REPRESENTATION_CONTEXT(2) 
PARAMETRIC_REPRESENTATION_CONTEXT() REPRESENTATION_CONTEXT('2D SPACE',''
  ) );
#2813 = ADVANCED_FACE('',(#2814),#787,.F.);
#2814 = FACE_BOUND('',#2815,.T.);
#2815 = EDGE_LOOP('',(#2816,#2817,#2818,#2819,#2820,#2841));
#2816 = ORIENTED_EDGE('',*,*,#1407,.F.);
#2817 = ORIENTED_EDGE('',*,*,#772,.T.);
#2818 = ORIENTED_EDGE('',*,*,#2793,.F.);
#2819 = ORIENTED_EDGE('',*,*,#1778,.F.);
#2820 = ORIENTED_EDGE('',*,*,#2821,.T.);
#2821 = EDGE_CURVE('',#1756,#1609,#2822,.T.);
#2822 = SURFACE_CURVE('',#2823,(#2827,#2834),.PCURVE_S1.);
#2823 = LINE('',#2824,#2825);
#2824 = CARTESIAN_POINT('',(-60.,3.,13.8));
#2825 = VECTOR('',#2826,1.);
#2826 = DIRECTION('',(0.,0.,-1.));
#2827 = PCURVE('',#787,#2828);
#2828 = DEFINITIONAL_REPRESENTATION('',(#2829),#2833);
#2829 = LINE('',#2830,#2831);
#2830 = CARTESIAN_POINT('',(-2.409410698662,50.640994426277));
#2831 = VECTOR('',#2832,1.);
#2832 = DIRECTION('',(0.956304755963,-0.292371704723));
#2833 = ( GEOMETRIC_REPRESENTATION_CONTEXT(2) 
PARAMETRIC_REPRESENTATION_CONTEXT() REPRESENTATION_CONTEXT('2D SPACE',''
  ) );
#2834 = PCURVE('',#1524,#2835);
#2835 = DEFINITIONAL_REPRESENTATION('',(#2836),#2840);
#2836 = LINE('',#2837,#2838);
#2837 = CARTESIAN_POINT('',(3.,13.8));
#2838 = VECTOR('',#2839,1.);
#2839 = DIRECTION('',(0.,-1.));
#2840 = ( GEOMETRIC_REPRESENTATION_CONTEXT(2) 
PARAMETRIC_REPRESENTATION_CONTEXT() REPRESENTATION_CONTEXT('2D SPACE',''
  ) );
#2841 = ORIENTED_EDGE('',*,*,#1630,.T.);
#2842 = ADVANCED_FACE('',(#2843),#1105,.F.);
#2843 = FACE_BOUND('',#2844,.F.);
#2844 = EDGE_LOOP('',(#2845,#2868,#2895,#2916));
#2845 = ORIENTED_EDGE('',*,*,#2846,.F.);
#2846 = EDGE_CURVE('',#2847,#1089,#2849,.T.);
#2847 = VERTEX_POINT('',#2848);
#2848 = CARTESIAN_POINT('',(-4.5,-7.5,-9.2));
#2849 = SURFACE_CURVE('',#2850,(#2854,#2861),.PCURVE_S1.);
#2850 = LINE('',#2851,#2852);
#2851 = CARTESIAN_POINT('',(-4.5,-7.5,-9.2));
#2852 = VECTOR('',#2853,1.);
#2853 = DIRECTION('',(0.,0.,1.));
#2854 = PCURVE('',#1105,#2855);
#2855 = DEFINITIONAL_REPRESENTATION('',(#2856),#2860);
#2856 = LINE('',#2857,#2858);
#2857 = CARTESIAN_POINT('',(0.,3.));
#2858 = VECTOR('',#2859,1.);
#2859 = DIRECTION('',(1.,0.));
#2860 = ( GEOMETRIC_REPRESENTATION_CONTEXT(2) 
PARAMETRIC_REPRESENTATION_CONTEXT() REPRESENTATION_CONTEXT('2D SPACE',''
  ) );
#2861 = PCURVE('',#1181,#2862);
#2862 = DEFINITIONAL_REPRESENTATION('',(#2863),#2867);
#2863 = LINE('',#2864,#2865);
#2864 = CARTESIAN_POINT('',(0.,0.));
#2865 = VECTOR('',#2866,1.);
#2866 = DIRECTION('',(1.,0.));
#2867 = ( GEOMETRIC_REPRESENTATION_CONTEXT(2) 
PARAMETRIC_REPRESENTATION_CONTEXT() REPRESENTATION_CONTEXT('2D SPACE',''
  ) );
#2868 = ORIENTED_EDGE('',*,*,#2869,.F.);
#2869 = EDGE_CURVE('',#2870,#2847,#2872,.T.);
#2870 = VERTEX_POINT('',#2871);
#2871 = CARTESIAN_POINT('',(-7.5,-7.5,-9.2));
#2872 = SURFACE_CURVE('',#2873,(#2877,#2884),.PCURVE_S1.);
#2873 = LINE('',#2874,#2875);
#2874 = CARTESIAN_POINT('',(-7.5,-7.5,-9.2));
#2875 = VECTOR('',#2876,1.);
#2876 = DIRECTION('',(1.,0.,0.));
#2877 = PCURVE('',#1105,#2878);
#2878 = DEFINITIONAL_REPRESENTATION('',(#2879),#2883);
#2879 = LINE('',#2880,#2881);
#2880 = CARTESIAN_POINT('',(0.,0.));
#2881 = VECTOR('',#2882,1.);
#2882 = DIRECTION('',(0.,1.));
#2883 = ( GEOMETRIC_REPRESENTATION_CONTEXT(2) 
PARAMETRIC_REPRESENTATION_CONTEXT() REPRESENTATION_CONTEXT('2D SPACE',''
  ) );
#2884 = PCURVE('',#2885,#2890);
#2885 = CYLINDRICAL_SURFACE('',#2886,7.5);
#2886 = AXIS2_PLACEMENT_3D('',#2887,#2888,#2889);
#2887 = CARTESIAN_POINT('',(-7.5,0.,-9.2));
#2888 = DIRECTION('',(1.,0.,2.22044604925E-16));
#2889 = DIRECTION('',(2.22044604925E-16,0.,-1.));
#2890 = DEFINITIONAL_REPRESENTATION('',(#2891),#2894);
#2891 = B_SPLINE_CURVE_WITH_KNOTS('',1,(#2892,#2893),.UNSPECIFIED.,.F.,
  .F.,(2,2),(0.,3.),.PIECEWISE_BEZIER_KNOTS.);
#2892 = CARTESIAN_POINT('',(4.712388980385,0.));
#2893 = CARTESIAN_POINT('',(4.712388980385,3.));
#2894 = ( GEOMETRIC_REPRESENTATION_CONTEXT(2) 
PARAMETRIC_REPRESENTATION_CONTEXT() REPRESENTATION_CONTEXT('2D SPACE',''
  ) );
#2895 = ORIENTED_EDGE('',*,*,#2896,.T.);
#2896 = EDGE_CURVE('',#2870,#1091,#2897,.T.);
#2897 = SURFACE_CURVE('',#2898,(#2902,#2909),.PCURVE_S1.);
#2898 = LINE('',#2899,#2900);
#2899 = CARTESIAN_POINT('',(-7.5,-7.5,-9.2));
#2900 = VECTOR('',#2901,1.);
#2901 = DIRECTION('',(0.,0.,1.));
#2902 = PCURVE('',#1105,#2903);
#2903 = DEFINITIONAL_REPRESENTATION('',(#2904),#2908);
#2904 = LINE('',#2905,#2906);
#2905 = CARTESIAN_POINT('',(0.,0.));
#2906 = VECTOR('',#2907,1.);
#2907 = DIRECTION('',(1.,0.));
#2908 = ( GEOMETRIC_REPRESENTATION_CONTEXT(2) 
PARAMETRIC_REPRESENTATION_CONTEXT() REPRESENTATION_CONTEXT('2D SPACE',''
  ) );
#2909 = PCURVE('',#1131,#2910);
#2910 = DEFINITIONAL_REPRESENTATION('',(#2911),#2915);
#2911 = LINE('',#2912,#2913);
#2912 = CARTESIAN_POINT('',(0.,0.));
#2913 = VECTOR('',#2914,1.);
#2914 = DIRECTION('',(1.,0.));
#2915 = ( GEOMETRIC_REPRESENTATION_CONTEXT(2) 
PARAMETRIC_REPRESENTATION_CONTEXT() REPRESENTATION_CONTEXT('2D SPACE',''
  ) );
#2916 = ORIENTED_EDGE('',*,*,#1088,.F.);
#2917 = ADVANCED_FACE('',(#2918,#2967),#1181,.T.);
#2918 = FACE_BOUND('',#2919,.T.);
#2919 = EDGE_LOOP('',(#2920,#2943,#2944,#2945));
#2920 = ORIENTED_EDGE('',*,*,#2921,.T.);
#2921 = EDGE_CURVE('',#2922,#1143,#2924,.T.);
#2922 = VERTEX_POINT('',#2923);
#2923 = CARTESIAN_POINT('',(-4.5,7.5,-9.2));
#2924 = SURFACE_CURVE('',#2925,(#2929,#2936),.PCURVE_S1.);
#2925 = LINE('',#2926,#2927);
#2926 = CARTESIAN_POINT('',(-4.5,7.5,-9.2));
#2927 = VECTOR('',#2928,1.);
#2928 = DIRECTION('',(0.,0.,1.));
#2929 = PCURVE('',#1181,#2930);
#2930 = DEFINITIONAL_REPRESENTATION('',(#2931),#2935);
#2931 = LINE('',#2932,#2933);
#2932 = CARTESIAN_POINT('',(0.,-15.));
#2933 = VECTOR('',#2934,1.);
#2934 = DIRECTION('',(1.,0.));
#2935 = ( GEOMETRIC_REPRESENTATION_CONTEXT(2) 
PARAMETRIC_REPRESENTATION_CONTEXT() REPRESENTATION_CONTEXT('2D SPACE',''
  ) );
#2936 = PCURVE('',#1157,#2937);
#2937 = DEFINITIONAL_REPRESENTATION('',(#2938),#2942);
#2938 = LINE('',#2939,#2940);
#2939 = CARTESIAN_POINT('',(0.,3.));
#2940 = VECTOR('',#2941,1.);
#2941 = DIRECTION('',(1.,0.));
#2942 = ( GEOMETRIC_REPRESENTATION_CONTEXT(2) 
PARAMETRIC_REPRESENTATION_CONTEXT() REPRESENTATION_CONTEXT('2D SPACE',''
  ) );
#2943 = ORIENTED_EDGE('',*,*,#1168,.F.);
#2944 = ORIENTED_EDGE('',*,*,#2846,.F.);
#2945 = ORIENTED_EDGE('',*,*,#2946,.T.);
#2946 = EDGE_CURVE('',#2847,#2922,#2947,.T.);
#2947 = SURFACE_CURVE('',#2948,(#2953,#2960),.PCURVE_S1.);
#2948 = CIRCLE('',#2949,7.5);
#2949 = AXIS2_PLACEMENT_3D('',#2950,#2951,#2952);
#2950 = CARTESIAN_POINT('',(-4.5,0.,-9.2));
#2951 = DIRECTION('',(1.,0.,2.368475785867E-16));
#2952 = DIRECTION('',(0.,-1.,0.));
#2953 = PCURVE('',#1181,#2954);
#2954 = DEFINITIONAL_REPRESENTATION('',(#2955),#2959);
#2955 = CIRCLE('',#2956,7.5);
#2956 = AXIS2_PLACEMENT_2D('',#2957,#2958);
#2957 = CARTESIAN_POINT('',(0.,-7.5));
#2958 = DIRECTION('',(0.,1.));
#2959 = ( GEOMETRIC_REPRESENTATION_CONTEXT(2) 
PARAMETRIC_REPRESENTATION_CONTEXT() REPRESENTATION_CONTEXT('2D SPACE',''
  ) );
#2960 = PCURVE('',#2885,#2961);
#2961 = DEFINITIONAL_REPRESENTATION('',(#2962),#2966);
#2962 = LINE('',#2963,#2964);
#2963 = CARTESIAN_POINT('',(4.712388980385,3.));
#2964 = VECTOR('',#2965,1.);
#2965 = DIRECTION('',(1.,0.));
#2966 = ( GEOMETRIC_REPRESENTATION_CONTEXT(2) 
PARAMETRIC_REPRESENTATION_CONTEXT() REPRESENTATION_CONTEXT('2D SPACE',''
  ) );
#2967 = FACE_BOUND('',#2968,.T.);
#2968 = EDGE_LOOP('',(#2969));
#2969 = ORIENTED_EDGE('',*,*,#2970,.F.);
#2970 = EDGE_CURVE('',#2971,#2971,#2973,.T.);
#2971 = VERTEX_POINT('',#2972);
#2972 = CARTESIAN_POINT('',(-4.5,-6.123233995737E-16,-11.7));
#2973 = SURFACE_CURVE('',#2974,(#2979,#2986),.PCURVE_S1.);
#2974 = CIRCLE('',#2975,2.5);
#2975 = AXIS2_PLACEMENT_3D('',#2976,#2977,#2978);
#2976 = CARTESIAN_POINT('',(-4.5,0.,-9.2));
#2977 = DIRECTION('',(1.,0.,2.22044604925E-16));
#2978 = DIRECTION('',(2.22044604925E-16,0.,-1.));
#2979 = PCURVE('',#1181,#2980);
#2980 = DEFINITIONAL_REPRESENTATION('',(#2981),#2985);
#2981 = CIRCLE('',#2982,2.5);
#2982 = AXIS2_PLACEMENT_2D('',#2983,#2984);
#2983 = CARTESIAN_POINT('',(0.,-7.5));
#2984 = DIRECTION('',(-1.,0.));
#2985 = ( GEOMETRIC_REPRESENTATION_CONTEXT(2) 
PARAMETRIC_REPRESENTATION_CONTEXT() REPRESENTATION_CONTEXT('2D SPACE',''
  ) );
#2986 = PCURVE('',#2987,#2992);
#2987 = CYLINDRICAL_SURFACE('',#2988,2.5);
#2988 = AXIS2_PLACEMENT_3D('',#2989,#2990,#2991);
#2989 = CARTESIAN_POINT('',(-8.5,0.,-9.2));
#2990 = DIRECTION('',(1.,0.,2.22044604925E-16));
#2991 = DIRECTION('',(2.22044604925E-16,0.,-1.));
#2992 = DEFINITIONAL_REPRESENTATION('',(#2993),#2997);
#2993 = LINE('',#2994,#2995);
#2994 = CARTESIAN_POINT('',(0.,4.));
#2995 = VECTOR('',#2996,1.);
#2996 = DIRECTION('',(1.,0.));
#2997 = ( GEOMETRIC_REPRESENTATION_CONTEXT(2) 
PARAMETRIC_REPRESENTATION_CONTEXT() REPRESENTATION_CONTEXT('2D SPACE',''
  ) );
#2998 = ADVANCED_FACE('',(#2999,#3052),#1131,.F.);
#2999 = FACE_BOUND('',#3000,.F.);
#3000 = EDGE_LOOP('',(#3001,#3024,#3025,#3026));
#3001 = ORIENTED_EDGE('',*,*,#3002,.T.);
#3002 = EDGE_CURVE('',#3003,#1117,#3005,.T.);
#3003 = VERTEX_POINT('',#3004);
#3004 = CARTESIAN_POINT('',(-7.5,7.5,-9.2));
#3005 = SURFACE_CURVE('',#3006,(#3010,#3017),.PCURVE_S1.);
#3006 = LINE('',#3007,#3008);
#3007 = CARTESIAN_POINT('',(-7.5,7.5,-9.2));
#3008 = VECTOR('',#3009,1.);
#3009 = DIRECTION('',(0.,0.,1.));
#3010 = PCURVE('',#1131,#3011);
#3011 = DEFINITIONAL_REPRESENTATION('',(#3012),#3016);
#3012 = LINE('',#3013,#3014);
#3013 = CARTESIAN_POINT('',(0.,-15.));
#3014 = VECTOR('',#3015,1.);
#3015 = DIRECTION('',(1.,0.));
#3016 = ( GEOMETRIC_REPRESENTATION_CONTEXT(2) 
PARAMETRIC_REPRESENTATION_CONTEXT() REPRESENTATION_CONTEXT('2D SPACE',''
  ) );
#3017 = PCURVE('',#1157,#3018);
#3018 = DEFINITIONAL_REPRESENTATION('',(#3019),#3023);
#3019 = LINE('',#3020,#3021);
#3020 = CARTESIAN_POINT('',(0.,0.));
#3021 = VECTOR('',#3022,1.);
#3022 = DIRECTION('',(1.,0.));
#3023 = ( GEOMETRIC_REPRESENTATION_CONTEXT(2) 
PARAMETRIC_REPRESENTATION_CONTEXT() REPRESENTATION_CONTEXT('2D SPACE',''
  ) );
#3024 = ORIENTED_EDGE('',*,*,#1116,.F.);
#3025 = ORIENTED_EDGE('',*,*,#2896,.F.);
#3026 = ORIENTED_EDGE('',*,*,#3027,.F.);
#3027 = EDGE_CURVE('',#3003,#2870,#3028,.T.);
#3028 = SURFACE_CURVE('',#3029,(#3034,#3045),.PCURVE_S1.);
#3029 = CIRCLE('',#3030,7.5);
#3030 = AXIS2_PLACEMENT_3D('',#3031,#3032,#3033);
#3031 = CARTESIAN_POINT('',(-7.5,0.,-9.2));
#3032 = DIRECTION('',(-1.,0.,-2.368475785867E-16));
#3033 = DIRECTION('',(0.,1.,0.));
#3034 = PCURVE('',#1131,#3035);
#3035 = DEFINITIONAL_REPRESENTATION('',(#3036),#3044);
#3036 = ( BOUNDED_CURVE() B_SPLINE_CURVE(2,(#3037,#3038,#3039,#3040,
#3041,#3042,#3043),.UNSPECIFIED.,.T.,.F.) B_SPLINE_CURVE_WITH_KNOTS((1,2
    ,2,2,2,1),(-2.094395102393,0.,2.094395102393,4.188790204786,
6.28318530718,8.377580409573),.UNSPECIFIED.) CURVE() 
GEOMETRIC_REPRESENTATION_ITEM() RATIONAL_B_SPLINE_CURVE((1.,0.5,1.,0.5,
1.,0.5,1.)) REPRESENTATION_ITEM('') );
#3037 = CARTESIAN_POINT('',(0.,-15.));
#3038 = CARTESIAN_POINT('',(-12.99038105676,-15.));
#3039 = CARTESIAN_POINT('',(-6.495190528383,-3.75));
#3040 = CARTESIAN_POINT('',(-1.836970198721E-15,7.5));
#3041 = CARTESIAN_POINT('',(6.495190528383,-3.75));
#3042 = CARTESIAN_POINT('',(12.990381056767,-15.));
#3043 = CARTESIAN_POINT('',(0.,-15.));
#3044 = ( GEOMETRIC_REPRESENTATION_CONTEXT(2) 
PARAMETRIC_REPRESENTATION_CONTEXT() REPRESENTATION_CONTEXT('2D SPACE',''
  ) );
#3045 = PCURVE('',#2885,#3046);
#3046 = DEFINITIONAL_REPRESENTATION('',(#3047),#3051);
#3047 = LINE('',#3048,#3049);
#3048 = CARTESIAN_POINT('',(7.853981633974,0.));
#3049 = VECTOR('',#3050,1.);
#3050 = DIRECTION('',(-1.,-0.));
#3051 = ( GEOMETRIC_REPRESENTATION_CONTEXT(2) 
PARAMETRIC_REPRESENTATION_CONTEXT() REPRESENTATION_CONTEXT('2D SPACE',''
  ) );
#3052 = FACE_BOUND('',#3053,.F.);
#3053 = EDGE_LOOP('',(#3054));
#3054 = ORIENTED_EDGE('',*,*,#3055,.F.);
#3055 = EDGE_CURVE('',#3056,#3056,#3058,.T.);
#3056 = VERTEX_POINT('',#3057);
#3057 = CARTESIAN_POINT('',(-7.5,-6.123233995737E-16,-11.7));
#3058 = SURFACE_CURVE('',#3059,(#3064,#3071),.PCURVE_S1.);
#3059 = CIRCLE('',#3060,2.5);
#3060 = AXIS2_PLACEMENT_3D('',#3061,#3062,#3063);
#3061 = CARTESIAN_POINT('',(-7.5,0.,-9.2));
#3062 = DIRECTION('',(1.,0.,2.22044604925E-16));
#3063 = DIRECTION('',(2.22044604925E-16,0.,-1.));
#3064 = PCURVE('',#1131,#3065);
#3065 = DEFINITIONAL_REPRESENTATION('',(#3066),#3070);
#3066 = CIRCLE('',#3067,2.5);
#3067 = AXIS2_PLACEMENT_2D('',#3068,#3069);
#3068 = CARTESIAN_POINT('',(0.,-7.5));
#3069 = DIRECTION('',(-1.,0.));
#3070 = ( GEOMETRIC_REPRESENTATION_CONTEXT(2) 
PARAMETRIC_REPRESENTATION_CONTEXT() REPRESENTATION_CONTEXT('2D SPACE',''
  ) );
#3071 = PCURVE('',#2987,#3072);
#3072 = DEFINITIONAL_REPRESENTATION('',(#3073),#3077);
#3073 = LINE('',#3074,#3075);
#3074 = CARTESIAN_POINT('',(0.,1.));
#3075 = VECTOR('',#3076,1.);
#3076 = DIRECTION('',(1.,0.));
#3077 = ( GEOMETRIC_REPRESENTATION_CONTEXT(2) 
PARAMETRIC_REPRESENTATION_CONTEXT() REPRESENTATION_CONTEXT('2D SPACE',''
  ) );
#3078 = ADVANCED_FACE('',(#3079),#1157,.T.);
#3079 = FACE_BOUND('',#3080,.T.);
#3080 = EDGE_LOOP('',(#3081,#3082,#3102,#3103));
#3081 = ORIENTED_EDGE('',*,*,#2921,.F.);
#3082 = ORIENTED_EDGE('',*,*,#3083,.F.);
#3083 = EDGE_CURVE('',#3003,#2922,#3084,.T.);
#3084 = SURFACE_CURVE('',#3085,(#3089,#3096),.PCURVE_S1.);
#3085 = LINE('',#3086,#3087);
#3086 = CARTESIAN_POINT('',(-7.5,7.5,-9.2));
#3087 = VECTOR('',#3088,1.);
#3088 = DIRECTION('',(1.,0.,0.));
#3089 = PCURVE('',#1157,#3090);
#3090 = DEFINITIONAL_REPRESENTATION('',(#3091),#3095);
#3091 = LINE('',#3092,#3093);
#3092 = CARTESIAN_POINT('',(0.,0.));
#3093 = VECTOR('',#3094,1.);
#3094 = DIRECTION('',(0.,1.));
#3095 = ( GEOMETRIC_REPRESENTATION_CONTEXT(2) 
PARAMETRIC_REPRESENTATION_CONTEXT() REPRESENTATION_CONTEXT('2D SPACE',''
  ) );
#3096 = PCURVE('',#2885,#3097);
#3097 = DEFINITIONAL_REPRESENTATION('',(#3098),#3101);
#3098 = B_SPLINE_CURVE_WITH_KNOTS('',1,(#3099,#3100),.UNSPECIFIED.,.F.,
  .F.,(2,2),(0.,3.),.PIECEWISE_BEZIER_KNOTS.);
#3099 = CARTESIAN_POINT('',(7.853981633974,0.));
#3100 = CARTESIAN_POINT('',(7.853981633974,3.));
#3101 = ( GEOMETRIC_REPRESENTATION_CONTEXT(2) 
PARAMETRIC_REPRESENTATION_CONTEXT() REPRESENTATION_CONTEXT('2D SPACE',''
  ) );
#3102 = ORIENTED_EDGE('',*,*,#3002,.T.);
#3103 = ORIENTED_EDGE('',*,*,#1142,.F.);
#3104 = ADVANCED_FACE('',(#3105),#1211,.F.);
#3105 = FACE_BOUND('',#3106,.F.);
#3106 = EDGE_LOOP('',(#3107,#3130,#3157,#3178));
#3107 = ORIENTED_EDGE('',*,*,#3108,.F.);
#3108 = EDGE_CURVE('',#3109,#1195,#3111,.T.);
#3109 = VERTEX_POINT('',#3110);
#3110 = CARTESIAN_POINT('',(1.5,-7.5,-9.2));
#3111 = SURFACE_CURVE('',#3112,(#3116,#3123),.PCURVE_S1.);
#3112 = LINE('',#3113,#3114);
#3113 = CARTESIAN_POINT('',(1.5,-7.5,-9.2));
#3114 = VECTOR('',#3115,1.);
#3115 = DIRECTION('',(0.,0.,1.));
#3116 = PCURVE('',#1211,#3117);
#3117 = DEFINITIONAL_REPRESENTATION('',(#3118),#3122);
#3118 = LINE('',#3119,#3120);
#3119 = CARTESIAN_POINT('',(0.,3.));
#3120 = VECTOR('',#3121,1.);
#3121 = DIRECTION('',(1.,0.));
#3122 = ( GEOMETRIC_REPRESENTATION_CONTEXT(2) 
PARAMETRIC_REPRESENTATION_CONTEXT() REPRESENTATION_CONTEXT('2D SPACE',''
  ) );
#3123 = PCURVE('',#1287,#3124);
#3124 = DEFINITIONAL_REPRESENTATION('',(#3125),#3129);
#3125 = LINE('',#3126,#3127);
#3126 = CARTESIAN_POINT('',(0.,0.));
#3127 = VECTOR('',#3128,1.);
#3128 = DIRECTION('',(1.,0.));
#3129 = ( GEOMETRIC_REPRESENTATION_CONTEXT(2) 
PARAMETRIC_REPRESENTATION_CONTEXT() REPRESENTATION_CONTEXT('2D SPACE',''
  ) );
#3130 = ORIENTED_EDGE('',*,*,#3131,.F.);
#3131 = EDGE_CURVE('',#3132,#3109,#3134,.T.);
#3132 = VERTEX_POINT('',#3133);
#3133 = CARTESIAN_POINT('',(-1.5,-7.5,-9.2));
#3134 = SURFACE_CURVE('',#3135,(#3139,#3146),.PCURVE_S1.);
#3135 = LINE('',#3136,#3137);
#3136 = CARTESIAN_POINT('',(-1.5,-7.5,-9.2));
#3137 = VECTOR('',#3138,1.);
#3138 = DIRECTION('',(1.,0.,0.));
#3139 = PCURVE('',#1211,#3140);
#3140 = DEFINITIONAL_REPRESENTATION('',(#3141),#3145);
#3141 = LINE('',#3142,#3143);
#3142 = CARTESIAN_POINT('',(0.,0.));
#3143 = VECTOR('',#3144,1.);
#3144 = DIRECTION('',(0.,1.));
#3145 = ( GEOMETRIC_REPRESENTATION_CONTEXT(2) 
PARAMETRIC_REPRESENTATION_CONTEXT() REPRESENTATION_CONTEXT('2D SPACE',''
  ) );
#3146 = PCURVE('',#3147,#3152);
#3147 = CYLINDRICAL_SURFACE('',#3148,7.5);
#3148 = AXIS2_PLACEMENT_3D('',#3149,#3150,#3151);
#3149 = CARTESIAN_POINT('',(-1.5,0.,-9.2));
#3150 = DIRECTION('',(1.,0.,2.22044604925E-16));
#3151 = DIRECTION('',(2.22044604925E-16,0.,-1.));
#3152 = DEFINITIONAL_REPRESENTATION('',(#3153),#3156);
#3153 = B_SPLINE_CURVE_WITH_KNOTS('',1,(#3154,#3155),.UNSPECIFIED.,.F.,
  .F.,(2,2),(0.,3.),.PIECEWISE_BEZIER_KNOTS.);
#3154 = CARTESIAN_POINT('',(4.712388980385,0.));
#3155 = CARTESIAN_POINT('',(4.712388980385,3.));
#3156 = ( GEOMETRIC_REPRESENTATION_CONTEXT(2) 
PARAMETRIC_REPRESENTATION_CONTEXT() REPRESENTATION_CONTEXT('2D SPACE',''
  ) );
#3157 = ORIENTED_EDGE('',*,*,#3158,.T.);
#3158 = EDGE_CURVE('',#3132,#1197,#3159,.T.);
#3159 = SURFACE_CURVE('',#3160,(#3164,#3171),.PCURVE_S1.);
#3160 = LINE('',#3161,#3162);
#3161 = CARTESIAN_POINT('',(-1.5,-7.5,-9.2));
#3162 = VECTOR('',#3163,1.);
#3163 = DIRECTION('',(0.,0.,1.));
#3164 = PCURVE('',#1211,#3165);
#3165 = DEFINITIONAL_REPRESENTATION('',(#3166),#3170);
#3166 = LINE('',#3167,#3168);
#3167 = CARTESIAN_POINT('',(0.,0.));
#3168 = VECTOR('',#3169,1.);
#3169 = DIRECTION('',(1.,0.));
#3170 = ( GEOMETRIC_REPRESENTATION_CONTEXT(2) 
PARAMETRIC_REPRESENTATION_CONTEXT() REPRESENTATION_CONTEXT('2D SPACE',''
  ) );
#3171 = PCURVE('',#1237,#3172);
#3172 = DEFINITIONAL_REPRESENTATION('',(#3173),#3177);
#3173 = LINE('',#3174,#3175);
#3174 = CARTESIAN_POINT('',(0.,0.));
#3175 = VECTOR('',#3176,1.);
#3176 = DIRECTION('',(1.,0.));
#3177 = ( GEOMETRIC_REPRESENTATION_CONTEXT(2) 
PARAMETRIC_REPRESENTATION_CONTEXT() REPRESENTATION_CONTEXT('2D SPACE',''
  ) );
#3178 = ORIENTED_EDGE('',*,*,#1194,.F.);
#3179 = ADVANCED_FACE('',(#3180,#3229),#1287,.T.);
#3180 = FACE_BOUND('',#3181,.T.);
#3181 = EDGE_LOOP('',(#3182,#3205,#3206,#3207));
#3182 = ORIENTED_EDGE('',*,*,#3183,.T.);
#3183 = EDGE_CURVE('',#3184,#1249,#3186,.T.);
#3184 = VERTEX_POINT('',#3185);
#3185 = CARTESIAN_POINT('',(1.5,7.5,-9.2));
#3186 = SURFACE_CURVE('',#3187,(#3191,#3198),.PCURVE_S1.);
#3187 = LINE('',#3188,#3189);
#3188 = CARTESIAN_POINT('',(1.5,7.5,-9.2));
#3189 = VECTOR('',#3190,1.);
#3190 = DIRECTION('',(0.,0.,1.));
#3191 = PCURVE('',#1287,#3192);
#3192 = DEFINITIONAL_REPRESENTATION('',(#3193),#3197);
#3193 = LINE('',#3194,#3195);
#3194 = CARTESIAN_POINT('',(0.,-15.));
#3195 = VECTOR('',#3196,1.);
#3196 = DIRECTION('',(1.,0.));
#3197 = ( GEOMETRIC_REPRESENTATION_CONTEXT(2) 
PARAMETRIC_REPRESENTATION_CONTEXT() REPRESENTATION_CONTEXT('2D SPACE',''
  ) );
#3198 = PCURVE('',#1263,#3199);
#3199 = DEFINITIONAL_REPRESENTATION('',(#3200),#3204);
#3200 = LINE('',#3201,#3202);
#3201 = CARTESIAN_POINT('',(0.,3.));
#3202 = VECTOR('',#3203,1.);
#3203 = DIRECTION('',(1.,0.));
#3204 = ( GEOMETRIC_REPRESENTATION_CONTEXT(2) 
PARAMETRIC_REPRESENTATION_CONTEXT() REPRESENTATION_CONTEXT('2D SPACE',''
  ) );
#3205 = ORIENTED_EDGE('',*,*,#1274,.F.);
#3206 = ORIENTED_EDGE('',*,*,#3108,.F.);
#3207 = ORIENTED_EDGE('',*,*,#3208,.T.);
#3208 = EDGE_CURVE('',#3109,#3184,#3209,.T.);
#3209 = SURFACE_CURVE('',#3210,(#3215,#3222),.PCURVE_S1.);
#3210 = CIRCLE('',#3211,7.5);
#3211 = AXIS2_PLACEMENT_3D('',#3212,#3213,#3214);
#3212 = CARTESIAN_POINT('',(1.5,0.,-9.2));
#3213 = DIRECTION('',(1.,0.,2.368475785867E-16));
#3214 = DIRECTION('',(0.,-1.,0.));
#3215 = PCURVE('',#1287,#3216);
#3216 = DEFINITIONAL_REPRESENTATION('',(#3217),#3221);
#3217 = CIRCLE('',#3218,7.5);
#3218 = AXIS2_PLACEMENT_2D('',#3219,#3220);
#3219 = CARTESIAN_POINT('',(0.,-7.5));
#3220 = DIRECTION('',(0.,1.));
#3221 = ( GEOMETRIC_REPRESENTATION_CONTEXT(2) 
PARAMETRIC_REPRESENTATION_CONTEXT() REPRESENTATION_CONTEXT('2D SPACE',''
  ) );
#3222 = PCURVE('',#3147,#3223);
#3223 = DEFINITIONAL_REPRESENTATION('',(#3224),#3228);
#3224 = LINE('',#3225,#3226);
#3225 = CARTESIAN_POINT('',(4.712388980385,3.));
#3226 = VECTOR('',#3227,1.);
#3227 = DIRECTION('',(1.,0.));
#3228 = ( GEOMETRIC_REPRESENTATION_CONTEXT(2) 
PARAMETRIC_REPRESENTATION_CONTEXT() REPRESENTATION_CONTEXT('2D SPACE',''
  ) );
#3229 = FACE_BOUND('',#3230,.T.);
#3230 = EDGE_LOOP('',(#3231));
#3231 = ORIENTED_EDGE('',*,*,#3232,.F.);
#3232 = EDGE_CURVE('',#3233,#3233,#3235,.T.);
#3233 = VERTEX_POINT('',#3234);
#3234 = CARTESIAN_POINT('',(1.5,-6.123233995737E-16,-11.7));
#3235 = SURFACE_CURVE('',#3236,(#3241,#3248),.PCURVE_S1.);
#3236 = CIRCLE('',#3237,2.5);
#3237 = AXIS2_PLACEMENT_3D('',#3238,#3239,#3240);
#3238 = CARTESIAN_POINT('',(1.5,0.,-9.2));
#3239 = DIRECTION('',(1.,0.,2.22044604925E-16));
#3240 = DIRECTION('',(2.22044604925E-16,0.,-1.));
#3241 = PCURVE('',#1287,#3242);
#3242 = DEFINITIONAL_REPRESENTATION('',(#3243),#3247);
#3243 = CIRCLE('',#3244,2.5);
#3244 = AXIS2_PLACEMENT_2D('',#3245,#3246);
#3245 = CARTESIAN_POINT('',(0.,-7.5));
#3246 = DIRECTION('',(-1.,0.));
#3247 = ( GEOMETRIC_REPRESENTATION_CONTEXT(2) 
PARAMETRIC_REPRESENTATION_CONTEXT() REPRESENTATION_CONTEXT('2D SPACE',''
  ) );
#3248 = PCURVE('',#3249,#3254);
#3249 = CYLINDRICAL_SURFACE('',#3250,2.5);
#3250 = AXIS2_PLACEMENT_3D('',#3251,#3252,#3253);
#3251 = CARTESIAN_POINT('',(-2.5,0.,-9.2));
#3252 = DIRECTION('',(1.,0.,2.22044604925E-16));
#3253 = DIRECTION('',(2.22044604925E-16,0.,-1.));
#3254 = DEFINITIONAL_REPRESENTATION('',(#3255),#3259);
#3255 = LINE('',#3256,#3257);
#3256 = CARTESIAN_POINT('',(0.,4.));
#3257 = VECTOR('',#3258,1.);
#3258 = DIRECTION('',(1.,0.));
#3259 = ( GEOMETRIC_REPRESENTATION_CONTEXT(2) 
PARAMETRIC_REPRESENTATION_CONTEXT() REPRESENTATION_CONTEXT('2D SPACE',''
  ) );
#3260 = ADVANCED_FACE('',(#3261,#3314),#1237,.F.);
#3261 = FACE_BOUND('',#3262,.F.);
#3262 = EDGE_LOOP('',(#3263,#3286,#3287,#3288));
#3263 = ORIENTED_EDGE('',*,*,#3264,.T.);
#3264 = EDGE_CURVE('',#3265,#1223,#3267,.T.);
#3265 = VERTEX_POINT('',#3266);
#3266 = CARTESIAN_POINT('',(-1.5,7.5,-9.2));
#3267 = SURFACE_CURVE('',#3268,(#3272,#3279),.PCURVE_S1.);
#3268 = LINE('',#3269,#3270);
#3269 = CARTESIAN_POINT('',(-1.5,7.5,-9.2));
#3270 = VECTOR('',#3271,1.);
#3271 = DIRECTION('',(0.,0.,1.));
#3272 = PCURVE('',#1237,#3273);
#3273 = DEFINITIONAL_REPRESENTATION('',(#3274),#3278);
#3274 = LINE('',#3275,#3276);
#3275 = CARTESIAN_POINT('',(0.,-15.));
#3276 = VECTOR('',#3277,1.);
#3277 = DIRECTION('',(1.,0.));
#3278 = ( GEOMETRIC_REPRESENTATION_CONTEXT(2) 
PARAMETRIC_REPRESENTATION_CONTEXT() REPRESENTATION_CONTEXT('2D SPACE',''
  ) );
#3279 = PCURVE('',#1263,#3280);
#3280 = DEFINITIONAL_REPRESENTATION('',(#3281),#3285);
#3281 = LINE('',#3282,#3283);
#3282 = CARTESIAN_POINT('',(0.,0.));
#3283 = VECTOR('',#3284,1.);
#3284 = DIRECTION('',(1.,0.));
#3285 = ( GEOMETRIC_REPRESENTATION_CONTEXT(2) 
PARAMETRIC_REPRESENTATION_CONTEXT() REPRESENTATION_CONTEXT('2D SPACE',''
  ) );
#3286 = ORIENTED_EDGE('',*,*,#1222,.F.);
#3287 = ORIENTED_EDGE('',*,*,#3158,.F.);
#3288 = ORIENTED_EDGE('',*,*,#3289,.F.);
#3289 = EDGE_CURVE('',#3265,#3132,#3290,.T.);
#3290 = SURFACE_CURVE('',#3291,(#3296,#3307),.PCURVE_S1.);
#3291 = CIRCLE('',#3292,7.5);
#3292 = AXIS2_PLACEMENT_3D('',#3293,#3294,#3295);
#3293 = CARTESIAN_POINT('',(-1.5,0.,-9.2));
#3294 = DIRECTION('',(-1.,0.,-2.368475785867E-16));
#3295 = DIRECTION('',(0.,1.,0.));
#3296 = PCURVE('',#1237,#3297);
#3297 = DEFINITIONAL_REPRESENTATION('',(#3298),#3306);
#3298 = ( BOUNDED_CURVE() B_SPLINE_CURVE(2,(#3299,#3300,#3301,#3302,
#3303,#3304,#3305),.UNSPECIFIED.,.T.,.F.) B_SPLINE_CURVE_WITH_KNOTS((1,2
    ,2,2,2,1),(-2.094395102393,0.,2.094395102393,4.188790204786,
6.28318530718,8.377580409573),.UNSPECIFIED.) CURVE() 
GEOMETRIC_REPRESENTATION_ITEM() RATIONAL_B_SPLINE_CURVE((1.,0.5,1.,0.5,
1.,0.5,1.)) REPRESENTATION_ITEM('') );
#3299 = CARTESIAN_POINT('',(0.,-15.));
#3300 = CARTESIAN_POINT('',(-12.99038105676,-15.));
#3301 = CARTESIAN_POINT('',(-6.495190528383,-3.75));
#3302 = CARTESIAN_POINT('',(-1.836970198721E-15,7.5));
#3303 = CARTESIAN_POINT('',(6.495190528383,-3.75));
#3304 = CARTESIAN_POINT('',(12.990381056767,-15.));
#3305 = CARTESIAN_POINT('',(0.,-15.));
#3306 = ( GEOMETRIC_REPRESENTATION_CONTEXT(2) 
PARAMETRIC_REPRESENTATION_CONTEXT() REPRESENTATION_CONTEXT('2D SPACE',''
  ) );
#3307 = PCURVE('',#3147,#3308);
#3308 = DEFINITIONAL_REPRESENTATION('',(#3309),#3313);
#3309 = LINE('',#3310,#3311);
#3310 = CARTESIAN_POINT('',(7.853981633974,0.));
#3311 = VECTOR('',#3312,1.);
#3312 = DIRECTION('',(-1.,-0.));
#3313 = ( GEOMETRIC_REPRESENTATION_CONTEXT(2) 
PARAMETRIC_REPRESENTATION_CONTEXT() REPRESENTATION_CONTEXT('2D SPACE',''
  ) );
#3314 = FACE_BOUND('',#3315,.F.);
#3315 = EDGE_LOOP('',(#3316));
#3316 = ORIENTED_EDGE('',*,*,#3317,.F.);
#3317 = EDGE_CURVE('',#3318,#3318,#3320,.T.);
#3318 = VERTEX_POINT('',#3319);
#3319 = CARTESIAN_POINT('',(-1.5,-6.123233995737E-16,-11.7));
#3320 = SURFACE_CURVE('',#3321,(#3326,#3333),.PCURVE_S1.);
#3321 = CIRCLE('',#3322,2.5);
#3322 = AXIS2_PLACEMENT_3D('',#3323,#3324,#3325);
#3323 = CARTESIAN_POINT('',(-1.5,0.,-9.2));
#3324 = DIRECTION('',(1.,0.,2.22044604925E-16));
#3325 = DIRECTION('',(2.22044604925E-16,0.,-1.));
#3326 = PCURVE('',#1237,#3327);
#3327 = DEFINITIONAL_REPRESENTATION('',(#3328),#3332);
#3328 = CIRCLE('',#3329,2.5);
#3329 = AXIS2_PLACEMENT_2D('',#3330,#3331);
#3330 = CARTESIAN_POINT('',(0.,-7.5));
#3331 = DIRECTION('',(-1.,0.));
#3332 = ( GEOMETRIC_REPRESENTATION_CONTEXT(2) 
PARAMETRIC_REPRESENTATION_CONTEXT() REPRESENTATION_CONTEXT('2D SPACE',''
  ) );
#3333 = PCURVE('',#3249,#3334);
#3334 = DEFINITIONAL_REPRESENTATION('',(#3335),#3339);
#3335 = LINE('',#3336,#3337);
#3336 = CARTESIAN_POINT('',(0.,1.));
#3337 = VECTOR('',#3338,1.);
#3338 = DIRECTION('',(1.,0.));
#3339 = ( GEOMETRIC_REPRESENTATION_CONTEXT(2) 
PARAMETRIC_REPRESENTATION_CONTEXT() REPRESENTATION_CONTEXT('2D SPACE',''
  ) );
#3340 = ADVANCED_FACE('',(#3341),#1263,.T.);
#3341 = FACE_BOUND('',#3342,.T.);
#3342 = EDGE_LOOP('',(#3343,#3344,#3364,#3365));
#3343 = ORIENTED_EDGE('',*,*,#3183,.F.);
#3344 = ORIENTED_EDGE('',*,*,#3345,.F.);
#3345 = EDGE_CURVE('',#3265,#3184,#3346,.T.);
#3346 = SURFACE_CURVE('',#3347,(#3351,#3358),.PCURVE_S1.);
#3347 = LINE('',#3348,#3349);
#3348 = CARTESIAN_POINT('',(-1.5,7.5,-9.2));
#3349 = VECTOR('',#3350,1.);
#3350 = DIRECTION('',(1.,0.,0.));
#3351 = PCURVE('',#1263,#3352);
#3352 = DEFINITIONAL_REPRESENTATION('',(#3353),#3357);
#3353 = LINE('',#3354,#3355);
#3354 = CARTESIAN_POINT('',(0.,0.));
#3355 = VECTOR('',#3356,1.);
#3356 = DIRECTION('',(0.,1.));
#3357 = ( GEOMETRIC_REPRESENTATION_CONTEXT(2) 
PARAMETRIC_REPRESENTATION_CONTEXT() REPRESENTATION_CONTEXT('2D SPACE',''
  ) );
#3358 = PCURVE('',#3147,#3359);
#3359 = DEFINITIONAL_REPRESENTATION('',(#3360),#3363);
#3360 = B_SPLINE_CURVE_WITH_KNOTS('',1,(#3361,#3362),.UNSPECIFIED.,.F.,
  .F.,(2,2),(0.,3.),.PIECEWISE_BEZIER_KNOTS.);
#3361 = CARTESIAN_POINT('',(7.853981633974,0.));
#3362 = CARTESIAN_POINT('',(7.853981633974,3.));
#3363 = ( GEOMETRIC_REPRESENTATION_CONTEXT(2) 
PARAMETRIC_REPRESENTATION_CONTEXT() REPRESENTATION_CONTEXT('2D SPACE',''
  ) );
#3364 = ORIENTED_EDGE('',*,*,#3264,.T.);
#3365 = ORIENTED_EDGE('',*,*,#1248,.F.);
#3366 = ADVANCED_FACE('',(#3367),#1317,.F.);
#3367 = FACE_BOUND('',#3368,.F.);
#3368 = EDGE_LOOP('',(#3369,#3392,#3419,#3440));
#3369 = ORIENTED_EDGE('',*,*,#3370,.F.);
#3370 = EDGE_CURVE('',#3371,#1301,#3373,.T.);
#3371 = VERTEX_POINT('',#3372);
#3372 = CARTESIAN_POINT('',(7.5,-7.5,-9.2));
#3373 = SURFACE_CURVE('',#3374,(#3378,#3385),.PCURVE_S1.);
#3374 = LINE('',#3375,#3376);
#3375 = CARTESIAN_POINT('',(7.5,-7.5,-9.2));
#3376 = VECTOR('',#3377,1.);
#3377 = DIRECTION('',(0.,0.,1.));
#3378 = PCURVE('',#1317,#3379);
#3379 = DEFINITIONAL_REPRESENTATION('',(#3380),#3384);
#3380 = LINE('',#3381,#3382);
#3381 = CARTESIAN_POINT('',(0.,3.));
#3382 = VECTOR('',#3383,1.);
#3383 = DIRECTION('',(1.,0.));
#3384 = ( GEOMETRIC_REPRESENTATION_CONTEXT(2) 
PARAMETRIC_REPRESENTATION_CONTEXT() REPRESENTATION_CONTEXT('2D SPACE',''
  ) );
#3385 = PCURVE('',#1393,#3386);
#3386 = DEFINITIONAL_REPRESENTATION('',(#3387),#3391);
#3387 = LINE('',#3388,#3389);
#3388 = CARTESIAN_POINT('',(0.,0.));
#3389 = VECTOR('',#3390,1.);
#3390 = DIRECTION('',(1.,0.));
#3391 = ( GEOMETRIC_REPRESENTATION_CONTEXT(2) 
PARAMETRIC_REPRESENTATION_CONTEXT() REPRESENTATION_CONTEXT('2D SPACE',''
  ) );
#3392 = ORIENTED_EDGE('',*,*,#3393,.F.);
#3393 = EDGE_CURVE('',#3394,#3371,#3396,.T.);
#3394 = VERTEX_POINT('',#3395);
#3395 = CARTESIAN_POINT('',(4.5,-7.5,-9.2));
#3396 = SURFACE_CURVE('',#3397,(#3401,#3408),.PCURVE_S1.);
#3397 = LINE('',#3398,#3399);
#3398 = CARTESIAN_POINT('',(4.5,-7.5,-9.2));
#3399 = VECTOR('',#3400,1.);
#3400 = DIRECTION('',(1.,0.,0.));
#3401 = PCURVE('',#1317,#3402);
#3402 = DEFINITIONAL_REPRESENTATION('',(#3403),#3407);
#3403 = LINE('',#3404,#3405);
#3404 = CARTESIAN_POINT('',(0.,0.));
#3405 = VECTOR('',#3406,1.);
#3406 = DIRECTION('',(0.,1.));
#3407 = ( GEOMETRIC_REPRESENTATION_CONTEXT(2) 
PARAMETRIC_REPRESENTATION_CONTEXT() REPRESENTATION_CONTEXT('2D SPACE',''
  ) );
#3408 = PCURVE('',#3409,#3414);
#3409 = CYLINDRICAL_SURFACE('',#3410,7.5);
#3410 = AXIS2_PLACEMENT_3D('',#3411,#3412,#3413);
#3411 = CARTESIAN_POINT('',(4.5,0.,-9.2));
#3412 = DIRECTION('',(1.,0.,2.22044604925E-16));
#3413 = DIRECTION('',(2.22044604925E-16,0.,-1.));
#3414 = DEFINITIONAL_REPRESENTATION('',(#3415),#3418);
#3415 = B_SPLINE_CURVE_WITH_KNOTS('',1,(#3416,#3417),.UNSPECIFIED.,.F.,
  .F.,(2,2),(0.,3.),.PIECEWISE_BEZIER_KNOTS.);
#3416 = CARTESIAN_POINT('',(4.712388980385,0.));
#3417 = CARTESIAN_POINT('',(4.712388980385,3.));
#3418 = ( GEOMETRIC_REPRESENTATION_CONTEXT(2) 
PARAMETRIC_REPRESENTATION_CONTEXT() REPRESENTATION_CONTEXT('2D SPACE',''
  ) );
#3419 = ORIENTED_EDGE('',*,*,#3420,.T.);
#3420 = EDGE_CURVE('',#3394,#1303,#3421,.T.);
#3421 = SURFACE_CURVE('',#3422,(#3426,#3433),.PCURVE_S1.);
#3422 = LINE('',#3423,#3424);
#3423 = CARTESIAN_POINT('',(4.5,-7.5,-9.2));
#3424 = VECTOR('',#3425,1.);
#3425 = DIRECTION('',(0.,0.,1.));
#3426 = PCURVE('',#1317,#3427);
#3427 = DEFINITIONAL_REPRESENTATION('',(#3428),#3432);
#3428 = LINE('',#3429,#3430);
#3429 = CARTESIAN_POINT('',(0.,0.));
#3430 = VECTOR('',#3431,1.);
#3431 = DIRECTION('',(1.,0.));
#3432 = ( GEOMETRIC_REPRESENTATION_CONTEXT(2) 
PARAMETRIC_REPRESENTATION_CONTEXT() REPRESENTATION_CONTEXT('2D SPACE',''
  ) );
#3433 = PCURVE('',#1343,#3434);
#3434 = DEFINITIONAL_REPRESENTATION('',(#3435),#3439);
#3435 = LINE('',#3436,#3437);
#3436 = CARTESIAN_POINT('',(0.,0.));
#3437 = VECTOR('',#3438,1.);
#3438 = DIRECTION('',(1.,0.));
#3439 = ( GEOMETRIC_REPRESENTATION_CONTEXT(2) 
PARAMETRIC_REPRESENTATION_CONTEXT() REPRESENTATION_CONTEXT('2D SPACE',''
  ) );
#3440 = ORIENTED_EDGE('',*,*,#1300,.F.);
#3441 = ADVANCED_FACE('',(#3442,#3491),#1393,.T.);
#3442 = FACE_BOUND('',#3443,.T.);
#3443 = EDGE_LOOP('',(#3444,#3467,#3468,#3469));
#3444 = ORIENTED_EDGE('',*,*,#3445,.T.);
#3445 = EDGE_CURVE('',#3446,#1355,#3448,.T.);
#3446 = VERTEX_POINT('',#3447);
#3447 = CARTESIAN_POINT('',(7.5,7.5,-9.2));
#3448 = SURFACE_CURVE('',#3449,(#3453,#3460),.PCURVE_S1.);
#3449 = LINE('',#3450,#3451);
#3450 = CARTESIAN_POINT('',(7.5,7.5,-9.2));
#3451 = VECTOR('',#3452,1.);
#3452 = DIRECTION('',(0.,0.,1.));
#3453 = PCURVE('',#1393,#3454);
#3454 = DEFINITIONAL_REPRESENTATION('',(#3455),#3459);
#3455 = LINE('',#3456,#3457);
#3456 = CARTESIAN_POINT('',(0.,-15.));
#3457 = VECTOR('',#3458,1.);
#3458 = DIRECTION('',(1.,0.));
#3459 = ( GEOMETRIC_REPRESENTATION_CONTEXT(2) 
PARAMETRIC_REPRESENTATION_CONTEXT() REPRESENTATION_CONTEXT('2D SPACE',''
  ) );
#3460 = PCURVE('',#1369,#3461);
#3461 = DEFINITIONAL_REPRESENTATION('',(#3462),#3466);
#3462 = LINE('',#3463,#3464);
#3463 = CARTESIAN_POINT('',(0.,3.));
#3464 = VECTOR('',#3465,1.);
#3465 = DIRECTION('',(1.,0.));
#3466 = ( GEOMETRIC_REPRESENTATION_CONTEXT(2) 
PARAMETRIC_REPRESENTATION_CONTEXT() REPRESENTATION_CONTEXT('2D SPACE',''
  ) );
#3467 = ORIENTED_EDGE('',*,*,#1380,.F.);
#3468 = ORIENTED_EDGE('',*,*,#3370,.F.);
#3469 = ORIENTED_EDGE('',*,*,#3470,.T.);
#3470 = EDGE_CURVE('',#3371,#3446,#3471,.T.);
#3471 = SURFACE_CURVE('',#3472,(#3477,#3484),.PCURVE_S1.);
#3472 = CIRCLE('',#3473,7.5);
#3473 = AXIS2_PLACEMENT_3D('',#3474,#3475,#3476);
#3474 = CARTESIAN_POINT('',(7.5,0.,-9.2));
#3475 = DIRECTION('',(1.,0.,2.368475785867E-16));
#3476 = DIRECTION('',(0.,-1.,0.));
#3477 = PCURVE('',#1393,#3478);
#3478 = DEFINITIONAL_REPRESENTATION('',(#3479),#3483);
#3479 = CIRCLE('',#3480,7.5);
#3480 = AXIS2_PLACEMENT_2D('',#3481,#3482);
#3481 = CARTESIAN_POINT('',(0.,-7.5));
#3482 = DIRECTION('',(0.,1.));
#3483 = ( GEOMETRIC_REPRESENTATION_CONTEXT(2) 
PARAMETRIC_REPRESENTATION_CONTEXT() REPRESENTATION_CONTEXT('2D SPACE',''
  ) );
#3484 = PCURVE('',#3409,#3485);
#3485 = DEFINITIONAL_REPRESENTATION('',(#3486),#3490);
#3486 = LINE('',#3487,#3488);
#3487 = CARTESIAN_POINT('',(4.712388980385,3.));
#3488 = VECTOR('',#3489,1.);
#3489 = DIRECTION('',(1.,0.));
#3490 = ( GEOMETRIC_REPRESENTATION_CONTEXT(2) 
PARAMETRIC_REPRESENTATION_CONTEXT() REPRESENTATION_CONTEXT('2D SPACE',''
  ) );
#3491 = FACE_BOUND('',#3492,.T.);
#3492 = EDGE_LOOP('',(#3493));
#3493 = ORIENTED_EDGE('',*,*,#3494,.F.);
#3494 = EDGE_CURVE('',#3495,#3495,#3497,.T.);
#3495 = VERTEX_POINT('',#3496);
#3496 = CARTESIAN_POINT('',(7.5,-6.123233995737E-16,-11.7));
#3497 = SURFACE_CURVE('',#3498,(#3503,#3510),.PCURVE_S1.);
#3498 = CIRCLE('',#3499,2.5);
#3499 = AXIS2_PLACEMENT_3D('',#3500,#3501,#3502);
#3500 = CARTESIAN_POINT('',(7.5,0.,-9.2));
#3501 = DIRECTION('',(1.,0.,2.22044604925E-16));
#3502 = DIRECTION('',(2.22044604925E-16,0.,-1.));
#3503 = PCURVE('',#1393,#3504);
#3504 = DEFINITIONAL_REPRESENTATION('',(#3505),#3509);
#3505 = CIRCLE('',#3506,2.5);
#3506 = AXIS2_PLACEMENT_2D('',#3507,#3508);
#3507 = CARTESIAN_POINT('',(0.,-7.5));
#3508 = DIRECTION('',(-1.,0.));
#3509 = ( GEOMETRIC_REPRESENTATION_CONTEXT(2) 
PARAMETRIC_REPRESENTATION_CONTEXT() REPRESENTATION_CONTEXT('2D SPACE',''
  ) );
#3510 = PCURVE('',#3511,#3516);
#3511 = CYLINDRICAL_SURFACE('',#3512,2.5);
#3512 = AXIS2_PLACEMENT_3D('',#3513,#3514,#3515);
#3513 = CARTESIAN_POINT('',(3.5,0.,-9.2));
#3514 = DIRECTION('',(1.,0.,2.22044604925E-16));
#3515 = DIRECTION('',(2.22044604925E-16,0.,-1.));
#3516 = DEFINITIONAL_REPRESENTATION('',(#3517),#3521);
#3517 = LINE('',#3518,#3519);
#3518 = CARTESIAN_POINT('',(0.,4.));
#3519 = VECTOR('',#3520,1.);
#3520 = DIRECTION('',(1.,0.));
#3521 = ( GEOMETRIC_REPRESENTATION_CONTEXT(2) 
PARAMETRIC_REPRESENTATION_CONTEXT() REPRESENTATION_CONTEXT('2D SPACE',''
  ) );
#3522 = ADVANCED_FACE('',(#3523,#3576),#1343,.F.);
#3523 = FACE_BOUND('',#3524,.F.);
#3524 = EDGE_LOOP('',(#3525,#3548,#3549,#3550));
#3525 = ORIENTED_EDGE('',*,*,#3526,.T.);
#3526 = EDGE_CURVE('',#3527,#1329,#3529,.T.);
#3527 = VERTEX_POINT('',#3528);
#3528 = CARTESIAN_POINT('',(4.5,7.5,-9.2));
#3529 = SURFACE_CURVE('',#3530,(#3534,#3541),.PCURVE_S1.);
#3530 = LINE('',#3531,#3532);
#3531 = CARTESIAN_POINT('',(4.5,7.5,-9.2));
#3532 = VECTOR('',#3533,1.);
#3533 = DIRECTION('',(0.,0.,1.));
#3534 = PCURVE('',#1343,#3535);
#3535 = DEFINITIONAL_REPRESENTATION('',(#3536),#3540);
#3536 = LINE('',#3537,#3538);
#3537 = CARTESIAN_POINT('',(0.,-15.));
#3538 = VECTOR('',#3539,1.);
#3539 = DIRECTION('',(1.,0.));
#3540 = ( GEOMETRIC_REPRESENTATION_CONTEXT(2) 
PARAMETRIC_REPRESENTATION_CONTEXT() REPRESENTATION_CONTEXT('2D SPACE',''
  ) );
#3541 = PCURVE('',#1369,#3542);
#3542 = DEFINITIONAL_REPRESENTATION('',(#3543),#3547);
#3543 = LINE('',#3544,#3545);
#3544 = CARTESIAN_POINT('',(0.,0.));
#3545 = VECTOR('',#3546,1.);
#3546 = DIRECTION('',(1.,0.));
#3547 = ( GEOMETRIC_REPRESENTATION_CONTEXT(2) 
PARAMETRIC_REPRESENTATION_CONTEXT() REPRESENTATION_CONTEXT('2D SPACE',''
  ) );
#3548 = ORIENTED_EDGE('',*,*,#1328,.F.);
#3549 = ORIENTED_EDGE('',*,*,#3420,.F.);
#3550 = ORIENTED_EDGE('',*,*,#3551,.F.);
#3551 = EDGE_CURVE('',#3527,#3394,#3552,.T.);
#3552 = SURFACE_CURVE('',#3553,(#3558,#3569),.PCURVE_S1.);
#3553 = CIRCLE('',#3554,7.5);
#3554 = AXIS2_PLACEMENT_3D('',#3555,#3556,#3557);
#3555 = CARTESIAN_POINT('',(4.5,0.,-9.2));
#3556 = DIRECTION('',(-1.,0.,-2.368475785867E-16));
#3557 = DIRECTION('',(0.,1.,0.));
#3558 = PCURVE('',#1343,#3559);
#3559 = DEFINITIONAL_REPRESENTATION('',(#3560),#3568);
#3560 = ( BOUNDED_CURVE() B_SPLINE_CURVE(2,(#3561,#3562,#3563,#3564,
#3565,#3566,#3567),.UNSPECIFIED.,.T.,.F.) B_SPLINE_CURVE_WITH_KNOTS((1,2
    ,2,2,2,1),(-2.094395102393,0.,2.094395102393,4.188790204786,
6.28318530718,8.377580409573),.UNSPECIFIED.) CURVE() 
GEOMETRIC_REPRESENTATION_ITEM() RATIONAL_B_SPLINE_CURVE((1.,0.5,1.,0.5,
1.,0.5,1.)) REPRESENTATION_ITEM('') );
#3561 = CARTESIAN_POINT('',(0.,-15.));
#3562 = CARTESIAN_POINT('',(-12.99038105676,-15.));
#3563 = CARTESIAN_POINT('',(-6.495190528383,-3.75));
#3564 = CARTESIAN_POINT('',(-1.836970198721E-15,7.5));
#3565 = CARTESIAN_POINT('',(6.495190528383,-3.75));
#3566 = CARTESIAN_POINT('',(12.990381056767,-15.));
#3567 = CARTESIAN_POINT('',(0.,-15.));
#3568 = ( GEOMETRIC_REPRESENTATION_CONTEXT(2) 
PARAMETRIC_REPRESENTATION_CONTEXT() REPRESENTATION_CONTEXT('2D SPACE',''
  ) );
#3569 = PCURVE('',#3409,#3570);
#3570 = DEFINITIONAL_REPRESENTATION('',(#3571),#3575);
#3571 = LINE('',#3572,#3573);
#3572 = CARTESIAN_POINT('',(7.853981633974,0.));
#3573 = VECTOR('',#3574,1.);
#3574 = DIRECTION('',(-1.,-0.));
#3575 = ( GEOMETRIC_REPRESENTATION_CONTEXT(2) 
PARAMETRIC_REPRESENTATION_CONTEXT() REPRESENTATION_CONTEXT('2D SPACE',''
  ) );
#3576 = FACE_BOUND('',#3577,.F.);
#3577 = EDGE_LOOP('',(#3578));
#3578 = ORIENTED_EDGE('',*,*,#3579,.F.);
#3579 = EDGE_CURVE('',#3580,#3580,#3582,.T.);
#3580 = VERTEX_POINT('',#3581);
#3581 = CARTESIAN_POINT('',(4.5,-6.123233995737E-16,-11.7));
#3582 = SURFACE_CURVE('',#3583,(#3588,#3595),.PCURVE_S1.);
#3583 = CIRCLE('',#3584,2.5);
#3584 = AXIS2_PLACEMENT_3D('',#3585,#3586,#3587);
#3585 = CARTESIAN_POINT('',(4.5,0.,-9.2));
#3586 = DIRECTION('',(1.,0.,2.22044604925E-16));
#3587 = DIRECTION('',(2.22044604925E-16,0.,-1.));
#3588 = PCURVE('',#1343,#3589);
#3589 = DEFINITIONAL_REPRESENTATION('',(#3590),#3594);
#3590 = CIRCLE('',#3591,2.5);
#3591 = AXIS2_PLACEMENT_2D('',#3592,#3593);
#3592 = CARTESIAN_POINT('',(0.,-7.5));
#3593 = DIRECTION('',(-1.,0.));
#3594 = ( GEOMETRIC_REPRESENTATION_CONTEXT(2) 
PARAMETRIC_REPRESENTATION_CONTEXT() REPRESENTATION_CONTEXT('2D SPACE',''
  ) );
#3595 = PCURVE('',#3511,#3596);
#3596 = DEFINITIONAL_REPRESENTATION('',(#3597),#3601);
#3597 = LINE('',#3598,#3599);
#3598 = CARTESIAN_POINT('',(0.,1.));
#3599 = VECTOR('',#3600,1.);
#3600 = DIRECTION('',(1.,0.));
#3601 = ( GEOMETRIC_REPRESENTATION_CONTEXT(2) 
PARAMETRIC_REPRESENTATION_CONTEXT() REPRESENTATION_CONTEXT('2D SPACE',''
  ) );
#3602 = ADVANCED_FACE('',(#3603),#1369,.T.);
#3603 = FACE_BOUND('',#3604,.T.);
#3604 = EDGE_LOOP('',(#3605,#3606,#3626,#3627));
#3605 = ORIENTED_EDGE('',*,*,#3445,.F.);
#3606 = ORIENTED_EDGE('',*,*,#3607,.F.);
#3607 = EDGE_CURVE('',#3527,#3446,#3608,.T.);
#3608 = SURFACE_CURVE('',#3609,(#3613,#3620),.PCURVE_S1.);
#3609 = LINE('',#3610,#3611);
#3610 = CARTESIAN_POINT('',(4.5,7.5,-9.2));
#3611 = VECTOR('',#3612,1.);
#3612 = DIRECTION('',(1.,0.,0.));
#3613 = PCURVE('',#1369,#3614);
#3614 = DEFINITIONAL_REPRESENTATION('',(#3615),#3619);
#3615 = LINE('',#3616,#3617);
#3616 = CARTESIAN_POINT('',(0.,0.));
#3617 = VECTOR('',#3618,1.);
#3618 = DIRECTION('',(0.,1.));
#3619 = ( GEOMETRIC_REPRESENTATION_CONTEXT(2) 
PARAMETRIC_REPRESENTATION_CONTEXT() REPRESENTATION_CONTEXT('2D SPACE',''
  ) );
#3620 = PCURVE('',#3409,#3621);
#3621 = DEFINITIONAL_REPRESENTATION('',(#3622),#3625);
#3622 = B_SPLINE_CURVE_WITH_KNOTS('',1,(#3623,#3624),.UNSPECIFIED.,.F.,
  .F.,(2,2),(0.,3.),.PIECEWISE_BEZIER_KNOTS.);
#3623 = CARTESIAN_POINT('',(7.853981633974,0.));
#3624 = CARTESIAN_POINT('',(7.853981633974,3.));
#3625 = ( GEOMETRIC_REPRESENTATION_CONTEXT(2) 
PARAMETRIC_REPRESENTATION_CONTEXT() REPRESENTATION_CONTEXT('2D SPACE',''
  ) );
#3626 = ORIENTED_EDGE('',*,*,#3526,.T.);
#3627 = ORIENTED_EDGE('',*,*,#1354,.F.);
#3628 = ADVANCED_FACE('',(#3629),#1524,.F.);
#3629 = FACE_BOUND('',#3630,.F.);
#3630 = EDGE_LOOP('',(#3631,#3632,#3633,#3634));
#3631 = ORIENTED_EDGE('',*,*,#2821,.T.);
#3632 = ORIENTED_EDGE('',*,*,#1608,.F.);
#3633 = ORIENTED_EDGE('',*,*,#1508,.T.);
#3634 = ORIENTED_EDGE('',*,*,#1755,.F.);
#3635 = ADVANCED_FACE('',(#3636),#1885,.T.);
#3636 = FACE_BOUND('',#3637,.T.);
#3637 = EDGE_LOOP('',(#3638,#3660,#3661,#3662));
#3638 = ORIENTED_EDGE('',*,*,#3639,.T.);
#3639 = EDGE_CURVE('',#1903,#1951,#3640,.T.);
#3640 = SURFACE_CURVE('',#3641,(#3646,#3653),.PCURVE_S1.);
#3641 = CIRCLE('',#3642,17.);
#3642 = AXIS2_PLACEMENT_3D('',#3643,#3644,#3645);
#3643 = CARTESIAN_POINT('',(0.,0.,10.8));
#3644 = DIRECTION('',(0.,0.,1.));
#3645 = DIRECTION('',(0.70832909287,-0.705882352941,0.));
#3646 = PCURVE('',#1885,#3647);
#3647 = DEFINITIONAL_REPRESENTATION('',(#3648),#3652);
#3648 = CIRCLE('',#3649,17.);
#3649 = AXIS2_PLACEMENT_2D('',#3650,#3651);
#3650 = CARTESIAN_POINT('',(0.,0.));
#3651 = DIRECTION('',(0.70832909287,-0.705882352941));
#3652 = ( GEOMETRIC_REPRESENTATION_CONTEXT(2) 
PARAMETRIC_REPRESENTATION_CONTEXT() REPRESENTATION_CONTEXT('2D SPACE',''
  ) );
#3653 = PCURVE('',#2017,#3654);
#3654 = DEFINITIONAL_REPRESENTATION('',(#3655),#3659);
#3655 = LINE('',#3656,#3657);
#3656 = CARTESIAN_POINT('',(5.499517251041,0.));
#3657 = VECTOR('',#3658,1.);
#3658 = DIRECTION('',(1.,0.));
#3659 = ( GEOMETRIC_REPRESENTATION_CONTEXT(2) 
PARAMETRIC_REPRESENTATION_CONTEXT() REPRESENTATION_CONTEXT('2D SPACE',''
  ) );
#3660 = ORIENTED_EDGE('',*,*,#1950,.T.);
#3661 = ORIENTED_EDGE('',*,*,#1870,.T.);
#3662 = ORIENTED_EDGE('',*,*,#1924,.T.);
#3663 = ADVANCED_FACE('',(#3664),#2017,.F.);
#3664 = FACE_BOUND('',#3665,.F.);
#3665 = EDGE_LOOP('',(#3666,#3667,#3668,#3694));
#3666 = ORIENTED_EDGE('',*,*,#3639,.T.);
#3667 = ORIENTED_EDGE('',*,*,#2001,.T.);
#3668 = ORIENTED_EDGE('',*,*,#3669,.T.);
#3669 = EDGE_CURVE('',#2002,#2642,#3670,.T.);
#3670 = SURFACE_CURVE('',#3671,(#3676,#3683),.PCURVE_S1.);
#3671 = CIRCLE('',#3672,17.);
#3672 = AXIS2_PLACEMENT_3D('',#3673,#3674,#3675);
#3673 = CARTESIAN_POINT('',(0.,0.,13.8));
#3674 = DIRECTION('',(0.,0.,-1.));
#3675 = DIRECTION('',(0.70832909287,0.705882352941,0.));
#3676 = PCURVE('',#2017,#3677);
#3677 = DEFINITIONAL_REPRESENTATION('',(#3678),#3682);
#3678 = LINE('',#3679,#3680);
#3679 = CARTESIAN_POINT('',(7.066853363318,3.));
#3680 = VECTOR('',#3681,1.);
#3681 = DIRECTION('',(-1.,-0.));
#3682 = ( GEOMETRIC_REPRESENTATION_CONTEXT(2) 
PARAMETRIC_REPRESENTATION_CONTEXT() REPRESENTATION_CONTEXT('2D SPACE',''
  ) );
#3683 = PCURVE('',#2044,#3684);
#3684 = DEFINITIONAL_REPRESENTATION('',(#3685),#3693);
#3685 = ( BOUNDED_CURVE() B_SPLINE_CURVE(2,(#3686,#3687,#3688,#3689,
#3690,#3691,#3692),.UNSPECIFIED.,.T.,.F.) B_SPLINE_CURVE_WITH_KNOTS((1,2
    ,2,2,2,1),(-2.094395102393,0.,2.094395102393,4.188790204786,
6.28318530718,8.377580409573),.UNSPECIFIED.) CURVE() 
GEOMETRIC_REPRESENTATION_ITEM() RATIONAL_B_SPLINE_CURVE((1.,0.5,1.,0.5,
1.,0.5,1.)) REPRESENTATION_ITEM('') );
#3686 = CARTESIAN_POINT('',(72.041594578792,24.));
#3687 = CARTESIAN_POINT('',(92.826204269619,3.143346385386));
#3688 = CARTESIAN_POINT('',(64.371507556017,-4.428326807307));
#3689 = CARTESIAN_POINT('',(35.916810842415,-12.));
#3690 = CARTESIAN_POINT('',(43.586897865191,16.428326807307));
#3691 = CARTESIAN_POINT('',(51.256984887966,44.856653614614));
#3692 = CARTESIAN_POINT('',(72.041594578792,24.));
#3693 = ( GEOMETRIC_REPRESENTATION_CONTEXT(2) 
PARAMETRIC_REPRESENTATION_CONTEXT() REPRESENTATION_CONTEXT('2D SPACE',''
  ) );
#3694 = ORIENTED_EDGE('',*,*,#2641,.F.);
#3695 = ADVANCED_FACE('',(#3696),#2044,.T.);
#3696 = FACE_BOUND('',#3697,.T.);
#3697 = EDGE_LOOP('',(#3698,#3699,#3700,#3701,#3722,#3723,#3724,#3725));
#3698 = ORIENTED_EDGE('',*,*,#2028,.F.);
#3699 = ORIENTED_EDGE('',*,*,#3669,.T.);
#3700 = ORIENTED_EDGE('',*,*,#2663,.T.);
#3701 = ORIENTED_EDGE('',*,*,#3702,.T.);
#3702 = EDGE_CURVE('',#2664,#2561,#3703,.T.);
#3703 = SURFACE_CURVE('',#3704,(#3708,#3715),.PCURVE_S1.);
#3704 = LINE('',#3705,#3706);
#3705 = CARTESIAN_POINT('',(60.,-12.,13.8));
#3706 = VECTOR('',#3707,1.);
#3707 = DIRECTION('',(0.,1.,-1.480297366167E-16));
#3708 = PCURVE('',#2044,#3709);
#3709 = DEFINITIONAL_REPRESENTATION('',(#3710),#3714);
#3710 = LINE('',#3711,#3712);
#3711 = CARTESIAN_POINT('',(120.,0.));
#3712 = VECTOR('',#3713,1.);
#3713 = DIRECTION('',(0.,1.));
#3714 = ( GEOMETRIC_REPRESENTATION_CONTEXT(2) 
PARAMETRIC_REPRESENTATION_CONTEXT() REPRESENTATION_CONTEXT('2D SPACE',''
  ) );
#3715 = PCURVE('',#2598,#3716);
#3716 = DEFINITIONAL_REPRESENTATION('',(#3717),#3721);
#3717 = LINE('',#3718,#3719);
#3718 = CARTESIAN_POINT('',(-12.,13.8));
#3719 = VECTOR('',#3720,1.);
#3720 = DIRECTION('',(1.,-1.480297366167E-16));
#3721 = ( GEOMETRIC_REPRESENTATION_CONTEXT(2) 
PARAMETRIC_REPRESENTATION_CONTEXT() REPRESENTATION_CONTEXT('2D SPACE',''
  ) );
#3722 = ORIENTED_EDGE('',*,*,#2560,.T.);
#3723 = ORIENTED_EDGE('',*,*,#2489,.T.);
#3724 = ORIENTED_EDGE('',*,*,#2415,.F.);
#3725 = ORIENTED_EDGE('',*,*,#3726,.T.);
#3726 = EDGE_CURVE('',#2416,#2029,#3727,.T.);
#3727 = SURFACE_CURVE('',#3728,(#3732,#3739),.PCURVE_S1.);
#3728 = LINE('',#3729,#3730);
#3729 = CARTESIAN_POINT('',(60.,-12.,13.8));
#3730 = VECTOR('',#3731,1.);
#3731 = DIRECTION('',(0.,1.,-1.480297366167E-16));
#3732 = PCURVE('',#2044,#3733);
#3733 = DEFINITIONAL_REPRESENTATION('',(#3734),#3738);
#3734 = LINE('',#3735,#3736);
#3735 = CARTESIAN_POINT('',(120.,0.));
#3736 = VECTOR('',#3737,1.);
#3737 = DIRECTION('',(0.,1.));
#3738 = ( GEOMETRIC_REPRESENTATION_CONTEXT(2) 
PARAMETRIC_REPRESENTATION_CONTEXT() REPRESENTATION_CONTEXT('2D SPACE',''
  ) );
#3739 = PCURVE('',#2072,#3740);
#3740 = DEFINITIONAL_REPRESENTATION('',(#3741),#3745);
#3741 = LINE('',#3742,#3743);
#3742 = CARTESIAN_POINT('',(-12.,13.8));
#3743 = VECTOR('',#3744,1.);
#3744 = DIRECTION('',(1.,-1.480297366167E-16));
#3745 = ( GEOMETRIC_REPRESENTATION_CONTEXT(2) 
PARAMETRIC_REPRESENTATION_CONTEXT() REPRESENTATION_CONTEXT('2D SPACE',''
  ) );
#3746 = ADVANCED_FACE('',(#3747),#2072,.T.);
#3747 = FACE_BOUND('',#3748,.T.);
#3748 = EDGE_LOOP('',(#3749,#3750,#3751,#3771));
#3749 = ORIENTED_EDGE('',*,*,#3726,.F.);
#3750 = ORIENTED_EDGE('',*,*,#2437,.F.);
#3751 = ORIENTED_EDGE('',*,*,#3752,.F.);
#3752 = EDGE_CURVE('',#2057,#2438,#3753,.T.);
#3753 = SURFACE_CURVE('',#3754,(#3758,#3765),.PCURVE_S1.);
#3754 = LINE('',#3755,#3756);
#3755 = CARTESIAN_POINT('',(60.,19.,11.4));
#3756 = VECTOR('',#3757,1.);
#3757 = DIRECTION('',(0.,-1.,2.22044604925E-16));
#3758 = PCURVE('',#2072,#3759);
#3759 = DEFINITIONAL_REPRESENTATION('',(#3760),#3764);
#3760 = LINE('',#3761,#3762);
#3761 = CARTESIAN_POINT('',(19.,11.4));
#3762 = VECTOR('',#3763,1.);
#3763 = DIRECTION('',(-1.,2.22044604925E-16));
#3764 = ( GEOMETRIC_REPRESENTATION_CONTEXT(2) 
PARAMETRIC_REPRESENTATION_CONTEXT() REPRESENTATION_CONTEXT('2D SPACE',''
  ) );
#3765 = PCURVE('',#2105,#3766);
#3766 = DEFINITIONAL_REPRESENTATION('',(#3767),#3770);
#3767 = B_SPLINE_CURVE_WITH_KNOTS('',1,(#3768,#3769),.UNSPECIFIED.,.F.,
  .F.,(2,2),(-5.999999999062E-07,38.0000006),.PIECEWISE_BEZIER_KNOTS.);
#3768 = CARTESIAN_POINT('',(1.570796326795,-6.000000009276E-07));
#3769 = CARTESIAN_POINT('',(1.570796326795,38.0000006));
#3770 = ( GEOMETRIC_REPRESENTATION_CONTEXT(2) 
PARAMETRIC_REPRESENTATION_CONTEXT() REPRESENTATION_CONTEXT('2D SPACE',''
  ) );
#3771 = ORIENTED_EDGE('',*,*,#2056,.F.);
#3772 = ADVANCED_FACE('',(#3773),#2105,.F.);
#3773 = FACE_BOUND('',#3774,.F.);
#3774 = EDGE_LOOP('',(#3775,#3776,#3777,#3798,#3826,#3847,#3875,#3894,
    #3895,#3915,#3916,#3936));
#3775 = ORIENTED_EDGE('',*,*,#3752,.F.);
#3776 = ORIENTED_EDGE('',*,*,#2084,.T.);
#3777 = ORIENTED_EDGE('',*,*,#3778,.T.);
#3778 = EDGE_CURVE('',#2085,#3779,#3781,.T.);
#3779 = VERTEX_POINT('',#3780);
#3780 = CARTESIAN_POINT('',(60.,3.,-11.4));
#3781 = SURFACE_CURVE('',#3782,(#3786,#3792),.PCURVE_S1.);
#3782 = LINE('',#3783,#3784);
#3783 = CARTESIAN_POINT('',(60.,19.,-11.4));
#3784 = VECTOR('',#3785,1.);
#3785 = DIRECTION('',(0.,-1.,2.22044604925E-16));
#3786 = PCURVE('',#2105,#3787);
#3787 = DEFINITIONAL_REPRESENTATION('',(#3788),#3791);
#3788 = B_SPLINE_CURVE_WITH_KNOTS('',1,(#3789,#3790),.UNSPECIFIED.,.F.,
  .F.,(2,2),(-5.999999999062E-07,38.0000006),.PIECEWISE_BEZIER_KNOTS.);
#3789 = CARTESIAN_POINT('',(4.712388980385,-5.999999988848E-07));
#3790 = CARTESIAN_POINT('',(4.712388980385,38.0000006));
#3791 = ( GEOMETRIC_REPRESENTATION_CONTEXT(2) 
PARAMETRIC_REPRESENTATION_CONTEXT() REPRESENTATION_CONTEXT('2D SPACE',''
  ) );
#3792 = PCURVE('',#2133,#3793);
#3793 = DEFINITIONAL_REPRESENTATION('',(#3794),#3797);
#3794 = B_SPLINE_CURVE_WITH_KNOTS('',1,(#3795,#3796),.UNSPECIFIED.,.F.,
  .F.,(2,2),(-5.999999999062E-07,38.0000006),.PIECEWISE_BEZIER_KNOTS.);
#3795 = CARTESIAN_POINT('',(19.0000006,-11.4));
#3796 = CARTESIAN_POINT('',(-19.0000006,-11.4));
#3797 = ( GEOMETRIC_REPRESENTATION_CONTEXT(2) 
PARAMETRIC_REPRESENTATION_CONTEXT() REPRESENTATION_CONTEXT('2D SPACE',''
  ) );
#3798 = ORIENTED_EDGE('',*,*,#3799,.F.);
#3799 = EDGE_CURVE('',#3800,#3779,#3802,.T.);
#3800 = VERTEX_POINT('',#3801);
#3801 = CARTESIAN_POINT('',(52.080894576767,3.,-8.200473723861));
#3802 = SURFACE_CURVE('',#3803,(#3808,#3815),.PCURVE_S1.);
#3803 = CIRCLE('',#3804,11.4);
#3804 = AXIS2_PLACEMENT_3D('',#3805,#3806,#3807);
#3805 = CARTESIAN_POINT('',(60.,3.,-6.661338147751E-16));
#3806 = DIRECTION('',(0.,-1.,2.22044604925E-16));
#3807 = DIRECTION('',(1.,0.,0.));
#3808 = PCURVE('',#2105,#3809);
#3809 = DEFINITIONAL_REPRESENTATION('',(#3810),#3814);
#3810 = LINE('',#3811,#3812);
#3811 = CARTESIAN_POINT('',(0.,16.));
#3812 = VECTOR('',#3813,1.);
#3813 = DIRECTION('',(1.,0.));
#3814 = ( GEOMETRIC_REPRESENTATION_CONTEXT(2) 
PARAMETRIC_REPRESENTATION_CONTEXT() REPRESENTATION_CONTEXT('2D SPACE',''
  ) );
#3815 = PCURVE('',#2213,#3816);
#3816 = DEFINITIONAL_REPRESENTATION('',(#3817),#3825);
#3817 = ( BOUNDED_CURVE() B_SPLINE_CURVE(2,(#3818,#3819,#3820,#3821,
#3822,#3823,#3824),.UNSPECIFIED.,.T.,.F.) B_SPLINE_CURVE_WITH_KNOTS((1,2
    ,2,2,2,1),(-2.094395102393,0.,2.094395102393,4.188790204786,
6.28318530718,8.377580409573),.UNSPECIFIED.) CURVE() 
GEOMETRIC_REPRESENTATION_ITEM() RATIONAL_B_SPLINE_CURVE((1.,0.5,1.,0.5,
1.,0.5,1.)) REPRESENTATION_ITEM('') );
#3818 = CARTESIAN_POINT('',(94.840411107003,46.29938077712));
#3819 = CARTESIAN_POINT('',(113.14800790936,38.902631536948));
#3820 = CARTESIAN_POINT('',(97.588436760774,26.746162243942));
#3821 = CARTESIAN_POINT('',(82.028865612179,14.589692950936));
#3822 = CARTESIAN_POINT('',(79.280839958407,34.142911484114));
#3823 = CARTESIAN_POINT('',(76.532814304636,53.696130017292));
#3824 = CARTESIAN_POINT('',(94.840411107003,46.29938077712));
#3825 = ( GEOMETRIC_REPRESENTATION_CONTEXT(2) 
PARAMETRIC_REPRESENTATION_CONTEXT() REPRESENTATION_CONTEXT('2D SPACE',''
  ) );
#3826 = ORIENTED_EDGE('',*,*,#3827,.T.);
#3827 = EDGE_CURVE('',#3800,#3828,#3830,.T.);
#3828 = VERTEX_POINT('',#3829);
#3829 = CARTESIAN_POINT('',(52.080894576767,-3.,-8.200473723861));
#3830 = SURFACE_CURVE('',#3831,(#3835,#3841),.PCURVE_S1.);
#3831 = LINE('',#3832,#3833);
#3832 = CARTESIAN_POINT('',(52.080894576767,19.,-8.200473723861));
#3833 = VECTOR('',#3834,1.);
#3834 = DIRECTION('',(0.,-1.,2.22044604925E-16));
#3835 = PCURVE('',#2105,#3836);
#3836 = DEFINITIONAL_REPRESENTATION('',(#3837),#3840);
#3837 = B_SPLINE_CURVE_WITH_KNOTS('',1,(#3838,#3839),.UNSPECIFIED.,.F.,
  .F.,(2,2),(15.4,22.6),.PIECEWISE_BEZIER_KNOTS.);
#3838 = CARTESIAN_POINT('',(3.944444109507,15.4));
#3839 = CARTESIAN_POINT('',(3.944444109507,22.6));
#3840 = ( GEOMETRIC_REPRESENTATION_CONTEXT(2) 
PARAMETRIC_REPRESENTATION_CONTEXT() REPRESENTATION_CONTEXT('2D SPACE',''
  ) );
#3841 = PCURVE('',#2244,#3842);
#3842 = DEFINITIONAL_REPRESENTATION('',(#3843),#3846);
#3843 = B_SPLINE_CURVE_WITH_KNOTS('',1,(#3844,#3845),.UNSPECIFIED.,.F.,
  .F.,(2,2),(15.4,22.6),.PIECEWISE_BEZIER_KNOTS.);
#3844 = CARTESIAN_POINT('',(31.458969670117,6.6));
#3845 = CARTESIAN_POINT('',(31.458969670117,-0.6));
#3846 = ( GEOMETRIC_REPRESENTATION_CONTEXT(2) 
PARAMETRIC_REPRESENTATION_CONTEXT() REPRESENTATION_CONTEXT('2D SPACE',''
  ) );
#3847 = ORIENTED_EDGE('',*,*,#3848,.T.);
#3848 = EDGE_CURVE('',#3828,#3849,#3851,.T.);
#3849 = VERTEX_POINT('',#3850);
#3850 = CARTESIAN_POINT('',(60.,-3.,-11.4));
#3851 = SURFACE_CURVE('',#3852,(#3857,#3864),.PCURVE_S1.);
#3852 = CIRCLE('',#3853,11.4);
#3853 = AXIS2_PLACEMENT_3D('',#3854,#3855,#3856);
#3854 = CARTESIAN_POINT('',(60.,-3.,6.661338147751E-16));
#3855 = DIRECTION('',(0.,-1.,2.22044604925E-16));
#3856 = DIRECTION('',(1.,0.,0.));
#3857 = PCURVE('',#2105,#3858);
#3858 = DEFINITIONAL_REPRESENTATION('',(#3859),#3863);
#3859 = LINE('',#3860,#3861);
#3860 = CARTESIAN_POINT('',(0.,22.));
#3861 = VECTOR('',#3862,1.);
#3862 = DIRECTION('',(1.,0.));
#3863 = ( GEOMETRIC_REPRESENTATION_CONTEXT(2) 
PARAMETRIC_REPRESENTATION_CONTEXT() REPRESENTATION_CONTEXT('2D SPACE',''
  ) );
#3864 = PCURVE('',#2272,#3865);
#3865 = DEFINITIONAL_REPRESENTATION('',(#3866),#3874);
#3866 = ( BOUNDED_CURVE() B_SPLINE_CURVE(2,(#3867,#3868,#3869,#3870,
#3871,#3872,#3873),.UNSPECIFIED.,.T.,.F.) B_SPLINE_CURVE_WITH_KNOTS((1,2
    ,2,2,2,1),(-2.094395102393,0.,2.094395102393,4.188790204786,
6.28318530718,8.377580409573),.UNSPECIFIED.) CURVE() 
GEOMETRIC_REPRESENTATION_ITEM() RATIONAL_B_SPLINE_CURVE((1.,0.5,1.,0.5,
1.,0.5,1.)) REPRESENTATION_ITEM('') );
#3867 = CARTESIAN_POINT('',(94.840411107003,46.29938077712));
#3868 = CARTESIAN_POINT('',(113.14800790936,38.902631536948));
#3869 = CARTESIAN_POINT('',(97.588436760774,26.746162243942));
#3870 = CARTESIAN_POINT('',(82.028865612179,14.589692950936));
#3871 = CARTESIAN_POINT('',(79.280839958407,34.142911484114));
#3872 = CARTESIAN_POINT('',(76.532814304636,53.696130017292));
#3873 = CARTESIAN_POINT('',(94.840411107003,46.29938077712));
#3874 = ( GEOMETRIC_REPRESENTATION_CONTEXT(2) 
PARAMETRIC_REPRESENTATION_CONTEXT() REPRESENTATION_CONTEXT('2D SPACE',''
  ) );
#3875 = ORIENTED_EDGE('',*,*,#3876,.T.);
#3876 = EDGE_CURVE('',#3849,#2710,#3877,.T.);
#3877 = SURFACE_CURVE('',#3878,(#3882,#3888),.PCURVE_S1.);
#3878 = LINE('',#3879,#3880);
#3879 = CARTESIAN_POINT('',(60.,19.,-11.4));
#3880 = VECTOR('',#3881,1.);
#3881 = DIRECTION('',(0.,-1.,2.22044604925E-16));
#3882 = PCURVE('',#2105,#3883);
#3883 = DEFINITIONAL_REPRESENTATION('',(#3884),#3887);
#3884 = B_SPLINE_CURVE_WITH_KNOTS('',1,(#3885,#3886),.UNSPECIFIED.,.F.,
  .F.,(2,2),(-5.999999999062E-07,38.0000006),.PIECEWISE_BEZIER_KNOTS.);
#3885 = CARTESIAN_POINT('',(4.712388980385,-5.999999988848E-07));
#3886 = CARTESIAN_POINT('',(4.712388980385,38.0000006));
#3887 = ( GEOMETRIC_REPRESENTATION_CONTEXT(2) 
PARAMETRIC_REPRESENTATION_CONTEXT() REPRESENTATION_CONTEXT('2D SPACE',''
  ) );
#3888 = PCURVE('',#2303,#3889);
#3889 = DEFINITIONAL_REPRESENTATION('',(#3890),#3893);
#3890 = B_SPLINE_CURVE_WITH_KNOTS('',1,(#3891,#3892),.UNSPECIFIED.,.F.,
  .F.,(2,2),(-5.999999999062E-07,38.0000006),.PIECEWISE_BEZIER_KNOTS.);
#3891 = CARTESIAN_POINT('',(19.0000006,-11.4));
#3892 = CARTESIAN_POINT('',(-19.0000006,-11.4));
#3893 = ( GEOMETRIC_REPRESENTATION_CONTEXT(2) 
PARAMETRIC_REPRESENTATION_CONTEXT() REPRESENTATION_CONTEXT('2D SPACE',''
  ) );
#3894 = ORIENTED_EDGE('',*,*,#2709,.F.);
#3895 = ORIENTED_EDGE('',*,*,#3896,.F.);
#3896 = EDGE_CURVE('',#2583,#2687,#3897,.T.);
#3897 = SURFACE_CURVE('',#3898,(#3902,#3908),.PCURVE_S1.);
#3898 = LINE('',#3899,#3900);
#3899 = CARTESIAN_POINT('',(60.,19.,11.4));
#3900 = VECTOR('',#3901,1.);
#3901 = DIRECTION('',(0.,-1.,2.22044604925E-16));
#3902 = PCURVE('',#2105,#3903);
#3903 = DEFINITIONAL_REPRESENTATION('',(#3904),#3907);
#3904 = B_SPLINE_CURVE_WITH_KNOTS('',1,(#3905,#3906),.UNSPECIFIED.,.F.,
  .F.,(2,2),(-5.999999999062E-07,38.0000006),.PIECEWISE_BEZIER_KNOTS.);
#3905 = CARTESIAN_POINT('',(1.570796326795,-6.000000009276E-07));
#3906 = CARTESIAN_POINT('',(1.570796326795,38.0000006));
#3907 = ( GEOMETRIC_REPRESENTATION_CONTEXT(2) 
PARAMETRIC_REPRESENTATION_CONTEXT() REPRESENTATION_CONTEXT('2D SPACE',''
  ) );
#3908 = PCURVE('',#2598,#3909);
#3909 = DEFINITIONAL_REPRESENTATION('',(#3910),#3914);
#3910 = LINE('',#3911,#3912);
#3911 = CARTESIAN_POINT('',(19.,11.4));
#3912 = VECTOR('',#3913,1.);
#3913 = DIRECTION('',(-1.,2.22044604925E-16));
#3914 = ( GEOMETRIC_REPRESENTATION_CONTEXT(2) 
PARAMETRIC_REPRESENTATION_CONTEXT() REPRESENTATION_CONTEXT('2D SPACE',''
  ) );
#3915 = ORIENTED_EDGE('',*,*,#2610,.T.);
#3916 = ORIENTED_EDGE('',*,*,#3917,.F.);
#3917 = EDGE_CURVE('',#2370,#2536,#3918,.T.);
#3918 = SURFACE_CURVE('',#3919,(#3923,#3930),.PCURVE_S1.);
#3919 = LINE('',#3920,#3921);
#3920 = CARTESIAN_POINT('',(53.320917545539,20.,9.238498664096));
#3921 = VECTOR('',#3922,1.);
#3922 = DIRECTION('',(0.,-1.,2.22044604925E-16));
#3923 = PCURVE('',#2105,#3924);
#3924 = DEFINITIONAL_REPRESENTATION('',(#3925),#3929);
#3925 = LINE('',#3926,#3927);
#3926 = CARTESIAN_POINT('',(2.196767306621,-1.));
#3927 = VECTOR('',#3928,1.);
#3928 = DIRECTION('',(0.,1.));
#3929 = ( GEOMETRIC_REPRESENTATION_CONTEXT(2) 
PARAMETRIC_REPRESENTATION_CONTEXT() REPRESENTATION_CONTEXT('2D SPACE',''
  ) );
#3930 = PCURVE('',#2354,#3931);
#3931 = DEFINITIONAL_REPRESENTATION('',(#3932),#3935);
#3932 = B_SPLINE_CURVE_WITH_KNOTS('',1,(#3933,#3934),.UNSPECIFIED.,.F.,
  .F.,(2,2),(16.4,23.6),.PIECEWISE_BEZIER_KNOTS.);
#3933 = CARTESIAN_POINT('',(42.920102187933,6.6));
#3934 = CARTESIAN_POINT('',(42.920102187933,-0.6));
#3935 = ( GEOMETRIC_REPRESENTATION_CONTEXT(2) 
PARAMETRIC_REPRESENTATION_CONTEXT() REPRESENTATION_CONTEXT('2D SPACE',''
  ) );
#3936 = ORIENTED_EDGE('',*,*,#2460,.F.);
#3937 = ADVANCED_FACE('',(#3938),#2133,.T.);
#3938 = FACE_BOUND('',#3939,.T.);
#3939 = EDGE_LOOP('',(#3940,#3941,#3942,#3943));
#3940 = ORIENTED_EDGE('',*,*,#2175,.F.);
#3941 = ORIENTED_EDGE('',*,*,#2117,.T.);
#3942 = ORIENTED_EDGE('',*,*,#3778,.T.);
#3943 = ORIENTED_EDGE('',*,*,#3944,.F.);
#3944 = EDGE_CURVE('',#2176,#3779,#3945,.T.);
#3945 = SURFACE_CURVE('',#3946,(#3950,#3956),.PCURVE_S1.);
#3946 = LINE('',#3947,#3948);
#3947 = CARTESIAN_POINT('',(60.,3.,-35.29522231435));
#3948 = VECTOR('',#3949,1.);
#3949 = DIRECTION('',(0.,0.,1.));
#3950 = PCURVE('',#2133,#3951);
#3951 = DEFINITIONAL_REPRESENTATION('',(#3952),#3955);
#3952 = B_SPLINE_CURVE_WITH_KNOTS('',1,(#3953,#3954),.UNSPECIFIED.,.F.,
  .F.,(2,2),(21.495222314353,23.895222314353),.PIECEWISE_BEZIER_KNOTS.);
#3953 = CARTESIAN_POINT('',(3.,-13.8));
#3954 = CARTESIAN_POINT('',(3.,-11.4));
#3955 = ( GEOMETRIC_REPRESENTATION_CONTEXT(2) 
PARAMETRIC_REPRESENTATION_CONTEXT() REPRESENTATION_CONTEXT('2D SPACE',''
  ) );
#3956 = PCURVE('',#2213,#3957);
#3957 = DEFINITIONAL_REPRESENTATION('',(#3958),#3961);
#3958 = B_SPLINE_CURVE_WITH_KNOTS('',1,(#3959,#3960),.UNSPECIFIED.,.F.,
  .F.,(2,2),(21.495222314353,23.895222314353),.PIECEWISE_BEZIER_KNOTS.);
#3959 = CARTESIAN_POINT('',(77.77475874904,40.899055824198));
#3960 = CARTESIAN_POINT('',(80.,40.));
#3961 = ( GEOMETRIC_REPRESENTATION_CONTEXT(2) 
PARAMETRIC_REPRESENTATION_CONTEXT() REPRESENTATION_CONTEXT('2D SPACE',''
  ) );
#3962 = ADVANCED_FACE('',(#3963),#2354,.T.);
#3963 = FACE_BOUND('',#3964,.T.);
#3964 = EDGE_LOOP('',(#3965,#3966,#3967,#3968));
#3965 = ORIENTED_EDGE('',*,*,#2369,.F.);
#3966 = ORIENTED_EDGE('',*,*,#2341,.T.);
#3967 = ORIENTED_EDGE('',*,*,#2535,.T.);
#3968 = ORIENTED_EDGE('',*,*,#3917,.F.);
#3969 = ADVANCED_FACE('',(#3970),#2303,.T.);
#3970 = FACE_BOUND('',#3971,.T.);
#3971 = EDGE_LOOP('',(#3972,#3973,#3992,#3993));
#3972 = ORIENTED_EDGE('',*,*,#2288,.F.);
#3973 = ORIENTED_EDGE('',*,*,#3974,.T.);
#3974 = EDGE_CURVE('',#2256,#3849,#3975,.T.);
#3975 = SURFACE_CURVE('',#3976,(#3980,#3986),.PCURVE_S1.);
#3976 = LINE('',#3977,#3978);
#3977 = CARTESIAN_POINT('',(60.,-3.,-35.29522231435));
#3978 = VECTOR('',#3979,1.);
#3979 = DIRECTION('',(0.,0.,1.));
#3980 = PCURVE('',#2303,#3981);
#3981 = DEFINITIONAL_REPRESENTATION('',(#3982),#3985);
#3982 = B_SPLINE_CURVE_WITH_KNOTS('',1,(#3983,#3984),.UNSPECIFIED.,.F.,
  .F.,(2,2),(21.495222314353,23.895222314353),.PIECEWISE_BEZIER_KNOTS.);
#3983 = CARTESIAN_POINT('',(-3.,-13.8));
#3984 = CARTESIAN_POINT('',(-3.,-11.4));
#3985 = ( GEOMETRIC_REPRESENTATION_CONTEXT(2) 
PARAMETRIC_REPRESENTATION_CONTEXT() REPRESENTATION_CONTEXT('2D SPACE',''
  ) );
#3986 = PCURVE('',#2272,#3987);
#3987 = DEFINITIONAL_REPRESENTATION('',(#3988),#3991);
#3988 = B_SPLINE_CURVE_WITH_KNOTS('',1,(#3989,#3990),.UNSPECIFIED.,.F.,
  .F.,(2,2),(21.495222314353,23.895222314353),.PIECEWISE_BEZIER_KNOTS.);
#3989 = CARTESIAN_POINT('',(77.77475874904,40.899055824198));
#3990 = CARTESIAN_POINT('',(80.,40.));
#3991 = ( GEOMETRIC_REPRESENTATION_CONTEXT(2) 
PARAMETRIC_REPRESENTATION_CONTEXT() REPRESENTATION_CONTEXT('2D SPACE',''
  ) );
#3992 = ORIENTED_EDGE('',*,*,#3876,.T.);
#3993 = ORIENTED_EDGE('',*,*,#2737,.F.);
#3994 = ADVANCED_FACE('',(#3995),#2272,.T.);
#3995 = FACE_BOUND('',#3996,.T.);
#3996 = EDGE_LOOP('',(#3997,#3998,#3999,#4000));
#3997 = ORIENTED_EDGE('',*,*,#3848,.T.);
#3998 = ORIENTED_EDGE('',*,*,#3974,.F.);
#3999 = ORIENTED_EDGE('',*,*,#2255,.F.);
#4000 = ORIENTED_EDGE('',*,*,#4001,.T.);
#4001 = EDGE_CURVE('',#2230,#3828,#4002,.T.);
#4002 = SURFACE_CURVE('',#4003,(#4007,#4014),.PCURVE_S1.);
#4003 = LINE('',#4004,#4005);
#4004 = CARTESIAN_POINT('',(22.912645817329,-3.,3.584263736636));
#4005 = VECTOR('',#4006,1.);
#4006 = DIRECTION('',(0.927183854567,0.,-0.374606593416));
#4007 = PCURVE('',#2272,#4008);
#4008 = DEFINITIONAL_REPRESENTATION('',(#4009),#4013);
#4009 = LINE('',#4010,#4011);
#4010 = CARTESIAN_POINT('',(80.,0.));
#4011 = VECTOR('',#4012,1.);
#4012 = DIRECTION('',(0.,1.));
#4013 = ( GEOMETRIC_REPRESENTATION_CONTEXT(2) 
PARAMETRIC_REPRESENTATION_CONTEXT() REPRESENTATION_CONTEXT('2D SPACE',''
  ) );
#4014 = PCURVE('',#2244,#4015);
#4015 = DEFINITIONAL_REPRESENTATION('',(#4016),#4020);
#4016 = LINE('',#4017,#4018);
#4017 = CARTESIAN_POINT('',(0.,0.));
#4018 = VECTOR('',#4019,1.);
#4019 = DIRECTION('',(1.,0.));
#4020 = ( GEOMETRIC_REPRESENTATION_CONTEXT(2) 
PARAMETRIC_REPRESENTATION_CONTEXT() REPRESENTATION_CONTEXT('2D SPACE',''
  ) );
#4021 = ADVANCED_FACE('',(#4022),#2244,.F.);
#4022 = FACE_BOUND('',#4023,.F.);
#4023 = EDGE_LOOP('',(#4024,#4045,#4046,#4047));
#4024 = ORIENTED_EDGE('',*,*,#4025,.F.);
#4025 = EDGE_CURVE('',#2197,#3800,#4026,.T.);
#4026 = SURFACE_CURVE('',#4027,(#4031,#4038),.PCURVE_S1.);
#4027 = LINE('',#4028,#4029);
#4028 = CARTESIAN_POINT('',(22.912645817329,3.,3.584263736636));
#4029 = VECTOR('',#4030,1.);
#4030 = DIRECTION('',(0.927183854567,0.,-0.374606593416));
#4031 = PCURVE('',#2244,#4032);
#4032 = DEFINITIONAL_REPRESENTATION('',(#4033),#4037);
#4033 = LINE('',#4034,#4035);
#4034 = CARTESIAN_POINT('',(0.,6.));
#4035 = VECTOR('',#4036,1.);
#4036 = DIRECTION('',(1.,0.));
#4037 = ( GEOMETRIC_REPRESENTATION_CONTEXT(2) 
PARAMETRIC_REPRESENTATION_CONTEXT() REPRESENTATION_CONTEXT('2D SPACE',''
  ) );
#4038 = PCURVE('',#2213,#4039);
#4039 = DEFINITIONAL_REPRESENTATION('',(#4040),#4044);
#4040 = LINE('',#4041,#4042);
#4041 = CARTESIAN_POINT('',(80.,0.));
#4042 = VECTOR('',#4043,1.);
#4043 = DIRECTION('',(0.,1.));
#4044 = ( GEOMETRIC_REPRESENTATION_CONTEXT(2) 
PARAMETRIC_REPRESENTATION_CONTEXT() REPRESENTATION_CONTEXT('2D SPACE',''
  ) );
#4045 = ORIENTED_EDGE('',*,*,#2229,.T.);
#4046 = ORIENTED_EDGE('',*,*,#4001,.T.);
#4047 = ORIENTED_EDGE('',*,*,#3827,.F.);
#4048 = ADVANCED_FACE('',(#4049),#2213,.F.);
#4049 = FACE_BOUND('',#4050,.F.);
#4050 = EDGE_LOOP('',(#4051,#4052,#4053,#4054));
#4051 = ORIENTED_EDGE('',*,*,#3799,.T.);
#4052 = ORIENTED_EDGE('',*,*,#3944,.F.);
#4053 = ORIENTED_EDGE('',*,*,#2196,.F.);
#4054 = ORIENTED_EDGE('',*,*,#4025,.T.);
#4055 = ADVANCED_FACE('',(#4056),#2598,.T.);
#4056 = FACE_BOUND('',#4057,.T.);
#4057 = EDGE_LOOP('',(#4058,#4059,#4060,#4061));
#4058 = ORIENTED_EDGE('',*,*,#3702,.F.);
#4059 = ORIENTED_EDGE('',*,*,#2686,.F.);
#4060 = ORIENTED_EDGE('',*,*,#3896,.F.);
#4061 = ORIENTED_EDGE('',*,*,#2582,.F.);
#4062 = ADVANCED_FACE('',(#4063),#2885,.T.);
#4063 = FACE_BOUND('',#4064,.T.);
#4064 = EDGE_LOOP('',(#4065,#4066,#4067,#4068));
#4065 = ORIENTED_EDGE('',*,*,#2946,.F.);
#4066 = ORIENTED_EDGE('',*,*,#2869,.F.);
#4067 = ORIENTED_EDGE('',*,*,#3027,.F.);
#4068 = ORIENTED_EDGE('',*,*,#3083,.T.);
#4069 = ADVANCED_FACE('',(#4070),#2987,.F.);
#4070 = FACE_BOUND('',#4071,.F.);
#4071 = EDGE_LOOP('',(#4072,#4073,#4094,#4095));
#4072 = ORIENTED_EDGE('',*,*,#2970,.F.);
#4073 = ORIENTED_EDGE('',*,*,#4074,.F.);
#4074 = EDGE_CURVE('',#3056,#2971,#4075,.T.);
#4075 = SEAM_CURVE('',#4076,(#4080,#4087),.PCURVE_S1.);
#4076 = LINE('',#4077,#4078);
#4077 = CARTESIAN_POINT('',(-8.5,-6.123233995737E-16,-11.7));
#4078 = VECTOR('',#4079,1.);
#4079 = DIRECTION('',(1.,0.,2.22044604925E-16));
#4080 = PCURVE('',#2987,#4081);
#4081 = DEFINITIONAL_REPRESENTATION('',(#4082),#4086);
#4082 = LINE('',#4083,#4084);
#4083 = CARTESIAN_POINT('',(6.28318530718,-0.));
#4084 = VECTOR('',#4085,1.);
#4085 = DIRECTION('',(0.,1.));
#4086 = ( GEOMETRIC_REPRESENTATION_CONTEXT(2) 
PARAMETRIC_REPRESENTATION_CONTEXT() REPRESENTATION_CONTEXT('2D SPACE',''
  ) );
#4087 = PCURVE('',#2987,#4088);
#4088 = DEFINITIONAL_REPRESENTATION('',(#4089),#4093);
#4089 = LINE('',#4090,#4091);
#4090 = CARTESIAN_POINT('',(0.,-0.));
#4091 = VECTOR('',#4092,1.);
#4092 = DIRECTION('',(0.,1.));
#4093 = ( GEOMETRIC_REPRESENTATION_CONTEXT(2) 
PARAMETRIC_REPRESENTATION_CONTEXT() REPRESENTATION_CONTEXT('2D SPACE',''
  ) );
#4094 = ORIENTED_EDGE('',*,*,#3055,.T.);
#4095 = ORIENTED_EDGE('',*,*,#4074,.T.);
#4096 = ADVANCED_FACE('',(#4097),#3147,.T.);
#4097 = FACE_BOUND('',#4098,.T.);
#4098 = EDGE_LOOP('',(#4099,#4100,#4101,#4102));
#4099 = ORIENTED_EDGE('',*,*,#3208,.F.);
#4100 = ORIENTED_EDGE('',*,*,#3131,.F.);
#4101 = ORIENTED_EDGE('',*,*,#3289,.F.);
#4102 = ORIENTED_EDGE('',*,*,#3345,.T.);
#4103 = ADVANCED_FACE('',(#4104),#3249,.F.);
#4104 = FACE_BOUND('',#4105,.F.);
#4105 = EDGE_LOOP('',(#4106,#4107,#4128,#4129));
#4106 = ORIENTED_EDGE('',*,*,#3232,.F.);
#4107 = ORIENTED_EDGE('',*,*,#4108,.F.);
#4108 = EDGE_CURVE('',#3318,#3233,#4109,.T.);
#4109 = SEAM_CURVE('',#4110,(#4114,#4121),.PCURVE_S1.);
#4110 = LINE('',#4111,#4112);
#4111 = CARTESIAN_POINT('',(-2.5,-6.123233995737E-16,-11.7));
#4112 = VECTOR('',#4113,1.);
#4113 = DIRECTION('',(1.,0.,2.22044604925E-16));
#4114 = PCURVE('',#3249,#4115);
#4115 = DEFINITIONAL_REPRESENTATION('',(#4116),#4120);
#4116 = LINE('',#4117,#4118);
#4117 = CARTESIAN_POINT('',(6.28318530718,-0.));
#4118 = VECTOR('',#4119,1.);
#4119 = DIRECTION('',(0.,1.));
#4120 = ( GEOMETRIC_REPRESENTATION_CONTEXT(2) 
PARAMETRIC_REPRESENTATION_CONTEXT() REPRESENTATION_CONTEXT('2D SPACE',''
  ) );
#4121 = PCURVE('',#3249,#4122);
#4122 = DEFINITIONAL_REPRESENTATION('',(#4123),#4127);
#4123 = LINE('',#4124,#4125);
#4124 = CARTESIAN_POINT('',(0.,-0.));
#4125 = VECTOR('',#4126,1.);
#4126 = DIRECTION('',(0.,1.));
#4127 = ( GEOMETRIC_REPRESENTATION_CONTEXT(2) 
PARAMETRIC_REPRESENTATION_CONTEXT() REPRESENTATION_CONTEXT('2D SPACE',''
  ) );
#4128 = ORIENTED_EDGE('',*,*,#3317,.T.);
#4129 = ORIENTED_EDGE('',*,*,#4108,.T.);
#4130 = ADVANCED_FACE('',(#4131),#3409,.T.);
#4131 = FACE_BOUND('',#4132,.T.);
#4132 = EDGE_LOOP('',(#4133,#4134,#4135,#4136));
#4133 = ORIENTED_EDGE('',*,*,#3470,.F.);
#4134 = ORIENTED_EDGE('',*,*,#3393,.F.);
#4135 = ORIENTED_EDGE('',*,*,#3551,.F.);
#4136 = ORIENTED_EDGE('',*,*,#3607,.T.);
#4137 = ADVANCED_FACE('',(#4138),#3511,.F.);
#4138 = FACE_BOUND('',#4139,.F.);
#4139 = EDGE_LOOP('',(#4140,#4141,#4162,#4163));
#4140 = ORIENTED_EDGE('',*,*,#3494,.F.);
#4141 = ORIENTED_EDGE('',*,*,#4142,.F.);
#4142 = EDGE_CURVE('',#3580,#3495,#4143,.T.);
#4143 = SEAM_CURVE('',#4144,(#4148,#4155),.PCURVE_S1.);
#4144 = LINE('',#4145,#4146);
#4145 = CARTESIAN_POINT('',(3.5,-6.123233995737E-16,-11.7));
#4146 = VECTOR('',#4147,1.);
#4147 = DIRECTION('',(1.,0.,2.22044604925E-16));
#4148 = PCURVE('',#3511,#4149);
#4149 = DEFINITIONAL_REPRESENTATION('',(#4150),#4154);
#4150 = LINE('',#4151,#4152);
#4151 = CARTESIAN_POINT('',(6.28318530718,-0.));
#4152 = VECTOR('',#4153,1.);
#4153 = DIRECTION('',(0.,1.));
#4154 = ( GEOMETRIC_REPRESENTATION_CONTEXT(2) 
PARAMETRIC_REPRESENTATION_CONTEXT() REPRESENTATION_CONTEXT('2D SPACE',''
  ) );
#4155 = PCURVE('',#3511,#4156);
#4156 = DEFINITIONAL_REPRESENTATION('',(#4157),#4161);
#4157 = LINE('',#4158,#4159);
#4158 = CARTESIAN_POINT('',(0.,-0.));
#4159 = VECTOR('',#4160,1.);
#4160 = DIRECTION('',(0.,1.));
#4161 = ( GEOMETRIC_REPRESENTATION_CONTEXT(2) 
PARAMETRIC_REPRESENTATION_CONTEXT() REPRESENTATION_CONTEXT('2D SPACE',''
  ) );
#4162 = ORIENTED_EDGE('',*,*,#3579,.T.);
#4163 = ORIENTED_EDGE('',*,*,#4142,.T.);
#4164 = ( GEOMETRIC_REPRESENTATION_CONTEXT(3) 
GLOBAL_UNCERTAINTY_ASSIGNED_CONTEXT((#4168)) 
GLOBAL_UNIT_ASSIGNED_CONTEXT((#4165,#4166,#4167)) REPRESENTATION_CONTEXT
('Context #1','3D Context with UNIT and UNCERTAINTY') );
#4165 = ( LENGTH_UNIT() NAMED_UNIT(*) SI_UNIT(.MILLI.,.METRE.) );
#4166 = ( NAMED_UNIT(*) PLANE_ANGLE_UNIT() SI_UNIT($,.RADIAN.) );
#4167 = ( NAMED_UNIT(*) SI_UNIT($,.STERADIAN.) SOLID_ANGLE_UNIT() );
#4168 = UNCERTAINTY_MEASURE_WITH_UNIT(LENGTH_MEASURE(1.E-07),#4165,
  'distance_accuracy_value','confusion accuracy');
#4169 = PRODUCT_RELATED_PRODUCT_CATEGORY('part',$,(#7));
ENDSEC;
END-ISO-10303-21;
