ISO-10303-21;
HEADER;
FILE_DESCRIPTION(('Open CASCADE Model'),'2;1');
FILE_NAME('aerobar_crossbar_crosshatch','2026-06-03T22:07:31',('Author')
  ,('Open CASCADE'),'Open CASCADE STEP processor 7.8','build123d',
  'Unknown');
FILE_SCHEMA(('AUTOMOTIVE_DESIGN { 1 0 10303 214 1 1 1 1 }'));
ENDSEC;
DATA;
#1 = APPLICATION_PROTOCOL_DEFINITION('international standard',
  'automotive_design',2000,#2);
#2 = APPLICATION_CONTEXT(
  'core data for automotive mechanical design processes');
#3 = SHAPE_DEFINITION_REPRESENTATION(#4,#10);
#4 = PRODUCT_DEFINITION_SHAPE('','',#5);
#5 = PRODUCT_DEFINITION('design','',#6,#9);
#6 = PRODUCT_DEFINITION_FORMATION('','',#7);
#7 = PRODUCT('aerobar_crossbar_crosshatch','aerobar_crossbar_crosshatch'
  ,'',(#8));
#8 = PRODUCT_CONTEXT('',#2,'mechanical');
#9 = PRODUCT_DEFINITION_CONTEXT('part definition',#2,'design');
#10 = SHAPE_REPRESENTATION('',(#11,#15,#8261,#8715,#9169,#9623,#10077,
    #10531,#10985,#11291,#11597,#11903,#12209),#12515);
#11 = AXIS2_PLACEMENT_3D('',#12,#13,#14);
#12 = CARTESIAN_POINT('',(0.,0.,0.));
#13 = DIRECTION('',(0.,0.,1.));
#14 = DIRECTION('',(1.,0.,-0.));
#15 = MANIFOLD_SOLID_BREP('',#16);
#16 = CLOSED_SHELL('',(#17,#1589,#1659,#1704,#1749,#1794,#1839,#1884,
    #1929,#1974,#2019,#2064,#2109,#2154,#2199,#2244,#2289,#2334,#2379,
    #2424,#2469,#2514,#2559,#2604,#2649,#2694,#2739,#2784,#2829,#2874,
    #2919,#2964,#3009,#3054,#3099,#3144,#3189,#3234,#3279,#3324,#3369,
    #3414,#3459,#3504,#3549,#3594,#3639,#3684,#3729,#3774,#3819,#3864,
    #3961,#4884,#5003,#5052,#5313,#5360,#5445,#5512,#5614,#6297,#6322,
    #6349,#6374,#6399,#6424,#6451,#6476,#6501,#6526,#6551,#6576,#6601,
    #6626,#6651,#6676,#6701,#6726,#6751,#6776,#6801,#6826,#6851,#6876,
    #6901,#6928,#6953,#6978,#7003,#7028,#7035,#7062,#7453,#7500,#7527,
    #7554,#7561,#7608,#7635,#7662,#7669,#7744,#7825,#7873,#7931,#8006,
    #8087,#8135,#8193,#8200,#8227,#8234));
#17 = ADVANCED_FACE('',(#18),#32,.T.);
#18 = FACE_BOUND('',#19,.T.);
#19 = EDGE_LOOP('',(#20,#53,#79,#107,#142,#170,#198,#226,#268,#291,#317,
    #343,#369,#395,#421,#447,#473,#499,#525,#551,#577,#603,#629,#655,
    #681,#707,#733,#759,#785,#811,#837,#863,#889,#915,#941,#967,#993,
    #1019,#1045,#1071,#1097,#1123,#1149,#1175,#1201,#1227,#1253,#1279,
    #1305,#1331,#1357,#1383,#1409,#1435,#1461,#1487,#1513,#1539,#1565));
#20 = ORIENTED_EDGE('',*,*,#21,.F.);
#21 = EDGE_CURVE('',#22,#24,#26,.T.);
#22 = VERTEX_POINT('',#23);
#23 = CARTESIAN_POINT('',(-38.,13.331879455634,4.62132034356));
#24 = VERTEX_POINT('',#25);
#25 = CARTESIAN_POINT('',(-36.,14.486579994014,2.62132034356));
#26 = SURFACE_CURVE('',#27,(#31,#42),.PCURVE_S1.);
#27 = LINE('',#28,#29);
#28 = CARTESIAN_POINT('',(-53.77033989065,4.226869474554,20.391660234213
    ));
#29 = VECTOR('',#30,1.);
#30 = DIRECTION('',(0.654653670708,0.377964473009,-0.654653670708));
#31 = PCURVE('',#32,#37);
#32 = PLANE('',#33);
#33 = AXIS2_PLACEMENT_3D('',#34,#35,#36);
#34 = CARTESIAN_POINT('',(0.,16.,0.));
#35 = DIRECTION('',(-0.,0.866025403784,0.5));
#36 = DIRECTION('',(0.,-0.5,0.866025403784));
#37 = DEFINITIONAL_REPRESENTATION('',(#38),#41);
#38 = B_SPLINE_CURVE_WITH_KNOTS('',1,(#39,#40),.UNSPECIFIED.,.F.,.F.,(2,
    2),(24.0895920947,27.144642558004),.PIECEWISE_BEZIER_KNOTS.);
#39 = CARTESIAN_POINT('',(5.336241088731,-38.));
#40 = CARTESIAN_POINT('',(3.026840011973,-36.));
#41 = ( GEOMETRIC_REPRESENTATION_CONTEXT(2) 
PARAMETRIC_REPRESENTATION_CONTEXT() REPRESENTATION_CONTEXT('2D SPACE',''
  ) );
#42 = PCURVE('',#43,#48);
#43 = PLANE('',#44);
#44 = AXIS2_PLACEMENT_3D('',#45,#46,#47);
#45 = CARTESIAN_POINT('',(-83.7921535706,-32.,50.413473914166));
#46 = DIRECTION('',(0.707106781187,0.,0.707106781187));
#47 = DIRECTION('',(0.707106781187,0.,-0.707106781187));
#48 = DEFINITIONAL_REPRESENTATION('',(#49),#52);
#49 = B_SPLINE_CURVE_WITH_KNOTS('',1,(#50,#51),.UNSPECIFIED.,.F.,.F.,(2,
    2),(24.0895920947,27.144642558004),.PIECEWISE_BEZIER_KNOTS.);
#50 = CARTESIAN_POINT('',(64.759884629822,45.331879455634));
#51 = CARTESIAN_POINT('',(67.588311754569,46.486579994014));
#52 = ( GEOMETRIC_REPRESENTATION_CONTEXT(2) 
PARAMETRIC_REPRESENTATION_CONTEXT() REPRESENTATION_CONTEXT('2D SPACE',''
  ) );
#53 = ORIENTED_EDGE('',*,*,#54,.T.);
#54 = EDGE_CURVE('',#22,#55,#57,.T.);
#55 = VERTEX_POINT('',#56);
#56 = CARTESIAN_POINT('',(-38.,16.,0.));
#57 = SURFACE_CURVE('',#58,(#62,#68),.PCURVE_S1.);
#58 = LINE('',#59,#60);
#59 = CARTESIAN_POINT('',(-38.,12.056810333988,6.829804845413));
#60 = VECTOR('',#61,1.);
#61 = DIRECTION('',(0.,0.5,-0.866025403784));
#62 = PCURVE('',#32,#63);
#63 = DEFINITIONAL_REPRESENTATION('',(#64),#67);
#64 = B_SPLINE_CURVE_WITH_KNOTS('',1,(#65,#66),.UNSPECIFIED.,.F.,.F.,(2,
    2),(2.550138243293,7.886379332024),.PIECEWISE_BEZIER_KNOTS.);
#65 = CARTESIAN_POINT('',(5.336241088731,-38.));
#66 = CARTESIAN_POINT('',(0.,-38.));
#67 = ( GEOMETRIC_REPRESENTATION_CONTEXT(2) 
PARAMETRIC_REPRESENTATION_CONTEXT() REPRESENTATION_CONTEXT('2D SPACE',''
  ) );
#68 = PCURVE('',#69,#74);
#69 = PLANE('',#70);
#70 = AXIS2_PLACEMENT_3D('',#71,#72,#73);
#71 = CARTESIAN_POINT('',(-38.,-32.,-9.5));
#72 = DIRECTION('',(1.,0.,0.));
#73 = DIRECTION('',(0.,0.,1.));
#74 = DEFINITIONAL_REPRESENTATION('',(#75),#78);
#75 = B_SPLINE_CURVE_WITH_KNOTS('',1,(#76,#77),.UNSPECIFIED.,.F.,.F.,(2,
    2),(2.550138243293,7.886379332024),.PIECEWISE_BEZIER_KNOTS.);
#76 = CARTESIAN_POINT('',(14.12132034356,-45.33187945563));
#77 = CARTESIAN_POINT('',(9.5,-48.));
#78 = ( GEOMETRIC_REPRESENTATION_CONTEXT(2) 
PARAMETRIC_REPRESENTATION_CONTEXT() REPRESENTATION_CONTEXT('2D SPACE',''
  ) );
#79 = ORIENTED_EDGE('',*,*,#80,.T.);
#80 = EDGE_CURVE('',#55,#81,#83,.T.);
#81 = VERTEX_POINT('',#82);
#82 = CARTESIAN_POINT('',(-48.6,16.,-3.172454190428E-15));
#83 = SURFACE_CURVE('',#84,(#88,#95),.PCURVE_S1.);
#84 = LINE('',#85,#86);
#85 = CARTESIAN_POINT('',(60.,16.,0.));
#86 = VECTOR('',#87,1.);
#87 = DIRECTION('',(-1.,0.,0.));
#88 = PCURVE('',#32,#89);
#89 = DEFINITIONAL_REPRESENTATION('',(#90),#94);
#90 = LINE('',#91,#92);
#91 = CARTESIAN_POINT('',(0.,60.));
#92 = VECTOR('',#93,1.);
#93 = DIRECTION('',(0.,-1.));
#94 = ( GEOMETRIC_REPRESENTATION_CONTEXT(2) 
PARAMETRIC_REPRESENTATION_CONTEXT() REPRESENTATION_CONTEXT('2D SPACE',''
  ) );
#95 = PCURVE('',#96,#101);
#96 = PLANE('',#97);
#97 = AXIS2_PLACEMENT_3D('',#98,#99,#100);
#98 = CARTESIAN_POINT('',(0.,8.,-13.85640646055));
#99 = DIRECTION('',(0.,0.866025403784,-0.5));
#100 = DIRECTION('',(0.,0.5,0.866025403784));
#101 = DEFINITIONAL_REPRESENTATION('',(#102),#106);
#102 = LINE('',#103,#104);
#103 = CARTESIAN_POINT('',(16.,60.));
#104 = VECTOR('',#105,1.);
#105 = DIRECTION('',(0.,-1.));
#106 = ( GEOMETRIC_REPRESENTATION_CONTEXT(2) 
PARAMETRIC_REPRESENTATION_CONTEXT() REPRESENTATION_CONTEXT('2D SPACE',''
  ) );
#107 = ORIENTED_EDGE('',*,*,#108,.F.);
#108 = EDGE_CURVE('',#109,#81,#111,.T.);
#109 = VERTEX_POINT('',#110);
#110 = CARTESIAN_POINT('',(-60.,9.418206931238,11.4));
#111 = SURFACE_CURVE('',#112,(#117,#124),.PCURVE_S1.);
#112 = ELLIPSE('',#113,13.163586137523,11.4);
#113 = AXIS2_PLACEMENT_3D('',#114,#115,#116);
#114 = CARTESIAN_POINT('',(-60.,16.,-3.552713678801E-15));
#115 = DIRECTION('',(-0.,0.866025403784,0.5));
#116 = DIRECTION('',(0.,-0.5,0.866025403784));
#117 = PCURVE('',#32,#118);
#118 = DEFINITIONAL_REPRESENTATION('',(#119),#123);
#119 = ELLIPSE('',#120,13.163586137523,11.4);
#120 = AXIS2_PLACEMENT_2D('',#121,#122);
#121 = CARTESIAN_POINT('',(-3.076740298214E-15,-60.));
#122 = DIRECTION('',(1.,0.));
#123 = ( GEOMETRIC_REPRESENTATION_CONTEXT(2) 
PARAMETRIC_REPRESENTATION_CONTEXT() REPRESENTATION_CONTEXT('2D SPACE',''
  ) );
#124 = PCURVE('',#125,#130);
#125 = CYLINDRICAL_SURFACE('',#126,11.4);
#126 = AXIS2_PLACEMENT_3D('',#127,#128,#129);
#127 = CARTESIAN_POINT('',(-60.,19.,-4.218847493576E-15));
#128 = DIRECTION('',(0.,-1.,2.22044604925E-16));
#129 = DIRECTION('',(1.,0.,0.));
#130 = DEFINITIONAL_REPRESENTATION('',(#131),#141);
#131 = B_SPLINE_CURVE_WITH_KNOTS('',8,(#132,#133,#134,#135,#136,#137,
    #138,#139,#140),.UNSPECIFIED.,.F.,.F.,(9,9),(6.28318530718,
    7.853981633974),.PIECEWISE_BEZIER_KNOTS.);
#132 = CARTESIAN_POINT('',(7.853981633974,9.581793061751));
#133 = CARTESIAN_POINT('',(7.657632093125,9.581793035215));
#134 = CARTESIAN_POINT('',(7.461282552275,9.291794445635));
#135 = CARTESIAN_POINT('',(7.264933011429,8.711798143685));
#136 = CARTESIAN_POINT('',(7.068583470571,7.865648833011));
#137 = CARTESIAN_POINT('',(6.872233929731,6.801072398035));
#138 = CARTESIAN_POINT('',(6.675884388877,5.584664483492));
#139 = CARTESIAN_POINT('',(6.479534848029,4.292332047017));
#140 = CARTESIAN_POINT('',(6.28318530718,3.));
#141 = ( GEOMETRIC_REPRESENTATION_CONTEXT(2) 
PARAMETRIC_REPRESENTATION_CONTEXT() REPRESENTATION_CONTEXT('2D SPACE',''
  ) );
#142 = ORIENTED_EDGE('',*,*,#143,.T.);
#143 = EDGE_CURVE('',#109,#144,#146,.T.);
#144 = VERTEX_POINT('',#145);
#145 = CARTESIAN_POINT('',(-60.,8.,13.856406460551));
#146 = SURFACE_CURVE('',#147,(#151,#158),.PCURVE_S1.);
#147 = LINE('',#148,#149);
#148 = CARTESIAN_POINT('',(-60.,16.,0.));
#149 = VECTOR('',#150,1.);
#150 = DIRECTION('',(0.,-0.5,0.866025403784));
#151 = PCURVE('',#32,#152);
#152 = DEFINITIONAL_REPRESENTATION('',(#153),#157);
#153 = LINE('',#154,#155);
#154 = CARTESIAN_POINT('',(0.,-60.));
#155 = VECTOR('',#156,1.);
#156 = DIRECTION('',(1.,0.));
#157 = ( GEOMETRIC_REPRESENTATION_CONTEXT(2) 
PARAMETRIC_REPRESENTATION_CONTEXT() REPRESENTATION_CONTEXT('2D SPACE',''
  ) );
#158 = PCURVE('',#159,#164);
#159 = PLANE('',#160);
#160 = AXIS2_PLACEMENT_3D('',#161,#162,#163);
#161 = CARTESIAN_POINT('',(-60.,1.480297366167E-16,9.080106438912E-16));
#162 = DIRECTION('',(1.,0.,0.));
#163 = DIRECTION('',(0.,1.,0.));
#164 = DEFINITIONAL_REPRESENTATION('',(#165),#169);
#165 = LINE('',#166,#167);
#166 = CARTESIAN_POINT('',(16.,-9.080106438912E-16));
#167 = VECTOR('',#168,1.);
#168 = DIRECTION('',(-0.5,0.866025403784));
#169 = ( GEOMETRIC_REPRESENTATION_CONTEXT(2) 
PARAMETRIC_REPRESENTATION_CONTEXT() REPRESENTATION_CONTEXT('2D SPACE',''
  ) );
#170 = ORIENTED_EDGE('',*,*,#171,.T.);
#171 = EDGE_CURVE('',#144,#172,#174,.T.);
#172 = VERTEX_POINT('',#173);
#173 = CARTESIAN_POINT('',(60.,8.,13.856406460551));
#174 = SURFACE_CURVE('',#175,(#179,#186),.PCURVE_S1.);
#175 = LINE('',#176,#177);
#176 = CARTESIAN_POINT('',(-60.,8.,13.856406460551));
#177 = VECTOR('',#178,1.);
#178 = DIRECTION('',(1.,0.,0.));
#179 = PCURVE('',#32,#180);
#180 = DEFINITIONAL_REPRESENTATION('',(#181),#185);
#181 = LINE('',#182,#183);
#182 = CARTESIAN_POINT('',(16.,-60.));
#183 = VECTOR('',#184,1.);
#184 = DIRECTION('',(0.,1.));
#185 = ( GEOMETRIC_REPRESENTATION_CONTEXT(2) 
PARAMETRIC_REPRESENTATION_CONTEXT() REPRESENTATION_CONTEXT('2D SPACE',''
  ) );
#186 = PCURVE('',#187,#192);
#187 = PLANE('',#188);
#188 = AXIS2_PLACEMENT_3D('',#189,#190,#191);
#189 = CARTESIAN_POINT('',(0.,8.,13.856406460551));
#190 = DIRECTION('',(-0.,1.110223024625E-16,1.));
#191 = DIRECTION('',(0.,-1.,1.110223024625E-16));
#192 = DEFINITIONAL_REPRESENTATION('',(#193),#197);
#193 = LINE('',#194,#195);
#194 = CARTESIAN_POINT('',(0.,-60.));
#195 = VECTOR('',#196,1.);
#196 = DIRECTION('',(0.,1.));
#197 = ( GEOMETRIC_REPRESENTATION_CONTEXT(2) 
PARAMETRIC_REPRESENTATION_CONTEXT() REPRESENTATION_CONTEXT('2D SPACE',''
  ) );
#198 = ORIENTED_EDGE('',*,*,#199,.F.);
#199 = EDGE_CURVE('',#200,#172,#202,.T.);
#200 = VERTEX_POINT('',#201);
#201 = CARTESIAN_POINT('',(60.,9.418206931238,11.4));
#202 = SURFACE_CURVE('',#203,(#207,#214),.PCURVE_S1.);
#203 = LINE('',#204,#205);
#204 = CARTESIAN_POINT('',(60.,16.,0.));
#205 = VECTOR('',#206,1.);
#206 = DIRECTION('',(0.,-0.5,0.866025403784));
#207 = PCURVE('',#32,#208);
#208 = DEFINITIONAL_REPRESENTATION('',(#209),#213);
#209 = LINE('',#210,#211);
#210 = CARTESIAN_POINT('',(0.,60.));
#211 = VECTOR('',#212,1.);
#212 = DIRECTION('',(1.,0.));
#213 = ( GEOMETRIC_REPRESENTATION_CONTEXT(2) 
PARAMETRIC_REPRESENTATION_CONTEXT() REPRESENTATION_CONTEXT('2D SPACE',''
  ) );
#214 = PCURVE('',#215,#220);
#215 = PLANE('',#216);
#216 = AXIS2_PLACEMENT_3D('',#217,#218,#219);
#217 = CARTESIAN_POINT('',(60.,1.480297366167E-16,9.080106438912E-16));
#218 = DIRECTION('',(1.,0.,0.));
#219 = DIRECTION('',(0.,1.,0.));
#220 = DEFINITIONAL_REPRESENTATION('',(#221),#225);
#221 = LINE('',#222,#223);
#222 = CARTESIAN_POINT('',(16.,-9.080106438912E-16));
#223 = VECTOR('',#224,1.);
#224 = DIRECTION('',(-0.5,0.866025403784));
#225 = ( GEOMETRIC_REPRESENTATION_CONTEXT(2) 
PARAMETRIC_REPRESENTATION_CONTEXT() REPRESENTATION_CONTEXT('2D SPACE',''
  ) );
#226 = ORIENTED_EDGE('',*,*,#227,.F.);
#227 = EDGE_CURVE('',#228,#200,#230,.T.);
#228 = VERTEX_POINT('',#229);
#229 = CARTESIAN_POINT('',(48.6,16.,0.));
#230 = SURFACE_CURVE('',#231,(#236,#243),.PCURVE_S1.);
#231 = ELLIPSE('',#232,13.163586137523,11.4);
#232 = AXIS2_PLACEMENT_3D('',#233,#234,#235);
#233 = CARTESIAN_POINT('',(60.,16.,-3.552713678801E-15));
#234 = DIRECTION('',(-0.,0.866025403784,0.5));
#235 = DIRECTION('',(0.,-0.5,0.866025403784));
#236 = PCURVE('',#32,#237);
#237 = DEFINITIONAL_REPRESENTATION('',(#238),#242);
#238 = ELLIPSE('',#239,13.163586137523,11.4);
#239 = AXIS2_PLACEMENT_2D('',#240,#241);
#240 = CARTESIAN_POINT('',(-3.076740298214E-15,60.));
#241 = DIRECTION('',(1.,0.));
#242 = ( GEOMETRIC_REPRESENTATION_CONTEXT(2) 
PARAMETRIC_REPRESENTATION_CONTEXT() REPRESENTATION_CONTEXT('2D SPACE',''
  ) );
#243 = PCURVE('',#244,#249);
#244 = CYLINDRICAL_SURFACE('',#245,11.4);
#245 = AXIS2_PLACEMENT_3D('',#246,#247,#248);
#246 = CARTESIAN_POINT('',(60.,19.,-4.218847493576E-15));
#247 = DIRECTION('',(0.,-1.,2.22044604925E-16));
#248 = DIRECTION('',(1.,0.,0.));
#249 = DEFINITIONAL_REPRESENTATION('',(#250),#267);
#250 = B_SPLINE_CURVE_WITH_KNOTS('',8,(#251,#252,#253,#254,#255,#256,
    #257,#258,#259,#260,#261,#262,#263,#264,#265,#266),.UNSPECIFIED.,.F.
  ,.F.,(9,7,9),(4.590540262156,6.222260948065,7.853981633974),
  .UNSPECIFIED.);
#251 = CARTESIAN_POINT('',(3.263441371819,2.2));
#252 = CARTESIAN_POINT('',(3.05947628608,3.532502515807));
#253 = CARTESIAN_POINT('',(2.855511200339,4.903041388911));
#254 = CARTESIAN_POINT('',(2.651546114607,6.227140815189));
#255 = CARTESIAN_POINT('',(2.44758102885,7.416972292475));
#256 = CARTESIAN_POINT('',(2.243615943129,8.392503233273));
#257 = CARTESIAN_POINT('',(2.039650857384,9.093756104375));
#258 = CARTESIAN_POINT('',(1.835685771648,9.487844087349));
#259 = CARTESIAN_POINT('',(1.427755600171,9.651319454204));
#260 = CARTESIAN_POINT('',(1.223790514431,9.420706889273));
#261 = CARTESIAN_POINT('',(1.019825428696,8.872565798016));
#262 = CARTESIAN_POINT('',(0.815860342948,8.029421855502));
#263 = CARTESIAN_POINT('',(0.611895257219,6.942262843069));
#264 = CARTESIAN_POINT('',(0.407930171476,5.684912395423));
#265 = CARTESIAN_POINT('',(0.203965085739,4.342455987584));
#266 = CARTESIAN_POINT('',(3.061616997868E-16,3.));
#267 = ( GEOMETRIC_REPRESENTATION_CONTEXT(2) 
PARAMETRIC_REPRESENTATION_CONTEXT() REPRESENTATION_CONTEXT('2D SPACE',''
  ) );
#268 = ORIENTED_EDGE('',*,*,#269,.T.);
#269 = EDGE_CURVE('',#228,#270,#272,.T.);
#270 = VERTEX_POINT('',#271);
#271 = CARTESIAN_POINT('',(38.,16.,0.));
#272 = SURFACE_CURVE('',#273,(#277,#284),.PCURVE_S1.);
#273 = LINE('',#274,#275);
#274 = CARTESIAN_POINT('',(60.,16.,0.));
#275 = VECTOR('',#276,1.);
#276 = DIRECTION('',(-1.,0.,0.));
#277 = PCURVE('',#32,#278);
#278 = DEFINITIONAL_REPRESENTATION('',(#279),#283);
#279 = LINE('',#280,#281);
#280 = CARTESIAN_POINT('',(0.,60.));
#281 = VECTOR('',#282,1.);
#282 = DIRECTION('',(0.,-1.));
#283 = ( GEOMETRIC_REPRESENTATION_CONTEXT(2) 
PARAMETRIC_REPRESENTATION_CONTEXT() REPRESENTATION_CONTEXT('2D SPACE',''
  ) );
#284 = PCURVE('',#96,#285);
#285 = DEFINITIONAL_REPRESENTATION('',(#286),#290);
#286 = LINE('',#287,#288);
#287 = CARTESIAN_POINT('',(16.,60.));
#288 = VECTOR('',#289,1.);
#289 = DIRECTION('',(0.,-1.));
#290 = ( GEOMETRIC_REPRESENTATION_CONTEXT(2) 
PARAMETRIC_REPRESENTATION_CONTEXT() REPRESENTATION_CONTEXT('2D SPACE',''
  ) );
#291 = ORIENTED_EDGE('',*,*,#292,.F.);
#292 = EDGE_CURVE('',#293,#270,#295,.T.);
#293 = VERTEX_POINT('',#294);
#294 = CARTESIAN_POINT('',(38.,13.331879455634,4.62132034356));
#295 = SURFACE_CURVE('',#296,(#300,#306),.PCURVE_S1.);
#296 = LINE('',#297,#298);
#297 = CARTESIAN_POINT('',(38.,12.056810333988,6.829804845413));
#298 = VECTOR('',#299,1.);
#299 = DIRECTION('',(0.,0.5,-0.866025403784));
#300 = PCURVE('',#32,#301);
#301 = DEFINITIONAL_REPRESENTATION('',(#302),#305);
#302 = B_SPLINE_CURVE_WITH_KNOTS('',1,(#303,#304),.UNSPECIFIED.,.F.,.F.,
  (2,2),(2.550138243293,7.886379332024),.PIECEWISE_BEZIER_KNOTS.);
#303 = CARTESIAN_POINT('',(5.336241088731,38.));
#304 = CARTESIAN_POINT('',(0.,38.));
#305 = ( GEOMETRIC_REPRESENTATION_CONTEXT(2) 
PARAMETRIC_REPRESENTATION_CONTEXT() REPRESENTATION_CONTEXT('2D SPACE',''
  ) );
#306 = PCURVE('',#307,#312);
#307 = PLANE('',#308);
#308 = AXIS2_PLACEMENT_3D('',#309,#310,#311);
#309 = CARTESIAN_POINT('',(38.,-32.,-9.5));
#310 = DIRECTION('',(1.,0.,0.));
#311 = DIRECTION('',(0.,0.,1.));
#312 = DEFINITIONAL_REPRESENTATION('',(#313),#316);
#313 = B_SPLINE_CURVE_WITH_KNOTS('',1,(#314,#315),.UNSPECIFIED.,.F.,.F.,
  (2,2),(2.550138243293,7.886379332024),.PIECEWISE_BEZIER_KNOTS.);
#314 = CARTESIAN_POINT('',(14.12132034356,-45.33187945563));
#315 = CARTESIAN_POINT('',(9.5,-48.));
#316 = ( GEOMETRIC_REPRESENTATION_CONTEXT(2) 
PARAMETRIC_REPRESENTATION_CONTEXT() REPRESENTATION_CONTEXT('2D SPACE',''
  ) );
#317 = ORIENTED_EDGE('',*,*,#318,.F.);
#318 = EDGE_CURVE('',#319,#293,#321,.T.);
#319 = VERTEX_POINT('',#320);
#320 = CARTESIAN_POINT('',(36.,14.486579994014,2.62132034356));
#321 = SURFACE_CURVE('',#322,(#326,#332),.PCURVE_S1.);
#322 = LINE('',#323,#324);
#323 = CARTESIAN_POINT('',(-18.9606433171,46.21812220798,-52.33932297354
    ));
#324 = VECTOR('',#325,1.);
#325 = DIRECTION('',(0.654653670708,-0.377964473009,0.654653670708));
#326 = PCURVE('',#32,#327);
#327 = DEFINITIONAL_REPRESENTATION('',(#328),#331);
#328 = B_SPLINE_CURVE_WITH_KNOTS('',1,(#329,#330),.UNSPECIFIED.,.F.,.F.,
  (2,2),(83.953769414702,87.008819878006),.PIECEWISE_BEZIER_KNOTS.);
#329 = CARTESIAN_POINT('',(3.026840011973,36.));
#330 = CARTESIAN_POINT('',(5.336241088731,38.));
#331 = ( GEOMETRIC_REPRESENTATION_CONTEXT(2) 
PARAMETRIC_REPRESENTATION_CONTEXT() REPRESENTATION_CONTEXT('2D SPACE',''
  ) );
#332 = PCURVE('',#333,#338);
#333 = PLANE('',#334);
#334 = AXIS2_PLACEMENT_3D('',#335,#336,#337);
#335 = CARTESIAN_POINT('',(-85.91347391416,-32.,-119.2921535706));
#336 = DIRECTION('',(-0.707106781187,0.,0.707106781187));
#337 = DIRECTION('',(0.707106781187,0.,0.707106781187));
#338 = DEFINITIONAL_REPRESENTATION('',(#339),#342);
#339 = B_SPLINE_CURVE_WITH_KNOTS('',1,(#340,#341),.UNSPECIFIED.,.F.,.F.,
  (2,2),(83.953769414702,87.008819878006),.PIECEWISE_BEZIER_KNOTS.);
#340 = CARTESIAN_POINT('',(172.41168824543,46.486579994014));
#341 = CARTESIAN_POINT('',(175.24011537017,45.331879455634));
#342 = ( GEOMETRIC_REPRESENTATION_CONTEXT(2) 
PARAMETRIC_REPRESENTATION_CONTEXT() REPRESENTATION_CONTEXT('2D SPACE',''
  ) );
#343 = ORIENTED_EDGE('',*,*,#344,.F.);
#344 = EDGE_CURVE('',#345,#319,#347,.T.);
#345 = VERTEX_POINT('',#346);
#346 = CARTESIAN_POINT('',(32.12132034356,12.247223250267,6.5));
#347 = SURFACE_CURVE('',#348,(#352,#358),.PCURVE_S1.);
#348 = LINE('',#349,#350);
#349 = CARTESIAN_POINT('',(-28.05605417636,-22.49620012793,
    66.677374519927));
#350 = VECTOR('',#351,1.);
#351 = DIRECTION('',(0.654653670708,0.377964473009,-0.654653670708));
#352 = PCURVE('',#32,#353);
#353 = DEFINITIONAL_REPRESENTATION('',(#354),#357);
#354 = B_SPLINE_CURVE_WITH_KNOTS('',1,(#355,#356),.UNSPECIFIED.,.F.,.F.,
  (2,2),(91.922457953757,97.847238994465),.PIECEWISE_BEZIER_KNOTS.);
#355 = CARTESIAN_POINT('',(7.505553499465,32.12132034356));
#356 = CARTESIAN_POINT('',(3.026840011973,36.));
#357 = ( GEOMETRIC_REPRESENTATION_CONTEXT(2) 
PARAMETRIC_REPRESENTATION_CONTEXT() REPRESENTATION_CONTEXT('2D SPACE',''
  ) );
#358 = PCURVE('',#359,#364);
#359 = PLANE('',#360);
#360 = AXIS2_PLACEMENT_3D('',#361,#362,#363);
#361 = CARTESIAN_POINT('',(-83.7921535706,-32.,122.41347391416));
#362 = DIRECTION('',(0.707106781187,0.,0.707106781187));
#363 = DIRECTION('',(0.707106781187,0.,-0.707106781187));
#364 = DEFINITIONAL_REPRESENTATION('',(#365),#368);
#365 = B_SPLINE_CURVE_WITH_KNOTS('',1,(#366,#367),.UNSPECIFIED.,.F.,.F.,
  (2,2),(91.922457953757,97.847238994465),.PIECEWISE_BEZIER_KNOTS.);
#366 = CARTESIAN_POINT('',(163.92640687119,44.247223250267));
#367 = CARTESIAN_POINT('',(169.41168824543,46.486579994014));
#368 = ( GEOMETRIC_REPRESENTATION_CONTEXT(2) 
PARAMETRIC_REPRESENTATION_CONTEXT() REPRESENTATION_CONTEXT('2D SPACE',''
  ) );
#369 = ORIENTED_EDGE('',*,*,#370,.T.);
#370 = EDGE_CURVE('',#345,#371,#373,.T.);
#371 = VERTEX_POINT('',#372);
#372 = CARTESIAN_POINT('',(35.12132034356,10.515172442699,9.5));
#373 = SURFACE_CURVE('',#374,(#378,#384),.PCURVE_S1.);
#374 = LINE('',#375,#376);
#375 = CARTESIAN_POINT('',(-20.82199149589,42.814058592567,
    -46.44331183945));
#376 = VECTOR('',#377,1.);
#377 = DIRECTION('',(0.654653670708,-0.377964473009,0.654653670708));
#378 = PCURVE('',#32,#379);
#379 = DEFINITIONAL_REPRESENTATION('',(#380),#383);
#380 = B_SPLINE_CURVE_WITH_KNOTS('',1,(#381,#382),.UNSPECIFIED.,.F.,.F.,
  (2,2),(80.872244681984,85.45482037694),.PIECEWISE_BEZIER_KNOTS.);
#381 = CARTESIAN_POINT('',(7.505553499465,32.12132034356));
#382 = CARTESIAN_POINT('',(10.969655114603,35.12132034356));
#383 = ( GEOMETRIC_REPRESENTATION_CONTEXT(2) 
PARAMETRIC_REPRESENTATION_CONTEXT() REPRESENTATION_CONTEXT('2D SPACE',''
  ) );
#384 = PCURVE('',#385,#390);
#385 = PLANE('',#386);
#386 = AXIS2_PLACEMENT_3D('',#387,#388,#389);
#387 = CARTESIAN_POINT('',(-83.7921535706,-32.,-109.4134739141));
#388 = DIRECTION('',(-0.707106781187,0.,0.707106781187));
#389 = DIRECTION('',(0.707106781187,0.,0.707106781187));
#390 = DEFINITIONAL_REPRESENTATION('',(#391),#394);
#391 = B_SPLINE_CURVE_WITH_KNOTS('',1,(#392,#393),.UNSPECIFIED.,.F.,.F.,
  (2,2),(80.872244681984,85.45482037694),.PIECEWISE_BEZIER_KNOTS.);
#392 = CARTESIAN_POINT('',(163.92640687119,44.247223250267));
#393 = CARTESIAN_POINT('',(168.16904755831,42.515172442699));
#394 = ( GEOMETRIC_REPRESENTATION_CONTEXT(2) 
PARAMETRIC_REPRESENTATION_CONTEXT() REPRESENTATION_CONTEXT('2D SPACE',''
  ) );
#395 = ORIENTED_EDGE('',*,*,#396,.F.);
#396 = EDGE_CURVE('',#397,#371,#399,.T.);
#397 = VERTEX_POINT('',#398);
#398 = CARTESIAN_POINT('',(30.87867965644,10.515172442699,9.5));
#399 = SURFACE_CURVE('',#400,(#404,#410),.PCURVE_S1.);
#400 = LINE('',#401,#402);
#401 = CARTESIAN_POINT('',(-19.,10.515172442699,9.5));
#402 = VECTOR('',#403,1.);
#403 = DIRECTION('',(1.,0.,-0.));
#404 = PCURVE('',#32,#405);
#405 = DEFINITIONAL_REPRESENTATION('',(#406),#409);
#406 = B_SPLINE_CURVE_WITH_KNOTS('',1,(#407,#408),.UNSPECIFIED.,.F.,.F.,
  (2,2),(49.87867965644,54.12132034356),.PIECEWISE_BEZIER_KNOTS.);
#407 = CARTESIAN_POINT('',(10.969655114603,30.87867965644));
#408 = CARTESIAN_POINT('',(10.969655114603,35.12132034356));
#409 = ( GEOMETRIC_REPRESENTATION_CONTEXT(2) 
PARAMETRIC_REPRESENTATION_CONTEXT() REPRESENTATION_CONTEXT('2D SPACE',''
  ) );
#410 = PCURVE('',#411,#416);
#411 = PLANE('',#412);
#412 = AXIS2_PLACEMENT_3D('',#413,#414,#415);
#413 = CARTESIAN_POINT('',(-38.,-32.,9.5));
#414 = DIRECTION('',(0.,0.,1.));
#415 = DIRECTION('',(1.,0.,0.));
#416 = DEFINITIONAL_REPRESENTATION('',(#417),#420);
#417 = B_SPLINE_CURVE_WITH_KNOTS('',1,(#418,#419),.UNSPECIFIED.,.F.,.F.,
  (2,2),(49.87867965644,54.12132034356),.PIECEWISE_BEZIER_KNOTS.);
#418 = CARTESIAN_POINT('',(68.87867965644,42.515172442699));
#419 = CARTESIAN_POINT('',(73.12132034356,42.515172442699));
#420 = ( GEOMETRIC_REPRESENTATION_CONTEXT(2) 
PARAMETRIC_REPRESENTATION_CONTEXT() REPRESENTATION_CONTEXT('2D SPACE',''
  ) );
#421 = ORIENTED_EDGE('',*,*,#422,.F.);
#422 = EDGE_CURVE('',#423,#397,#425,.T.);
#423 = VERTEX_POINT('',#424);
#424 = CARTESIAN_POINT('',(30.,11.022478378876,8.62132034356));
#425 = SURFACE_CURVE('',#426,(#430,#436),.PCURVE_S1.);
#426 = LINE('',#427,#428);
#427 = CARTESIAN_POINT('',(-23.24635760282,41.764277274231,
    -44.62503725926));
#428 = VECTOR('',#429,1.);
#429 = DIRECTION('',(0.654653670708,-0.377964473009,0.654653670708));
#430 = PCURVE('',#32,#431);
#431 = DEFINITIONAL_REPRESENTATION('',(#432),#435);
#432 = B_SPLINE_CURVE_WITH_KNOTS('',1,(#433,#434),.UNSPECIFIED.,.F.,.F.,
  (2,2),(81.335154731871,82.677360077622),.PIECEWISE_BEZIER_KNOTS.);
#433 = CARTESIAN_POINT('',(9.955043242248,30.));
#434 = CARTESIAN_POINT('',(10.969655114603,30.87867965644));
#435 = ( GEOMETRIC_REPRESENTATION_CONTEXT(2) 
PARAMETRIC_REPRESENTATION_CONTEXT() REPRESENTATION_CONTEXT('2D SPACE',''
  ) );
#436 = PCURVE('',#437,#442);
#437 = PLANE('',#438);
#438 = AXIS2_PLACEMENT_3D('',#439,#440,#441);
#439 = CARTESIAN_POINT('',(-85.91347391416,-32.,-107.2921535706));
#440 = DIRECTION('',(-0.707106781187,0.,0.707106781187));
#441 = DIRECTION('',(0.707106781187,0.,0.707106781187));
#442 = DEFINITIONAL_REPRESENTATION('',(#443),#446);
#443 = B_SPLINE_CURVE_WITH_KNOTS('',1,(#444,#445),.UNSPECIFIED.,.F.,.F.,
  (2,2),(81.335154731871,82.677360077622),.PIECEWISE_BEZIER_KNOTS.);
#444 = CARTESIAN_POINT('',(163.92640687119,43.022478378876));
#445 = CARTESIAN_POINT('',(165.16904755831,42.515172442699));
#446 = ( GEOMETRIC_REPRESENTATION_CONTEXT(2) 
PARAMETRIC_REPRESENTATION_CONTEXT() REPRESENTATION_CONTEXT('2D SPACE',''
  ) );
#447 = ORIENTED_EDGE('',*,*,#448,.F.);
#448 = EDGE_CURVE('',#449,#423,#451,.T.);
#449 = VERTEX_POINT('',#450);
#450 = CARTESIAN_POINT('',(29.12132034356,10.515172442699,9.5));
#451 = SURFACE_CURVE('',#452,(#456,#462),.PCURVE_S1.);
#452 = LINE('',#453,#454);
#453 = CARTESIAN_POINT('',(-28.05605417636,-22.49620012793,
    66.677374519927));
#454 = VECTOR('',#455,1.);
#455 = DIRECTION('',(0.654653670708,0.377964473009,-0.654653670708));
#456 = PCURVE('',#32,#457);
#457 = DEFINITIONAL_REPRESENTATION('',(#458),#461);
#458 = B_SPLINE_CURVE_WITH_KNOTS('',1,(#459,#460),.UNSPECIFIED.,.F.,.F.,
  (2,2),(87.339882258802,88.682087604554),.PIECEWISE_BEZIER_KNOTS.);
#459 = CARTESIAN_POINT('',(10.969655114603,29.12132034356));
#460 = CARTESIAN_POINT('',(9.955043242248,30.));
#461 = ( GEOMETRIC_REPRESENTATION_CONTEXT(2) 
PARAMETRIC_REPRESENTATION_CONTEXT() REPRESENTATION_CONTEXT('2D SPACE',''
  ) );
#462 = PCURVE('',#463,#468);
#463 = PLANE('',#464);
#464 = AXIS2_PLACEMENT_3D('',#465,#466,#467);
#465 = CARTESIAN_POINT('',(-83.7921535706,-32.,122.41347391416));
#466 = DIRECTION('',(0.707106781187,0.,0.707106781187));
#467 = DIRECTION('',(0.707106781187,0.,-0.707106781187));
#468 = DEFINITIONAL_REPRESENTATION('',(#469),#472);
#469 = B_SPLINE_CURVE_WITH_KNOTS('',1,(#470,#471),.UNSPECIFIED.,.F.,.F.,
  (2,2),(87.339882258802,88.682087604554),.PIECEWISE_BEZIER_KNOTS.);
#470 = CARTESIAN_POINT('',(159.68376618407,42.515172442699));
#471 = CARTESIAN_POINT('',(160.92640687119,43.022478378876));
#472 = ( GEOMETRIC_REPRESENTATION_CONTEXT(2) 
PARAMETRIC_REPRESENTATION_CONTEXT() REPRESENTATION_CONTEXT('2D SPACE',''
  ) );
#473 = ORIENTED_EDGE('',*,*,#474,.F.);
#474 = EDGE_CURVE('',#475,#449,#477,.T.);
#475 = VERTEX_POINT('',#476);
#476 = CARTESIAN_POINT('',(24.87867965644,10.515172442699,9.5));
#477 = SURFACE_CURVE('',#478,(#482,#488),.PCURVE_S1.);
#478 = LINE('',#479,#480);
#479 = CARTESIAN_POINT('',(-19.,10.515172442699,9.5));
#480 = VECTOR('',#481,1.);
#481 = DIRECTION('',(1.,0.,-0.));
#482 = PCURVE('',#32,#483);
#483 = DEFINITIONAL_REPRESENTATION('',(#484),#487);
#484 = B_SPLINE_CURVE_WITH_KNOTS('',1,(#485,#486),.UNSPECIFIED.,.F.,.F.,
  (2,2),(43.87867965644,48.12132034356),.PIECEWISE_BEZIER_KNOTS.);
#485 = CARTESIAN_POINT('',(10.969655114603,24.87867965644));
#486 = CARTESIAN_POINT('',(10.969655114603,29.12132034356));
#487 = ( GEOMETRIC_REPRESENTATION_CONTEXT(2) 
PARAMETRIC_REPRESENTATION_CONTEXT() REPRESENTATION_CONTEXT('2D SPACE',''
  ) );
#488 = PCURVE('',#489,#494);
#489 = PLANE('',#490);
#490 = AXIS2_PLACEMENT_3D('',#491,#492,#493);
#491 = CARTESIAN_POINT('',(-38.,-32.,9.5));
#492 = DIRECTION('',(0.,0.,1.));
#493 = DIRECTION('',(1.,0.,0.));
#494 = DEFINITIONAL_REPRESENTATION('',(#495),#498);
#495 = B_SPLINE_CURVE_WITH_KNOTS('',1,(#496,#497),.UNSPECIFIED.,.F.,.F.,
  (2,2),(43.87867965644,48.12132034356),.PIECEWISE_BEZIER_KNOTS.);
#496 = CARTESIAN_POINT('',(62.87867965644,42.515172442699));
#497 = CARTESIAN_POINT('',(67.12132034356,42.515172442699));
#498 = ( GEOMETRIC_REPRESENTATION_CONTEXT(2) 
PARAMETRIC_REPRESENTATION_CONTEXT() REPRESENTATION_CONTEXT('2D SPACE',''
  ) );
#499 = ORIENTED_EDGE('',*,*,#500,.T.);
#500 = EDGE_CURVE('',#475,#501,#503,.T.);
#501 = VERTEX_POINT('',#502);
#502 = CARTESIAN_POINT('',(27.87867965644,12.247223250267,6.5));
#503 = SURFACE_CURVE('',#504,(#508,#514),.PCURVE_S1.);
#504 = LINE('',#505,#506);
#505 = CARTESIAN_POINT('',(-30.48042028329,-21.4464188096,
    64.859099939733));
#506 = VECTOR('',#507,1.);
#507 = DIRECTION('',(0.654653670708,0.377964473009,-0.654653670708));
#508 = PCURVE('',#32,#509);
#509 = DEFINITIONAL_REPRESENTATION('',(#510),#513);
#510 = B_SPLINE_CURVE_WITH_KNOTS('',1,(#511,#512),.UNSPECIFIED.,.F.,.F.,
  (2,2),(84.562421959484,89.14499765444),.PIECEWISE_BEZIER_KNOTS.);
#511 = CARTESIAN_POINT('',(10.969655114603,24.87867965644));
#512 = CARTESIAN_POINT('',(7.505553499465,27.87867965644));
#513 = ( GEOMETRIC_REPRESENTATION_CONTEXT(2) 
PARAMETRIC_REPRESENTATION_CONTEXT() REPRESENTATION_CONTEXT('2D SPACE',''
  ) );
#514 = PCURVE('',#515,#520);
#515 = PLANE('',#516);
#516 = AXIS2_PLACEMENT_3D('',#517,#518,#519);
#517 = CARTESIAN_POINT('',(-85.91347391416,-32.,120.2921535706));
#518 = DIRECTION('',(0.707106781187,0.,0.707106781187));
#519 = DIRECTION('',(0.707106781187,0.,-0.707106781187));
#520 = DEFINITIONAL_REPRESENTATION('',(#521),#524);
#521 = B_SPLINE_CURVE_WITH_KNOTS('',1,(#522,#523),.UNSPECIFIED.,.F.,.F.,
  (2,2),(84.562421959484,89.14499765444),.PIECEWISE_BEZIER_KNOTS.);
#522 = CARTESIAN_POINT('',(156.68376618407,42.515172442699));
#523 = CARTESIAN_POINT('',(160.92640687119,44.247223250267));
#524 = ( GEOMETRIC_REPRESENTATION_CONTEXT(2) 
PARAMETRIC_REPRESENTATION_CONTEXT() REPRESENTATION_CONTEXT('2D SPACE',''
  ) );
#525 = ORIENTED_EDGE('',*,*,#526,.F.);
#526 = EDGE_CURVE('',#527,#501,#529,.T.);
#527 = VERTEX_POINT('',#528);
#528 = CARTESIAN_POINT('',(24.,14.486579994014,2.62132034356));
#529 = SURFACE_CURVE('',#530,(#534,#540),.PCURVE_S1.);
#530 = LINE('',#531,#532);
#531 = CARTESIAN_POINT('',(-23.24635760282,41.764277274231,
    -44.62503725926));
#532 = VECTOR('',#533,1.);
#533 = DIRECTION('',(0.654653670708,-0.377964473009,0.654653670708));
#534 = PCURVE('',#32,#535);
#535 = DEFINITIONAL_REPRESENTATION('',(#536),#539);
#536 = B_SPLINE_CURVE_WITH_KNOTS('',1,(#537,#538),.UNSPECIFIED.,.F.,.F.,
  (2,2),(72.170003341959,78.094784382667),.PIECEWISE_BEZIER_KNOTS.);
#537 = CARTESIAN_POINT('',(3.026840011973,24.));
#538 = CARTESIAN_POINT('',(7.505553499465,27.87867965644));
#539 = ( GEOMETRIC_REPRESENTATION_CONTEXT(2) 
PARAMETRIC_REPRESENTATION_CONTEXT() REPRESENTATION_CONTEXT('2D SPACE',''
  ) );
#540 = PCURVE('',#541,#546);
#541 = PLANE('',#542);
#542 = AXIS2_PLACEMENT_3D('',#543,#544,#545);
#543 = CARTESIAN_POINT('',(-85.91347391416,-32.,-107.2921535706));
#544 = DIRECTION('',(-0.707106781187,0.,0.707106781187));
#545 = DIRECTION('',(0.707106781187,0.,0.707106781187));
#546 = DEFINITIONAL_REPRESENTATION('',(#547),#550);
#547 = B_SPLINE_CURVE_WITH_KNOTS('',1,(#548,#549),.UNSPECIFIED.,.F.,.F.,
  (2,2),(72.170003341959,78.094784382667),.PIECEWISE_BEZIER_KNOTS.);
#548 = CARTESIAN_POINT('',(155.44112549695,46.486579994014));
#549 = CARTESIAN_POINT('',(160.92640687119,44.247223250267));
#550 = ( GEOMETRIC_REPRESENTATION_CONTEXT(2) 
PARAMETRIC_REPRESENTATION_CONTEXT() REPRESENTATION_CONTEXT('2D SPACE',''
  ) );
#551 = ORIENTED_EDGE('',*,*,#552,.F.);
#552 = EDGE_CURVE('',#553,#527,#555,.T.);
#553 = VERTEX_POINT('',#554);
#554 = CARTESIAN_POINT('',(20.12132034356,12.247223250267,6.5));
#555 = SURFACE_CURVE('',#556,(#560,#566),.PCURVE_S1.);
#556 = LINE('',#557,#558);
#557 = CARTESIAN_POINT('',(-32.34176846208,-18.04235519418,
    58.963088805641));
#558 = VECTOR('',#559,1.);
#559 = DIRECTION('',(0.654653670708,0.377964473009,-0.654653670708));
#560 = PCURVE('',#32,#561);
#561 = DEFINITIONAL_REPRESENTATION('',(#562),#565);
#562 = B_SPLINE_CURVE_WITH_KNOTS('',1,(#563,#564),.UNSPECIFIED.,.F.,.F.,
  (2,2),(80.138691881014,86.063472921722),.PIECEWISE_BEZIER_KNOTS.);
#563 = CARTESIAN_POINT('',(7.505553499465,20.12132034356));
#564 = CARTESIAN_POINT('',(3.026840011973,24.));
#565 = ( GEOMETRIC_REPRESENTATION_CONTEXT(2) 
PARAMETRIC_REPRESENTATION_CONTEXT() REPRESENTATION_CONTEXT('2D SPACE',''
  ) );
#566 = PCURVE('',#567,#572);
#567 = PLANE('',#568);
#568 = AXIS2_PLACEMENT_3D('',#569,#570,#571);
#569 = CARTESIAN_POINT('',(-83.7921535706,-32.,110.41347391416));
#570 = DIRECTION('',(0.707106781187,0.,0.707106781187));
#571 = DIRECTION('',(0.707106781187,0.,-0.707106781187));
#572 = DEFINITIONAL_REPRESENTATION('',(#573),#576);
#573 = B_SPLINE_CURVE_WITH_KNOTS('',1,(#574,#575),.UNSPECIFIED.,.F.,.F.,
  (2,2),(80.138691881014,86.063472921722),.PIECEWISE_BEZIER_KNOTS.);
#574 = CARTESIAN_POINT('',(146.95584412271,44.247223250267));
#575 = CARTESIAN_POINT('',(152.44112549695,46.486579994014));
#576 = ( GEOMETRIC_REPRESENTATION_CONTEXT(2) 
PARAMETRIC_REPRESENTATION_CONTEXT() REPRESENTATION_CONTEXT('2D SPACE',''
  ) );
#577 = ORIENTED_EDGE('',*,*,#578,.T.);
#578 = EDGE_CURVE('',#553,#579,#581,.T.);
#579 = VERTEX_POINT('',#580);
#580 = CARTESIAN_POINT('',(23.12132034356,10.515172442699,9.5));
#581 = SURFACE_CURVE('',#582,(#586,#592),.PCURVE_S1.);
#582 = LINE('',#583,#584);
#583 = CARTESIAN_POINT('',(-25.1077057816,38.360213658818,
    -38.72902612516));
#584 = VECTOR('',#585,1.);
#585 = DIRECTION('',(0.654653670708,-0.377964473009,0.654653670708));
#586 = PCURVE('',#32,#587);
#587 = DEFINITIONAL_REPRESENTATION('',(#588),#591);
#588 = B_SPLINE_CURVE_WITH_KNOTS('',1,(#589,#590),.UNSPECIFIED.,.F.,.F.,
  (2,2),(69.088478609241,73.671054304197),.PIECEWISE_BEZIER_KNOTS.);
#589 = CARTESIAN_POINT('',(7.505553499465,20.12132034356));
#590 = CARTESIAN_POINT('',(10.969655114603,23.12132034356));
#591 = ( GEOMETRIC_REPRESENTATION_CONTEXT(2) 
PARAMETRIC_REPRESENTATION_CONTEXT() REPRESENTATION_CONTEXT('2D SPACE',''
  ) );
#592 = PCURVE('',#593,#598);
#593 = PLANE('',#594);
#594 = AXIS2_PLACEMENT_3D('',#595,#596,#597);
#595 = CARTESIAN_POINT('',(-83.7921535706,-32.,-97.41347391416));
#596 = DIRECTION('',(-0.707106781187,0.,0.707106781187));
#597 = DIRECTION('',(0.707106781187,0.,0.707106781187));
#598 = DEFINITIONAL_REPRESENTATION('',(#599),#602);
#599 = B_SPLINE_CURVE_WITH_KNOTS('',1,(#600,#601),.UNSPECIFIED.,.F.,.F.,
  (2,2),(69.088478609241,73.671054304197),.PIECEWISE_BEZIER_KNOTS.);
#600 = CARTESIAN_POINT('',(146.95584412271,44.247223250267));
#601 = CARTESIAN_POINT('',(151.19848480983,42.515172442699));
#602 = ( GEOMETRIC_REPRESENTATION_CONTEXT(2) 
PARAMETRIC_REPRESENTATION_CONTEXT() REPRESENTATION_CONTEXT('2D SPACE',''
  ) );
#603 = ORIENTED_EDGE('',*,*,#604,.F.);
#604 = EDGE_CURVE('',#605,#579,#607,.T.);
#605 = VERTEX_POINT('',#606);
#606 = CARTESIAN_POINT('',(18.87867965644,10.515172442699,9.5));
#607 = SURFACE_CURVE('',#608,(#612,#618),.PCURVE_S1.);
#608 = LINE('',#609,#610);
#609 = CARTESIAN_POINT('',(-19.,10.515172442699,9.5));
#610 = VECTOR('',#611,1.);
#611 = DIRECTION('',(1.,0.,-0.));
#612 = PCURVE('',#32,#613);
#613 = DEFINITIONAL_REPRESENTATION('',(#614),#617);
#614 = B_SPLINE_CURVE_WITH_KNOTS('',1,(#615,#616),.UNSPECIFIED.,.F.,.F.,
  (2,2),(37.87867965644,42.12132034356),.PIECEWISE_BEZIER_KNOTS.);
#615 = CARTESIAN_POINT('',(10.969655114603,18.87867965644));
#616 = CARTESIAN_POINT('',(10.969655114603,23.12132034356));
#617 = ( GEOMETRIC_REPRESENTATION_CONTEXT(2) 
PARAMETRIC_REPRESENTATION_CONTEXT() REPRESENTATION_CONTEXT('2D SPACE',''
  ) );
#618 = PCURVE('',#619,#624);
#619 = PLANE('',#620);
#620 = AXIS2_PLACEMENT_3D('',#621,#622,#623);
#621 = CARTESIAN_POINT('',(-38.,-32.,9.5));
#622 = DIRECTION('',(0.,0.,1.));
#623 = DIRECTION('',(1.,0.,0.));
#624 = DEFINITIONAL_REPRESENTATION('',(#625),#628);
#625 = B_SPLINE_CURVE_WITH_KNOTS('',1,(#626,#627),.UNSPECIFIED.,.F.,.F.,
  (2,2),(37.87867965644,42.12132034356),.PIECEWISE_BEZIER_KNOTS.);
#626 = CARTESIAN_POINT('',(56.87867965644,42.515172442699));
#627 = CARTESIAN_POINT('',(61.12132034356,42.515172442699));
#628 = ( GEOMETRIC_REPRESENTATION_CONTEXT(2) 
PARAMETRIC_REPRESENTATION_CONTEXT() REPRESENTATION_CONTEXT('2D SPACE',''
  ) );
#629 = ORIENTED_EDGE('',*,*,#630,.F.);
#630 = EDGE_CURVE('',#631,#605,#633,.T.);
#631 = VERTEX_POINT('',#632);
#632 = CARTESIAN_POINT('',(18.,11.022478378876,8.62132034356));
#633 = SURFACE_CURVE('',#634,(#638,#644),.PCURVE_S1.);
#634 = LINE('',#635,#636);
#635 = CARTESIAN_POINT('',(-27.53207188853,37.310432340483,
    -36.91075154497));
#636 = VECTOR('',#637,1.);
#637 = DIRECTION('',(0.654653670708,-0.377964473009,0.654653670708));
#638 = PCURVE('',#32,#639);
#639 = DEFINITIONAL_REPRESENTATION('',(#640),#643);
#640 = B_SPLINE_CURVE_WITH_KNOTS('',1,(#641,#642),.UNSPECIFIED.,.F.,.F.,
  (2,2),(69.551388659127,70.893594004879),.PIECEWISE_BEZIER_KNOTS.);
#641 = CARTESIAN_POINT('',(9.955043242248,18.));
#642 = CARTESIAN_POINT('',(10.969655114603,18.87867965644));
#643 = ( GEOMETRIC_REPRESENTATION_CONTEXT(2) 
PARAMETRIC_REPRESENTATION_CONTEXT() REPRESENTATION_CONTEXT('2D SPACE',''
  ) );
#644 = PCURVE('',#645,#650);
#645 = PLANE('',#646);
#646 = AXIS2_PLACEMENT_3D('',#647,#648,#649);
#647 = CARTESIAN_POINT('',(-85.91347391416,-32.,-95.2921535706));
#648 = DIRECTION('',(-0.707106781187,0.,0.707106781187));
#649 = DIRECTION('',(0.707106781187,0.,0.707106781187));
#650 = DEFINITIONAL_REPRESENTATION('',(#651),#654);
#651 = B_SPLINE_CURVE_WITH_KNOTS('',1,(#652,#653),.UNSPECIFIED.,.F.,.F.,
  (2,2),(69.551388659127,70.893594004879),.PIECEWISE_BEZIER_KNOTS.);
#652 = CARTESIAN_POINT('',(146.95584412271,43.022478378876));
#653 = CARTESIAN_POINT('',(148.19848480983,42.515172442699));
#654 = ( GEOMETRIC_REPRESENTATION_CONTEXT(2) 
PARAMETRIC_REPRESENTATION_CONTEXT() REPRESENTATION_CONTEXT('2D SPACE',''
  ) );
#655 = ORIENTED_EDGE('',*,*,#656,.F.);
#656 = EDGE_CURVE('',#657,#631,#659,.T.);
#657 = VERTEX_POINT('',#658);
#658 = CARTESIAN_POINT('',(17.12132034356,10.515172442699,9.5));
#659 = SURFACE_CURVE('',#660,(#664,#670),.PCURVE_S1.);
#660 = LINE('',#661,#662);
#661 = CARTESIAN_POINT('',(-32.34176846208,-18.04235519418,
    58.963088805641));
#662 = VECTOR('',#663,1.);
#663 = DIRECTION('',(0.654653670708,0.377964473009,-0.654653670708));
#664 = PCURVE('',#32,#665);
#665 = DEFINITIONAL_REPRESENTATION('',(#666),#669);
#666 = B_SPLINE_CURVE_WITH_KNOTS('',1,(#667,#668),.UNSPECIFIED.,.F.,.F.,
  (2,2),(75.556116186058,76.89832153181),.PIECEWISE_BEZIER_KNOTS.);
#667 = CARTESIAN_POINT('',(10.969655114603,17.12132034356));
#668 = CARTESIAN_POINT('',(9.955043242248,18.));
#669 = ( GEOMETRIC_REPRESENTATION_CONTEXT(2) 
PARAMETRIC_REPRESENTATION_CONTEXT() REPRESENTATION_CONTEXT('2D SPACE',''
  ) );
#670 = PCURVE('',#671,#676);
#671 = PLANE('',#672);
#672 = AXIS2_PLACEMENT_3D('',#673,#674,#675);
#673 = CARTESIAN_POINT('',(-83.7921535706,-32.,110.41347391416));
#674 = DIRECTION('',(0.707106781187,0.,0.707106781187));
#675 = DIRECTION('',(0.707106781187,0.,-0.707106781187));
#676 = DEFINITIONAL_REPRESENTATION('',(#677),#680);
#677 = B_SPLINE_CURVE_WITH_KNOTS('',1,(#678,#679),.UNSPECIFIED.,.F.,.F.,
  (2,2),(75.556116186058,76.89832153181),.PIECEWISE_BEZIER_KNOTS.);
#678 = CARTESIAN_POINT('',(142.71320343559,42.515172442699));
#679 = CARTESIAN_POINT('',(143.95584412271,43.022478378876));
#680 = ( GEOMETRIC_REPRESENTATION_CONTEXT(2) 
PARAMETRIC_REPRESENTATION_CONTEXT() REPRESENTATION_CONTEXT('2D SPACE',''
  ) );
#681 = ORIENTED_EDGE('',*,*,#682,.F.);
#682 = EDGE_CURVE('',#683,#657,#685,.T.);
#683 = VERTEX_POINT('',#684);
#684 = CARTESIAN_POINT('',(12.87867965644,10.515172442699,9.5));
#685 = SURFACE_CURVE('',#686,(#690,#696),.PCURVE_S1.);
#686 = LINE('',#687,#688);
#687 = CARTESIAN_POINT('',(-19.,10.515172442699,9.5));
#688 = VECTOR('',#689,1.);
#689 = DIRECTION('',(1.,0.,-0.));
#690 = PCURVE('',#32,#691);
#691 = DEFINITIONAL_REPRESENTATION('',(#692),#695);
#692 = B_SPLINE_CURVE_WITH_KNOTS('',1,(#693,#694),.UNSPECIFIED.,.F.,.F.,
  (2,2),(31.87867965644,36.12132034356),.PIECEWISE_BEZIER_KNOTS.);
#693 = CARTESIAN_POINT('',(10.969655114603,12.87867965644));
#694 = CARTESIAN_POINT('',(10.969655114603,17.12132034356));
#695 = ( GEOMETRIC_REPRESENTATION_CONTEXT(2) 
PARAMETRIC_REPRESENTATION_CONTEXT() REPRESENTATION_CONTEXT('2D SPACE',''
  ) );
#696 = PCURVE('',#697,#702);
#697 = PLANE('',#698);
#698 = AXIS2_PLACEMENT_3D('',#699,#700,#701);
#699 = CARTESIAN_POINT('',(-38.,-32.,9.5));
#700 = DIRECTION('',(0.,0.,1.));
#701 = DIRECTION('',(1.,0.,0.));
#702 = DEFINITIONAL_REPRESENTATION('',(#703),#706);
#703 = B_SPLINE_CURVE_WITH_KNOTS('',1,(#704,#705),.UNSPECIFIED.,.F.,.F.,
  (2,2),(31.87867965644,36.12132034356),.PIECEWISE_BEZIER_KNOTS.);
#704 = CARTESIAN_POINT('',(50.87867965644,42.515172442699));
#705 = CARTESIAN_POINT('',(55.12132034356,42.515172442699));
#706 = ( GEOMETRIC_REPRESENTATION_CONTEXT(2) 
PARAMETRIC_REPRESENTATION_CONTEXT() REPRESENTATION_CONTEXT('2D SPACE',''
  ) );
#707 = ORIENTED_EDGE('',*,*,#708,.T.);
#708 = EDGE_CURVE('',#683,#709,#711,.T.);
#709 = VERTEX_POINT('',#710);
#710 = CARTESIAN_POINT('',(15.87867965644,12.247223250267,6.5));
#711 = SURFACE_CURVE('',#712,(#716,#722),.PCURVE_S1.);
#712 = LINE('',#713,#714);
#713 = CARTESIAN_POINT('',(-34.766134569,-16.99257387585,57.144814225447
    ));
#714 = VECTOR('',#715,1.);
#715 = DIRECTION('',(0.654653670708,0.377964473009,-0.654653670708));
#716 = PCURVE('',#32,#717);
#717 = DEFINITIONAL_REPRESENTATION('',(#718),#721);
#718 = B_SPLINE_CURVE_WITH_KNOTS('',1,(#719,#720),.UNSPECIFIED.,.F.,.F.,
  (2,2),(72.77865588674,77.361231581696),.PIECEWISE_BEZIER_KNOTS.);
#719 = CARTESIAN_POINT('',(10.969655114603,12.87867965644));
#720 = CARTESIAN_POINT('',(7.505553499465,15.87867965644));
#721 = ( GEOMETRIC_REPRESENTATION_CONTEXT(2) 
PARAMETRIC_REPRESENTATION_CONTEXT() REPRESENTATION_CONTEXT('2D SPACE',''
  ) );
#722 = PCURVE('',#723,#728);
#723 = PLANE('',#724);
#724 = AXIS2_PLACEMENT_3D('',#725,#726,#727);
#725 = CARTESIAN_POINT('',(-85.91347391416,-32.,108.2921535706));
#726 = DIRECTION('',(0.707106781187,0.,0.707106781187));
#727 = DIRECTION('',(0.707106781187,0.,-0.707106781187));
#728 = DEFINITIONAL_REPRESENTATION('',(#729),#732);
#729 = B_SPLINE_CURVE_WITH_KNOTS('',1,(#730,#731),.UNSPECIFIED.,.F.,.F.,
  (2,2),(72.77865588674,77.361231581696),.PIECEWISE_BEZIER_KNOTS.);
#730 = CARTESIAN_POINT('',(139.71320343559,42.515172442699));
#731 = CARTESIAN_POINT('',(143.95584412271,44.247223250267));
#732 = ( GEOMETRIC_REPRESENTATION_CONTEXT(2) 
PARAMETRIC_REPRESENTATION_CONTEXT() REPRESENTATION_CONTEXT('2D SPACE',''
  ) );
#733 = ORIENTED_EDGE('',*,*,#734,.F.);
#734 = EDGE_CURVE('',#735,#709,#737,.T.);
#735 = VERTEX_POINT('',#736);
#736 = CARTESIAN_POINT('',(12.,14.486579994014,2.62132034356));
#737 = SURFACE_CURVE('',#738,(#742,#748),.PCURVE_S1.);
#738 = LINE('',#739,#740);
#739 = CARTESIAN_POINT('',(-27.53207188853,37.310432340483,
    -36.91075154497));
#740 = VECTOR('',#741,1.);
#741 = DIRECTION('',(0.654653670708,-0.377964473009,0.654653670708));
#742 = PCURVE('',#32,#743);
#743 = DEFINITIONAL_REPRESENTATION('',(#744),#747);
#744 = B_SPLINE_CURVE_WITH_KNOTS('',1,(#745,#746),.UNSPECIFIED.,.F.,.F.,
  (2,2),(60.386237269215,66.311018309923),.PIECEWISE_BEZIER_KNOTS.);
#745 = CARTESIAN_POINT('',(3.026840011973,12.));
#746 = CARTESIAN_POINT('',(7.505553499465,15.87867965644));
#747 = ( GEOMETRIC_REPRESENTATION_CONTEXT(2) 
PARAMETRIC_REPRESENTATION_CONTEXT() REPRESENTATION_CONTEXT('2D SPACE',''
  ) );
#748 = PCURVE('',#749,#754);
#749 = PLANE('',#750);
#750 = AXIS2_PLACEMENT_3D('',#751,#752,#753);
#751 = CARTESIAN_POINT('',(-85.91347391416,-32.,-95.2921535706));
#752 = DIRECTION('',(-0.707106781187,0.,0.707106781187));
#753 = DIRECTION('',(0.707106781187,0.,0.707106781187));
#754 = DEFINITIONAL_REPRESENTATION('',(#755),#758);
#755 = B_SPLINE_CURVE_WITH_KNOTS('',1,(#756,#757),.UNSPECIFIED.,.F.,.F.,
  (2,2),(60.386237269215,66.311018309923),.PIECEWISE_BEZIER_KNOTS.);
#756 = CARTESIAN_POINT('',(138.47056274847,46.486579994014));
#757 = CARTESIAN_POINT('',(143.95584412271,44.247223250267));
#758 = ( GEOMETRIC_REPRESENTATION_CONTEXT(2) 
PARAMETRIC_REPRESENTATION_CONTEXT() REPRESENTATION_CONTEXT('2D SPACE',''
  ) );
#759 = ORIENTED_EDGE('',*,*,#760,.F.);
#760 = EDGE_CURVE('',#761,#735,#763,.T.);
#761 = VERTEX_POINT('',#762);
#762 = CARTESIAN_POINT('',(8.12132034356,12.247223250267,6.5));
#763 = SURFACE_CURVE('',#764,(#768,#774),.PCURVE_S1.);
#764 = LINE('',#765,#766);
#765 = CARTESIAN_POINT('',(-36.62748274779,-13.58851026044,
    51.248803091356));
#766 = VECTOR('',#767,1.);
#767 = DIRECTION('',(0.654653670708,0.377964473009,-0.654653670708));
#768 = PCURVE('',#32,#769);
#769 = DEFINITIONAL_REPRESENTATION('',(#770),#773);
#770 = B_SPLINE_CURVE_WITH_KNOTS('',1,(#771,#772),.UNSPECIFIED.,.F.,.F.,
  (2,2),(68.35492580827,74.279706848978),.PIECEWISE_BEZIER_KNOTS.);
#771 = CARTESIAN_POINT('',(7.505553499465,8.12132034356));
#772 = CARTESIAN_POINT('',(3.026840011973,12.));
#773 = ( GEOMETRIC_REPRESENTATION_CONTEXT(2) 
PARAMETRIC_REPRESENTATION_CONTEXT() REPRESENTATION_CONTEXT('2D SPACE',''
  ) );
#774 = PCURVE('',#775,#780);
#775 = PLANE('',#776);
#776 = AXIS2_PLACEMENT_3D('',#777,#778,#779);
#777 = CARTESIAN_POINT('',(-83.7921535706,-32.,98.413473914166));
#778 = DIRECTION('',(0.707106781187,0.,0.707106781187));
#779 = DIRECTION('',(0.707106781187,0.,-0.707106781187));
#780 = DEFINITIONAL_REPRESENTATION('',(#781),#784);
#781 = B_SPLINE_CURVE_WITH_KNOTS('',1,(#782,#783),.UNSPECIFIED.,.F.,.F.,
  (2,2),(68.35492580827,74.279706848978),.PIECEWISE_BEZIER_KNOTS.);
#782 = CARTESIAN_POINT('',(129.98528137423,44.247223250267));
#783 = CARTESIAN_POINT('',(135.47056274847,46.486579994014));
#784 = ( GEOMETRIC_REPRESENTATION_CONTEXT(2) 
PARAMETRIC_REPRESENTATION_CONTEXT() REPRESENTATION_CONTEXT('2D SPACE',''
  ) );
#785 = ORIENTED_EDGE('',*,*,#786,.T.);
#786 = EDGE_CURVE('',#761,#787,#789,.T.);
#787 = VERTEX_POINT('',#788);
#788 = CARTESIAN_POINT('',(11.12132034356,10.515172442699,9.5));
#789 = SURFACE_CURVE('',#790,(#794,#800),.PCURVE_S1.);
#790 = LINE('',#791,#792);
#791 = CARTESIAN_POINT('',(-29.39342006732,33.90636872507,
    -31.01474041088));
#792 = VECTOR('',#793,1.);
#793 = DIRECTION('',(0.654653670708,-0.377964473009,0.654653670708));
#794 = PCURVE('',#32,#795);
#795 = DEFINITIONAL_REPRESENTATION('',(#796),#799);
#796 = B_SPLINE_CURVE_WITH_KNOTS('',1,(#797,#798),.UNSPECIFIED.,.F.,.F.,
  (2,2),(57.304712536497,61.887288231453),.PIECEWISE_BEZIER_KNOTS.);
#797 = CARTESIAN_POINT('',(7.505553499465,8.12132034356));
#798 = CARTESIAN_POINT('',(10.969655114603,11.12132034356));
#799 = ( GEOMETRIC_REPRESENTATION_CONTEXT(2) 
PARAMETRIC_REPRESENTATION_CONTEXT() REPRESENTATION_CONTEXT('2D SPACE',''
  ) );
#800 = PCURVE('',#801,#806);
#801 = PLANE('',#802);
#802 = AXIS2_PLACEMENT_3D('',#803,#804,#805);
#803 = CARTESIAN_POINT('',(-83.7921535706,-32.,-85.41347391416));
#804 = DIRECTION('',(-0.707106781187,0.,0.707106781187));
#805 = DIRECTION('',(0.707106781187,0.,0.707106781187));
#806 = DEFINITIONAL_REPRESENTATION('',(#807),#810);
#807 = B_SPLINE_CURVE_WITH_KNOTS('',1,(#808,#809),.UNSPECIFIED.,.F.,.F.,
  (2,2),(57.304712536497,61.887288231453),.PIECEWISE_BEZIER_KNOTS.);
#808 = CARTESIAN_POINT('',(129.98528137423,44.247223250267));
#809 = CARTESIAN_POINT('',(134.22792206135,42.515172442699));
#810 = ( GEOMETRIC_REPRESENTATION_CONTEXT(2) 
PARAMETRIC_REPRESENTATION_CONTEXT() REPRESENTATION_CONTEXT('2D SPACE',''
  ) );
#811 = ORIENTED_EDGE('',*,*,#812,.F.);
#812 = EDGE_CURVE('',#813,#787,#815,.T.);
#813 = VERTEX_POINT('',#814);
#814 = CARTESIAN_POINT('',(6.87867965644,10.515172442699,9.5));
#815 = SURFACE_CURVE('',#816,(#820,#826),.PCURVE_S1.);
#816 = LINE('',#817,#818);
#817 = CARTESIAN_POINT('',(-19.,10.515172442699,9.5));
#818 = VECTOR('',#819,1.);
#819 = DIRECTION('',(1.,0.,-0.));
#820 = PCURVE('',#32,#821);
#821 = DEFINITIONAL_REPRESENTATION('',(#822),#825);
#822 = B_SPLINE_CURVE_WITH_KNOTS('',1,(#823,#824),.UNSPECIFIED.,.F.,.F.,
  (2,2),(25.87867965644,30.12132034356),.PIECEWISE_BEZIER_KNOTS.);
#823 = CARTESIAN_POINT('',(10.969655114603,6.87867965644));
#824 = CARTESIAN_POINT('',(10.969655114603,11.12132034356));
#825 = ( GEOMETRIC_REPRESENTATION_CONTEXT(2) 
PARAMETRIC_REPRESENTATION_CONTEXT() REPRESENTATION_CONTEXT('2D SPACE',''
  ) );
#826 = PCURVE('',#827,#832);
#827 = PLANE('',#828);
#828 = AXIS2_PLACEMENT_3D('',#829,#830,#831);
#829 = CARTESIAN_POINT('',(-38.,-32.,9.5));
#830 = DIRECTION('',(0.,0.,1.));
#831 = DIRECTION('',(1.,0.,0.));
#832 = DEFINITIONAL_REPRESENTATION('',(#833),#836);
#833 = B_SPLINE_CURVE_WITH_KNOTS('',1,(#834,#835),.UNSPECIFIED.,.F.,.F.,
  (2,2),(25.87867965644,30.12132034356),.PIECEWISE_BEZIER_KNOTS.);
#834 = CARTESIAN_POINT('',(44.87867965644,42.515172442699));
#835 = CARTESIAN_POINT('',(49.12132034356,42.515172442699));
#836 = ( GEOMETRIC_REPRESENTATION_CONTEXT(2) 
PARAMETRIC_REPRESENTATION_CONTEXT() REPRESENTATION_CONTEXT('2D SPACE',''
  ) );
#837 = ORIENTED_EDGE('',*,*,#838,.F.);
#838 = EDGE_CURVE('',#839,#813,#841,.T.);
#839 = VERTEX_POINT('',#840);
#840 = CARTESIAN_POINT('',(6.,11.022478378876,8.62132034356));
#841 = SURFACE_CURVE('',#842,(#846,#852),.PCURVE_S1.);
#842 = LINE('',#843,#844);
#843 = CARTESIAN_POINT('',(-31.81778617424,32.856587406734,
    -29.19646583068));
#844 = VECTOR('',#845,1.);
#845 = DIRECTION('',(0.654653670708,-0.377964473009,0.654653670708));
#846 = PCURVE('',#32,#847);
#847 = DEFINITIONAL_REPRESENTATION('',(#848),#851);
#848 = B_SPLINE_CURVE_WITH_KNOTS('',1,(#849,#850),.UNSPECIFIED.,.F.,.F.,
  (2,2),(57.767622586383,59.109827932135),.PIECEWISE_BEZIER_KNOTS.);
#849 = CARTESIAN_POINT('',(9.955043242248,6.));
#850 = CARTESIAN_POINT('',(10.969655114603,6.87867965644));
#851 = ( GEOMETRIC_REPRESENTATION_CONTEXT(2) 
PARAMETRIC_REPRESENTATION_CONTEXT() REPRESENTATION_CONTEXT('2D SPACE',''
  ) );
#852 = PCURVE('',#853,#858);
#853 = PLANE('',#854);
#854 = AXIS2_PLACEMENT_3D('',#855,#856,#857);
#855 = CARTESIAN_POINT('',(-85.91347391416,-32.,-83.2921535706));
#856 = DIRECTION('',(-0.707106781187,0.,0.707106781187));
#857 = DIRECTION('',(0.707106781187,0.,0.707106781187));
#858 = DEFINITIONAL_REPRESENTATION('',(#859),#862);
#859 = B_SPLINE_CURVE_WITH_KNOTS('',1,(#860,#861),.UNSPECIFIED.,.F.,.F.,
  (2,2),(57.767622586383,59.109827932135),.PIECEWISE_BEZIER_KNOTS.);
#860 = CARTESIAN_POINT('',(129.98528137423,43.022478378876));
#861 = CARTESIAN_POINT('',(131.22792206135,42.515172442699));
#862 = ( GEOMETRIC_REPRESENTATION_CONTEXT(2) 
PARAMETRIC_REPRESENTATION_CONTEXT() REPRESENTATION_CONTEXT('2D SPACE',''
  ) );
#863 = ORIENTED_EDGE('',*,*,#864,.F.);
#864 = EDGE_CURVE('',#865,#839,#867,.T.);
#865 = VERTEX_POINT('',#866);
#866 = CARTESIAN_POINT('',(5.12132034356,10.515172442699,9.5));
#867 = SURFACE_CURVE('',#868,(#872,#878),.PCURVE_S1.);
#868 = LINE('',#869,#870);
#869 = CARTESIAN_POINT('',(-36.62748274779,-13.58851026044,
    51.248803091356));
#870 = VECTOR('',#871,1.);
#871 = DIRECTION('',(0.654653670708,0.377964473009,-0.654653670708));
#872 = PCURVE('',#32,#873);
#873 = DEFINITIONAL_REPRESENTATION('',(#874),#877);
#874 = B_SPLINE_CURVE_WITH_KNOTS('',1,(#875,#876),.UNSPECIFIED.,.F.,.F.,
  (2,2),(63.772350113314,65.114555459066),.PIECEWISE_BEZIER_KNOTS.);
#875 = CARTESIAN_POINT('',(10.969655114603,5.12132034356));
#876 = CARTESIAN_POINT('',(9.955043242248,6.));
#877 = ( GEOMETRIC_REPRESENTATION_CONTEXT(2) 
PARAMETRIC_REPRESENTATION_CONTEXT() REPRESENTATION_CONTEXT('2D SPACE',''
  ) );
#878 = PCURVE('',#879,#884);
#879 = PLANE('',#880);
#880 = AXIS2_PLACEMENT_3D('',#881,#882,#883);
#881 = CARTESIAN_POINT('',(-83.7921535706,-32.,98.413473914166));
#882 = DIRECTION('',(0.707106781187,0.,0.707106781187));
#883 = DIRECTION('',(0.707106781187,0.,-0.707106781187));
#884 = DEFINITIONAL_REPRESENTATION('',(#885),#888);
#885 = B_SPLINE_CURVE_WITH_KNOTS('',1,(#886,#887),.UNSPECIFIED.,.F.,.F.,
  (2,2),(63.772350113314,65.114555459066),.PIECEWISE_BEZIER_KNOTS.);
#886 = CARTESIAN_POINT('',(125.74264068711,42.515172442699));
#887 = CARTESIAN_POINT('',(126.98528137423,43.022478378876));
#888 = ( GEOMETRIC_REPRESENTATION_CONTEXT(2) 
PARAMETRIC_REPRESENTATION_CONTEXT() REPRESENTATION_CONTEXT('2D SPACE',''
  ) );
#889 = ORIENTED_EDGE('',*,*,#890,.F.);
#890 = EDGE_CURVE('',#891,#865,#893,.T.);
#891 = VERTEX_POINT('',#892);
#892 = CARTESIAN_POINT('',(0.87867965644,10.515172442699,9.5));
#893 = SURFACE_CURVE('',#894,(#898,#904),.PCURVE_S1.);
#894 = LINE('',#895,#896);
#895 = CARTESIAN_POINT('',(-19.,10.515172442699,9.5));
#896 = VECTOR('',#897,1.);
#897 = DIRECTION('',(1.,0.,-0.));
#898 = PCURVE('',#32,#899);
#899 = DEFINITIONAL_REPRESENTATION('',(#900),#903);
#900 = B_SPLINE_CURVE_WITH_KNOTS('',1,(#901,#902),.UNSPECIFIED.,.F.,.F.,
  (2,2),(19.87867965644,24.12132034356),.PIECEWISE_BEZIER_KNOTS.);
#901 = CARTESIAN_POINT('',(10.969655114603,0.87867965644));
#902 = CARTESIAN_POINT('',(10.969655114603,5.12132034356));
#903 = ( GEOMETRIC_REPRESENTATION_CONTEXT(2) 
PARAMETRIC_REPRESENTATION_CONTEXT() REPRESENTATION_CONTEXT('2D SPACE',''
  ) );
#904 = PCURVE('',#905,#910);
#905 = PLANE('',#906);
#906 = AXIS2_PLACEMENT_3D('',#907,#908,#909);
#907 = CARTESIAN_POINT('',(-38.,-32.,9.5));
#908 = DIRECTION('',(0.,0.,1.));
#909 = DIRECTION('',(1.,0.,0.));
#910 = DEFINITIONAL_REPRESENTATION('',(#911),#914);
#911 = B_SPLINE_CURVE_WITH_KNOTS('',1,(#912,#913),.UNSPECIFIED.,.F.,.F.,
  (2,2),(19.87867965644,24.12132034356),.PIECEWISE_BEZIER_KNOTS.);
#912 = CARTESIAN_POINT('',(38.87867965644,42.515172442699));
#913 = CARTESIAN_POINT('',(43.12132034356,42.515172442699));
#914 = ( GEOMETRIC_REPRESENTATION_CONTEXT(2) 
PARAMETRIC_REPRESENTATION_CONTEXT() REPRESENTATION_CONTEXT('2D SPACE',''
  ) );
#915 = ORIENTED_EDGE('',*,*,#916,.T.);
#916 = EDGE_CURVE('',#891,#917,#919,.T.);
#917 = VERTEX_POINT('',#918);
#918 = CARTESIAN_POINT('',(3.87867965644,12.247223250267,6.5));
#919 = SURFACE_CURVE('',#920,(#924,#930),.PCURVE_S1.);
#920 = LINE('',#921,#922);
#921 = CARTESIAN_POINT('',(-39.05184885472,-12.5387289421,
    49.430528511162));
#922 = VECTOR('',#923,1.);
#923 = DIRECTION('',(0.654653670708,0.377964473009,-0.654653670708));
#924 = PCURVE('',#32,#925);
#925 = DEFINITIONAL_REPRESENTATION('',(#926),#929);
#926 = B_SPLINE_CURVE_WITH_KNOTS('',1,(#927,#928),.UNSPECIFIED.,.F.,.F.,
  (2,2),(60.994889813997,65.577465508953),.PIECEWISE_BEZIER_KNOTS.);
#927 = CARTESIAN_POINT('',(10.969655114603,0.87867965644));
#928 = CARTESIAN_POINT('',(7.505553499465,3.87867965644));
#929 = ( GEOMETRIC_REPRESENTATION_CONTEXT(2) 
PARAMETRIC_REPRESENTATION_CONTEXT() REPRESENTATION_CONTEXT('2D SPACE',''
  ) );
#930 = PCURVE('',#931,#936);
#931 = PLANE('',#932);
#932 = AXIS2_PLACEMENT_3D('',#933,#934,#935);
#933 = CARTESIAN_POINT('',(-85.91347391416,-32.,96.292153570606));
#934 = DIRECTION('',(0.707106781187,0.,0.707106781187));
#935 = DIRECTION('',(0.707106781187,0.,-0.707106781187));
#936 = DEFINITIONAL_REPRESENTATION('',(#937),#940);
#937 = B_SPLINE_CURVE_WITH_KNOTS('',1,(#938,#939),.UNSPECIFIED.,.F.,.F.,
  (2,2),(60.994889813997,65.577465508953),.PIECEWISE_BEZIER_KNOTS.);
#938 = CARTESIAN_POINT('',(122.74264068711,42.515172442699));
#939 = CARTESIAN_POINT('',(126.98528137423,44.247223250267));
#940 = ( GEOMETRIC_REPRESENTATION_CONTEXT(2) 
PARAMETRIC_REPRESENTATION_CONTEXT() REPRESENTATION_CONTEXT('2D SPACE',''
  ) );
#941 = ORIENTED_EDGE('',*,*,#942,.F.);
#942 = EDGE_CURVE('',#943,#917,#945,.T.);
#943 = VERTEX_POINT('',#944);
#944 = CARTESIAN_POINT('',(3.552713678801E-15,14.486579994014,
    2.62132034356));
#945 = SURFACE_CURVE('',#946,(#950,#956),.PCURVE_S1.);
#946 = LINE('',#947,#948);
#947 = CARTESIAN_POINT('',(-31.81778617424,32.856587406734,
    -29.19646583068));
#948 = VECTOR('',#949,1.);
#949 = DIRECTION('',(0.654653670708,-0.377964473009,0.654653670708));
#950 = PCURVE('',#32,#951);
#951 = DEFINITIONAL_REPRESENTATION('',(#952),#955);
#952 = B_SPLINE_CURVE_WITH_KNOTS('',1,(#953,#954),.UNSPECIFIED.,.F.,.F.,
  (2,2),(48.602471196472,54.527252237179),.PIECEWISE_BEZIER_KNOTS.);
#953 = CARTESIAN_POINT('',(3.026840011973,2.699452258355E-16));
#954 = CARTESIAN_POINT('',(7.505553499465,3.87867965644));
#955 = ( GEOMETRIC_REPRESENTATION_CONTEXT(2) 
PARAMETRIC_REPRESENTATION_CONTEXT() REPRESENTATION_CONTEXT('2D SPACE',''
  ) );
#956 = PCURVE('',#957,#962);
#957 = PLANE('',#958);
#958 = AXIS2_PLACEMENT_3D('',#959,#960,#961);
#959 = CARTESIAN_POINT('',(-85.91347391416,-32.,-83.2921535706));
#960 = DIRECTION('',(-0.707106781187,0.,0.707106781187));
#961 = DIRECTION('',(0.707106781187,0.,0.707106781187));
#962 = DEFINITIONAL_REPRESENTATION('',(#963),#966);
#963 = B_SPLINE_CURVE_WITH_KNOTS('',1,(#964,#965),.UNSPECIFIED.,.F.,.F.,
  (2,2),(48.602471196472,54.527252237179),.PIECEWISE_BEZIER_KNOTS.);
#964 = CARTESIAN_POINT('',(121.5,46.486579994014));
#965 = CARTESIAN_POINT('',(126.98528137423,44.247223250267));
#966 = ( GEOMETRIC_REPRESENTATION_CONTEXT(2) 
PARAMETRIC_REPRESENTATION_CONTEXT() REPRESENTATION_CONTEXT('2D SPACE',''
  ) );
#967 = ORIENTED_EDGE('',*,*,#968,.F.);
#968 = EDGE_CURVE('',#969,#943,#971,.T.);
#969 = VERTEX_POINT('',#970);
#970 = CARTESIAN_POINT('',(-3.87867965644,12.247223250267,6.5));
#971 = SURFACE_CURVE('',#972,(#976,#982),.PCURVE_S1.);
#972 = LINE('',#973,#974);
#973 = CARTESIAN_POINT('',(-40.91319703351,-9.134665326692,
    43.53451737707));
#974 = VECTOR('',#975,1.);
#975 = DIRECTION('',(0.654653670708,0.377964473009,-0.654653670708));
#976 = PCURVE('',#32,#977);
#977 = DEFINITIONAL_REPRESENTATION('',(#978),#981);
#978 = B_SPLINE_CURVE_WITH_KNOTS('',1,(#979,#980),.UNSPECIFIED.,.F.,.F.,
  (2,2),(56.571159735527,62.495940776234),.PIECEWISE_BEZIER_KNOTS.);
#979 = CARTESIAN_POINT('',(7.505553499465,-3.87867965644));
#980 = CARTESIAN_POINT('',(3.026840011973,4.498597862746E-15));
#981 = ( GEOMETRIC_REPRESENTATION_CONTEXT(2) 
PARAMETRIC_REPRESENTATION_CONTEXT() REPRESENTATION_CONTEXT('2D SPACE',''
  ) );
#982 = PCURVE('',#983,#988);
#983 = PLANE('',#984);
#984 = AXIS2_PLACEMENT_3D('',#985,#986,#987);
#985 = CARTESIAN_POINT('',(-83.7921535706,-32.,86.413473914166));
#986 = DIRECTION('',(0.707106781187,0.,0.707106781187));
#987 = DIRECTION('',(0.707106781187,0.,-0.707106781187));
#988 = DEFINITIONAL_REPRESENTATION('',(#989),#992);
#989 = B_SPLINE_CURVE_WITH_KNOTS('',1,(#990,#991),.UNSPECIFIED.,.F.,.F.,
  (2,2),(56.571159735527,62.495940776234),.PIECEWISE_BEZIER_KNOTS.);
#990 = CARTESIAN_POINT('',(113.01471862576,44.247223250267));
#991 = CARTESIAN_POINT('',(118.5,46.486579994014));
#992 = ( GEOMETRIC_REPRESENTATION_CONTEXT(2) 
PARAMETRIC_REPRESENTATION_CONTEXT() REPRESENTATION_CONTEXT('2D SPACE',''
  ) );
#993 = ORIENTED_EDGE('',*,*,#994,.T.);
#994 = EDGE_CURVE('',#969,#995,#997,.T.);
#995 = VERTEX_POINT('',#996);
#996 = CARTESIAN_POINT('',(-0.87867965644,10.515172442699,9.5));
#997 = SURFACE_CURVE('',#998,(#1002,#1008),.PCURVE_S1.);
#998 = LINE('',#999,#1000);
#999 = CARTESIAN_POINT('',(-33.67913435303,29.452523791321,
    -23.30045469659));
#1000 = VECTOR('',#1001,1.);
#1001 = DIRECTION('',(0.654653670708,-0.377964473009,0.654653670708));
#1002 = PCURVE('',#32,#1003);
#1003 = DEFINITIONAL_REPRESENTATION('',(#1004),#1007);
#1004 = B_SPLINE_CURVE_WITH_KNOTS('',1,(#1005,#1006),.UNSPECIFIED.,.F.,
  .F.,(2,2),(45.520946463754,50.103522158709),.PIECEWISE_BEZIER_KNOTS.);
#1005 = CARTESIAN_POINT('',(7.505553499465,-3.87867965644));
#1006 = CARTESIAN_POINT('',(10.969655114603,-0.87867965644));
#1007 = ( GEOMETRIC_REPRESENTATION_CONTEXT(2) 
PARAMETRIC_REPRESENTATION_CONTEXT() REPRESENTATION_CONTEXT('2D SPACE',''
  ) );
#1008 = PCURVE('',#1009,#1014);
#1009 = PLANE('',#1010);
#1010 = AXIS2_PLACEMENT_3D('',#1011,#1012,#1013);
#1011 = CARTESIAN_POINT('',(-83.7921535706,-32.,-73.41347391416));
#1012 = DIRECTION('',(-0.707106781187,0.,0.707106781187));
#1013 = DIRECTION('',(0.707106781187,0.,0.707106781187));
#1014 = DEFINITIONAL_REPRESENTATION('',(#1015),#1018);
#1015 = B_SPLINE_CURVE_WITH_KNOTS('',1,(#1016,#1017),.UNSPECIFIED.,.F.,
  .F.,(2,2),(45.520946463754,50.103522158709),.PIECEWISE_BEZIER_KNOTS.);
#1016 = CARTESIAN_POINT('',(113.01471862576,44.247223250267));
#1017 = CARTESIAN_POINT('',(117.25735931288,42.515172442699));
#1018 = ( GEOMETRIC_REPRESENTATION_CONTEXT(2) 
PARAMETRIC_REPRESENTATION_CONTEXT() REPRESENTATION_CONTEXT('2D SPACE',''
  ) );
#1019 = ORIENTED_EDGE('',*,*,#1020,.F.);
#1020 = EDGE_CURVE('',#1021,#995,#1023,.T.);
#1021 = VERTEX_POINT('',#1022);
#1022 = CARTESIAN_POINT('',(-5.12132034356,10.515172442699,9.5));
#1023 = SURFACE_CURVE('',#1024,(#1028,#1034),.PCURVE_S1.);
#1024 = LINE('',#1025,#1026);
#1025 = CARTESIAN_POINT('',(-19.,10.515172442699,9.5));
#1026 = VECTOR('',#1027,1.);
#1027 = DIRECTION('',(1.,0.,-0.));
#1028 = PCURVE('',#32,#1029);
#1029 = DEFINITIONAL_REPRESENTATION('',(#1030),#1033);
#1030 = B_SPLINE_CURVE_WITH_KNOTS('',1,(#1031,#1032),.UNSPECIFIED.,.F.,
  .F.,(2,2),(13.87867965644,18.12132034356),.PIECEWISE_BEZIER_KNOTS.);
#1031 = CARTESIAN_POINT('',(10.969655114603,-5.12132034356));
#1032 = CARTESIAN_POINT('',(10.969655114603,-0.87867965644));
#1033 = ( GEOMETRIC_REPRESENTATION_CONTEXT(2) 
PARAMETRIC_REPRESENTATION_CONTEXT() REPRESENTATION_CONTEXT('2D SPACE',''
  ) );
#1034 = PCURVE('',#1035,#1040);
#1035 = PLANE('',#1036);
#1036 = AXIS2_PLACEMENT_3D('',#1037,#1038,#1039);
#1037 = CARTESIAN_POINT('',(-38.,-32.,9.5));
#1038 = DIRECTION('',(0.,0.,1.));
#1039 = DIRECTION('',(1.,0.,0.));
#1040 = DEFINITIONAL_REPRESENTATION('',(#1041),#1044);
#1041 = B_SPLINE_CURVE_WITH_KNOTS('',1,(#1042,#1043),.UNSPECIFIED.,.F.,
  .F.,(2,2),(13.87867965644,18.12132034356),.PIECEWISE_BEZIER_KNOTS.);
#1042 = CARTESIAN_POINT('',(32.87867965644,42.515172442699));
#1043 = CARTESIAN_POINT('',(37.12132034356,42.515172442699));
#1044 = ( GEOMETRIC_REPRESENTATION_CONTEXT(2) 
PARAMETRIC_REPRESENTATION_CONTEXT() REPRESENTATION_CONTEXT('2D SPACE',''
  ) );
#1045 = ORIENTED_EDGE('',*,*,#1046,.F.);
#1046 = EDGE_CURVE('',#1047,#1021,#1049,.T.);
#1047 = VERTEX_POINT('',#1048);
#1048 = CARTESIAN_POINT('',(-6.,11.022478378876,8.62132034356));
#1049 = SURFACE_CURVE('',#1050,(#1054,#1060),.PCURVE_S1.);
#1050 = LINE('',#1051,#1052);
#1051 = CARTESIAN_POINT('',(-36.10350045996,28.402742472986,
    -21.4821801164));
#1052 = VECTOR('',#1053,1.);
#1053 = DIRECTION('',(0.654653670708,-0.377964473009,0.654653670708));
#1054 = PCURVE('',#32,#1055);
#1055 = DEFINITIONAL_REPRESENTATION('',(#1056),#1059);
#1056 = B_SPLINE_CURVE_WITH_KNOTS('',1,(#1057,#1058),.UNSPECIFIED.,.F.,
  .F.,(2,2),(45.98385651364,47.326061859392),.PIECEWISE_BEZIER_KNOTS.);
#1057 = CARTESIAN_POINT('',(9.955043242248,-6.));
#1058 = CARTESIAN_POINT('',(10.969655114603,-5.12132034356));
#1059 = ( GEOMETRIC_REPRESENTATION_CONTEXT(2) 
PARAMETRIC_REPRESENTATION_CONTEXT() REPRESENTATION_CONTEXT('2D SPACE',''
  ) );
#1060 = PCURVE('',#1061,#1066);
#1061 = PLANE('',#1062);
#1062 = AXIS2_PLACEMENT_3D('',#1063,#1064,#1065);
#1063 = CARTESIAN_POINT('',(-85.91347391416,-32.,-71.2921535706));
#1064 = DIRECTION('',(-0.707106781187,0.,0.707106781187));
#1065 = DIRECTION('',(0.707106781187,0.,0.707106781187));
#1066 = DEFINITIONAL_REPRESENTATION('',(#1067),#1070);
#1067 = B_SPLINE_CURVE_WITH_KNOTS('',1,(#1068,#1069),.UNSPECIFIED.,.F.,
  .F.,(2,2),(45.98385651364,47.326061859392),.PIECEWISE_BEZIER_KNOTS.);
#1068 = CARTESIAN_POINT('',(113.01471862576,43.022478378876));
#1069 = CARTESIAN_POINT('',(114.25735931288,42.515172442699));
#1070 = ( GEOMETRIC_REPRESENTATION_CONTEXT(2) 
PARAMETRIC_REPRESENTATION_CONTEXT() REPRESENTATION_CONTEXT('2D SPACE',''
  ) );
#1071 = ORIENTED_EDGE('',*,*,#1072,.F.);
#1072 = EDGE_CURVE('',#1073,#1047,#1075,.T.);
#1073 = VERTEX_POINT('',#1074);
#1074 = CARTESIAN_POINT('',(-6.87867965644,10.515172442699,9.5));
#1075 = SURFACE_CURVE('',#1076,(#1080,#1086),.PCURVE_S1.);
#1076 = LINE('',#1077,#1078);
#1077 = CARTESIAN_POINT('',(-40.91319703351,-9.134665326692,
    43.53451737707));
#1078 = VECTOR('',#1079,1.);
#1079 = DIRECTION('',(0.654653670708,0.377964473009,-0.654653670708));
#1080 = PCURVE('',#32,#1081);
#1081 = DEFINITIONAL_REPRESENTATION('',(#1082),#1085);
#1082 = B_SPLINE_CURVE_WITH_KNOTS('',1,(#1083,#1084),.UNSPECIFIED.,.F.,
  .F.,(2,2),(51.988584040571,53.330789386323),.PIECEWISE_BEZIER_KNOTS.);
#1083 = CARTESIAN_POINT('',(10.969655114603,-6.87867965644));
#1084 = CARTESIAN_POINT('',(9.955043242248,-6.));
#1085 = ( GEOMETRIC_REPRESENTATION_CONTEXT(2) 
PARAMETRIC_REPRESENTATION_CONTEXT() REPRESENTATION_CONTEXT('2D SPACE',''
  ) );
#1086 = PCURVE('',#1087,#1092);
#1087 = PLANE('',#1088);
#1088 = AXIS2_PLACEMENT_3D('',#1089,#1090,#1091);
#1089 = CARTESIAN_POINT('',(-83.7921535706,-32.,86.413473914166));
#1090 = DIRECTION('',(0.707106781187,0.,0.707106781187));
#1091 = DIRECTION('',(0.707106781187,0.,-0.707106781187));
#1092 = DEFINITIONAL_REPRESENTATION('',(#1093),#1096);
#1093 = B_SPLINE_CURVE_WITH_KNOTS('',1,(#1094,#1095),.UNSPECIFIED.,.F.,
  .F.,(2,2),(51.988584040571,53.330789386323),.PIECEWISE_BEZIER_KNOTS.);
#1094 = CARTESIAN_POINT('',(108.77207793864,42.515172442699));
#1095 = CARTESIAN_POINT('',(110.01471862576,43.022478378876));
#1096 = ( GEOMETRIC_REPRESENTATION_CONTEXT(2) 
PARAMETRIC_REPRESENTATION_CONTEXT() REPRESENTATION_CONTEXT('2D SPACE',''
  ) );
#1097 = ORIENTED_EDGE('',*,*,#1098,.F.);
#1098 = EDGE_CURVE('',#1099,#1073,#1101,.T.);
#1099 = VERTEX_POINT('',#1100);
#1100 = CARTESIAN_POINT('',(-11.12132034356,10.515172442699,9.5));
#1101 = SURFACE_CURVE('',#1102,(#1106,#1112),.PCURVE_S1.);
#1102 = LINE('',#1103,#1104);
#1103 = CARTESIAN_POINT('',(-19.,10.515172442699,9.5));
#1104 = VECTOR('',#1105,1.);
#1105 = DIRECTION('',(1.,0.,-0.));
#1106 = PCURVE('',#32,#1107);
#1107 = DEFINITIONAL_REPRESENTATION('',(#1108),#1111);
#1108 = B_SPLINE_CURVE_WITH_KNOTS('',1,(#1109,#1110),.UNSPECIFIED.,.F.,
  .F.,(2,2),(7.87867965644,12.12132034356),.PIECEWISE_BEZIER_KNOTS.);
#1109 = CARTESIAN_POINT('',(10.969655114603,-11.12132034356));
#1110 = CARTESIAN_POINT('',(10.969655114603,-6.87867965644));
#1111 = ( GEOMETRIC_REPRESENTATION_CONTEXT(2) 
PARAMETRIC_REPRESENTATION_CONTEXT() REPRESENTATION_CONTEXT('2D SPACE',''
  ) );
#1112 = PCURVE('',#1113,#1118);
#1113 = PLANE('',#1114);
#1114 = AXIS2_PLACEMENT_3D('',#1115,#1116,#1117);
#1115 = CARTESIAN_POINT('',(-38.,-32.,9.5));
#1116 = DIRECTION('',(0.,0.,1.));
#1117 = DIRECTION('',(1.,0.,0.));
#1118 = DEFINITIONAL_REPRESENTATION('',(#1119),#1122);
#1119 = B_SPLINE_CURVE_WITH_KNOTS('',1,(#1120,#1121),.UNSPECIFIED.,.F.,
  .F.,(2,2),(7.87867965644,12.12132034356),.PIECEWISE_BEZIER_KNOTS.);
#1120 = CARTESIAN_POINT('',(26.87867965644,42.515172442699));
#1121 = CARTESIAN_POINT('',(31.12132034356,42.515172442699));
#1122 = ( GEOMETRIC_REPRESENTATION_CONTEXT(2) 
PARAMETRIC_REPRESENTATION_CONTEXT() REPRESENTATION_CONTEXT('2D SPACE',''
  ) );
#1123 = ORIENTED_EDGE('',*,*,#1124,.T.);
#1124 = EDGE_CURVE('',#1099,#1125,#1127,.T.);
#1125 = VERTEX_POINT('',#1126);
#1126 = CARTESIAN_POINT('',(-8.12132034356,12.247223250267,6.5));
#1127 = SURFACE_CURVE('',#1128,(#1132,#1138),.PCURVE_S1.);
#1128 = LINE('',#1129,#1130);
#1129 = CARTESIAN_POINT('',(-43.33756314043,-8.084884008356,
    41.716242796876));
#1130 = VECTOR('',#1131,1.);
#1131 = DIRECTION('',(0.654653670708,0.377964473009,-0.654653670708));
#1132 = PCURVE('',#32,#1133);
#1133 = DEFINITIONAL_REPRESENTATION('',(#1134),#1137);
#1134 = B_SPLINE_CURVE_WITH_KNOTS('',1,(#1135,#1136),.UNSPECIFIED.,.F.,
  .F.,(2,2),(49.211123741253,53.793699436209),.PIECEWISE_BEZIER_KNOTS.);
#1135 = CARTESIAN_POINT('',(10.969655114603,-11.12132034356));
#1136 = CARTESIAN_POINT('',(7.505553499465,-8.12132034356));
#1137 = ( GEOMETRIC_REPRESENTATION_CONTEXT(2) 
PARAMETRIC_REPRESENTATION_CONTEXT() REPRESENTATION_CONTEXT('2D SPACE',''
  ) );
#1138 = PCURVE('',#1139,#1144);
#1139 = PLANE('',#1140);
#1140 = AXIS2_PLACEMENT_3D('',#1141,#1142,#1143);
#1141 = CARTESIAN_POINT('',(-85.91347391416,-32.,84.292153570606));
#1142 = DIRECTION('',(0.707106781187,0.,0.707106781187));
#1143 = DIRECTION('',(0.707106781187,0.,-0.707106781187));
#1144 = DEFINITIONAL_REPRESENTATION('',(#1145),#1148);
#1145 = B_SPLINE_CURVE_WITH_KNOTS('',1,(#1146,#1147),.UNSPECIFIED.,.F.,
  .F.,(2,2),(49.211123741253,53.793699436209),.PIECEWISE_BEZIER_KNOTS.);
#1146 = CARTESIAN_POINT('',(105.77207793864,42.515172442699));
#1147 = CARTESIAN_POINT('',(110.01471862576,44.247223250267));
#1148 = ( GEOMETRIC_REPRESENTATION_CONTEXT(2) 
PARAMETRIC_REPRESENTATION_CONTEXT() REPRESENTATION_CONTEXT('2D SPACE',''
  ) );
#1149 = ORIENTED_EDGE('',*,*,#1150,.F.);
#1150 = EDGE_CURVE('',#1151,#1125,#1153,.T.);
#1151 = VERTEX_POINT('',#1152);
#1152 = CARTESIAN_POINT('',(-12.,14.486579994014,2.62132034356));
#1153 = SURFACE_CURVE('',#1154,(#1158,#1164),.PCURVE_S1.);
#1154 = LINE('',#1155,#1156);
#1155 = CARTESIAN_POINT('',(-36.10350045996,28.402742472986,
    -21.4821801164));
#1156 = VECTOR('',#1157,1.);
#1157 = DIRECTION('',(0.654653670708,-0.377964473009,0.654653670708));
#1158 = PCURVE('',#32,#1159);
#1159 = DEFINITIONAL_REPRESENTATION('',(#1160),#1163);
#1160 = B_SPLINE_CURVE_WITH_KNOTS('',1,(#1161,#1162),.UNSPECIFIED.,.F.,
  .F.,(2,2),(36.818705123728,42.743486164436),.PIECEWISE_BEZIER_KNOTS.);
#1161 = CARTESIAN_POINT('',(3.026840011973,-12.));
#1162 = CARTESIAN_POINT('',(7.505553499465,-8.12132034356));
#1163 = ( GEOMETRIC_REPRESENTATION_CONTEXT(2) 
PARAMETRIC_REPRESENTATION_CONTEXT() REPRESENTATION_CONTEXT('2D SPACE',''
  ) );
#1164 = PCURVE('',#1165,#1170);
#1165 = PLANE('',#1166);
#1166 = AXIS2_PLACEMENT_3D('',#1167,#1168,#1169);
#1167 = CARTESIAN_POINT('',(-85.91347391416,-32.,-71.2921535706));
#1168 = DIRECTION('',(-0.707106781187,0.,0.707106781187));
#1169 = DIRECTION('',(0.707106781187,0.,0.707106781187));
#1170 = DEFINITIONAL_REPRESENTATION('',(#1171),#1174);
#1171 = B_SPLINE_CURVE_WITH_KNOTS('',1,(#1172,#1173),.UNSPECIFIED.,.F.,
  .F.,(2,2),(36.818705123728,42.743486164436),.PIECEWISE_BEZIER_KNOTS.);
#1172 = CARTESIAN_POINT('',(104.52943725152,46.486579994014));
#1173 = CARTESIAN_POINT('',(110.01471862576,44.247223250267));
#1174 = ( GEOMETRIC_REPRESENTATION_CONTEXT(2) 
PARAMETRIC_REPRESENTATION_CONTEXT() REPRESENTATION_CONTEXT('2D SPACE',''
  ) );
#1175 = ORIENTED_EDGE('',*,*,#1176,.F.);
#1176 = EDGE_CURVE('',#1177,#1151,#1179,.T.);
#1177 = VERTEX_POINT('',#1178);
#1178 = CARTESIAN_POINT('',(-15.87867965644,12.247223250267,6.5));
#1179 = SURFACE_CURVE('',#1180,(#1184,#1190),.PCURVE_S1.);
#1180 = LINE('',#1181,#1182);
#1181 = CARTESIAN_POINT('',(-45.19891131922,-4.680820392943,
    35.820231662784));
#1182 = VECTOR('',#1183,1.);
#1183 = DIRECTION('',(0.654653670708,0.377964473009,-0.654653670708));
#1184 = PCURVE('',#32,#1185);
#1185 = DEFINITIONAL_REPRESENTATION('',(#1186),#1189);
#1186 = B_SPLINE_CURVE_WITH_KNOTS('',1,(#1187,#1188),.UNSPECIFIED.,.F.,
  .F.,(2,2),(44.787393662783,50.712174703491),.PIECEWISE_BEZIER_KNOTS.);
#1187 = CARTESIAN_POINT('',(7.505553499465,-15.87867965644));
#1188 = CARTESIAN_POINT('',(3.026840011973,-12.));
#1189 = ( GEOMETRIC_REPRESENTATION_CONTEXT(2) 
PARAMETRIC_REPRESENTATION_CONTEXT() REPRESENTATION_CONTEXT('2D SPACE',''
  ) );
#1190 = PCURVE('',#1191,#1196);
#1191 = PLANE('',#1192);
#1192 = AXIS2_PLACEMENT_3D('',#1193,#1194,#1195);
#1193 = CARTESIAN_POINT('',(-83.7921535706,-32.,74.413473914166));
#1194 = DIRECTION('',(0.707106781187,0.,0.707106781187));
#1195 = DIRECTION('',(0.707106781187,0.,-0.707106781187));
#1196 = DEFINITIONAL_REPRESENTATION('',(#1197),#1200);
#1197 = B_SPLINE_CURVE_WITH_KNOTS('',1,(#1198,#1199),.UNSPECIFIED.,.F.,
  .F.,(2,2),(44.787393662783,50.712174703491),.PIECEWISE_BEZIER_KNOTS.);
#1198 = CARTESIAN_POINT('',(96.044155877284,44.247223250267));
#1199 = CARTESIAN_POINT('',(101.52943725152,46.486579994014));
#1200 = ( GEOMETRIC_REPRESENTATION_CONTEXT(2) 
PARAMETRIC_REPRESENTATION_CONTEXT() REPRESENTATION_CONTEXT('2D SPACE',''
  ) );
#1201 = ORIENTED_EDGE('',*,*,#1202,.T.);
#1202 = EDGE_CURVE('',#1177,#1203,#1205,.T.);
#1203 = VERTEX_POINT('',#1204);
#1204 = CARTESIAN_POINT('',(-12.87867965644,10.515172442699,9.5));
#1205 = SURFACE_CURVE('',#1206,(#1210,#1216),.PCURVE_S1.);
#1206 = LINE('',#1207,#1208);
#1207 = CARTESIAN_POINT('',(-37.96484863875,24.998678857573,
    -15.58616898231));
#1208 = VECTOR('',#1209,1.);
#1209 = DIRECTION('',(0.654653670708,-0.377964473009,0.654653670708));
#1210 = PCURVE('',#32,#1211);
#1211 = DEFINITIONAL_REPRESENTATION('',(#1212),#1215);
#1212 = B_SPLINE_CURVE_WITH_KNOTS('',1,(#1213,#1214),.UNSPECIFIED.,.F.,
  .F.,(2,2),(33.73718039101,38.319756085966),.PIECEWISE_BEZIER_KNOTS.);
#1213 = CARTESIAN_POINT('',(7.505553499465,-15.87867965644));
#1214 = CARTESIAN_POINT('',(10.969655114603,-12.87867965644));
#1215 = ( GEOMETRIC_REPRESENTATION_CONTEXT(2) 
PARAMETRIC_REPRESENTATION_CONTEXT() REPRESENTATION_CONTEXT('2D SPACE',''
  ) );
#1216 = PCURVE('',#1217,#1222);
#1217 = PLANE('',#1218);
#1218 = AXIS2_PLACEMENT_3D('',#1219,#1220,#1221);
#1219 = CARTESIAN_POINT('',(-83.7921535706,-32.,-61.41347391416));
#1220 = DIRECTION('',(-0.707106781187,0.,0.707106781187));
#1221 = DIRECTION('',(0.707106781187,0.,0.707106781187));
#1222 = DEFINITIONAL_REPRESENTATION('',(#1223),#1226);
#1223 = B_SPLINE_CURVE_WITH_KNOTS('',1,(#1224,#1225),.UNSPECIFIED.,.F.,
  .F.,(2,2),(33.73718039101,38.319756085966),.PIECEWISE_BEZIER_KNOTS.);
#1224 = CARTESIAN_POINT('',(96.044155877284,44.247223250267));
#1225 = CARTESIAN_POINT('',(100.2867965644,42.515172442699));
#1226 = ( GEOMETRIC_REPRESENTATION_CONTEXT(2) 
PARAMETRIC_REPRESENTATION_CONTEXT() REPRESENTATION_CONTEXT('2D SPACE',''
  ) );
#1227 = ORIENTED_EDGE('',*,*,#1228,.F.);
#1228 = EDGE_CURVE('',#1229,#1203,#1231,.T.);
#1229 = VERTEX_POINT('',#1230);
#1230 = CARTESIAN_POINT('',(-17.12132034356,10.515172442699,9.5));
#1231 = SURFACE_CURVE('',#1232,(#1236,#1242),.PCURVE_S1.);
#1232 = LINE('',#1233,#1234);
#1233 = CARTESIAN_POINT('',(-19.,10.515172442699,9.5));
#1234 = VECTOR('',#1235,1.);
#1235 = DIRECTION('',(1.,0.,-0.));
#1236 = PCURVE('',#32,#1237);
#1237 = DEFINITIONAL_REPRESENTATION('',(#1238),#1241);
#1238 = B_SPLINE_CURVE_WITH_KNOTS('',1,(#1239,#1240),.UNSPECIFIED.,.F.,
  .F.,(2,2),(1.87867965644,6.12132034356),.PIECEWISE_BEZIER_KNOTS.);
#1239 = CARTESIAN_POINT('',(10.969655114603,-17.12132034356));
#1240 = CARTESIAN_POINT('',(10.969655114603,-12.87867965644));
#1241 = ( GEOMETRIC_REPRESENTATION_CONTEXT(2) 
PARAMETRIC_REPRESENTATION_CONTEXT() REPRESENTATION_CONTEXT('2D SPACE',''
  ) );
#1242 = PCURVE('',#1243,#1248);
#1243 = PLANE('',#1244);
#1244 = AXIS2_PLACEMENT_3D('',#1245,#1246,#1247);
#1245 = CARTESIAN_POINT('',(-38.,-32.,9.5));
#1246 = DIRECTION('',(0.,0.,1.));
#1247 = DIRECTION('',(1.,0.,0.));
#1248 = DEFINITIONAL_REPRESENTATION('',(#1249),#1252);
#1249 = B_SPLINE_CURVE_WITH_KNOTS('',1,(#1250,#1251),.UNSPECIFIED.,.F.,
  .F.,(2,2),(1.87867965644,6.12132034356),.PIECEWISE_BEZIER_KNOTS.);
#1250 = CARTESIAN_POINT('',(20.87867965644,42.515172442699));
#1251 = CARTESIAN_POINT('',(25.12132034356,42.515172442699));
#1252 = ( GEOMETRIC_REPRESENTATION_CONTEXT(2) 
PARAMETRIC_REPRESENTATION_CONTEXT() REPRESENTATION_CONTEXT('2D SPACE',''
  ) );
#1253 = ORIENTED_EDGE('',*,*,#1254,.F.);
#1254 = EDGE_CURVE('',#1255,#1229,#1257,.T.);
#1255 = VERTEX_POINT('',#1256);
#1256 = CARTESIAN_POINT('',(-18.,11.022478378876,8.62132034356));
#1257 = SURFACE_CURVE('',#1258,(#1262,#1268),.PCURVE_S1.);
#1258 = LINE('',#1259,#1260);
#1259 = CARTESIAN_POINT('',(-40.38921474567,23.948897539237,
    -13.76789440211));
#1260 = VECTOR('',#1261,1.);
#1261 = DIRECTION('',(0.654653670708,-0.377964473009,0.654653670708));
#1262 = PCURVE('',#32,#1263);
#1263 = DEFINITIONAL_REPRESENTATION('',(#1264),#1267);
#1264 = B_SPLINE_CURVE_WITH_KNOTS('',1,(#1265,#1266),.UNSPECIFIED.,.F.,
  .F.,(2,2),(34.200090440896,35.542295786648),.PIECEWISE_BEZIER_KNOTS.);
#1265 = CARTESIAN_POINT('',(9.955043242248,-18.));
#1266 = CARTESIAN_POINT('',(10.969655114603,-17.12132034356));
#1267 = ( GEOMETRIC_REPRESENTATION_CONTEXT(2) 
PARAMETRIC_REPRESENTATION_CONTEXT() REPRESENTATION_CONTEXT('2D SPACE',''
  ) );
#1268 = PCURVE('',#1269,#1274);
#1269 = PLANE('',#1270);
#1270 = AXIS2_PLACEMENT_3D('',#1271,#1272,#1273);
#1271 = CARTESIAN_POINT('',(-85.91347391416,-32.,-59.2921535706));
#1272 = DIRECTION('',(-0.707106781187,0.,0.707106781187));
#1273 = DIRECTION('',(0.707106781187,0.,0.707106781187));
#1274 = DEFINITIONAL_REPRESENTATION('',(#1275),#1278);
#1275 = B_SPLINE_CURVE_WITH_KNOTS('',1,(#1276,#1277),.UNSPECIFIED.,.F.,
  .F.,(2,2),(34.200090440896,35.542295786648),.PIECEWISE_BEZIER_KNOTS.);
#1276 = CARTESIAN_POINT('',(96.044155877284,43.022478378876));
#1277 = CARTESIAN_POINT('',(97.286796564404,42.515172442699));
#1278 = ( GEOMETRIC_REPRESENTATION_CONTEXT(2) 
PARAMETRIC_REPRESENTATION_CONTEXT() REPRESENTATION_CONTEXT('2D SPACE',''
  ) );
#1279 = ORIENTED_EDGE('',*,*,#1280,.F.);
#1280 = EDGE_CURVE('',#1281,#1255,#1283,.T.);
#1281 = VERTEX_POINT('',#1282);
#1282 = CARTESIAN_POINT('',(-18.87867965644,10.515172442699,9.5));
#1283 = SURFACE_CURVE('',#1284,(#1288,#1294),.PCURVE_S1.);
#1284 = LINE('',#1285,#1286);
#1285 = CARTESIAN_POINT('',(-45.19891131922,-4.680820392943,
    35.820231662784));
#1286 = VECTOR('',#1287,1.);
#1287 = DIRECTION('',(0.654653670708,0.377964473009,-0.654653670708));
#1288 = PCURVE('',#32,#1289);
#1289 = DEFINITIONAL_REPRESENTATION('',(#1290),#1293);
#1290 = B_SPLINE_CURVE_WITH_KNOTS('',1,(#1291,#1292),.UNSPECIFIED.,.F.,
  .F.,(2,2),(40.204817967827,41.547023313579),.PIECEWISE_BEZIER_KNOTS.);
#1291 = CARTESIAN_POINT('',(10.969655114603,-18.87867965644));
#1292 = CARTESIAN_POINT('',(9.955043242248,-18.));
#1293 = ( GEOMETRIC_REPRESENTATION_CONTEXT(2) 
PARAMETRIC_REPRESENTATION_CONTEXT() REPRESENTATION_CONTEXT('2D SPACE',''
  ) );
#1294 = PCURVE('',#1295,#1300);
#1295 = PLANE('',#1296);
#1296 = AXIS2_PLACEMENT_3D('',#1297,#1298,#1299);
#1297 = CARTESIAN_POINT('',(-83.7921535706,-32.,74.413473914166));
#1298 = DIRECTION('',(0.707106781187,0.,0.707106781187));
#1299 = DIRECTION('',(0.707106781187,0.,-0.707106781187));
#1300 = DEFINITIONAL_REPRESENTATION('',(#1301),#1304);
#1301 = B_SPLINE_CURVE_WITH_KNOTS('',1,(#1302,#1303),.UNSPECIFIED.,.F.,
  .F.,(2,2),(40.204817967827,41.547023313579),.PIECEWISE_BEZIER_KNOTS.);
#1302 = CARTESIAN_POINT('',(91.801515190165,42.515172442699));
#1303 = CARTESIAN_POINT('',(93.044155877284,43.022478378876));
#1304 = ( GEOMETRIC_REPRESENTATION_CONTEXT(2) 
PARAMETRIC_REPRESENTATION_CONTEXT() REPRESENTATION_CONTEXT('2D SPACE',''
  ) );
#1305 = ORIENTED_EDGE('',*,*,#1306,.F.);
#1306 = EDGE_CURVE('',#1307,#1281,#1309,.T.);
#1307 = VERTEX_POINT('',#1308);
#1308 = CARTESIAN_POINT('',(-23.12132034356,10.515172442699,9.5));
#1309 = SURFACE_CURVE('',#1310,(#1314,#1320),.PCURVE_S1.);
#1310 = LINE('',#1311,#1312);
#1311 = CARTESIAN_POINT('',(-19.,10.515172442699,9.5));
#1312 = VECTOR('',#1313,1.);
#1313 = DIRECTION('',(1.,0.,-0.));
#1314 = PCURVE('',#32,#1315);
#1315 = DEFINITIONAL_REPRESENTATION('',(#1316),#1319);
#1316 = B_SPLINE_CURVE_WITH_KNOTS('',1,(#1317,#1318),.UNSPECIFIED.,.F.,
  .F.,(2,2),(-4.12132034356,0.12132034356),.PIECEWISE_BEZIER_KNOTS.);
#1317 = CARTESIAN_POINT('',(10.969655114603,-23.12132034356));
#1318 = CARTESIAN_POINT('',(10.969655114603,-18.87867965644));
#1319 = ( GEOMETRIC_REPRESENTATION_CONTEXT(2) 
PARAMETRIC_REPRESENTATION_CONTEXT() REPRESENTATION_CONTEXT('2D SPACE',''
  ) );
#1320 = PCURVE('',#1321,#1326);
#1321 = PLANE('',#1322);
#1322 = AXIS2_PLACEMENT_3D('',#1323,#1324,#1325);
#1323 = CARTESIAN_POINT('',(-38.,-32.,9.5));
#1324 = DIRECTION('',(0.,0.,1.));
#1325 = DIRECTION('',(1.,0.,0.));
#1326 = DEFINITIONAL_REPRESENTATION('',(#1327),#1330);
#1327 = B_SPLINE_CURVE_WITH_KNOTS('',1,(#1328,#1329),.UNSPECIFIED.,.F.,
  .F.,(2,2),(-4.12132034356,0.12132034356),.PIECEWISE_BEZIER_KNOTS.);
#1328 = CARTESIAN_POINT('',(14.87867965644,42.515172442699));
#1329 = CARTESIAN_POINT('',(19.12132034356,42.515172442699));
#1330 = ( GEOMETRIC_REPRESENTATION_CONTEXT(2) 
PARAMETRIC_REPRESENTATION_CONTEXT() REPRESENTATION_CONTEXT('2D SPACE',''
  ) );
#1331 = ORIENTED_EDGE('',*,*,#1332,.T.);
#1332 = EDGE_CURVE('',#1307,#1333,#1335,.T.);
#1333 = VERTEX_POINT('',#1334);
#1334 = CARTESIAN_POINT('',(-20.12132034356,12.247223250267,6.5));
#1335 = SURFACE_CURVE('',#1336,(#1340,#1346),.PCURVE_S1.);
#1336 = LINE('',#1337,#1338);
#1337 = CARTESIAN_POINT('',(-47.62327742615,-3.631039074608,
    34.00195708259));
#1338 = VECTOR('',#1339,1.);
#1339 = DIRECTION('',(0.654653670708,0.377964473009,-0.654653670708));
#1340 = PCURVE('',#32,#1341);
#1341 = DEFINITIONAL_REPRESENTATION('',(#1342),#1345);
#1342 = B_SPLINE_CURVE_WITH_KNOTS('',1,(#1343,#1344),.UNSPECIFIED.,.F.,
  .F.,(2,2),(37.42735766851,42.009933363465),.PIECEWISE_BEZIER_KNOTS.);
#1343 = CARTESIAN_POINT('',(10.969655114603,-23.12132034356));
#1344 = CARTESIAN_POINT('',(7.505553499465,-20.12132034356));
#1345 = ( GEOMETRIC_REPRESENTATION_CONTEXT(2) 
PARAMETRIC_REPRESENTATION_CONTEXT() REPRESENTATION_CONTEXT('2D SPACE',''
  ) );
#1346 = PCURVE('',#1347,#1352);
#1347 = PLANE('',#1348);
#1348 = AXIS2_PLACEMENT_3D('',#1349,#1350,#1351);
#1349 = CARTESIAN_POINT('',(-85.91347391416,-32.,72.292153570606));
#1350 = DIRECTION('',(0.707106781187,0.,0.707106781187));
#1351 = DIRECTION('',(0.707106781187,0.,-0.707106781187));
#1352 = DEFINITIONAL_REPRESENTATION('',(#1353),#1356);
#1353 = B_SPLINE_CURVE_WITH_KNOTS('',1,(#1354,#1355),.UNSPECIFIED.,.F.,
  .F.,(2,2),(37.42735766851,42.009933363465),.PIECEWISE_BEZIER_KNOTS.);
#1354 = CARTESIAN_POINT('',(88.801515190165,42.515172442699));
#1355 = CARTESIAN_POINT('',(93.044155877284,44.247223250267));
#1356 = ( GEOMETRIC_REPRESENTATION_CONTEXT(2) 
PARAMETRIC_REPRESENTATION_CONTEXT() REPRESENTATION_CONTEXT('2D SPACE',''
  ) );
#1357 = ORIENTED_EDGE('',*,*,#1358,.F.);
#1358 = EDGE_CURVE('',#1359,#1333,#1361,.T.);
#1359 = VERTEX_POINT('',#1360);
#1360 = CARTESIAN_POINT('',(-24.,14.486579994014,2.62132034356));
#1361 = SURFACE_CURVE('',#1362,(#1366,#1372),.PCURVE_S1.);
#1362 = LINE('',#1363,#1364);
#1363 = CARTESIAN_POINT('',(-40.38921474567,23.948897539237,
    -13.76789440211));
#1364 = VECTOR('',#1365,1.);
#1365 = DIRECTION('',(0.654653670708,-0.377964473009,0.654653670708));
#1366 = PCURVE('',#32,#1367);
#1367 = DEFINITIONAL_REPRESENTATION('',(#1368),#1371);
#1368 = B_SPLINE_CURVE_WITH_KNOTS('',1,(#1369,#1370),.UNSPECIFIED.,.F.,
  .F.,(2,2),(25.034939050985,30.959720091692),.PIECEWISE_BEZIER_KNOTS.);
#1369 = CARTESIAN_POINT('',(3.026840011973,-24.));
#1370 = CARTESIAN_POINT('',(7.505553499465,-20.12132034356));
#1371 = ( GEOMETRIC_REPRESENTATION_CONTEXT(2) 
PARAMETRIC_REPRESENTATION_CONTEXT() REPRESENTATION_CONTEXT('2D SPACE',''
  ) );
#1372 = PCURVE('',#1373,#1378);
#1373 = PLANE('',#1374);
#1374 = AXIS2_PLACEMENT_3D('',#1375,#1376,#1377);
#1375 = CARTESIAN_POINT('',(-85.91347391416,-32.,-59.2921535706));
#1376 = DIRECTION('',(-0.707106781187,0.,0.707106781187));
#1377 = DIRECTION('',(0.707106781187,0.,0.707106781187));
#1378 = DEFINITIONAL_REPRESENTATION('',(#1379),#1382);
#1379 = B_SPLINE_CURVE_WITH_KNOTS('',1,(#1380,#1381),.UNSPECIFIED.,.F.,
  .F.,(2,2),(25.034939050985,30.959720091692),.PIECEWISE_BEZIER_KNOTS.);
#1380 = CARTESIAN_POINT('',(87.558874503046,46.486579994014));
#1381 = CARTESIAN_POINT('',(93.044155877284,44.247223250267));
#1382 = ( GEOMETRIC_REPRESENTATION_CONTEXT(2) 
PARAMETRIC_REPRESENTATION_CONTEXT() REPRESENTATION_CONTEXT('2D SPACE',''
  ) );
#1383 = ORIENTED_EDGE('',*,*,#1384,.F.);
#1384 = EDGE_CURVE('',#1385,#1359,#1387,.T.);
#1385 = VERTEX_POINT('',#1386);
#1386 = CARTESIAN_POINT('',(-27.87867965644,12.247223250267,6.5));
#1387 = SURFACE_CURVE('',#1388,(#1392,#1398),.PCURVE_S1.);
#1388 = LINE('',#1389,#1390);
#1389 = CARTESIAN_POINT('',(-49.48462560493,-0.226975459195,
    28.105945948498));
#1390 = VECTOR('',#1391,1.);
#1391 = DIRECTION('',(0.654653670708,0.377964473009,-0.654653670708));
#1392 = PCURVE('',#32,#1393);
#1393 = DEFINITIONAL_REPRESENTATION('',(#1394),#1397);
#1394 = B_SPLINE_CURVE_WITH_KNOTS('',1,(#1395,#1396),.UNSPECIFIED.,.F.,
  .F.,(2,2),(33.00362759004,38.928408630747),.PIECEWISE_BEZIER_KNOTS.);
#1395 = CARTESIAN_POINT('',(7.505553499465,-27.87867965644));
#1396 = CARTESIAN_POINT('',(3.026840011973,-24.));
#1397 = ( GEOMETRIC_REPRESENTATION_CONTEXT(2) 
PARAMETRIC_REPRESENTATION_CONTEXT() REPRESENTATION_CONTEXT('2D SPACE',''
  ) );
#1398 = PCURVE('',#1399,#1404);
#1399 = PLANE('',#1400);
#1400 = AXIS2_PLACEMENT_3D('',#1401,#1402,#1403);
#1401 = CARTESIAN_POINT('',(-83.7921535706,-32.,62.413473914166));
#1402 = DIRECTION('',(0.707106781187,0.,0.707106781187));
#1403 = DIRECTION('',(0.707106781187,0.,-0.707106781187));
#1404 = DEFINITIONAL_REPRESENTATION('',(#1405),#1408);
#1405 = B_SPLINE_CURVE_WITH_KNOTS('',1,(#1406,#1407),.UNSPECIFIED.,.F.,
  .F.,(2,2),(33.00362759004,38.928408630747),.PIECEWISE_BEZIER_KNOTS.);
#1406 = CARTESIAN_POINT('',(79.073593128807,44.247223250267));
#1407 = CARTESIAN_POINT('',(84.558874503046,46.486579994014));
#1408 = ( GEOMETRIC_REPRESENTATION_CONTEXT(2) 
PARAMETRIC_REPRESENTATION_CONTEXT() REPRESENTATION_CONTEXT('2D SPACE',''
  ) );
#1409 = ORIENTED_EDGE('',*,*,#1410,.T.);
#1410 = EDGE_CURVE('',#1385,#1411,#1413,.T.);
#1411 = VERTEX_POINT('',#1412);
#1412 = CARTESIAN_POINT('',(-24.87867965644,10.515172442699,9.5));
#1413 = SURFACE_CURVE('',#1414,(#1418,#1424),.PCURVE_S1.);
#1414 = LINE('',#1415,#1416);
#1415 = CARTESIAN_POINT('',(-42.25056292446,20.544833923824,
    -7.871883268026));
#1416 = VECTOR('',#1417,1.);
#1417 = DIRECTION('',(0.654653670708,-0.377964473009,0.654653670708));
#1418 = PCURVE('',#32,#1419);
#1419 = DEFINITIONAL_REPRESENTATION('',(#1420),#1423);
#1420 = B_SPLINE_CURVE_WITH_KNOTS('',1,(#1421,#1422),.UNSPECIFIED.,.F.,
  .F.,(2,2),(21.953414318266,26.535990013222),.PIECEWISE_BEZIER_KNOTS.);
#1421 = CARTESIAN_POINT('',(7.505553499465,-27.87867965644));
#1422 = CARTESIAN_POINT('',(10.969655114603,-24.87867965644));
#1423 = ( GEOMETRIC_REPRESENTATION_CONTEXT(2) 
PARAMETRIC_REPRESENTATION_CONTEXT() REPRESENTATION_CONTEXT('2D SPACE',''
  ) );
#1424 = PCURVE('',#1425,#1430);
#1425 = PLANE('',#1426);
#1426 = AXIS2_PLACEMENT_3D('',#1427,#1428,#1429);
#1427 = CARTESIAN_POINT('',(-83.7921535706,-32.,-49.41347391416));
#1428 = DIRECTION('',(-0.707106781187,0.,0.707106781187));
#1429 = DIRECTION('',(0.707106781187,0.,0.707106781187));
#1430 = DEFINITIONAL_REPRESENTATION('',(#1431),#1434);
#1431 = B_SPLINE_CURVE_WITH_KNOTS('',1,(#1432,#1433),.UNSPECIFIED.,.F.,
  .F.,(2,2),(21.953414318266,26.535990013222),.PIECEWISE_BEZIER_KNOTS.);
#1432 = CARTESIAN_POINT('',(79.073593128807,44.247223250267));
#1433 = CARTESIAN_POINT('',(83.316233815926,42.515172442699));
#1434 = ( GEOMETRIC_REPRESENTATION_CONTEXT(2) 
PARAMETRIC_REPRESENTATION_CONTEXT() REPRESENTATION_CONTEXT('2D SPACE',''
  ) );
#1435 = ORIENTED_EDGE('',*,*,#1436,.F.);
#1436 = EDGE_CURVE('',#1437,#1411,#1439,.T.);
#1437 = VERTEX_POINT('',#1438);
#1438 = CARTESIAN_POINT('',(-29.12132034356,10.515172442699,9.5));
#1439 = SURFACE_CURVE('',#1440,(#1444,#1450),.PCURVE_S1.);
#1440 = LINE('',#1441,#1442);
#1441 = CARTESIAN_POINT('',(-19.,10.515172442699,9.5));
#1442 = VECTOR('',#1443,1.);
#1443 = DIRECTION('',(1.,0.,-0.));
#1444 = PCURVE('',#32,#1445);
#1445 = DEFINITIONAL_REPRESENTATION('',(#1446),#1449);
#1446 = B_SPLINE_CURVE_WITH_KNOTS('',1,(#1447,#1448),.UNSPECIFIED.,.F.,
  .F.,(2,2),(-10.12132034356,-5.87867965644),.PIECEWISE_BEZIER_KNOTS.);
#1447 = CARTESIAN_POINT('',(10.969655114603,-29.12132034356));
#1448 = CARTESIAN_POINT('',(10.969655114603,-24.87867965644));
#1449 = ( GEOMETRIC_REPRESENTATION_CONTEXT(2) 
PARAMETRIC_REPRESENTATION_CONTEXT() REPRESENTATION_CONTEXT('2D SPACE',''
  ) );
#1450 = PCURVE('',#1451,#1456);
#1451 = PLANE('',#1452);
#1452 = AXIS2_PLACEMENT_3D('',#1453,#1454,#1455);
#1453 = CARTESIAN_POINT('',(-38.,-32.,9.5));
#1454 = DIRECTION('',(0.,0.,1.));
#1455 = DIRECTION('',(1.,0.,0.));
#1456 = DEFINITIONAL_REPRESENTATION('',(#1457),#1460);
#1457 = B_SPLINE_CURVE_WITH_KNOTS('',1,(#1458,#1459),.UNSPECIFIED.,.F.,
  .F.,(2,2),(-10.12132034356,-5.87867965644),.PIECEWISE_BEZIER_KNOTS.);
#1458 = CARTESIAN_POINT('',(8.87867965644,42.515172442699));
#1459 = CARTESIAN_POINT('',(13.12132034356,42.515172442699));
#1460 = ( GEOMETRIC_REPRESENTATION_CONTEXT(2) 
PARAMETRIC_REPRESENTATION_CONTEXT() REPRESENTATION_CONTEXT('2D SPACE',''
  ) );
#1461 = ORIENTED_EDGE('',*,*,#1462,.F.);
#1462 = EDGE_CURVE('',#1463,#1437,#1465,.T.);
#1463 = VERTEX_POINT('',#1464);
#1464 = CARTESIAN_POINT('',(-30.,11.022478378876,8.62132034356));
#1465 = SURFACE_CURVE('',#1466,(#1470,#1476),.PCURVE_S1.);
#1466 = LINE('',#1467,#1468);
#1467 = CARTESIAN_POINT('',(-44.67492903139,19.495052605489,
    -6.053608687832));
#1468 = VECTOR('',#1469,1.);
#1469 = DIRECTION('',(0.654653670708,-0.377964473009,0.654653670708));
#1470 = PCURVE('',#32,#1471);
#1471 = DEFINITIONAL_REPRESENTATION('',(#1472),#1475);
#1472 = B_SPLINE_CURVE_WITH_KNOTS('',1,(#1473,#1474),.UNSPECIFIED.,.F.,
  .F.,(2,2),(22.416324368153,23.758529713905),.PIECEWISE_BEZIER_KNOTS.);
#1473 = CARTESIAN_POINT('',(9.955043242248,-30.));
#1474 = CARTESIAN_POINT('',(10.969655114603,-29.12132034356));
#1475 = ( GEOMETRIC_REPRESENTATION_CONTEXT(2) 
PARAMETRIC_REPRESENTATION_CONTEXT() REPRESENTATION_CONTEXT('2D SPACE',''
  ) );
#1476 = PCURVE('',#1477,#1482);
#1477 = PLANE('',#1478);
#1478 = AXIS2_PLACEMENT_3D('',#1479,#1480,#1481);
#1479 = CARTESIAN_POINT('',(-85.91347391416,-32.,-47.2921535706));
#1480 = DIRECTION('',(-0.707106781187,0.,0.707106781187));
#1481 = DIRECTION('',(0.707106781187,0.,0.707106781187));
#1482 = DEFINITIONAL_REPRESENTATION('',(#1483),#1486);
#1483 = B_SPLINE_CURVE_WITH_KNOTS('',1,(#1484,#1485),.UNSPECIFIED.,.F.,
  .F.,(2,2),(22.416324368153,23.758529713905),.PIECEWISE_BEZIER_KNOTS.);
#1484 = CARTESIAN_POINT('',(79.073593128807,43.022478378876));
#1485 = CARTESIAN_POINT('',(80.316233815926,42.515172442699));
#1486 = ( GEOMETRIC_REPRESENTATION_CONTEXT(2) 
PARAMETRIC_REPRESENTATION_CONTEXT() REPRESENTATION_CONTEXT('2D SPACE',''
  ) );
#1487 = ORIENTED_EDGE('',*,*,#1488,.F.);
#1488 = EDGE_CURVE('',#1489,#1463,#1491,.T.);
#1489 = VERTEX_POINT('',#1490);
#1490 = CARTESIAN_POINT('',(-30.87867965644,10.515172442699,9.5));
#1491 = SURFACE_CURVE('',#1492,(#1496,#1502),.PCURVE_S1.);
#1492 = LINE('',#1493,#1494);
#1493 = CARTESIAN_POINT('',(-49.48462560493,-0.226975459195,
    28.105945948498));
#1494 = VECTOR('',#1495,1.);
#1495 = DIRECTION('',(0.654653670708,0.377964473009,-0.654653670708));
#1496 = PCURVE('',#32,#1497);
#1497 = DEFINITIONAL_REPRESENTATION('',(#1498),#1501);
#1498 = B_SPLINE_CURVE_WITH_KNOTS('',1,(#1499,#1500),.UNSPECIFIED.,.F.,
  .F.,(2,2),(28.421051895084,29.763257240836),.PIECEWISE_BEZIER_KNOTS.);
#1499 = CARTESIAN_POINT('',(10.969655114603,-30.87867965644));
#1500 = CARTESIAN_POINT('',(9.955043242248,-30.));
#1501 = ( GEOMETRIC_REPRESENTATION_CONTEXT(2) 
PARAMETRIC_REPRESENTATION_CONTEXT() REPRESENTATION_CONTEXT('2D SPACE',''
  ) );
#1502 = PCURVE('',#1503,#1508);
#1503 = PLANE('',#1504);
#1504 = AXIS2_PLACEMENT_3D('',#1505,#1506,#1507);
#1505 = CARTESIAN_POINT('',(-83.7921535706,-32.,62.413473914166));
#1506 = DIRECTION('',(0.707106781187,0.,0.707106781187));
#1507 = DIRECTION('',(0.707106781187,0.,-0.707106781187));
#1508 = DEFINITIONAL_REPRESENTATION('',(#1509),#1512);
#1509 = B_SPLINE_CURVE_WITH_KNOTS('',1,(#1510,#1511),.UNSPECIFIED.,.F.,
  .F.,(2,2),(28.421051895084,29.763257240836),.PIECEWISE_BEZIER_KNOTS.);
#1510 = CARTESIAN_POINT('',(74.830952441688,42.515172442699));
#1511 = CARTESIAN_POINT('',(76.073593128807,43.022478378876));
#1512 = ( GEOMETRIC_REPRESENTATION_CONTEXT(2) 
PARAMETRIC_REPRESENTATION_CONTEXT() REPRESENTATION_CONTEXT('2D SPACE',''
  ) );
#1513 = ORIENTED_EDGE('',*,*,#1514,.F.);
#1514 = EDGE_CURVE('',#1515,#1489,#1517,.T.);
#1515 = VERTEX_POINT('',#1516);
#1516 = CARTESIAN_POINT('',(-35.12132034356,10.515172442699,9.5));
#1517 = SURFACE_CURVE('',#1518,(#1522,#1528),.PCURVE_S1.);
#1518 = LINE('',#1519,#1520);
#1519 = CARTESIAN_POINT('',(-19.,10.515172442699,9.5));
#1520 = VECTOR('',#1521,1.);
#1521 = DIRECTION('',(1.,0.,-0.));
#1522 = PCURVE('',#32,#1523);
#1523 = DEFINITIONAL_REPRESENTATION('',(#1524),#1527);
#1524 = B_SPLINE_CURVE_WITH_KNOTS('',1,(#1525,#1526),.UNSPECIFIED.,.F.,
  .F.,(2,2),(-16.12132034356,-11.87867965644),.PIECEWISE_BEZIER_KNOTS.);
#1525 = CARTESIAN_POINT('',(10.969655114603,-35.12132034356));
#1526 = CARTESIAN_POINT('',(10.969655114603,-30.87867965644));
#1527 = ( GEOMETRIC_REPRESENTATION_CONTEXT(2) 
PARAMETRIC_REPRESENTATION_CONTEXT() REPRESENTATION_CONTEXT('2D SPACE',''
  ) );
#1528 = PCURVE('',#1529,#1534);
#1529 = PLANE('',#1530);
#1530 = AXIS2_PLACEMENT_3D('',#1531,#1532,#1533);
#1531 = CARTESIAN_POINT('',(-38.,-32.,9.5));
#1532 = DIRECTION('',(0.,0.,1.));
#1533 = DIRECTION('',(1.,0.,0.));
#1534 = DEFINITIONAL_REPRESENTATION('',(#1535),#1538);
#1535 = B_SPLINE_CURVE_WITH_KNOTS('',1,(#1536,#1537),.UNSPECIFIED.,.F.,
  .F.,(2,2),(-16.12132034356,-11.87867965644),.PIECEWISE_BEZIER_KNOTS.);
#1536 = CARTESIAN_POINT('',(2.87867965644,42.515172442699));
#1537 = CARTESIAN_POINT('',(7.12132034356,42.515172442699));
#1538 = ( GEOMETRIC_REPRESENTATION_CONTEXT(2) 
PARAMETRIC_REPRESENTATION_CONTEXT() REPRESENTATION_CONTEXT('2D SPACE',''
  ) );
#1539 = ORIENTED_EDGE('',*,*,#1540,.T.);
#1540 = EDGE_CURVE('',#1515,#1541,#1543,.T.);
#1541 = VERTEX_POINT('',#1542);
#1542 = CARTESIAN_POINT('',(-32.12132034356,12.247223250267,6.5));
#1543 = SURFACE_CURVE('',#1544,(#1548,#1554),.PCURVE_S1.);
#1544 = LINE('',#1545,#1546);
#1545 = CARTESIAN_POINT('',(-51.90899171186,0.822805859141,
    26.287671368304));
#1546 = VECTOR('',#1547,1.);
#1547 = DIRECTION('',(0.654653670708,0.377964473009,-0.654653670708));
#1548 = PCURVE('',#32,#1549);
#1549 = DEFINITIONAL_REPRESENTATION('',(#1550),#1553);
#1550 = B_SPLINE_CURVE_WITH_KNOTS('',1,(#1551,#1552),.UNSPECIFIED.,.F.,
  .F.,(2,2),(25.643591595766,30.226167290722),.PIECEWISE_BEZIER_KNOTS.);
#1551 = CARTESIAN_POINT('',(10.969655114603,-35.12132034356));
#1552 = CARTESIAN_POINT('',(7.505553499465,-32.12132034356));
#1553 = ( GEOMETRIC_REPRESENTATION_CONTEXT(2) 
PARAMETRIC_REPRESENTATION_CONTEXT() REPRESENTATION_CONTEXT('2D SPACE',''
  ) );
#1554 = PCURVE('',#1555,#1560);
#1555 = PLANE('',#1556);
#1556 = AXIS2_PLACEMENT_3D('',#1557,#1558,#1559);
#1557 = CARTESIAN_POINT('',(-85.91347391416,-32.,60.292153570606));
#1558 = DIRECTION('',(0.707106781187,0.,0.707106781187));
#1559 = DIRECTION('',(0.707106781187,0.,-0.707106781187));
#1560 = DEFINITIONAL_REPRESENTATION('',(#1561),#1564);
#1561 = B_SPLINE_CURVE_WITH_KNOTS('',1,(#1562,#1563),.UNSPECIFIED.,.F.,
  .F.,(2,2),(25.643591595766,30.226167290722),.PIECEWISE_BEZIER_KNOTS.);
#1562 = CARTESIAN_POINT('',(71.830952441688,42.515172442699));
#1563 = CARTESIAN_POINT('',(76.073593128807,44.247223250267));
#1564 = ( GEOMETRIC_REPRESENTATION_CONTEXT(2) 
PARAMETRIC_REPRESENTATION_CONTEXT() REPRESENTATION_CONTEXT('2D SPACE',''
  ) );
#1565 = ORIENTED_EDGE('',*,*,#1566,.F.);
#1566 = EDGE_CURVE('',#24,#1541,#1567,.T.);
#1567 = SURFACE_CURVE('',#1568,(#1572,#1578),.PCURVE_S1.);
#1568 = LINE('',#1569,#1570);
#1569 = CARTESIAN_POINT('',(-44.67492903139,19.495052605489,
    -6.053608687832));
#1570 = VECTOR('',#1571,1.);
#1571 = DIRECTION('',(0.654653670708,-0.377964473009,0.654653670708));
#1572 = PCURVE('',#32,#1573);
#1573 = DEFINITIONAL_REPRESENTATION('',(#1574),#1577);
#1574 = B_SPLINE_CURVE_WITH_KNOTS('',1,(#1575,#1576),.UNSPECIFIED.,.F.,
  .F.,(2,2),(13.251172978241,19.175954018949),.PIECEWISE_BEZIER_KNOTS.);
#1575 = CARTESIAN_POINT('',(3.026840011973,-36.));
#1576 = CARTESIAN_POINT('',(7.505553499465,-32.12132034356));
#1577 = ( GEOMETRIC_REPRESENTATION_CONTEXT(2) 
PARAMETRIC_REPRESENTATION_CONTEXT() REPRESENTATION_CONTEXT('2D SPACE',''
  ) );
#1578 = PCURVE('',#1579,#1584);
#1579 = PLANE('',#1580);
#1580 = AXIS2_PLACEMENT_3D('',#1581,#1582,#1583);
#1581 = CARTESIAN_POINT('',(-85.91347391416,-32.,-47.2921535706));
#1582 = DIRECTION('',(-0.707106781187,0.,0.707106781187));
#1583 = DIRECTION('',(0.707106781187,0.,0.707106781187));
#1584 = DEFINITIONAL_REPRESENTATION('',(#1585),#1588);
#1585 = B_SPLINE_CURVE_WITH_KNOTS('',1,(#1586,#1587),.UNSPECIFIED.,.F.,
  .F.,(2,2),(13.251172978241,19.175954018949),.PIECEWISE_BEZIER_KNOTS.);
#1586 = CARTESIAN_POINT('',(70.588311754569,46.486579994014));
#1587 = CARTESIAN_POINT('',(76.073593128807,44.247223250267));
#1588 = ( GEOMETRIC_REPRESENTATION_CONTEXT(2) 
PARAMETRIC_REPRESENTATION_CONTEXT() REPRESENTATION_CONTEXT('2D SPACE',''
  ) );
#1589 = ADVANCED_FACE('',(#1590),#43,.F.);
#1590 = FACE_BOUND('',#1591,.F.);
#1591 = EDGE_LOOP('',(#1592,#1593,#1614,#1640));
#1592 = ORIENTED_EDGE('',*,*,#21,.F.);
#1593 = ORIENTED_EDGE('',*,*,#1594,.F.);
#1594 = EDGE_CURVE('',#1595,#22,#1597,.T.);
#1595 = VERTEX_POINT('',#1596);
#1596 = CARTESIAN_POINT('',(-38.,-13.33187945563,4.62132034356));
#1597 = SURFACE_CURVE('',#1598,(#1602,#1608),.PCURVE_S1.);
#1598 = LINE('',#1599,#1600);
#1599 = CARTESIAN_POINT('',(-38.,-32.,4.62132034356));
#1600 = VECTOR('',#1601,1.);
#1601 = DIRECTION('',(0.,1.,0.));
#1602 = PCURVE('',#43,#1603);
#1603 = DEFINITIONAL_REPRESENTATION('',(#1604),#1607);
#1604 = B_SPLINE_CURVE_WITH_KNOTS('',1,(#1605,#1606),.UNSPECIFIED.,.F.,
  .F.,(2,2),(0.,64.),.PIECEWISE_BEZIER_KNOTS.);
#1605 = CARTESIAN_POINT('',(64.759884629822,0.));
#1606 = CARTESIAN_POINT('',(64.759884629822,64.));
#1607 = ( GEOMETRIC_REPRESENTATION_CONTEXT(2) 
PARAMETRIC_REPRESENTATION_CONTEXT() REPRESENTATION_CONTEXT('2D SPACE',''
  ) );
#1608 = PCURVE('',#69,#1609);
#1609 = DEFINITIONAL_REPRESENTATION('',(#1610),#1613);
#1610 = B_SPLINE_CURVE_WITH_KNOTS('',1,(#1611,#1612),.UNSPECIFIED.,.F.,
  .F.,(2,2),(0.,64.),.PIECEWISE_BEZIER_KNOTS.);
#1611 = CARTESIAN_POINT('',(14.12132034356,0.));
#1612 = CARTESIAN_POINT('',(14.12132034356,-64.));
#1613 = ( GEOMETRIC_REPRESENTATION_CONTEXT(2) 
PARAMETRIC_REPRESENTATION_CONTEXT() REPRESENTATION_CONTEXT('2D SPACE',''
  ) );
#1614 = ORIENTED_EDGE('',*,*,#1615,.F.);
#1615 = EDGE_CURVE('',#1616,#1595,#1618,.T.);
#1616 = VERTEX_POINT('',#1617);
#1617 = CARTESIAN_POINT('',(-36.,-14.48657999401,2.62132034356));
#1618 = SURFACE_CURVE('',#1619,(#1623,#1629),.PCURVE_S1.);
#1619 = LINE('',#1620,#1621);
#1620 = CARTESIAN_POINT('',(-49.81136661621,-6.512583760268,
    16.43268695977));
#1621 = VECTOR('',#1622,1.);
#1622 = DIRECTION('',(-0.654653670708,0.377964473009,0.654653670708));
#1623 = PCURVE('',#43,#1624);
#1624 = DEFINITIONAL_REPRESENTATION('',(#1625),#1628);
#1625 = B_SPLINE_CURVE_WITH_KNOTS('',1,(#1626,#1627),.UNSPECIFIED.,.F.,
  .F.,(2,2),(-21.09721098985,-18.04216052655),.PIECEWISE_BEZIER_KNOTS.);
#1626 = CARTESIAN_POINT('',(67.588311754569,17.513420005986));
#1627 = CARTESIAN_POINT('',(64.759884629822,18.668120544366));
#1628 = ( GEOMETRIC_REPRESENTATION_CONTEXT(2) 
PARAMETRIC_REPRESENTATION_CONTEXT() REPRESENTATION_CONTEXT('2D SPACE',''
  ) );
#1629 = PCURVE('',#1630,#1635);
#1630 = PLANE('',#1631);
#1631 = AXIS2_PLACEMENT_3D('',#1632,#1633,#1634);
#1632 = CARTESIAN_POINT('',(0.,-8.,13.856406460551));
#1633 = DIRECTION('',(0.,-0.866025403784,0.5));
#1634 = DIRECTION('',(0.,-0.5,-0.866025403784));
#1635 = DEFINITIONAL_REPRESENTATION('',(#1636),#1639);
#1636 = B_SPLINE_CURVE_WITH_KNOTS('',1,(#1637,#1638),.UNSPECIFIED.,.F.,
  .F.,(2,2),(-21.09721098985,-18.04216052655),.PIECEWISE_BEZIER_KNOTS.);
#1637 = CARTESIAN_POINT('',(12.973159988027,-36.));
#1638 = CARTESIAN_POINT('',(10.663758911269,-38.));
#1639 = ( GEOMETRIC_REPRESENTATION_CONTEXT(2) 
PARAMETRIC_REPRESENTATION_CONTEXT() REPRESENTATION_CONTEXT('2D SPACE',''
  ) );
#1640 = ORIENTED_EDGE('',*,*,#1641,.T.);
#1641 = EDGE_CURVE('',#1616,#24,#1642,.T.);
#1642 = SURFACE_CURVE('',#1643,(#1647,#1653),.PCURVE_S1.);
#1643 = LINE('',#1644,#1645);
#1644 = CARTESIAN_POINT('',(-36.,-32.,2.62132034356));
#1645 = VECTOR('',#1646,1.);
#1646 = DIRECTION('',(0.,1.,-0.));
#1647 = PCURVE('',#43,#1648);
#1648 = DEFINITIONAL_REPRESENTATION('',(#1649),#1652);
#1649 = B_SPLINE_CURVE_WITH_KNOTS('',1,(#1650,#1651),.UNSPECIFIED.,.F.,
  .F.,(2,2),(0.,64.),.PIECEWISE_BEZIER_KNOTS.);
#1650 = CARTESIAN_POINT('',(67.588311754569,0.));
#1651 = CARTESIAN_POINT('',(67.588311754569,64.));
#1652 = ( GEOMETRIC_REPRESENTATION_CONTEXT(2) 
PARAMETRIC_REPRESENTATION_CONTEXT() REPRESENTATION_CONTEXT('2D SPACE',''
  ) );
#1653 = PCURVE('',#1579,#1654);
#1654 = DEFINITIONAL_REPRESENTATION('',(#1655),#1658);
#1655 = B_SPLINE_CURVE_WITH_KNOTS('',1,(#1656,#1657),.UNSPECIFIED.,.F.,
  .F.,(2,2),(0.,64.),.PIECEWISE_BEZIER_KNOTS.);
#1656 = CARTESIAN_POINT('',(70.588311754569,0.));
#1657 = CARTESIAN_POINT('',(70.588311754569,64.));
#1658 = ( GEOMETRIC_REPRESENTATION_CONTEXT(2) 
PARAMETRIC_REPRESENTATION_CONTEXT() REPRESENTATION_CONTEXT('2D SPACE',''
  ) );
#1659 = ADVANCED_FACE('',(#1660),#1579,.F.);
#1660 = FACE_BOUND('',#1661,.F.);
#1661 = EDGE_LOOP('',(#1662,#1663,#1664,#1685));
#1662 = ORIENTED_EDGE('',*,*,#1566,.F.);
#1663 = ORIENTED_EDGE('',*,*,#1641,.F.);
#1664 = ORIENTED_EDGE('',*,*,#1665,.F.);
#1665 = EDGE_CURVE('',#1666,#1616,#1668,.T.);
#1666 = VERTEX_POINT('',#1667);
#1667 = CARTESIAN_POINT('',(-32.12132034356,-12.24722325026,6.5));
#1668 = SURFACE_CURVE('',#1669,(#1673,#1679),.PCURVE_S1.);
#1669 = LINE('',#1670,#1671);
#1670 = CARTESIAN_POINT('',(-48.63390230583,-21.7807668912,
    -10.01258196227));
#1671 = VECTOR('',#1672,1.);
#1672 = DIRECTION('',(-0.654653670708,-0.377964473009,-0.654653670708));
#1673 = PCURVE('',#1579,#1674);
#1674 = DEFINITIONAL_REPRESENTATION('',(#1675),#1678);
#1675 = B_SPLINE_CURVE_WITH_KNOTS('',1,(#1676,#1677),.UNSPECIFIED.,.F.,
  .F.,(2,2),(-25.22338558709,-19.29860454638),.PIECEWISE_BEZIER_KNOTS.);
#1676 = CARTESIAN_POINT('',(76.073593128807,19.752776749733));
#1677 = CARTESIAN_POINT('',(70.588311754569,17.513420005986));
#1678 = ( GEOMETRIC_REPRESENTATION_CONTEXT(2) 
PARAMETRIC_REPRESENTATION_CONTEXT() REPRESENTATION_CONTEXT('2D SPACE',''
  ) );
#1679 = PCURVE('',#1630,#1680);
#1680 = DEFINITIONAL_REPRESENTATION('',(#1681),#1684);
#1681 = B_SPLINE_CURVE_WITH_KNOTS('',1,(#1682,#1683),.UNSPECIFIED.,.F.,
  .F.,(2,2),(-25.22338558709,-19.29860454638),.PIECEWISE_BEZIER_KNOTS.);
#1682 = CARTESIAN_POINT('',(8.494446500535,-32.12132034356));
#1683 = CARTESIAN_POINT('',(12.973159988027,-36.));
#1684 = ( GEOMETRIC_REPRESENTATION_CONTEXT(2) 
PARAMETRIC_REPRESENTATION_CONTEXT() REPRESENTATION_CONTEXT('2D SPACE',''
  ) );
#1685 = ORIENTED_EDGE('',*,*,#1686,.T.);
#1686 = EDGE_CURVE('',#1666,#1541,#1687,.T.);
#1687 = SURFACE_CURVE('',#1688,(#1692,#1698),.PCURVE_S1.);
#1688 = LINE('',#1689,#1690);
#1689 = CARTESIAN_POINT('',(-32.12132034356,-32.,6.5));
#1690 = VECTOR('',#1691,1.);
#1691 = DIRECTION('',(0.,1.,-0.));
#1692 = PCURVE('',#1579,#1693);
#1693 = DEFINITIONAL_REPRESENTATION('',(#1694),#1697);
#1694 = B_SPLINE_CURVE_WITH_KNOTS('',1,(#1695,#1696),.UNSPECIFIED.,.F.,
  .F.,(2,2),(0.,64.),.PIECEWISE_BEZIER_KNOTS.);
#1695 = CARTESIAN_POINT('',(76.073593128807,0.));
#1696 = CARTESIAN_POINT('',(76.073593128807,64.));
#1697 = ( GEOMETRIC_REPRESENTATION_CONTEXT(2) 
PARAMETRIC_REPRESENTATION_CONTEXT() REPRESENTATION_CONTEXT('2D SPACE',''
  ) );
#1698 = PCURVE('',#1555,#1699);
#1699 = DEFINITIONAL_REPRESENTATION('',(#1700),#1703);
#1700 = B_SPLINE_CURVE_WITH_KNOTS('',1,(#1701,#1702),.UNSPECIFIED.,.F.,
  .F.,(2,2),(0.,64.),.PIECEWISE_BEZIER_KNOTS.);
#1701 = CARTESIAN_POINT('',(76.073593128807,0.));
#1702 = CARTESIAN_POINT('',(76.073593128807,64.));
#1703 = ( GEOMETRIC_REPRESENTATION_CONTEXT(2) 
PARAMETRIC_REPRESENTATION_CONTEXT() REPRESENTATION_CONTEXT('2D SPACE',''
  ) );
#1704 = ADVANCED_FACE('',(#1705),#1555,.T.);
#1705 = FACE_BOUND('',#1706,.T.);
#1706 = EDGE_LOOP('',(#1707,#1708,#1729,#1748));
#1707 = ORIENTED_EDGE('',*,*,#1540,.F.);
#1708 = ORIENTED_EDGE('',*,*,#1709,.T.);
#1709 = EDGE_CURVE('',#1515,#1710,#1712,.T.);
#1710 = VERTEX_POINT('',#1711);
#1711 = CARTESIAN_POINT('',(-35.12132034356,-10.51517244269,9.5));
#1712 = SURFACE_CURVE('',#1713,(#1717,#1723),.PCURVE_S1.);
#1713 = LINE('',#1714,#1715);
#1714 = CARTESIAN_POINT('',(-35.12132034356,-32.,9.5));
#1715 = VECTOR('',#1716,1.);
#1716 = DIRECTION('',(0.,-1.,0.));
#1717 = PCURVE('',#1555,#1718);
#1718 = DEFINITIONAL_REPRESENTATION('',(#1719),#1722);
#1719 = B_SPLINE_CURVE_WITH_KNOTS('',1,(#1720,#1721),.UNSPECIFIED.,.F.,
  .F.,(2,2),(-64.,0.),.PIECEWISE_BEZIER_KNOTS.);
#1720 = CARTESIAN_POINT('',(71.830952441688,64.));
#1721 = CARTESIAN_POINT('',(71.830952441688,0.));
#1722 = ( GEOMETRIC_REPRESENTATION_CONTEXT(2) 
PARAMETRIC_REPRESENTATION_CONTEXT() REPRESENTATION_CONTEXT('2D SPACE',''
  ) );
#1723 = PCURVE('',#1529,#1724);
#1724 = DEFINITIONAL_REPRESENTATION('',(#1725),#1728);
#1725 = B_SPLINE_CURVE_WITH_KNOTS('',1,(#1726,#1727),.UNSPECIFIED.,.F.,
  .F.,(2,2),(-64.,0.),.PIECEWISE_BEZIER_KNOTS.);
#1726 = CARTESIAN_POINT('',(2.87867965644,64.));
#1727 = CARTESIAN_POINT('',(2.87867965644,0.));
#1728 = ( GEOMETRIC_REPRESENTATION_CONTEXT(2) 
PARAMETRIC_REPRESENTATION_CONTEXT() REPRESENTATION_CONTEXT('2D SPACE',''
  ) );
#1729 = ORIENTED_EDGE('',*,*,#1730,.F.);
#1730 = EDGE_CURVE('',#1666,#1710,#1731,.T.);
#1731 = SURFACE_CURVE('',#1732,(#1736,#1742),.PCURVE_S1.);
#1732 = LINE('',#1733,#1734);
#1733 = CARTESIAN_POINT('',(-47.95001843742,-3.108520144855,
    22.328698093861));
#1734 = VECTOR('',#1735,1.);
#1735 = DIRECTION('',(-0.654653670708,0.377964473009,0.654653670708));
#1736 = PCURVE('',#1555,#1737);
#1737 = DEFINITIONAL_REPRESENTATION('',(#1738),#1741);
#1738 = B_SPLINE_CURVE_WITH_KNOTS('',1,(#1739,#1740),.UNSPECIFIED.,.F.,
  .F.,(2,2),(-24.17873572257,-19.59616002761),.PIECEWISE_BEZIER_KNOTS.);
#1739 = CARTESIAN_POINT('',(76.073593128807,19.752776749733));
#1740 = CARTESIAN_POINT('',(71.830952441688,21.484827557301));
#1741 = ( GEOMETRIC_REPRESENTATION_CONTEXT(2) 
PARAMETRIC_REPRESENTATION_CONTEXT() REPRESENTATION_CONTEXT('2D SPACE',''
  ) );
#1742 = PCURVE('',#1630,#1743);
#1743 = DEFINITIONAL_REPRESENTATION('',(#1744),#1747);
#1744 = B_SPLINE_CURVE_WITH_KNOTS('',1,(#1745,#1746),.UNSPECIFIED.,.F.,
  .F.,(2,2),(-24.17873572257,-19.59616002761),.PIECEWISE_BEZIER_KNOTS.);
#1745 = CARTESIAN_POINT('',(8.494446500535,-32.12132034356));
#1746 = CARTESIAN_POINT('',(5.030344885397,-35.12132034356));
#1747 = ( GEOMETRIC_REPRESENTATION_CONTEXT(2) 
PARAMETRIC_REPRESENTATION_CONTEXT() REPRESENTATION_CONTEXT('2D SPACE',''
  ) );
#1748 = ORIENTED_EDGE('',*,*,#1686,.T.);
#1749 = ADVANCED_FACE('',(#1750),#1529,.F.);
#1750 = FACE_BOUND('',#1751,.F.);
#1751 = EDGE_LOOP('',(#1752,#1753,#1754,#1775));
#1752 = ORIENTED_EDGE('',*,*,#1514,.F.);
#1753 = ORIENTED_EDGE('',*,*,#1709,.T.);
#1754 = ORIENTED_EDGE('',*,*,#1755,.F.);
#1755 = EDGE_CURVE('',#1756,#1710,#1758,.T.);
#1756 = VERTEX_POINT('',#1757);
#1757 = CARTESIAN_POINT('',(-30.87867965644,-10.51517244269,9.5));
#1758 = SURFACE_CURVE('',#1759,(#1763,#1769),.PCURVE_S1.);
#1759 = LINE('',#1760,#1761);
#1760 = CARTESIAN_POINT('',(-19.,-10.51517244269,9.5));
#1761 = VECTOR('',#1762,1.);
#1762 = DIRECTION('',(-1.,0.,0.));
#1763 = PCURVE('',#1529,#1764);
#1764 = DEFINITIONAL_REPRESENTATION('',(#1765),#1768);
#1765 = B_SPLINE_CURVE_WITH_KNOTS('',1,(#1766,#1767),.UNSPECIFIED.,.F.,
  .F.,(2,2),(11.87867965644,16.12132034356),.PIECEWISE_BEZIER_KNOTS.);
#1766 = CARTESIAN_POINT('',(7.12132034356,21.484827557301));
#1767 = CARTESIAN_POINT('',(2.87867965644,21.484827557301));
#1768 = ( GEOMETRIC_REPRESENTATION_CONTEXT(2) 
PARAMETRIC_REPRESENTATION_CONTEXT() REPRESENTATION_CONTEXT('2D SPACE',''
  ) );
#1769 = PCURVE('',#1630,#1770);
#1770 = DEFINITIONAL_REPRESENTATION('',(#1771),#1774);
#1771 = B_SPLINE_CURVE_WITH_KNOTS('',1,(#1772,#1773),.UNSPECIFIED.,.F.,
  .F.,(2,2),(11.87867965644,16.12132034356),.PIECEWISE_BEZIER_KNOTS.);
#1772 = CARTESIAN_POINT('',(5.030344885397,-30.87867965644));
#1773 = CARTESIAN_POINT('',(5.030344885397,-35.12132034356));
#1774 = ( GEOMETRIC_REPRESENTATION_CONTEXT(2) 
PARAMETRIC_REPRESENTATION_CONTEXT() REPRESENTATION_CONTEXT('2D SPACE',''
  ) );
#1775 = ORIENTED_EDGE('',*,*,#1776,.F.);
#1776 = EDGE_CURVE('',#1489,#1756,#1777,.T.);
#1777 = SURFACE_CURVE('',#1778,(#1782,#1788),.PCURVE_S1.);
#1778 = LINE('',#1779,#1780);
#1779 = CARTESIAN_POINT('',(-30.87867965644,-32.,9.5));
#1780 = VECTOR('',#1781,1.);
#1781 = DIRECTION('',(0.,-1.,0.));
#1782 = PCURVE('',#1529,#1783);
#1783 = DEFINITIONAL_REPRESENTATION('',(#1784),#1787);
#1784 = B_SPLINE_CURVE_WITH_KNOTS('',1,(#1785,#1786),.UNSPECIFIED.,.F.,
  .F.,(2,2),(-64.,0.),.PIECEWISE_BEZIER_KNOTS.);
#1785 = CARTESIAN_POINT('',(7.12132034356,64.));
#1786 = CARTESIAN_POINT('',(7.12132034356,0.));
#1787 = ( GEOMETRIC_REPRESENTATION_CONTEXT(2) 
PARAMETRIC_REPRESENTATION_CONTEXT() REPRESENTATION_CONTEXT('2D SPACE',''
  ) );
#1788 = PCURVE('',#1503,#1789);
#1789 = DEFINITIONAL_REPRESENTATION('',(#1790),#1793);
#1790 = B_SPLINE_CURVE_WITH_KNOTS('',1,(#1791,#1792),.UNSPECIFIED.,.F.,
  .F.,(2,2),(-64.,0.),.PIECEWISE_BEZIER_KNOTS.);
#1791 = CARTESIAN_POINT('',(74.830952441688,64.));
#1792 = CARTESIAN_POINT('',(74.830952441688,0.));
#1793 = ( GEOMETRIC_REPRESENTATION_CONTEXT(2) 
PARAMETRIC_REPRESENTATION_CONTEXT() REPRESENTATION_CONTEXT('2D SPACE',''
  ) );
#1794 = ADVANCED_FACE('',(#1795),#1503,.F.);
#1795 = FACE_BOUND('',#1796,.F.);
#1796 = EDGE_LOOP('',(#1797,#1798,#1799,#1820));
#1797 = ORIENTED_EDGE('',*,*,#1488,.F.);
#1798 = ORIENTED_EDGE('',*,*,#1776,.T.);
#1799 = ORIENTED_EDGE('',*,*,#1800,.F.);
#1800 = EDGE_CURVE('',#1801,#1756,#1803,.T.);
#1801 = VERTEX_POINT('',#1802);
#1802 = CARTESIAN_POINT('',(-30.,-11.02247837887,8.62132034356));
#1803 = SURFACE_CURVE('',#1804,(#1808,#1814),.PCURVE_S1.);
#1804 = LINE('',#1805,#1806);
#1805 = CARTESIAN_POINT('',(-45.52565233049,-2.05873882652,
    24.146972674055));
#1806 = VECTOR('',#1807,1.);
#1807 = DIRECTION('',(-0.654653670708,0.377964473009,0.654653670708));
#1808 = PCURVE('',#1503,#1809);
#1809 = DEFINITIONAL_REPRESENTATION('',(#1810),#1813);
#1810 = B_SPLINE_CURVE_WITH_KNOTS('',1,(#1811,#1812),.UNSPECIFIED.,.F.,
  .F.,(2,2),(-23.71582567268,-22.37362032693),.PIECEWISE_BEZIER_KNOTS.);
#1811 = CARTESIAN_POINT('',(76.073593128807,20.977521621124));
#1812 = CARTESIAN_POINT('',(74.830952441688,21.484827557301));
#1813 = ( GEOMETRIC_REPRESENTATION_CONTEXT(2) 
PARAMETRIC_REPRESENTATION_CONTEXT() REPRESENTATION_CONTEXT('2D SPACE',''
  ) );
#1814 = PCURVE('',#1630,#1815);
#1815 = DEFINITIONAL_REPRESENTATION('',(#1816),#1819);
#1816 = B_SPLINE_CURVE_WITH_KNOTS('',1,(#1817,#1818),.UNSPECIFIED.,.F.,
  .F.,(2,2),(-23.71582567268,-22.37362032693),.PIECEWISE_BEZIER_KNOTS.);
#1817 = CARTESIAN_POINT('',(6.044956757752,-30.));
#1818 = CARTESIAN_POINT('',(5.030344885397,-30.87867965644));
#1819 = ( GEOMETRIC_REPRESENTATION_CONTEXT(2) 
PARAMETRIC_REPRESENTATION_CONTEXT() REPRESENTATION_CONTEXT('2D SPACE',''
  ) );
#1820 = ORIENTED_EDGE('',*,*,#1821,.T.);
#1821 = EDGE_CURVE('',#1801,#1463,#1822,.T.);
#1822 = SURFACE_CURVE('',#1823,(#1827,#1833),.PCURVE_S1.);
#1823 = LINE('',#1824,#1825);
#1824 = CARTESIAN_POINT('',(-30.,-32.,8.62132034356));
#1825 = VECTOR('',#1826,1.);
#1826 = DIRECTION('',(0.,1.,-0.));
#1827 = PCURVE('',#1503,#1828);
#1828 = DEFINITIONAL_REPRESENTATION('',(#1829),#1832);
#1829 = B_SPLINE_CURVE_WITH_KNOTS('',1,(#1830,#1831),.UNSPECIFIED.,.F.,
  .F.,(2,2),(0.,64.),.PIECEWISE_BEZIER_KNOTS.);
#1830 = CARTESIAN_POINT('',(76.073593128807,0.));
#1831 = CARTESIAN_POINT('',(76.073593128807,64.));
#1832 = ( GEOMETRIC_REPRESENTATION_CONTEXT(2) 
PARAMETRIC_REPRESENTATION_CONTEXT() REPRESENTATION_CONTEXT('2D SPACE',''
  ) );
#1833 = PCURVE('',#1477,#1834);
#1834 = DEFINITIONAL_REPRESENTATION('',(#1835),#1838);
#1835 = B_SPLINE_CURVE_WITH_KNOTS('',1,(#1836,#1837),.UNSPECIFIED.,.F.,
  .F.,(2,2),(0.,64.),.PIECEWISE_BEZIER_KNOTS.);
#1836 = CARTESIAN_POINT('',(79.073593128807,0.));
#1837 = CARTESIAN_POINT('',(79.073593128807,64.));
#1838 = ( GEOMETRIC_REPRESENTATION_CONTEXT(2) 
PARAMETRIC_REPRESENTATION_CONTEXT() REPRESENTATION_CONTEXT('2D SPACE',''
  ) );
#1839 = ADVANCED_FACE('',(#1840),#1477,.F.);
#1840 = FACE_BOUND('',#1841,.F.);
#1841 = EDGE_LOOP('',(#1842,#1843,#1844,#1865));
#1842 = ORIENTED_EDGE('',*,*,#1462,.F.);
#1843 = ORIENTED_EDGE('',*,*,#1821,.F.);
#1844 = ORIENTED_EDGE('',*,*,#1845,.F.);
#1845 = EDGE_CURVE('',#1846,#1801,#1848,.T.);
#1846 = VERTEX_POINT('',#1847);
#1847 = CARTESIAN_POINT('',(-29.12132034356,-10.51517244269,9.5));
#1848 = SURFACE_CURVE('',#1849,(#1853,#1859),.PCURVE_S1.);
#1849 = LINE('',#1850,#1851);
#1850 = CARTESIAN_POINT('',(-48.63390230583,-21.7807668912,
    -10.01258196227));
#1851 = VECTOR('',#1852,1.);
#1852 = DIRECTION('',(-0.654653670708,-0.377964473009,-0.654653670708));
#1853 = PCURVE('',#1477,#1854);
#1854 = DEFINITIONAL_REPRESENTATION('',(#1855),#1858);
#1855 = B_SPLINE_CURVE_WITH_KNOTS('',1,(#1856,#1857),.UNSPECIFIED.,.F.,
  .F.,(2,2),(-29.80596128205,-28.4637559363),.PIECEWISE_BEZIER_KNOTS.);
#1856 = CARTESIAN_POINT('',(80.316233815926,21.484827557301));
#1857 = CARTESIAN_POINT('',(79.073593128807,20.977521621124));
#1858 = ( GEOMETRIC_REPRESENTATION_CONTEXT(2) 
PARAMETRIC_REPRESENTATION_CONTEXT() REPRESENTATION_CONTEXT('2D SPACE',''
  ) );
#1859 = PCURVE('',#1630,#1860);
#1860 = DEFINITIONAL_REPRESENTATION('',(#1861),#1864);
#1861 = B_SPLINE_CURVE_WITH_KNOTS('',1,(#1862,#1863),.UNSPECIFIED.,.F.,
  .F.,(2,2),(-29.80596128205,-28.4637559363),.PIECEWISE_BEZIER_KNOTS.);
#1862 = CARTESIAN_POINT('',(5.030344885397,-29.12132034356));
#1863 = CARTESIAN_POINT('',(6.044956757752,-30.));
#1864 = ( GEOMETRIC_REPRESENTATION_CONTEXT(2) 
PARAMETRIC_REPRESENTATION_CONTEXT() REPRESENTATION_CONTEXT('2D SPACE',''
  ) );
#1865 = ORIENTED_EDGE('',*,*,#1866,.T.);
#1866 = EDGE_CURVE('',#1846,#1437,#1867,.T.);
#1867 = SURFACE_CURVE('',#1868,(#1872,#1878),.PCURVE_S1.);
#1868 = LINE('',#1869,#1870);
#1869 = CARTESIAN_POINT('',(-29.12132034356,-32.,9.5));
#1870 = VECTOR('',#1871,1.);
#1871 = DIRECTION('',(0.,1.,-0.));
#1872 = PCURVE('',#1477,#1873);
#1873 = DEFINITIONAL_REPRESENTATION('',(#1874),#1877);
#1874 = B_SPLINE_CURVE_WITH_KNOTS('',1,(#1875,#1876),.UNSPECIFIED.,.F.,
  .F.,(2,2),(0.,64.),.PIECEWISE_BEZIER_KNOTS.);
#1875 = CARTESIAN_POINT('',(80.316233815926,0.));
#1876 = CARTESIAN_POINT('',(80.316233815926,64.));
#1877 = ( GEOMETRIC_REPRESENTATION_CONTEXT(2) 
PARAMETRIC_REPRESENTATION_CONTEXT() REPRESENTATION_CONTEXT('2D SPACE',''
  ) );
#1878 = PCURVE('',#1451,#1879);
#1879 = DEFINITIONAL_REPRESENTATION('',(#1880),#1883);
#1880 = B_SPLINE_CURVE_WITH_KNOTS('',1,(#1881,#1882),.UNSPECIFIED.,.F.,
  .F.,(2,2),(0.,64.),.PIECEWISE_BEZIER_KNOTS.);
#1881 = CARTESIAN_POINT('',(8.87867965644,0.));
#1882 = CARTESIAN_POINT('',(8.87867965644,64.));
#1883 = ( GEOMETRIC_REPRESENTATION_CONTEXT(2) 
PARAMETRIC_REPRESENTATION_CONTEXT() REPRESENTATION_CONTEXT('2D SPACE',''
  ) );
#1884 = ADVANCED_FACE('',(#1885),#1451,.F.);
#1885 = FACE_BOUND('',#1886,.F.);
#1886 = EDGE_LOOP('',(#1887,#1888,#1889,#1910));
#1887 = ORIENTED_EDGE('',*,*,#1436,.F.);
#1888 = ORIENTED_EDGE('',*,*,#1866,.F.);
#1889 = ORIENTED_EDGE('',*,*,#1890,.F.);
#1890 = EDGE_CURVE('',#1891,#1846,#1893,.T.);
#1891 = VERTEX_POINT('',#1892);
#1892 = CARTESIAN_POINT('',(-24.87867965644,-10.51517244269,9.5));
#1893 = SURFACE_CURVE('',#1894,(#1898,#1904),.PCURVE_S1.);
#1894 = LINE('',#1895,#1896);
#1895 = CARTESIAN_POINT('',(-19.,-10.51517244269,9.5));
#1896 = VECTOR('',#1897,1.);
#1897 = DIRECTION('',(-1.,0.,0.));
#1898 = PCURVE('',#1451,#1899);
#1899 = DEFINITIONAL_REPRESENTATION('',(#1900),#1903);
#1900 = B_SPLINE_CURVE_WITH_KNOTS('',1,(#1901,#1902),.UNSPECIFIED.,.F.,
  .F.,(2,2),(5.87867965644,10.12132034356),.PIECEWISE_BEZIER_KNOTS.);
#1901 = CARTESIAN_POINT('',(13.12132034356,21.484827557301));
#1902 = CARTESIAN_POINT('',(8.87867965644,21.484827557301));
#1903 = ( GEOMETRIC_REPRESENTATION_CONTEXT(2) 
PARAMETRIC_REPRESENTATION_CONTEXT() REPRESENTATION_CONTEXT('2D SPACE',''
  ) );
#1904 = PCURVE('',#1630,#1905);
#1905 = DEFINITIONAL_REPRESENTATION('',(#1906),#1909);
#1906 = B_SPLINE_CURVE_WITH_KNOTS('',1,(#1907,#1908),.UNSPECIFIED.,.F.,
  .F.,(2,2),(5.87867965644,10.12132034356),.PIECEWISE_BEZIER_KNOTS.);
#1907 = CARTESIAN_POINT('',(5.030344885397,-24.87867965644));
#1908 = CARTESIAN_POINT('',(5.030344885397,-29.12132034356));
#1909 = ( GEOMETRIC_REPRESENTATION_CONTEXT(2) 
PARAMETRIC_REPRESENTATION_CONTEXT() REPRESENTATION_CONTEXT('2D SPACE',''
  ) );
#1910 = ORIENTED_EDGE('',*,*,#1911,.T.);
#1911 = EDGE_CURVE('',#1891,#1411,#1912,.T.);
#1912 = SURFACE_CURVE('',#1913,(#1917,#1923),.PCURVE_S1.);
#1913 = LINE('',#1914,#1915);
#1914 = CARTESIAN_POINT('',(-24.87867965644,-32.,9.5));
#1915 = VECTOR('',#1916,1.);
#1916 = DIRECTION('',(0.,1.,-0.));
#1917 = PCURVE('',#1451,#1918);
#1918 = DEFINITIONAL_REPRESENTATION('',(#1919),#1922);
#1919 = B_SPLINE_CURVE_WITH_KNOTS('',1,(#1920,#1921),.UNSPECIFIED.,.F.,
  .F.,(2,2),(0.,64.),.PIECEWISE_BEZIER_KNOTS.);
#1920 = CARTESIAN_POINT('',(13.12132034356,0.));
#1921 = CARTESIAN_POINT('',(13.12132034356,64.));
#1922 = ( GEOMETRIC_REPRESENTATION_CONTEXT(2) 
PARAMETRIC_REPRESENTATION_CONTEXT() REPRESENTATION_CONTEXT('2D SPACE',''
  ) );
#1923 = PCURVE('',#1425,#1924);
#1924 = DEFINITIONAL_REPRESENTATION('',(#1925),#1928);
#1925 = B_SPLINE_CURVE_WITH_KNOTS('',1,(#1926,#1927),.UNSPECIFIED.,.F.,
  .F.,(2,2),(0.,64.),.PIECEWISE_BEZIER_KNOTS.);
#1926 = CARTESIAN_POINT('',(83.316233815926,0.));
#1927 = CARTESIAN_POINT('',(83.316233815926,64.));
#1928 = ( GEOMETRIC_REPRESENTATION_CONTEXT(2) 
PARAMETRIC_REPRESENTATION_CONTEXT() REPRESENTATION_CONTEXT('2D SPACE',''
  ) );
#1929 = ADVANCED_FACE('',(#1930),#1425,.T.);
#1930 = FACE_BOUND('',#1931,.T.);
#1931 = EDGE_LOOP('',(#1932,#1933,#1954,#1973));
#1932 = ORIENTED_EDGE('',*,*,#1410,.F.);
#1933 = ORIENTED_EDGE('',*,*,#1934,.F.);
#1934 = EDGE_CURVE('',#1935,#1385,#1937,.T.);
#1935 = VERTEX_POINT('',#1936);
#1936 = CARTESIAN_POINT('',(-27.87867965644,-12.24722325026,6.5));
#1937 = SURFACE_CURVE('',#1938,(#1942,#1948),.PCURVE_S1.);
#1938 = LINE('',#1939,#1940);
#1939 = CARTESIAN_POINT('',(-27.87867965644,-32.,6.5));
#1940 = VECTOR('',#1941,1.);
#1941 = DIRECTION('',(0.,1.,-0.));
#1942 = PCURVE('',#1425,#1943);
#1943 = DEFINITIONAL_REPRESENTATION('',(#1944),#1947);
#1944 = B_SPLINE_CURVE_WITH_KNOTS('',1,(#1945,#1946),.UNSPECIFIED.,.F.,
  .F.,(2,2),(0.,64.),.PIECEWISE_BEZIER_KNOTS.);
#1945 = CARTESIAN_POINT('',(79.073593128807,0.));
#1946 = CARTESIAN_POINT('',(79.073593128807,64.));
#1947 = ( GEOMETRIC_REPRESENTATION_CONTEXT(2) 
PARAMETRIC_REPRESENTATION_CONTEXT() REPRESENTATION_CONTEXT('2D SPACE',''
  ) );
#1948 = PCURVE('',#1399,#1949);
#1949 = DEFINITIONAL_REPRESENTATION('',(#1950),#1953);
#1950 = B_SPLINE_CURVE_WITH_KNOTS('',1,(#1951,#1952),.UNSPECIFIED.,.F.,
  .F.,(2,2),(0.,64.),.PIECEWISE_BEZIER_KNOTS.);
#1951 = CARTESIAN_POINT('',(79.073593128807,0.));
#1952 = CARTESIAN_POINT('',(79.073593128807,64.));
#1953 = ( GEOMETRIC_REPRESENTATION_CONTEXT(2) 
PARAMETRIC_REPRESENTATION_CONTEXT() REPRESENTATION_CONTEXT('2D SPACE',''
  ) );
#1954 = ORIENTED_EDGE('',*,*,#1955,.F.);
#1955 = EDGE_CURVE('',#1891,#1935,#1956,.T.);
#1956 = SURFACE_CURVE('',#1957,(#1961,#1967),.PCURVE_S1.);
#1957 = LINE('',#1958,#1959);
#1958 = CARTESIAN_POINT('',(-46.20953619891,-22.83054820953,
    -11.83085654246));
#1959 = VECTOR('',#1960,1.);
#1960 = DIRECTION('',(-0.654653670708,-0.377964473009,-0.654653670708));
#1961 = PCURVE('',#1425,#1962);
#1962 = DEFINITIONAL_REPRESENTATION('',(#1963),#1966);
#1963 = B_SPLINE_CURVE_WITH_KNOTS('',1,(#1964,#1965),.UNSPECIFIED.,.F.,
  .F.,(2,2),(-32.58342158137,-28.00084588641),.PIECEWISE_BEZIER_KNOTS.);
#1964 = CARTESIAN_POINT('',(83.316233815926,21.484827557301));
#1965 = CARTESIAN_POINT('',(79.073593128807,19.752776749733));
#1966 = ( GEOMETRIC_REPRESENTATION_CONTEXT(2) 
PARAMETRIC_REPRESENTATION_CONTEXT() REPRESENTATION_CONTEXT('2D SPACE',''
  ) );
#1967 = PCURVE('',#1630,#1968);
#1968 = DEFINITIONAL_REPRESENTATION('',(#1969),#1972);
#1969 = B_SPLINE_CURVE_WITH_KNOTS('',1,(#1970,#1971),.UNSPECIFIED.,.F.,
  .F.,(2,2),(-32.58342158137,-28.00084588641),.PIECEWISE_BEZIER_KNOTS.);
#1970 = CARTESIAN_POINT('',(5.030344885397,-24.87867965644));
#1971 = CARTESIAN_POINT('',(8.494446500535,-27.87867965644));
#1972 = ( GEOMETRIC_REPRESENTATION_CONTEXT(2) 
PARAMETRIC_REPRESENTATION_CONTEXT() REPRESENTATION_CONTEXT('2D SPACE',''
  ) );
#1973 = ORIENTED_EDGE('',*,*,#1911,.T.);
#1974 = ADVANCED_FACE('',(#1975),#1399,.F.);
#1975 = FACE_BOUND('',#1976,.F.);
#1976 = EDGE_LOOP('',(#1977,#1978,#1979,#2000));
#1977 = ORIENTED_EDGE('',*,*,#1384,.F.);
#1978 = ORIENTED_EDGE('',*,*,#1934,.F.);
#1979 = ORIENTED_EDGE('',*,*,#1980,.F.);
#1980 = EDGE_CURVE('',#1981,#1935,#1983,.T.);
#1981 = VERTEX_POINT('',#1982);
#1982 = CARTESIAN_POINT('',(-24.,-14.48657999401,2.62132034356));
#1983 = SURFACE_CURVE('',#1984,(#1988,#1994),.PCURVE_S1.);
#1984 = LINE('',#1985,#1986);
#1985 = CARTESIAN_POINT('',(-45.52565233049,-2.05873882652,
    24.146972674055));
#1986 = VECTOR('',#1987,1.);
#1987 = DIRECTION('',(-0.654653670708,0.377964473009,0.654653670708));
#1988 = PCURVE('',#1399,#1989);
#1989 = DEFINITIONAL_REPRESENTATION('',(#1990),#1993);
#1990 = B_SPLINE_CURVE_WITH_KNOTS('',1,(#1991,#1992),.UNSPECIFIED.,.F.,
  .F.,(2,2),(-32.8809770626,-26.95619602189),.PIECEWISE_BEZIER_KNOTS.);
#1991 = CARTESIAN_POINT('',(84.558874503046,17.513420005986));
#1992 = CARTESIAN_POINT('',(79.073593128807,19.752776749733));
#1993 = ( GEOMETRIC_REPRESENTATION_CONTEXT(2) 
PARAMETRIC_REPRESENTATION_CONTEXT() REPRESENTATION_CONTEXT('2D SPACE',''
  ) );
#1994 = PCURVE('',#1630,#1995);
#1995 = DEFINITIONAL_REPRESENTATION('',(#1996),#1999);
#1996 = B_SPLINE_CURVE_WITH_KNOTS('',1,(#1997,#1998),.UNSPECIFIED.,.F.,
  .F.,(2,2),(-32.8809770626,-26.95619602189),.PIECEWISE_BEZIER_KNOTS.);
#1997 = CARTESIAN_POINT('',(12.973159988027,-24.));
#1998 = CARTESIAN_POINT('',(8.494446500535,-27.87867965644));
#1999 = ( GEOMETRIC_REPRESENTATION_CONTEXT(2) 
PARAMETRIC_REPRESENTATION_CONTEXT() REPRESENTATION_CONTEXT('2D SPACE',''
  ) );
#2000 = ORIENTED_EDGE('',*,*,#2001,.T.);
#2001 = EDGE_CURVE('',#1981,#1359,#2002,.T.);
#2002 = SURFACE_CURVE('',#2003,(#2007,#2013),.PCURVE_S1.);
#2003 = LINE('',#2004,#2005);
#2004 = CARTESIAN_POINT('',(-24.,-32.,2.62132034356));
#2005 = VECTOR('',#2006,1.);
#2006 = DIRECTION('',(0.,1.,-0.));
#2007 = PCURVE('',#1399,#2008);
#2008 = DEFINITIONAL_REPRESENTATION('',(#2009),#2012);
#2009 = B_SPLINE_CURVE_WITH_KNOTS('',1,(#2010,#2011),.UNSPECIFIED.,.F.,
  .F.,(2,2),(0.,64.),.PIECEWISE_BEZIER_KNOTS.);
#2010 = CARTESIAN_POINT('',(84.558874503046,0.));
#2011 = CARTESIAN_POINT('',(84.558874503046,64.));
#2012 = ( GEOMETRIC_REPRESENTATION_CONTEXT(2) 
PARAMETRIC_REPRESENTATION_CONTEXT() REPRESENTATION_CONTEXT('2D SPACE',''
  ) );
#2013 = PCURVE('',#1373,#2014);
#2014 = DEFINITIONAL_REPRESENTATION('',(#2015),#2018);
#2015 = B_SPLINE_CURVE_WITH_KNOTS('',1,(#2016,#2017),.UNSPECIFIED.,.F.,
  .F.,(2,2),(0.,64.),.PIECEWISE_BEZIER_KNOTS.);
#2016 = CARTESIAN_POINT('',(87.558874503046,0.));
#2017 = CARTESIAN_POINT('',(87.558874503046,64.));
#2018 = ( GEOMETRIC_REPRESENTATION_CONTEXT(2) 
PARAMETRIC_REPRESENTATION_CONTEXT() REPRESENTATION_CONTEXT('2D SPACE',''
  ) );
#2019 = ADVANCED_FACE('',(#2020),#1373,.F.);
#2020 = FACE_BOUND('',#2021,.F.);
#2021 = EDGE_LOOP('',(#2022,#2023,#2024,#2045));
#2022 = ORIENTED_EDGE('',*,*,#1358,.F.);
#2023 = ORIENTED_EDGE('',*,*,#2001,.F.);
#2024 = ORIENTED_EDGE('',*,*,#2025,.F.);
#2025 = EDGE_CURVE('',#2026,#1981,#2028,.T.);
#2026 = VERTEX_POINT('',#2027);
#2027 = CARTESIAN_POINT('',(-20.12132034356,-12.24722325026,6.5));
#2028 = SURFACE_CURVE('',#2029,(#2033,#2039),.PCURVE_S1.);
#2029 = LINE('',#2030,#2031);
#2030 = CARTESIAN_POINT('',(-44.34818802012,-26.23461182495,
    -17.72686767656));
#2031 = VECTOR('',#2032,1.);
#2032 = DIRECTION('',(-0.654653670708,-0.377964473009,-0.654653670708));
#2033 = PCURVE('',#1373,#2034);
#2034 = DEFINITIONAL_REPRESENTATION('',(#2035),#2038);
#2035 = B_SPLINE_CURVE_WITH_KNOTS('',1,(#2036,#2037),.UNSPECIFIED.,.F.,
  .F.,(2,2),(-37.00715165984,-31.08237061913),.PIECEWISE_BEZIER_KNOTS.);
#2036 = CARTESIAN_POINT('',(93.044155877284,19.752776749733));
#2037 = CARTESIAN_POINT('',(87.558874503046,17.513420005986));
#2038 = ( GEOMETRIC_REPRESENTATION_CONTEXT(2) 
PARAMETRIC_REPRESENTATION_CONTEXT() REPRESENTATION_CONTEXT('2D SPACE',''
  ) );
#2039 = PCURVE('',#1630,#2040);
#2040 = DEFINITIONAL_REPRESENTATION('',(#2041),#2044);
#2041 = B_SPLINE_CURVE_WITH_KNOTS('',1,(#2042,#2043),.UNSPECIFIED.,.F.,
  .F.,(2,2),(-37.00715165984,-31.08237061913),.PIECEWISE_BEZIER_KNOTS.);
#2042 = CARTESIAN_POINT('',(8.494446500535,-20.12132034356));
#2043 = CARTESIAN_POINT('',(12.973159988027,-24.));
#2044 = ( GEOMETRIC_REPRESENTATION_CONTEXT(2) 
PARAMETRIC_REPRESENTATION_CONTEXT() REPRESENTATION_CONTEXT('2D SPACE',''
  ) );
#2045 = ORIENTED_EDGE('',*,*,#2046,.T.);
#2046 = EDGE_CURVE('',#2026,#1333,#2047,.T.);
#2047 = SURFACE_CURVE('',#2048,(#2052,#2058),.PCURVE_S1.);
#2048 = LINE('',#2049,#2050);
#2049 = CARTESIAN_POINT('',(-20.12132034356,-32.,6.5));
#2050 = VECTOR('',#2051,1.);
#2051 = DIRECTION('',(0.,1.,-0.));
#2052 = PCURVE('',#1373,#2053);
#2053 = DEFINITIONAL_REPRESENTATION('',(#2054),#2057);
#2054 = B_SPLINE_CURVE_WITH_KNOTS('',1,(#2055,#2056),.UNSPECIFIED.,.F.,
  .F.,(2,2),(0.,64.),.PIECEWISE_BEZIER_KNOTS.);
#2055 = CARTESIAN_POINT('',(93.044155877284,0.));
#2056 = CARTESIAN_POINT('',(93.044155877284,64.));
#2057 = ( GEOMETRIC_REPRESENTATION_CONTEXT(2) 
PARAMETRIC_REPRESENTATION_CONTEXT() REPRESENTATION_CONTEXT('2D SPACE',''
  ) );
#2058 = PCURVE('',#1347,#2059);
#2059 = DEFINITIONAL_REPRESENTATION('',(#2060),#2063);
#2060 = B_SPLINE_CURVE_WITH_KNOTS('',1,(#2061,#2062),.UNSPECIFIED.,.F.,
  .F.,(2,2),(0.,64.),.PIECEWISE_BEZIER_KNOTS.);
#2061 = CARTESIAN_POINT('',(93.044155877284,0.));
#2062 = CARTESIAN_POINT('',(93.044155877284,64.));
#2063 = ( GEOMETRIC_REPRESENTATION_CONTEXT(2) 
PARAMETRIC_REPRESENTATION_CONTEXT() REPRESENTATION_CONTEXT('2D SPACE',''
  ) );
#2064 = ADVANCED_FACE('',(#2065),#1347,.T.);
#2065 = FACE_BOUND('',#2066,.T.);
#2066 = EDGE_LOOP('',(#2067,#2068,#2089,#2108));
#2067 = ORIENTED_EDGE('',*,*,#1332,.F.);
#2068 = ORIENTED_EDGE('',*,*,#2069,.T.);
#2069 = EDGE_CURVE('',#1307,#2070,#2072,.T.);
#2070 = VERTEX_POINT('',#2071);
#2071 = CARTESIAN_POINT('',(-23.12132034356,-10.51517244269,9.5));
#2072 = SURFACE_CURVE('',#2073,(#2077,#2083),.PCURVE_S1.);
#2073 = LINE('',#2074,#2075);
#2074 = CARTESIAN_POINT('',(-23.12132034356,-32.,9.5));
#2075 = VECTOR('',#2076,1.);
#2076 = DIRECTION('',(0.,-1.,0.));
#2077 = PCURVE('',#1347,#2078);
#2078 = DEFINITIONAL_REPRESENTATION('',(#2079),#2082);
#2079 = B_SPLINE_CURVE_WITH_KNOTS('',1,(#2080,#2081),.UNSPECIFIED.,.F.,
  .F.,(2,2),(-64.,0.),.PIECEWISE_BEZIER_KNOTS.);
#2080 = CARTESIAN_POINT('',(88.801515190165,64.));
#2081 = CARTESIAN_POINT('',(88.801515190165,0.));
#2082 = ( GEOMETRIC_REPRESENTATION_CONTEXT(2) 
PARAMETRIC_REPRESENTATION_CONTEXT() REPRESENTATION_CONTEXT('2D SPACE',''
  ) );
#2083 = PCURVE('',#1321,#2084);
#2084 = DEFINITIONAL_REPRESENTATION('',(#2085),#2088);
#2085 = B_SPLINE_CURVE_WITH_KNOTS('',1,(#2086,#2087),.UNSPECIFIED.,.F.,
  .F.,(2,2),(-64.,0.),.PIECEWISE_BEZIER_KNOTS.);
#2086 = CARTESIAN_POINT('',(14.87867965644,64.));
#2087 = CARTESIAN_POINT('',(14.87867965644,0.));
#2088 = ( GEOMETRIC_REPRESENTATION_CONTEXT(2) 
PARAMETRIC_REPRESENTATION_CONTEXT() REPRESENTATION_CONTEXT('2D SPACE',''
  ) );
#2089 = ORIENTED_EDGE('',*,*,#2090,.F.);
#2090 = EDGE_CURVE('',#2026,#2070,#2091,.T.);
#2091 = SURFACE_CURVE('',#2092,(#2096,#2102),.PCURVE_S1.);
#2092 = LINE('',#2093,#2094);
#2093 = CARTESIAN_POINT('',(-43.6643041517,1.345324788893,
    30.042983808147));
#2094 = VECTOR('',#2095,1.);
#2095 = DIRECTION('',(-0.654653670708,0.377964473009,0.654653670708));
#2096 = PCURVE('',#1347,#2097);
#2097 = DEFINITIONAL_REPRESENTATION('',(#2098),#2101);
#2098 = B_SPLINE_CURVE_WITH_KNOTS('',1,(#2099,#2100),.UNSPECIFIED.,.F.,
  .F.,(2,2),(-35.96250179531,-31.37992610036),.PIECEWISE_BEZIER_KNOTS.);
#2099 = CARTESIAN_POINT('',(93.044155877284,19.752776749733));
#2100 = CARTESIAN_POINT('',(88.801515190165,21.484827557301));
#2101 = ( GEOMETRIC_REPRESENTATION_CONTEXT(2) 
PARAMETRIC_REPRESENTATION_CONTEXT() REPRESENTATION_CONTEXT('2D SPACE',''
  ) );
#2102 = PCURVE('',#1630,#2103);
#2103 = DEFINITIONAL_REPRESENTATION('',(#2104),#2107);
#2104 = B_SPLINE_CURVE_WITH_KNOTS('',1,(#2105,#2106),.UNSPECIFIED.,.F.,
  .F.,(2,2),(-35.96250179531,-31.37992610036),.PIECEWISE_BEZIER_KNOTS.);
#2105 = CARTESIAN_POINT('',(8.494446500535,-20.12132034356));
#2106 = CARTESIAN_POINT('',(5.030344885397,-23.12132034356));
#2107 = ( GEOMETRIC_REPRESENTATION_CONTEXT(2) 
PARAMETRIC_REPRESENTATION_CONTEXT() REPRESENTATION_CONTEXT('2D SPACE',''
  ) );
#2108 = ORIENTED_EDGE('',*,*,#2046,.T.);
#2109 = ADVANCED_FACE('',(#2110),#1321,.F.);
#2110 = FACE_BOUND('',#2111,.F.);
#2111 = EDGE_LOOP('',(#2112,#2113,#2114,#2135));
#2112 = ORIENTED_EDGE('',*,*,#1306,.F.);
#2113 = ORIENTED_EDGE('',*,*,#2069,.T.);
#2114 = ORIENTED_EDGE('',*,*,#2115,.F.);
#2115 = EDGE_CURVE('',#2116,#2070,#2118,.T.);
#2116 = VERTEX_POINT('',#2117);
#2117 = CARTESIAN_POINT('',(-18.87867965644,-10.51517244269,9.5));
#2118 = SURFACE_CURVE('',#2119,(#2123,#2129),.PCURVE_S1.);
#2119 = LINE('',#2120,#2121);
#2120 = CARTESIAN_POINT('',(-19.,-10.51517244269,9.5));
#2121 = VECTOR('',#2122,1.);
#2122 = DIRECTION('',(-1.,0.,0.));
#2123 = PCURVE('',#1321,#2124);
#2124 = DEFINITIONAL_REPRESENTATION('',(#2125),#2128);
#2125 = B_SPLINE_CURVE_WITH_KNOTS('',1,(#2126,#2127),.UNSPECIFIED.,.F.,
  .F.,(2,2),(-0.12132034356,4.12132034356),.PIECEWISE_BEZIER_KNOTS.);
#2126 = CARTESIAN_POINT('',(19.12132034356,21.484827557301));
#2127 = CARTESIAN_POINT('',(14.87867965644,21.484827557301));
#2128 = ( GEOMETRIC_REPRESENTATION_CONTEXT(2) 
PARAMETRIC_REPRESENTATION_CONTEXT() REPRESENTATION_CONTEXT('2D SPACE',''
  ) );
#2129 = PCURVE('',#1630,#2130);
#2130 = DEFINITIONAL_REPRESENTATION('',(#2131),#2134);
#2131 = B_SPLINE_CURVE_WITH_KNOTS('',1,(#2132,#2133),.UNSPECIFIED.,.F.,
  .F.,(2,2),(-0.12132034356,4.12132034356),.PIECEWISE_BEZIER_KNOTS.);
#2132 = CARTESIAN_POINT('',(5.030344885397,-18.87867965644));
#2133 = CARTESIAN_POINT('',(5.030344885397,-23.12132034356));
#2134 = ( GEOMETRIC_REPRESENTATION_CONTEXT(2) 
PARAMETRIC_REPRESENTATION_CONTEXT() REPRESENTATION_CONTEXT('2D SPACE',''
  ) );
#2135 = ORIENTED_EDGE('',*,*,#2136,.F.);
#2136 = EDGE_CURVE('',#1281,#2116,#2137,.T.);
#2137 = SURFACE_CURVE('',#2138,(#2142,#2148),.PCURVE_S1.);
#2138 = LINE('',#2139,#2140);
#2139 = CARTESIAN_POINT('',(-18.87867965644,-32.,9.5));
#2140 = VECTOR('',#2141,1.);
#2141 = DIRECTION('',(0.,-1.,0.));
#2142 = PCURVE('',#1321,#2143);
#2143 = DEFINITIONAL_REPRESENTATION('',(#2144),#2147);
#2144 = B_SPLINE_CURVE_WITH_KNOTS('',1,(#2145,#2146),.UNSPECIFIED.,.F.,
  .F.,(2,2),(-64.,0.),.PIECEWISE_BEZIER_KNOTS.);
#2145 = CARTESIAN_POINT('',(19.12132034356,64.));
#2146 = CARTESIAN_POINT('',(19.12132034356,0.));
#2147 = ( GEOMETRIC_REPRESENTATION_CONTEXT(2) 
PARAMETRIC_REPRESENTATION_CONTEXT() REPRESENTATION_CONTEXT('2D SPACE',''
  ) );
#2148 = PCURVE('',#1295,#2149);
#2149 = DEFINITIONAL_REPRESENTATION('',(#2150),#2153);
#2150 = B_SPLINE_CURVE_WITH_KNOTS('',1,(#2151,#2152),.UNSPECIFIED.,.F.,
  .F.,(2,2),(-64.,0.),.PIECEWISE_BEZIER_KNOTS.);
#2151 = CARTESIAN_POINT('',(91.801515190165,64.));
#2152 = CARTESIAN_POINT('',(91.801515190165,0.));
#2153 = ( GEOMETRIC_REPRESENTATION_CONTEXT(2) 
PARAMETRIC_REPRESENTATION_CONTEXT() REPRESENTATION_CONTEXT('2D SPACE',''
  ) );
#2154 = ADVANCED_FACE('',(#2155),#1295,.F.);
#2155 = FACE_BOUND('',#2156,.F.);
#2156 = EDGE_LOOP('',(#2157,#2158,#2159,#2180));
#2157 = ORIENTED_EDGE('',*,*,#1280,.F.);
#2158 = ORIENTED_EDGE('',*,*,#2136,.T.);
#2159 = ORIENTED_EDGE('',*,*,#2160,.F.);
#2160 = EDGE_CURVE('',#2161,#2116,#2163,.T.);
#2161 = VERTEX_POINT('',#2162);
#2162 = CARTESIAN_POINT('',(-18.,-11.02247837887,8.62132034356));
#2163 = SURFACE_CURVE('',#2164,(#2168,#2174),.PCURVE_S1.);
#2164 = LINE('',#2165,#2166);
#2165 = CARTESIAN_POINT('',(-41.23993804478,2.395106107229,
    31.861258388341));
#2166 = VECTOR('',#2167,1.);
#2167 = DIRECTION('',(-0.654653670708,0.377964473009,0.654653670708));
#2168 = PCURVE('',#1295,#2169);
#2169 = DEFINITIONAL_REPRESENTATION('',(#2170),#2173);
#2170 = B_SPLINE_CURVE_WITH_KNOTS('',1,(#2171,#2172),.UNSPECIFIED.,.F.,
  .F.,(2,2),(-35.49959174543,-34.15738639968),.PIECEWISE_BEZIER_KNOTS.);
#2171 = CARTESIAN_POINT('',(93.044155877284,20.977521621124));
#2172 = CARTESIAN_POINT('',(91.801515190165,21.484827557301));
#2173 = ( GEOMETRIC_REPRESENTATION_CONTEXT(2) 
PARAMETRIC_REPRESENTATION_CONTEXT() REPRESENTATION_CONTEXT('2D SPACE',''
  ) );
#2174 = PCURVE('',#1630,#2175);
#2175 = DEFINITIONAL_REPRESENTATION('',(#2176),#2179);
#2176 = B_SPLINE_CURVE_WITH_KNOTS('',1,(#2177,#2178),.UNSPECIFIED.,.F.,
  .F.,(2,2),(-35.49959174543,-34.15738639968),.PIECEWISE_BEZIER_KNOTS.);
#2177 = CARTESIAN_POINT('',(6.044956757752,-18.));
#2178 = CARTESIAN_POINT('',(5.030344885397,-18.87867965644));
#2179 = ( GEOMETRIC_REPRESENTATION_CONTEXT(2) 
PARAMETRIC_REPRESENTATION_CONTEXT() REPRESENTATION_CONTEXT('2D SPACE',''
  ) );
#2180 = ORIENTED_EDGE('',*,*,#2181,.T.);
#2181 = EDGE_CURVE('',#2161,#1255,#2182,.T.);
#2182 = SURFACE_CURVE('',#2183,(#2187,#2193),.PCURVE_S1.);
#2183 = LINE('',#2184,#2185);
#2184 = CARTESIAN_POINT('',(-18.,-32.,8.62132034356));
#2185 = VECTOR('',#2186,1.);
#2186 = DIRECTION('',(0.,1.,-0.));
#2187 = PCURVE('',#1295,#2188);
#2188 = DEFINITIONAL_REPRESENTATION('',(#2189),#2192);
#2189 = B_SPLINE_CURVE_WITH_KNOTS('',1,(#2190,#2191),.UNSPECIFIED.,.F.,
  .F.,(2,2),(0.,64.),.PIECEWISE_BEZIER_KNOTS.);
#2190 = CARTESIAN_POINT('',(93.044155877284,0.));
#2191 = CARTESIAN_POINT('',(93.044155877284,64.));
#2192 = ( GEOMETRIC_REPRESENTATION_CONTEXT(2) 
PARAMETRIC_REPRESENTATION_CONTEXT() REPRESENTATION_CONTEXT('2D SPACE',''
  ) );
#2193 = PCURVE('',#1269,#2194);
#2194 = DEFINITIONAL_REPRESENTATION('',(#2195),#2198);
#2195 = B_SPLINE_CURVE_WITH_KNOTS('',1,(#2196,#2197),.UNSPECIFIED.,.F.,
  .F.,(2,2),(0.,64.),.PIECEWISE_BEZIER_KNOTS.);
#2196 = CARTESIAN_POINT('',(96.044155877284,0.));
#2197 = CARTESIAN_POINT('',(96.044155877284,64.));
#2198 = ( GEOMETRIC_REPRESENTATION_CONTEXT(2) 
PARAMETRIC_REPRESENTATION_CONTEXT() REPRESENTATION_CONTEXT('2D SPACE',''
  ) );
#2199 = ADVANCED_FACE('',(#2200),#1269,.F.);
#2200 = FACE_BOUND('',#2201,.F.);
#2201 = EDGE_LOOP('',(#2202,#2203,#2204,#2225));
#2202 = ORIENTED_EDGE('',*,*,#1254,.F.);
#2203 = ORIENTED_EDGE('',*,*,#2181,.F.);
#2204 = ORIENTED_EDGE('',*,*,#2205,.F.);
#2205 = EDGE_CURVE('',#2206,#2161,#2208,.T.);
#2206 = VERTEX_POINT('',#2207);
#2207 = CARTESIAN_POINT('',(-17.12132034356,-10.51517244269,9.5));
#2208 = SURFACE_CURVE('',#2209,(#2213,#2219),.PCURVE_S1.);
#2209 = LINE('',#2210,#2211);
#2210 = CARTESIAN_POINT('',(-44.34818802012,-26.23461182495,
    -17.72686767656));
#2211 = VECTOR('',#2212,1.);
#2212 = DIRECTION('',(-0.654653670708,-0.377964473009,-0.654653670708));
#2213 = PCURVE('',#1269,#2214);
#2214 = DEFINITIONAL_REPRESENTATION('',(#2215),#2218);
#2215 = B_SPLINE_CURVE_WITH_KNOTS('',1,(#2216,#2217),.UNSPECIFIED.,.F.,
  .F.,(2,2),(-41.58972735479,-40.24752200904),.PIECEWISE_BEZIER_KNOTS.);
#2216 = CARTESIAN_POINT('',(97.286796564404,21.484827557301));
#2217 = CARTESIAN_POINT('',(96.044155877284,20.977521621124));
#2218 = ( GEOMETRIC_REPRESENTATION_CONTEXT(2) 
PARAMETRIC_REPRESENTATION_CONTEXT() REPRESENTATION_CONTEXT('2D SPACE',''
  ) );
#2219 = PCURVE('',#1630,#2220);
#2220 = DEFINITIONAL_REPRESENTATION('',(#2221),#2224);
#2221 = B_SPLINE_CURVE_WITH_KNOTS('',1,(#2222,#2223),.UNSPECIFIED.,.F.,
  .F.,(2,2),(-41.58972735479,-40.24752200904),.PIECEWISE_BEZIER_KNOTS.);
#2222 = CARTESIAN_POINT('',(5.030344885397,-17.12132034356));
#2223 = CARTESIAN_POINT('',(6.044956757752,-18.));
#2224 = ( GEOMETRIC_REPRESENTATION_CONTEXT(2) 
PARAMETRIC_REPRESENTATION_CONTEXT() REPRESENTATION_CONTEXT('2D SPACE',''
  ) );
#2225 = ORIENTED_EDGE('',*,*,#2226,.T.);
#2226 = EDGE_CURVE('',#2206,#1229,#2227,.T.);
#2227 = SURFACE_CURVE('',#2228,(#2232,#2238),.PCURVE_S1.);
#2228 = LINE('',#2229,#2230);
#2229 = CARTESIAN_POINT('',(-17.12132034356,-32.,9.5));
#2230 = VECTOR('',#2231,1.);
#2231 = DIRECTION('',(0.,1.,-0.));
#2232 = PCURVE('',#1269,#2233);
#2233 = DEFINITIONAL_REPRESENTATION('',(#2234),#2237);
#2234 = B_SPLINE_CURVE_WITH_KNOTS('',1,(#2235,#2236),.UNSPECIFIED.,.F.,
  .F.,(2,2),(0.,64.),.PIECEWISE_BEZIER_KNOTS.);
#2235 = CARTESIAN_POINT('',(97.286796564404,0.));
#2236 = CARTESIAN_POINT('',(97.286796564404,64.));
#2237 = ( GEOMETRIC_REPRESENTATION_CONTEXT(2) 
PARAMETRIC_REPRESENTATION_CONTEXT() REPRESENTATION_CONTEXT('2D SPACE',''
  ) );
#2238 = PCURVE('',#1243,#2239);
#2239 = DEFINITIONAL_REPRESENTATION('',(#2240),#2243);
#2240 = B_SPLINE_CURVE_WITH_KNOTS('',1,(#2241,#2242),.UNSPECIFIED.,.F.,
  .F.,(2,2),(0.,64.),.PIECEWISE_BEZIER_KNOTS.);
#2241 = CARTESIAN_POINT('',(20.87867965644,0.));
#2242 = CARTESIAN_POINT('',(20.87867965644,64.));
#2243 = ( GEOMETRIC_REPRESENTATION_CONTEXT(2) 
PARAMETRIC_REPRESENTATION_CONTEXT() REPRESENTATION_CONTEXT('2D SPACE',''
  ) );
#2244 = ADVANCED_FACE('',(#2245),#1243,.F.);
#2245 = FACE_BOUND('',#2246,.F.);
#2246 = EDGE_LOOP('',(#2247,#2248,#2249,#2270));
#2247 = ORIENTED_EDGE('',*,*,#1228,.F.);
#2248 = ORIENTED_EDGE('',*,*,#2226,.F.);
#2249 = ORIENTED_EDGE('',*,*,#2250,.F.);
#2250 = EDGE_CURVE('',#2251,#2206,#2253,.T.);
#2251 = VERTEX_POINT('',#2252);
#2252 = CARTESIAN_POINT('',(-12.87867965644,-10.51517244269,9.5));
#2253 = SURFACE_CURVE('',#2254,(#2258,#2264),.PCURVE_S1.);
#2254 = LINE('',#2255,#2256);
#2255 = CARTESIAN_POINT('',(-19.,-10.51517244269,9.5));
#2256 = VECTOR('',#2257,1.);
#2257 = DIRECTION('',(-1.,0.,0.));
#2258 = PCURVE('',#1243,#2259);
#2259 = DEFINITIONAL_REPRESENTATION('',(#2260),#2263);
#2260 = B_SPLINE_CURVE_WITH_KNOTS('',1,(#2261,#2262),.UNSPECIFIED.,.F.,
  .F.,(2,2),(-6.12132034356,-1.87867965644),.PIECEWISE_BEZIER_KNOTS.);
#2261 = CARTESIAN_POINT('',(25.12132034356,21.484827557301));
#2262 = CARTESIAN_POINT('',(20.87867965644,21.484827557301));
#2263 = ( GEOMETRIC_REPRESENTATION_CONTEXT(2) 
PARAMETRIC_REPRESENTATION_CONTEXT() REPRESENTATION_CONTEXT('2D SPACE',''
  ) );
#2264 = PCURVE('',#1630,#2265);
#2265 = DEFINITIONAL_REPRESENTATION('',(#2266),#2269);
#2266 = B_SPLINE_CURVE_WITH_KNOTS('',1,(#2267,#2268),.UNSPECIFIED.,.F.,
  .F.,(2,2),(-6.12132034356,-1.87867965644),.PIECEWISE_BEZIER_KNOTS.);
#2267 = CARTESIAN_POINT('',(5.030344885397,-12.87867965644));
#2268 = CARTESIAN_POINT('',(5.030344885397,-17.12132034356));
#2269 = ( GEOMETRIC_REPRESENTATION_CONTEXT(2) 
PARAMETRIC_REPRESENTATION_CONTEXT() REPRESENTATION_CONTEXT('2D SPACE',''
  ) );
#2270 = ORIENTED_EDGE('',*,*,#2271,.T.);
#2271 = EDGE_CURVE('',#2251,#1203,#2272,.T.);
#2272 = SURFACE_CURVE('',#2273,(#2277,#2283),.PCURVE_S1.);
#2273 = LINE('',#2274,#2275);
#2274 = CARTESIAN_POINT('',(-12.87867965644,-32.,9.5));
#2275 = VECTOR('',#2276,1.);
#2276 = DIRECTION('',(0.,1.,-0.));
#2277 = PCURVE('',#1243,#2278);
#2278 = DEFINITIONAL_REPRESENTATION('',(#2279),#2282);
#2279 = B_SPLINE_CURVE_WITH_KNOTS('',1,(#2280,#2281),.UNSPECIFIED.,.F.,
  .F.,(2,2),(0.,64.),.PIECEWISE_BEZIER_KNOTS.);
#2280 = CARTESIAN_POINT('',(25.12132034356,0.));
#2281 = CARTESIAN_POINT('',(25.12132034356,64.));
#2282 = ( GEOMETRIC_REPRESENTATION_CONTEXT(2) 
PARAMETRIC_REPRESENTATION_CONTEXT() REPRESENTATION_CONTEXT('2D SPACE',''
  ) );
#2283 = PCURVE('',#1217,#2284);
#2284 = DEFINITIONAL_REPRESENTATION('',(#2285),#2288);
#2285 = B_SPLINE_CURVE_WITH_KNOTS('',1,(#2286,#2287),.UNSPECIFIED.,.F.,
  .F.,(2,2),(0.,64.),.PIECEWISE_BEZIER_KNOTS.);
#2286 = CARTESIAN_POINT('',(100.2867965644,0.));
#2287 = CARTESIAN_POINT('',(100.2867965644,64.));
#2288 = ( GEOMETRIC_REPRESENTATION_CONTEXT(2) 
PARAMETRIC_REPRESENTATION_CONTEXT() REPRESENTATION_CONTEXT('2D SPACE',''
  ) );
#2289 = ADVANCED_FACE('',(#2290),#1217,.T.);
#2290 = FACE_BOUND('',#2291,.T.);
#2291 = EDGE_LOOP('',(#2292,#2293,#2314,#2333));
#2292 = ORIENTED_EDGE('',*,*,#1202,.F.);
#2293 = ORIENTED_EDGE('',*,*,#2294,.F.);
#2294 = EDGE_CURVE('',#2295,#1177,#2297,.T.);
#2295 = VERTEX_POINT('',#2296);
#2296 = CARTESIAN_POINT('',(-15.87867965644,-12.24722325026,6.5));
#2297 = SURFACE_CURVE('',#2298,(#2302,#2308),.PCURVE_S1.);
#2298 = LINE('',#2299,#2300);
#2299 = CARTESIAN_POINT('',(-15.87867965644,-32.,6.5));
#2300 = VECTOR('',#2301,1.);
#2301 = DIRECTION('',(0.,1.,-0.));
#2302 = PCURVE('',#1217,#2303);
#2303 = DEFINITIONAL_REPRESENTATION('',(#2304),#2307);
#2304 = B_SPLINE_CURVE_WITH_KNOTS('',1,(#2305,#2306),.UNSPECIFIED.,.F.,
  .F.,(2,2),(0.,64.),.PIECEWISE_BEZIER_KNOTS.);
#2305 = CARTESIAN_POINT('',(96.044155877284,0.));
#2306 = CARTESIAN_POINT('',(96.044155877284,64.));
#2307 = ( GEOMETRIC_REPRESENTATION_CONTEXT(2) 
PARAMETRIC_REPRESENTATION_CONTEXT() REPRESENTATION_CONTEXT('2D SPACE',''
  ) );
#2308 = PCURVE('',#1191,#2309);
#2309 = DEFINITIONAL_REPRESENTATION('',(#2310),#2313);
#2310 = B_SPLINE_CURVE_WITH_KNOTS('',1,(#2311,#2312),.UNSPECIFIED.,.F.,
  .F.,(2,2),(0.,64.),.PIECEWISE_BEZIER_KNOTS.);
#2311 = CARTESIAN_POINT('',(96.044155877284,0.));
#2312 = CARTESIAN_POINT('',(96.044155877284,64.));
#2313 = ( GEOMETRIC_REPRESENTATION_CONTEXT(2) 
PARAMETRIC_REPRESENTATION_CONTEXT() REPRESENTATION_CONTEXT('2D SPACE',''
  ) );
#2314 = ORIENTED_EDGE('',*,*,#2315,.F.);
#2315 = EDGE_CURVE('',#2251,#2295,#2316,.T.);
#2316 = SURFACE_CURVE('',#2317,(#2321,#2327),.PCURVE_S1.);
#2317 = LINE('',#2318,#2319);
#2318 = CARTESIAN_POINT('',(-41.92382191319,-27.28439314328,
    -19.54514225675));
#2319 = VECTOR('',#2320,1.);
#2320 = DIRECTION('',(-0.654653670708,-0.377964473009,-0.654653670708));
#2321 = PCURVE('',#1217,#2322);
#2322 = DEFINITIONAL_REPRESENTATION('',(#2323),#2326);
#2323 = B_SPLINE_CURVE_WITH_KNOTS('',1,(#2324,#2325),.UNSPECIFIED.,.F.,
  .F.,(2,2),(-44.36718765411,-39.78461195915),.PIECEWISE_BEZIER_KNOTS.);
#2324 = CARTESIAN_POINT('',(100.2867965644,21.484827557301));
#2325 = CARTESIAN_POINT('',(96.044155877284,19.752776749733));
#2326 = ( GEOMETRIC_REPRESENTATION_CONTEXT(2) 
PARAMETRIC_REPRESENTATION_CONTEXT() REPRESENTATION_CONTEXT('2D SPACE',''
  ) );
#2327 = PCURVE('',#1630,#2328);
#2328 = DEFINITIONAL_REPRESENTATION('',(#2329),#2332);
#2329 = B_SPLINE_CURVE_WITH_KNOTS('',1,(#2330,#2331),.UNSPECIFIED.,.F.,
  .F.,(2,2),(-44.36718765411,-39.78461195915),.PIECEWISE_BEZIER_KNOTS.);
#2330 = CARTESIAN_POINT('',(5.030344885397,-12.87867965644));
#2331 = CARTESIAN_POINT('',(8.494446500535,-15.87867965644));
#2332 = ( GEOMETRIC_REPRESENTATION_CONTEXT(2) 
PARAMETRIC_REPRESENTATION_CONTEXT() REPRESENTATION_CONTEXT('2D SPACE',''
  ) );
#2333 = ORIENTED_EDGE('',*,*,#2271,.T.);
#2334 = ADVANCED_FACE('',(#2335),#1191,.F.);
#2335 = FACE_BOUND('',#2336,.F.);
#2336 = EDGE_LOOP('',(#2337,#2338,#2339,#2360));
#2337 = ORIENTED_EDGE('',*,*,#1176,.F.);
#2338 = ORIENTED_EDGE('',*,*,#2294,.F.);
#2339 = ORIENTED_EDGE('',*,*,#2340,.F.);
#2340 = EDGE_CURVE('',#2341,#2295,#2343,.T.);
#2341 = VERTEX_POINT('',#2342);
#2342 = CARTESIAN_POINT('',(-12.,-14.48657999401,2.62132034356));
#2343 = SURFACE_CURVE('',#2344,(#2348,#2354),.PCURVE_S1.);
#2344 = LINE('',#2345,#2346);
#2345 = CARTESIAN_POINT('',(-41.23993804478,2.395106107229,
    31.861258388341));
#2346 = VECTOR('',#2347,1.);
#2347 = DIRECTION('',(-0.654653670708,0.377964473009,0.654653670708));
#2348 = PCURVE('',#1191,#2349);
#2349 = DEFINITIONAL_REPRESENTATION('',(#2350),#2353);
#2350 = B_SPLINE_CURVE_WITH_KNOTS('',1,(#2351,#2352),.UNSPECIFIED.,.F.,
  .F.,(2,2),(-44.66474313534,-38.73996209463),.PIECEWISE_BEZIER_KNOTS.);
#2351 = CARTESIAN_POINT('',(101.52943725152,17.513420005986));
#2352 = CARTESIAN_POINT('',(96.044155877284,19.752776749733));
#2353 = ( GEOMETRIC_REPRESENTATION_CONTEXT(2) 
PARAMETRIC_REPRESENTATION_CONTEXT() REPRESENTATION_CONTEXT('2D SPACE',''
  ) );
#2354 = PCURVE('',#1630,#2355);
#2355 = DEFINITIONAL_REPRESENTATION('',(#2356),#2359);
#2356 = B_SPLINE_CURVE_WITH_KNOTS('',1,(#2357,#2358),.UNSPECIFIED.,.F.,
  .F.,(2,2),(-44.66474313534,-38.73996209463),.PIECEWISE_BEZIER_KNOTS.);
#2357 = CARTESIAN_POINT('',(12.973159988027,-12.));
#2358 = CARTESIAN_POINT('',(8.494446500535,-15.87867965644));
#2359 = ( GEOMETRIC_REPRESENTATION_CONTEXT(2) 
PARAMETRIC_REPRESENTATION_CONTEXT() REPRESENTATION_CONTEXT('2D SPACE',''
  ) );
#2360 = ORIENTED_EDGE('',*,*,#2361,.T.);
#2361 = EDGE_CURVE('',#2341,#1151,#2362,.T.);
#2362 = SURFACE_CURVE('',#2363,(#2367,#2373),.PCURVE_S1.);
#2363 = LINE('',#2364,#2365);
#2364 = CARTESIAN_POINT('',(-12.,-32.,2.62132034356));
#2365 = VECTOR('',#2366,1.);
#2366 = DIRECTION('',(0.,1.,-0.));
#2367 = PCURVE('',#1191,#2368);
#2368 = DEFINITIONAL_REPRESENTATION('',(#2369),#2372);
#2369 = B_SPLINE_CURVE_WITH_KNOTS('',1,(#2370,#2371),.UNSPECIFIED.,.F.,
  .F.,(2,2),(0.,64.),.PIECEWISE_BEZIER_KNOTS.);
#2370 = CARTESIAN_POINT('',(101.52943725152,0.));
#2371 = CARTESIAN_POINT('',(101.52943725152,64.));
#2372 = ( GEOMETRIC_REPRESENTATION_CONTEXT(2) 
PARAMETRIC_REPRESENTATION_CONTEXT() REPRESENTATION_CONTEXT('2D SPACE',''
  ) );
#2373 = PCURVE('',#1165,#2374);
#2374 = DEFINITIONAL_REPRESENTATION('',(#2375),#2378);
#2375 = B_SPLINE_CURVE_WITH_KNOTS('',1,(#2376,#2377),.UNSPECIFIED.,.F.,
  .F.,(2,2),(0.,64.),.PIECEWISE_BEZIER_KNOTS.);
#2376 = CARTESIAN_POINT('',(104.52943725152,0.));
#2377 = CARTESIAN_POINT('',(104.52943725152,64.));
#2378 = ( GEOMETRIC_REPRESENTATION_CONTEXT(2) 
PARAMETRIC_REPRESENTATION_CONTEXT() REPRESENTATION_CONTEXT('2D SPACE',''
  ) );
#2379 = ADVANCED_FACE('',(#2380),#1165,.F.);
#2380 = FACE_BOUND('',#2381,.F.);
#2381 = EDGE_LOOP('',(#2382,#2383,#2384,#2405));
#2382 = ORIENTED_EDGE('',*,*,#1150,.F.);
#2383 = ORIENTED_EDGE('',*,*,#2361,.F.);
#2384 = ORIENTED_EDGE('',*,*,#2385,.F.);
#2385 = EDGE_CURVE('',#2386,#2341,#2388,.T.);
#2386 = VERTEX_POINT('',#2387);
#2387 = CARTESIAN_POINT('',(-8.12132034356,-12.24722325026,6.5));
#2388 = SURFACE_CURVE('',#2389,(#2393,#2399),.PCURVE_S1.);
#2389 = LINE('',#2390,#2391);
#2390 = CARTESIAN_POINT('',(-40.0624737344,-30.6884567587,
    -25.44115339084));
#2391 = VECTOR('',#2392,1.);
#2392 = DIRECTION('',(-0.654653670708,-0.377964473009,-0.654653670708));
#2393 = PCURVE('',#1165,#2394);
#2394 = DEFINITIONAL_REPRESENTATION('',(#2395),#2398);
#2395 = B_SPLINE_CURVE_WITH_KNOTS('',1,(#2396,#2397),.UNSPECIFIED.,.F.,
  .F.,(2,2),(-48.79091773258,-42.86613669187),.PIECEWISE_BEZIER_KNOTS.);
#2396 = CARTESIAN_POINT('',(110.01471862576,19.752776749733));
#2397 = CARTESIAN_POINT('',(104.52943725152,17.513420005986));
#2398 = ( GEOMETRIC_REPRESENTATION_CONTEXT(2) 
PARAMETRIC_REPRESENTATION_CONTEXT() REPRESENTATION_CONTEXT('2D SPACE',''
  ) );
#2399 = PCURVE('',#1630,#2400);
#2400 = DEFINITIONAL_REPRESENTATION('',(#2401),#2404);
#2401 = B_SPLINE_CURVE_WITH_KNOTS('',1,(#2402,#2403),.UNSPECIFIED.,.F.,
  .F.,(2,2),(-48.79091773258,-42.86613669187),.PIECEWISE_BEZIER_KNOTS.);
#2402 = CARTESIAN_POINT('',(8.494446500535,-8.12132034356));
#2403 = CARTESIAN_POINT('',(12.973159988027,-12.));
#2404 = ( GEOMETRIC_REPRESENTATION_CONTEXT(2) 
PARAMETRIC_REPRESENTATION_CONTEXT() REPRESENTATION_CONTEXT('2D SPACE',''
  ) );
#2405 = ORIENTED_EDGE('',*,*,#2406,.T.);
#2406 = EDGE_CURVE('',#2386,#1125,#2407,.T.);
#2407 = SURFACE_CURVE('',#2408,(#2412,#2418),.PCURVE_S1.);
#2408 = LINE('',#2409,#2410);
#2409 = CARTESIAN_POINT('',(-8.12132034356,-32.,6.5));
#2410 = VECTOR('',#2411,1.);
#2411 = DIRECTION('',(0.,1.,-0.));
#2412 = PCURVE('',#1165,#2413);
#2413 = DEFINITIONAL_REPRESENTATION('',(#2414),#2417);
#2414 = B_SPLINE_CURVE_WITH_KNOTS('',1,(#2415,#2416),.UNSPECIFIED.,.F.,
  .F.,(2,2),(0.,64.),.PIECEWISE_BEZIER_KNOTS.);
#2415 = CARTESIAN_POINT('',(110.01471862576,0.));
#2416 = CARTESIAN_POINT('',(110.01471862576,64.));
#2417 = ( GEOMETRIC_REPRESENTATION_CONTEXT(2) 
PARAMETRIC_REPRESENTATION_CONTEXT() REPRESENTATION_CONTEXT('2D SPACE',''
  ) );
#2418 = PCURVE('',#1139,#2419);
#2419 = DEFINITIONAL_REPRESENTATION('',(#2420),#2423);
#2420 = B_SPLINE_CURVE_WITH_KNOTS('',1,(#2421,#2422),.UNSPECIFIED.,.F.,
  .F.,(2,2),(0.,64.),.PIECEWISE_BEZIER_KNOTS.);
#2421 = CARTESIAN_POINT('',(110.01471862576,0.));
#2422 = CARTESIAN_POINT('',(110.01471862576,64.));
#2423 = ( GEOMETRIC_REPRESENTATION_CONTEXT(2) 
PARAMETRIC_REPRESENTATION_CONTEXT() REPRESENTATION_CONTEXT('2D SPACE',''
  ) );
#2424 = ADVANCED_FACE('',(#2425),#1139,.T.);
#2425 = FACE_BOUND('',#2426,.T.);
#2426 = EDGE_LOOP('',(#2427,#2428,#2449,#2468));
#2427 = ORIENTED_EDGE('',*,*,#1124,.F.);
#2428 = ORIENTED_EDGE('',*,*,#2429,.T.);
#2429 = EDGE_CURVE('',#1099,#2430,#2432,.T.);
#2430 = VERTEX_POINT('',#2431);
#2431 = CARTESIAN_POINT('',(-11.12132034356,-10.51517244269,9.5));
#2432 = SURFACE_CURVE('',#2433,(#2437,#2443),.PCURVE_S1.);
#2433 = LINE('',#2434,#2435);
#2434 = CARTESIAN_POINT('',(-11.12132034356,-32.,9.5));
#2435 = VECTOR('',#2436,1.);
#2436 = DIRECTION('',(0.,-1.,0.));
#2437 = PCURVE('',#1139,#2438);
#2438 = DEFINITIONAL_REPRESENTATION('',(#2439),#2442);
#2439 = B_SPLINE_CURVE_WITH_KNOTS('',1,(#2440,#2441),.UNSPECIFIED.,.F.,
  .F.,(2,2),(-64.,0.),.PIECEWISE_BEZIER_KNOTS.);
#2440 = CARTESIAN_POINT('',(105.77207793864,64.));
#2441 = CARTESIAN_POINT('',(105.77207793864,0.));
#2442 = ( GEOMETRIC_REPRESENTATION_CONTEXT(2) 
PARAMETRIC_REPRESENTATION_CONTEXT() REPRESENTATION_CONTEXT('2D SPACE',''
  ) );
#2443 = PCURVE('',#1113,#2444);
#2444 = DEFINITIONAL_REPRESENTATION('',(#2445),#2448);
#2445 = B_SPLINE_CURVE_WITH_KNOTS('',1,(#2446,#2447),.UNSPECIFIED.,.F.,
  .F.,(2,2),(-64.,0.),.PIECEWISE_BEZIER_KNOTS.);
#2446 = CARTESIAN_POINT('',(26.87867965644,64.));
#2447 = CARTESIAN_POINT('',(26.87867965644,0.));
#2448 = ( GEOMETRIC_REPRESENTATION_CONTEXT(2) 
PARAMETRIC_REPRESENTATION_CONTEXT() REPRESENTATION_CONTEXT('2D SPACE',''
  ) );
#2449 = ORIENTED_EDGE('',*,*,#2450,.F.);
#2450 = EDGE_CURVE('',#2386,#2430,#2451,.T.);
#2451 = SURFACE_CURVE('',#2452,(#2456,#2462),.PCURVE_S1.);
#2452 = LINE('',#2453,#2454);
#2453 = CARTESIAN_POINT('',(-39.37858986599,5.799169722642,
    37.757269522433));
#2454 = VECTOR('',#2455,1.);
#2455 = DIRECTION('',(-0.654653670708,0.377964473009,0.654653670708));
#2456 = PCURVE('',#1139,#2457);
#2457 = DEFINITIONAL_REPRESENTATION('',(#2458),#2461);
#2458 = B_SPLINE_CURVE_WITH_KNOTS('',1,(#2459,#2460),.UNSPECIFIED.,.F.,
  .F.,(2,2),(-47.74626786806,-43.1636921731),.PIECEWISE_BEZIER_KNOTS.);
#2459 = CARTESIAN_POINT('',(110.01471862576,19.752776749733));
#2460 = CARTESIAN_POINT('',(105.77207793864,21.484827557301));
#2461 = ( GEOMETRIC_REPRESENTATION_CONTEXT(2) 
PARAMETRIC_REPRESENTATION_CONTEXT() REPRESENTATION_CONTEXT('2D SPACE',''
  ) );
#2462 = PCURVE('',#1630,#2463);
#2463 = DEFINITIONAL_REPRESENTATION('',(#2464),#2467);
#2464 = B_SPLINE_CURVE_WITH_KNOTS('',1,(#2465,#2466),.UNSPECIFIED.,.F.,
  .F.,(2,2),(-47.74626786806,-43.1636921731),.PIECEWISE_BEZIER_KNOTS.);
#2465 = CARTESIAN_POINT('',(8.494446500535,-8.12132034356));
#2466 = CARTESIAN_POINT('',(5.030344885397,-11.12132034356));
#2467 = ( GEOMETRIC_REPRESENTATION_CONTEXT(2) 
PARAMETRIC_REPRESENTATION_CONTEXT() REPRESENTATION_CONTEXT('2D SPACE',''
  ) );
#2468 = ORIENTED_EDGE('',*,*,#2406,.T.);
#2469 = ADVANCED_FACE('',(#2470),#1113,.F.);
#2470 = FACE_BOUND('',#2471,.F.);
#2471 = EDGE_LOOP('',(#2472,#2473,#2474,#2495));
#2472 = ORIENTED_EDGE('',*,*,#1098,.F.);
#2473 = ORIENTED_EDGE('',*,*,#2429,.T.);
#2474 = ORIENTED_EDGE('',*,*,#2475,.F.);
#2475 = EDGE_CURVE('',#2476,#2430,#2478,.T.);
#2476 = VERTEX_POINT('',#2477);
#2477 = CARTESIAN_POINT('',(-6.87867965644,-10.51517244269,9.5));
#2478 = SURFACE_CURVE('',#2479,(#2483,#2489),.PCURVE_S1.);
#2479 = LINE('',#2480,#2481);
#2480 = CARTESIAN_POINT('',(-19.,-10.51517244269,9.5));
#2481 = VECTOR('',#2482,1.);
#2482 = DIRECTION('',(-1.,0.,0.));
#2483 = PCURVE('',#1113,#2484);
#2484 = DEFINITIONAL_REPRESENTATION('',(#2485),#2488);
#2485 = B_SPLINE_CURVE_WITH_KNOTS('',1,(#2486,#2487),.UNSPECIFIED.,.F.,
  .F.,(2,2),(-12.12132034356,-7.87867965644),.PIECEWISE_BEZIER_KNOTS.);
#2486 = CARTESIAN_POINT('',(31.12132034356,21.484827557301));
#2487 = CARTESIAN_POINT('',(26.87867965644,21.484827557301));
#2488 = ( GEOMETRIC_REPRESENTATION_CONTEXT(2) 
PARAMETRIC_REPRESENTATION_CONTEXT() REPRESENTATION_CONTEXT('2D SPACE',''
  ) );
#2489 = PCURVE('',#1630,#2490);
#2490 = DEFINITIONAL_REPRESENTATION('',(#2491),#2494);
#2491 = B_SPLINE_CURVE_WITH_KNOTS('',1,(#2492,#2493),.UNSPECIFIED.,.F.,
  .F.,(2,2),(-12.12132034356,-7.87867965644),.PIECEWISE_BEZIER_KNOTS.);
#2492 = CARTESIAN_POINT('',(5.030344885397,-6.87867965644));
#2493 = CARTESIAN_POINT('',(5.030344885397,-11.12132034356));
#2494 = ( GEOMETRIC_REPRESENTATION_CONTEXT(2) 
PARAMETRIC_REPRESENTATION_CONTEXT() REPRESENTATION_CONTEXT('2D SPACE',''
  ) );
#2495 = ORIENTED_EDGE('',*,*,#2496,.F.);
#2496 = EDGE_CURVE('',#1073,#2476,#2497,.T.);
#2497 = SURFACE_CURVE('',#2498,(#2502,#2508),.PCURVE_S1.);
#2498 = LINE('',#2499,#2500);
#2499 = CARTESIAN_POINT('',(-6.87867965644,-32.,9.5));
#2500 = VECTOR('',#2501,1.);
#2501 = DIRECTION('',(0.,-1.,0.));
#2502 = PCURVE('',#1113,#2503);
#2503 = DEFINITIONAL_REPRESENTATION('',(#2504),#2507);
#2504 = B_SPLINE_CURVE_WITH_KNOTS('',1,(#2505,#2506),.UNSPECIFIED.,.F.,
  .F.,(2,2),(-64.,0.),.PIECEWISE_BEZIER_KNOTS.);
#2505 = CARTESIAN_POINT('',(31.12132034356,64.));
#2506 = CARTESIAN_POINT('',(31.12132034356,0.));
#2507 = ( GEOMETRIC_REPRESENTATION_CONTEXT(2) 
PARAMETRIC_REPRESENTATION_CONTEXT() REPRESENTATION_CONTEXT('2D SPACE',''
  ) );
#2508 = PCURVE('',#1087,#2509);
#2509 = DEFINITIONAL_REPRESENTATION('',(#2510),#2513);
#2510 = B_SPLINE_CURVE_WITH_KNOTS('',1,(#2511,#2512),.UNSPECIFIED.,.F.,
  .F.,(2,2),(-64.,0.),.PIECEWISE_BEZIER_KNOTS.);
#2511 = CARTESIAN_POINT('',(108.77207793864,64.));
#2512 = CARTESIAN_POINT('',(108.77207793864,0.));
#2513 = ( GEOMETRIC_REPRESENTATION_CONTEXT(2) 
PARAMETRIC_REPRESENTATION_CONTEXT() REPRESENTATION_CONTEXT('2D SPACE',''
  ) );
#2514 = ADVANCED_FACE('',(#2515),#1087,.F.);
#2515 = FACE_BOUND('',#2516,.F.);
#2516 = EDGE_LOOP('',(#2517,#2518,#2519,#2540));
#2517 = ORIENTED_EDGE('',*,*,#1072,.F.);
#2518 = ORIENTED_EDGE('',*,*,#2496,.T.);
#2519 = ORIENTED_EDGE('',*,*,#2520,.F.);
#2520 = EDGE_CURVE('',#2521,#2476,#2523,.T.);
#2521 = VERTEX_POINT('',#2522);
#2522 = CARTESIAN_POINT('',(-6.,-11.02247837887,8.62132034356));
#2523 = SURFACE_CURVE('',#2524,(#2528,#2534),.PCURVE_S1.);
#2524 = LINE('',#2525,#2526);
#2525 = CARTESIAN_POINT('',(-36.95422375906,6.848951040977,
    39.575544102627));
#2526 = VECTOR('',#2527,1.);
#2527 = DIRECTION('',(-0.654653670708,0.377964473009,0.654653670708));
#2528 = PCURVE('',#1087,#2529);
#2529 = DEFINITIONAL_REPRESENTATION('',(#2530),#2533);
#2530 = B_SPLINE_CURVE_WITH_KNOTS('',1,(#2531,#2532),.UNSPECIFIED.,.F.,
  .F.,(2,2),(-47.28335781817,-45.94115247242),.PIECEWISE_BEZIER_KNOTS.);
#2531 = CARTESIAN_POINT('',(110.01471862576,20.977521621124));
#2532 = CARTESIAN_POINT('',(108.77207793864,21.484827557301));
#2533 = ( GEOMETRIC_REPRESENTATION_CONTEXT(2) 
PARAMETRIC_REPRESENTATION_CONTEXT() REPRESENTATION_CONTEXT('2D SPACE',''
  ) );
#2534 = PCURVE('',#1630,#2535);
#2535 = DEFINITIONAL_REPRESENTATION('',(#2536),#2539);
#2536 = B_SPLINE_CURVE_WITH_KNOTS('',1,(#2537,#2538),.UNSPECIFIED.,.F.,
  .F.,(2,2),(-47.28335781817,-45.94115247242),.PIECEWISE_BEZIER_KNOTS.);
#2537 = CARTESIAN_POINT('',(6.044956757752,-6.));
#2538 = CARTESIAN_POINT('',(5.030344885397,-6.87867965644));
#2539 = ( GEOMETRIC_REPRESENTATION_CONTEXT(2) 
PARAMETRIC_REPRESENTATION_CONTEXT() REPRESENTATION_CONTEXT('2D SPACE',''
  ) );
#2540 = ORIENTED_EDGE('',*,*,#2541,.T.);
#2541 = EDGE_CURVE('',#2521,#1047,#2542,.T.);
#2542 = SURFACE_CURVE('',#2543,(#2547,#2553),.PCURVE_S1.);
#2543 = LINE('',#2544,#2545);
#2544 = CARTESIAN_POINT('',(-6.,-32.,8.62132034356));
#2545 = VECTOR('',#2546,1.);
#2546 = DIRECTION('',(0.,1.,-0.));
#2547 = PCURVE('',#1087,#2548);
#2548 = DEFINITIONAL_REPRESENTATION('',(#2549),#2552);
#2549 = B_SPLINE_CURVE_WITH_KNOTS('',1,(#2550,#2551),.UNSPECIFIED.,.F.,
  .F.,(2,2),(0.,64.),.PIECEWISE_BEZIER_KNOTS.);
#2550 = CARTESIAN_POINT('',(110.01471862576,0.));
#2551 = CARTESIAN_POINT('',(110.01471862576,64.));
#2552 = ( GEOMETRIC_REPRESENTATION_CONTEXT(2) 
PARAMETRIC_REPRESENTATION_CONTEXT() REPRESENTATION_CONTEXT('2D SPACE',''
  ) );
#2553 = PCURVE('',#1061,#2554);
#2554 = DEFINITIONAL_REPRESENTATION('',(#2555),#2558);
#2555 = B_SPLINE_CURVE_WITH_KNOTS('',1,(#2556,#2557),.UNSPECIFIED.,.F.,
  .F.,(2,2),(0.,64.),.PIECEWISE_BEZIER_KNOTS.);
#2556 = CARTESIAN_POINT('',(113.01471862576,0.));
#2557 = CARTESIAN_POINT('',(113.01471862576,64.));
#2558 = ( GEOMETRIC_REPRESENTATION_CONTEXT(2) 
PARAMETRIC_REPRESENTATION_CONTEXT() REPRESENTATION_CONTEXT('2D SPACE',''
  ) );
#2559 = ADVANCED_FACE('',(#2560),#1061,.F.);
#2560 = FACE_BOUND('',#2561,.F.);
#2561 = EDGE_LOOP('',(#2562,#2563,#2564,#2585));
#2562 = ORIENTED_EDGE('',*,*,#1046,.F.);
#2563 = ORIENTED_EDGE('',*,*,#2541,.F.);
#2564 = ORIENTED_EDGE('',*,*,#2565,.F.);
#2565 = EDGE_CURVE('',#2566,#2521,#2568,.T.);
#2566 = VERTEX_POINT('',#2567);
#2567 = CARTESIAN_POINT('',(-5.12132034356,-10.51517244269,9.5));
#2568 = SURFACE_CURVE('',#2569,(#2573,#2579),.PCURVE_S1.);
#2569 = LINE('',#2570,#2571);
#2570 = CARTESIAN_POINT('',(-40.0624737344,-30.6884567587,
    -25.44115339084));
#2571 = VECTOR('',#2572,1.);
#2572 = DIRECTION('',(-0.654653670708,-0.377964473009,-0.654653670708));
#2573 = PCURVE('',#1061,#2574);
#2574 = DEFINITIONAL_REPRESENTATION('',(#2575),#2578);
#2575 = B_SPLINE_CURVE_WITH_KNOTS('',1,(#2576,#2577),.UNSPECIFIED.,.F.,
  .F.,(2,2),(-53.37349342753,-52.03128808178),.PIECEWISE_BEZIER_KNOTS.);
#2576 = CARTESIAN_POINT('',(114.25735931288,21.484827557301));
#2577 = CARTESIAN_POINT('',(113.01471862576,20.977521621124));
#2578 = ( GEOMETRIC_REPRESENTATION_CONTEXT(2) 
PARAMETRIC_REPRESENTATION_CONTEXT() REPRESENTATION_CONTEXT('2D SPACE',''
  ) );
#2579 = PCURVE('',#1630,#2580);
#2580 = DEFINITIONAL_REPRESENTATION('',(#2581),#2584);
#2581 = B_SPLINE_CURVE_WITH_KNOTS('',1,(#2582,#2583),.UNSPECIFIED.,.F.,
  .F.,(2,2),(-53.37349342753,-52.03128808178),.PIECEWISE_BEZIER_KNOTS.);
#2582 = CARTESIAN_POINT('',(5.030344885397,-5.12132034356));
#2583 = CARTESIAN_POINT('',(6.044956757752,-6.));
#2584 = ( GEOMETRIC_REPRESENTATION_CONTEXT(2) 
PARAMETRIC_REPRESENTATION_CONTEXT() REPRESENTATION_CONTEXT('2D SPACE',''
  ) );
#2585 = ORIENTED_EDGE('',*,*,#2586,.T.);
#2586 = EDGE_CURVE('',#2566,#1021,#2587,.T.);
#2587 = SURFACE_CURVE('',#2588,(#2592,#2598),.PCURVE_S1.);
#2588 = LINE('',#2589,#2590);
#2589 = CARTESIAN_POINT('',(-5.12132034356,-32.,9.5));
#2590 = VECTOR('',#2591,1.);
#2591 = DIRECTION('',(0.,1.,-0.));
#2592 = PCURVE('',#1061,#2593);
#2593 = DEFINITIONAL_REPRESENTATION('',(#2594),#2597);
#2594 = B_SPLINE_CURVE_WITH_KNOTS('',1,(#2595,#2596),.UNSPECIFIED.,.F.,
  .F.,(2,2),(0.,64.),.PIECEWISE_BEZIER_KNOTS.);
#2595 = CARTESIAN_POINT('',(114.25735931288,0.));
#2596 = CARTESIAN_POINT('',(114.25735931288,64.));
#2597 = ( GEOMETRIC_REPRESENTATION_CONTEXT(2) 
PARAMETRIC_REPRESENTATION_CONTEXT() REPRESENTATION_CONTEXT('2D SPACE',''
  ) );
#2598 = PCURVE('',#1035,#2599);
#2599 = DEFINITIONAL_REPRESENTATION('',(#2600),#2603);
#2600 = B_SPLINE_CURVE_WITH_KNOTS('',1,(#2601,#2602),.UNSPECIFIED.,.F.,
  .F.,(2,2),(0.,64.),.PIECEWISE_BEZIER_KNOTS.);
#2601 = CARTESIAN_POINT('',(32.87867965644,0.));
#2602 = CARTESIAN_POINT('',(32.87867965644,64.));
#2603 = ( GEOMETRIC_REPRESENTATION_CONTEXT(2) 
PARAMETRIC_REPRESENTATION_CONTEXT() REPRESENTATION_CONTEXT('2D SPACE',''
  ) );
#2604 = ADVANCED_FACE('',(#2605),#1035,.F.);
#2605 = FACE_BOUND('',#2606,.F.);
#2606 = EDGE_LOOP('',(#2607,#2608,#2609,#2630));
#2607 = ORIENTED_EDGE('',*,*,#1020,.F.);
#2608 = ORIENTED_EDGE('',*,*,#2586,.F.);
#2609 = ORIENTED_EDGE('',*,*,#2610,.F.);
#2610 = EDGE_CURVE('',#2611,#2566,#2613,.T.);
#2611 = VERTEX_POINT('',#2612);
#2612 = CARTESIAN_POINT('',(-0.87867965644,-10.51517244269,9.5));
#2613 = SURFACE_CURVE('',#2614,(#2618,#2624),.PCURVE_S1.);
#2614 = LINE('',#2615,#2616);
#2615 = CARTESIAN_POINT('',(-19.,-10.51517244269,9.5));
#2616 = VECTOR('',#2617,1.);
#2617 = DIRECTION('',(-1.,0.,0.));
#2618 = PCURVE('',#1035,#2619);
#2619 = DEFINITIONAL_REPRESENTATION('',(#2620),#2623);
#2620 = B_SPLINE_CURVE_WITH_KNOTS('',1,(#2621,#2622),.UNSPECIFIED.,.F.,
  .F.,(2,2),(-18.12132034356,-13.87867965644),.PIECEWISE_BEZIER_KNOTS.);
#2621 = CARTESIAN_POINT('',(37.12132034356,21.484827557301));
#2622 = CARTESIAN_POINT('',(32.87867965644,21.484827557301));
#2623 = ( GEOMETRIC_REPRESENTATION_CONTEXT(2) 
PARAMETRIC_REPRESENTATION_CONTEXT() REPRESENTATION_CONTEXT('2D SPACE',''
  ) );
#2624 = PCURVE('',#1630,#2625);
#2625 = DEFINITIONAL_REPRESENTATION('',(#2626),#2629);
#2626 = B_SPLINE_CURVE_WITH_KNOTS('',1,(#2627,#2628),.UNSPECIFIED.,.F.,
  .F.,(2,2),(-18.12132034356,-13.87867965644),.PIECEWISE_BEZIER_KNOTS.);
#2627 = CARTESIAN_POINT('',(5.030344885397,-0.87867965644));
#2628 = CARTESIAN_POINT('',(5.030344885397,-5.12132034356));
#2629 = ( GEOMETRIC_REPRESENTATION_CONTEXT(2) 
PARAMETRIC_REPRESENTATION_CONTEXT() REPRESENTATION_CONTEXT('2D SPACE',''
  ) );
#2630 = ORIENTED_EDGE('',*,*,#2631,.T.);
#2631 = EDGE_CURVE('',#2611,#995,#2632,.T.);
#2632 = SURFACE_CURVE('',#2633,(#2637,#2643),.PCURVE_S1.);
#2633 = LINE('',#2634,#2635);
#2634 = CARTESIAN_POINT('',(-0.87867965644,-32.,9.5));
#2635 = VECTOR('',#2636,1.);
#2636 = DIRECTION('',(0.,1.,-0.));
#2637 = PCURVE('',#1035,#2638);
#2638 = DEFINITIONAL_REPRESENTATION('',(#2639),#2642);
#2639 = B_SPLINE_CURVE_WITH_KNOTS('',1,(#2640,#2641),.UNSPECIFIED.,.F.,
  .F.,(2,2),(0.,64.),.PIECEWISE_BEZIER_KNOTS.);
#2640 = CARTESIAN_POINT('',(37.12132034356,0.));
#2641 = CARTESIAN_POINT('',(37.12132034356,64.));
#2642 = ( GEOMETRIC_REPRESENTATION_CONTEXT(2) 
PARAMETRIC_REPRESENTATION_CONTEXT() REPRESENTATION_CONTEXT('2D SPACE',''
  ) );
#2643 = PCURVE('',#1009,#2644);
#2644 = DEFINITIONAL_REPRESENTATION('',(#2645),#2648);
#2645 = B_SPLINE_CURVE_WITH_KNOTS('',1,(#2646,#2647),.UNSPECIFIED.,.F.,
  .F.,(2,2),(0.,64.),.PIECEWISE_BEZIER_KNOTS.);
#2646 = CARTESIAN_POINT('',(117.25735931288,0.));
#2647 = CARTESIAN_POINT('',(117.25735931288,64.));
#2648 = ( GEOMETRIC_REPRESENTATION_CONTEXT(2) 
PARAMETRIC_REPRESENTATION_CONTEXT() REPRESENTATION_CONTEXT('2D SPACE',''
  ) );
#2649 = ADVANCED_FACE('',(#2650),#1009,.T.);
#2650 = FACE_BOUND('',#2651,.T.);
#2651 = EDGE_LOOP('',(#2652,#2653,#2674,#2693));
#2652 = ORIENTED_EDGE('',*,*,#994,.F.);
#2653 = ORIENTED_EDGE('',*,*,#2654,.F.);
#2654 = EDGE_CURVE('',#2655,#969,#2657,.T.);
#2655 = VERTEX_POINT('',#2656);
#2656 = CARTESIAN_POINT('',(-3.87867965644,-12.24722325026,6.5));
#2657 = SURFACE_CURVE('',#2658,(#2662,#2668),.PCURVE_S1.);
#2658 = LINE('',#2659,#2660);
#2659 = CARTESIAN_POINT('',(-3.87867965644,-32.,6.5));
#2660 = VECTOR('',#2661,1.);
#2661 = DIRECTION('',(0.,1.,-0.));
#2662 = PCURVE('',#1009,#2663);
#2663 = DEFINITIONAL_REPRESENTATION('',(#2664),#2667);
#2664 = B_SPLINE_CURVE_WITH_KNOTS('',1,(#2665,#2666),.UNSPECIFIED.,.F.,
  .F.,(2,2),(0.,64.),.PIECEWISE_BEZIER_KNOTS.);
#2665 = CARTESIAN_POINT('',(113.01471862576,0.));
#2666 = CARTESIAN_POINT('',(113.01471862576,64.));
#2667 = ( GEOMETRIC_REPRESENTATION_CONTEXT(2) 
PARAMETRIC_REPRESENTATION_CONTEXT() REPRESENTATION_CONTEXT('2D SPACE',''
  ) );
#2668 = PCURVE('',#983,#2669);
#2669 = DEFINITIONAL_REPRESENTATION('',(#2670),#2673);
#2670 = B_SPLINE_CURVE_WITH_KNOTS('',1,(#2671,#2672),.UNSPECIFIED.,.F.,
  .F.,(2,2),(0.,64.),.PIECEWISE_BEZIER_KNOTS.);
#2671 = CARTESIAN_POINT('',(113.01471862576,0.));
#2672 = CARTESIAN_POINT('',(113.01471862576,64.));
#2673 = ( GEOMETRIC_REPRESENTATION_CONTEXT(2) 
PARAMETRIC_REPRESENTATION_CONTEXT() REPRESENTATION_CONTEXT('2D SPACE',''
  ) );
#2674 = ORIENTED_EDGE('',*,*,#2675,.F.);
#2675 = EDGE_CURVE('',#2611,#2655,#2676,.T.);
#2676 = SURFACE_CURVE('',#2677,(#2681,#2687),.PCURVE_S1.);
#2677 = LINE('',#2678,#2679);
#2678 = CARTESIAN_POINT('',(-37.63810762748,-31.73823807703,
    -27.25942797104));
#2679 = VECTOR('',#2680,1.);
#2680 = DIRECTION('',(-0.654653670708,-0.377964473009,-0.654653670708));
#2681 = PCURVE('',#1009,#2682);
#2682 = DEFINITIONAL_REPRESENTATION('',(#2683),#2686);
#2683 = B_SPLINE_CURVE_WITH_KNOTS('',1,(#2684,#2685),.UNSPECIFIED.,.F.,
  .F.,(2,2),(-56.15095372685,-51.5683780319),.PIECEWISE_BEZIER_KNOTS.);
#2684 = CARTESIAN_POINT('',(117.25735931288,21.484827557301));
#2685 = CARTESIAN_POINT('',(113.01471862576,19.752776749733));
#2686 = ( GEOMETRIC_REPRESENTATION_CONTEXT(2) 
PARAMETRIC_REPRESENTATION_CONTEXT() REPRESENTATION_CONTEXT('2D SPACE',''
  ) );
#2687 = PCURVE('',#1630,#2688);
#2688 = DEFINITIONAL_REPRESENTATION('',(#2689),#2692);
#2689 = B_SPLINE_CURVE_WITH_KNOTS('',1,(#2690,#2691),.UNSPECIFIED.,.F.,
  .F.,(2,2),(-56.15095372685,-51.5683780319),.PIECEWISE_BEZIER_KNOTS.);
#2690 = CARTESIAN_POINT('',(5.030344885397,-0.87867965644));
#2691 = CARTESIAN_POINT('',(8.494446500535,-3.87867965644));
#2692 = ( GEOMETRIC_REPRESENTATION_CONTEXT(2) 
PARAMETRIC_REPRESENTATION_CONTEXT() REPRESENTATION_CONTEXT('2D SPACE',''
  ) );
#2693 = ORIENTED_EDGE('',*,*,#2631,.T.);
#2694 = ADVANCED_FACE('',(#2695),#983,.F.);
#2695 = FACE_BOUND('',#2696,.F.);
#2696 = EDGE_LOOP('',(#2697,#2698,#2699,#2720));
#2697 = ORIENTED_EDGE('',*,*,#968,.F.);
#2698 = ORIENTED_EDGE('',*,*,#2654,.F.);
#2699 = ORIENTED_EDGE('',*,*,#2700,.F.);
#2700 = EDGE_CURVE('',#2701,#2655,#2703,.T.);
#2701 = VERTEX_POINT('',#2702);
#2702 = CARTESIAN_POINT('',(3.552713678801E-15,-14.48657999401,
    2.62132034356));
#2703 = SURFACE_CURVE('',#2704,(#2708,#2714),.PCURVE_S1.);
#2704 = LINE('',#2705,#2706);
#2705 = CARTESIAN_POINT('',(-36.95422375906,6.848951040977,
    39.575544102627));
#2706 = VECTOR('',#2707,1.);
#2707 = DIRECTION('',(-0.654653670708,0.377964473009,0.654653670708));
#2708 = PCURVE('',#983,#2709);
#2709 = DEFINITIONAL_REPRESENTATION('',(#2710),#2713);
#2710 = B_SPLINE_CURVE_WITH_KNOTS('',1,(#2711,#2712),.UNSPECIFIED.,.F.,
  .F.,(2,2),(-56.44850920808,-50.52372816737),.PIECEWISE_BEZIER_KNOTS.);
#2711 = CARTESIAN_POINT('',(118.5,17.513420005986));
#2712 = CARTESIAN_POINT('',(113.01471862576,19.752776749733));
#2713 = ( GEOMETRIC_REPRESENTATION_CONTEXT(2) 
PARAMETRIC_REPRESENTATION_CONTEXT() REPRESENTATION_CONTEXT('2D SPACE',''
  ) );
#2714 = PCURVE('',#1630,#2715);
#2715 = DEFINITIONAL_REPRESENTATION('',(#2716),#2719);
#2716 = B_SPLINE_CURVE_WITH_KNOTS('',1,(#2717,#2718),.UNSPECIFIED.,.F.,
  .F.,(2,2),(-56.44850920808,-50.52372816737),.PIECEWISE_BEZIER_KNOTS.);
#2717 = CARTESIAN_POINT('',(12.973159988027,1.12910606711E-14));
#2718 = CARTESIAN_POINT('',(8.494446500535,-3.87867965644));
#2719 = ( GEOMETRIC_REPRESENTATION_CONTEXT(2) 
PARAMETRIC_REPRESENTATION_CONTEXT() REPRESENTATION_CONTEXT('2D SPACE',''
  ) );
#2720 = ORIENTED_EDGE('',*,*,#2721,.T.);
#2721 = EDGE_CURVE('',#2701,#943,#2722,.T.);
#2722 = SURFACE_CURVE('',#2723,(#2727,#2733),.PCURVE_S1.);
#2723 = LINE('',#2724,#2725);
#2724 = CARTESIAN_POINT('',(3.552713678801E-15,-32.,2.62132034356));
#2725 = VECTOR('',#2726,1.);
#2726 = DIRECTION('',(0.,1.,-0.));
#2727 = PCURVE('',#983,#2728);
#2728 = DEFINITIONAL_REPRESENTATION('',(#2729),#2732);
#2729 = B_SPLINE_CURVE_WITH_KNOTS('',1,(#2730,#2731),.UNSPECIFIED.,.F.,
  .F.,(2,2),(0.,64.),.PIECEWISE_BEZIER_KNOTS.);
#2730 = CARTESIAN_POINT('',(118.5,0.));
#2731 = CARTESIAN_POINT('',(118.5,64.));
#2732 = ( GEOMETRIC_REPRESENTATION_CONTEXT(2) 
PARAMETRIC_REPRESENTATION_CONTEXT() REPRESENTATION_CONTEXT('2D SPACE',''
  ) );
#2733 = PCURVE('',#957,#2734);
#2734 = DEFINITIONAL_REPRESENTATION('',(#2735),#2738);
#2735 = B_SPLINE_CURVE_WITH_KNOTS('',1,(#2736,#2737),.UNSPECIFIED.,.F.,
  .F.,(2,2),(0.,64.),.PIECEWISE_BEZIER_KNOTS.);
#2736 = CARTESIAN_POINT('',(121.5,0.));
#2737 = CARTESIAN_POINT('',(121.5,64.));
#2738 = ( GEOMETRIC_REPRESENTATION_CONTEXT(2) 
PARAMETRIC_REPRESENTATION_CONTEXT() REPRESENTATION_CONTEXT('2D SPACE',''
  ) );
#2739 = ADVANCED_FACE('',(#2740),#957,.F.);
#2740 = FACE_BOUND('',#2741,.F.);
#2741 = EDGE_LOOP('',(#2742,#2743,#2744,#2765));
#2742 = ORIENTED_EDGE('',*,*,#942,.F.);
#2743 = ORIENTED_EDGE('',*,*,#2721,.F.);
#2744 = ORIENTED_EDGE('',*,*,#2745,.F.);
#2745 = EDGE_CURVE('',#2746,#2701,#2748,.T.);
#2746 = VERTEX_POINT('',#2747);
#2747 = CARTESIAN_POINT('',(3.87867965644,-12.24722325026,6.5));
#2748 = SURFACE_CURVE('',#2749,(#2753,#2759),.PCURVE_S1.);
#2749 = LINE('',#2750,#2751);
#2750 = CARTESIAN_POINT('',(-35.77675944869,-35.14230169244,
    -33.15543910513));
#2751 = VECTOR('',#2752,1.);
#2752 = DIRECTION('',(-0.654653670708,-0.377964473009,-0.654653670708));
#2753 = PCURVE('',#957,#2754);
#2754 = DEFINITIONAL_REPRESENTATION('',(#2755),#2758);
#2755 = B_SPLINE_CURVE_WITH_KNOTS('',1,(#2756,#2757),.UNSPECIFIED.,.F.,
  .F.,(2,2),(-60.57468380532,-54.64990276461),.PIECEWISE_BEZIER_KNOTS.);
#2756 = CARTESIAN_POINT('',(126.98528137423,19.752776749733));
#2757 = CARTESIAN_POINT('',(121.5,17.513420005986));
#2758 = ( GEOMETRIC_REPRESENTATION_CONTEXT(2) 
PARAMETRIC_REPRESENTATION_CONTEXT() REPRESENTATION_CONTEXT('2D SPACE',''
  ) );
#2759 = PCURVE('',#1630,#2760);
#2760 = DEFINITIONAL_REPRESENTATION('',(#2761),#2764);
#2761 = B_SPLINE_CURVE_WITH_KNOTS('',1,(#2762,#2763),.UNSPECIFIED.,.F.,
  .F.,(2,2),(-60.57468380532,-54.64990276461),.PIECEWISE_BEZIER_KNOTS.);
#2762 = CARTESIAN_POINT('',(8.494446500535,3.87867965644));
#2763 = CARTESIAN_POINT('',(12.973159988027,-1.614851070517E-15));
#2764 = ( GEOMETRIC_REPRESENTATION_CONTEXT(2) 
PARAMETRIC_REPRESENTATION_CONTEXT() REPRESENTATION_CONTEXT('2D SPACE',''
  ) );
#2765 = ORIENTED_EDGE('',*,*,#2766,.T.);
#2766 = EDGE_CURVE('',#2746,#917,#2767,.T.);
#2767 = SURFACE_CURVE('',#2768,(#2772,#2778),.PCURVE_S1.);
#2768 = LINE('',#2769,#2770);
#2769 = CARTESIAN_POINT('',(3.87867965644,-32.,6.5));
#2770 = VECTOR('',#2771,1.);
#2771 = DIRECTION('',(0.,1.,-0.));
#2772 = PCURVE('',#957,#2773);
#2773 = DEFINITIONAL_REPRESENTATION('',(#2774),#2777);
#2774 = B_SPLINE_CURVE_WITH_KNOTS('',1,(#2775,#2776),.UNSPECIFIED.,.F.,
  .F.,(2,2),(0.,64.),.PIECEWISE_BEZIER_KNOTS.);
#2775 = CARTESIAN_POINT('',(126.98528137423,0.));
#2776 = CARTESIAN_POINT('',(126.98528137423,64.));
#2777 = ( GEOMETRIC_REPRESENTATION_CONTEXT(2) 
PARAMETRIC_REPRESENTATION_CONTEXT() REPRESENTATION_CONTEXT('2D SPACE',''
  ) );
#2778 = PCURVE('',#931,#2779);
#2779 = DEFINITIONAL_REPRESENTATION('',(#2780),#2783);
#2780 = B_SPLINE_CURVE_WITH_KNOTS('',1,(#2781,#2782),.UNSPECIFIED.,.F.,
  .F.,(2,2),(0.,64.),.PIECEWISE_BEZIER_KNOTS.);
#2781 = CARTESIAN_POINT('',(126.98528137423,0.));
#2782 = CARTESIAN_POINT('',(126.98528137423,64.));
#2783 = ( GEOMETRIC_REPRESENTATION_CONTEXT(2) 
PARAMETRIC_REPRESENTATION_CONTEXT() REPRESENTATION_CONTEXT('2D SPACE',''
  ) );
#2784 = ADVANCED_FACE('',(#2785),#931,.T.);
#2785 = FACE_BOUND('',#2786,.T.);
#2786 = EDGE_LOOP('',(#2787,#2788,#2809,#2828));
#2787 = ORIENTED_EDGE('',*,*,#916,.F.);
#2788 = ORIENTED_EDGE('',*,*,#2789,.T.);
#2789 = EDGE_CURVE('',#891,#2790,#2792,.T.);
#2790 = VERTEX_POINT('',#2791);
#2791 = CARTESIAN_POINT('',(0.87867965644,-10.51517244269,9.5));
#2792 = SURFACE_CURVE('',#2793,(#2797,#2803),.PCURVE_S1.);
#2793 = LINE('',#2794,#2795);
#2794 = CARTESIAN_POINT('',(0.87867965644,-32.,9.5));
#2795 = VECTOR('',#2796,1.);
#2796 = DIRECTION('',(0.,-1.,0.));
#2797 = PCURVE('',#931,#2798);
#2798 = DEFINITIONAL_REPRESENTATION('',(#2799),#2802);
#2799 = B_SPLINE_CURVE_WITH_KNOTS('',1,(#2800,#2801),.UNSPECIFIED.,.F.,
  .F.,(2,2),(-64.,0.),.PIECEWISE_BEZIER_KNOTS.);
#2800 = CARTESIAN_POINT('',(122.74264068711,64.));
#2801 = CARTESIAN_POINT('',(122.74264068711,0.));
#2802 = ( GEOMETRIC_REPRESENTATION_CONTEXT(2) 
PARAMETRIC_REPRESENTATION_CONTEXT() REPRESENTATION_CONTEXT('2D SPACE',''
  ) );
#2803 = PCURVE('',#905,#2804);
#2804 = DEFINITIONAL_REPRESENTATION('',(#2805),#2808);
#2805 = B_SPLINE_CURVE_WITH_KNOTS('',1,(#2806,#2807),.UNSPECIFIED.,.F.,
  .F.,(2,2),(-64.,0.),.PIECEWISE_BEZIER_KNOTS.);
#2806 = CARTESIAN_POINT('',(38.87867965644,64.));
#2807 = CARTESIAN_POINT('',(38.87867965644,0.));
#2808 = ( GEOMETRIC_REPRESENTATION_CONTEXT(2) 
PARAMETRIC_REPRESENTATION_CONTEXT() REPRESENTATION_CONTEXT('2D SPACE',''
  ) );
#2809 = ORIENTED_EDGE('',*,*,#2810,.F.);
#2810 = EDGE_CURVE('',#2746,#2790,#2811,.T.);
#2811 = SURFACE_CURVE('',#2812,(#2816,#2822),.PCURVE_S1.);
#2812 = LINE('',#2813,#2814);
#2813 = CARTESIAN_POINT('',(-35.09287558027,10.25301465639,
    45.471555236718));
#2814 = VECTOR('',#2815,1.);
#2815 = DIRECTION('',(-0.654653670708,0.377964473009,0.654653670708));
#2816 = PCURVE('',#931,#2817);
#2817 = DEFINITIONAL_REPRESENTATION('',(#2818),#2821);
#2818 = B_SPLINE_CURVE_WITH_KNOTS('',1,(#2819,#2820),.UNSPECIFIED.,.F.,
  .F.,(2,2),(-59.5300339408,-54.94745824584),.PIECEWISE_BEZIER_KNOTS.);
#2819 = CARTESIAN_POINT('',(126.98528137423,19.752776749733));
#2820 = CARTESIAN_POINT('',(122.74264068711,21.484827557301));
#2821 = ( GEOMETRIC_REPRESENTATION_CONTEXT(2) 
PARAMETRIC_REPRESENTATION_CONTEXT() REPRESENTATION_CONTEXT('2D SPACE',''
  ) );
#2822 = PCURVE('',#1630,#2823);
#2823 = DEFINITIONAL_REPRESENTATION('',(#2824),#2827);
#2824 = B_SPLINE_CURVE_WITH_KNOTS('',1,(#2825,#2826),.UNSPECIFIED.,.F.,
  .F.,(2,2),(-59.5300339408,-54.94745824584),.PIECEWISE_BEZIER_KNOTS.);
#2825 = CARTESIAN_POINT('',(8.494446500535,3.87867965644));
#2826 = CARTESIAN_POINT('',(5.030344885397,0.87867965644));
#2827 = ( GEOMETRIC_REPRESENTATION_CONTEXT(2) 
PARAMETRIC_REPRESENTATION_CONTEXT() REPRESENTATION_CONTEXT('2D SPACE',''
  ) );
#2828 = ORIENTED_EDGE('',*,*,#2766,.T.);
#2829 = ADVANCED_FACE('',(#2830),#905,.F.);
#2830 = FACE_BOUND('',#2831,.F.);
#2831 = EDGE_LOOP('',(#2832,#2833,#2834,#2855));
#2832 = ORIENTED_EDGE('',*,*,#890,.F.);
#2833 = ORIENTED_EDGE('',*,*,#2789,.T.);
#2834 = ORIENTED_EDGE('',*,*,#2835,.F.);
#2835 = EDGE_CURVE('',#2836,#2790,#2838,.T.);
#2836 = VERTEX_POINT('',#2837);
#2837 = CARTESIAN_POINT('',(5.12132034356,-10.51517244269,9.5));
#2838 = SURFACE_CURVE('',#2839,(#2843,#2849),.PCURVE_S1.);
#2839 = LINE('',#2840,#2841);
#2840 = CARTESIAN_POINT('',(-19.,-10.51517244269,9.5));
#2841 = VECTOR('',#2842,1.);
#2842 = DIRECTION('',(-1.,0.,0.));
#2843 = PCURVE('',#905,#2844);
#2844 = DEFINITIONAL_REPRESENTATION('',(#2845),#2848);
#2845 = B_SPLINE_CURVE_WITH_KNOTS('',1,(#2846,#2847),.UNSPECIFIED.,.F.,
  .F.,(2,2),(-24.12132034356,-19.87867965644),.PIECEWISE_BEZIER_KNOTS.);
#2846 = CARTESIAN_POINT('',(43.12132034356,21.484827557301));
#2847 = CARTESIAN_POINT('',(38.87867965644,21.484827557301));
#2848 = ( GEOMETRIC_REPRESENTATION_CONTEXT(2) 
PARAMETRIC_REPRESENTATION_CONTEXT() REPRESENTATION_CONTEXT('2D SPACE',''
  ) );
#2849 = PCURVE('',#1630,#2850);
#2850 = DEFINITIONAL_REPRESENTATION('',(#2851),#2854);
#2851 = B_SPLINE_CURVE_WITH_KNOTS('',1,(#2852,#2853),.UNSPECIFIED.,.F.,
  .F.,(2,2),(-24.12132034356,-19.87867965644),.PIECEWISE_BEZIER_KNOTS.);
#2852 = CARTESIAN_POINT('',(5.030344885397,5.12132034356));
#2853 = CARTESIAN_POINT('',(5.030344885397,0.87867965644));
#2854 = ( GEOMETRIC_REPRESENTATION_CONTEXT(2) 
PARAMETRIC_REPRESENTATION_CONTEXT() REPRESENTATION_CONTEXT('2D SPACE',''
  ) );
#2855 = ORIENTED_EDGE('',*,*,#2856,.F.);
#2856 = EDGE_CURVE('',#865,#2836,#2857,.T.);
#2857 = SURFACE_CURVE('',#2858,(#2862,#2868),.PCURVE_S1.);
#2858 = LINE('',#2859,#2860);
#2859 = CARTESIAN_POINT('',(5.12132034356,-32.,9.5));
#2860 = VECTOR('',#2861,1.);
#2861 = DIRECTION('',(0.,-1.,0.));
#2862 = PCURVE('',#905,#2863);
#2863 = DEFINITIONAL_REPRESENTATION('',(#2864),#2867);
#2864 = B_SPLINE_CURVE_WITH_KNOTS('',1,(#2865,#2866),.UNSPECIFIED.,.F.,
  .F.,(2,2),(-64.,0.),.PIECEWISE_BEZIER_KNOTS.);
#2865 = CARTESIAN_POINT('',(43.12132034356,64.));
#2866 = CARTESIAN_POINT('',(43.12132034356,0.));
#2867 = ( GEOMETRIC_REPRESENTATION_CONTEXT(2) 
PARAMETRIC_REPRESENTATION_CONTEXT() REPRESENTATION_CONTEXT('2D SPACE',''
  ) );
#2868 = PCURVE('',#879,#2869);
#2869 = DEFINITIONAL_REPRESENTATION('',(#2870),#2873);
#2870 = B_SPLINE_CURVE_WITH_KNOTS('',1,(#2871,#2872),.UNSPECIFIED.,.F.,
  .F.,(2,2),(-64.,0.),.PIECEWISE_BEZIER_KNOTS.);
#2871 = CARTESIAN_POINT('',(125.74264068711,64.));
#2872 = CARTESIAN_POINT('',(125.74264068711,0.));
#2873 = ( GEOMETRIC_REPRESENTATION_CONTEXT(2) 
PARAMETRIC_REPRESENTATION_CONTEXT() REPRESENTATION_CONTEXT('2D SPACE',''
  ) );
#2874 = ADVANCED_FACE('',(#2875),#879,.F.);
#2875 = FACE_BOUND('',#2876,.F.);
#2876 = EDGE_LOOP('',(#2877,#2878,#2879,#2900));
#2877 = ORIENTED_EDGE('',*,*,#864,.F.);
#2878 = ORIENTED_EDGE('',*,*,#2856,.T.);
#2879 = ORIENTED_EDGE('',*,*,#2880,.F.);
#2880 = EDGE_CURVE('',#2881,#2836,#2883,.T.);
#2881 = VERTEX_POINT('',#2882);
#2882 = CARTESIAN_POINT('',(6.,-11.02247837887,8.62132034356));
#2883 = SURFACE_CURVE('',#2884,(#2888,#2894),.PCURVE_S1.);
#2884 = LINE('',#2885,#2886);
#2885 = CARTESIAN_POINT('',(-32.66850947335,11.302795974726,
    47.289829816912));
#2886 = VECTOR('',#2887,1.);
#2887 = DIRECTION('',(-0.654653670708,0.377964473009,0.654653670708));
#2888 = PCURVE('',#879,#2889);
#2889 = DEFINITIONAL_REPRESENTATION('',(#2890),#2893);
#2890 = B_SPLINE_CURVE_WITH_KNOTS('',1,(#2891,#2892),.UNSPECIFIED.,.F.,
  .F.,(2,2),(-59.06712389091,-57.72491854516),.PIECEWISE_BEZIER_KNOTS.);
#2891 = CARTESIAN_POINT('',(126.98528137423,20.977521621124));
#2892 = CARTESIAN_POINT('',(125.74264068711,21.484827557301));
#2893 = ( GEOMETRIC_REPRESENTATION_CONTEXT(2) 
PARAMETRIC_REPRESENTATION_CONTEXT() REPRESENTATION_CONTEXT('2D SPACE',''
  ) );
#2894 = PCURVE('',#1630,#2895);
#2895 = DEFINITIONAL_REPRESENTATION('',(#2896),#2899);
#2896 = B_SPLINE_CURVE_WITH_KNOTS('',1,(#2897,#2898),.UNSPECIFIED.,.F.,
  .F.,(2,2),(-59.06712389091,-57.72491854516),.PIECEWISE_BEZIER_KNOTS.);
#2897 = CARTESIAN_POINT('',(6.044956757752,6.));
#2898 = CARTESIAN_POINT('',(5.030344885397,5.12132034356));
#2899 = ( GEOMETRIC_REPRESENTATION_CONTEXT(2) 
PARAMETRIC_REPRESENTATION_CONTEXT() REPRESENTATION_CONTEXT('2D SPACE',''
  ) );
#2900 = ORIENTED_EDGE('',*,*,#2901,.T.);
#2901 = EDGE_CURVE('',#2881,#839,#2902,.T.);
#2902 = SURFACE_CURVE('',#2903,(#2907,#2913),.PCURVE_S1.);
#2903 = LINE('',#2904,#2905);
#2904 = CARTESIAN_POINT('',(6.,-32.,8.62132034356));
#2905 = VECTOR('',#2906,1.);
#2906 = DIRECTION('',(0.,1.,-0.));
#2907 = PCURVE('',#879,#2908);
#2908 = DEFINITIONAL_REPRESENTATION('',(#2909),#2912);
#2909 = B_SPLINE_CURVE_WITH_KNOTS('',1,(#2910,#2911),.UNSPECIFIED.,.F.,
  .F.,(2,2),(0.,64.),.PIECEWISE_BEZIER_KNOTS.);
#2910 = CARTESIAN_POINT('',(126.98528137423,0.));
#2911 = CARTESIAN_POINT('',(126.98528137423,64.));
#2912 = ( GEOMETRIC_REPRESENTATION_CONTEXT(2) 
PARAMETRIC_REPRESENTATION_CONTEXT() REPRESENTATION_CONTEXT('2D SPACE',''
  ) );
#2913 = PCURVE('',#853,#2914);
#2914 = DEFINITIONAL_REPRESENTATION('',(#2915),#2918);
#2915 = B_SPLINE_CURVE_WITH_KNOTS('',1,(#2916,#2917),.UNSPECIFIED.,.F.,
  .F.,(2,2),(0.,64.),.PIECEWISE_BEZIER_KNOTS.);
#2916 = CARTESIAN_POINT('',(129.98528137423,0.));
#2917 = CARTESIAN_POINT('',(129.98528137423,64.));
#2918 = ( GEOMETRIC_REPRESENTATION_CONTEXT(2) 
PARAMETRIC_REPRESENTATION_CONTEXT() REPRESENTATION_CONTEXT('2D SPACE',''
  ) );
#2919 = ADVANCED_FACE('',(#2920),#853,.F.);
#2920 = FACE_BOUND('',#2921,.F.);
#2921 = EDGE_LOOP('',(#2922,#2923,#2924,#2945));
#2922 = ORIENTED_EDGE('',*,*,#838,.F.);
#2923 = ORIENTED_EDGE('',*,*,#2901,.F.);
#2924 = ORIENTED_EDGE('',*,*,#2925,.F.);
#2925 = EDGE_CURVE('',#2926,#2881,#2928,.T.);
#2926 = VERTEX_POINT('',#2927);
#2927 = CARTESIAN_POINT('',(6.87867965644,-10.51517244269,9.5));
#2928 = SURFACE_CURVE('',#2929,(#2933,#2939),.PCURVE_S1.);
#2929 = LINE('',#2930,#2931);
#2930 = CARTESIAN_POINT('',(-35.77675944869,-35.14230169244,
    -33.15543910513));
#2931 = VECTOR('',#2932,1.);
#2932 = DIRECTION('',(-0.654653670708,-0.377964473009,-0.654653670708));
#2933 = PCURVE('',#853,#2934);
#2934 = DEFINITIONAL_REPRESENTATION('',(#2935),#2938);
#2935 = B_SPLINE_CURVE_WITH_KNOTS('',1,(#2936,#2937),.UNSPECIFIED.,.F.,
  .F.,(2,2),(-65.15725950028,-63.81505415453),.PIECEWISE_BEZIER_KNOTS.);
#2936 = CARTESIAN_POINT('',(131.22792206135,21.484827557301));
#2937 = CARTESIAN_POINT('',(129.98528137423,20.977521621124));
#2938 = ( GEOMETRIC_REPRESENTATION_CONTEXT(2) 
PARAMETRIC_REPRESENTATION_CONTEXT() REPRESENTATION_CONTEXT('2D SPACE',''
  ) );
#2939 = PCURVE('',#1630,#2940);
#2940 = DEFINITIONAL_REPRESENTATION('',(#2941),#2944);
#2941 = B_SPLINE_CURVE_WITH_KNOTS('',1,(#2942,#2943),.UNSPECIFIED.,.F.,
  .F.,(2,2),(-65.15725950028,-63.81505415453),.PIECEWISE_BEZIER_KNOTS.);
#2942 = CARTESIAN_POINT('',(5.030344885397,6.87867965644));
#2943 = CARTESIAN_POINT('',(6.044956757752,6.));
#2944 = ( GEOMETRIC_REPRESENTATION_CONTEXT(2) 
PARAMETRIC_REPRESENTATION_CONTEXT() REPRESENTATION_CONTEXT('2D SPACE',''
  ) );
#2945 = ORIENTED_EDGE('',*,*,#2946,.T.);
#2946 = EDGE_CURVE('',#2926,#813,#2947,.T.);
#2947 = SURFACE_CURVE('',#2948,(#2952,#2958),.PCURVE_S1.);
#2948 = LINE('',#2949,#2950);
#2949 = CARTESIAN_POINT('',(6.87867965644,-32.,9.5));
#2950 = VECTOR('',#2951,1.);
#2951 = DIRECTION('',(0.,1.,-0.));
#2952 = PCURVE('',#853,#2953);
#2953 = DEFINITIONAL_REPRESENTATION('',(#2954),#2957);
#2954 = B_SPLINE_CURVE_WITH_KNOTS('',1,(#2955,#2956),.UNSPECIFIED.,.F.,
  .F.,(2,2),(0.,64.),.PIECEWISE_BEZIER_KNOTS.);
#2955 = CARTESIAN_POINT('',(131.22792206135,0.));
#2956 = CARTESIAN_POINT('',(131.22792206135,64.));
#2957 = ( GEOMETRIC_REPRESENTATION_CONTEXT(2) 
PARAMETRIC_REPRESENTATION_CONTEXT() REPRESENTATION_CONTEXT('2D SPACE',''
  ) );
#2958 = PCURVE('',#827,#2959);
#2959 = DEFINITIONAL_REPRESENTATION('',(#2960),#2963);
#2960 = B_SPLINE_CURVE_WITH_KNOTS('',1,(#2961,#2962),.UNSPECIFIED.,.F.,
  .F.,(2,2),(0.,64.),.PIECEWISE_BEZIER_KNOTS.);
#2961 = CARTESIAN_POINT('',(44.87867965644,0.));
#2962 = CARTESIAN_POINT('',(44.87867965644,64.));
#2963 = ( GEOMETRIC_REPRESENTATION_CONTEXT(2) 
PARAMETRIC_REPRESENTATION_CONTEXT() REPRESENTATION_CONTEXT('2D SPACE',''
  ) );
#2964 = ADVANCED_FACE('',(#2965),#827,.F.);
#2965 = FACE_BOUND('',#2966,.F.);
#2966 = EDGE_LOOP('',(#2967,#2968,#2969,#2990));
#2967 = ORIENTED_EDGE('',*,*,#812,.F.);
#2968 = ORIENTED_EDGE('',*,*,#2946,.F.);
#2969 = ORIENTED_EDGE('',*,*,#2970,.F.);
#2970 = EDGE_CURVE('',#2971,#2926,#2973,.T.);
#2971 = VERTEX_POINT('',#2972);
#2972 = CARTESIAN_POINT('',(11.12132034356,-10.51517244269,9.5));
#2973 = SURFACE_CURVE('',#2974,(#2978,#2984),.PCURVE_S1.);
#2974 = LINE('',#2975,#2976);
#2975 = CARTESIAN_POINT('',(-19.,-10.51517244269,9.5));
#2976 = VECTOR('',#2977,1.);
#2977 = DIRECTION('',(-1.,0.,0.));
#2978 = PCURVE('',#827,#2979);
#2979 = DEFINITIONAL_REPRESENTATION('',(#2980),#2983);
#2980 = B_SPLINE_CURVE_WITH_KNOTS('',1,(#2981,#2982),.UNSPECIFIED.,.F.,
  .F.,(2,2),(-30.12132034356,-25.87867965644),.PIECEWISE_BEZIER_KNOTS.);
#2981 = CARTESIAN_POINT('',(49.12132034356,21.484827557301));
#2982 = CARTESIAN_POINT('',(44.87867965644,21.484827557301));
#2983 = ( GEOMETRIC_REPRESENTATION_CONTEXT(2) 
PARAMETRIC_REPRESENTATION_CONTEXT() REPRESENTATION_CONTEXT('2D SPACE',''
  ) );
#2984 = PCURVE('',#1630,#2985);
#2985 = DEFINITIONAL_REPRESENTATION('',(#2986),#2989);
#2986 = B_SPLINE_CURVE_WITH_KNOTS('',1,(#2987,#2988),.UNSPECIFIED.,.F.,
  .F.,(2,2),(-30.12132034356,-25.87867965644),.PIECEWISE_BEZIER_KNOTS.);
#2987 = CARTESIAN_POINT('',(5.030344885397,11.12132034356));
#2988 = CARTESIAN_POINT('',(5.030344885397,6.87867965644));
#2989 = ( GEOMETRIC_REPRESENTATION_CONTEXT(2) 
PARAMETRIC_REPRESENTATION_CONTEXT() REPRESENTATION_CONTEXT('2D SPACE',''
  ) );
#2990 = ORIENTED_EDGE('',*,*,#2991,.T.);
#2991 = EDGE_CURVE('',#2971,#787,#2992,.T.);
#2992 = SURFACE_CURVE('',#2993,(#2997,#3003),.PCURVE_S1.);
#2993 = LINE('',#2994,#2995);
#2994 = CARTESIAN_POINT('',(11.12132034356,-32.,9.5));
#2995 = VECTOR('',#2996,1.);
#2996 = DIRECTION('',(0.,1.,-0.));
#2997 = PCURVE('',#827,#2998);
#2998 = DEFINITIONAL_REPRESENTATION('',(#2999),#3002);
#2999 = B_SPLINE_CURVE_WITH_KNOTS('',1,(#3000,#3001),.UNSPECIFIED.,.F.,
  .F.,(2,2),(0.,64.),.PIECEWISE_BEZIER_KNOTS.);
#3000 = CARTESIAN_POINT('',(49.12132034356,0.));
#3001 = CARTESIAN_POINT('',(49.12132034356,64.));
#3002 = ( GEOMETRIC_REPRESENTATION_CONTEXT(2) 
PARAMETRIC_REPRESENTATION_CONTEXT() REPRESENTATION_CONTEXT('2D SPACE',''
  ) );
#3003 = PCURVE('',#801,#3004);
#3004 = DEFINITIONAL_REPRESENTATION('',(#3005),#3008);
#3005 = B_SPLINE_CURVE_WITH_KNOTS('',1,(#3006,#3007),.UNSPECIFIED.,.F.,
  .F.,(2,2),(0.,64.),.PIECEWISE_BEZIER_KNOTS.);
#3006 = CARTESIAN_POINT('',(134.22792206135,0.));
#3007 = CARTESIAN_POINT('',(134.22792206135,64.));
#3008 = ( GEOMETRIC_REPRESENTATION_CONTEXT(2) 
PARAMETRIC_REPRESENTATION_CONTEXT() REPRESENTATION_CONTEXT('2D SPACE',''
  ) );
#3009 = ADVANCED_FACE('',(#3010),#801,.T.);
#3010 = FACE_BOUND('',#3011,.T.);
#3011 = EDGE_LOOP('',(#3012,#3013,#3034,#3053));
#3012 = ORIENTED_EDGE('',*,*,#786,.F.);
#3013 = ORIENTED_EDGE('',*,*,#3014,.F.);
#3014 = EDGE_CURVE('',#3015,#761,#3017,.T.);
#3015 = VERTEX_POINT('',#3016);
#3016 = CARTESIAN_POINT('',(8.12132034356,-12.24722325026,6.5));
#3017 = SURFACE_CURVE('',#3018,(#3022,#3028),.PCURVE_S1.);
#3018 = LINE('',#3019,#3020);
#3019 = CARTESIAN_POINT('',(8.12132034356,-32.,6.5));
#3020 = VECTOR('',#3021,1.);
#3021 = DIRECTION('',(0.,1.,-0.));
#3022 = PCURVE('',#801,#3023);
#3023 = DEFINITIONAL_REPRESENTATION('',(#3024),#3027);
#3024 = B_SPLINE_CURVE_WITH_KNOTS('',1,(#3025,#3026),.UNSPECIFIED.,.F.,
  .F.,(2,2),(0.,64.),.PIECEWISE_BEZIER_KNOTS.);
#3025 = CARTESIAN_POINT('',(129.98528137423,0.));
#3026 = CARTESIAN_POINT('',(129.98528137423,64.));
#3027 = ( GEOMETRIC_REPRESENTATION_CONTEXT(2) 
PARAMETRIC_REPRESENTATION_CONTEXT() REPRESENTATION_CONTEXT('2D SPACE',''
  ) );
#3028 = PCURVE('',#775,#3029);
#3029 = DEFINITIONAL_REPRESENTATION('',(#3030),#3033);
#3030 = B_SPLINE_CURVE_WITH_KNOTS('',1,(#3031,#3032),.UNSPECIFIED.,.F.,
  .F.,(2,2),(0.,64.),.PIECEWISE_BEZIER_KNOTS.);
#3031 = CARTESIAN_POINT('',(129.98528137423,0.));
#3032 = CARTESIAN_POINT('',(129.98528137423,64.));
#3033 = ( GEOMETRIC_REPRESENTATION_CONTEXT(2) 
PARAMETRIC_REPRESENTATION_CONTEXT() REPRESENTATION_CONTEXT('2D SPACE',''
  ) );
#3034 = ORIENTED_EDGE('',*,*,#3035,.F.);
#3035 = EDGE_CURVE('',#2971,#3015,#3036,.T.);
#3036 = SURFACE_CURVE('',#3037,(#3041,#3047),.PCURVE_S1.);
#3037 = LINE('',#3038,#3039);
#3038 = CARTESIAN_POINT('',(-33.35239334176,-36.19208301078,
    -34.97371368532));
#3039 = VECTOR('',#3040,1.);
#3040 = DIRECTION('',(-0.654653670708,-0.377964473009,-0.654653670708));
#3041 = PCURVE('',#801,#3042);
#3042 = DEFINITIONAL_REPRESENTATION('',(#3043),#3046);
#3043 = B_SPLINE_CURVE_WITH_KNOTS('',1,(#3044,#3045),.UNSPECIFIED.,.F.,
  .F.,(2,2),(-67.9347197996,-63.35214410464),.PIECEWISE_BEZIER_KNOTS.);
#3044 = CARTESIAN_POINT('',(134.22792206135,21.484827557301));
#3045 = CARTESIAN_POINT('',(129.98528137423,19.752776749733));
#3046 = ( GEOMETRIC_REPRESENTATION_CONTEXT(2) 
PARAMETRIC_REPRESENTATION_CONTEXT() REPRESENTATION_CONTEXT('2D SPACE',''
  ) );
#3047 = PCURVE('',#1630,#3048);
#3048 = DEFINITIONAL_REPRESENTATION('',(#3049),#3052);
#3049 = B_SPLINE_CURVE_WITH_KNOTS('',1,(#3050,#3051),.UNSPECIFIED.,.F.,
  .F.,(2,2),(-67.9347197996,-63.35214410464),.PIECEWISE_BEZIER_KNOTS.);
#3050 = CARTESIAN_POINT('',(5.030344885397,11.12132034356));
#3051 = CARTESIAN_POINT('',(8.494446500535,8.12132034356));
#3052 = ( GEOMETRIC_REPRESENTATION_CONTEXT(2) 
PARAMETRIC_REPRESENTATION_CONTEXT() REPRESENTATION_CONTEXT('2D SPACE',''
  ) );
#3053 = ORIENTED_EDGE('',*,*,#2991,.T.);
#3054 = ADVANCED_FACE('',(#3055),#775,.F.);
#3055 = FACE_BOUND('',#3056,.F.);
#3056 = EDGE_LOOP('',(#3057,#3058,#3059,#3080));
#3057 = ORIENTED_EDGE('',*,*,#760,.F.);
#3058 = ORIENTED_EDGE('',*,*,#3014,.F.);
#3059 = ORIENTED_EDGE('',*,*,#3060,.F.);
#3060 = EDGE_CURVE('',#3061,#3015,#3063,.T.);
#3061 = VERTEX_POINT('',#3062);
#3062 = CARTESIAN_POINT('',(12.,-14.48657999401,2.62132034356));
#3063 = SURFACE_CURVE('',#3064,(#3068,#3074),.PCURVE_S1.);
#3064 = LINE('',#3065,#3066);
#3065 = CARTESIAN_POINT('',(-32.66850947335,11.302795974726,
    47.289829816912));
#3066 = VECTOR('',#3067,1.);
#3067 = DIRECTION('',(-0.654653670708,0.377964473009,0.654653670708));
#3068 = PCURVE('',#775,#3069);
#3069 = DEFINITIONAL_REPRESENTATION('',(#3070),#3073);
#3070 = B_SPLINE_CURVE_WITH_KNOTS('',1,(#3071,#3072),.UNSPECIFIED.,.F.,
  .F.,(2,2),(-68.23227528083,-62.30749424012),.PIECEWISE_BEZIER_KNOTS.);
#3071 = CARTESIAN_POINT('',(135.47056274847,17.513420005986));
#3072 = CARTESIAN_POINT('',(129.98528137423,19.752776749733));
#3073 = ( GEOMETRIC_REPRESENTATION_CONTEXT(2) 
PARAMETRIC_REPRESENTATION_CONTEXT() REPRESENTATION_CONTEXT('2D SPACE',''
  ) );
#3074 = PCURVE('',#1630,#3075);
#3075 = DEFINITIONAL_REPRESENTATION('',(#3076),#3079);
#3076 = B_SPLINE_CURVE_WITH_KNOTS('',1,(#3077,#3078),.UNSPECIFIED.,.F.,
  .F.,(2,2),(-68.23227528083,-62.30749424012),.PIECEWISE_BEZIER_KNOTS.);
#3077 = CARTESIAN_POINT('',(12.973159988027,12.));
#3078 = CARTESIAN_POINT('',(8.494446500535,8.12132034356));
#3079 = ( GEOMETRIC_REPRESENTATION_CONTEXT(2) 
PARAMETRIC_REPRESENTATION_CONTEXT() REPRESENTATION_CONTEXT('2D SPACE',''
  ) );
#3080 = ORIENTED_EDGE('',*,*,#3081,.T.);
#3081 = EDGE_CURVE('',#3061,#735,#3082,.T.);
#3082 = SURFACE_CURVE('',#3083,(#3087,#3093),.PCURVE_S1.);
#3083 = LINE('',#3084,#3085);
#3084 = CARTESIAN_POINT('',(12.,-32.,2.62132034356));
#3085 = VECTOR('',#3086,1.);
#3086 = DIRECTION('',(0.,1.,-0.));
#3087 = PCURVE('',#775,#3088);
#3088 = DEFINITIONAL_REPRESENTATION('',(#3089),#3092);
#3089 = B_SPLINE_CURVE_WITH_KNOTS('',1,(#3090,#3091),.UNSPECIFIED.,.F.,
  .F.,(2,2),(0.,64.),.PIECEWISE_BEZIER_KNOTS.);
#3090 = CARTESIAN_POINT('',(135.47056274847,0.));
#3091 = CARTESIAN_POINT('',(135.47056274847,64.));
#3092 = ( GEOMETRIC_REPRESENTATION_CONTEXT(2) 
PARAMETRIC_REPRESENTATION_CONTEXT() REPRESENTATION_CONTEXT('2D SPACE',''
  ) );
#3093 = PCURVE('',#749,#3094);
#3094 = DEFINITIONAL_REPRESENTATION('',(#3095),#3098);
#3095 = B_SPLINE_CURVE_WITH_KNOTS('',1,(#3096,#3097),.UNSPECIFIED.,.F.,
  .F.,(2,2),(0.,64.),.PIECEWISE_BEZIER_KNOTS.);
#3096 = CARTESIAN_POINT('',(138.47056274847,0.));
#3097 = CARTESIAN_POINT('',(138.47056274847,64.));
#3098 = ( GEOMETRIC_REPRESENTATION_CONTEXT(2) 
PARAMETRIC_REPRESENTATION_CONTEXT() REPRESENTATION_CONTEXT('2D SPACE',''
  ) );
#3099 = ADVANCED_FACE('',(#3100),#749,.F.);
#3100 = FACE_BOUND('',#3101,.F.);
#3101 = EDGE_LOOP('',(#3102,#3103,#3104,#3125));
#3102 = ORIENTED_EDGE('',*,*,#734,.F.);
#3103 = ORIENTED_EDGE('',*,*,#3081,.F.);
#3104 = ORIENTED_EDGE('',*,*,#3105,.F.);
#3105 = EDGE_CURVE('',#3106,#3061,#3108,.T.);
#3106 = VERTEX_POINT('',#3107);
#3107 = CARTESIAN_POINT('',(15.87867965644,-12.24722325026,6.5));
#3108 = SURFACE_CURVE('',#3109,(#3113,#3119),.PCURVE_S1.);
#3109 = LINE('',#3110,#3111);
#3110 = CARTESIAN_POINT('',(-31.49104516297,-39.59614662619,
    -40.86972481941));
#3111 = VECTOR('',#3112,1.);
#3112 = DIRECTION('',(-0.654653670708,-0.377964473009,-0.654653670708));
#3113 = PCURVE('',#749,#3114);
#3114 = DEFINITIONAL_REPRESENTATION('',(#3115),#3118);
#3115 = B_SPLINE_CURVE_WITH_KNOTS('',1,(#3116,#3117),.UNSPECIFIED.,.F.,
  .F.,(2,2),(-72.35844987807,-66.43366883736),.PIECEWISE_BEZIER_KNOTS.);
#3116 = CARTESIAN_POINT('',(143.95584412271,19.752776749733));
#3117 = CARTESIAN_POINT('',(138.47056274847,17.513420005986));
#3118 = ( GEOMETRIC_REPRESENTATION_CONTEXT(2) 
PARAMETRIC_REPRESENTATION_CONTEXT() REPRESENTATION_CONTEXT('2D SPACE',''
  ) );
#3119 = PCURVE('',#1630,#3120);
#3120 = DEFINITIONAL_REPRESENTATION('',(#3121),#3124);
#3121 = B_SPLINE_CURVE_WITH_KNOTS('',1,(#3122,#3123),.UNSPECIFIED.,.F.,
  .F.,(2,2),(-72.35844987807,-66.43366883736),.PIECEWISE_BEZIER_KNOTS.);
#3122 = CARTESIAN_POINT('',(8.494446500535,15.87867965644));
#3123 = CARTESIAN_POINT('',(12.973159988027,12.));
#3124 = ( GEOMETRIC_REPRESENTATION_CONTEXT(2) 
PARAMETRIC_REPRESENTATION_CONTEXT() REPRESENTATION_CONTEXT('2D SPACE',''
  ) );
#3125 = ORIENTED_EDGE('',*,*,#3126,.T.);
#3126 = EDGE_CURVE('',#3106,#709,#3127,.T.);
#3127 = SURFACE_CURVE('',#3128,(#3132,#3138),.PCURVE_S1.);
#3128 = LINE('',#3129,#3130);
#3129 = CARTESIAN_POINT('',(15.87867965644,-32.,6.5));
#3130 = VECTOR('',#3131,1.);
#3131 = DIRECTION('',(0.,1.,-0.));
#3132 = PCURVE('',#749,#3133);
#3133 = DEFINITIONAL_REPRESENTATION('',(#3134),#3137);
#3134 = B_SPLINE_CURVE_WITH_KNOTS('',1,(#3135,#3136),.UNSPECIFIED.,.F.,
  .F.,(2,2),(0.,64.),.PIECEWISE_BEZIER_KNOTS.);
#3135 = CARTESIAN_POINT('',(143.95584412271,0.));
#3136 = CARTESIAN_POINT('',(143.95584412271,64.));
#3137 = ( GEOMETRIC_REPRESENTATION_CONTEXT(2) 
PARAMETRIC_REPRESENTATION_CONTEXT() REPRESENTATION_CONTEXT('2D SPACE',''
  ) );
#3138 = PCURVE('',#723,#3139);
#3139 = DEFINITIONAL_REPRESENTATION('',(#3140),#3143);
#3140 = B_SPLINE_CURVE_WITH_KNOTS('',1,(#3141,#3142),.UNSPECIFIED.,.F.,
  .F.,(2,2),(0.,64.),.PIECEWISE_BEZIER_KNOTS.);
#3141 = CARTESIAN_POINT('',(143.95584412271,0.));
#3142 = CARTESIAN_POINT('',(143.95584412271,64.));
#3143 = ( GEOMETRIC_REPRESENTATION_CONTEXT(2) 
PARAMETRIC_REPRESENTATION_CONTEXT() REPRESENTATION_CONTEXT('2D SPACE',''
  ) );
#3144 = ADVANCED_FACE('',(#3145),#723,.T.);
#3145 = FACE_BOUND('',#3146,.T.);
#3146 = EDGE_LOOP('',(#3147,#3148,#3169,#3188));
#3147 = ORIENTED_EDGE('',*,*,#708,.F.);
#3148 = ORIENTED_EDGE('',*,*,#3149,.T.);
#3149 = EDGE_CURVE('',#683,#3150,#3152,.T.);
#3150 = VERTEX_POINT('',#3151);
#3151 = CARTESIAN_POINT('',(12.87867965644,-10.51517244269,9.5));
#3152 = SURFACE_CURVE('',#3153,(#3157,#3163),.PCURVE_S1.);
#3153 = LINE('',#3154,#3155);
#3154 = CARTESIAN_POINT('',(12.87867965644,-32.,9.5));
#3155 = VECTOR('',#3156,1.);
#3156 = DIRECTION('',(0.,-1.,0.));
#3157 = PCURVE('',#723,#3158);
#3158 = DEFINITIONAL_REPRESENTATION('',(#3159),#3162);
#3159 = B_SPLINE_CURVE_WITH_KNOTS('',1,(#3160,#3161),.UNSPECIFIED.,.F.,
  .F.,(2,2),(-64.,0.),.PIECEWISE_BEZIER_KNOTS.);
#3160 = CARTESIAN_POINT('',(139.71320343559,64.));
#3161 = CARTESIAN_POINT('',(139.71320343559,0.));
#3162 = ( GEOMETRIC_REPRESENTATION_CONTEXT(2) 
PARAMETRIC_REPRESENTATION_CONTEXT() REPRESENTATION_CONTEXT('2D SPACE',''
  ) );
#3163 = PCURVE('',#697,#3164);
#3164 = DEFINITIONAL_REPRESENTATION('',(#3165),#3168);
#3165 = B_SPLINE_CURVE_WITH_KNOTS('',1,(#3166,#3167),.UNSPECIFIED.,.F.,
  .F.,(2,2),(-64.,0.),.PIECEWISE_BEZIER_KNOTS.);
#3166 = CARTESIAN_POINT('',(50.87867965644,64.));
#3167 = CARTESIAN_POINT('',(50.87867965644,0.));
#3168 = ( GEOMETRIC_REPRESENTATION_CONTEXT(2) 
PARAMETRIC_REPRESENTATION_CONTEXT() REPRESENTATION_CONTEXT('2D SPACE',''
  ) );
#3169 = ORIENTED_EDGE('',*,*,#3170,.F.);
#3170 = EDGE_CURVE('',#3106,#3150,#3171,.T.);
#3171 = SURFACE_CURVE('',#3172,(#3176,#3182),.PCURVE_S1.);
#3172 = LINE('',#3173,#3174);
#3173 = CARTESIAN_POINT('',(-30.80716129456,14.706859590139,
    53.185840951004));
#3174 = VECTOR('',#3175,1.);
#3175 = DIRECTION('',(-0.654653670708,0.377964473009,0.654653670708));
#3176 = PCURVE('',#723,#3177);
#3177 = DEFINITIONAL_REPRESENTATION('',(#3178),#3181);
#3178 = B_SPLINE_CURVE_WITH_KNOTS('',1,(#3179,#3180),.UNSPECIFIED.,.F.,
  .F.,(2,2),(-71.31380001354,-66.73122431859),.PIECEWISE_BEZIER_KNOTS.);
#3179 = CARTESIAN_POINT('',(143.95584412271,19.752776749733));
#3180 = CARTESIAN_POINT('',(139.71320343559,21.484827557301));
#3181 = ( GEOMETRIC_REPRESENTATION_CONTEXT(2) 
PARAMETRIC_REPRESENTATION_CONTEXT() REPRESENTATION_CONTEXT('2D SPACE',''
  ) );
#3182 = PCURVE('',#1630,#3183);
#3183 = DEFINITIONAL_REPRESENTATION('',(#3184),#3187);
#3184 = B_SPLINE_CURVE_WITH_KNOTS('',1,(#3185,#3186),.UNSPECIFIED.,.F.,
  .F.,(2,2),(-71.31380001354,-66.73122431859),.PIECEWISE_BEZIER_KNOTS.);
#3185 = CARTESIAN_POINT('',(8.494446500535,15.87867965644));
#3186 = CARTESIAN_POINT('',(5.030344885397,12.87867965644));
#3187 = ( GEOMETRIC_REPRESENTATION_CONTEXT(2) 
PARAMETRIC_REPRESENTATION_CONTEXT() REPRESENTATION_CONTEXT('2D SPACE',''
  ) );
#3188 = ORIENTED_EDGE('',*,*,#3126,.T.);
#3189 = ADVANCED_FACE('',(#3190),#697,.F.);
#3190 = FACE_BOUND('',#3191,.F.);
#3191 = EDGE_LOOP('',(#3192,#3193,#3194,#3215));
#3192 = ORIENTED_EDGE('',*,*,#682,.F.);
#3193 = ORIENTED_EDGE('',*,*,#3149,.T.);
#3194 = ORIENTED_EDGE('',*,*,#3195,.F.);
#3195 = EDGE_CURVE('',#3196,#3150,#3198,.T.);
#3196 = VERTEX_POINT('',#3197);
#3197 = CARTESIAN_POINT('',(17.12132034356,-10.51517244269,9.5));
#3198 = SURFACE_CURVE('',#3199,(#3203,#3209),.PCURVE_S1.);
#3199 = LINE('',#3200,#3201);
#3200 = CARTESIAN_POINT('',(-19.,-10.51517244269,9.5));
#3201 = VECTOR('',#3202,1.);
#3202 = DIRECTION('',(-1.,0.,0.));
#3203 = PCURVE('',#697,#3204);
#3204 = DEFINITIONAL_REPRESENTATION('',(#3205),#3208);
#3205 = B_SPLINE_CURVE_WITH_KNOTS('',1,(#3206,#3207),.UNSPECIFIED.,.F.,
  .F.,(2,2),(-36.12132034356,-31.87867965644),.PIECEWISE_BEZIER_KNOTS.);
#3206 = CARTESIAN_POINT('',(55.12132034356,21.484827557301));
#3207 = CARTESIAN_POINT('',(50.87867965644,21.484827557301));
#3208 = ( GEOMETRIC_REPRESENTATION_CONTEXT(2) 
PARAMETRIC_REPRESENTATION_CONTEXT() REPRESENTATION_CONTEXT('2D SPACE',''
  ) );
#3209 = PCURVE('',#1630,#3210);
#3210 = DEFINITIONAL_REPRESENTATION('',(#3211),#3214);
#3211 = B_SPLINE_CURVE_WITH_KNOTS('',1,(#3212,#3213),.UNSPECIFIED.,.F.,
  .F.,(2,2),(-36.12132034356,-31.87867965644),.PIECEWISE_BEZIER_KNOTS.);
#3212 = CARTESIAN_POINT('',(5.030344885397,17.12132034356));
#3213 = CARTESIAN_POINT('',(5.030344885397,12.87867965644));
#3214 = ( GEOMETRIC_REPRESENTATION_CONTEXT(2) 
PARAMETRIC_REPRESENTATION_CONTEXT() REPRESENTATION_CONTEXT('2D SPACE',''
  ) );
#3215 = ORIENTED_EDGE('',*,*,#3216,.F.);
#3216 = EDGE_CURVE('',#657,#3196,#3217,.T.);
#3217 = SURFACE_CURVE('',#3218,(#3222,#3228),.PCURVE_S1.);
#3218 = LINE('',#3219,#3220);
#3219 = CARTESIAN_POINT('',(17.12132034356,-32.,9.5));
#3220 = VECTOR('',#3221,1.);
#3221 = DIRECTION('',(0.,-1.,0.));
#3222 = PCURVE('',#697,#3223);
#3223 = DEFINITIONAL_REPRESENTATION('',(#3224),#3227);
#3224 = B_SPLINE_CURVE_WITH_KNOTS('',1,(#3225,#3226),.UNSPECIFIED.,.F.,
  .F.,(2,2),(-64.,0.),.PIECEWISE_BEZIER_KNOTS.);
#3225 = CARTESIAN_POINT('',(55.12132034356,64.));
#3226 = CARTESIAN_POINT('',(55.12132034356,0.));
#3227 = ( GEOMETRIC_REPRESENTATION_CONTEXT(2) 
PARAMETRIC_REPRESENTATION_CONTEXT() REPRESENTATION_CONTEXT('2D SPACE',''
  ) );
#3228 = PCURVE('',#671,#3229);
#3229 = DEFINITIONAL_REPRESENTATION('',(#3230),#3233);
#3230 = B_SPLINE_CURVE_WITH_KNOTS('',1,(#3231,#3232),.UNSPECIFIED.,.F.,
  .F.,(2,2),(-64.,0.),.PIECEWISE_BEZIER_KNOTS.);
#3231 = CARTESIAN_POINT('',(142.71320343559,64.));
#3232 = CARTESIAN_POINT('',(142.71320343559,0.));
#3233 = ( GEOMETRIC_REPRESENTATION_CONTEXT(2) 
PARAMETRIC_REPRESENTATION_CONTEXT() REPRESENTATION_CONTEXT('2D SPACE',''
  ) );
#3234 = ADVANCED_FACE('',(#3235),#671,.F.);
#3235 = FACE_BOUND('',#3236,.F.);
#3236 = EDGE_LOOP('',(#3237,#3238,#3239,#3260));
#3237 = ORIENTED_EDGE('',*,*,#656,.F.);
#3238 = ORIENTED_EDGE('',*,*,#3216,.T.);
#3239 = ORIENTED_EDGE('',*,*,#3240,.F.);
#3240 = EDGE_CURVE('',#3241,#3196,#3243,.T.);
#3241 = VERTEX_POINT('',#3242);
#3242 = CARTESIAN_POINT('',(18.,-11.02247837887,8.62132034356));
#3243 = SURFACE_CURVE('',#3244,(#3248,#3254),.PCURVE_S1.);
#3244 = LINE('',#3245,#3246);
#3245 = CARTESIAN_POINT('',(-28.38279518763,15.756640908475,
    55.004115531198));
#3246 = VECTOR('',#3247,1.);
#3247 = DIRECTION('',(-0.654653670708,0.377964473009,0.654653670708));
#3248 = PCURVE('',#671,#3249);
#3249 = DEFINITIONAL_REPRESENTATION('',(#3250),#3253);
#3250 = B_SPLINE_CURVE_WITH_KNOTS('',1,(#3251,#3252),.UNSPECIFIED.,.F.,
  .F.,(2,2),(-70.85088996366,-69.50868461791),.PIECEWISE_BEZIER_KNOTS.);
#3251 = CARTESIAN_POINT('',(143.95584412271,20.977521621124));
#3252 = CARTESIAN_POINT('',(142.71320343559,21.484827557301));
#3253 = ( GEOMETRIC_REPRESENTATION_CONTEXT(2) 
PARAMETRIC_REPRESENTATION_CONTEXT() REPRESENTATION_CONTEXT('2D SPACE',''
  ) );
#3254 = PCURVE('',#1630,#3255);
#3255 = DEFINITIONAL_REPRESENTATION('',(#3256),#3259);
#3256 = B_SPLINE_CURVE_WITH_KNOTS('',1,(#3257,#3258),.UNSPECIFIED.,.F.,
  .F.,(2,2),(-70.85088996366,-69.50868461791),.PIECEWISE_BEZIER_KNOTS.);
#3257 = CARTESIAN_POINT('',(6.044956757752,18.));
#3258 = CARTESIAN_POINT('',(5.030344885397,17.12132034356));
#3259 = ( GEOMETRIC_REPRESENTATION_CONTEXT(2) 
PARAMETRIC_REPRESENTATION_CONTEXT() REPRESENTATION_CONTEXT('2D SPACE',''
  ) );
#3260 = ORIENTED_EDGE('',*,*,#3261,.T.);
#3261 = EDGE_CURVE('',#3241,#631,#3262,.T.);
#3262 = SURFACE_CURVE('',#3263,(#3267,#3273),.PCURVE_S1.);
#3263 = LINE('',#3264,#3265);
#3264 = CARTESIAN_POINT('',(18.,-32.,8.62132034356));
#3265 = VECTOR('',#3266,1.);
#3266 = DIRECTION('',(0.,1.,-0.));
#3267 = PCURVE('',#671,#3268);
#3268 = DEFINITIONAL_REPRESENTATION('',(#3269),#3272);
#3269 = B_SPLINE_CURVE_WITH_KNOTS('',1,(#3270,#3271),.UNSPECIFIED.,.F.,
  .F.,(2,2),(0.,64.),.PIECEWISE_BEZIER_KNOTS.);
#3270 = CARTESIAN_POINT('',(143.95584412271,0.));
#3271 = CARTESIAN_POINT('',(143.95584412271,64.));
#3272 = ( GEOMETRIC_REPRESENTATION_CONTEXT(2) 
PARAMETRIC_REPRESENTATION_CONTEXT() REPRESENTATION_CONTEXT('2D SPACE',''
  ) );
#3273 = PCURVE('',#645,#3274);
#3274 = DEFINITIONAL_REPRESENTATION('',(#3275),#3278);
#3275 = B_SPLINE_CURVE_WITH_KNOTS('',1,(#3276,#3277),.UNSPECIFIED.,.F.,
  .F.,(2,2),(0.,64.),.PIECEWISE_BEZIER_KNOTS.);
#3276 = CARTESIAN_POINT('',(146.95584412271,0.));
#3277 = CARTESIAN_POINT('',(146.95584412271,64.));
#3278 = ( GEOMETRIC_REPRESENTATION_CONTEXT(2) 
PARAMETRIC_REPRESENTATION_CONTEXT() REPRESENTATION_CONTEXT('2D SPACE',''
  ) );
#3279 = ADVANCED_FACE('',(#3280),#645,.F.);
#3280 = FACE_BOUND('',#3281,.F.);
#3281 = EDGE_LOOP('',(#3282,#3283,#3284,#3305));
#3282 = ORIENTED_EDGE('',*,*,#630,.F.);
#3283 = ORIENTED_EDGE('',*,*,#3261,.F.);
#3284 = ORIENTED_EDGE('',*,*,#3285,.F.);
#3285 = EDGE_CURVE('',#3286,#3241,#3288,.T.);
#3286 = VERTEX_POINT('',#3287);
#3287 = CARTESIAN_POINT('',(18.87867965644,-10.51517244269,9.5));
#3288 = SURFACE_CURVE('',#3289,(#3293,#3299),.PCURVE_S1.);
#3289 = LINE('',#3290,#3291);
#3290 = CARTESIAN_POINT('',(-31.49104516297,-39.59614662619,
    -40.86972481941));
#3291 = VECTOR('',#3292,1.);
#3292 = DIRECTION('',(-0.654653670708,-0.377964473009,-0.654653670708));
#3293 = PCURVE('',#645,#3294);
#3294 = DEFINITIONAL_REPRESENTATION('',(#3295),#3298);
#3295 = B_SPLINE_CURVE_WITH_KNOTS('',1,(#3296,#3297),.UNSPECIFIED.,.F.,
  .F.,(2,2),(-76.94102557302,-75.59882022727),.PIECEWISE_BEZIER_KNOTS.);
#3296 = CARTESIAN_POINT('',(148.19848480983,21.484827557301));
#3297 = CARTESIAN_POINT('',(146.95584412271,20.977521621124));
#3298 = ( GEOMETRIC_REPRESENTATION_CONTEXT(2) 
PARAMETRIC_REPRESENTATION_CONTEXT() REPRESENTATION_CONTEXT('2D SPACE',''
  ) );
#3299 = PCURVE('',#1630,#3300);
#3300 = DEFINITIONAL_REPRESENTATION('',(#3301),#3304);
#3301 = B_SPLINE_CURVE_WITH_KNOTS('',1,(#3302,#3303),.UNSPECIFIED.,.F.,
  .F.,(2,2),(-76.94102557302,-75.59882022727),.PIECEWISE_BEZIER_KNOTS.);
#3302 = CARTESIAN_POINT('',(5.030344885397,18.87867965644));
#3303 = CARTESIAN_POINT('',(6.044956757752,18.));
#3304 = ( GEOMETRIC_REPRESENTATION_CONTEXT(2) 
PARAMETRIC_REPRESENTATION_CONTEXT() REPRESENTATION_CONTEXT('2D SPACE',''
  ) );
#3305 = ORIENTED_EDGE('',*,*,#3306,.T.);
#3306 = EDGE_CURVE('',#3286,#605,#3307,.T.);
#3307 = SURFACE_CURVE('',#3308,(#3312,#3318),.PCURVE_S1.);
#3308 = LINE('',#3309,#3310);
#3309 = CARTESIAN_POINT('',(18.87867965644,-32.,9.5));
#3310 = VECTOR('',#3311,1.);
#3311 = DIRECTION('',(0.,1.,-0.));
#3312 = PCURVE('',#645,#3313);
#3313 = DEFINITIONAL_REPRESENTATION('',(#3314),#3317);
#3314 = B_SPLINE_CURVE_WITH_KNOTS('',1,(#3315,#3316),.UNSPECIFIED.,.F.,
  .F.,(2,2),(0.,64.),.PIECEWISE_BEZIER_KNOTS.);
#3315 = CARTESIAN_POINT('',(148.19848480983,0.));
#3316 = CARTESIAN_POINT('',(148.19848480983,64.));
#3317 = ( GEOMETRIC_REPRESENTATION_CONTEXT(2) 
PARAMETRIC_REPRESENTATION_CONTEXT() REPRESENTATION_CONTEXT('2D SPACE',''
  ) );
#3318 = PCURVE('',#619,#3319);
#3319 = DEFINITIONAL_REPRESENTATION('',(#3320),#3323);
#3320 = B_SPLINE_CURVE_WITH_KNOTS('',1,(#3321,#3322),.UNSPECIFIED.,.F.,
  .F.,(2,2),(0.,64.),.PIECEWISE_BEZIER_KNOTS.);
#3321 = CARTESIAN_POINT('',(56.87867965644,0.));
#3322 = CARTESIAN_POINT('',(56.87867965644,64.));
#3323 = ( GEOMETRIC_REPRESENTATION_CONTEXT(2) 
PARAMETRIC_REPRESENTATION_CONTEXT() REPRESENTATION_CONTEXT('2D SPACE',''
  ) );
#3324 = ADVANCED_FACE('',(#3325),#619,.F.);
#3325 = FACE_BOUND('',#3326,.F.);
#3326 = EDGE_LOOP('',(#3327,#3328,#3329,#3350));
#3327 = ORIENTED_EDGE('',*,*,#604,.F.);
#3328 = ORIENTED_EDGE('',*,*,#3306,.F.);
#3329 = ORIENTED_EDGE('',*,*,#3330,.F.);
#3330 = EDGE_CURVE('',#3331,#3286,#3333,.T.);
#3331 = VERTEX_POINT('',#3332);
#3332 = CARTESIAN_POINT('',(23.12132034356,-10.51517244269,9.5));
#3333 = SURFACE_CURVE('',#3334,(#3338,#3344),.PCURVE_S1.);
#3334 = LINE('',#3335,#3336);
#3335 = CARTESIAN_POINT('',(-19.,-10.51517244269,9.5));
#3336 = VECTOR('',#3337,1.);
#3337 = DIRECTION('',(-1.,0.,0.));
#3338 = PCURVE('',#619,#3339);
#3339 = DEFINITIONAL_REPRESENTATION('',(#3340),#3343);
#3340 = B_SPLINE_CURVE_WITH_KNOTS('',1,(#3341,#3342),.UNSPECIFIED.,.F.,
  .F.,(2,2),(-42.12132034356,-37.87867965644),.PIECEWISE_BEZIER_KNOTS.);
#3341 = CARTESIAN_POINT('',(61.12132034356,21.484827557301));
#3342 = CARTESIAN_POINT('',(56.87867965644,21.484827557301));
#3343 = ( GEOMETRIC_REPRESENTATION_CONTEXT(2) 
PARAMETRIC_REPRESENTATION_CONTEXT() REPRESENTATION_CONTEXT('2D SPACE',''
  ) );
#3344 = PCURVE('',#1630,#3345);
#3345 = DEFINITIONAL_REPRESENTATION('',(#3346),#3349);
#3346 = B_SPLINE_CURVE_WITH_KNOTS('',1,(#3347,#3348),.UNSPECIFIED.,.F.,
  .F.,(2,2),(-42.12132034356,-37.87867965644),.PIECEWISE_BEZIER_KNOTS.);
#3347 = CARTESIAN_POINT('',(5.030344885397,23.12132034356));
#3348 = CARTESIAN_POINT('',(5.030344885397,18.87867965644));
#3349 = ( GEOMETRIC_REPRESENTATION_CONTEXT(2) 
PARAMETRIC_REPRESENTATION_CONTEXT() REPRESENTATION_CONTEXT('2D SPACE',''
  ) );
#3350 = ORIENTED_EDGE('',*,*,#3351,.T.);
#3351 = EDGE_CURVE('',#3331,#579,#3352,.T.);
#3352 = SURFACE_CURVE('',#3353,(#3357,#3363),.PCURVE_S1.);
#3353 = LINE('',#3354,#3355);
#3354 = CARTESIAN_POINT('',(23.12132034356,-32.,9.5));
#3355 = VECTOR('',#3356,1.);
#3356 = DIRECTION('',(0.,1.,-0.));
#3357 = PCURVE('',#619,#3358);
#3358 = DEFINITIONAL_REPRESENTATION('',(#3359),#3362);
#3359 = B_SPLINE_CURVE_WITH_KNOTS('',1,(#3360,#3361),.UNSPECIFIED.,.F.,
  .F.,(2,2),(0.,64.),.PIECEWISE_BEZIER_KNOTS.);
#3360 = CARTESIAN_POINT('',(61.12132034356,0.));
#3361 = CARTESIAN_POINT('',(61.12132034356,64.));
#3362 = ( GEOMETRIC_REPRESENTATION_CONTEXT(2) 
PARAMETRIC_REPRESENTATION_CONTEXT() REPRESENTATION_CONTEXT('2D SPACE',''
  ) );
#3363 = PCURVE('',#593,#3364);
#3364 = DEFINITIONAL_REPRESENTATION('',(#3365),#3368);
#3365 = B_SPLINE_CURVE_WITH_KNOTS('',1,(#3366,#3367),.UNSPECIFIED.,.F.,
  .F.,(2,2),(0.,64.),.PIECEWISE_BEZIER_KNOTS.);
#3366 = CARTESIAN_POINT('',(151.19848480983,0.));
#3367 = CARTESIAN_POINT('',(151.19848480983,64.));
#3368 = ( GEOMETRIC_REPRESENTATION_CONTEXT(2) 
PARAMETRIC_REPRESENTATION_CONTEXT() REPRESENTATION_CONTEXT('2D SPACE',''
  ) );
#3369 = ADVANCED_FACE('',(#3370),#593,.T.);
#3370 = FACE_BOUND('',#3371,.T.);
#3371 = EDGE_LOOP('',(#3372,#3373,#3394,#3413));
#3372 = ORIENTED_EDGE('',*,*,#578,.F.);
#3373 = ORIENTED_EDGE('',*,*,#3374,.F.);
#3374 = EDGE_CURVE('',#3375,#553,#3377,.T.);
#3375 = VERTEX_POINT('',#3376);
#3376 = CARTESIAN_POINT('',(20.12132034356,-12.24722325026,6.5));
#3377 = SURFACE_CURVE('',#3378,(#3382,#3388),.PCURVE_S1.);
#3378 = LINE('',#3379,#3380);
#3379 = CARTESIAN_POINT('',(20.12132034356,-32.,6.5));
#3380 = VECTOR('',#3381,1.);
#3381 = DIRECTION('',(0.,1.,-0.));
#3382 = PCURVE('',#593,#3383);
#3383 = DEFINITIONAL_REPRESENTATION('',(#3384),#3387);
#3384 = B_SPLINE_CURVE_WITH_KNOTS('',1,(#3385,#3386),.UNSPECIFIED.,.F.,
  .F.,(2,2),(0.,64.),.PIECEWISE_BEZIER_KNOTS.);
#3385 = CARTESIAN_POINT('',(146.95584412271,0.));
#3386 = CARTESIAN_POINT('',(146.95584412271,64.));
#3387 = ( GEOMETRIC_REPRESENTATION_CONTEXT(2) 
PARAMETRIC_REPRESENTATION_CONTEXT() REPRESENTATION_CONTEXT('2D SPACE',''
  ) );
#3388 = PCURVE('',#567,#3389);
#3389 = DEFINITIONAL_REPRESENTATION('',(#3390),#3393);
#3390 = B_SPLINE_CURVE_WITH_KNOTS('',1,(#3391,#3392),.UNSPECIFIED.,.F.,
  .F.,(2,2),(0.,64.),.PIECEWISE_BEZIER_KNOTS.);
#3391 = CARTESIAN_POINT('',(146.95584412271,0.));
#3392 = CARTESIAN_POINT('',(146.95584412271,64.));
#3393 = ( GEOMETRIC_REPRESENTATION_CONTEXT(2) 
PARAMETRIC_REPRESENTATION_CONTEXT() REPRESENTATION_CONTEXT('2D SPACE',''
  ) );
#3394 = ORIENTED_EDGE('',*,*,#3395,.F.);
#3395 = EDGE_CURVE('',#3331,#3375,#3396,.T.);
#3396 = SURFACE_CURVE('',#3397,(#3401,#3407),.PCURVE_S1.);
#3397 = LINE('',#3398,#3399);
#3398 = CARTESIAN_POINT('',(-29.06667905605,-40.64592794453,
    -42.68799939961));
#3399 = VECTOR('',#3400,1.);
#3400 = DIRECTION('',(-0.654653670708,-0.377964473009,-0.654653670708));
#3401 = PCURVE('',#593,#3402);
#3402 = DEFINITIONAL_REPRESENTATION('',(#3403),#3406);
#3403 = B_SPLINE_CURVE_WITH_KNOTS('',1,(#3404,#3405),.UNSPECIFIED.,.F.,
  .F.,(2,2),(-79.71848587234,-75.13591017738),.PIECEWISE_BEZIER_KNOTS.);
#3404 = CARTESIAN_POINT('',(151.19848480983,21.484827557301));
#3405 = CARTESIAN_POINT('',(146.95584412271,19.752776749733));
#3406 = ( GEOMETRIC_REPRESENTATION_CONTEXT(2) 
PARAMETRIC_REPRESENTATION_CONTEXT() REPRESENTATION_CONTEXT('2D SPACE',''
  ) );
#3407 = PCURVE('',#1630,#3408);
#3408 = DEFINITIONAL_REPRESENTATION('',(#3409),#3412);
#3409 = B_SPLINE_CURVE_WITH_KNOTS('',1,(#3410,#3411),.UNSPECIFIED.,.F.,
  .F.,(2,2),(-79.71848587234,-75.13591017738),.PIECEWISE_BEZIER_KNOTS.);
#3410 = CARTESIAN_POINT('',(5.030344885397,23.12132034356));
#3411 = CARTESIAN_POINT('',(8.494446500535,20.12132034356));
#3412 = ( GEOMETRIC_REPRESENTATION_CONTEXT(2) 
PARAMETRIC_REPRESENTATION_CONTEXT() REPRESENTATION_CONTEXT('2D SPACE',''
  ) );
#3413 = ORIENTED_EDGE('',*,*,#3351,.T.);
#3414 = ADVANCED_FACE('',(#3415),#567,.F.);
#3415 = FACE_BOUND('',#3416,.F.);
#3416 = EDGE_LOOP('',(#3417,#3418,#3419,#3440));
#3417 = ORIENTED_EDGE('',*,*,#552,.F.);
#3418 = ORIENTED_EDGE('',*,*,#3374,.F.);
#3419 = ORIENTED_EDGE('',*,*,#3420,.F.);
#3420 = EDGE_CURVE('',#3421,#3375,#3423,.T.);
#3421 = VERTEX_POINT('',#3422);
#3422 = CARTESIAN_POINT('',(24.,-14.48657999401,2.62132034356));
#3423 = SURFACE_CURVE('',#3424,(#3428,#3434),.PCURVE_S1.);
#3424 = LINE('',#3425,#3426);
#3425 = CARTESIAN_POINT('',(-28.38279518763,15.756640908475,
    55.004115531198));
#3426 = VECTOR('',#3427,1.);
#3427 = DIRECTION('',(-0.654653670708,0.377964473009,0.654653670708));
#3428 = PCURVE('',#567,#3429);
#3429 = DEFINITIONAL_REPRESENTATION('',(#3430),#3433);
#3430 = B_SPLINE_CURVE_WITH_KNOTS('',1,(#3431,#3432),.UNSPECIFIED.,.F.,
  .F.,(2,2),(-80.01604135357,-74.09126031286),.PIECEWISE_BEZIER_KNOTS.);
#3431 = CARTESIAN_POINT('',(152.44112549695,17.513420005986));
#3432 = CARTESIAN_POINT('',(146.95584412271,19.752776749733));
#3433 = ( GEOMETRIC_REPRESENTATION_CONTEXT(2) 
PARAMETRIC_REPRESENTATION_CONTEXT() REPRESENTATION_CONTEXT('2D SPACE',''
  ) );
#3434 = PCURVE('',#1630,#3435);
#3435 = DEFINITIONAL_REPRESENTATION('',(#3436),#3439);
#3436 = B_SPLINE_CURVE_WITH_KNOTS('',1,(#3437,#3438),.UNSPECIFIED.,.F.,
  .F.,(2,2),(-80.01604135357,-74.09126031286),.PIECEWISE_BEZIER_KNOTS.);
#3437 = CARTESIAN_POINT('',(12.973159988027,24.));
#3438 = CARTESIAN_POINT('',(8.494446500535,20.12132034356));
#3439 = ( GEOMETRIC_REPRESENTATION_CONTEXT(2) 
PARAMETRIC_REPRESENTATION_CONTEXT() REPRESENTATION_CONTEXT('2D SPACE',''
  ) );
#3440 = ORIENTED_EDGE('',*,*,#3441,.T.);
#3441 = EDGE_CURVE('',#3421,#527,#3442,.T.);
#3442 = SURFACE_CURVE('',#3443,(#3447,#3453),.PCURVE_S1.);
#3443 = LINE('',#3444,#3445);
#3444 = CARTESIAN_POINT('',(24.,-32.,2.62132034356));
#3445 = VECTOR('',#3446,1.);
#3446 = DIRECTION('',(0.,1.,-0.));
#3447 = PCURVE('',#567,#3448);
#3448 = DEFINITIONAL_REPRESENTATION('',(#3449),#3452);
#3449 = B_SPLINE_CURVE_WITH_KNOTS('',1,(#3450,#3451),.UNSPECIFIED.,.F.,
  .F.,(2,2),(0.,64.),.PIECEWISE_BEZIER_KNOTS.);
#3450 = CARTESIAN_POINT('',(152.44112549695,0.));
#3451 = CARTESIAN_POINT('',(152.44112549695,64.));
#3452 = ( GEOMETRIC_REPRESENTATION_CONTEXT(2) 
PARAMETRIC_REPRESENTATION_CONTEXT() REPRESENTATION_CONTEXT('2D SPACE',''
  ) );
#3453 = PCURVE('',#541,#3454);
#3454 = DEFINITIONAL_REPRESENTATION('',(#3455),#3458);
#3455 = B_SPLINE_CURVE_WITH_KNOTS('',1,(#3456,#3457),.UNSPECIFIED.,.F.,
  .F.,(2,2),(0.,64.),.PIECEWISE_BEZIER_KNOTS.);
#3456 = CARTESIAN_POINT('',(155.44112549695,0.));
#3457 = CARTESIAN_POINT('',(155.44112549695,64.));
#3458 = ( GEOMETRIC_REPRESENTATION_CONTEXT(2) 
PARAMETRIC_REPRESENTATION_CONTEXT() REPRESENTATION_CONTEXT('2D SPACE',''
  ) );
#3459 = ADVANCED_FACE('',(#3460),#541,.F.);
#3460 = FACE_BOUND('',#3461,.F.);
#3461 = EDGE_LOOP('',(#3462,#3463,#3464,#3485));
#3462 = ORIENTED_EDGE('',*,*,#526,.F.);
#3463 = ORIENTED_EDGE('',*,*,#3441,.F.);
#3464 = ORIENTED_EDGE('',*,*,#3465,.F.);
#3465 = EDGE_CURVE('',#3466,#3421,#3468,.T.);
#3466 = VERTEX_POINT('',#3467);
#3467 = CARTESIAN_POINT('',(27.87867965644,-12.24722325026,6.5));
#3468 = SURFACE_CURVE('',#3469,(#3473,#3479),.PCURVE_S1.);
#3469 = LINE('',#3470,#3471);
#3470 = CARTESIAN_POINT('',(-27.20533087726,-44.04999155994,
    -48.5840105337));
#3471 = VECTOR('',#3472,1.);
#3472 = DIRECTION('',(-0.654653670708,-0.377964473009,-0.654653670708));
#3473 = PCURVE('',#541,#3474);
#3474 = DEFINITIONAL_REPRESENTATION('',(#3475),#3478);
#3475 = B_SPLINE_CURVE_WITH_KNOTS('',1,(#3476,#3477),.UNSPECIFIED.,.F.,
  .F.,(2,2),(-84.14221595081,-78.2174349101),.PIECEWISE_BEZIER_KNOTS.);
#3476 = CARTESIAN_POINT('',(160.92640687119,19.752776749733));
#3477 = CARTESIAN_POINT('',(155.44112549695,17.513420005986));
#3478 = ( GEOMETRIC_REPRESENTATION_CONTEXT(2) 
PARAMETRIC_REPRESENTATION_CONTEXT() REPRESENTATION_CONTEXT('2D SPACE',''
  ) );
#3479 = PCURVE('',#1630,#3480);
#3480 = DEFINITIONAL_REPRESENTATION('',(#3481),#3484);
#3481 = B_SPLINE_CURVE_WITH_KNOTS('',1,(#3482,#3483),.UNSPECIFIED.,.F.,
  .F.,(2,2),(-84.14221595081,-78.2174349101),.PIECEWISE_BEZIER_KNOTS.);
#3482 = CARTESIAN_POINT('',(8.494446500535,27.87867965644));
#3483 = CARTESIAN_POINT('',(12.973159988027,24.));
#3484 = ( GEOMETRIC_REPRESENTATION_CONTEXT(2) 
PARAMETRIC_REPRESENTATION_CONTEXT() REPRESENTATION_CONTEXT('2D SPACE',''
  ) );
#3485 = ORIENTED_EDGE('',*,*,#3486,.T.);
#3486 = EDGE_CURVE('',#3466,#501,#3487,.T.);
#3487 = SURFACE_CURVE('',#3488,(#3492,#3498),.PCURVE_S1.);
#3488 = LINE('',#3489,#3490);
#3489 = CARTESIAN_POINT('',(27.87867965644,-32.,6.5));
#3490 = VECTOR('',#3491,1.);
#3491 = DIRECTION('',(0.,1.,-0.));
#3492 = PCURVE('',#541,#3493);
#3493 = DEFINITIONAL_REPRESENTATION('',(#3494),#3497);
#3494 = B_SPLINE_CURVE_WITH_KNOTS('',1,(#3495,#3496),.UNSPECIFIED.,.F.,
  .F.,(2,2),(0.,64.),.PIECEWISE_BEZIER_KNOTS.);
#3495 = CARTESIAN_POINT('',(160.92640687119,0.));
#3496 = CARTESIAN_POINT('',(160.92640687119,64.));
#3497 = ( GEOMETRIC_REPRESENTATION_CONTEXT(2) 
PARAMETRIC_REPRESENTATION_CONTEXT() REPRESENTATION_CONTEXT('2D SPACE',''
  ) );
#3498 = PCURVE('',#515,#3499);
#3499 = DEFINITIONAL_REPRESENTATION('',(#3500),#3503);
#3500 = B_SPLINE_CURVE_WITH_KNOTS('',1,(#3501,#3502),.UNSPECIFIED.,.F.,
  .F.,(2,2),(0.,64.),.PIECEWISE_BEZIER_KNOTS.);
#3501 = CARTESIAN_POINT('',(160.92640687119,0.));
#3502 = CARTESIAN_POINT('',(160.92640687119,64.));
#3503 = ( GEOMETRIC_REPRESENTATION_CONTEXT(2) 
PARAMETRIC_REPRESENTATION_CONTEXT() REPRESENTATION_CONTEXT('2D SPACE',''
  ) );
#3504 = ADVANCED_FACE('',(#3505),#515,.T.);
#3505 = FACE_BOUND('',#3506,.T.);
#3506 = EDGE_LOOP('',(#3507,#3508,#3529,#3548));
#3507 = ORIENTED_EDGE('',*,*,#500,.F.);
#3508 = ORIENTED_EDGE('',*,*,#3509,.T.);
#3509 = EDGE_CURVE('',#475,#3510,#3512,.T.);
#3510 = VERTEX_POINT('',#3511);
#3511 = CARTESIAN_POINT('',(24.87867965644,-10.51517244269,9.5));
#3512 = SURFACE_CURVE('',#3513,(#3517,#3523),.PCURVE_S1.);
#3513 = LINE('',#3514,#3515);
#3514 = CARTESIAN_POINT('',(24.87867965644,-32.,9.5));
#3515 = VECTOR('',#3516,1.);
#3516 = DIRECTION('',(0.,-1.,0.));
#3517 = PCURVE('',#515,#3518);
#3518 = DEFINITIONAL_REPRESENTATION('',(#3519),#3522);
#3519 = B_SPLINE_CURVE_WITH_KNOTS('',1,(#3520,#3521),.UNSPECIFIED.,.F.,
  .F.,(2,2),(-64.,0.),.PIECEWISE_BEZIER_KNOTS.);
#3520 = CARTESIAN_POINT('',(156.68376618407,64.));
#3521 = CARTESIAN_POINT('',(156.68376618407,0.));
#3522 = ( GEOMETRIC_REPRESENTATION_CONTEXT(2) 
PARAMETRIC_REPRESENTATION_CONTEXT() REPRESENTATION_CONTEXT('2D SPACE',''
  ) );
#3523 = PCURVE('',#489,#3524);
#3524 = DEFINITIONAL_REPRESENTATION('',(#3525),#3528);
#3525 = B_SPLINE_CURVE_WITH_KNOTS('',1,(#3526,#3527),.UNSPECIFIED.,.F.,
  .F.,(2,2),(-64.,0.),.PIECEWISE_BEZIER_KNOTS.);
#3526 = CARTESIAN_POINT('',(62.87867965644,64.));
#3527 = CARTESIAN_POINT('',(62.87867965644,0.));
#3528 = ( GEOMETRIC_REPRESENTATION_CONTEXT(2) 
PARAMETRIC_REPRESENTATION_CONTEXT() REPRESENTATION_CONTEXT('2D SPACE',''
  ) );
#3529 = ORIENTED_EDGE('',*,*,#3530,.F.);
#3530 = EDGE_CURVE('',#3466,#3510,#3531,.T.);
#3531 = SURFACE_CURVE('',#3532,(#3536,#3542),.PCURVE_S1.);
#3532 = LINE('',#3533,#3534);
#3533 = CARTESIAN_POINT('',(-26.52144700885,19.160704523887,
    60.90012666529));
#3534 = VECTOR('',#3535,1.);
#3535 = DIRECTION('',(-0.654653670708,0.377964473009,0.654653670708));
#3536 = PCURVE('',#515,#3537);
#3537 = DEFINITIONAL_REPRESENTATION('',(#3538),#3541);
#3538 = B_SPLINE_CURVE_WITH_KNOTS('',1,(#3539,#3540),.UNSPECIFIED.,.F.,
  .F.,(2,2),(-83.09756608629,-78.51499039133),.PIECEWISE_BEZIER_KNOTS.);
#3539 = CARTESIAN_POINT('',(160.92640687119,19.752776749733));
#3540 = CARTESIAN_POINT('',(156.68376618407,21.484827557301));
#3541 = ( GEOMETRIC_REPRESENTATION_CONTEXT(2) 
PARAMETRIC_REPRESENTATION_CONTEXT() REPRESENTATION_CONTEXT('2D SPACE',''
  ) );
#3542 = PCURVE('',#1630,#3543);
#3543 = DEFINITIONAL_REPRESENTATION('',(#3544),#3547);
#3544 = B_SPLINE_CURVE_WITH_KNOTS('',1,(#3545,#3546),.UNSPECIFIED.,.F.,
  .F.,(2,2),(-83.09756608629,-78.51499039133),.PIECEWISE_BEZIER_KNOTS.);
#3545 = CARTESIAN_POINT('',(8.494446500535,27.87867965644));
#3546 = CARTESIAN_POINT('',(5.030344885397,24.87867965644));
#3547 = ( GEOMETRIC_REPRESENTATION_CONTEXT(2) 
PARAMETRIC_REPRESENTATION_CONTEXT() REPRESENTATION_CONTEXT('2D SPACE',''
  ) );
#3548 = ORIENTED_EDGE('',*,*,#3486,.T.);
#3549 = ADVANCED_FACE('',(#3550),#489,.F.);
#3550 = FACE_BOUND('',#3551,.F.);
#3551 = EDGE_LOOP('',(#3552,#3553,#3554,#3575));
#3552 = ORIENTED_EDGE('',*,*,#474,.F.);
#3553 = ORIENTED_EDGE('',*,*,#3509,.T.);
#3554 = ORIENTED_EDGE('',*,*,#3555,.F.);
#3555 = EDGE_CURVE('',#3556,#3510,#3558,.T.);
#3556 = VERTEX_POINT('',#3557);
#3557 = CARTESIAN_POINT('',(29.12132034356,-10.51517244269,9.5));
#3558 = SURFACE_CURVE('',#3559,(#3563,#3569),.PCURVE_S1.);
#3559 = LINE('',#3560,#3561);
#3560 = CARTESIAN_POINT('',(-19.,-10.51517244269,9.5));
#3561 = VECTOR('',#3562,1.);
#3562 = DIRECTION('',(-1.,0.,0.));
#3563 = PCURVE('',#489,#3564);
#3564 = DEFINITIONAL_REPRESENTATION('',(#3565),#3568);
#3565 = B_SPLINE_CURVE_WITH_KNOTS('',1,(#3566,#3567),.UNSPECIFIED.,.F.,
  .F.,(2,2),(-48.12132034356,-43.87867965644),.PIECEWISE_BEZIER_KNOTS.);
#3566 = CARTESIAN_POINT('',(67.12132034356,21.484827557301));
#3567 = CARTESIAN_POINT('',(62.87867965644,21.484827557301));
#3568 = ( GEOMETRIC_REPRESENTATION_CONTEXT(2) 
PARAMETRIC_REPRESENTATION_CONTEXT() REPRESENTATION_CONTEXT('2D SPACE',''
  ) );
#3569 = PCURVE('',#1630,#3570);
#3570 = DEFINITIONAL_REPRESENTATION('',(#3571),#3574);
#3571 = B_SPLINE_CURVE_WITH_KNOTS('',1,(#3572,#3573),.UNSPECIFIED.,.F.,
  .F.,(2,2),(-48.12132034356,-43.87867965644),.PIECEWISE_BEZIER_KNOTS.);
#3572 = CARTESIAN_POINT('',(5.030344885397,29.12132034356));
#3573 = CARTESIAN_POINT('',(5.030344885397,24.87867965644));
#3574 = ( GEOMETRIC_REPRESENTATION_CONTEXT(2) 
PARAMETRIC_REPRESENTATION_CONTEXT() REPRESENTATION_CONTEXT('2D SPACE',''
  ) );
#3575 = ORIENTED_EDGE('',*,*,#3576,.F.);
#3576 = EDGE_CURVE('',#449,#3556,#3577,.T.);
#3577 = SURFACE_CURVE('',#3578,(#3582,#3588),.PCURVE_S1.);
#3578 = LINE('',#3579,#3580);
#3579 = CARTESIAN_POINT('',(29.12132034356,-32.,9.5));
#3580 = VECTOR('',#3581,1.);
#3581 = DIRECTION('',(0.,-1.,0.));
#3582 = PCURVE('',#489,#3583);
#3583 = DEFINITIONAL_REPRESENTATION('',(#3584),#3587);
#3584 = B_SPLINE_CURVE_WITH_KNOTS('',1,(#3585,#3586),.UNSPECIFIED.,.F.,
  .F.,(2,2),(-64.,0.),.PIECEWISE_BEZIER_KNOTS.);
#3585 = CARTESIAN_POINT('',(67.12132034356,64.));
#3586 = CARTESIAN_POINT('',(67.12132034356,0.));
#3587 = ( GEOMETRIC_REPRESENTATION_CONTEXT(2) 
PARAMETRIC_REPRESENTATION_CONTEXT() REPRESENTATION_CONTEXT('2D SPACE',''
  ) );
#3588 = PCURVE('',#463,#3589);
#3589 = DEFINITIONAL_REPRESENTATION('',(#3590),#3593);
#3590 = B_SPLINE_CURVE_WITH_KNOTS('',1,(#3591,#3592),.UNSPECIFIED.,.F.,
  .F.,(2,2),(-64.,0.),.PIECEWISE_BEZIER_KNOTS.);
#3591 = CARTESIAN_POINT('',(159.68376618407,64.));
#3592 = CARTESIAN_POINT('',(159.68376618407,0.));
#3593 = ( GEOMETRIC_REPRESENTATION_CONTEXT(2) 
PARAMETRIC_REPRESENTATION_CONTEXT() REPRESENTATION_CONTEXT('2D SPACE',''
  ) );
#3594 = ADVANCED_FACE('',(#3595),#463,.F.);
#3595 = FACE_BOUND('',#3596,.F.);
#3596 = EDGE_LOOP('',(#3597,#3598,#3599,#3620));
#3597 = ORIENTED_EDGE('',*,*,#448,.F.);
#3598 = ORIENTED_EDGE('',*,*,#3576,.T.);
#3599 = ORIENTED_EDGE('',*,*,#3600,.F.);
#3600 = EDGE_CURVE('',#3601,#3556,#3603,.T.);
#3601 = VERTEX_POINT('',#3602);
#3602 = CARTESIAN_POINT('',(30.,-11.02247837887,8.62132034356));
#3603 = SURFACE_CURVE('',#3604,(#3608,#3614),.PCURVE_S1.);
#3604 = LINE('',#3605,#3606);
#3605 = CARTESIAN_POINT('',(-24.09708090192,20.210485842223,
    62.718401245484));
#3606 = VECTOR('',#3607,1.);
#3607 = DIRECTION('',(-0.654653670708,0.377964473009,0.654653670708));
#3608 = PCURVE('',#463,#3609);
#3609 = DEFINITIONAL_REPRESENTATION('',(#3610),#3613);
#3610 = B_SPLINE_CURVE_WITH_KNOTS('',1,(#3611,#3612),.UNSPECIFIED.,.F.,
  .F.,(2,2),(-82.6346560364,-81.29245069065),.PIECEWISE_BEZIER_KNOTS.);
#3611 = CARTESIAN_POINT('',(160.92640687119,20.977521621124));
#3612 = CARTESIAN_POINT('',(159.68376618407,21.484827557301));
#3613 = ( GEOMETRIC_REPRESENTATION_CONTEXT(2) 
PARAMETRIC_REPRESENTATION_CONTEXT() REPRESENTATION_CONTEXT('2D SPACE',''
  ) );
#3614 = PCURVE('',#1630,#3615);
#3615 = DEFINITIONAL_REPRESENTATION('',(#3616),#3619);
#3616 = B_SPLINE_CURVE_WITH_KNOTS('',1,(#3617,#3618),.UNSPECIFIED.,.F.,
  .F.,(2,2),(-82.6346560364,-81.29245069065),.PIECEWISE_BEZIER_KNOTS.);
#3617 = CARTESIAN_POINT('',(6.044956757752,30.));
#3618 = CARTESIAN_POINT('',(5.030344885397,29.12132034356));
#3619 = ( GEOMETRIC_REPRESENTATION_CONTEXT(2) 
PARAMETRIC_REPRESENTATION_CONTEXT() REPRESENTATION_CONTEXT('2D SPACE',''
  ) );
#3620 = ORIENTED_EDGE('',*,*,#3621,.T.);
#3621 = EDGE_CURVE('',#3601,#423,#3622,.T.);
#3622 = SURFACE_CURVE('',#3623,(#3627,#3633),.PCURVE_S1.);
#3623 = LINE('',#3624,#3625);
#3624 = CARTESIAN_POINT('',(30.,-32.,8.62132034356));
#3625 = VECTOR('',#3626,1.);
#3626 = DIRECTION('',(0.,1.,-0.));
#3627 = PCURVE('',#463,#3628);
#3628 = DEFINITIONAL_REPRESENTATION('',(#3629),#3632);
#3629 = B_SPLINE_CURVE_WITH_KNOTS('',1,(#3630,#3631),.UNSPECIFIED.,.F.,
  .F.,(2,2),(0.,64.),.PIECEWISE_BEZIER_KNOTS.);
#3630 = CARTESIAN_POINT('',(160.92640687119,0.));
#3631 = CARTESIAN_POINT('',(160.92640687119,64.));
#3632 = ( GEOMETRIC_REPRESENTATION_CONTEXT(2) 
PARAMETRIC_REPRESENTATION_CONTEXT() REPRESENTATION_CONTEXT('2D SPACE',''
  ) );
#3633 = PCURVE('',#437,#3634);
#3634 = DEFINITIONAL_REPRESENTATION('',(#3635),#3638);
#3635 = B_SPLINE_CURVE_WITH_KNOTS('',1,(#3636,#3637),.UNSPECIFIED.,.F.,
  .F.,(2,2),(0.,64.),.PIECEWISE_BEZIER_KNOTS.);
#3636 = CARTESIAN_POINT('',(163.92640687119,0.));
#3637 = CARTESIAN_POINT('',(163.92640687119,64.));
#3638 = ( GEOMETRIC_REPRESENTATION_CONTEXT(2) 
PARAMETRIC_REPRESENTATION_CONTEXT() REPRESENTATION_CONTEXT('2D SPACE',''
  ) );
#3639 = ADVANCED_FACE('',(#3640),#437,.F.);
#3640 = FACE_BOUND('',#3641,.F.);
#3641 = EDGE_LOOP('',(#3642,#3643,#3644,#3665));
#3642 = ORIENTED_EDGE('',*,*,#422,.F.);
#3643 = ORIENTED_EDGE('',*,*,#3621,.F.);
#3644 = ORIENTED_EDGE('',*,*,#3645,.F.);
#3645 = EDGE_CURVE('',#3646,#3601,#3648,.T.);
#3646 = VERTEX_POINT('',#3647);
#3647 = CARTESIAN_POINT('',(30.87867965644,-10.51517244269,9.5));
#3648 = SURFACE_CURVE('',#3649,(#3653,#3659),.PCURVE_S1.);
#3649 = LINE('',#3650,#3651);
#3650 = CARTESIAN_POINT('',(-27.20533087726,-44.04999155994,
    -48.5840105337));
#3651 = VECTOR('',#3652,1.);
#3652 = DIRECTION('',(-0.654653670708,-0.377964473009,-0.654653670708));
#3653 = PCURVE('',#437,#3654);
#3654 = DEFINITIONAL_REPRESENTATION('',(#3655),#3658);
#3655 = B_SPLINE_CURVE_WITH_KNOTS('',1,(#3656,#3657),.UNSPECIFIED.,.F.,
  .F.,(2,2),(-88.72479164577,-87.38258630001),.PIECEWISE_BEZIER_KNOTS.);
#3656 = CARTESIAN_POINT('',(165.16904755831,21.484827557301));
#3657 = CARTESIAN_POINT('',(163.92640687119,20.977521621124));
#3658 = ( GEOMETRIC_REPRESENTATION_CONTEXT(2) 
PARAMETRIC_REPRESENTATION_CONTEXT() REPRESENTATION_CONTEXT('2D SPACE',''
  ) );
#3659 = PCURVE('',#1630,#3660);
#3660 = DEFINITIONAL_REPRESENTATION('',(#3661),#3664);
#3661 = B_SPLINE_CURVE_WITH_KNOTS('',1,(#3662,#3663),.UNSPECIFIED.,.F.,
  .F.,(2,2),(-88.72479164577,-87.38258630001),.PIECEWISE_BEZIER_KNOTS.);
#3662 = CARTESIAN_POINT('',(5.030344885397,30.87867965644));
#3663 = CARTESIAN_POINT('',(6.044956757752,30.));
#3664 = ( GEOMETRIC_REPRESENTATION_CONTEXT(2) 
PARAMETRIC_REPRESENTATION_CONTEXT() REPRESENTATION_CONTEXT('2D SPACE',''
  ) );
#3665 = ORIENTED_EDGE('',*,*,#3666,.T.);
#3666 = EDGE_CURVE('',#3646,#397,#3667,.T.);
#3667 = SURFACE_CURVE('',#3668,(#3672,#3678),.PCURVE_S1.);
#3668 = LINE('',#3669,#3670);
#3669 = CARTESIAN_POINT('',(30.87867965644,-32.,9.5));
#3670 = VECTOR('',#3671,1.);
#3671 = DIRECTION('',(0.,1.,-0.));
#3672 = PCURVE('',#437,#3673);
#3673 = DEFINITIONAL_REPRESENTATION('',(#3674),#3677);
#3674 = B_SPLINE_CURVE_WITH_KNOTS('',1,(#3675,#3676),.UNSPECIFIED.,.F.,
  .F.,(2,2),(0.,64.),.PIECEWISE_BEZIER_KNOTS.);
#3675 = CARTESIAN_POINT('',(165.16904755831,0.));
#3676 = CARTESIAN_POINT('',(165.16904755831,64.));
#3677 = ( GEOMETRIC_REPRESENTATION_CONTEXT(2) 
PARAMETRIC_REPRESENTATION_CONTEXT() REPRESENTATION_CONTEXT('2D SPACE',''
  ) );
#3678 = PCURVE('',#411,#3679);
#3679 = DEFINITIONAL_REPRESENTATION('',(#3680),#3683);
#3680 = B_SPLINE_CURVE_WITH_KNOTS('',1,(#3681,#3682),.UNSPECIFIED.,.F.,
  .F.,(2,2),(0.,64.),.PIECEWISE_BEZIER_KNOTS.);
#3681 = CARTESIAN_POINT('',(68.87867965644,0.));
#3682 = CARTESIAN_POINT('',(68.87867965644,64.));
#3683 = ( GEOMETRIC_REPRESENTATION_CONTEXT(2) 
PARAMETRIC_REPRESENTATION_CONTEXT() REPRESENTATION_CONTEXT('2D SPACE',''
  ) );
#3684 = ADVANCED_FACE('',(#3685),#411,.F.);
#3685 = FACE_BOUND('',#3686,.F.);
#3686 = EDGE_LOOP('',(#3687,#3688,#3689,#3710));
#3687 = ORIENTED_EDGE('',*,*,#396,.F.);
#3688 = ORIENTED_EDGE('',*,*,#3666,.F.);
#3689 = ORIENTED_EDGE('',*,*,#3690,.F.);
#3690 = EDGE_CURVE('',#3691,#3646,#3693,.T.);
#3691 = VERTEX_POINT('',#3692);
#3692 = CARTESIAN_POINT('',(35.12132034356,-10.51517244269,9.5));
#3693 = SURFACE_CURVE('',#3694,(#3698,#3704),.PCURVE_S1.);
#3694 = LINE('',#3695,#3696);
#3695 = CARTESIAN_POINT('',(-19.,-10.51517244269,9.5));
#3696 = VECTOR('',#3697,1.);
#3697 = DIRECTION('',(-1.,0.,0.));
#3698 = PCURVE('',#411,#3699);
#3699 = DEFINITIONAL_REPRESENTATION('',(#3700),#3703);
#3700 = B_SPLINE_CURVE_WITH_KNOTS('',1,(#3701,#3702),.UNSPECIFIED.,.F.,
  .F.,(2,2),(-54.12132034356,-49.87867965644),.PIECEWISE_BEZIER_KNOTS.);
#3701 = CARTESIAN_POINT('',(73.12132034356,21.484827557301));
#3702 = CARTESIAN_POINT('',(68.87867965644,21.484827557301));
#3703 = ( GEOMETRIC_REPRESENTATION_CONTEXT(2) 
PARAMETRIC_REPRESENTATION_CONTEXT() REPRESENTATION_CONTEXT('2D SPACE',''
  ) );
#3704 = PCURVE('',#1630,#3705);
#3705 = DEFINITIONAL_REPRESENTATION('',(#3706),#3709);
#3706 = B_SPLINE_CURVE_WITH_KNOTS('',1,(#3707,#3708),.UNSPECIFIED.,.F.,
  .F.,(2,2),(-54.12132034356,-49.87867965644),.PIECEWISE_BEZIER_KNOTS.);
#3707 = CARTESIAN_POINT('',(5.030344885397,35.12132034356));
#3708 = CARTESIAN_POINT('',(5.030344885397,30.87867965644));
#3709 = ( GEOMETRIC_REPRESENTATION_CONTEXT(2) 
PARAMETRIC_REPRESENTATION_CONTEXT() REPRESENTATION_CONTEXT('2D SPACE',''
  ) );
#3710 = ORIENTED_EDGE('',*,*,#3711,.T.);
#3711 = EDGE_CURVE('',#3691,#371,#3712,.T.);
#3712 = SURFACE_CURVE('',#3713,(#3717,#3723),.PCURVE_S1.);
#3713 = LINE('',#3714,#3715);
#3714 = CARTESIAN_POINT('',(35.12132034356,-32.,9.5));
#3715 = VECTOR('',#3716,1.);
#3716 = DIRECTION('',(0.,1.,-0.));
#3717 = PCURVE('',#411,#3718);
#3718 = DEFINITIONAL_REPRESENTATION('',(#3719),#3722);
#3719 = B_SPLINE_CURVE_WITH_KNOTS('',1,(#3720,#3721),.UNSPECIFIED.,.F.,
  .F.,(2,2),(0.,64.),.PIECEWISE_BEZIER_KNOTS.);
#3720 = CARTESIAN_POINT('',(73.12132034356,0.));
#3721 = CARTESIAN_POINT('',(73.12132034356,64.));
#3722 = ( GEOMETRIC_REPRESENTATION_CONTEXT(2) 
PARAMETRIC_REPRESENTATION_CONTEXT() REPRESENTATION_CONTEXT('2D SPACE',''
  ) );
#3723 = PCURVE('',#385,#3724);
#3724 = DEFINITIONAL_REPRESENTATION('',(#3725),#3728);
#3725 = B_SPLINE_CURVE_WITH_KNOTS('',1,(#3726,#3727),.UNSPECIFIED.,.F.,
  .F.,(2,2),(0.,64.),.PIECEWISE_BEZIER_KNOTS.);
#3726 = CARTESIAN_POINT('',(168.16904755831,0.));
#3727 = CARTESIAN_POINT('',(168.16904755831,64.));
#3728 = ( GEOMETRIC_REPRESENTATION_CONTEXT(2) 
PARAMETRIC_REPRESENTATION_CONTEXT() REPRESENTATION_CONTEXT('2D SPACE',''
  ) );
#3729 = ADVANCED_FACE('',(#3730),#385,.T.);
#3730 = FACE_BOUND('',#3731,.T.);
#3731 = EDGE_LOOP('',(#3732,#3733,#3754,#3773));
#3732 = ORIENTED_EDGE('',*,*,#370,.F.);
#3733 = ORIENTED_EDGE('',*,*,#3734,.F.);
#3734 = EDGE_CURVE('',#3735,#345,#3737,.T.);
#3735 = VERTEX_POINT('',#3736);
#3736 = CARTESIAN_POINT('',(32.12132034356,-12.24722325026,6.5));
#3737 = SURFACE_CURVE('',#3738,(#3742,#3748),.PCURVE_S1.);
#3738 = LINE('',#3739,#3740);
#3739 = CARTESIAN_POINT('',(32.12132034356,-32.,6.5));
#3740 = VECTOR('',#3741,1.);
#3741 = DIRECTION('',(0.,1.,-0.));
#3742 = PCURVE('',#385,#3743);
#3743 = DEFINITIONAL_REPRESENTATION('',(#3744),#3747);
#3744 = B_SPLINE_CURVE_WITH_KNOTS('',1,(#3745,#3746),.UNSPECIFIED.,.F.,
  .F.,(2,2),(0.,64.),.PIECEWISE_BEZIER_KNOTS.);
#3745 = CARTESIAN_POINT('',(163.92640687119,0.));
#3746 = CARTESIAN_POINT('',(163.92640687119,64.));
#3747 = ( GEOMETRIC_REPRESENTATION_CONTEXT(2) 
PARAMETRIC_REPRESENTATION_CONTEXT() REPRESENTATION_CONTEXT('2D SPACE',''
  ) );
#3748 = PCURVE('',#359,#3749);
#3749 = DEFINITIONAL_REPRESENTATION('',(#3750),#3753);
#3750 = B_SPLINE_CURVE_WITH_KNOTS('',1,(#3751,#3752),.UNSPECIFIED.,.F.,
  .F.,(2,2),(0.,64.),.PIECEWISE_BEZIER_KNOTS.);
#3751 = CARTESIAN_POINT('',(163.92640687119,0.));
#3752 = CARTESIAN_POINT('',(163.92640687119,64.));
#3753 = ( GEOMETRIC_REPRESENTATION_CONTEXT(2) 
PARAMETRIC_REPRESENTATION_CONTEXT() REPRESENTATION_CONTEXT('2D SPACE',''
  ) );
#3754 = ORIENTED_EDGE('',*,*,#3755,.F.);
#3755 = EDGE_CURVE('',#3691,#3735,#3756,.T.);
#3756 = SURFACE_CURVE('',#3757,(#3761,#3767),.PCURVE_S1.);
#3757 = LINE('',#3758,#3759);
#3758 = CARTESIAN_POINT('',(-24.78096477033,-45.09977287828,
    -50.40228511389));
#3759 = VECTOR('',#3760,1.);
#3760 = DIRECTION('',(-0.654653670708,-0.377964473009,-0.654653670708));
#3761 = PCURVE('',#385,#3762);
#3762 = DEFINITIONAL_REPRESENTATION('',(#3763),#3766);
#3763 = B_SPLINE_CURVE_WITH_KNOTS('',1,(#3764,#3765),.UNSPECIFIED.,.F.,
  .F.,(2,2),(-91.50225194508,-86.91967625013),.PIECEWISE_BEZIER_KNOTS.);
#3764 = CARTESIAN_POINT('',(168.16904755831,21.484827557301));
#3765 = CARTESIAN_POINT('',(163.92640687119,19.752776749733));
#3766 = ( GEOMETRIC_REPRESENTATION_CONTEXT(2) 
PARAMETRIC_REPRESENTATION_CONTEXT() REPRESENTATION_CONTEXT('2D SPACE',''
  ) );
#3767 = PCURVE('',#1630,#3768);
#3768 = DEFINITIONAL_REPRESENTATION('',(#3769),#3772);
#3769 = B_SPLINE_CURVE_WITH_KNOTS('',1,(#3770,#3771),.UNSPECIFIED.,.F.,
  .F.,(2,2),(-91.50225194508,-86.91967625013),.PIECEWISE_BEZIER_KNOTS.);
#3770 = CARTESIAN_POINT('',(5.030344885397,35.12132034356));
#3771 = CARTESIAN_POINT('',(8.494446500535,32.12132034356));
#3772 = ( GEOMETRIC_REPRESENTATION_CONTEXT(2) 
PARAMETRIC_REPRESENTATION_CONTEXT() REPRESENTATION_CONTEXT('2D SPACE',''
  ) );
#3773 = ORIENTED_EDGE('',*,*,#3711,.T.);
#3774 = ADVANCED_FACE('',(#3775),#359,.F.);
#3775 = FACE_BOUND('',#3776,.F.);
#3776 = EDGE_LOOP('',(#3777,#3778,#3779,#3800));
#3777 = ORIENTED_EDGE('',*,*,#344,.F.);
#3778 = ORIENTED_EDGE('',*,*,#3734,.F.);
#3779 = ORIENTED_EDGE('',*,*,#3780,.F.);
#3780 = EDGE_CURVE('',#3781,#3735,#3783,.T.);
#3781 = VERTEX_POINT('',#3782);
#3782 = CARTESIAN_POINT('',(36.,-14.48657999401,2.62132034356));
#3783 = SURFACE_CURVE('',#3784,(#3788,#3794),.PCURVE_S1.);
#3784 = LINE('',#3785,#3786);
#3785 = CARTESIAN_POINT('',(-24.09708090192,20.210485842223,
    62.718401245484));
#3786 = VECTOR('',#3787,1.);
#3787 = DIRECTION('',(-0.654653670708,0.377964473009,0.654653670708));
#3788 = PCURVE('',#359,#3789);
#3789 = DEFINITIONAL_REPRESENTATION('',(#3790),#3793);
#3790 = B_SPLINE_CURVE_WITH_KNOTS('',1,(#3791,#3792),.UNSPECIFIED.,.F.,
  .F.,(2,2),(-91.79980742631,-85.87502638561),.PIECEWISE_BEZIER_KNOTS.);
#3791 = CARTESIAN_POINT('',(169.41168824543,17.513420005986));
#3792 = CARTESIAN_POINT('',(163.92640687119,19.752776749733));
#3793 = ( GEOMETRIC_REPRESENTATION_CONTEXT(2) 
PARAMETRIC_REPRESENTATION_CONTEXT() REPRESENTATION_CONTEXT('2D SPACE',''
  ) );
#3794 = PCURVE('',#1630,#3795);
#3795 = DEFINITIONAL_REPRESENTATION('',(#3796),#3799);
#3796 = B_SPLINE_CURVE_WITH_KNOTS('',1,(#3797,#3798),.UNSPECIFIED.,.F.,
  .F.,(2,2),(-91.79980742631,-85.87502638561),.PIECEWISE_BEZIER_KNOTS.);
#3797 = CARTESIAN_POINT('',(12.973159988027,36.));
#3798 = CARTESIAN_POINT('',(8.494446500535,32.12132034356));
#3799 = ( GEOMETRIC_REPRESENTATION_CONTEXT(2) 
PARAMETRIC_REPRESENTATION_CONTEXT() REPRESENTATION_CONTEXT('2D SPACE',''
  ) );
#3800 = ORIENTED_EDGE('',*,*,#3801,.T.);
#3801 = EDGE_CURVE('',#3781,#319,#3802,.T.);
#3802 = SURFACE_CURVE('',#3803,(#3807,#3813),.PCURVE_S1.);
#3803 = LINE('',#3804,#3805);
#3804 = CARTESIAN_POINT('',(36.,-32.,2.62132034356));
#3805 = VECTOR('',#3806,1.);
#3806 = DIRECTION('',(0.,1.,-0.));
#3807 = PCURVE('',#359,#3808);
#3808 = DEFINITIONAL_REPRESENTATION('',(#3809),#3812);
#3809 = B_SPLINE_CURVE_WITH_KNOTS('',1,(#3810,#3811),.UNSPECIFIED.,.F.,
  .F.,(2,2),(0.,64.),.PIECEWISE_BEZIER_KNOTS.);
#3810 = CARTESIAN_POINT('',(169.41168824543,0.));
#3811 = CARTESIAN_POINT('',(169.41168824543,64.));
#3812 = ( GEOMETRIC_REPRESENTATION_CONTEXT(2) 
PARAMETRIC_REPRESENTATION_CONTEXT() REPRESENTATION_CONTEXT('2D SPACE',''
  ) );
#3813 = PCURVE('',#333,#3814);
#3814 = DEFINITIONAL_REPRESENTATION('',(#3815),#3818);
#3815 = B_SPLINE_CURVE_WITH_KNOTS('',1,(#3816,#3817),.UNSPECIFIED.,.F.,
  .F.,(2,2),(0.,64.),.PIECEWISE_BEZIER_KNOTS.);
#3816 = CARTESIAN_POINT('',(172.41168824543,0.));
#3817 = CARTESIAN_POINT('',(172.41168824543,64.));
#3818 = ( GEOMETRIC_REPRESENTATION_CONTEXT(2) 
PARAMETRIC_REPRESENTATION_CONTEXT() REPRESENTATION_CONTEXT('2D SPACE',''
  ) );
#3819 = ADVANCED_FACE('',(#3820),#333,.F.);
#3820 = FACE_BOUND('',#3821,.F.);
#3821 = EDGE_LOOP('',(#3822,#3823,#3824,#3845));
#3822 = ORIENTED_EDGE('',*,*,#318,.F.);
#3823 = ORIENTED_EDGE('',*,*,#3801,.F.);
#3824 = ORIENTED_EDGE('',*,*,#3825,.F.);
#3825 = EDGE_CURVE('',#3826,#3781,#3828,.T.);
#3826 = VERTEX_POINT('',#3827);
#3827 = CARTESIAN_POINT('',(38.,-13.33187945563,4.62132034356));
#3828 = SURFACE_CURVE('',#3829,(#3833,#3839),.PCURVE_S1.);
#3829 = LINE('',#3830,#3831);
#3830 = CARTESIAN_POINT('',(-22.91961659154,-48.50383649369,
    -56.29829624799));
#3831 = VECTOR('',#3832,1.);
#3832 = DIRECTION('',(-0.654653670708,-0.377964473009,-0.654653670708));
#3833 = PCURVE('',#333,#3834);
#3834 = DEFINITIONAL_REPRESENTATION('',(#3835),#3838);
#3835 = B_SPLINE_CURVE_WITH_KNOTS('',1,(#3836,#3837),.UNSPECIFIED.,.F.,
  .F.,(2,2),(-93.05625144615,-90.00120098285),.PIECEWISE_BEZIER_KNOTS.);
#3836 = CARTESIAN_POINT('',(175.24011537017,18.668120544366));
#3837 = CARTESIAN_POINT('',(172.41168824543,17.513420005986));
#3838 = ( GEOMETRIC_REPRESENTATION_CONTEXT(2) 
PARAMETRIC_REPRESENTATION_CONTEXT() REPRESENTATION_CONTEXT('2D SPACE',''
  ) );
#3839 = PCURVE('',#1630,#3840);
#3840 = DEFINITIONAL_REPRESENTATION('',(#3841),#3844);
#3841 = B_SPLINE_CURVE_WITH_KNOTS('',1,(#3842,#3843),.UNSPECIFIED.,.F.,
  .F.,(2,2),(-93.05625144615,-90.00120098285),.PIECEWISE_BEZIER_KNOTS.);
#3842 = CARTESIAN_POINT('',(10.663758911269,38.));
#3843 = CARTESIAN_POINT('',(12.973159988027,36.));
#3844 = ( GEOMETRIC_REPRESENTATION_CONTEXT(2) 
PARAMETRIC_REPRESENTATION_CONTEXT() REPRESENTATION_CONTEXT('2D SPACE',''
  ) );
#3845 = ORIENTED_EDGE('',*,*,#3846,.T.);
#3846 = EDGE_CURVE('',#3826,#293,#3847,.T.);
#3847 = SURFACE_CURVE('',#3848,(#3852,#3858),.PCURVE_S1.);
#3848 = LINE('',#3849,#3850);
#3849 = CARTESIAN_POINT('',(38.,-32.,4.62132034356));
#3850 = VECTOR('',#3851,1.);
#3851 = DIRECTION('',(0.,1.,-0.));
#3852 = PCURVE('',#333,#3853);
#3853 = DEFINITIONAL_REPRESENTATION('',(#3854),#3857);
#3854 = B_SPLINE_CURVE_WITH_KNOTS('',1,(#3855,#3856),.UNSPECIFIED.,.F.,
  .F.,(2,2),(0.,64.),.PIECEWISE_BEZIER_KNOTS.);
#3855 = CARTESIAN_POINT('',(175.24011537017,0.));
#3856 = CARTESIAN_POINT('',(175.24011537017,64.));
#3857 = ( GEOMETRIC_REPRESENTATION_CONTEXT(2) 
PARAMETRIC_REPRESENTATION_CONTEXT() REPRESENTATION_CONTEXT('2D SPACE',''
  ) );
#3858 = PCURVE('',#307,#3859);
#3859 = DEFINITIONAL_REPRESENTATION('',(#3860),#3863);
#3860 = B_SPLINE_CURVE_WITH_KNOTS('',1,(#3861,#3862),.UNSPECIFIED.,.F.,
  .F.,(2,2),(0.,64.),.PIECEWISE_BEZIER_KNOTS.);
#3861 = CARTESIAN_POINT('',(14.12132034356,0.));
#3862 = CARTESIAN_POINT('',(14.12132034356,-64.));
#3863 = ( GEOMETRIC_REPRESENTATION_CONTEXT(2) 
PARAMETRIC_REPRESENTATION_CONTEXT() REPRESENTATION_CONTEXT('2D SPACE',''
  ) );
#3864 = ADVANCED_FACE('',(#3865),#307,.F.);
#3865 = FACE_BOUND('',#3866,.F.);
#3866 = EDGE_LOOP('',(#3867,#3895,#3921,#3940,#3941,#3942));
#3867 = ORIENTED_EDGE('',*,*,#3868,.F.);
#3868 = EDGE_CURVE('',#3869,#3871,#3873,.T.);
#3869 = VERTEX_POINT('',#3870);
#3870 = CARTESIAN_POINT('',(38.,-13.90922972482,-3.62132034356));
#3871 = VERTEX_POINT('',#3872);
#3872 = CARTESIAN_POINT('',(38.,-16.,1.959434878636E-15));
#3873 = SURFACE_CURVE('',#3874,(#3878,#3884),.PCURVE_S1.);
#3874 = LINE('',#3875,#3876);
#3875 = CARTESIAN_POINT('',(38.,-15.94318966601,-9.839838486225E-02));
#3876 = VECTOR('',#3877,1.);
#3877 = DIRECTION('',(0.,-0.5,0.866025403784));
#3878 = PCURVE('',#307,#3879);
#3879 = DEFINITIONAL_REPRESENTATION('',(#3880),#3883);
#3880 = B_SPLINE_CURVE_WITH_KNOTS('',1,(#3881,#3882),.UNSPECIFIED.,.F.,
  .F.,(2,2),(-4.067919882376,0.113620667976),.PIECEWISE_BEZIER_KNOTS.);
#3881 = CARTESIAN_POINT('',(5.87867965644,-18.09077027517));
#3882 = CARTESIAN_POINT('',(9.5,-16.));
#3883 = ( GEOMETRIC_REPRESENTATION_CONTEXT(2) 
PARAMETRIC_REPRESENTATION_CONTEXT() REPRESENTATION_CONTEXT('2D SPACE',''
  ) );
#3884 = PCURVE('',#3885,#3890);
#3885 = PLANE('',#3886);
#3886 = AXIS2_PLACEMENT_3D('',#3887,#3888,#3889);
#3887 = CARTESIAN_POINT('',(0.,-16.,1.959434878636E-15));
#3888 = DIRECTION('',(0.,-0.866025403784,-0.5));
#3889 = DIRECTION('',(0.,0.5,-0.866025403784));
#3890 = DEFINITIONAL_REPRESENTATION('',(#3891),#3894);
#3891 = B_SPLINE_CURVE_WITH_KNOTS('',1,(#3892,#3893),.UNSPECIFIED.,.F.,
  .F.,(2,2),(-4.067919882376,0.113620667976),.PIECEWISE_BEZIER_KNOTS.);
#3892 = CARTESIAN_POINT('',(4.181540550352,38.));
#3893 = CARTESIAN_POINT('',(0.,38.));
#3894 = ( GEOMETRIC_REPRESENTATION_CONTEXT(2) 
PARAMETRIC_REPRESENTATION_CONTEXT() REPRESENTATION_CONTEXT('2D SPACE',''
  ) );
#3895 = ORIENTED_EDGE('',*,*,#3896,.T.);
#3896 = EDGE_CURVE('',#3869,#3897,#3899,.T.);
#3897 = VERTEX_POINT('',#3898);
#3898 = CARTESIAN_POINT('',(38.,13.909229724824,-3.62132034356));
#3899 = SURFACE_CURVE('',#3900,(#3904,#3910),.PCURVE_S1.);
#3900 = LINE('',#3901,#3902);
#3901 = CARTESIAN_POINT('',(38.,-32.,-3.62132034356));
#3902 = VECTOR('',#3903,1.);
#3903 = DIRECTION('',(0.,1.,0.));
#3904 = PCURVE('',#307,#3905);
#3905 = DEFINITIONAL_REPRESENTATION('',(#3906),#3909);
#3906 = B_SPLINE_CURVE_WITH_KNOTS('',1,(#3907,#3908),.UNSPECIFIED.,.F.,
  .F.,(2,2),(0.,64.),.PIECEWISE_BEZIER_KNOTS.);
#3907 = CARTESIAN_POINT('',(5.87867965644,0.));
#3908 = CARTESIAN_POINT('',(5.87867965644,-64.));
#3909 = ( GEOMETRIC_REPRESENTATION_CONTEXT(2) 
PARAMETRIC_REPRESENTATION_CONTEXT() REPRESENTATION_CONTEXT('2D SPACE',''
  ) );
#3910 = PCURVE('',#3911,#3916);
#3911 = PLANE('',#3912);
#3912 = AXIS2_PLACEMENT_3D('',#3913,#3914,#3915);
#3913 = CARTESIAN_POINT('',(-85.91347391416,-32.,120.2921535706));
#3914 = DIRECTION('',(0.707106781187,0.,0.707106781187));
#3915 = DIRECTION('',(0.707106781187,0.,-0.707106781187));
#3916 = DEFINITIONAL_REPRESENTATION('',(#3917),#3920);
#3917 = B_SPLINE_CURVE_WITH_KNOTS('',1,(#3918,#3919),.UNSPECIFIED.,.F.,
  .F.,(2,2),(0.,64.),.PIECEWISE_BEZIER_KNOTS.);
#3918 = CARTESIAN_POINT('',(175.24011537017,0.));
#3919 = CARTESIAN_POINT('',(175.24011537017,64.));
#3920 = ( GEOMETRIC_REPRESENTATION_CONTEXT(2) 
PARAMETRIC_REPRESENTATION_CONTEXT() REPRESENTATION_CONTEXT('2D SPACE',''
  ) );
#3921 = ORIENTED_EDGE('',*,*,#3922,.F.);
#3922 = EDGE_CURVE('',#270,#3897,#3923,.T.);
#3923 = SURFACE_CURVE('',#3924,(#3928,#3934),.PCURVE_S1.);
#3924 = LINE('',#3925,#3926);
#3925 = CARTESIAN_POINT('',(38.,3.943189666012,-20.88300807568));
#3926 = VECTOR('',#3927,1.);
#3927 = DIRECTION('',(0.,-0.5,-0.866025403784));
#3928 = PCURVE('',#307,#3929);
#3929 = DEFINITIONAL_REPRESENTATION('',(#3930),#3933);
#3930 = B_SPLINE_CURVE_WITH_KNOTS('',1,(#3931,#3932),.UNSPECIFIED.,.F.,
  .F.,(2,2),(-24.11362066797,-19.93208011762),.PIECEWISE_BEZIER_KNOTS.);
#3931 = CARTESIAN_POINT('',(9.5,-48.));
#3932 = CARTESIAN_POINT('',(5.87867965644,-45.90922972482));
#3933 = ( GEOMETRIC_REPRESENTATION_CONTEXT(2) 
PARAMETRIC_REPRESENTATION_CONTEXT() REPRESENTATION_CONTEXT('2D SPACE',''
  ) );
#3934 = PCURVE('',#96,#3935);
#3935 = DEFINITIONAL_REPRESENTATION('',(#3936),#3939);
#3936 = B_SPLINE_CURVE_WITH_KNOTS('',1,(#3937,#3938),.UNSPECIFIED.,.F.,
  .F.,(2,2),(-24.11362066797,-19.93208011762),.PIECEWISE_BEZIER_KNOTS.);
#3937 = CARTESIAN_POINT('',(16.,38.));
#3938 = CARTESIAN_POINT('',(11.818459449648,38.));
#3939 = ( GEOMETRIC_REPRESENTATION_CONTEXT(2) 
PARAMETRIC_REPRESENTATION_CONTEXT() REPRESENTATION_CONTEXT('2D SPACE',''
  ) );
#3940 = ORIENTED_EDGE('',*,*,#292,.F.);
#3941 = ORIENTED_EDGE('',*,*,#3846,.F.);
#3942 = ORIENTED_EDGE('',*,*,#3943,.F.);
#3943 = EDGE_CURVE('',#3871,#3826,#3944,.T.);
#3944 = SURFACE_CURVE('',#3945,(#3949,#3955),.PCURVE_S1.);
#3945 = LINE('',#3946,#3947);
#3946 = CARTESIAN_POINT('',(38.,-16.05681033398,-9.839838486224E-02));
#3947 = VECTOR('',#3948,1.);
#3948 = DIRECTION('',(-0.,0.5,0.866025403784));
#3949 = PCURVE('',#307,#3950);
#3950 = DEFINITIONAL_REPRESENTATION('',(#3951),#3954);
#3951 = B_SPLINE_CURVE_WITH_KNOTS('',1,(#3952,#3953),.UNSPECIFIED.,.F.,
  .F.,(2,2),(0.113620667976,5.449861756707),.PIECEWISE_BEZIER_KNOTS.);
#3952 = CARTESIAN_POINT('',(9.5,-16.));
#3953 = CARTESIAN_POINT('',(14.12132034356,-18.66812054436));
#3954 = ( GEOMETRIC_REPRESENTATION_CONTEXT(2) 
PARAMETRIC_REPRESENTATION_CONTEXT() REPRESENTATION_CONTEXT('2D SPACE',''
  ) );
#3955 = PCURVE('',#1630,#3956);
#3956 = DEFINITIONAL_REPRESENTATION('',(#3957),#3960);
#3957 = B_SPLINE_CURVE_WITH_KNOTS('',1,(#3958,#3959),.UNSPECIFIED.,.F.,
  .F.,(2,2),(0.113620667976,5.449861756707),.PIECEWISE_BEZIER_KNOTS.);
#3958 = CARTESIAN_POINT('',(16.,38.));
#3959 = CARTESIAN_POINT('',(10.663758911269,38.));
#3960 = ( GEOMETRIC_REPRESENTATION_CONTEXT(2) 
PARAMETRIC_REPRESENTATION_CONTEXT() REPRESENTATION_CONTEXT('2D SPACE',''
  ) );
#3961 = ADVANCED_FACE('',(#3962),#96,.T.);
#3962 = FACE_BOUND('',#3963,.T.);
#3963 = EDGE_LOOP('',(#3964,#3994,#4022,#4050,#4078,#4079,#4100,#4126,
    #4152,#4178,#4204,#4230,#4256,#4282,#4308,#4334,#4360,#4386,#4412,
    #4438,#4464,#4490,#4516,#4542,#4568,#4594,#4620,#4646,#4672,#4698,
    #4724,#4750,#4776,#4802,#4828,#4847,#4848,#4849));
#3964 = ORIENTED_EDGE('',*,*,#3965,.F.);
#3965 = EDGE_CURVE('',#3966,#3968,#3970,.T.);
#3966 = VERTEX_POINT('',#3967);
#3967 = CARTESIAN_POINT('',(60.,8.,-13.85640646055));
#3968 = VERTEX_POINT('',#3969);
#3969 = CARTESIAN_POINT('',(60.,9.418206931238,-11.4));
#3970 = SURFACE_CURVE('',#3971,(#3975,#3982),.PCURVE_S1.);
#3971 = LINE('',#3972,#3973);
#3972 = CARTESIAN_POINT('',(60.,8.,-13.85640646055));
#3973 = VECTOR('',#3974,1.);
#3974 = DIRECTION('',(0.,0.5,0.866025403784));
#3975 = PCURVE('',#96,#3976);
#3976 = DEFINITIONAL_REPRESENTATION('',(#3977),#3981);
#3977 = LINE('',#3978,#3979);
#3978 = CARTESIAN_POINT('',(0.,60.));
#3979 = VECTOR('',#3980,1.);
#3980 = DIRECTION('',(1.,0.));
#3981 = ( GEOMETRIC_REPRESENTATION_CONTEXT(2) 
PARAMETRIC_REPRESENTATION_CONTEXT() REPRESENTATION_CONTEXT('2D SPACE',''
  ) );
#3982 = PCURVE('',#3983,#3988);
#3983 = PLANE('',#3984);
#3984 = AXIS2_PLACEMENT_3D('',#3985,#3986,#3987);
#3985 = CARTESIAN_POINT('',(60.,1.480297366167E-16,9.080106438912E-16));
#3986 = DIRECTION('',(1.,0.,0.));
#3987 = DIRECTION('',(0.,1.,0.));
#3988 = DEFINITIONAL_REPRESENTATION('',(#3989),#3993);
#3989 = LINE('',#3990,#3991);
#3990 = CARTESIAN_POINT('',(8.,-13.85640646055));
#3991 = VECTOR('',#3992,1.);
#3992 = DIRECTION('',(0.5,0.866025403784));
#3993 = ( GEOMETRIC_REPRESENTATION_CONTEXT(2) 
PARAMETRIC_REPRESENTATION_CONTEXT() REPRESENTATION_CONTEXT('2D SPACE',''
  ) );
#3994 = ORIENTED_EDGE('',*,*,#3995,.T.);
#3995 = EDGE_CURVE('',#3966,#3996,#3998,.T.);
#3996 = VERTEX_POINT('',#3997);
#3997 = CARTESIAN_POINT('',(-60.,8.,-13.85640646055));
#3998 = SURFACE_CURVE('',#3999,(#4003,#4010),.PCURVE_S1.);
#3999 = LINE('',#4000,#4001);
#4000 = CARTESIAN_POINT('',(60.,8.,-13.85640646055));
#4001 = VECTOR('',#4002,1.);
#4002 = DIRECTION('',(-1.,0.,0.));
#4003 = PCURVE('',#96,#4004);
#4004 = DEFINITIONAL_REPRESENTATION('',(#4005),#4009);
#4005 = LINE('',#4006,#4007);
#4006 = CARTESIAN_POINT('',(0.,60.));
#4007 = VECTOR('',#4008,1.);
#4008 = DIRECTION('',(0.,-1.));
#4009 = ( GEOMETRIC_REPRESENTATION_CONTEXT(2) 
PARAMETRIC_REPRESENTATION_CONTEXT() REPRESENTATION_CONTEXT('2D SPACE',''
  ) );
#4010 = PCURVE('',#4011,#4016);
#4011 = PLANE('',#4012);
#4012 = AXIS2_PLACEMENT_3D('',#4013,#4014,#4015);
#4013 = CARTESIAN_POINT('',(0.,-8.,-13.85640646055));
#4014 = DIRECTION('',(0.,-2.22044604925E-16,-1.));
#4015 = DIRECTION('',(0.,1.,-2.22044604925E-16));
#4016 = DEFINITIONAL_REPRESENTATION('',(#4017),#4021);
#4017 = LINE('',#4018,#4019);
#4018 = CARTESIAN_POINT('',(16.,60.));
#4019 = VECTOR('',#4020,1.);
#4020 = DIRECTION('',(0.,-1.));
#4021 = ( GEOMETRIC_REPRESENTATION_CONTEXT(2) 
PARAMETRIC_REPRESENTATION_CONTEXT() REPRESENTATION_CONTEXT('2D SPACE',''
  ) );
#4022 = ORIENTED_EDGE('',*,*,#4023,.T.);
#4023 = EDGE_CURVE('',#3996,#4024,#4026,.T.);
#4024 = VERTEX_POINT('',#4025);
#4025 = CARTESIAN_POINT('',(-60.,9.418206931238,-11.4));
#4026 = SURFACE_CURVE('',#4027,(#4031,#4038),.PCURVE_S1.);
#4027 = LINE('',#4028,#4029);
#4028 = CARTESIAN_POINT('',(-60.,8.,-13.85640646055));
#4029 = VECTOR('',#4030,1.);
#4030 = DIRECTION('',(0.,0.5,0.866025403784));
#4031 = PCURVE('',#96,#4032);
#4032 = DEFINITIONAL_REPRESENTATION('',(#4033),#4037);
#4033 = LINE('',#4034,#4035);
#4034 = CARTESIAN_POINT('',(0.,-60.));
#4035 = VECTOR('',#4036,1.);
#4036 = DIRECTION('',(1.,0.));
#4037 = ( GEOMETRIC_REPRESENTATION_CONTEXT(2) 
PARAMETRIC_REPRESENTATION_CONTEXT() REPRESENTATION_CONTEXT('2D SPACE',''
  ) );
#4038 = PCURVE('',#4039,#4044);
#4039 = PLANE('',#4040);
#4040 = AXIS2_PLACEMENT_3D('',#4041,#4042,#4043);
#4041 = CARTESIAN_POINT('',(-60.,1.480297366167E-16,9.080106438912E-16)
  );
#4042 = DIRECTION('',(1.,0.,0.));
#4043 = DIRECTION('',(0.,1.,0.));
#4044 = DEFINITIONAL_REPRESENTATION('',(#4045),#4049);
#4045 = LINE('',#4046,#4047);
#4046 = CARTESIAN_POINT('',(8.,-13.85640646055));
#4047 = VECTOR('',#4048,1.);
#4048 = DIRECTION('',(0.5,0.866025403784));
#4049 = ( GEOMETRIC_REPRESENTATION_CONTEXT(2) 
PARAMETRIC_REPRESENTATION_CONTEXT() REPRESENTATION_CONTEXT('2D SPACE',''
  ) );
#4050 = ORIENTED_EDGE('',*,*,#4051,.F.);
#4051 = EDGE_CURVE('',#81,#4024,#4052,.T.);
#4052 = SURFACE_CURVE('',#4053,(#4058,#4065),.PCURVE_S1.);
#4053 = ELLIPSE('',#4054,13.163586137523,11.4);
#4054 = AXIS2_PLACEMENT_3D('',#4055,#4056,#4057);
#4055 = CARTESIAN_POINT('',(-60.,16.,-3.5527136788E-15));
#4056 = DIRECTION('',(0.,0.866025403784,-0.5));
#4057 = DIRECTION('',(0.,-0.5,-0.866025403784));
#4058 = PCURVE('',#96,#4059);
#4059 = DEFINITIONAL_REPRESENTATION('',(#4060),#4064);
#4060 = ELLIPSE('',#4061,13.163586137523,11.4);
#4061 = AXIS2_PLACEMENT_2D('',#4062,#4063);
#4062 = CARTESIAN_POINT('',(16.,-60.));
#4063 = DIRECTION('',(-1.,0.));
#4064 = ( GEOMETRIC_REPRESENTATION_CONTEXT(2) 
PARAMETRIC_REPRESENTATION_CONTEXT() REPRESENTATION_CONTEXT('2D SPACE',''
  ) );
#4065 = PCURVE('',#125,#4066);
#4066 = DEFINITIONAL_REPRESENTATION('',(#4067),#4077);
#4067 = B_SPLINE_CURVE_WITH_KNOTS('',8,(#4068,#4069,#4070,#4071,#4072,
    #4073,#4074,#4075,#4076),.UNSPECIFIED.,.F.,.F.,(9,9),(4.712388980385
    ,6.28318530718),.PIECEWISE_BEZIER_KNOTS.);
#4068 = CARTESIAN_POINT('',(6.28318530718,3.));
#4069 = CARTESIAN_POINT('',(6.08683576633,4.292332047017));
#4070 = CARTESIAN_POINT('',(5.890486225482,5.584664483485));
#4071 = CARTESIAN_POINT('',(5.694136684631,6.801072398068));
#4072 = CARTESIAN_POINT('',(5.497787143786,7.865648832969));
#4073 = CARTESIAN_POINT('',(5.301437602933,8.711798143706));
#4074 = CARTESIAN_POINT('',(5.105088062084,9.291794445631));
#4075 = CARTESIAN_POINT('',(4.908738521234,9.581793035213));
#4076 = CARTESIAN_POINT('',(4.712388980385,9.58179306175));
#4077 = ( GEOMETRIC_REPRESENTATION_CONTEXT(2) 
PARAMETRIC_REPRESENTATION_CONTEXT() REPRESENTATION_CONTEXT('2D SPACE',''
  ) );
#4078 = ORIENTED_EDGE('',*,*,#80,.F.);
#4079 = ORIENTED_EDGE('',*,*,#4080,.T.);
#4080 = EDGE_CURVE('',#55,#4081,#4083,.T.);
#4081 = VERTEX_POINT('',#4082);
#4082 = CARTESIAN_POINT('',(-38.,13.909229724824,-3.62132034356));
#4083 = SURFACE_CURVE('',#4084,(#4088,#4094),.PCURVE_S1.);
#4084 = LINE('',#4085,#4086);
#4085 = CARTESIAN_POINT('',(-38.,3.943189666012,-20.88300807568));
#4086 = VECTOR('',#4087,1.);
#4087 = DIRECTION('',(0.,-0.5,-0.866025403784));
#4088 = PCURVE('',#96,#4089);
#4089 = DEFINITIONAL_REPRESENTATION('',(#4090),#4093);
#4090 = B_SPLINE_CURVE_WITH_KNOTS('',1,(#4091,#4092),.UNSPECIFIED.,.F.,
  .F.,(2,2),(-24.11362066797,-19.93208011762),.PIECEWISE_BEZIER_KNOTS.);
#4091 = CARTESIAN_POINT('',(16.,-38.));
#4092 = CARTESIAN_POINT('',(11.818459449648,-38.));
#4093 = ( GEOMETRIC_REPRESENTATION_CONTEXT(2) 
PARAMETRIC_REPRESENTATION_CONTEXT() REPRESENTATION_CONTEXT('2D SPACE',''
  ) );
#4094 = PCURVE('',#69,#4095);
#4095 = DEFINITIONAL_REPRESENTATION('',(#4096),#4099);
#4096 = B_SPLINE_CURVE_WITH_KNOTS('',1,(#4097,#4098),.UNSPECIFIED.,.F.,
  .F.,(2,2),(-24.11362066797,-19.93208011762),.PIECEWISE_BEZIER_KNOTS.);
#4097 = CARTESIAN_POINT('',(9.5,-48.));
#4098 = CARTESIAN_POINT('',(5.87867965644,-45.90922972482));
#4099 = ( GEOMETRIC_REPRESENTATION_CONTEXT(2) 
PARAMETRIC_REPRESENTATION_CONTEXT() REPRESENTATION_CONTEXT('2D SPACE',''
  ) );
#4100 = ORIENTED_EDGE('',*,*,#4101,.T.);
#4101 = EDGE_CURVE('',#4081,#4102,#4104,.T.);
#4102 = VERTEX_POINT('',#4103);
#4103 = CARTESIAN_POINT('',(-36.,15.063930263203,-1.62132034356));
#4104 = SURFACE_CURVE('',#4105,(#4109,#4115),.PCURVE_S1.);
#4105 = LINE('',#4106,#4107);
#4106 = CARTESIAN_POINT('',(-58.08645602223,2.312308933319,
    -23.70777636579));
#4107 = VECTOR('',#4108,1.);
#4108 = DIRECTION('',(0.654653670708,0.377964473009,0.654653670708));
#4109 = PCURVE('',#96,#4110);
#4110 = DEFINITIONAL_REPRESENTATION('',(#4111),#4114);
#4111 = B_SPLINE_CURVE_WITH_KNOTS('',1,(#4112,#4113),.UNSPECIFIED.,.F.,
  .F.,(2,2),(30.682568388437,33.737618851741),.PIECEWISE_BEZIER_KNOTS.);
#4112 = CARTESIAN_POINT('',(11.818459449648,-38.));
#4113 = CARTESIAN_POINT('',(14.127860526406,-36.));
#4114 = ( GEOMETRIC_REPRESENTATION_CONTEXT(2) 
PARAMETRIC_REPRESENTATION_CONTEXT() REPRESENTATION_CONTEXT('2D SPACE',''
  ) );
#4115 = PCURVE('',#4116,#4121);
#4116 = PLANE('',#4117);
#4117 = AXIS2_PLACEMENT_3D('',#4118,#4119,#4120);
#4118 = CARTESIAN_POINT('',(-83.7921535706,-32.,-49.41347391416));
#4119 = DIRECTION('',(-0.707106781187,0.,0.707106781187));
#4120 = DIRECTION('',(0.707106781187,0.,0.707106781187));
#4121 = DEFINITIONAL_REPRESENTATION('',(#4122),#4125);
#4122 = B_SPLINE_CURVE_WITH_KNOTS('',1,(#4123,#4124),.UNSPECIFIED.,.F.,
  .F.,(2,2),(30.682568388437,33.737618851741),.PIECEWISE_BEZIER_KNOTS.);
#4123 = CARTESIAN_POINT('',(64.759884629822,45.909229724824));
#4124 = CARTESIAN_POINT('',(67.588311754569,47.063930263203));
#4125 = ( GEOMETRIC_REPRESENTATION_CONTEXT(2) 
PARAMETRIC_REPRESENTATION_CONTEXT() REPRESENTATION_CONTEXT('2D SPACE',''
  ) );
#4126 = ORIENTED_EDGE('',*,*,#4127,.T.);
#4127 = EDGE_CURVE('',#4102,#4128,#4130,.T.);
#4128 = VERTEX_POINT('',#4129);
#4129 = CARTESIAN_POINT('',(-32.12132034356,12.824573519457,-5.5));
#4130 = SURFACE_CURVE('',#4131,(#4135,#4141),.PCURVE_S1.);
#4131 = LINE('',#4132,#4133);
#4132 = CARTESIAN_POINT('',(-40.3588128998,17.580492064253,
    2.737492556246));
#4133 = VECTOR('',#4134,1.);
#4134 = DIRECTION('',(0.654653670708,-0.377964473009,-0.654653670708));
#4135 = PCURVE('',#96,#4136);
#4136 = DEFINITIONAL_REPRESENTATION('',(#4137),#4140);
#4137 = B_SPLINE_CURVE_WITH_KNOTS('',1,(#4138,#4139),.UNSPECIFIED.,.F.,
  .F.,(2,2),(6.658196684503,12.582977725211),.PIECEWISE_BEZIER_KNOTS.);
#4138 = CARTESIAN_POINT('',(14.127860526406,-36.));
#4139 = CARTESIAN_POINT('',(9.649147038914,-32.12132034356));
#4140 = ( GEOMETRIC_REPRESENTATION_CONTEXT(2) 
PARAMETRIC_REPRESENTATION_CONTEXT() REPRESENTATION_CONTEXT('2D SPACE',''
  ) );
#4141 = PCURVE('',#4142,#4147);
#4142 = PLANE('',#4143);
#4143 = AXIS2_PLACEMENT_3D('',#4144,#4145,#4146);
#4144 = CARTESIAN_POINT('',(-85.91347391416,-32.,48.292153570606));
#4145 = DIRECTION('',(0.707106781187,0.,0.707106781187));
#4146 = DIRECTION('',(0.707106781187,0.,-0.707106781187));
#4147 = DEFINITIONAL_REPRESENTATION('',(#4148),#4151);
#4148 = B_SPLINE_CURVE_WITH_KNOTS('',1,(#4149,#4150),.UNSPECIFIED.,.F.,
  .F.,(2,2),(6.658196684503,12.582977725211),.PIECEWISE_BEZIER_KNOTS.);
#4149 = CARTESIAN_POINT('',(70.588311754569,47.063930263203));
#4150 = CARTESIAN_POINT('',(76.073593128807,44.824573519457));
#4151 = ( GEOMETRIC_REPRESENTATION_CONTEXT(2) 
PARAMETRIC_REPRESENTATION_CONTEXT() REPRESENTATION_CONTEXT('2D SPACE',''
  ) );
#4152 = ORIENTED_EDGE('',*,*,#4153,.F.);
#4153 = EDGE_CURVE('',#4154,#4128,#4156,.T.);
#4154 = VERTEX_POINT('',#4155);
#4155 = CARTESIAN_POINT('',(-36.,10.585216775711,-9.37867965644));
#4156 = SURFACE_CURVE('',#4157,(#4161,#4167),.PCURVE_S1.);
#4157 = LINE('',#4158,#4159);
#4158 = CARTESIAN_POINT('',(-56.22510784345,-1.091754682094,
    -29.60378749989));
#4159 = VECTOR('',#4160,1.);
#4160 = DIRECTION('',(0.654653670708,0.377964473009,0.654653670708));
#4161 = PCURVE('',#96,#4162);
#4162 = DEFINITIONAL_REPRESENTATION('',(#4163),#4166);
#4163 = B_SPLINE_CURVE_WITH_KNOTS('',1,(#4164,#4165),.UNSPECIFIED.,.F.,
  .F.,(2,2),(30.894362543752,36.81914358446),.PIECEWISE_BEZIER_KNOTS.);
#4164 = CARTESIAN_POINT('',(5.170433551422,-36.));
#4165 = CARTESIAN_POINT('',(9.649147038914,-32.12132034356));
#4166 = ( GEOMETRIC_REPRESENTATION_CONTEXT(2) 
PARAMETRIC_REPRESENTATION_CONTEXT() REPRESENTATION_CONTEXT('2D SPACE',''
  ) );
#4167 = PCURVE('',#4168,#4173);
#4168 = PLANE('',#4169);
#4169 = AXIS2_PLACEMENT_3D('',#4170,#4171,#4172);
#4170 = CARTESIAN_POINT('',(-85.91347391416,-32.,-59.2921535706));
#4171 = DIRECTION('',(-0.707106781187,0.,0.707106781187));
#4172 = DIRECTION('',(0.707106781187,0.,0.707106781187));
#4173 = DEFINITIONAL_REPRESENTATION('',(#4174),#4177);
#4174 = B_SPLINE_CURVE_WITH_KNOTS('',1,(#4175,#4176),.UNSPECIFIED.,.F.,
  .F.,(2,2),(30.894362543752,36.81914358446),.PIECEWISE_BEZIER_KNOTS.);
#4175 = CARTESIAN_POINT('',(70.588311754569,42.585216775711));
#4176 = CARTESIAN_POINT('',(76.073593128807,44.824573519457));
#4177 = ( GEOMETRIC_REPRESENTATION_CONTEXT(2) 
PARAMETRIC_REPRESENTATION_CONTEXT() REPRESENTATION_CONTEXT('2D SPACE',''
  ) );
#4178 = ORIENTED_EDGE('',*,*,#4179,.F.);
#4179 = EDGE_CURVE('',#4180,#4154,#4182,.T.);
#4180 = VERTEX_POINT('',#4181);
#4181 = CARTESIAN_POINT('',(-38.,11.73991731409,-7.37867965644));
#4182 = SURFACE_CURVE('',#4183,(#4187,#4193),.PCURVE_S1.);
#4183 = LINE('',#4184,#4185);
#4184 = CARTESIAN_POINT('',(-42.22016107859,14.17642844884,
    -3.158518577846));
#4185 = VECTOR('',#4186,1.);
#4186 = DIRECTION('',(0.654653670708,-0.377964473009,-0.654653670708));
#4187 = PCURVE('',#96,#4188);
#4188 = DEFINITIONAL_REPRESENTATION('',(#4189),#4192);
#4189 = B_SPLINE_CURVE_WITH_KNOTS('',1,(#4190,#4191),.UNSPECIFIED.,.F.,
  .F.,(2,2),(6.446402529189,9.501452992493),.PIECEWISE_BEZIER_KNOTS.);
#4190 = CARTESIAN_POINT('',(7.47983462818,-38.));
#4191 = CARTESIAN_POINT('',(5.170433551422,-36.));
#4192 = ( GEOMETRIC_REPRESENTATION_CONTEXT(2) 
PARAMETRIC_REPRESENTATION_CONTEXT() REPRESENTATION_CONTEXT('2D SPACE',''
  ) );
#4193 = PCURVE('',#4194,#4199);
#4194 = PLANE('',#4195);
#4195 = AXIS2_PLACEMENT_3D('',#4196,#4197,#4198);
#4196 = CARTESIAN_POINT('',(-83.7921535706,-32.,38.413473914166));
#4197 = DIRECTION('',(0.707106781187,0.,0.707106781187));
#4198 = DIRECTION('',(0.707106781187,0.,-0.707106781187));
#4199 = DEFINITIONAL_REPRESENTATION('',(#4200),#4203);
#4200 = B_SPLINE_CURVE_WITH_KNOTS('',1,(#4201,#4202),.UNSPECIFIED.,.F.,
  .F.,(2,2),(6.446402529189,9.501452992493),.PIECEWISE_BEZIER_KNOTS.);
#4201 = CARTESIAN_POINT('',(64.759884629822,43.73991731409));
#4202 = CARTESIAN_POINT('',(67.588311754569,42.585216775711));
#4203 = ( GEOMETRIC_REPRESENTATION_CONTEXT(2) 
PARAMETRIC_REPRESENTATION_CONTEXT() REPRESENTATION_CONTEXT('2D SPACE',''
  ) );
#4204 = ORIENTED_EDGE('',*,*,#4205,.T.);
#4205 = EDGE_CURVE('',#4180,#4206,#4208,.T.);
#4206 = VERTEX_POINT('',#4207);
#4207 = CARTESIAN_POINT('',(-38.,10.515172442699,-9.5));
#4208 = SURFACE_CURVE('',#4209,(#4213,#4219),.PCURVE_S1.);
#4209 = LINE('',#4210,#4211);
#4210 = CARTESIAN_POINT('',(-38.,3.943189666012,-20.88300807568));
#4211 = VECTOR('',#4212,1.);
#4212 = DIRECTION('',(0.,-0.5,-0.866025403784));
#4213 = PCURVE('',#96,#4214);
#4214 = DEFINITIONAL_REPRESENTATION('',(#4215),#4218);
#4215 = B_SPLINE_CURVE_WITH_KNOTS('',1,(#4216,#4217),.UNSPECIFIED.,.F.,
  .F.,(2,2),(-15.59345529615,-13.14396555337),.PIECEWISE_BEZIER_KNOTS.);
#4216 = CARTESIAN_POINT('',(7.47983462818,-38.));
#4217 = CARTESIAN_POINT('',(5.030344885397,-38.));
#4218 = ( GEOMETRIC_REPRESENTATION_CONTEXT(2) 
PARAMETRIC_REPRESENTATION_CONTEXT() REPRESENTATION_CONTEXT('2D SPACE',''
  ) );
#4219 = PCURVE('',#4220,#4225);
#4220 = PLANE('',#4221);
#4221 = AXIS2_PLACEMENT_3D('',#4222,#4223,#4224);
#4222 = CARTESIAN_POINT('',(-38.,-32.,-9.5));
#4223 = DIRECTION('',(1.,0.,0.));
#4224 = DIRECTION('',(0.,0.,1.));
#4225 = DEFINITIONAL_REPRESENTATION('',(#4226),#4229);
#4226 = B_SPLINE_CURVE_WITH_KNOTS('',1,(#4227,#4228),.UNSPECIFIED.,.F.,
  .F.,(2,2),(-15.59345529615,-13.14396555337),.PIECEWISE_BEZIER_KNOTS.);
#4227 = CARTESIAN_POINT('',(2.12132034356,-43.73991731409));
#4228 = CARTESIAN_POINT('',(1.160571950695E-15,-42.51517244269));
#4229 = ( GEOMETRIC_REPRESENTATION_CONTEXT(2) 
PARAMETRIC_REPRESENTATION_CONTEXT() REPRESENTATION_CONTEXT('2D SPACE',''
  ) );
#4230 = ORIENTED_EDGE('',*,*,#4231,.T.);
#4231 = EDGE_CURVE('',#4206,#4232,#4234,.T.);
#4232 = VERTEX_POINT('',#4233);
#4233 = CARTESIAN_POINT('',(-31.87867965644,10.515172442699,-9.5));
#4234 = SURFACE_CURVE('',#4235,(#4239,#4245),.PCURVE_S1.);
#4235 = LINE('',#4236,#4237);
#4236 = CARTESIAN_POINT('',(-19.,10.515172442699,-9.5));
#4237 = VECTOR('',#4238,1.);
#4238 = DIRECTION('',(1.,-0.,0.));
#4239 = PCURVE('',#96,#4240);
#4240 = DEFINITIONAL_REPRESENTATION('',(#4241),#4244);
#4241 = B_SPLINE_CURVE_WITH_KNOTS('',1,(#4242,#4243),.UNSPECIFIED.,.F.,
  .F.,(2,2),(-19.,-12.87867965644),.PIECEWISE_BEZIER_KNOTS.);
#4242 = CARTESIAN_POINT('',(5.030344885397,-38.));
#4243 = CARTESIAN_POINT('',(5.030344885397,-31.87867965644));
#4244 = ( GEOMETRIC_REPRESENTATION_CONTEXT(2) 
PARAMETRIC_REPRESENTATION_CONTEXT() REPRESENTATION_CONTEXT('2D SPACE',''
  ) );
#4245 = PCURVE('',#4246,#4251);
#4246 = PLANE('',#4247);
#4247 = AXIS2_PLACEMENT_3D('',#4248,#4249,#4250);
#4248 = CARTESIAN_POINT('',(-38.,-32.,-9.5));
#4249 = DIRECTION('',(0.,0.,1.));
#4250 = DIRECTION('',(1.,0.,0.));
#4251 = DEFINITIONAL_REPRESENTATION('',(#4252),#4255);
#4252 = B_SPLINE_CURVE_WITH_KNOTS('',1,(#4253,#4254),.UNSPECIFIED.,.F.,
  .F.,(2,2),(-19.,-12.87867965644),.PIECEWISE_BEZIER_KNOTS.);
#4253 = CARTESIAN_POINT('',(0.,42.515172442699));
#4254 = CARTESIAN_POINT('',(6.12132034356,42.515172442699));
#4255 = ( GEOMETRIC_REPRESENTATION_CONTEXT(2) 
PARAMETRIC_REPRESENTATION_CONTEXT() REPRESENTATION_CONTEXT('2D SPACE',''
  ) );
#4256 = ORIENTED_EDGE('',*,*,#4257,.T.);
#4257 = EDGE_CURVE('',#4232,#4258,#4260,.T.);
#4258 = VERTEX_POINT('',#4259);
#4259 = CARTESIAN_POINT('',(-30.,11.599828648065,-7.62132034356));
#4260 = SURFACE_CURVE('',#4261,(#4265,#4271),.PCURVE_S1.);
#4261 = LINE('',#4262,#4263);
#4262 = CARTESIAN_POINT('',(-53.80074173652,-2.14153600043,
    -31.42206208008));
#4263 = VECTOR('',#4264,1.);
#4264 = DIRECTION('',(0.654653670708,0.377964473009,0.654653670708));
#4265 = PCURVE('',#96,#4266);
#4266 = DEFINITIONAL_REPRESENTATION('',(#4267),#4270);
#4267 = B_SPLINE_CURVE_WITH_KNOTS('',1,(#4268,#4269),.UNSPECIFIED.,.F.,
  .F.,(2,2),(33.486502957169,36.356233534573),.PIECEWISE_BEZIER_KNOTS.);
#4268 = CARTESIAN_POINT('',(5.030344885397,-31.87867965644));
#4269 = CARTESIAN_POINT('',(7.199657296131,-30.));
#4270 = ( GEOMETRIC_REPRESENTATION_CONTEXT(2) 
PARAMETRIC_REPRESENTATION_CONTEXT() REPRESENTATION_CONTEXT('2D SPACE',''
  ) );
#4271 = PCURVE('',#4272,#4277);
#4272 = PLANE('',#4273);
#4273 = AXIS2_PLACEMENT_3D('',#4274,#4275,#4276);
#4274 = CARTESIAN_POINT('',(-83.7921535706,-32.,-61.41347391416));
#4275 = DIRECTION('',(-0.707106781187,0.,0.707106781187));
#4276 = DIRECTION('',(0.707106781187,0.,0.707106781187));
#4277 = DEFINITIONAL_REPRESENTATION('',(#4278),#4281);
#4278 = B_SPLINE_CURVE_WITH_KNOTS('',1,(#4279,#4280),.UNSPECIFIED.,.F.,
  .F.,(2,2),(33.486502957169,36.356233534573),.PIECEWISE_BEZIER_KNOTS.);
#4279 = CARTESIAN_POINT('',(73.416738879315,42.515172442699));
#4280 = CARTESIAN_POINT('',(76.073593128807,43.599828648065));
#4281 = ( GEOMETRIC_REPRESENTATION_CONTEXT(2) 
PARAMETRIC_REPRESENTATION_CONTEXT() REPRESENTATION_CONTEXT('2D SPACE',''
  ) );
#4282 = ORIENTED_EDGE('',*,*,#4283,.T.);
#4283 = EDGE_CURVE('',#4258,#4284,#4286,.T.);
#4284 = VERTEX_POINT('',#4285);
#4285 = CARTESIAN_POINT('',(-28.12132034356,10.515172442699,-9.5));
#4286 = SURFACE_CURVE('',#4287,(#4291,#4297),.PCURVE_S1.);
#4287 = LINE('',#4288,#4289);
#4288 = CARTESIAN_POINT('',(-40.3588128998,17.580492064253,
    2.737492556246));
#4289 = VECTOR('',#4290,1.);
#4290 = DIRECTION('',(0.654653670708,-0.377964473009,-0.654653670708));
#4291 = PCURVE('',#96,#4292);
#4292 = DEFINITIONAL_REPRESENTATION('',(#4293),#4296);
#4293 = B_SPLINE_CURVE_WITH_KNOTS('',1,(#4294,#4295),.UNSPECIFIED.,.F.,
  .F.,(2,2),(15.823348074415,18.693078651819),.PIECEWISE_BEZIER_KNOTS.);
#4294 = CARTESIAN_POINT('',(7.199657296131,-30.));
#4295 = CARTESIAN_POINT('',(5.030344885397,-28.12132034356));
#4296 = ( GEOMETRIC_REPRESENTATION_CONTEXT(2) 
PARAMETRIC_REPRESENTATION_CONTEXT() REPRESENTATION_CONTEXT('2D SPACE',''
  ) );
#4297 = PCURVE('',#4298,#4303);
#4298 = PLANE('',#4299);
#4299 = AXIS2_PLACEMENT_3D('',#4300,#4301,#4302);
#4300 = CARTESIAN_POINT('',(-85.91347391416,-32.,48.292153570606));
#4301 = DIRECTION('',(0.707106781187,0.,0.707106781187));
#4302 = DIRECTION('',(0.707106781187,0.,-0.707106781187));
#4303 = DEFINITIONAL_REPRESENTATION('',(#4304),#4307);
#4304 = B_SPLINE_CURVE_WITH_KNOTS('',1,(#4305,#4306),.UNSPECIFIED.,.F.,
  .F.,(2,2),(15.823348074415,18.693078651819),.PIECEWISE_BEZIER_KNOTS.);
#4305 = CARTESIAN_POINT('',(79.073593128807,43.599828648065));
#4306 = CARTESIAN_POINT('',(81.7304473783,42.515172442699));
#4307 = ( GEOMETRIC_REPRESENTATION_CONTEXT(2) 
PARAMETRIC_REPRESENTATION_CONTEXT() REPRESENTATION_CONTEXT('2D SPACE',''
  ) );
#4308 = ORIENTED_EDGE('',*,*,#4309,.T.);
#4309 = EDGE_CURVE('',#4284,#4310,#4312,.T.);
#4310 = VERTEX_POINT('',#4311);
#4311 = CARTESIAN_POINT('',(-19.87867965644,10.515172442699,-9.5));
#4312 = SURFACE_CURVE('',#4313,(#4317,#4323),.PCURVE_S1.);
#4313 = LINE('',#4314,#4315);
#4314 = CARTESIAN_POINT('',(-19.,10.515172442699,-9.5));
#4315 = VECTOR('',#4316,1.);
#4316 = DIRECTION('',(1.,-0.,0.));
#4317 = PCURVE('',#96,#4318);
#4318 = DEFINITIONAL_REPRESENTATION('',(#4319),#4322);
#4319 = B_SPLINE_CURVE_WITH_KNOTS('',1,(#4320,#4321),.UNSPECIFIED.,.F.,
  .F.,(2,2),(-9.12132034356,-0.87867965644),.PIECEWISE_BEZIER_KNOTS.);
#4320 = CARTESIAN_POINT('',(5.030344885397,-28.12132034356));
#4321 = CARTESIAN_POINT('',(5.030344885397,-19.87867965644));
#4322 = ( GEOMETRIC_REPRESENTATION_CONTEXT(2) 
PARAMETRIC_REPRESENTATION_CONTEXT() REPRESENTATION_CONTEXT('2D SPACE',''
  ) );
#4323 = PCURVE('',#4324,#4329);
#4324 = PLANE('',#4325);
#4325 = AXIS2_PLACEMENT_3D('',#4326,#4327,#4328);
#4326 = CARTESIAN_POINT('',(-38.,-32.,-9.5));
#4327 = DIRECTION('',(0.,0.,1.));
#4328 = DIRECTION('',(1.,0.,0.));
#4329 = DEFINITIONAL_REPRESENTATION('',(#4330),#4333);
#4330 = B_SPLINE_CURVE_WITH_KNOTS('',1,(#4331,#4332),.UNSPECIFIED.,.F.,
  .F.,(2,2),(-9.12132034356,-0.87867965644),.PIECEWISE_BEZIER_KNOTS.);
#4331 = CARTESIAN_POINT('',(9.87867965644,42.515172442699));
#4332 = CARTESIAN_POINT('',(18.12132034356,42.515172442699));
#4333 = ( GEOMETRIC_REPRESENTATION_CONTEXT(2) 
PARAMETRIC_REPRESENTATION_CONTEXT() REPRESENTATION_CONTEXT('2D SPACE',''
  ) );
#4334 = ORIENTED_EDGE('',*,*,#4335,.T.);
#4335 = EDGE_CURVE('',#4310,#4336,#4338,.T.);
#4336 = VERTEX_POINT('',#4337);
#4337 = CARTESIAN_POINT('',(-18.,11.599828648065,-7.62132034356));
#4338 = SURFACE_CURVE('',#4339,(#4343,#4349),.PCURVE_S1.);
#4339 = LINE('',#4340,#4341);
#4340 = CARTESIAN_POINT('',(-49.51502745081,-6.595380934178,
    -39.13634779437));
#4341 = VECTOR('',#4342,1.);
#4342 = DIRECTION('',(0.654653670708,0.377964473009,0.654653670708));
#4343 = PCURVE('',#96,#4344);
#4344 = DEFINITIONAL_REPRESENTATION('',(#4345),#4348);
#4345 = B_SPLINE_CURVE_WITH_KNOTS('',1,(#4346,#4347),.UNSPECIFIED.,.F.,
  .F.,(2,2),(45.270269029913,48.139999607317),.PIECEWISE_BEZIER_KNOTS.);
#4346 = CARTESIAN_POINT('',(5.030344885397,-19.87867965644));
#4347 = CARTESIAN_POINT('',(7.199657296131,-18.));
#4348 = ( GEOMETRIC_REPRESENTATION_CONTEXT(2) 
PARAMETRIC_REPRESENTATION_CONTEXT() REPRESENTATION_CONTEXT('2D SPACE',''
  ) );
#4349 = PCURVE('',#4350,#4355);
#4350 = PLANE('',#4351);
#4351 = AXIS2_PLACEMENT_3D('',#4352,#4353,#4354);
#4352 = CARTESIAN_POINT('',(-83.7921535706,-32.,-73.41347391416));
#4353 = DIRECTION('',(-0.707106781187,0.,0.707106781187));
#4354 = DIRECTION('',(0.707106781187,0.,0.707106781187));
#4355 = DEFINITIONAL_REPRESENTATION('',(#4356),#4359);
#4356 = B_SPLINE_CURVE_WITH_KNOTS('',1,(#4357,#4358),.UNSPECIFIED.,.F.,
  .F.,(2,2),(45.270269029913,48.139999607317),.PIECEWISE_BEZIER_KNOTS.);
#4357 = CARTESIAN_POINT('',(90.387301627792,42.515172442699));
#4358 = CARTESIAN_POINT('',(93.044155877284,43.599828648065));
#4359 = ( GEOMETRIC_REPRESENTATION_CONTEXT(2) 
PARAMETRIC_REPRESENTATION_CONTEXT() REPRESENTATION_CONTEXT('2D SPACE',''
  ) );
#4360 = ORIENTED_EDGE('',*,*,#4361,.T.);
#4361 = EDGE_CURVE('',#4336,#4362,#4364,.T.);
#4362 = VERTEX_POINT('',#4363);
#4363 = CARTESIAN_POINT('',(-16.12132034356,10.515172442699,-9.5));
#4364 = SURFACE_CURVE('',#4365,(#4369,#4375),.PCURVE_S1.);
#4365 = LINE('',#4366,#4367);
#4366 = CARTESIAN_POINT('',(-36.07309861409,22.034336998002,
    10.451778270532));
#4367 = VECTOR('',#4368,1.);
#4368 = DIRECTION('',(0.654653670708,-0.377964473009,-0.654653670708));
#4369 = PCURVE('',#96,#4370);
#4370 = DEFINITIONAL_REPRESENTATION('',(#4371),#4374);
#4371 = B_SPLINE_CURVE_WITH_KNOTS('',1,(#4372,#4373),.UNSPECIFIED.,.F.,
  .F.,(2,2),(27.607114147159,30.476844724562),.PIECEWISE_BEZIER_KNOTS.);
#4372 = CARTESIAN_POINT('',(7.199657296131,-18.));
#4373 = CARTESIAN_POINT('',(5.030344885397,-16.12132034356));
#4374 = ( GEOMETRIC_REPRESENTATION_CONTEXT(2) 
PARAMETRIC_REPRESENTATION_CONTEXT() REPRESENTATION_CONTEXT('2D SPACE',''
  ) );
#4375 = PCURVE('',#4376,#4381);
#4376 = PLANE('',#4377);
#4377 = AXIS2_PLACEMENT_3D('',#4378,#4379,#4380);
#4378 = CARTESIAN_POINT('',(-85.91347391416,-32.,60.292153570606));
#4379 = DIRECTION('',(0.707106781187,0.,0.707106781187));
#4380 = DIRECTION('',(0.707106781187,0.,-0.707106781187));
#4381 = DEFINITIONAL_REPRESENTATION('',(#4382),#4385);
#4382 = B_SPLINE_CURVE_WITH_KNOTS('',1,(#4383,#4384),.UNSPECIFIED.,.F.,
  .F.,(2,2),(27.607114147159,30.476844724562),.PIECEWISE_BEZIER_KNOTS.);
#4383 = CARTESIAN_POINT('',(96.044155877284,43.599828648065));
#4384 = CARTESIAN_POINT('',(98.701010126777,42.515172442699));
#4385 = ( GEOMETRIC_REPRESENTATION_CONTEXT(2) 
PARAMETRIC_REPRESENTATION_CONTEXT() REPRESENTATION_CONTEXT('2D SPACE',''
  ) );
#4386 = ORIENTED_EDGE('',*,*,#4387,.T.);
#4387 = EDGE_CURVE('',#4362,#4388,#4390,.T.);
#4388 = VERTEX_POINT('',#4389);
#4389 = CARTESIAN_POINT('',(-7.87867965644,10.515172442699,-9.5));
#4390 = SURFACE_CURVE('',#4391,(#4395,#4401),.PCURVE_S1.);
#4391 = LINE('',#4392,#4393);
#4392 = CARTESIAN_POINT('',(-19.,10.515172442699,-9.5));
#4393 = VECTOR('',#4394,1.);
#4394 = DIRECTION('',(1.,-0.,0.));
#4395 = PCURVE('',#96,#4396);
#4396 = DEFINITIONAL_REPRESENTATION('',(#4397),#4400);
#4397 = B_SPLINE_CURVE_WITH_KNOTS('',1,(#4398,#4399),.UNSPECIFIED.,.F.,
  .F.,(2,2),(2.87867965644,11.12132034356),.PIECEWISE_BEZIER_KNOTS.);
#4398 = CARTESIAN_POINT('',(5.030344885397,-16.12132034356));
#4399 = CARTESIAN_POINT('',(5.030344885397,-7.87867965644));
#4400 = ( GEOMETRIC_REPRESENTATION_CONTEXT(2) 
PARAMETRIC_REPRESENTATION_CONTEXT() REPRESENTATION_CONTEXT('2D SPACE',''
  ) );
#4401 = PCURVE('',#4402,#4407);
#4402 = PLANE('',#4403);
#4403 = AXIS2_PLACEMENT_3D('',#4404,#4405,#4406);
#4404 = CARTESIAN_POINT('',(-38.,-32.,-9.5));
#4405 = DIRECTION('',(0.,0.,1.));
#4406 = DIRECTION('',(1.,0.,0.));
#4407 = DEFINITIONAL_REPRESENTATION('',(#4408),#4411);
#4408 = B_SPLINE_CURVE_WITH_KNOTS('',1,(#4409,#4410),.UNSPECIFIED.,.F.,
  .F.,(2,2),(2.87867965644,11.12132034356),.PIECEWISE_BEZIER_KNOTS.);
#4409 = CARTESIAN_POINT('',(21.87867965644,42.515172442699));
#4410 = CARTESIAN_POINT('',(30.12132034356,42.515172442699));
#4411 = ( GEOMETRIC_REPRESENTATION_CONTEXT(2) 
PARAMETRIC_REPRESENTATION_CONTEXT() REPRESENTATION_CONTEXT('2D SPACE',''
  ) );
#4412 = ORIENTED_EDGE('',*,*,#4413,.T.);
#4413 = EDGE_CURVE('',#4388,#4414,#4416,.T.);
#4414 = VERTEX_POINT('',#4415);
#4415 = CARTESIAN_POINT('',(-6.,11.599828648065,-7.62132034356));
#4416 = SURFACE_CURVE('',#4417,(#4421,#4427),.PCURVE_S1.);
#4417 = LINE('',#4418,#4419);
#4418 = CARTESIAN_POINT('',(-45.22931316509,-11.04922586792,
    -46.85063350865));
#4419 = VECTOR('',#4420,1.);
#4420 = DIRECTION('',(0.654653670708,0.377964473009,0.654653670708));
#4421 = PCURVE('',#96,#4422);
#4422 = DEFINITIONAL_REPRESENTATION('',(#4423),#4426);
#4423 = B_SPLINE_CURVE_WITH_KNOTS('',1,(#4424,#4425),.UNSPECIFIED.,.F.,
  .F.,(2,2),(57.054035102657,59.92376568006),.PIECEWISE_BEZIER_KNOTS.);
#4424 = CARTESIAN_POINT('',(5.030344885397,-7.87867965644));
#4425 = CARTESIAN_POINT('',(7.199657296131,-6.));
#4426 = ( GEOMETRIC_REPRESENTATION_CONTEXT(2) 
PARAMETRIC_REPRESENTATION_CONTEXT() REPRESENTATION_CONTEXT('2D SPACE',''
  ) );
#4427 = PCURVE('',#4428,#4433);
#4428 = PLANE('',#4429);
#4429 = AXIS2_PLACEMENT_3D('',#4430,#4431,#4432);
#4430 = CARTESIAN_POINT('',(-83.7921535706,-32.,-85.41347391416));
#4431 = DIRECTION('',(-0.707106781187,0.,0.707106781187));
#4432 = DIRECTION('',(0.707106781187,0.,0.707106781187));
#4433 = DEFINITIONAL_REPRESENTATION('',(#4434),#4437);
#4434 = B_SPLINE_CURVE_WITH_KNOTS('',1,(#4435,#4436),.UNSPECIFIED.,.F.,
  .F.,(2,2),(57.054035102657,59.92376568006),.PIECEWISE_BEZIER_KNOTS.);
#4435 = CARTESIAN_POINT('',(107.35786437626,42.515172442699));
#4436 = CARTESIAN_POINT('',(110.01471862576,43.599828648065));
#4437 = ( GEOMETRIC_REPRESENTATION_CONTEXT(2) 
PARAMETRIC_REPRESENTATION_CONTEXT() REPRESENTATION_CONTEXT('2D SPACE',''
  ) );
#4438 = ORIENTED_EDGE('',*,*,#4439,.T.);
#4439 = EDGE_CURVE('',#4414,#4440,#4442,.T.);
#4440 = VERTEX_POINT('',#4441);
#4441 = CARTESIAN_POINT('',(-4.12132034356,10.515172442699,-9.5));
#4442 = SURFACE_CURVE('',#4443,(#4447,#4453),.PCURVE_S1.);
#4443 = LINE('',#4444,#4445);
#4444 = CARTESIAN_POINT('',(-31.78738432837,26.48818193175,
    18.166063984818));
#4445 = VECTOR('',#4446,1.);
#4446 = DIRECTION('',(0.654653670708,-0.377964473009,-0.654653670708));
#4447 = PCURVE('',#96,#4448);
#4448 = DEFINITIONAL_REPRESENTATION('',(#4449),#4452);
#4449 = B_SPLINE_CURVE_WITH_KNOTS('',1,(#4450,#4451),.UNSPECIFIED.,.F.,
  .F.,(2,2),(39.390880219902,42.260610797306),.PIECEWISE_BEZIER_KNOTS.);
#4450 = CARTESIAN_POINT('',(7.199657296131,-6.));
#4451 = CARTESIAN_POINT('',(5.030344885397,-4.12132034356));
#4452 = ( GEOMETRIC_REPRESENTATION_CONTEXT(2) 
PARAMETRIC_REPRESENTATION_CONTEXT() REPRESENTATION_CONTEXT('2D SPACE',''
  ) );
#4453 = PCURVE('',#4454,#4459);
#4454 = PLANE('',#4455);
#4455 = AXIS2_PLACEMENT_3D('',#4456,#4457,#4458);
#4456 = CARTESIAN_POINT('',(-85.91347391416,-32.,72.292153570606));
#4457 = DIRECTION('',(0.707106781187,0.,0.707106781187));
#4458 = DIRECTION('',(0.707106781187,0.,-0.707106781187));
#4459 = DEFINITIONAL_REPRESENTATION('',(#4460),#4463);
#4460 = B_SPLINE_CURVE_WITH_KNOTS('',1,(#4461,#4462),.UNSPECIFIED.,.F.,
  .F.,(2,2),(39.390880219902,42.260610797306),.PIECEWISE_BEZIER_KNOTS.);
#4461 = CARTESIAN_POINT('',(113.01471862576,43.599828648065));
#4462 = CARTESIAN_POINT('',(115.67157287525,42.515172442699));
#4463 = ( GEOMETRIC_REPRESENTATION_CONTEXT(2) 
PARAMETRIC_REPRESENTATION_CONTEXT() REPRESENTATION_CONTEXT('2D SPACE',''
  ) );
#4464 = ORIENTED_EDGE('',*,*,#4465,.T.);
#4465 = EDGE_CURVE('',#4440,#4466,#4468,.T.);
#4466 = VERTEX_POINT('',#4467);
#4467 = CARTESIAN_POINT('',(4.12132034356,10.515172442699,-9.5));
#4468 = SURFACE_CURVE('',#4469,(#4473,#4479),.PCURVE_S1.);
#4469 = LINE('',#4470,#4471);
#4470 = CARTESIAN_POINT('',(-19.,10.515172442699,-9.5));
#4471 = VECTOR('',#4472,1.);
#4472 = DIRECTION('',(1.,-0.,0.));
#4473 = PCURVE('',#96,#4474);
#4474 = DEFINITIONAL_REPRESENTATION('',(#4475),#4478);
#4475 = B_SPLINE_CURVE_WITH_KNOTS('',1,(#4476,#4477),.UNSPECIFIED.,.F.,
  .F.,(2,2),(14.87867965644,23.12132034356),.PIECEWISE_BEZIER_KNOTS.);
#4476 = CARTESIAN_POINT('',(5.030344885397,-4.12132034356));
#4477 = CARTESIAN_POINT('',(5.030344885397,4.12132034356));
#4478 = ( GEOMETRIC_REPRESENTATION_CONTEXT(2) 
PARAMETRIC_REPRESENTATION_CONTEXT() REPRESENTATION_CONTEXT('2D SPACE',''
  ) );
#4479 = PCURVE('',#4480,#4485);
#4480 = PLANE('',#4481);
#4481 = AXIS2_PLACEMENT_3D('',#4482,#4483,#4484);
#4482 = CARTESIAN_POINT('',(-38.,-32.,-9.5));
#4483 = DIRECTION('',(0.,0.,1.));
#4484 = DIRECTION('',(1.,0.,0.));
#4485 = DEFINITIONAL_REPRESENTATION('',(#4486),#4489);
#4486 = B_SPLINE_CURVE_WITH_KNOTS('',1,(#4487,#4488),.UNSPECIFIED.,.F.,
  .F.,(2,2),(14.87867965644,23.12132034356),.PIECEWISE_BEZIER_KNOTS.);
#4487 = CARTESIAN_POINT('',(33.87867965644,42.515172442699));
#4488 = CARTESIAN_POINT('',(42.12132034356,42.515172442699));
#4489 = ( GEOMETRIC_REPRESENTATION_CONTEXT(2) 
PARAMETRIC_REPRESENTATION_CONTEXT() REPRESENTATION_CONTEXT('2D SPACE',''
  ) );
#4490 = ORIENTED_EDGE('',*,*,#4491,.T.);
#4491 = EDGE_CURVE('',#4466,#4492,#4494,.T.);
#4492 = VERTEX_POINT('',#4493);
#4493 = CARTESIAN_POINT('',(6.,11.599828648065,-7.62132034356));
#4494 = SURFACE_CURVE('',#4495,(#4499,#4505),.PCURVE_S1.);
#4495 = LINE('',#4496,#4497);
#4496 = CARTESIAN_POINT('',(-40.94359887938,-15.50307080167,
    -54.56491922294));
#4497 = VECTOR('',#4498,1.);
#4498 = DIRECTION('',(0.654653670708,0.377964473009,0.654653670708));
#4499 = PCURVE('',#96,#4500);
#4500 = DEFINITIONAL_REPRESENTATION('',(#4501),#4504);
#4501 = B_SPLINE_CURVE_WITH_KNOTS('',1,(#4502,#4503),.UNSPECIFIED.,.F.,
  .F.,(2,2),(68.8378011754,71.707531752804),.PIECEWISE_BEZIER_KNOTS.);
#4502 = CARTESIAN_POINT('',(5.030344885397,4.12132034356));
#4503 = CARTESIAN_POINT('',(7.199657296131,6.));
#4504 = ( GEOMETRIC_REPRESENTATION_CONTEXT(2) 
PARAMETRIC_REPRESENTATION_CONTEXT() REPRESENTATION_CONTEXT('2D SPACE',''
  ) );
#4505 = PCURVE('',#4506,#4511);
#4506 = PLANE('',#4507);
#4507 = AXIS2_PLACEMENT_3D('',#4508,#4509,#4510);
#4508 = CARTESIAN_POINT('',(-83.7921535706,-32.,-97.41347391416));
#4509 = DIRECTION('',(-0.707106781187,0.,0.707106781187));
#4510 = DIRECTION('',(0.707106781187,0.,0.707106781187));
#4511 = DEFINITIONAL_REPRESENTATION('',(#4512),#4515);
#4512 = B_SPLINE_CURVE_WITH_KNOTS('',1,(#4513,#4514),.UNSPECIFIED.,.F.,
  .F.,(2,2),(68.8378011754,71.707531752804),.PIECEWISE_BEZIER_KNOTS.);
#4513 = CARTESIAN_POINT('',(124.32842712474,42.515172442699));
#4514 = CARTESIAN_POINT('',(126.98528137423,43.599828648065));
#4515 = ( GEOMETRIC_REPRESENTATION_CONTEXT(2) 
PARAMETRIC_REPRESENTATION_CONTEXT() REPRESENTATION_CONTEXT('2D SPACE',''
  ) );
#4516 = ORIENTED_EDGE('',*,*,#4517,.T.);
#4517 = EDGE_CURVE('',#4492,#4518,#4520,.T.);
#4518 = VERTEX_POINT('',#4519);
#4519 = CARTESIAN_POINT('',(7.87867965644,10.515172442699,-9.5));
#4520 = SURFACE_CURVE('',#4521,(#4525,#4531),.PCURVE_S1.);
#4521 = LINE('',#4522,#4523);
#4522 = CARTESIAN_POINT('',(-27.50167004266,30.942026865499,
    25.880349699103));
#4523 = VECTOR('',#4524,1.);
#4524 = DIRECTION('',(0.654653670708,-0.377964473009,-0.654653670708));
#4525 = PCURVE('',#96,#4526);
#4526 = DEFINITIONAL_REPRESENTATION('',(#4527),#4530);
#4527 = B_SPLINE_CURVE_WITH_KNOTS('',1,(#4528,#4529),.UNSPECIFIED.,.F.,
  .F.,(2,2),(51.174646292646,54.04437687005),.PIECEWISE_BEZIER_KNOTS.);
#4528 = CARTESIAN_POINT('',(7.199657296131,6.));
#4529 = CARTESIAN_POINT('',(5.030344885397,7.87867965644));
#4530 = ( GEOMETRIC_REPRESENTATION_CONTEXT(2) 
PARAMETRIC_REPRESENTATION_CONTEXT() REPRESENTATION_CONTEXT('2D SPACE',''
  ) );
#4531 = PCURVE('',#4532,#4537);
#4532 = PLANE('',#4533);
#4533 = AXIS2_PLACEMENT_3D('',#4534,#4535,#4536);
#4534 = CARTESIAN_POINT('',(-85.91347391416,-32.,84.292153570606));
#4535 = DIRECTION('',(0.707106781187,0.,0.707106781187));
#4536 = DIRECTION('',(0.707106781187,0.,-0.707106781187));
#4537 = DEFINITIONAL_REPRESENTATION('',(#4538),#4541);
#4538 = B_SPLINE_CURVE_WITH_KNOTS('',1,(#4539,#4540),.UNSPECIFIED.,.F.,
  .F.,(2,2),(51.174646292646,54.04437687005),.PIECEWISE_BEZIER_KNOTS.);
#4539 = CARTESIAN_POINT('',(129.98528137423,43.599828648065));
#4540 = CARTESIAN_POINT('',(132.64213562373,42.515172442699));
#4541 = ( GEOMETRIC_REPRESENTATION_CONTEXT(2) 
PARAMETRIC_REPRESENTATION_CONTEXT() REPRESENTATION_CONTEXT('2D SPACE',''
  ) );
#4542 = ORIENTED_EDGE('',*,*,#4543,.T.);
#4543 = EDGE_CURVE('',#4518,#4544,#4546,.T.);
#4544 = VERTEX_POINT('',#4545);
#4545 = CARTESIAN_POINT('',(16.12132034356,10.515172442699,-9.5));
#4546 = SURFACE_CURVE('',#4547,(#4551,#4557),.PCURVE_S1.);
#4547 = LINE('',#4548,#4549);
#4548 = CARTESIAN_POINT('',(-19.,10.515172442699,-9.5));
#4549 = VECTOR('',#4550,1.);
#4550 = DIRECTION('',(1.,-0.,0.));
#4551 = PCURVE('',#96,#4552);
#4552 = DEFINITIONAL_REPRESENTATION('',(#4553),#4556);
#4553 = B_SPLINE_CURVE_WITH_KNOTS('',1,(#4554,#4555),.UNSPECIFIED.,.F.,
  .F.,(2,2),(26.87867965644,35.12132034356),.PIECEWISE_BEZIER_KNOTS.);
#4554 = CARTESIAN_POINT('',(5.030344885397,7.87867965644));
#4555 = CARTESIAN_POINT('',(5.030344885397,16.12132034356));
#4556 = ( GEOMETRIC_REPRESENTATION_CONTEXT(2) 
PARAMETRIC_REPRESENTATION_CONTEXT() REPRESENTATION_CONTEXT('2D SPACE',''
  ) );
#4557 = PCURVE('',#4558,#4563);
#4558 = PLANE('',#4559);
#4559 = AXIS2_PLACEMENT_3D('',#4560,#4561,#4562);
#4560 = CARTESIAN_POINT('',(-38.,-32.,-9.5));
#4561 = DIRECTION('',(0.,0.,1.));
#4562 = DIRECTION('',(1.,0.,0.));
#4563 = DEFINITIONAL_REPRESENTATION('',(#4564),#4567);
#4564 = B_SPLINE_CURVE_WITH_KNOTS('',1,(#4565,#4566),.UNSPECIFIED.,.F.,
  .F.,(2,2),(26.87867965644,35.12132034356),.PIECEWISE_BEZIER_KNOTS.);
#4565 = CARTESIAN_POINT('',(45.87867965644,42.515172442699));
#4566 = CARTESIAN_POINT('',(54.12132034356,42.515172442699));
#4567 = ( GEOMETRIC_REPRESENTATION_CONTEXT(2) 
PARAMETRIC_REPRESENTATION_CONTEXT() REPRESENTATION_CONTEXT('2D SPACE',''
  ) );
#4568 = ORIENTED_EDGE('',*,*,#4569,.T.);
#4569 = EDGE_CURVE('',#4544,#4570,#4572,.T.);
#4570 = VERTEX_POINT('',#4571);
#4571 = CARTESIAN_POINT('',(18.,11.599828648065,-7.62132034356));
#4572 = SURFACE_CURVE('',#4573,(#4577,#4583),.PCURVE_S1.);
#4573 = LINE('',#4574,#4575);
#4574 = CARTESIAN_POINT('',(-36.65788459366,-19.95691573542,
    -62.27920493722));
#4575 = VECTOR('',#4576,1.);
#4576 = DIRECTION('',(0.654653670708,0.377964473009,0.654653670708));
#4577 = PCURVE('',#96,#4578);
#4578 = DEFINITIONAL_REPRESENTATION('',(#4579),#4582);
#4579 = B_SPLINE_CURVE_WITH_KNOTS('',1,(#4580,#4581),.UNSPECIFIED.,.F.,
  .F.,(2,2),(80.621567248144,83.491297825548),.PIECEWISE_BEZIER_KNOTS.);
#4580 = CARTESIAN_POINT('',(5.030344885397,16.12132034356));
#4581 = CARTESIAN_POINT('',(7.199657296131,18.));
#4582 = ( GEOMETRIC_REPRESENTATION_CONTEXT(2) 
PARAMETRIC_REPRESENTATION_CONTEXT() REPRESENTATION_CONTEXT('2D SPACE',''
  ) );
#4583 = PCURVE('',#4584,#4589);
#4584 = PLANE('',#4585);
#4585 = AXIS2_PLACEMENT_3D('',#4586,#4587,#4588);
#4586 = CARTESIAN_POINT('',(-83.7921535706,-32.,-109.4134739141));
#4587 = DIRECTION('',(-0.707106781187,0.,0.707106781187));
#4588 = DIRECTION('',(0.707106781187,0.,0.707106781187));
#4589 = DEFINITIONAL_REPRESENTATION('',(#4590),#4593);
#4590 = B_SPLINE_CURVE_WITH_KNOTS('',1,(#4591,#4592),.UNSPECIFIED.,.F.,
  .F.,(2,2),(80.621567248144,83.491297825548),.PIECEWISE_BEZIER_KNOTS.);
#4591 = CARTESIAN_POINT('',(141.29898987322,42.515172442699));
#4592 = CARTESIAN_POINT('',(143.95584412271,43.599828648065));
#4593 = ( GEOMETRIC_REPRESENTATION_CONTEXT(2) 
PARAMETRIC_REPRESENTATION_CONTEXT() REPRESENTATION_CONTEXT('2D SPACE',''
  ) );
#4594 = ORIENTED_EDGE('',*,*,#4595,.T.);
#4595 = EDGE_CURVE('',#4570,#4596,#4598,.T.);
#4596 = VERTEX_POINT('',#4597);
#4597 = CARTESIAN_POINT('',(19.87867965644,10.515172442699,-9.5));
#4598 = SURFACE_CURVE('',#4599,(#4603,#4609),.PCURVE_S1.);
#4599 = LINE('',#4600,#4601);
#4600 = CARTESIAN_POINT('',(-23.21595575694,35.395871799247,
    33.594635413389));
#4601 = VECTOR('',#4602,1.);
#4602 = DIRECTION('',(0.654653670708,-0.377964473009,-0.654653670708));
#4603 = PCURVE('',#96,#4604);
#4604 = DEFINITIONAL_REPRESENTATION('',(#4605),#4608);
#4605 = B_SPLINE_CURVE_WITH_KNOTS('',1,(#4606,#4607),.UNSPECIFIED.,.F.,
  .F.,(2,2),(62.958412365389,65.828142942793),.PIECEWISE_BEZIER_KNOTS.);
#4606 = CARTESIAN_POINT('',(7.199657296131,18.));
#4607 = CARTESIAN_POINT('',(5.030344885397,19.87867965644));
#4608 = ( GEOMETRIC_REPRESENTATION_CONTEXT(2) 
PARAMETRIC_REPRESENTATION_CONTEXT() REPRESENTATION_CONTEXT('2D SPACE',''
  ) );
#4609 = PCURVE('',#4610,#4615);
#4610 = PLANE('',#4611);
#4611 = AXIS2_PLACEMENT_3D('',#4612,#4613,#4614);
#4612 = CARTESIAN_POINT('',(-85.91347391416,-32.,96.292153570606));
#4613 = DIRECTION('',(0.707106781187,0.,0.707106781187));
#4614 = DIRECTION('',(0.707106781187,0.,-0.707106781187));
#4615 = DEFINITIONAL_REPRESENTATION('',(#4616),#4619);
#4616 = B_SPLINE_CURVE_WITH_KNOTS('',1,(#4617,#4618),.UNSPECIFIED.,.F.,
  .F.,(2,2),(62.958412365389,65.828142942793),.PIECEWISE_BEZIER_KNOTS.);
#4617 = CARTESIAN_POINT('',(146.95584412271,43.599828648065));
#4618 = CARTESIAN_POINT('',(149.6126983722,42.515172442699));
#4619 = ( GEOMETRIC_REPRESENTATION_CONTEXT(2) 
PARAMETRIC_REPRESENTATION_CONTEXT() REPRESENTATION_CONTEXT('2D SPACE',''
  ) );
#4620 = ORIENTED_EDGE('',*,*,#4621,.T.);
#4621 = EDGE_CURVE('',#4596,#4622,#4624,.T.);
#4622 = VERTEX_POINT('',#4623);
#4623 = CARTESIAN_POINT('',(28.12132034356,10.515172442699,-9.5));
#4624 = SURFACE_CURVE('',#4625,(#4629,#4635),.PCURVE_S1.);
#4625 = LINE('',#4626,#4627);
#4626 = CARTESIAN_POINT('',(-19.,10.515172442699,-9.5));
#4627 = VECTOR('',#4628,1.);
#4628 = DIRECTION('',(1.,-0.,0.));
#4629 = PCURVE('',#96,#4630);
#4630 = DEFINITIONAL_REPRESENTATION('',(#4631),#4634);
#4631 = B_SPLINE_CURVE_WITH_KNOTS('',1,(#4632,#4633),.UNSPECIFIED.,.F.,
  .F.,(2,2),(38.87867965644,47.12132034356),.PIECEWISE_BEZIER_KNOTS.);
#4632 = CARTESIAN_POINT('',(5.030344885397,19.87867965644));
#4633 = CARTESIAN_POINT('',(5.030344885397,28.12132034356));
#4634 = ( GEOMETRIC_REPRESENTATION_CONTEXT(2) 
PARAMETRIC_REPRESENTATION_CONTEXT() REPRESENTATION_CONTEXT('2D SPACE',''
  ) );
#4635 = PCURVE('',#4636,#4641);
#4636 = PLANE('',#4637);
#4637 = AXIS2_PLACEMENT_3D('',#4638,#4639,#4640);
#4638 = CARTESIAN_POINT('',(-38.,-32.,-9.5));
#4639 = DIRECTION('',(0.,0.,1.));
#4640 = DIRECTION('',(1.,0.,0.));
#4641 = DEFINITIONAL_REPRESENTATION('',(#4642),#4645);
#4642 = B_SPLINE_CURVE_WITH_KNOTS('',1,(#4643,#4644),.UNSPECIFIED.,.F.,
  .F.,(2,2),(38.87867965644,47.12132034356),.PIECEWISE_BEZIER_KNOTS.);
#4643 = CARTESIAN_POINT('',(57.87867965644,42.515172442699));
#4644 = CARTESIAN_POINT('',(66.12132034356,42.515172442699));
#4645 = ( GEOMETRIC_REPRESENTATION_CONTEXT(2) 
PARAMETRIC_REPRESENTATION_CONTEXT() REPRESENTATION_CONTEXT('2D SPACE',''
  ) );
#4646 = ORIENTED_EDGE('',*,*,#4647,.T.);
#4647 = EDGE_CURVE('',#4622,#4648,#4650,.T.);
#4648 = VERTEX_POINT('',#4649);
#4649 = CARTESIAN_POINT('',(30.,11.599828648065,-7.62132034356));
#4650 = SURFACE_CURVE('',#4651,(#4655,#4661),.PCURVE_S1.);
#4651 = LINE('',#4652,#4653);
#4652 = CARTESIAN_POINT('',(-32.37217030795,-24.41076066917,
    -69.99349065151));
#4653 = VECTOR('',#4654,1.);
#4654 = DIRECTION('',(0.654653670708,0.377964473009,0.654653670708));
#4655 = PCURVE('',#96,#4656);
#4656 = DEFINITIONAL_REPRESENTATION('',(#4657),#4660);
#4657 = B_SPLINE_CURVE_WITH_KNOTS('',1,(#4658,#4659),.UNSPECIFIED.,.F.,
  .F.,(2,2),(92.405333320887,95.275063898291),.PIECEWISE_BEZIER_KNOTS.);
#4658 = CARTESIAN_POINT('',(5.030344885397,28.12132034356));
#4659 = CARTESIAN_POINT('',(7.199657296131,30.));
#4660 = ( GEOMETRIC_REPRESENTATION_CONTEXT(2) 
PARAMETRIC_REPRESENTATION_CONTEXT() REPRESENTATION_CONTEXT('2D SPACE',''
  ) );
#4661 = PCURVE('',#4662,#4667);
#4662 = PLANE('',#4663);
#4663 = AXIS2_PLACEMENT_3D('',#4664,#4665,#4666);
#4664 = CARTESIAN_POINT('',(-83.7921535706,-32.,-121.4134739141));
#4665 = DIRECTION('',(-0.707106781187,0.,0.707106781187));
#4666 = DIRECTION('',(0.707106781187,0.,0.707106781187));
#4667 = DEFINITIONAL_REPRESENTATION('',(#4668),#4671);
#4668 = B_SPLINE_CURVE_WITH_KNOTS('',1,(#4669,#4670),.UNSPECIFIED.,.F.,
  .F.,(2,2),(92.405333320887,95.275063898291),.PIECEWISE_BEZIER_KNOTS.);
#4669 = CARTESIAN_POINT('',(158.2695526217,42.515172442699));
#4670 = CARTESIAN_POINT('',(160.92640687119,43.599828648065));
#4671 = ( GEOMETRIC_REPRESENTATION_CONTEXT(2) 
PARAMETRIC_REPRESENTATION_CONTEXT() REPRESENTATION_CONTEXT('2D SPACE',''
  ) );
#4672 = ORIENTED_EDGE('',*,*,#4673,.T.);
#4673 = EDGE_CURVE('',#4648,#4674,#4676,.T.);
#4674 = VERTEX_POINT('',#4675);
#4675 = CARTESIAN_POINT('',(31.87867965644,10.515172442699,-9.5));
#4676 = SURFACE_CURVE('',#4677,(#4681,#4687),.PCURVE_S1.);
#4677 = LINE('',#4678,#4679);
#4678 = CARTESIAN_POINT('',(-18.93024147123,39.849716732996,
    41.308921127675));
#4679 = VECTOR('',#4680,1.);
#4680 = DIRECTION('',(0.654653670708,-0.377964473009,-0.654653670708));
#4681 = PCURVE('',#96,#4682);
#4682 = DEFINITIONAL_REPRESENTATION('',(#4683),#4686);
#4683 = B_SPLINE_CURVE_WITH_KNOTS('',1,(#4684,#4685),.UNSPECIFIED.,.F.,
  .F.,(2,2),(74.742178438133,77.611909015537),.PIECEWISE_BEZIER_KNOTS.);
#4684 = CARTESIAN_POINT('',(7.199657296131,30.));
#4685 = CARTESIAN_POINT('',(5.030344885397,31.87867965644));
#4686 = ( GEOMETRIC_REPRESENTATION_CONTEXT(2) 
PARAMETRIC_REPRESENTATION_CONTEXT() REPRESENTATION_CONTEXT('2D SPACE',''
  ) );
#4687 = PCURVE('',#4688,#4693);
#4688 = PLANE('',#4689);
#4689 = AXIS2_PLACEMENT_3D('',#4690,#4691,#4692);
#4690 = CARTESIAN_POINT('',(-85.91347391416,-32.,108.2921535706));
#4691 = DIRECTION('',(0.707106781187,0.,0.707106781187));
#4692 = DIRECTION('',(0.707106781187,0.,-0.707106781187));
#4693 = DEFINITIONAL_REPRESENTATION('',(#4694),#4697);
#4694 = B_SPLINE_CURVE_WITH_KNOTS('',1,(#4695,#4696),.UNSPECIFIED.,.F.,
  .F.,(2,2),(74.742178438133,77.611909015537),.PIECEWISE_BEZIER_KNOTS.);
#4695 = CARTESIAN_POINT('',(163.92640687119,43.599828648065));
#4696 = CARTESIAN_POINT('',(166.58326112068,42.515172442699));
#4697 = ( GEOMETRIC_REPRESENTATION_CONTEXT(2) 
PARAMETRIC_REPRESENTATION_CONTEXT() REPRESENTATION_CONTEXT('2D SPACE',''
  ) );
#4698 = ORIENTED_EDGE('',*,*,#4699,.T.);
#4699 = EDGE_CURVE('',#4674,#4700,#4702,.T.);
#4700 = VERTEX_POINT('',#4701);
#4701 = CARTESIAN_POINT('',(38.,10.515172442699,-9.5));
#4702 = SURFACE_CURVE('',#4703,(#4707,#4713),.PCURVE_S1.);
#4703 = LINE('',#4704,#4705);
#4704 = CARTESIAN_POINT('',(-19.,10.515172442699,-9.5));
#4705 = VECTOR('',#4706,1.);
#4706 = DIRECTION('',(1.,-0.,0.));
#4707 = PCURVE('',#96,#4708);
#4708 = DEFINITIONAL_REPRESENTATION('',(#4709),#4712);
#4709 = B_SPLINE_CURVE_WITH_KNOTS('',1,(#4710,#4711),.UNSPECIFIED.,.F.,
  .F.,(2,2),(50.87867965644,57.),.PIECEWISE_BEZIER_KNOTS.);
#4710 = CARTESIAN_POINT('',(5.030344885397,31.87867965644));
#4711 = CARTESIAN_POINT('',(5.030344885397,38.));
#4712 = ( GEOMETRIC_REPRESENTATION_CONTEXT(2) 
PARAMETRIC_REPRESENTATION_CONTEXT() REPRESENTATION_CONTEXT('2D SPACE',''
  ) );
#4713 = PCURVE('',#4714,#4719);
#4714 = PLANE('',#4715);
#4715 = AXIS2_PLACEMENT_3D('',#4716,#4717,#4718);
#4716 = CARTESIAN_POINT('',(-38.,-32.,-9.5));
#4717 = DIRECTION('',(0.,0.,1.));
#4718 = DIRECTION('',(1.,0.,0.));
#4719 = DEFINITIONAL_REPRESENTATION('',(#4720),#4723);
#4720 = B_SPLINE_CURVE_WITH_KNOTS('',1,(#4721,#4722),.UNSPECIFIED.,.F.,
  .F.,(2,2),(50.87867965644,57.),.PIECEWISE_BEZIER_KNOTS.);
#4721 = CARTESIAN_POINT('',(69.87867965644,42.515172442699));
#4722 = CARTESIAN_POINT('',(76.,42.515172442699));
#4723 = ( GEOMETRIC_REPRESENTATION_CONTEXT(2) 
PARAMETRIC_REPRESENTATION_CONTEXT() REPRESENTATION_CONTEXT('2D SPACE',''
  ) );
#4724 = ORIENTED_EDGE('',*,*,#4725,.F.);
#4725 = EDGE_CURVE('',#4726,#4700,#4728,.T.);
#4726 = VERTEX_POINT('',#4727);
#4727 = CARTESIAN_POINT('',(38.,11.73991731409,-7.37867965644));
#4728 = SURFACE_CURVE('',#4729,(#4733,#4739),.PCURVE_S1.);
#4729 = LINE('',#4730,#4731);
#4730 = CARTESIAN_POINT('',(38.,3.943189666012,-20.88300807568));
#4731 = VECTOR('',#4732,1.);
#4732 = DIRECTION('',(0.,-0.5,-0.866025403784));
#4733 = PCURVE('',#96,#4734);
#4734 = DEFINITIONAL_REPRESENTATION('',(#4735),#4738);
#4735 = B_SPLINE_CURVE_WITH_KNOTS('',1,(#4736,#4737),.UNSPECIFIED.,.F.,
  .F.,(2,2),(-15.59345529615,-13.14396555337),.PIECEWISE_BEZIER_KNOTS.);
#4736 = CARTESIAN_POINT('',(7.47983462818,38.));
#4737 = CARTESIAN_POINT('',(5.030344885397,38.));
#4738 = ( GEOMETRIC_REPRESENTATION_CONTEXT(2) 
PARAMETRIC_REPRESENTATION_CONTEXT() REPRESENTATION_CONTEXT('2D SPACE',''
  ) );
#4739 = PCURVE('',#4740,#4745);
#4740 = PLANE('',#4741);
#4741 = AXIS2_PLACEMENT_3D('',#4742,#4743,#4744);
#4742 = CARTESIAN_POINT('',(38.,-32.,-9.5));
#4743 = DIRECTION('',(1.,0.,0.));
#4744 = DIRECTION('',(0.,0.,1.));
#4745 = DEFINITIONAL_REPRESENTATION('',(#4746),#4749);
#4746 = B_SPLINE_CURVE_WITH_KNOTS('',1,(#4747,#4748),.UNSPECIFIED.,.F.,
  .F.,(2,2),(-15.59345529615,-13.14396555337),.PIECEWISE_BEZIER_KNOTS.);
#4747 = CARTESIAN_POINT('',(2.12132034356,-43.73991731409));
#4748 = CARTESIAN_POINT('',(1.160571950695E-15,-42.51517244269));
#4749 = ( GEOMETRIC_REPRESENTATION_CONTEXT(2) 
PARAMETRIC_REPRESENTATION_CONTEXT() REPRESENTATION_CONTEXT('2D SPACE',''
  ) );
#4750 = ORIENTED_EDGE('',*,*,#4751,.F.);
#4751 = EDGE_CURVE('',#4752,#4726,#4754,.T.);
#4752 = VERTEX_POINT('',#4753);
#4753 = CARTESIAN_POINT('',(36.,10.585216775711,-9.37867965644));
#4754 = SURFACE_CURVE('',#4755,(#4759,#4765),.PCURVE_S1.);
#4755 = LINE('',#4756,#4757);
#4756 = CARTESIAN_POINT('',(-30.51082212916,-27.81482428458,
    -75.8895017856));
#4757 = VECTOR('',#4758,1.);
#4758 = DIRECTION('',(0.654653670708,0.377964473009,0.654653670708));
#4759 = PCURVE('',#96,#4760);
#4760 = DEFINITIONAL_REPRESENTATION('',(#4761),#4764);
#4761 = B_SPLINE_CURVE_WITH_KNOTS('',1,(#4762,#4763),.UNSPECIFIED.,.F.,
  .F.,(2,2),(101.59695898021,104.65200944351),.PIECEWISE_BEZIER_KNOTS.);
#4762 = CARTESIAN_POINT('',(5.170433551422,36.));
#4763 = CARTESIAN_POINT('',(7.47983462818,38.));
#4764 = ( GEOMETRIC_REPRESENTATION_CONTEXT(2) 
PARAMETRIC_REPRESENTATION_CONTEXT() REPRESENTATION_CONTEXT('2D SPACE',''
  ) );
#4765 = PCURVE('',#4766,#4771);
#4766 = PLANE('',#4767);
#4767 = AXIS2_PLACEMENT_3D('',#4768,#4769,#4770);
#4768 = CARTESIAN_POINT('',(-85.91347391416,-32.,-131.2921535706));
#4769 = DIRECTION('',(-0.707106781187,0.,0.707106781187));
#4770 = DIRECTION('',(0.707106781187,0.,0.707106781187));
#4771 = DEFINITIONAL_REPRESENTATION('',(#4772),#4775);
#4772 = B_SPLINE_CURVE_WITH_KNOTS('',1,(#4773,#4774),.UNSPECIFIED.,.F.,
  .F.,(2,2),(101.59695898021,104.65200944351),.PIECEWISE_BEZIER_KNOTS.);
#4773 = CARTESIAN_POINT('',(172.41168824543,42.585216775711));
#4774 = CARTESIAN_POINT('',(175.24011537017,43.73991731409));
#4775 = ( GEOMETRIC_REPRESENTATION_CONTEXT(2) 
PARAMETRIC_REPRESENTATION_CONTEXT() REPRESENTATION_CONTEXT('2D SPACE',''
  ) );
#4776 = ORIENTED_EDGE('',*,*,#4777,.F.);
#4777 = EDGE_CURVE('',#4778,#4752,#4780,.T.);
#4778 = VERTEX_POINT('',#4779);
#4779 = CARTESIAN_POINT('',(32.12132034356,12.824573519457,-5.5));
#4780 = SURFACE_CURVE('',#4781,(#4785,#4791),.PCURVE_S1.);
#4781 = LINE('',#4782,#4783);
#4782 = CARTESIAN_POINT('',(-16.5058753643,40.899498051332,
    43.127195707869));
#4783 = VECTOR('',#4784,1.);
#4784 = DIRECTION('',(0.654653670708,-0.377964473009,-0.654653670708));
#4785 = PCURVE('',#96,#4786);
#4786 = DEFINITIONAL_REPRESENTATION('',(#4787),#4790);
#4787 = B_SPLINE_CURVE_WITH_KNOTS('',1,(#4788,#4789),.UNSPECIFIED.,.F.,
  .F.,(2,2),(74.279268388247,80.204049428954),.PIECEWISE_BEZIER_KNOTS.);
#4788 = CARTESIAN_POINT('',(9.649147038914,32.12132034356));
#4789 = CARTESIAN_POINT('',(5.170433551422,36.));
#4790 = ( GEOMETRIC_REPRESENTATION_CONTEXT(2) 
PARAMETRIC_REPRESENTATION_CONTEXT() REPRESENTATION_CONTEXT('2D SPACE',''
  ) );
#4791 = PCURVE('',#4792,#4797);
#4792 = PLANE('',#4793);
#4793 = AXIS2_PLACEMENT_3D('',#4794,#4795,#4796);
#4794 = CARTESIAN_POINT('',(-83.7921535706,-32.,110.41347391416));
#4795 = DIRECTION('',(0.707106781187,0.,0.707106781187));
#4796 = DIRECTION('',(0.707106781187,0.,-0.707106781187));
#4797 = DEFINITIONAL_REPRESENTATION('',(#4798),#4801);
#4798 = B_SPLINE_CURVE_WITH_KNOTS('',1,(#4799,#4800),.UNSPECIFIED.,.F.,
  .F.,(2,2),(74.279268388247,80.204049428954),.PIECEWISE_BEZIER_KNOTS.);
#4799 = CARTESIAN_POINT('',(163.92640687119,44.824573519457));
#4800 = CARTESIAN_POINT('',(169.41168824543,42.585216775711));
#4801 = ( GEOMETRIC_REPRESENTATION_CONTEXT(2) 
PARAMETRIC_REPRESENTATION_CONTEXT() REPRESENTATION_CONTEXT('2D SPACE',''
  ) );
#4802 = ORIENTED_EDGE('',*,*,#4803,.T.);
#4803 = EDGE_CURVE('',#4778,#4804,#4806,.T.);
#4804 = VERTEX_POINT('',#4805);
#4805 = CARTESIAN_POINT('',(36.,15.063930263203,-1.62132034356));
#4806 = SURFACE_CURVE('',#4807,(#4811,#4817),.PCURVE_S1.);
#4807 = LINE('',#4808,#4809);
#4808 = CARTESIAN_POINT('',(-32.37217030795,-24.41076066917,
    -69.99349065151));
#4809 = VECTOR('',#4810,1.);
#4810 = DIRECTION('',(0.654653670708,0.377964473009,0.654653670708));
#4811 = PCURVE('',#96,#4812);
#4812 = DEFINITIONAL_REPRESENTATION('',(#4813),#4816);
#4813 = B_SPLINE_CURVE_WITH_KNOTS('',1,(#4814,#4815),.UNSPECIFIED.,.F.,
  .F.,(2,2),(98.515434247495,104.4402152882),.PIECEWISE_BEZIER_KNOTS.);
#4814 = CARTESIAN_POINT('',(9.649147038914,32.12132034356));
#4815 = CARTESIAN_POINT('',(14.127860526406,36.));
#4816 = ( GEOMETRIC_REPRESENTATION_CONTEXT(2) 
PARAMETRIC_REPRESENTATION_CONTEXT() REPRESENTATION_CONTEXT('2D SPACE',''
  ) );
#4817 = PCURVE('',#4818,#4823);
#4818 = PLANE('',#4819);
#4819 = AXIS2_PLACEMENT_3D('',#4820,#4821,#4822);
#4820 = CARTESIAN_POINT('',(-83.7921535706,-32.,-121.4134739141));
#4821 = DIRECTION('',(-0.707106781187,0.,0.707106781187));
#4822 = DIRECTION('',(0.707106781187,0.,0.707106781187));
#4823 = DEFINITIONAL_REPRESENTATION('',(#4824),#4827);
#4824 = B_SPLINE_CURVE_WITH_KNOTS('',1,(#4825,#4826),.UNSPECIFIED.,.F.,
  .F.,(2,2),(98.515434247495,104.4402152882),.PIECEWISE_BEZIER_KNOTS.);
#4825 = CARTESIAN_POINT('',(163.92640687119,44.824573519457));
#4826 = CARTESIAN_POINT('',(169.41168824543,47.063930263203));
#4827 = ( GEOMETRIC_REPRESENTATION_CONTEXT(2) 
PARAMETRIC_REPRESENTATION_CONTEXT() REPRESENTATION_CONTEXT('2D SPACE',''
  ) );
#4828 = ORIENTED_EDGE('',*,*,#4829,.T.);
#4829 = EDGE_CURVE('',#4804,#3897,#4830,.T.);
#4830 = SURFACE_CURVE('',#4831,(#4835,#4841),.PCURVE_S1.);
#4831 = LINE('',#4832,#4833);
#4832 = CARTESIAN_POINT('',(-14.64452718552,44.303561666745,
    49.02320684196));
#4833 = VECTOR('',#4834,1.);
#4834 = DIRECTION('',(0.654653670708,-0.377964473009,-0.654653670708));
#4835 = PCURVE('',#96,#4836);
#4836 = DEFINITIONAL_REPRESENTATION('',(#4837),#4840);
#4837 = B_SPLINE_CURVE_WITH_KNOTS('',1,(#4838,#4839),.UNSPECIFIED.,.F.,
  .F.,(2,2),(77.360793120965,80.415843584269),.PIECEWISE_BEZIER_KNOTS.);
#4838 = CARTESIAN_POINT('',(14.127860526406,36.));
#4839 = CARTESIAN_POINT('',(11.818459449648,38.));
#4840 = ( GEOMETRIC_REPRESENTATION_CONTEXT(2) 
PARAMETRIC_REPRESENTATION_CONTEXT() REPRESENTATION_CONTEXT('2D SPACE',''
  ) );
#4841 = PCURVE('',#3911,#4842);
#4842 = DEFINITIONAL_REPRESENTATION('',(#4843),#4846);
#4843 = B_SPLINE_CURVE_WITH_KNOTS('',1,(#4844,#4845),.UNSPECIFIED.,.F.,
  .F.,(2,2),(77.360793120965,80.415843584269),.PIECEWISE_BEZIER_KNOTS.);
#4844 = CARTESIAN_POINT('',(172.41168824543,47.063930263203));
#4845 = CARTESIAN_POINT('',(175.24011537017,45.909229724824));
#4846 = ( GEOMETRIC_REPRESENTATION_CONTEXT(2) 
PARAMETRIC_REPRESENTATION_CONTEXT() REPRESENTATION_CONTEXT('2D SPACE',''
  ) );
#4847 = ORIENTED_EDGE('',*,*,#3922,.F.);
#4848 = ORIENTED_EDGE('',*,*,#269,.F.);
#4849 = ORIENTED_EDGE('',*,*,#4850,.F.);
#4850 = EDGE_CURVE('',#3968,#228,#4851,.T.);
#4851 = SURFACE_CURVE('',#4852,(#4857,#4864),.PCURVE_S1.);
#4852 = ELLIPSE('',#4853,13.163586137523,11.4);
#4853 = AXIS2_PLACEMENT_3D('',#4854,#4855,#4856);
#4854 = CARTESIAN_POINT('',(60.,16.,-3.5527136788E-15));
#4855 = DIRECTION('',(0.,0.866025403784,-0.5));
#4856 = DIRECTION('',(0.,-0.5,-0.866025403784));
#4857 = PCURVE('',#96,#4858);
#4858 = DEFINITIONAL_REPRESENTATION('',(#4859),#4863);
#4859 = ELLIPSE('',#4860,13.163586137523,11.4);
#4860 = AXIS2_PLACEMENT_2D('',#4861,#4862);
#4861 = CARTESIAN_POINT('',(16.,60.));
#4862 = DIRECTION('',(-1.,0.));
#4863 = ( GEOMETRIC_REPRESENTATION_CONTEXT(2) 
PARAMETRIC_REPRESENTATION_CONTEXT() REPRESENTATION_CONTEXT('2D SPACE',''
  ) );
#4864 = PCURVE('',#244,#4865);
#4865 = DEFINITIONAL_REPRESENTATION('',(#4866),#4883);
#4866 = B_SPLINE_CURVE_WITH_KNOTS('',8,(#4867,#4868,#4869,#4870,#4871,
    #4872,#4873,#4874,#4875,#4876,#4877,#4878,#4879,#4880,#4881,#4882),
  .UNSPECIFIED.,.F.,.F.,(9,7,9),(4.712388980385,6.344109666294,
    7.975830352203),.UNSPECIFIED.);
#4867 = CARTESIAN_POINT('',(6.28318530718,3.));
#4868 = CARTESIAN_POINT('',(6.079220221441,4.342455987584));
#4869 = CARTESIAN_POINT('',(5.875255135703,5.684912395415));
#4870 = CARTESIAN_POINT('',(5.671290049964,6.942262843107));
#4871 = CARTESIAN_POINT('',(5.467324964227,8.029421855447));
#4872 = CARTESIAN_POINT('',(5.263359878486,8.872565798052));
#4873 = CARTESIAN_POINT('',(5.059394792748,9.420706889261));
#4874 = CARTESIAN_POINT('',(4.855429707009,9.651319454205));
#4875 = CARTESIAN_POINT('',(4.447499535532,9.487844087349));
#4876 = CARTESIAN_POINT('',(4.243534449796,9.093756104381));
#4877 = CARTESIAN_POINT('',(4.03956936405,8.392503233259));
#4878 = CARTESIAN_POINT('',(3.835604278333,7.416972292493));
#4879 = CARTESIAN_POINT('',(3.631639192572,6.227140815184));
#4880 = CARTESIAN_POINT('',(3.427674106841,4.903041388918));
#4881 = CARTESIAN_POINT('',(3.2237090211,3.532502515807));
#4882 = CARTESIAN_POINT('',(3.019743935361,2.2));
#4883 = ( GEOMETRIC_REPRESENTATION_CONTEXT(2) 
PARAMETRIC_REPRESENTATION_CONTEXT() REPRESENTATION_CONTEXT('2D SPACE',''
  ) );
#4884 = ADVANCED_FACE('',(#4885),#244,.F.);
#4885 = FACE_BOUND('',#4886,.F.);
#4886 = EDGE_LOOP('',(#4887,#4888,#4889,#4910,#4947,#4984));
#4887 = ORIENTED_EDGE('',*,*,#227,.F.);
#4888 = ORIENTED_EDGE('',*,*,#4850,.F.);
#4889 = ORIENTED_EDGE('',*,*,#4890,.T.);
#4890 = EDGE_CURVE('',#3968,#4891,#4893,.T.);
#4891 = VERTEX_POINT('',#4892);
#4892 = CARTESIAN_POINT('',(60.,-9.418206931238,-11.4));
#4893 = SURFACE_CURVE('',#4894,(#4898,#4904),.PCURVE_S1.);
#4894 = LINE('',#4895,#4896);
#4895 = CARTESIAN_POINT('',(60.,19.,-11.4));
#4896 = VECTOR('',#4897,1.);
#4897 = DIRECTION('',(0.,-1.,2.22044604925E-16));
#4898 = PCURVE('',#244,#4899);
#4899 = DEFINITIONAL_REPRESENTATION('',(#4900),#4903);
#4900 = B_SPLINE_CURVE_WITH_KNOTS('',1,(#4901,#4902),.UNSPECIFIED.,.F.,
  .F.,(2,2),(-5.999999999062E-07,38.0000006),.PIECEWISE_BEZIER_KNOTS.);
#4901 = CARTESIAN_POINT('',(4.712388980385,-5.999999988848E-07));
#4902 = CARTESIAN_POINT('',(4.712388980385,38.0000006));
#4903 = ( GEOMETRIC_REPRESENTATION_CONTEXT(2) 
PARAMETRIC_REPRESENTATION_CONTEXT() REPRESENTATION_CONTEXT('2D SPACE',''
  ) );
#4904 = PCURVE('',#3983,#4905);
#4905 = DEFINITIONAL_REPRESENTATION('',(#4906),#4909);
#4906 = B_SPLINE_CURVE_WITH_KNOTS('',1,(#4907,#4908),.UNSPECIFIED.,.F.,
  .F.,(2,2),(-5.999999999062E-07,38.0000006),.PIECEWISE_BEZIER_KNOTS.);
#4907 = CARTESIAN_POINT('',(19.0000006,-11.4));
#4908 = CARTESIAN_POINT('',(-19.0000006,-11.4));
#4909 = ( GEOMETRIC_REPRESENTATION_CONTEXT(2) 
PARAMETRIC_REPRESENTATION_CONTEXT() REPRESENTATION_CONTEXT('2D SPACE',''
  ) );
#4910 = ORIENTED_EDGE('',*,*,#4911,.F.);
#4911 = EDGE_CURVE('',#4912,#4891,#4914,.T.);
#4912 = VERTEX_POINT('',#4913);
#4913 = CARTESIAN_POINT('',(48.6,-16.,1.959434878636E-15));
#4914 = SURFACE_CURVE('',#4915,(#4920,#4940),.PCURVE_S1.);
#4915 = ELLIPSE('',#4916,13.163586137523,11.4);
#4916 = AXIS2_PLACEMENT_3D('',#4917,#4918,#4919);
#4917 = CARTESIAN_POINT('',(60.,-16.,3.5527136788E-15));
#4918 = DIRECTION('',(0.,-0.866025403784,-0.5));
#4919 = DIRECTION('',(0.,-0.5,0.866025403784));
#4920 = PCURVE('',#244,#4921);
#4921 = DEFINITIONAL_REPRESENTATION('',(#4922),#4939);
#4922 = B_SPLINE_CURVE_WITH_KNOTS('',8,(#4923,#4924,#4925,#4926,#4927,
    #4928,#4929,#4930,#4931,#4932,#4933,#4934,#4935,#4936,#4937,#4938),
  .UNSPECIFIED.,.F.,.F.,(9,7,9),(1.448947608566,3.080668294475,
    4.712388980385),.UNSPECIFIED.);
#4923 = CARTESIAN_POINT('',(3.019743935361,35.8));
#4924 = CARTESIAN_POINT('',(3.2237090211,34.467497484193));
#4925 = CARTESIAN_POINT('',(3.427674106835,33.096958611076));
#4926 = CARTESIAN_POINT('',(3.631639192576,31.772859184705));
#4927 = CARTESIAN_POINT('',(3.835604278307,30.583027707484));
#4928 = CARTESIAN_POINT('',(4.039569364052,29.607496766673));
#4929 = CARTESIAN_POINT('',(4.243534449789,28.906243895605));
#4930 = CARTESIAN_POINT('',(4.447499535532,28.512155912651));
#4931 = CARTESIAN_POINT('',(4.855429707009,28.348680545795));
#4932 = CARTESIAN_POINT('',(5.05939479275,28.579293110712));
#4933 = CARTESIAN_POINT('',(5.263359878465,29.127434201929));
#4934 = CARTESIAN_POINT('',(5.467324964242,29.970578144466));
#4935 = CARTESIAN_POINT('',(5.671290049937,31.057737156907));
#4936 = CARTESIAN_POINT('',(5.875255135706,32.315087604557));
#4937 = CARTESIAN_POINT('',(6.079220221441,33.657544012416));
#4938 = CARTESIAN_POINT('',(6.28318530718,35.));
#4939 = ( GEOMETRIC_REPRESENTATION_CONTEXT(2) 
PARAMETRIC_REPRESENTATION_CONTEXT() REPRESENTATION_CONTEXT('2D SPACE',''
  ) );
#4940 = PCURVE('',#3885,#4941);
#4941 = DEFINITIONAL_REPRESENTATION('',(#4942),#4946);
#4942 = ELLIPSE('',#4943,13.163586137523,11.4);
#4943 = AXIS2_PLACEMENT_2D('',#4944,#4945);
#4944 = CARTESIAN_POINT('',(2.172893762547E-15,60.));
#4945 = DIRECTION('',(-1.,0.));
#4946 = ( GEOMETRIC_REPRESENTATION_CONTEXT(2) 
PARAMETRIC_REPRESENTATION_CONTEXT() REPRESENTATION_CONTEXT('2D SPACE',''
  ) );
#4947 = ORIENTED_EDGE('',*,*,#4948,.F.);
#4948 = EDGE_CURVE('',#4949,#4912,#4951,.T.);
#4949 = VERTEX_POINT('',#4950);
#4950 = CARTESIAN_POINT('',(60.,-9.418206931238,11.4));
#4951 = SURFACE_CURVE('',#4952,(#4957,#4977),.PCURVE_S1.);
#4952 = ELLIPSE('',#4953,13.163586137523,11.4);
#4953 = AXIS2_PLACEMENT_3D('',#4954,#4955,#4956);
#4954 = CARTESIAN_POINT('',(60.,-16.,3.552713678801E-15));
#4955 = DIRECTION('',(0.,-0.866025403784,0.5));
#4956 = DIRECTION('',(0.,-0.5,-0.866025403784));
#4957 = PCURVE('',#244,#4958);
#4958 = DEFINITIONAL_REPRESENTATION('',(#4959),#4976);
#4959 = B_SPLINE_CURVE_WITH_KNOTS('',8,(#4960,#4961,#4962,#4963,#4964,
    #4965,#4966,#4967,#4968,#4969,#4970,#4971,#4972,#4973,#4974,#4975),
  .UNSPECIFIED.,.F.,.F.,(9,7,9),(1.570796326795,3.202517012704,
    4.834237698614),.UNSPECIFIED.);
#4960 = CARTESIAN_POINT('',(0.,35.));
#4961 = CARTESIAN_POINT('',(0.203965085739,33.657544012416));
#4962 = CARTESIAN_POINT('',(0.407930171477,32.315087604562));
#4963 = CARTESIAN_POINT('',(0.611895257214,31.057737156911));
#4964 = CARTESIAN_POINT('',(0.815860342957,29.970578144462));
#4965 = CARTESIAN_POINT('',(1.019825428691,29.127434201924));
#4966 = CARTESIAN_POINT('',(1.223790514432,28.579293110713));
#4967 = CARTESIAN_POINT('',(1.427755600171,28.348680545796));
#4968 = CARTESIAN_POINT('',(1.835685771648,28.512155912651));
#4969 = CARTESIAN_POINT('',(2.039650857385,28.90624389559));
#4970 = CARTESIAN_POINT('',(2.243615943128,29.607496766763));
#4971 = CARTESIAN_POINT('',(2.447581028854,30.58302770731));
#4972 = CARTESIAN_POINT('',(2.651546114605,31.77285918485));
#4973 = CARTESIAN_POINT('',(2.855511200339,33.096958611055));
#4974 = CARTESIAN_POINT('',(3.05947628608,34.467497484193));
#4975 = CARTESIAN_POINT('',(3.263441371819,35.8));
#4976 = ( GEOMETRIC_REPRESENTATION_CONTEXT(2) 
PARAMETRIC_REPRESENTATION_CONTEXT() REPRESENTATION_CONTEXT('2D SPACE',''
  ) );
#4977 = PCURVE('',#1630,#4978);
#4978 = DEFINITIONAL_REPRESENTATION('',(#4979),#4983);
#4979 = ELLIPSE('',#4980,13.163586137523,11.4);
#4980 = AXIS2_PLACEMENT_2D('',#4981,#4982);
#4981 = CARTESIAN_POINT('',(16.,60.));
#4982 = DIRECTION('',(1.,0.));
#4983 = ( GEOMETRIC_REPRESENTATION_CONTEXT(2) 
PARAMETRIC_REPRESENTATION_CONTEXT() REPRESENTATION_CONTEXT('2D SPACE',''
  ) );
#4984 = ORIENTED_EDGE('',*,*,#4985,.F.);
#4985 = EDGE_CURVE('',#200,#4949,#4986,.T.);
#4986 = SURFACE_CURVE('',#4987,(#4991,#4997),.PCURVE_S1.);
#4987 = LINE('',#4988,#4989);
#4988 = CARTESIAN_POINT('',(60.,19.,11.4));
#4989 = VECTOR('',#4990,1.);
#4990 = DIRECTION('',(0.,-1.,2.22044604925E-16));
#4991 = PCURVE('',#244,#4992);
#4992 = DEFINITIONAL_REPRESENTATION('',(#4993),#4996);
#4993 = B_SPLINE_CURVE_WITH_KNOTS('',1,(#4994,#4995),.UNSPECIFIED.,.F.,
  .F.,(2,2),(-5.999999999062E-07,38.0000006),.PIECEWISE_BEZIER_KNOTS.);
#4994 = CARTESIAN_POINT('',(1.570796326795,-6.000000009276E-07));
#4995 = CARTESIAN_POINT('',(1.570796326795,38.0000006));
#4996 = ( GEOMETRIC_REPRESENTATION_CONTEXT(2) 
PARAMETRIC_REPRESENTATION_CONTEXT() REPRESENTATION_CONTEXT('2D SPACE',''
  ) );
#4997 = PCURVE('',#215,#4998);
#4998 = DEFINITIONAL_REPRESENTATION('',(#4999),#5002);
#4999 = B_SPLINE_CURVE_WITH_KNOTS('',1,(#5000,#5001),.UNSPECIFIED.,.F.,
  .F.,(2,2),(-5.999999999062E-07,38.0000006),.PIECEWISE_BEZIER_KNOTS.);
#5000 = CARTESIAN_POINT('',(19.0000006,11.4));
#5001 = CARTESIAN_POINT('',(-19.0000006,11.4));
#5002 = ( GEOMETRIC_REPRESENTATION_CONTEXT(2) 
PARAMETRIC_REPRESENTATION_CONTEXT() REPRESENTATION_CONTEXT('2D SPACE',''
  ) );
#5003 = ADVANCED_FACE('',(#5004),#215,.T.);
#5004 = FACE_BOUND('',#5005,.T.);
#5005 = EDGE_LOOP('',(#5006,#5007,#5008,#5031));
#5006 = ORIENTED_EDGE('',*,*,#4985,.F.);
#5007 = ORIENTED_EDGE('',*,*,#199,.T.);
#5008 = ORIENTED_EDGE('',*,*,#5009,.T.);
#5009 = EDGE_CURVE('',#172,#5010,#5012,.T.);
#5010 = VERTEX_POINT('',#5011);
#5011 = CARTESIAN_POINT('',(60.,-8.,13.856406460551));
#5012 = SURFACE_CURVE('',#5013,(#5017,#5024),.PCURVE_S1.);
#5013 = LINE('',#5014,#5015);
#5014 = CARTESIAN_POINT('',(60.,8.,13.856406460551));
#5015 = VECTOR('',#5016,1.);
#5016 = DIRECTION('',(0.,-1.,1.110223024625E-16));
#5017 = PCURVE('',#215,#5018);
#5018 = DEFINITIONAL_REPRESENTATION('',(#5019),#5023);
#5019 = LINE('',#5020,#5021);
#5020 = CARTESIAN_POINT('',(8.,13.856406460551));
#5021 = VECTOR('',#5022,1.);
#5022 = DIRECTION('',(-1.,1.110223024625E-16));
#5023 = ( GEOMETRIC_REPRESENTATION_CONTEXT(2) 
PARAMETRIC_REPRESENTATION_CONTEXT() REPRESENTATION_CONTEXT('2D SPACE',''
  ) );
#5024 = PCURVE('',#187,#5025);
#5025 = DEFINITIONAL_REPRESENTATION('',(#5026),#5030);
#5026 = LINE('',#5027,#5028);
#5027 = CARTESIAN_POINT('',(0.,60.));
#5028 = VECTOR('',#5029,1.);
#5029 = DIRECTION('',(1.,0.));
#5030 = ( GEOMETRIC_REPRESENTATION_CONTEXT(2) 
PARAMETRIC_REPRESENTATION_CONTEXT() REPRESENTATION_CONTEXT('2D SPACE',''
  ) );
#5031 = ORIENTED_EDGE('',*,*,#5032,.T.);
#5032 = EDGE_CURVE('',#5010,#4949,#5033,.T.);
#5033 = SURFACE_CURVE('',#5034,(#5038,#5045),.PCURVE_S1.);
#5034 = LINE('',#5035,#5036);
#5035 = CARTESIAN_POINT('',(60.,-8.,13.856406460551));
#5036 = VECTOR('',#5037,1.);
#5037 = DIRECTION('',(0.,-0.5,-0.866025403784));
#5038 = PCURVE('',#215,#5039);
#5039 = DEFINITIONAL_REPRESENTATION('',(#5040),#5044);
#5040 = LINE('',#5041,#5042);
#5041 = CARTESIAN_POINT('',(-8.,13.856406460551));
#5042 = VECTOR('',#5043,1.);
#5043 = DIRECTION('',(-0.5,-0.866025403784));
#5044 = ( GEOMETRIC_REPRESENTATION_CONTEXT(2) 
PARAMETRIC_REPRESENTATION_CONTEXT() REPRESENTATION_CONTEXT('2D SPACE',''
  ) );
#5045 = PCURVE('',#1630,#5046);
#5046 = DEFINITIONAL_REPRESENTATION('',(#5047),#5051);
#5047 = LINE('',#5048,#5049);
#5048 = CARTESIAN_POINT('',(0.,60.));
#5049 = VECTOR('',#5050,1.);
#5050 = DIRECTION('',(1.,0.));
#5051 = ( GEOMETRIC_REPRESENTATION_CONTEXT(2) 
PARAMETRIC_REPRESENTATION_CONTEXT() REPRESENTATION_CONTEXT('2D SPACE',''
  ) );
#5052 = ADVANCED_FACE('',(#5053,#5101,#5207),#187,.T.);
#5053 = FACE_BOUND('',#5054,.T.);
#5054 = EDGE_LOOP('',(#5055,#5056,#5079,#5100));
#5055 = ORIENTED_EDGE('',*,*,#171,.F.);
#5056 = ORIENTED_EDGE('',*,*,#5057,.T.);
#5057 = EDGE_CURVE('',#144,#5058,#5060,.T.);
#5058 = VERTEX_POINT('',#5059);
#5059 = CARTESIAN_POINT('',(-60.,-8.,13.856406460551));
#5060 = SURFACE_CURVE('',#5061,(#5065,#5072),.PCURVE_S1.);
#5061 = LINE('',#5062,#5063);
#5062 = CARTESIAN_POINT('',(-60.,8.,13.856406460551));
#5063 = VECTOR('',#5064,1.);
#5064 = DIRECTION('',(0.,-1.,1.110223024625E-16));
#5065 = PCURVE('',#187,#5066);
#5066 = DEFINITIONAL_REPRESENTATION('',(#5067),#5071);
#5067 = LINE('',#5068,#5069);
#5068 = CARTESIAN_POINT('',(0.,-60.));
#5069 = VECTOR('',#5070,1.);
#5070 = DIRECTION('',(1.,0.));
#5071 = ( GEOMETRIC_REPRESENTATION_CONTEXT(2) 
PARAMETRIC_REPRESENTATION_CONTEXT() REPRESENTATION_CONTEXT('2D SPACE',''
  ) );
#5072 = PCURVE('',#159,#5073);
#5073 = DEFINITIONAL_REPRESENTATION('',(#5074),#5078);
#5074 = LINE('',#5075,#5076);
#5075 = CARTESIAN_POINT('',(8.,13.856406460551));
#5076 = VECTOR('',#5077,1.);
#5077 = DIRECTION('',(-1.,1.110223024625E-16));
#5078 = ( GEOMETRIC_REPRESENTATION_CONTEXT(2) 
PARAMETRIC_REPRESENTATION_CONTEXT() REPRESENTATION_CONTEXT('2D SPACE',''
  ) );
#5079 = ORIENTED_EDGE('',*,*,#5080,.T.);
#5080 = EDGE_CURVE('',#5058,#5010,#5081,.T.);
#5081 = SURFACE_CURVE('',#5082,(#5086,#5093),.PCURVE_S1.);
#5082 = LINE('',#5083,#5084);
#5083 = CARTESIAN_POINT('',(-60.,-8.,13.856406460551));
#5084 = VECTOR('',#5085,1.);
#5085 = DIRECTION('',(1.,0.,0.));
#5086 = PCURVE('',#187,#5087);
#5087 = DEFINITIONAL_REPRESENTATION('',(#5088),#5092);
#5088 = LINE('',#5089,#5090);
#5089 = CARTESIAN_POINT('',(16.,-60.));
#5090 = VECTOR('',#5091,1.);
#5091 = DIRECTION('',(0.,1.));
#5092 = ( GEOMETRIC_REPRESENTATION_CONTEXT(2) 
PARAMETRIC_REPRESENTATION_CONTEXT() REPRESENTATION_CONTEXT('2D SPACE',''
  ) );
#5093 = PCURVE('',#1630,#5094);
#5094 = DEFINITIONAL_REPRESENTATION('',(#5095),#5099);
#5095 = LINE('',#5096,#5097);
#5096 = CARTESIAN_POINT('',(-0.,-60.));
#5097 = VECTOR('',#5098,1.);
#5098 = DIRECTION('',(0.,1.));
#5099 = ( GEOMETRIC_REPRESENTATION_CONTEXT(2) 
PARAMETRIC_REPRESENTATION_CONTEXT() REPRESENTATION_CONTEXT('2D SPACE',''
  ) );
#5100 = ORIENTED_EDGE('',*,*,#5009,.F.);
#5101 = FACE_BOUND('',#5102,.T.);
#5102 = EDGE_LOOP('',(#5103,#5131,#5157,#5183));
#5103 = ORIENTED_EDGE('',*,*,#5104,.T.);
#5104 = EDGE_CURVE('',#5105,#5107,#5109,.T.);
#5105 = VERTEX_POINT('',#5106);
#5106 = CARTESIAN_POINT('',(-42.5,-3.,13.856406460551));
#5107 = VERTEX_POINT('',#5108);
#5108 = CARTESIAN_POINT('',(-45.5,-3.,13.856406460551));
#5109 = SURFACE_CURVE('',#5110,(#5114,#5120),.PCURVE_S1.);
#5110 = LINE('',#5111,#5112);
#5111 = CARTESIAN_POINT('',(-22.75,-3.,13.856406460551));
#5112 = VECTOR('',#5113,1.);
#5113 = DIRECTION('',(-1.,0.,-0.));
#5114 = PCURVE('',#187,#5115);
#5115 = DEFINITIONAL_REPRESENTATION('',(#5116),#5119);
#5116 = B_SPLINE_CURVE_WITH_KNOTS('',1,(#5117,#5118),.UNSPECIFIED.,.F.,
  .F.,(2,2),(19.75,22.75),.PIECEWISE_BEZIER_KNOTS.);
#5117 = CARTESIAN_POINT('',(11.,-42.5));
#5118 = CARTESIAN_POINT('',(11.,-45.5));
#5119 = ( GEOMETRIC_REPRESENTATION_CONTEXT(2) 
PARAMETRIC_REPRESENTATION_CONTEXT() REPRESENTATION_CONTEXT('2D SPACE',''
  ) );
#5120 = PCURVE('',#5121,#5126);
#5121 = PLANE('',#5122);
#5122 = AXIS2_PLACEMENT_3D('',#5123,#5124,#5125);
#5123 = CARTESIAN_POINT('',(-45.5,-3.,-19.));
#5124 = DIRECTION('',(0.,1.,0.));
#5125 = DIRECTION('',(0.,0.,1.));
#5126 = DEFINITIONAL_REPRESENTATION('',(#5127),#5130);
#5127 = B_SPLINE_CURVE_WITH_KNOTS('',1,(#5128,#5129),.UNSPECIFIED.,.F.,
  .F.,(2,2),(19.75,22.75),.PIECEWISE_BEZIER_KNOTS.);
#5128 = CARTESIAN_POINT('',(32.856406460551,3.));
#5129 = CARTESIAN_POINT('',(32.856406460551,0.));
#5130 = ( GEOMETRIC_REPRESENTATION_CONTEXT(2) 
PARAMETRIC_REPRESENTATION_CONTEXT() REPRESENTATION_CONTEXT('2D SPACE',''
  ) );
#5131 = ORIENTED_EDGE('',*,*,#5132,.T.);
#5132 = EDGE_CURVE('',#5107,#5133,#5135,.T.);
#5133 = VERTEX_POINT('',#5134);
#5134 = CARTESIAN_POINT('',(-45.5,3.,13.856406460551));
#5135 = SURFACE_CURVE('',#5136,(#5140,#5146),.PCURVE_S1.);
#5136 = LINE('',#5137,#5138);
#5137 = CARTESIAN_POINT('',(-45.5,2.5,13.856406460551));
#5138 = VECTOR('',#5139,1.);
#5139 = DIRECTION('',(0.,1.,-1.110223024625E-16));
#5140 = PCURVE('',#187,#5141);
#5141 = DEFINITIONAL_REPRESENTATION('',(#5142),#5145);
#5142 = B_SPLINE_CURVE_WITH_KNOTS('',1,(#5143,#5144),.UNSPECIFIED.,.F.,
  .F.,(2,2),(-5.5,0.5),.PIECEWISE_BEZIER_KNOTS.);
#5143 = CARTESIAN_POINT('',(11.,-45.5));
#5144 = CARTESIAN_POINT('',(5.,-45.5));
#5145 = ( GEOMETRIC_REPRESENTATION_CONTEXT(2) 
PARAMETRIC_REPRESENTATION_CONTEXT() REPRESENTATION_CONTEXT('2D SPACE',''
  ) );
#5146 = PCURVE('',#5147,#5152);
#5147 = PLANE('',#5148);
#5148 = AXIS2_PLACEMENT_3D('',#5149,#5150,#5151);
#5149 = CARTESIAN_POINT('',(-45.5,-3.,-19.));
#5150 = DIRECTION('',(1.,0.,0.));
#5151 = DIRECTION('',(0.,0.,1.));
#5152 = DEFINITIONAL_REPRESENTATION('',(#5153),#5156);
#5153 = B_SPLINE_CURVE_WITH_KNOTS('',1,(#5154,#5155),.UNSPECIFIED.,.F.,
  .F.,(2,2),(-5.5,0.5),.PIECEWISE_BEZIER_KNOTS.);
#5154 = CARTESIAN_POINT('',(32.856406460551,0.));
#5155 = CARTESIAN_POINT('',(32.856406460551,-6.));
#5156 = ( GEOMETRIC_REPRESENTATION_CONTEXT(2) 
PARAMETRIC_REPRESENTATION_CONTEXT() REPRESENTATION_CONTEXT('2D SPACE',''
  ) );
#5157 = ORIENTED_EDGE('',*,*,#5158,.F.);
#5158 = EDGE_CURVE('',#5159,#5133,#5161,.T.);
#5159 = VERTEX_POINT('',#5160);
#5160 = CARTESIAN_POINT('',(-42.5,3.,13.856406460551));
#5161 = SURFACE_CURVE('',#5162,(#5166,#5172),.PCURVE_S1.);
#5162 = LINE('',#5163,#5164);
#5163 = CARTESIAN_POINT('',(-22.75,3.,13.856406460551));
#5164 = VECTOR('',#5165,1.);
#5165 = DIRECTION('',(-1.,0.,-0.));
#5166 = PCURVE('',#187,#5167);
#5167 = DEFINITIONAL_REPRESENTATION('',(#5168),#5171);
#5168 = B_SPLINE_CURVE_WITH_KNOTS('',1,(#5169,#5170),.UNSPECIFIED.,.F.,
  .F.,(2,2),(19.75,22.75),.PIECEWISE_BEZIER_KNOTS.);
#5169 = CARTESIAN_POINT('',(5.,-42.5));
#5170 = CARTESIAN_POINT('',(5.,-45.5));
#5171 = ( GEOMETRIC_REPRESENTATION_CONTEXT(2) 
PARAMETRIC_REPRESENTATION_CONTEXT() REPRESENTATION_CONTEXT('2D SPACE',''
  ) );
#5172 = PCURVE('',#5173,#5178);
#5173 = PLANE('',#5174);
#5174 = AXIS2_PLACEMENT_3D('',#5175,#5176,#5177);
#5175 = CARTESIAN_POINT('',(-45.5,3.,-19.));
#5176 = DIRECTION('',(0.,1.,0.));
#5177 = DIRECTION('',(0.,0.,1.));
#5178 = DEFINITIONAL_REPRESENTATION('',(#5179),#5182);
#5179 = B_SPLINE_CURVE_WITH_KNOTS('',1,(#5180,#5181),.UNSPECIFIED.,.F.,
  .F.,(2,2),(19.75,22.75),.PIECEWISE_BEZIER_KNOTS.);
#5180 = CARTESIAN_POINT('',(32.856406460551,3.));
#5181 = CARTESIAN_POINT('',(32.856406460551,0.));
#5182 = ( GEOMETRIC_REPRESENTATION_CONTEXT(2) 
PARAMETRIC_REPRESENTATION_CONTEXT() REPRESENTATION_CONTEXT('2D SPACE',''
  ) );
#5183 = ORIENTED_EDGE('',*,*,#5184,.F.);
#5184 = EDGE_CURVE('',#5105,#5159,#5185,.T.);
#5185 = SURFACE_CURVE('',#5186,(#5190,#5196),.PCURVE_S1.);
#5186 = LINE('',#5187,#5188);
#5187 = CARTESIAN_POINT('',(-42.5,2.5,13.856406460551));
#5188 = VECTOR('',#5189,1.);
#5189 = DIRECTION('',(0.,1.,-1.110223024625E-16));
#5190 = PCURVE('',#187,#5191);
#5191 = DEFINITIONAL_REPRESENTATION('',(#5192),#5195);
#5192 = B_SPLINE_CURVE_WITH_KNOTS('',1,(#5193,#5194),.UNSPECIFIED.,.F.,
  .F.,(2,2),(-5.5,0.5),.PIECEWISE_BEZIER_KNOTS.);
#5193 = CARTESIAN_POINT('',(11.,-42.5));
#5194 = CARTESIAN_POINT('',(5.,-42.5));
#5195 = ( GEOMETRIC_REPRESENTATION_CONTEXT(2) 
PARAMETRIC_REPRESENTATION_CONTEXT() REPRESENTATION_CONTEXT('2D SPACE',''
  ) );
#5196 = PCURVE('',#5197,#5202);
#5197 = PLANE('',#5198);
#5198 = AXIS2_PLACEMENT_3D('',#5199,#5200,#5201);
#5199 = CARTESIAN_POINT('',(-42.5,-3.,-19.));
#5200 = DIRECTION('',(1.,0.,0.));
#5201 = DIRECTION('',(0.,0.,1.));
#5202 = DEFINITIONAL_REPRESENTATION('',(#5203),#5206);
#5203 = B_SPLINE_CURVE_WITH_KNOTS('',1,(#5204,#5205),.UNSPECIFIED.,.F.,
  .F.,(2,2),(-5.5,0.5),.PIECEWISE_BEZIER_KNOTS.);
#5204 = CARTESIAN_POINT('',(32.856406460551,0.));
#5205 = CARTESIAN_POINT('',(32.856406460551,-6.));
#5206 = ( GEOMETRIC_REPRESENTATION_CONTEXT(2) 
PARAMETRIC_REPRESENTATION_CONTEXT() REPRESENTATION_CONTEXT('2D SPACE',''
  ) );
#5207 = FACE_BOUND('',#5208,.T.);
#5208 = EDGE_LOOP('',(#5209,#5237,#5263,#5289));
#5209 = ORIENTED_EDGE('',*,*,#5210,.T.);
#5210 = EDGE_CURVE('',#5211,#5213,#5215,.T.);
#5211 = VERTEX_POINT('',#5212);
#5212 = CARTESIAN_POINT('',(45.5,-3.,13.856406460551));
#5213 = VERTEX_POINT('',#5214);
#5214 = CARTESIAN_POINT('',(42.5,-3.,13.856406460551));
#5215 = SURFACE_CURVE('',#5216,(#5220,#5226),.PCURVE_S1.);
#5216 = LINE('',#5217,#5218);
#5217 = CARTESIAN_POINT('',(21.25,-3.,13.856406460551));
#5218 = VECTOR('',#5219,1.);
#5219 = DIRECTION('',(-1.,0.,-0.));
#5220 = PCURVE('',#187,#5221);
#5221 = DEFINITIONAL_REPRESENTATION('',(#5222),#5225);
#5222 = B_SPLINE_CURVE_WITH_KNOTS('',1,(#5223,#5224),.UNSPECIFIED.,.F.,
  .F.,(2,2),(-24.25,-21.25),.PIECEWISE_BEZIER_KNOTS.);
#5223 = CARTESIAN_POINT('',(11.,45.5));
#5224 = CARTESIAN_POINT('',(11.,42.5));
#5225 = ( GEOMETRIC_REPRESENTATION_CONTEXT(2) 
PARAMETRIC_REPRESENTATION_CONTEXT() REPRESENTATION_CONTEXT('2D SPACE',''
  ) );
#5226 = PCURVE('',#5227,#5232);
#5227 = PLANE('',#5228);
#5228 = AXIS2_PLACEMENT_3D('',#5229,#5230,#5231);
#5229 = CARTESIAN_POINT('',(42.5,-3.,-19.));
#5230 = DIRECTION('',(0.,1.,0.));
#5231 = DIRECTION('',(0.,0.,1.));
#5232 = DEFINITIONAL_REPRESENTATION('',(#5233),#5236);
#5233 = B_SPLINE_CURVE_WITH_KNOTS('',1,(#5234,#5235),.UNSPECIFIED.,.F.,
  .F.,(2,2),(-24.25,-21.25),.PIECEWISE_BEZIER_KNOTS.);
#5234 = CARTESIAN_POINT('',(32.856406460551,3.));
#5235 = CARTESIAN_POINT('',(32.856406460551,0.));
#5236 = ( GEOMETRIC_REPRESENTATION_CONTEXT(2) 
PARAMETRIC_REPRESENTATION_CONTEXT() REPRESENTATION_CONTEXT('2D SPACE',''
  ) );
#5237 = ORIENTED_EDGE('',*,*,#5238,.T.);
#5238 = EDGE_CURVE('',#5213,#5239,#5241,.T.);
#5239 = VERTEX_POINT('',#5240);
#5240 = CARTESIAN_POINT('',(42.5,3.,13.856406460551));
#5241 = SURFACE_CURVE('',#5242,(#5246,#5252),.PCURVE_S1.);
#5242 = LINE('',#5243,#5244);
#5243 = CARTESIAN_POINT('',(42.5,2.5,13.856406460551));
#5244 = VECTOR('',#5245,1.);
#5245 = DIRECTION('',(0.,1.,-1.110223024625E-16));
#5246 = PCURVE('',#187,#5247);
#5247 = DEFINITIONAL_REPRESENTATION('',(#5248),#5251);
#5248 = B_SPLINE_CURVE_WITH_KNOTS('',1,(#5249,#5250),.UNSPECIFIED.,.F.,
  .F.,(2,2),(-5.5,0.5),.PIECEWISE_BEZIER_KNOTS.);
#5249 = CARTESIAN_POINT('',(11.,42.5));
#5250 = CARTESIAN_POINT('',(5.,42.5));
#5251 = ( GEOMETRIC_REPRESENTATION_CONTEXT(2) 
PARAMETRIC_REPRESENTATION_CONTEXT() REPRESENTATION_CONTEXT('2D SPACE',''
  ) );
#5252 = PCURVE('',#5253,#5258);
#5253 = PLANE('',#5254);
#5254 = AXIS2_PLACEMENT_3D('',#5255,#5256,#5257);
#5255 = CARTESIAN_POINT('',(42.5,-3.,-19.));
#5256 = DIRECTION('',(1.,0.,0.));
#5257 = DIRECTION('',(0.,0.,1.));
#5258 = DEFINITIONAL_REPRESENTATION('',(#5259),#5262);
#5259 = B_SPLINE_CURVE_WITH_KNOTS('',1,(#5260,#5261),.UNSPECIFIED.,.F.,
  .F.,(2,2),(-5.5,0.5),.PIECEWISE_BEZIER_KNOTS.);
#5260 = CARTESIAN_POINT('',(32.856406460551,0.));
#5261 = CARTESIAN_POINT('',(32.856406460551,-6.));
#5262 = ( GEOMETRIC_REPRESENTATION_CONTEXT(2) 
PARAMETRIC_REPRESENTATION_CONTEXT() REPRESENTATION_CONTEXT('2D SPACE',''
  ) );
#5263 = ORIENTED_EDGE('',*,*,#5264,.F.);
#5264 = EDGE_CURVE('',#5265,#5239,#5267,.T.);
#5265 = VERTEX_POINT('',#5266);
#5266 = CARTESIAN_POINT('',(45.5,3.,13.856406460551));
#5267 = SURFACE_CURVE('',#5268,(#5272,#5278),.PCURVE_S1.);
#5268 = LINE('',#5269,#5270);
#5269 = CARTESIAN_POINT('',(21.25,3.,13.856406460551));
#5270 = VECTOR('',#5271,1.);
#5271 = DIRECTION('',(-1.,0.,-0.));
#5272 = PCURVE('',#187,#5273);
#5273 = DEFINITIONAL_REPRESENTATION('',(#5274),#5277);
#5274 = B_SPLINE_CURVE_WITH_KNOTS('',1,(#5275,#5276),.UNSPECIFIED.,.F.,
  .F.,(2,2),(-24.25,-21.25),.PIECEWISE_BEZIER_KNOTS.);
#5275 = CARTESIAN_POINT('',(5.,45.5));
#5276 = CARTESIAN_POINT('',(5.,42.5));
#5277 = ( GEOMETRIC_REPRESENTATION_CONTEXT(2) 
PARAMETRIC_REPRESENTATION_CONTEXT() REPRESENTATION_CONTEXT('2D SPACE',''
  ) );
#5278 = PCURVE('',#5279,#5284);
#5279 = PLANE('',#5280);
#5280 = AXIS2_PLACEMENT_3D('',#5281,#5282,#5283);
#5281 = CARTESIAN_POINT('',(42.5,3.,-19.));
#5282 = DIRECTION('',(0.,1.,0.));
#5283 = DIRECTION('',(0.,0.,1.));
#5284 = DEFINITIONAL_REPRESENTATION('',(#5285),#5288);
#5285 = B_SPLINE_CURVE_WITH_KNOTS('',1,(#5286,#5287),.UNSPECIFIED.,.F.,
  .F.,(2,2),(-24.25,-21.25),.PIECEWISE_BEZIER_KNOTS.);
#5286 = CARTESIAN_POINT('',(32.856406460551,3.));
#5287 = CARTESIAN_POINT('',(32.856406460551,0.));
#5288 = ( GEOMETRIC_REPRESENTATION_CONTEXT(2) 
PARAMETRIC_REPRESENTATION_CONTEXT() REPRESENTATION_CONTEXT('2D SPACE',''
  ) );
#5289 = ORIENTED_EDGE('',*,*,#5290,.F.);
#5290 = EDGE_CURVE('',#5211,#5265,#5291,.T.);
#5291 = SURFACE_CURVE('',#5292,(#5296,#5302),.PCURVE_S1.);
#5292 = LINE('',#5293,#5294);
#5293 = CARTESIAN_POINT('',(45.5,2.5,13.856406460551));
#5294 = VECTOR('',#5295,1.);
#5295 = DIRECTION('',(0.,1.,-1.110223024625E-16));
#5296 = PCURVE('',#187,#5297);
#5297 = DEFINITIONAL_REPRESENTATION('',(#5298),#5301);
#5298 = B_SPLINE_CURVE_WITH_KNOTS('',1,(#5299,#5300),.UNSPECIFIED.,.F.,
  .F.,(2,2),(-5.5,0.5),.PIECEWISE_BEZIER_KNOTS.);
#5299 = CARTESIAN_POINT('',(11.,45.5));
#5300 = CARTESIAN_POINT('',(5.,45.5));
#5301 = ( GEOMETRIC_REPRESENTATION_CONTEXT(2) 
PARAMETRIC_REPRESENTATION_CONTEXT() REPRESENTATION_CONTEXT('2D SPACE',''
  ) );
#5302 = PCURVE('',#5303,#5308);
#5303 = PLANE('',#5304);
#5304 = AXIS2_PLACEMENT_3D('',#5305,#5306,#5307);
#5305 = CARTESIAN_POINT('',(45.5,-3.,-19.));
#5306 = DIRECTION('',(1.,0.,0.));
#5307 = DIRECTION('',(0.,0.,1.));
#5308 = DEFINITIONAL_REPRESENTATION('',(#5309),#5312);
#5309 = B_SPLINE_CURVE_WITH_KNOTS('',1,(#5310,#5311),.UNSPECIFIED.,.F.,
  .F.,(2,2),(-5.5,0.5),.PIECEWISE_BEZIER_KNOTS.);
#5310 = CARTESIAN_POINT('',(32.856406460551,0.));
#5311 = CARTESIAN_POINT('',(32.856406460551,-6.));
#5312 = ( GEOMETRIC_REPRESENTATION_CONTEXT(2) 
PARAMETRIC_REPRESENTATION_CONTEXT() REPRESENTATION_CONTEXT('2D SPACE',''
  ) );
#5313 = ADVANCED_FACE('',(#5314),#159,.F.);
#5314 = FACE_BOUND('',#5315,.F.);
#5315 = EDGE_LOOP('',(#5316,#5337,#5338,#5339));
#5316 = ORIENTED_EDGE('',*,*,#5317,.F.);
#5317 = EDGE_CURVE('',#109,#5318,#5320,.T.);
#5318 = VERTEX_POINT('',#5319);
#5319 = CARTESIAN_POINT('',(-60.,-9.418206931238,11.4));
#5320 = SURFACE_CURVE('',#5321,(#5325,#5331),.PCURVE_S1.);
#5321 = LINE('',#5322,#5323);
#5322 = CARTESIAN_POINT('',(-60.,19.,11.4));
#5323 = VECTOR('',#5324,1.);
#5324 = DIRECTION('',(0.,-1.,2.22044604925E-16));
#5325 = PCURVE('',#159,#5326);
#5326 = DEFINITIONAL_REPRESENTATION('',(#5327),#5330);
#5327 = B_SPLINE_CURVE_WITH_KNOTS('',1,(#5328,#5329),.UNSPECIFIED.,.F.,
  .F.,(2,2),(-5.999999999062E-07,38.0000006),.PIECEWISE_BEZIER_KNOTS.);
#5328 = CARTESIAN_POINT('',(19.0000006,11.4));
#5329 = CARTESIAN_POINT('',(-19.0000006,11.4));
#5330 = ( GEOMETRIC_REPRESENTATION_CONTEXT(2) 
PARAMETRIC_REPRESENTATION_CONTEXT() REPRESENTATION_CONTEXT('2D SPACE',''
  ) );
#5331 = PCURVE('',#125,#5332);
#5332 = DEFINITIONAL_REPRESENTATION('',(#5333),#5336);
#5333 = B_SPLINE_CURVE_WITH_KNOTS('',1,(#5334,#5335),.UNSPECIFIED.,.F.,
  .F.,(2,2),(9.581793068762,28.418206931238),.PIECEWISE_BEZIER_KNOTS.);
#5334 = CARTESIAN_POINT('',(7.853981633974,9.581793068762));
#5335 = CARTESIAN_POINT('',(7.853981633974,28.418206931238));
#5336 = ( GEOMETRIC_REPRESENTATION_CONTEXT(2) 
PARAMETRIC_REPRESENTATION_CONTEXT() REPRESENTATION_CONTEXT('2D SPACE',''
  ) );
#5337 = ORIENTED_EDGE('',*,*,#143,.T.);
#5338 = ORIENTED_EDGE('',*,*,#5057,.T.);
#5339 = ORIENTED_EDGE('',*,*,#5340,.T.);
#5340 = EDGE_CURVE('',#5058,#5318,#5341,.T.);
#5341 = SURFACE_CURVE('',#5342,(#5346,#5353),.PCURVE_S1.);
#5342 = LINE('',#5343,#5344);
#5343 = CARTESIAN_POINT('',(-60.,-8.,13.856406460551));
#5344 = VECTOR('',#5345,1.);
#5345 = DIRECTION('',(0.,-0.5,-0.866025403784));
#5346 = PCURVE('',#159,#5347);
#5347 = DEFINITIONAL_REPRESENTATION('',(#5348),#5352);
#5348 = LINE('',#5349,#5350);
#5349 = CARTESIAN_POINT('',(-8.,13.856406460551));
#5350 = VECTOR('',#5351,1.);
#5351 = DIRECTION('',(-0.5,-0.866025403784));
#5352 = ( GEOMETRIC_REPRESENTATION_CONTEXT(2) 
PARAMETRIC_REPRESENTATION_CONTEXT() REPRESENTATION_CONTEXT('2D SPACE',''
  ) );
#5353 = PCURVE('',#1630,#5354);
#5354 = DEFINITIONAL_REPRESENTATION('',(#5355),#5359);
#5355 = LINE('',#5356,#5357);
#5356 = CARTESIAN_POINT('',(-0.,-60.));
#5357 = VECTOR('',#5358,1.);
#5358 = DIRECTION('',(1.,0.));
#5359 = ( GEOMETRIC_REPRESENTATION_CONTEXT(2) 
PARAMETRIC_REPRESENTATION_CONTEXT() REPRESENTATION_CONTEXT('2D SPACE',''
  ) );
#5360 = ADVANCED_FACE('',(#5361),#125,.F.);
#5361 = FACE_BOUND('',#5362,.F.);
#5362 = EDGE_LOOP('',(#5363,#5393,#5423,#5442,#5443,#5444));
#5363 = ORIENTED_EDGE('',*,*,#5364,.F.);
#5364 = EDGE_CURVE('',#5365,#5318,#5367,.T.);
#5365 = VERTEX_POINT('',#5366);
#5366 = CARTESIAN_POINT('',(-48.6,-16.,1.35997692769E-15));
#5367 = SURFACE_CURVE('',#5368,(#5373,#5386),.PCURVE_S1.);
#5368 = ELLIPSE('',#5369,13.163586137523,11.4);
#5369 = AXIS2_PLACEMENT_3D('',#5370,#5371,#5372);
#5370 = CARTESIAN_POINT('',(-60.,-16.,3.552713678801E-15));
#5371 = DIRECTION('',(0.,-0.866025403784,0.5));
#5372 = DIRECTION('',(0.,-0.5,-0.866025403784));
#5373 = PCURVE('',#125,#5374);
#5374 = DEFINITIONAL_REPRESENTATION('',(#5375),#5385);
#5375 = B_SPLINE_CURVE_WITH_KNOTS('',8,(#5376,#5377,#5378,#5379,#5380,
    #5381,#5382,#5383,#5384),.UNSPECIFIED.,.F.,.F.,(9,9),(1.570796326795
    ,3.14159265359),.PIECEWISE_BEZIER_KNOTS.);
#5376 = CARTESIAN_POINT('',(6.28318530718,35.));
#5377 = CARTESIAN_POINT('',(6.479534848029,33.707667952983));
#5378 = CARTESIAN_POINT('',(6.675884388878,32.415335516495));
#5379 = CARTESIAN_POINT('',(6.872233929727,31.198927601946));
#5380 = CARTESIAN_POINT('',(7.068583470574,30.134351166955));
#5381 = CARTESIAN_POINT('',(7.264933011425,29.28820185626));
#5382 = CARTESIAN_POINT('',(7.461282552275,28.708205554342));
#5383 = CARTESIAN_POINT('',(7.657632093125,28.418206964781));
#5384 = CARTESIAN_POINT('',(7.853981633974,28.418206938249));
#5385 = ( GEOMETRIC_REPRESENTATION_CONTEXT(2) 
PARAMETRIC_REPRESENTATION_CONTEXT() REPRESENTATION_CONTEXT('2D SPACE',''
  ) );
#5386 = PCURVE('',#1630,#5387);
#5387 = DEFINITIONAL_REPRESENTATION('',(#5388),#5392);
#5388 = ELLIPSE('',#5389,13.163586137523,11.4);
#5389 = AXIS2_PLACEMENT_2D('',#5390,#5391);
#5390 = CARTESIAN_POINT('',(16.,-60.));
#5391 = DIRECTION('',(1.,0.));
#5392 = ( GEOMETRIC_REPRESENTATION_CONTEXT(2) 
PARAMETRIC_REPRESENTATION_CONTEXT() REPRESENTATION_CONTEXT('2D SPACE',''
  ) );
#5393 = ORIENTED_EDGE('',*,*,#5394,.F.);
#5394 = EDGE_CURVE('',#5395,#5365,#5397,.T.);
#5395 = VERTEX_POINT('',#5396);
#5396 = CARTESIAN_POINT('',(-60.,-9.418206931238,-11.4));
#5397 = SURFACE_CURVE('',#5398,(#5403,#5416),.PCURVE_S1.);
#5398 = ELLIPSE('',#5399,13.163586137523,11.4);
#5399 = AXIS2_PLACEMENT_3D('',#5400,#5401,#5402);
#5400 = CARTESIAN_POINT('',(-60.,-16.,3.5527136788E-15));
#5401 = DIRECTION('',(0.,-0.866025403784,-0.5));
#5402 = DIRECTION('',(0.,-0.5,0.866025403784));
#5403 = PCURVE('',#125,#5404);
#5404 = DEFINITIONAL_REPRESENTATION('',(#5405),#5415);
#5405 = B_SPLINE_CURVE_WITH_KNOTS('',8,(#5406,#5407,#5408,#5409,#5410,
    #5411,#5412,#5413,#5414),.UNSPECIFIED.,.F.,.F.,(9,9),(3.14159265359,
    4.712388980385),.PIECEWISE_BEZIER_KNOTS.);
#5406 = CARTESIAN_POINT('',(4.712388980385,28.418206938249));
#5407 = CARTESIAN_POINT('',(4.908738521234,28.418206964781));
#5408 = CARTESIAN_POINT('',(5.105088062082,28.708205554343));
#5409 = CARTESIAN_POINT('',(5.301437602918,29.288201856264));
#5410 = CARTESIAN_POINT('',(5.497787143793,30.134351166958));
#5411 = CARTESIAN_POINT('',(5.694136684609,31.198927601941));
#5412 = CARTESIAN_POINT('',(5.890486225484,32.415335516489));
#5413 = CARTESIAN_POINT('',(6.08683576633,33.707667952983));
#5414 = CARTESIAN_POINT('',(6.28318530718,35.));
#5415 = ( GEOMETRIC_REPRESENTATION_CONTEXT(2) 
PARAMETRIC_REPRESENTATION_CONTEXT() REPRESENTATION_CONTEXT('2D SPACE',''
  ) );
#5416 = PCURVE('',#3885,#5417);
#5417 = DEFINITIONAL_REPRESENTATION('',(#5418),#5422);
#5418 = ELLIPSE('',#5419,13.163586137523,11.4);
#5419 = AXIS2_PLACEMENT_2D('',#5420,#5421);
#5420 = CARTESIAN_POINT('',(2.172893762547E-15,-60.));
#5421 = DIRECTION('',(-1.,0.));
#5422 = ( GEOMETRIC_REPRESENTATION_CONTEXT(2) 
PARAMETRIC_REPRESENTATION_CONTEXT() REPRESENTATION_CONTEXT('2D SPACE',''
  ) );
#5423 = ORIENTED_EDGE('',*,*,#5424,.F.);
#5424 = EDGE_CURVE('',#4024,#5395,#5425,.T.);
#5425 = SURFACE_CURVE('',#5426,(#5430,#5436),.PCURVE_S1.);
#5426 = LINE('',#5427,#5428);
#5427 = CARTESIAN_POINT('',(-60.,19.,-11.4));
#5428 = VECTOR('',#5429,1.);
#5429 = DIRECTION('',(0.,-1.,2.22044604925E-16));
#5430 = PCURVE('',#125,#5431);
#5431 = DEFINITIONAL_REPRESENTATION('',(#5432),#5435);
#5432 = B_SPLINE_CURVE_WITH_KNOTS('',1,(#5433,#5434),.UNSPECIFIED.,.F.,
  .F.,(2,2),(9.581793068762,28.418206931238),.PIECEWISE_BEZIER_KNOTS.);
#5433 = CARTESIAN_POINT('',(4.712388980385,9.581793068762));
#5434 = CARTESIAN_POINT('',(4.712388980385,28.418206931238));
#5435 = ( GEOMETRIC_REPRESENTATION_CONTEXT(2) 
PARAMETRIC_REPRESENTATION_CONTEXT() REPRESENTATION_CONTEXT('2D SPACE',''
  ) );
#5436 = PCURVE('',#4039,#5437);
#5437 = DEFINITIONAL_REPRESENTATION('',(#5438),#5441);
#5438 = B_SPLINE_CURVE_WITH_KNOTS('',1,(#5439,#5440),.UNSPECIFIED.,.F.,
  .F.,(2,2),(-5.999999999062E-07,38.0000006),.PIECEWISE_BEZIER_KNOTS.);
#5439 = CARTESIAN_POINT('',(19.0000006,-11.4));
#5440 = CARTESIAN_POINT('',(-19.0000006,-11.4));
#5441 = ( GEOMETRIC_REPRESENTATION_CONTEXT(2) 
PARAMETRIC_REPRESENTATION_CONTEXT() REPRESENTATION_CONTEXT('2D SPACE',''
  ) );
#5442 = ORIENTED_EDGE('',*,*,#4051,.F.);
#5443 = ORIENTED_EDGE('',*,*,#108,.F.);
#5444 = ORIENTED_EDGE('',*,*,#5317,.T.);
#5445 = ADVANCED_FACE('',(#5446),#69,.T.);
#5446 = FACE_BOUND('',#5447,.T.);
#5447 = EDGE_LOOP('',(#5448,#5471,#5490,#5491,#5492,#5493));
#5448 = ORIENTED_EDGE('',*,*,#5449,.F.);
#5449 = EDGE_CURVE('',#5450,#5452,#5454,.T.);
#5450 = VERTEX_POINT('',#5451);
#5451 = CARTESIAN_POINT('',(-38.,-13.90922972482,-3.62132034356));
#5452 = VERTEX_POINT('',#5453);
#5453 = CARTESIAN_POINT('',(-38.,-16.,1.959434878636E-15));
#5454 = SURFACE_CURVE('',#5455,(#5459,#5465),.PCURVE_S1.);
#5455 = LINE('',#5456,#5457);
#5456 = CARTESIAN_POINT('',(-38.,-15.94318966601,-9.839838486225E-02));
#5457 = VECTOR('',#5458,1.);
#5458 = DIRECTION('',(0.,-0.5,0.866025403784));
#5459 = PCURVE('',#69,#5460);
#5460 = DEFINITIONAL_REPRESENTATION('',(#5461),#5464);
#5461 = B_SPLINE_CURVE_WITH_KNOTS('',1,(#5462,#5463),.UNSPECIFIED.,.F.,
  .F.,(2,2),(-4.067919882376,0.113620667976),.PIECEWISE_BEZIER_KNOTS.);
#5462 = CARTESIAN_POINT('',(5.87867965644,-18.09077027517));
#5463 = CARTESIAN_POINT('',(9.5,-16.));
#5464 = ( GEOMETRIC_REPRESENTATION_CONTEXT(2) 
PARAMETRIC_REPRESENTATION_CONTEXT() REPRESENTATION_CONTEXT('2D SPACE',''
  ) );
#5465 = PCURVE('',#3885,#5466);
#5466 = DEFINITIONAL_REPRESENTATION('',(#5467),#5470);
#5467 = B_SPLINE_CURVE_WITH_KNOTS('',1,(#5468,#5469),.UNSPECIFIED.,.F.,
  .F.,(2,2),(-4.067919882376,0.113620667976),.PIECEWISE_BEZIER_KNOTS.);
#5468 = CARTESIAN_POINT('',(4.181540550352,-38.));
#5469 = CARTESIAN_POINT('',(0.,-38.));
#5470 = ( GEOMETRIC_REPRESENTATION_CONTEXT(2) 
PARAMETRIC_REPRESENTATION_CONTEXT() REPRESENTATION_CONTEXT('2D SPACE',''
  ) );
#5471 = ORIENTED_EDGE('',*,*,#5472,.T.);
#5472 = EDGE_CURVE('',#5450,#4081,#5473,.T.);
#5473 = SURFACE_CURVE('',#5474,(#5478,#5484),.PCURVE_S1.);
#5474 = LINE('',#5475,#5476);
#5475 = CARTESIAN_POINT('',(-38.,-32.,-3.62132034356));
#5476 = VECTOR('',#5477,1.);
#5477 = DIRECTION('',(0.,1.,-0.));
#5478 = PCURVE('',#69,#5479);
#5479 = DEFINITIONAL_REPRESENTATION('',(#5480),#5483);
#5480 = B_SPLINE_CURVE_WITH_KNOTS('',1,(#5481,#5482),.UNSPECIFIED.,.F.,
  .F.,(2,2),(0.,64.),.PIECEWISE_BEZIER_KNOTS.);
#5481 = CARTESIAN_POINT('',(5.87867965644,0.));
#5482 = CARTESIAN_POINT('',(5.87867965644,-64.));
#5483 = ( GEOMETRIC_REPRESENTATION_CONTEXT(2) 
PARAMETRIC_REPRESENTATION_CONTEXT() REPRESENTATION_CONTEXT('2D SPACE',''
  ) );
#5484 = PCURVE('',#4116,#5485);
#5485 = DEFINITIONAL_REPRESENTATION('',(#5486),#5489);
#5486 = B_SPLINE_CURVE_WITH_KNOTS('',1,(#5487,#5488),.UNSPECIFIED.,.F.,
  .F.,(2,2),(0.,64.),.PIECEWISE_BEZIER_KNOTS.);
#5487 = CARTESIAN_POINT('',(64.759884629822,0.));
#5488 = CARTESIAN_POINT('',(64.759884629822,64.));
#5489 = ( GEOMETRIC_REPRESENTATION_CONTEXT(2) 
PARAMETRIC_REPRESENTATION_CONTEXT() REPRESENTATION_CONTEXT('2D SPACE',''
  ) );
#5490 = ORIENTED_EDGE('',*,*,#4080,.F.);
#5491 = ORIENTED_EDGE('',*,*,#54,.F.);
#5492 = ORIENTED_EDGE('',*,*,#1594,.F.);
#5493 = ORIENTED_EDGE('',*,*,#5494,.F.);
#5494 = EDGE_CURVE('',#5452,#1595,#5495,.T.);
#5495 = SURFACE_CURVE('',#5496,(#5500,#5506),.PCURVE_S1.);
#5496 = LINE('',#5497,#5498);
#5497 = CARTESIAN_POINT('',(-38.,-16.05681033398,-9.839838486224E-02));
#5498 = VECTOR('',#5499,1.);
#5499 = DIRECTION('',(-0.,0.5,0.866025403784));
#5500 = PCURVE('',#69,#5501);
#5501 = DEFINITIONAL_REPRESENTATION('',(#5502),#5505);
#5502 = B_SPLINE_CURVE_WITH_KNOTS('',1,(#5503,#5504),.UNSPECIFIED.,.F.,
  .F.,(2,2),(0.113620667976,5.449861756707),.PIECEWISE_BEZIER_KNOTS.);
#5503 = CARTESIAN_POINT('',(9.5,-16.));
#5504 = CARTESIAN_POINT('',(14.12132034356,-18.66812054436));
#5505 = ( GEOMETRIC_REPRESENTATION_CONTEXT(2) 
PARAMETRIC_REPRESENTATION_CONTEXT() REPRESENTATION_CONTEXT('2D SPACE',''
  ) );
#5506 = PCURVE('',#1630,#5507);
#5507 = DEFINITIONAL_REPRESENTATION('',(#5508),#5511);
#5508 = B_SPLINE_CURVE_WITH_KNOTS('',1,(#5509,#5510),.UNSPECIFIED.,.F.,
  .F.,(2,2),(0.113620667976,5.449861756707),.PIECEWISE_BEZIER_KNOTS.);
#5509 = CARTESIAN_POINT('',(16.,-38.));
#5510 = CARTESIAN_POINT('',(10.663758911269,-38.));
#5511 = ( GEOMETRIC_REPRESENTATION_CONTEXT(2) 
PARAMETRIC_REPRESENTATION_CONTEXT() REPRESENTATION_CONTEXT('2D SPACE',''
  ) );
#5512 = ADVANCED_FACE('',(#5513),#1630,.T.);
#5513 = FACE_BOUND('',#5514,.T.);
#5514 = EDGE_LOOP('',(#5515,#5516,#5517,#5518,#5539,#5540,#5541,#5542,
    #5543,#5544,#5545,#5546,#5547,#5548,#5549,#5550,#5551,#5552,#5553,
    #5554,#5555,#5556,#5557,#5558,#5559,#5560,#5561,#5562,#5563,#5564,
    #5565,#5566,#5567,#5568,#5569,#5570,#5571,#5572,#5573,#5574,#5575,
    #5576,#5577,#5578,#5579,#5580,#5581,#5582,#5583,#5584,#5585,#5586,
    #5587,#5588,#5589,#5590,#5591,#5612,#5613));
#5515 = ORIENTED_EDGE('',*,*,#5080,.F.);
#5516 = ORIENTED_EDGE('',*,*,#5340,.T.);
#5517 = ORIENTED_EDGE('',*,*,#5364,.F.);
#5518 = ORIENTED_EDGE('',*,*,#5519,.T.);
#5519 = EDGE_CURVE('',#5365,#5452,#5520,.T.);
#5520 = SURFACE_CURVE('',#5521,(#5525,#5532),.PCURVE_S1.);
#5521 = LINE('',#5522,#5523);
#5522 = CARTESIAN_POINT('',(-60.,-16.,1.959434878636E-15));
#5523 = VECTOR('',#5524,1.);
#5524 = DIRECTION('',(1.,0.,0.));
#5525 = PCURVE('',#1630,#5526);
#5526 = DEFINITIONAL_REPRESENTATION('',(#5527),#5531);
#5527 = LINE('',#5528,#5529);
#5528 = CARTESIAN_POINT('',(16.,-60.));
#5529 = VECTOR('',#5530,1.);
#5530 = DIRECTION('',(0.,1.));
#5531 = ( GEOMETRIC_REPRESENTATION_CONTEXT(2) 
PARAMETRIC_REPRESENTATION_CONTEXT() REPRESENTATION_CONTEXT('2D SPACE',''
  ) );
#5532 = PCURVE('',#3885,#5533);
#5533 = DEFINITIONAL_REPRESENTATION('',(#5534),#5538);
#5534 = LINE('',#5535,#5536);
#5535 = CARTESIAN_POINT('',(0.,-60.));
#5536 = VECTOR('',#5537,1.);
#5537 = DIRECTION('',(0.,1.));
#5538 = ( GEOMETRIC_REPRESENTATION_CONTEXT(2) 
PARAMETRIC_REPRESENTATION_CONTEXT() REPRESENTATION_CONTEXT('2D SPACE',''
  ) );
#5539 = ORIENTED_EDGE('',*,*,#5494,.T.);
#5540 = ORIENTED_EDGE('',*,*,#1615,.F.);
#5541 = ORIENTED_EDGE('',*,*,#1665,.F.);
#5542 = ORIENTED_EDGE('',*,*,#1730,.T.);
#5543 = ORIENTED_EDGE('',*,*,#1755,.F.);
#5544 = ORIENTED_EDGE('',*,*,#1800,.F.);
#5545 = ORIENTED_EDGE('',*,*,#1845,.F.);
#5546 = ORIENTED_EDGE('',*,*,#1890,.F.);
#5547 = ORIENTED_EDGE('',*,*,#1955,.T.);
#5548 = ORIENTED_EDGE('',*,*,#1980,.F.);
#5549 = ORIENTED_EDGE('',*,*,#2025,.F.);
#5550 = ORIENTED_EDGE('',*,*,#2090,.T.);
#5551 = ORIENTED_EDGE('',*,*,#2115,.F.);
#5552 = ORIENTED_EDGE('',*,*,#2160,.F.);
#5553 = ORIENTED_EDGE('',*,*,#2205,.F.);
#5554 = ORIENTED_EDGE('',*,*,#2250,.F.);
#5555 = ORIENTED_EDGE('',*,*,#2315,.T.);
#5556 = ORIENTED_EDGE('',*,*,#2340,.F.);
#5557 = ORIENTED_EDGE('',*,*,#2385,.F.);
#5558 = ORIENTED_EDGE('',*,*,#2450,.T.);
#5559 = ORIENTED_EDGE('',*,*,#2475,.F.);
#5560 = ORIENTED_EDGE('',*,*,#2520,.F.);
#5561 = ORIENTED_EDGE('',*,*,#2565,.F.);
#5562 = ORIENTED_EDGE('',*,*,#2610,.F.);
#5563 = ORIENTED_EDGE('',*,*,#2675,.T.);
#5564 = ORIENTED_EDGE('',*,*,#2700,.F.);
#5565 = ORIENTED_EDGE('',*,*,#2745,.F.);
#5566 = ORIENTED_EDGE('',*,*,#2810,.T.);
#5567 = ORIENTED_EDGE('',*,*,#2835,.F.);
#5568 = ORIENTED_EDGE('',*,*,#2880,.F.);
#5569 = ORIENTED_EDGE('',*,*,#2925,.F.);
#5570 = ORIENTED_EDGE('',*,*,#2970,.F.);
#5571 = ORIENTED_EDGE('',*,*,#3035,.T.);
#5572 = ORIENTED_EDGE('',*,*,#3060,.F.);
#5573 = ORIENTED_EDGE('',*,*,#3105,.F.);
#5574 = ORIENTED_EDGE('',*,*,#3170,.T.);
#5575 = ORIENTED_EDGE('',*,*,#3195,.F.);
#5576 = ORIENTED_EDGE('',*,*,#3240,.F.);
#5577 = ORIENTED_EDGE('',*,*,#3285,.F.);
#5578 = ORIENTED_EDGE('',*,*,#3330,.F.);
#5579 = ORIENTED_EDGE('',*,*,#3395,.T.);
#5580 = ORIENTED_EDGE('',*,*,#3420,.F.);
#5581 = ORIENTED_EDGE('',*,*,#3465,.F.);
#5582 = ORIENTED_EDGE('',*,*,#3530,.T.);
#5583 = ORIENTED_EDGE('',*,*,#3555,.F.);
#5584 = ORIENTED_EDGE('',*,*,#3600,.F.);
#5585 = ORIENTED_EDGE('',*,*,#3645,.F.);
#5586 = ORIENTED_EDGE('',*,*,#3690,.F.);
#5587 = ORIENTED_EDGE('',*,*,#3755,.T.);
#5588 = ORIENTED_EDGE('',*,*,#3780,.F.);
#5589 = ORIENTED_EDGE('',*,*,#3825,.F.);
#5590 = ORIENTED_EDGE('',*,*,#3943,.F.);
#5591 = ORIENTED_EDGE('',*,*,#5592,.T.);
#5592 = EDGE_CURVE('',#3871,#4912,#5593,.T.);
#5593 = SURFACE_CURVE('',#5594,(#5598,#5605),.PCURVE_S1.);
#5594 = LINE('',#5595,#5596);
#5595 = CARTESIAN_POINT('',(-60.,-16.,1.959434878636E-15));
#5596 = VECTOR('',#5597,1.);
#5597 = DIRECTION('',(1.,0.,0.));
#5598 = PCURVE('',#1630,#5599);
#5599 = DEFINITIONAL_REPRESENTATION('',(#5600),#5604);
#5600 = LINE('',#5601,#5602);
#5601 = CARTESIAN_POINT('',(16.,-60.));
#5602 = VECTOR('',#5603,1.);
#5603 = DIRECTION('',(0.,1.));
#5604 = ( GEOMETRIC_REPRESENTATION_CONTEXT(2) 
PARAMETRIC_REPRESENTATION_CONTEXT() REPRESENTATION_CONTEXT('2D SPACE',''
  ) );
#5605 = PCURVE('',#3885,#5606);
#5606 = DEFINITIONAL_REPRESENTATION('',(#5607),#5611);
#5607 = LINE('',#5608,#5609);
#5608 = CARTESIAN_POINT('',(0.,-60.));
#5609 = VECTOR('',#5610,1.);
#5610 = DIRECTION('',(0.,1.));
#5611 = ( GEOMETRIC_REPRESENTATION_CONTEXT(2) 
PARAMETRIC_REPRESENTATION_CONTEXT() REPRESENTATION_CONTEXT('2D SPACE',''
  ) );
#5612 = ORIENTED_EDGE('',*,*,#4948,.F.);
#5613 = ORIENTED_EDGE('',*,*,#5032,.F.);
#5614 = ADVANCED_FACE('',(#5615),#3885,.T.);
#5615 = FACE_BOUND('',#5616,.T.);
#5616 = EDGE_LOOP('',(#5617,#5618,#5619,#5642,#5665,#5686,#5687,#5688,
    #5689,#5710,#5731,#5752,#5773,#5794,#5815,#5836,#5857,#5878,#5899,
    #5920,#5941,#5962,#5983,#6004,#6025,#6046,#6067,#6088,#6109,#6130,
    #6151,#6172,#6193,#6214,#6235,#6256,#6277,#6296));
#5617 = ORIENTED_EDGE('',*,*,#5519,.F.);
#5618 = ORIENTED_EDGE('',*,*,#5394,.F.);
#5619 = ORIENTED_EDGE('',*,*,#5620,.T.);
#5620 = EDGE_CURVE('',#5395,#5621,#5623,.T.);
#5621 = VERTEX_POINT('',#5622);
#5622 = CARTESIAN_POINT('',(-60.,-8.,-13.85640646055));
#5623 = SURFACE_CURVE('',#5624,(#5628,#5635),.PCURVE_S1.);
#5624 = LINE('',#5625,#5626);
#5625 = CARTESIAN_POINT('',(-60.,-16.,1.959434878636E-15));
#5626 = VECTOR('',#5627,1.);
#5627 = DIRECTION('',(0.,0.5,-0.866025403784));
#5628 = PCURVE('',#3885,#5629);
#5629 = DEFINITIONAL_REPRESENTATION('',(#5630),#5634);
#5630 = LINE('',#5631,#5632);
#5631 = CARTESIAN_POINT('',(0.,-60.));
#5632 = VECTOR('',#5633,1.);
#5633 = DIRECTION('',(1.,0.));
#5634 = ( GEOMETRIC_REPRESENTATION_CONTEXT(2) 
PARAMETRIC_REPRESENTATION_CONTEXT() REPRESENTATION_CONTEXT('2D SPACE',''
  ) );
#5635 = PCURVE('',#4039,#5636);
#5636 = DEFINITIONAL_REPRESENTATION('',(#5637),#5641);
#5637 = LINE('',#5638,#5639);
#5638 = CARTESIAN_POINT('',(-16.,1.051424234745E-15));
#5639 = VECTOR('',#5640,1.);
#5640 = DIRECTION('',(0.5,-0.866025403784));
#5641 = ( GEOMETRIC_REPRESENTATION_CONTEXT(2) 
PARAMETRIC_REPRESENTATION_CONTEXT() REPRESENTATION_CONTEXT('2D SPACE',''
  ) );
#5642 = ORIENTED_EDGE('',*,*,#5643,.F.);
#5643 = EDGE_CURVE('',#5644,#5621,#5646,.T.);
#5644 = VERTEX_POINT('',#5645);
#5645 = CARTESIAN_POINT('',(60.,-8.,-13.85640646055));
#5646 = SURFACE_CURVE('',#5647,(#5651,#5658),.PCURVE_S1.);
#5647 = LINE('',#5648,#5649);
#5648 = CARTESIAN_POINT('',(60.,-8.,-13.85640646055));
#5649 = VECTOR('',#5650,1.);
#5650 = DIRECTION('',(-1.,0.,0.));
#5651 = PCURVE('',#3885,#5652);
#5652 = DEFINITIONAL_REPRESENTATION('',(#5653),#5657);
#5653 = LINE('',#5654,#5655);
#5654 = CARTESIAN_POINT('',(16.,60.));
#5655 = VECTOR('',#5656,1.);
#5656 = DIRECTION('',(0.,-1.));
#5657 = ( GEOMETRIC_REPRESENTATION_CONTEXT(2) 
PARAMETRIC_REPRESENTATION_CONTEXT() REPRESENTATION_CONTEXT('2D SPACE',''
  ) );
#5658 = PCURVE('',#4011,#5659);
#5659 = DEFINITIONAL_REPRESENTATION('',(#5660),#5664);
#5660 = LINE('',#5661,#5662);
#5661 = CARTESIAN_POINT('',(0.,60.));
#5662 = VECTOR('',#5663,1.);
#5663 = DIRECTION('',(0.,-1.));
#5664 = ( GEOMETRIC_REPRESENTATION_CONTEXT(2) 
PARAMETRIC_REPRESENTATION_CONTEXT() REPRESENTATION_CONTEXT('2D SPACE',''
  ) );
#5665 = ORIENTED_EDGE('',*,*,#5666,.F.);
#5666 = EDGE_CURVE('',#4891,#5644,#5667,.T.);
#5667 = SURFACE_CURVE('',#5668,(#5672,#5679),.PCURVE_S1.);
#5668 = LINE('',#5669,#5670);
#5669 = CARTESIAN_POINT('',(60.,-16.,1.959434878636E-15));
#5670 = VECTOR('',#5671,1.);
#5671 = DIRECTION('',(0.,0.5,-0.866025403784));
#5672 = PCURVE('',#3885,#5673);
#5673 = DEFINITIONAL_REPRESENTATION('',(#5674),#5678);
#5674 = LINE('',#5675,#5676);
#5675 = CARTESIAN_POINT('',(0.,60.));
#5676 = VECTOR('',#5677,1.);
#5677 = DIRECTION('',(1.,0.));
#5678 = ( GEOMETRIC_REPRESENTATION_CONTEXT(2) 
PARAMETRIC_REPRESENTATION_CONTEXT() REPRESENTATION_CONTEXT('2D SPACE',''
  ) );
#5679 = PCURVE('',#3983,#5680);
#5680 = DEFINITIONAL_REPRESENTATION('',(#5681),#5685);
#5681 = LINE('',#5682,#5683);
#5682 = CARTESIAN_POINT('',(-16.,1.051424234745E-15));
#5683 = VECTOR('',#5684,1.);
#5684 = DIRECTION('',(0.5,-0.866025403784));
#5685 = ( GEOMETRIC_REPRESENTATION_CONTEXT(2) 
PARAMETRIC_REPRESENTATION_CONTEXT() REPRESENTATION_CONTEXT('2D SPACE',''
  ) );
#5686 = ORIENTED_EDGE('',*,*,#4911,.F.);
#5687 = ORIENTED_EDGE('',*,*,#5592,.F.);
#5688 = ORIENTED_EDGE('',*,*,#3868,.F.);
#5689 = ORIENTED_EDGE('',*,*,#5690,.T.);
#5690 = EDGE_CURVE('',#3869,#5691,#5693,.T.);
#5691 = VERTEX_POINT('',#5692);
#5692 = CARTESIAN_POINT('',(36.,-15.0639302632,-1.62132034356));
#5693 = SURFACE_CURVE('',#5694,(#5698,#5704),.PCURVE_S1.);
#5694 = LINE('',#5695,#5696);
#5695 = CARTESIAN_POINT('',(-26.52144700885,-51.16070452388,
    60.90012666529));
#5696 = VECTOR('',#5697,1.);
#5697 = DIRECTION('',(-0.654653670708,-0.377964473009,0.654653670708));
#5698 = PCURVE('',#3885,#5699);
#5699 = DEFINITIONAL_REPRESENTATION('',(#5700),#5703);
#5700 = B_SPLINE_CURVE_WITH_KNOTS('',1,(#5701,#5702),.UNSPECIFIED.,.F.,
  .F.,(2,2),(-98.55813828871,-95.5030878254),.PIECEWISE_BEZIER_KNOTS.);
#5701 = CARTESIAN_POINT('',(4.181540550352,38.));
#5702 = CARTESIAN_POINT('',(1.872139473594,36.));
#5703 = ( GEOMETRIC_REPRESENTATION_CONTEXT(2) 
PARAMETRIC_REPRESENTATION_CONTEXT() REPRESENTATION_CONTEXT('2D SPACE',''
  ) );
#5704 = PCURVE('',#3911,#5705);
#5705 = DEFINITIONAL_REPRESENTATION('',(#5706),#5709);
#5706 = B_SPLINE_CURVE_WITH_KNOTS('',1,(#5707,#5708),.UNSPECIFIED.,.F.,
  .F.,(2,2),(-98.55813828871,-95.5030878254),.PIECEWISE_BEZIER_KNOTS.);
#5707 = CARTESIAN_POINT('',(175.24011537017,18.090770275176));
#5708 = CARTESIAN_POINT('',(172.41168824543,16.936069736797));
#5709 = ( GEOMETRIC_REPRESENTATION_CONTEXT(2) 
PARAMETRIC_REPRESENTATION_CONTEXT() REPRESENTATION_CONTEXT('2D SPACE',''
  ) );
#5710 = ORIENTED_EDGE('',*,*,#5711,.T.);
#5711 = EDGE_CURVE('',#5691,#5712,#5714,.T.);
#5712 = VERTEX_POINT('',#5713);
#5713 = CARTESIAN_POINT('',(32.12132034356,-12.82457351945,-5.5));
#5714 = SURFACE_CURVE('',#5715,(#5719,#5725),.PCURVE_S1.);
#5715 = LINE('',#5716,#5717);
#5716 = CARTESIAN_POINT('',(-20.49525048462,17.55361781203,
    -58.11657082818));
#5717 = VECTOR('',#5718,1.);
#5718 = DIRECTION('',(-0.654653670708,0.377964473009,-0.654653670708));
#5719 = PCURVE('',#3885,#5720);
#5720 = DEFINITIONAL_REPRESENTATION('',(#5721),#5724);
#5721 = B_SPLINE_CURVE_WITH_KNOTS('',1,(#5722,#5723),.UNSPECIFIED.,.F.,
  .F.,(2,2),(-86.29792058376,-80.37313954305),.PIECEWISE_BEZIER_KNOTS.);
#5722 = CARTESIAN_POINT('',(1.872139473594,36.));
#5723 = CARTESIAN_POINT('',(6.350852961086,32.12132034356));
#5724 = ( GEOMETRIC_REPRESENTATION_CONTEXT(2) 
PARAMETRIC_REPRESENTATION_CONTEXT() REPRESENTATION_CONTEXT('2D SPACE',''
  ) );
#5725 = PCURVE('',#4818,#5726);
#5726 = DEFINITIONAL_REPRESENTATION('',(#5727),#5730);
#5727 = B_SPLINE_CURVE_WITH_KNOTS('',1,(#5728,#5729),.UNSPECIFIED.,.F.,
  .F.,(2,2),(-86.29792058376,-80.37313954305),.PIECEWISE_BEZIER_KNOTS.);
#5728 = CARTESIAN_POINT('',(169.41168824543,16.936069736797));
#5729 = CARTESIAN_POINT('',(163.92640687119,19.175426480543));
#5730 = ( GEOMETRIC_REPRESENTATION_CONTEXT(2) 
PARAMETRIC_REPRESENTATION_CONTEXT() REPRESENTATION_CONTEXT('2D SPACE',''
  ) );
#5731 = ORIENTED_EDGE('',*,*,#5732,.F.);
#5732 = EDGE_CURVE('',#5733,#5712,#5735,.T.);
#5733 = VERTEX_POINT('',#5734);
#5734 = CARTESIAN_POINT('',(36.,-10.58521677571,-9.37867965644));
#5735 = SURFACE_CURVE('',#5736,(#5740,#5746),.PCURVE_S1.);
#5736 = LINE('',#5737,#5738);
#5737 = CARTESIAN_POINT('',(-28.38279518763,-47.75664090847,
    55.004115531198));
#5738 = VECTOR('',#5739,1.);
#5739 = DIRECTION('',(-0.654653670708,-0.377964473009,0.654653670708));
#5740 = PCURVE('',#3885,#5741);
#5741 = DEFINITIONAL_REPRESENTATION('',(#5742),#5745);
#5742 = B_SPLINE_CURVE_WITH_KNOTS('',1,(#5743,#5744),.UNSPECIFIED.,.F.,
  .F.,(2,2),(-98.34634413339,-92.42156309269),.PIECEWISE_BEZIER_KNOTS.);
#5743 = CARTESIAN_POINT('',(10.829566448578,36.));
#5744 = CARTESIAN_POINT('',(6.350852961086,32.12132034356));
#5745 = ( GEOMETRIC_REPRESENTATION_CONTEXT(2) 
PARAMETRIC_REPRESENTATION_CONTEXT() REPRESENTATION_CONTEXT('2D SPACE',''
  ) );
#5746 = PCURVE('',#4792,#5747);
#5747 = DEFINITIONAL_REPRESENTATION('',(#5748),#5751);
#5748 = B_SPLINE_CURVE_WITH_KNOTS('',1,(#5749,#5750),.UNSPECIFIED.,.F.,
  .F.,(2,2),(-98.34634413339,-92.42156309269),.PIECEWISE_BEZIER_KNOTS.);
#5749 = CARTESIAN_POINT('',(169.41168824543,21.414783224289));
#5750 = CARTESIAN_POINT('',(163.92640687119,19.175426480543));
#5751 = ( GEOMETRIC_REPRESENTATION_CONTEXT(2) 
PARAMETRIC_REPRESENTATION_CONTEXT() REPRESENTATION_CONTEXT('2D SPACE',''
  ) );
#5752 = ORIENTED_EDGE('',*,*,#5753,.F.);
#5753 = EDGE_CURVE('',#5754,#5733,#5756,.T.);
#5754 = VERTEX_POINT('',#5755);
#5755 = CARTESIAN_POINT('',(38.,-11.73991731409,-7.37867965644));
#5756 = SURFACE_CURVE('',#5757,(#5761,#5767),.PCURVE_S1.);
#5757 = LINE('',#5758,#5759);
#5758 = CARTESIAN_POINT('',(-18.63390230583,20.957681427443,
    -64.01258196227));
#5759 = VECTOR('',#5760,1.);
#5760 = DIRECTION('',(-0.654653670708,0.377964473009,-0.654653670708));
#5761 = PCURVE('',#3885,#5762);
#5762 = DEFINITIONAL_REPRESENTATION('',(#5763),#5766);
#5763 = B_SPLINE_CURVE_WITH_KNOTS('',1,(#5764,#5765),.UNSPECIFIED.,.F.,
  .F.,(2,2),(-86.50971473907,-83.45466427577),.PIECEWISE_BEZIER_KNOTS.);
#5764 = CARTESIAN_POINT('',(8.52016537182,38.));
#5765 = CARTESIAN_POINT('',(10.829566448578,36.));
#5766 = ( GEOMETRIC_REPRESENTATION_CONTEXT(2) 
PARAMETRIC_REPRESENTATION_CONTEXT() REPRESENTATION_CONTEXT('2D SPACE',''
  ) );
#5767 = PCURVE('',#4766,#5768);
#5768 = DEFINITIONAL_REPRESENTATION('',(#5769),#5772);
#5769 = B_SPLINE_CURVE_WITH_KNOTS('',1,(#5770,#5771),.UNSPECIFIED.,.F.,
  .F.,(2,2),(-86.50971473907,-83.45466427577),.PIECEWISE_BEZIER_KNOTS.);
#5770 = CARTESIAN_POINT('',(175.24011537017,20.26008268591));
#5771 = CARTESIAN_POINT('',(172.41168824543,21.414783224289));
#5772 = ( GEOMETRIC_REPRESENTATION_CONTEXT(2) 
PARAMETRIC_REPRESENTATION_CONTEXT() REPRESENTATION_CONTEXT('2D SPACE',''
  ) );
#5773 = ORIENTED_EDGE('',*,*,#5774,.F.);
#5774 = EDGE_CURVE('',#5775,#5754,#5777,.T.);
#5775 = VERTEX_POINT('',#5776);
#5776 = CARTESIAN_POINT('',(38.,-10.51517244269,-9.5));
#5777 = SURFACE_CURVE('',#5778,(#5782,#5788),.PCURVE_S1.);
#5778 = LINE('',#5779,#5780);
#5779 = CARTESIAN_POINT('',(38.,-15.94318966601,-9.839838486225E-02));
#5780 = VECTOR('',#5781,1.);
#5781 = DIRECTION('',(0.,-0.5,0.866025403784));
#5782 = PCURVE('',#3885,#5783);
#5783 = DEFINITIONAL_REPRESENTATION('',(#5784),#5787);
#5784 = B_SPLINE_CURVE_WITH_KNOTS('',1,(#5785,#5786),.UNSPECIFIED.,.F.,
  .F.,(2,2),(-10.85603444662,-8.406544703844),.PIECEWISE_BEZIER_KNOTS.);
#5785 = CARTESIAN_POINT('',(10.969655114603,38.));
#5786 = CARTESIAN_POINT('',(8.52016537182,38.));
#5787 = ( GEOMETRIC_REPRESENTATION_CONTEXT(2) 
PARAMETRIC_REPRESENTATION_CONTEXT() REPRESENTATION_CONTEXT('2D SPACE',''
  ) );
#5788 = PCURVE('',#4740,#5789);
#5789 = DEFINITIONAL_REPRESENTATION('',(#5790),#5793);
#5790 = B_SPLINE_CURVE_WITH_KNOTS('',1,(#5791,#5792),.UNSPECIFIED.,.F.,
  .F.,(2,2),(-10.85603444662,-8.406544703844),.PIECEWISE_BEZIER_KNOTS.);
#5791 = CARTESIAN_POINT('',(1.295283596378E-16,-21.4848275573));
#5792 = CARTESIAN_POINT('',(2.12132034356,-20.26008268591));
#5793 = ( GEOMETRIC_REPRESENTATION_CONTEXT(2) 
PARAMETRIC_REPRESENTATION_CONTEXT() REPRESENTATION_CONTEXT('2D SPACE',''
  ) );
#5794 = ORIENTED_EDGE('',*,*,#5795,.T.);
#5795 = EDGE_CURVE('',#5775,#5796,#5798,.T.);
#5796 = VERTEX_POINT('',#5797);
#5797 = CARTESIAN_POINT('',(31.87867965644,-10.51517244269,-9.5));
#5798 = SURFACE_CURVE('',#5799,(#5803,#5809),.PCURVE_S1.);
#5799 = LINE('',#5800,#5801);
#5800 = CARTESIAN_POINT('',(-19.,-10.51517244269,-9.5));
#5801 = VECTOR('',#5802,1.);
#5802 = DIRECTION('',(-1.,-0.,0.));
#5803 = PCURVE('',#3885,#5804);
#5804 = DEFINITIONAL_REPRESENTATION('',(#5805),#5808);
#5805 = B_SPLINE_CURVE_WITH_KNOTS('',1,(#5806,#5807),.UNSPECIFIED.,.F.,
  .F.,(2,2),(-57.,-50.87867965644),.PIECEWISE_BEZIER_KNOTS.);
#5806 = CARTESIAN_POINT('',(10.969655114603,38.));
#5807 = CARTESIAN_POINT('',(10.969655114603,31.87867965644));
#5808 = ( GEOMETRIC_REPRESENTATION_CONTEXT(2) 
PARAMETRIC_REPRESENTATION_CONTEXT() REPRESENTATION_CONTEXT('2D SPACE',''
  ) );
#5809 = PCURVE('',#4714,#5810);
#5810 = DEFINITIONAL_REPRESENTATION('',(#5811),#5814);
#5811 = B_SPLINE_CURVE_WITH_KNOTS('',1,(#5812,#5813),.UNSPECIFIED.,.F.,
  .F.,(2,2),(-57.,-50.87867965644),.PIECEWISE_BEZIER_KNOTS.);
#5812 = CARTESIAN_POINT('',(76.,21.484827557301));
#5813 = CARTESIAN_POINT('',(69.87867965644,21.484827557301));
#5814 = ( GEOMETRIC_REPRESENTATION_CONTEXT(2) 
PARAMETRIC_REPRESENTATION_CONTEXT() REPRESENTATION_CONTEXT('2D SPACE',''
  ) );
#5815 = ORIENTED_EDGE('',*,*,#5816,.T.);
#5816 = EDGE_CURVE('',#5796,#5817,#5819,.T.);
#5817 = VERTEX_POINT('',#5818);
#5818 = CARTESIAN_POINT('',(30.,-11.59982864806,-7.62132034356));
#5819 = SURFACE_CURVE('',#5820,(#5824,#5830),.PCURVE_S1.);
#5820 = LINE('',#5821,#5822);
#5821 = CARTESIAN_POINT('',(-30.80716129456,-46.70685959013,
    53.185840951004));
#5822 = VECTOR('',#5823,1.);
#5823 = DIRECTION('',(-0.654653670708,-0.377964473009,0.654653670708));
#5824 = PCURVE('',#3885,#5825);
#5825 = DEFINITIONAL_REPRESENTATION('',(#5826),#5829);
#5826 = B_SPLINE_CURVE_WITH_KNOTS('',1,(#5827,#5828),.UNSPECIFIED.,.F.,
  .F.,(2,2),(-95.75420371998,-92.88447314257),.PIECEWISE_BEZIER_KNOTS.);
#5827 = CARTESIAN_POINT('',(10.969655114603,31.87867965644));
#5828 = CARTESIAN_POINT('',(8.800342703869,30.));
#5829 = ( GEOMETRIC_REPRESENTATION_CONTEXT(2) 
PARAMETRIC_REPRESENTATION_CONTEXT() REPRESENTATION_CONTEXT('2D SPACE',''
  ) );
#5830 = PCURVE('',#4688,#5831);
#5831 = DEFINITIONAL_REPRESENTATION('',(#5832),#5835);
#5832 = B_SPLINE_CURVE_WITH_KNOTS('',1,(#5833,#5834),.UNSPECIFIED.,.F.,
  .F.,(2,2),(-95.75420371998,-92.88447314257),.PIECEWISE_BEZIER_KNOTS.);
#5833 = CARTESIAN_POINT('',(166.58326112068,21.484827557301));
#5834 = CARTESIAN_POINT('',(163.92640687119,20.400171351935));
#5835 = ( GEOMETRIC_REPRESENTATION_CONTEXT(2) 
PARAMETRIC_REPRESENTATION_CONTEXT() REPRESENTATION_CONTEXT('2D SPACE',''
  ) );
#5836 = ORIENTED_EDGE('',*,*,#5837,.T.);
#5837 = EDGE_CURVE('',#5817,#5838,#5840,.T.);
#5838 = VERTEX_POINT('',#5839);
#5839 = CARTESIAN_POINT('',(28.12132034356,-10.51517244269,-9.5));
#5840 = SURFACE_CURVE('',#5841,(#5845,#5851),.PCURVE_S1.);
#5841 = LINE('',#5842,#5843);
#5842 = CARTESIAN_POINT('',(-20.49525048462,17.55361781203,
    -58.11657082818));
#5843 = VECTOR('',#5844,1.);
#5844 = DIRECTION('',(-0.654653670708,0.377964473009,-0.654653670708));
#5845 = PCURVE('',#3885,#5846);
#5846 = DEFINITIONAL_REPRESENTATION('',(#5847),#5850);
#5847 = B_SPLINE_CURVE_WITH_KNOTS('',1,(#5848,#5849),.UNSPECIFIED.,.F.,
  .F.,(2,2),(-77.13276919384,-74.26303861644),.PIECEWISE_BEZIER_KNOTS.);
#5848 = CARTESIAN_POINT('',(8.800342703869,30.));
#5849 = CARTESIAN_POINT('',(10.969655114603,28.12132034356));
#5850 = ( GEOMETRIC_REPRESENTATION_CONTEXT(2) 
PARAMETRIC_REPRESENTATION_CONTEXT() REPRESENTATION_CONTEXT('2D SPACE',''
  ) );
#5851 = PCURVE('',#4662,#5852);
#5852 = DEFINITIONAL_REPRESENTATION('',(#5853),#5856);
#5853 = B_SPLINE_CURVE_WITH_KNOTS('',1,(#5854,#5855),.UNSPECIFIED.,.F.,
  .F.,(2,2),(-77.13276919384,-74.26303861644),.PIECEWISE_BEZIER_KNOTS.);
#5854 = CARTESIAN_POINT('',(160.92640687119,20.400171351935));
#5855 = CARTESIAN_POINT('',(158.2695526217,21.484827557301));
#5856 = ( GEOMETRIC_REPRESENTATION_CONTEXT(2) 
PARAMETRIC_REPRESENTATION_CONTEXT() REPRESENTATION_CONTEXT('2D SPACE',''
  ) );
#5857 = ORIENTED_EDGE('',*,*,#5858,.T.);
#5858 = EDGE_CURVE('',#5838,#5859,#5861,.T.);
#5859 = VERTEX_POINT('',#5860);
#5860 = CARTESIAN_POINT('',(19.87867965644,-10.51517244269,-9.5));
#5861 = SURFACE_CURVE('',#5862,(#5866,#5872),.PCURVE_S1.);
#5862 = LINE('',#5863,#5864);
#5863 = CARTESIAN_POINT('',(-19.,-10.51517244269,-9.5));
#5864 = VECTOR('',#5865,1.);
#5865 = DIRECTION('',(-1.,-0.,0.));
#5866 = PCURVE('',#3885,#5867);
#5867 = DEFINITIONAL_REPRESENTATION('',(#5868),#5871);
#5868 = B_SPLINE_CURVE_WITH_KNOTS('',1,(#5869,#5870),.UNSPECIFIED.,.F.,
  .F.,(2,2),(-47.12132034356,-38.87867965644),.PIECEWISE_BEZIER_KNOTS.);
#5869 = CARTESIAN_POINT('',(10.969655114603,28.12132034356));
#5870 = CARTESIAN_POINT('',(10.969655114603,19.87867965644));
#5871 = ( GEOMETRIC_REPRESENTATION_CONTEXT(2) 
PARAMETRIC_REPRESENTATION_CONTEXT() REPRESENTATION_CONTEXT('2D SPACE',''
  ) );
#5872 = PCURVE('',#4636,#5873);
#5873 = DEFINITIONAL_REPRESENTATION('',(#5874),#5877);
#5874 = B_SPLINE_CURVE_WITH_KNOTS('',1,(#5875,#5876),.UNSPECIFIED.,.F.,
  .F.,(2,2),(-47.12132034356,-38.87867965644),.PIECEWISE_BEZIER_KNOTS.);
#5875 = CARTESIAN_POINT('',(66.12132034356,21.484827557301));
#5876 = CARTESIAN_POINT('',(57.87867965644,21.484827557301));
#5877 = ( GEOMETRIC_REPRESENTATION_CONTEXT(2) 
PARAMETRIC_REPRESENTATION_CONTEXT() REPRESENTATION_CONTEXT('2D SPACE',''
  ) );
#5878 = ORIENTED_EDGE('',*,*,#5879,.T.);
#5879 = EDGE_CURVE('',#5859,#5880,#5882,.T.);
#5880 = VERTEX_POINT('',#5881);
#5881 = CARTESIAN_POINT('',(18.,-11.59982864806,-7.62132034356));
#5882 = SURFACE_CURVE('',#5883,(#5887,#5893),.PCURVE_S1.);
#5883 = LINE('',#5884,#5885);
#5884 = CARTESIAN_POINT('',(-35.09287558027,-42.25301465639,
    45.471555236718));
#5885 = VECTOR('',#5886,1.);
#5886 = DIRECTION('',(-0.654653670708,-0.377964473009,0.654653670708));
#5887 = PCURVE('',#3885,#5888);
#5888 = DEFINITIONAL_REPRESENTATION('',(#5889),#5892);
#5889 = B_SPLINE_CURVE_WITH_KNOTS('',1,(#5890,#5891),.UNSPECIFIED.,.F.,
  .F.,(2,2),(-83.97043764723,-81.10070706983),.PIECEWISE_BEZIER_KNOTS.);
#5890 = CARTESIAN_POINT('',(10.969655114603,19.87867965644));
#5891 = CARTESIAN_POINT('',(8.800342703869,18.));
#5892 = ( GEOMETRIC_REPRESENTATION_CONTEXT(2) 
PARAMETRIC_REPRESENTATION_CONTEXT() REPRESENTATION_CONTEXT('2D SPACE',''
  ) );
#5893 = PCURVE('',#4610,#5894);
#5894 = DEFINITIONAL_REPRESENTATION('',(#5895),#5898);
#5895 = B_SPLINE_CURVE_WITH_KNOTS('',1,(#5896,#5897),.UNSPECIFIED.,.F.,
  .F.,(2,2),(-83.97043764723,-81.10070706983),.PIECEWISE_BEZIER_KNOTS.);
#5896 = CARTESIAN_POINT('',(149.6126983722,21.484827557301));
#5897 = CARTESIAN_POINT('',(146.95584412271,20.400171351935));
#5898 = ( GEOMETRIC_REPRESENTATION_CONTEXT(2) 
PARAMETRIC_REPRESENTATION_CONTEXT() REPRESENTATION_CONTEXT('2D SPACE',''
  ) );
#5899 = ORIENTED_EDGE('',*,*,#5900,.T.);
#5900 = EDGE_CURVE('',#5880,#5901,#5903,.T.);
#5901 = VERTEX_POINT('',#5902);
#5902 = CARTESIAN_POINT('',(16.12132034356,-10.51517244269,-9.5));
#5903 = SURFACE_CURVE('',#5904,(#5908,#5914),.PCURVE_S1.);
#5904 = LINE('',#5905,#5906);
#5905 = CARTESIAN_POINT('',(-24.78096477033,13.099772878281,
    -50.40228511389));
#5906 = VECTOR('',#5907,1.);
#5907 = DIRECTION('',(-0.654653670708,0.377964473009,-0.654653670708));
#5908 = PCURVE('',#3885,#5909);
#5909 = DEFINITIONAL_REPRESENTATION('',(#5910),#5913);
#5910 = B_SPLINE_CURVE_WITH_KNOTS('',1,(#5911,#5912),.UNSPECIFIED.,.F.,
  .F.,(2,2),(-65.3490031211,-62.4792725437),.PIECEWISE_BEZIER_KNOTS.);
#5911 = CARTESIAN_POINT('',(8.800342703869,18.));
#5912 = CARTESIAN_POINT('',(10.969655114603,16.12132034356));
#5913 = ( GEOMETRIC_REPRESENTATION_CONTEXT(2) 
PARAMETRIC_REPRESENTATION_CONTEXT() REPRESENTATION_CONTEXT('2D SPACE',''
  ) );
#5914 = PCURVE('',#4584,#5915);
#5915 = DEFINITIONAL_REPRESENTATION('',(#5916),#5919);
#5916 = B_SPLINE_CURVE_WITH_KNOTS('',1,(#5917,#5918),.UNSPECIFIED.,.F.,
  .F.,(2,2),(-65.3490031211,-62.4792725437),.PIECEWISE_BEZIER_KNOTS.);
#5917 = CARTESIAN_POINT('',(143.95584412271,20.400171351935));
#5918 = CARTESIAN_POINT('',(141.29898987322,21.484827557301));
#5919 = ( GEOMETRIC_REPRESENTATION_CONTEXT(2) 
PARAMETRIC_REPRESENTATION_CONTEXT() REPRESENTATION_CONTEXT('2D SPACE',''
  ) );
#5920 = ORIENTED_EDGE('',*,*,#5921,.T.);
#5921 = EDGE_CURVE('',#5901,#5922,#5924,.T.);
#5922 = VERTEX_POINT('',#5923);
#5923 = CARTESIAN_POINT('',(7.87867965644,-10.51517244269,-9.5));
#5924 = SURFACE_CURVE('',#5925,(#5929,#5935),.PCURVE_S1.);
#5925 = LINE('',#5926,#5927);
#5926 = CARTESIAN_POINT('',(-19.,-10.51517244269,-9.5));
#5927 = VECTOR('',#5928,1.);
#5928 = DIRECTION('',(-1.,-0.,0.));
#5929 = PCURVE('',#3885,#5930);
#5930 = DEFINITIONAL_REPRESENTATION('',(#5931),#5934);
#5931 = B_SPLINE_CURVE_WITH_KNOTS('',1,(#5932,#5933),.UNSPECIFIED.,.F.,
  .F.,(2,2),(-35.12132034356,-26.87867965644),.PIECEWISE_BEZIER_KNOTS.);
#5932 = CARTESIAN_POINT('',(10.969655114603,16.12132034356));
#5933 = CARTESIAN_POINT('',(10.969655114603,7.87867965644));
#5934 = ( GEOMETRIC_REPRESENTATION_CONTEXT(2) 
PARAMETRIC_REPRESENTATION_CONTEXT() REPRESENTATION_CONTEXT('2D SPACE',''
  ) );
#5935 = PCURVE('',#4558,#5936);
#5936 = DEFINITIONAL_REPRESENTATION('',(#5937),#5940);
#5937 = B_SPLINE_CURVE_WITH_KNOTS('',1,(#5938,#5939),.UNSPECIFIED.,.F.,
  .F.,(2,2),(-35.12132034356,-26.87867965644),.PIECEWISE_BEZIER_KNOTS.);
#5938 = CARTESIAN_POINT('',(54.12132034356,21.484827557301));
#5939 = CARTESIAN_POINT('',(45.87867965644,21.484827557301));
#5940 = ( GEOMETRIC_REPRESENTATION_CONTEXT(2) 
PARAMETRIC_REPRESENTATION_CONTEXT() REPRESENTATION_CONTEXT('2D SPACE',''
  ) );
#5941 = ORIENTED_EDGE('',*,*,#5942,.T.);
#5942 = EDGE_CURVE('',#5922,#5943,#5945,.T.);
#5943 = VERTEX_POINT('',#5944);
#5944 = CARTESIAN_POINT('',(6.,-11.59982864806,-7.62132034356));
#5945 = SURFACE_CURVE('',#5946,(#5950,#5956),.PCURVE_S1.);
#5946 = LINE('',#5947,#5948);
#5947 = CARTESIAN_POINT('',(-39.37858986599,-37.79916972264,
    37.757269522433));
#5948 = VECTOR('',#5949,1.);
#5949 = DIRECTION('',(-0.654653670708,-0.377964473009,0.654653670708));
#5950 = PCURVE('',#3885,#5951);
#5951 = DEFINITIONAL_REPRESENTATION('',(#5952),#5955);
#5952 = B_SPLINE_CURVE_WITH_KNOTS('',1,(#5953,#5954),.UNSPECIFIED.,.F.,
  .F.,(2,2),(-72.18667157449,-69.31694099708),.PIECEWISE_BEZIER_KNOTS.);
#5953 = CARTESIAN_POINT('',(10.969655114603,7.87867965644));
#5954 = CARTESIAN_POINT('',(8.800342703869,6.));
#5955 = ( GEOMETRIC_REPRESENTATION_CONTEXT(2) 
PARAMETRIC_REPRESENTATION_CONTEXT() REPRESENTATION_CONTEXT('2D SPACE',''
  ) );
#5956 = PCURVE('',#4532,#5957);
#5957 = DEFINITIONAL_REPRESENTATION('',(#5958),#5961);
#5958 = B_SPLINE_CURVE_WITH_KNOTS('',1,(#5959,#5960),.UNSPECIFIED.,.F.,
  .F.,(2,2),(-72.18667157449,-69.31694099708),.PIECEWISE_BEZIER_KNOTS.);
#5959 = CARTESIAN_POINT('',(132.64213562373,21.484827557301));
#5960 = CARTESIAN_POINT('',(129.98528137423,20.400171351935));
#5961 = ( GEOMETRIC_REPRESENTATION_CONTEXT(2) 
PARAMETRIC_REPRESENTATION_CONTEXT() REPRESENTATION_CONTEXT('2D SPACE',''
  ) );
#5962 = ORIENTED_EDGE('',*,*,#5963,.T.);
#5963 = EDGE_CURVE('',#5943,#5964,#5966,.T.);
#5964 = VERTEX_POINT('',#5965);
#5965 = CARTESIAN_POINT('',(4.12132034356,-10.51517244269,-9.5));
#5966 = SURFACE_CURVE('',#5967,(#5971,#5977),.PCURVE_S1.);
#5967 = LINE('',#5968,#5969);
#5968 = CARTESIAN_POINT('',(-29.06667905605,8.645927944533,
    -42.68799939961));
#5969 = VECTOR('',#5970,1.);
#5970 = DIRECTION('',(-0.654653670708,0.377964473009,-0.654653670708));
#5971 = PCURVE('',#3885,#5972);
#5972 = DEFINITIONAL_REPRESENTATION('',(#5973),#5976);
#5973 = B_SPLINE_CURVE_WITH_KNOTS('',1,(#5974,#5975),.UNSPECIFIED.,.F.,
  .F.,(2,2),(-53.56523704836,-50.69550647095),.PIECEWISE_BEZIER_KNOTS.);
#5974 = CARTESIAN_POINT('',(8.800342703869,6.));
#5975 = CARTESIAN_POINT('',(10.969655114603,4.12132034356));
#5976 = ( GEOMETRIC_REPRESENTATION_CONTEXT(2) 
PARAMETRIC_REPRESENTATION_CONTEXT() REPRESENTATION_CONTEXT('2D SPACE',''
  ) );
#5977 = PCURVE('',#4506,#5978);
#5978 = DEFINITIONAL_REPRESENTATION('',(#5979),#5982);
#5979 = B_SPLINE_CURVE_WITH_KNOTS('',1,(#5980,#5981),.UNSPECIFIED.,.F.,
  .F.,(2,2),(-53.56523704836,-50.69550647095),.PIECEWISE_BEZIER_KNOTS.);
#5980 = CARTESIAN_POINT('',(126.98528137423,20.400171351935));
#5981 = CARTESIAN_POINT('',(124.32842712474,21.484827557301));
#5982 = ( GEOMETRIC_REPRESENTATION_CONTEXT(2) 
PARAMETRIC_REPRESENTATION_CONTEXT() REPRESENTATION_CONTEXT('2D SPACE',''
  ) );
#5983 = ORIENTED_EDGE('',*,*,#5984,.T.);
#5984 = EDGE_CURVE('',#5964,#5985,#5987,.T.);
#5985 = VERTEX_POINT('',#5986);
#5986 = CARTESIAN_POINT('',(-4.12132034356,-10.51517244269,-9.5));
#5987 = SURFACE_CURVE('',#5988,(#5992,#5998),.PCURVE_S1.);
#5988 = LINE('',#5989,#5990);
#5989 = CARTESIAN_POINT('',(-19.,-10.51517244269,-9.5));
#5990 = VECTOR('',#5991,1.);
#5991 = DIRECTION('',(-1.,-0.,0.));
#5992 = PCURVE('',#3885,#5993);
#5993 = DEFINITIONAL_REPRESENTATION('',(#5994),#5997);
#5994 = B_SPLINE_CURVE_WITH_KNOTS('',1,(#5995,#5996),.UNSPECIFIED.,.F.,
  .F.,(2,2),(-23.12132034356,-14.87867965644),.PIECEWISE_BEZIER_KNOTS.);
#5995 = CARTESIAN_POINT('',(10.969655114603,4.12132034356));
#5996 = CARTESIAN_POINT('',(10.969655114603,-4.12132034356));
#5997 = ( GEOMETRIC_REPRESENTATION_CONTEXT(2) 
PARAMETRIC_REPRESENTATION_CONTEXT() REPRESENTATION_CONTEXT('2D SPACE',''
  ) );
#5998 = PCURVE('',#4480,#5999);
#5999 = DEFINITIONAL_REPRESENTATION('',(#6000),#6003);
#6000 = B_SPLINE_CURVE_WITH_KNOTS('',1,(#6001,#6002),.UNSPECIFIED.,.F.,
  .F.,(2,2),(-23.12132034356,-14.87867965644),.PIECEWISE_BEZIER_KNOTS.);
#6001 = CARTESIAN_POINT('',(42.12132034356,21.484827557301));
#6002 = CARTESIAN_POINT('',(33.87867965644,21.484827557301));
#6003 = ( GEOMETRIC_REPRESENTATION_CONTEXT(2) 
PARAMETRIC_REPRESENTATION_CONTEXT() REPRESENTATION_CONTEXT('2D SPACE',''
  ) );
#6004 = ORIENTED_EDGE('',*,*,#6005,.T.);
#6005 = EDGE_CURVE('',#5985,#6006,#6008,.T.);
#6006 = VERTEX_POINT('',#6007);
#6007 = CARTESIAN_POINT('',(-6.,-11.59982864806,-7.62132034356));
#6008 = SURFACE_CURVE('',#6009,(#6013,#6019),.PCURVE_S1.);
#6009 = LINE('',#6010,#6011);
#6010 = CARTESIAN_POINT('',(-43.6643041517,-33.34532478889,
    30.042983808147));
#6011 = VECTOR('',#6012,1.);
#6012 = DIRECTION('',(-0.654653670708,-0.377964473009,0.654653670708));
#6013 = PCURVE('',#3885,#6014);
#6014 = DEFINITIONAL_REPRESENTATION('',(#6015),#6018);
#6015 = B_SPLINE_CURVE_WITH_KNOTS('',1,(#6016,#6017),.UNSPECIFIED.,.F.,
  .F.,(2,2),(-60.40290550174,-57.53317492434),.PIECEWISE_BEZIER_KNOTS.);
#6016 = CARTESIAN_POINT('',(10.969655114603,-4.12132034356));
#6017 = CARTESIAN_POINT('',(8.800342703869,-6.));
#6018 = ( GEOMETRIC_REPRESENTATION_CONTEXT(2) 
PARAMETRIC_REPRESENTATION_CONTEXT() REPRESENTATION_CONTEXT('2D SPACE',''
  ) );
#6019 = PCURVE('',#4454,#6020);
#6020 = DEFINITIONAL_REPRESENTATION('',(#6021),#6024);
#6021 = B_SPLINE_CURVE_WITH_KNOTS('',1,(#6022,#6023),.UNSPECIFIED.,.F.,
  .F.,(2,2),(-60.40290550174,-57.53317492434),.PIECEWISE_BEZIER_KNOTS.);
#6022 = CARTESIAN_POINT('',(115.67157287525,21.484827557301));
#6023 = CARTESIAN_POINT('',(113.01471862576,20.400171351935));
#6024 = ( GEOMETRIC_REPRESENTATION_CONTEXT(2) 
PARAMETRIC_REPRESENTATION_CONTEXT() REPRESENTATION_CONTEXT('2D SPACE',''
  ) );
#6025 = ORIENTED_EDGE('',*,*,#6026,.T.);
#6026 = EDGE_CURVE('',#6006,#6027,#6029,.T.);
#6027 = VERTEX_POINT('',#6028);
#6028 = CARTESIAN_POINT('',(-7.87867965644,-10.51517244269,-9.5));
#6029 = SURFACE_CURVE('',#6030,(#6034,#6040),.PCURVE_S1.);
#6030 = LINE('',#6031,#6032);
#6031 = CARTESIAN_POINT('',(-33.35239334176,4.192083010784,
    -34.97371368532));
#6032 = VECTOR('',#6033,1.);
#6033 = DIRECTION('',(-0.654653670708,0.377964473009,-0.654653670708));
#6034 = PCURVE('',#3885,#6035);
#6035 = DEFINITIONAL_REPRESENTATION('',(#6036),#6039);
#6036 = B_SPLINE_CURVE_WITH_KNOTS('',1,(#6037,#6038),.UNSPECIFIED.,.F.,
  .F.,(2,2),(-41.78147097561,-38.91174039821),.PIECEWISE_BEZIER_KNOTS.);
#6037 = CARTESIAN_POINT('',(8.800342703869,-6.));
#6038 = CARTESIAN_POINT('',(10.969655114603,-7.87867965644));
#6039 = ( GEOMETRIC_REPRESENTATION_CONTEXT(2) 
PARAMETRIC_REPRESENTATION_CONTEXT() REPRESENTATION_CONTEXT('2D SPACE',''
  ) );
#6040 = PCURVE('',#4428,#6041);
#6041 = DEFINITIONAL_REPRESENTATION('',(#6042),#6045);
#6042 = B_SPLINE_CURVE_WITH_KNOTS('',1,(#6043,#6044),.UNSPECIFIED.,.F.,
  .F.,(2,2),(-41.78147097561,-38.91174039821),.PIECEWISE_BEZIER_KNOTS.);
#6043 = CARTESIAN_POINT('',(110.01471862576,20.400171351935));
#6044 = CARTESIAN_POINT('',(107.35786437626,21.484827557301));
#6045 = ( GEOMETRIC_REPRESENTATION_CONTEXT(2) 
PARAMETRIC_REPRESENTATION_CONTEXT() REPRESENTATION_CONTEXT('2D SPACE',''
  ) );
#6046 = ORIENTED_EDGE('',*,*,#6047,.T.);
#6047 = EDGE_CURVE('',#6027,#6048,#6050,.T.);
#6048 = VERTEX_POINT('',#6049);
#6049 = CARTESIAN_POINT('',(-16.12132034356,-10.51517244269,-9.5));
#6050 = SURFACE_CURVE('',#6051,(#6055,#6061),.PCURVE_S1.);
#6051 = LINE('',#6052,#6053);
#6052 = CARTESIAN_POINT('',(-19.,-10.51517244269,-9.5));
#6053 = VECTOR('',#6054,1.);
#6054 = DIRECTION('',(-1.,-0.,0.));
#6055 = PCURVE('',#3885,#6056);
#6056 = DEFINITIONAL_REPRESENTATION('',(#6057),#6060);
#6057 = B_SPLINE_CURVE_WITH_KNOTS('',1,(#6058,#6059),.UNSPECIFIED.,.F.,
  .F.,(2,2),(-11.12132034356,-2.87867965644),.PIECEWISE_BEZIER_KNOTS.);
#6058 = CARTESIAN_POINT('',(10.969655114603,-7.87867965644));
#6059 = CARTESIAN_POINT('',(10.969655114603,-16.12132034356));
#6060 = ( GEOMETRIC_REPRESENTATION_CONTEXT(2) 
PARAMETRIC_REPRESENTATION_CONTEXT() REPRESENTATION_CONTEXT('2D SPACE',''
  ) );
#6061 = PCURVE('',#4402,#6062);
#6062 = DEFINITIONAL_REPRESENTATION('',(#6063),#6066);
#6063 = B_SPLINE_CURVE_WITH_KNOTS('',1,(#6064,#6065),.UNSPECIFIED.,.F.,
  .F.,(2,2),(-11.12132034356,-2.87867965644),.PIECEWISE_BEZIER_KNOTS.);
#6064 = CARTESIAN_POINT('',(30.12132034356,21.484827557301));
#6065 = CARTESIAN_POINT('',(21.87867965644,21.484827557301));
#6066 = ( GEOMETRIC_REPRESENTATION_CONTEXT(2) 
PARAMETRIC_REPRESENTATION_CONTEXT() REPRESENTATION_CONTEXT('2D SPACE',''
  ) );
#6067 = ORIENTED_EDGE('',*,*,#6068,.T.);
#6068 = EDGE_CURVE('',#6048,#6069,#6071,.T.);
#6069 = VERTEX_POINT('',#6070);
#6070 = CARTESIAN_POINT('',(-18.,-11.59982864806,-7.62132034356));
#6071 = SURFACE_CURVE('',#6072,(#6076,#6082),.PCURVE_S1.);
#6072 = LINE('',#6073,#6074);
#6073 = CARTESIAN_POINT('',(-47.95001843742,-28.89147985514,
    22.328698093861));
#6074 = VECTOR('',#6075,1.);
#6075 = DIRECTION('',(-0.654653670708,-0.377964473009,0.654653670708));
#6076 = PCURVE('',#3885,#6077);
#6077 = DEFINITIONAL_REPRESENTATION('',(#6078),#6081);
#6078 = B_SPLINE_CURVE_WITH_KNOTS('',1,(#6079,#6080),.UNSPECIFIED.,.F.,
  .F.,(2,2),(-48.619139429,-45.7494088516),.PIECEWISE_BEZIER_KNOTS.);
#6079 = CARTESIAN_POINT('',(10.969655114603,-16.12132034356));
#6080 = CARTESIAN_POINT('',(8.800342703869,-18.));
#6081 = ( GEOMETRIC_REPRESENTATION_CONTEXT(2) 
PARAMETRIC_REPRESENTATION_CONTEXT() REPRESENTATION_CONTEXT('2D SPACE',''
  ) );
#6082 = PCURVE('',#4376,#6083);
#6083 = DEFINITIONAL_REPRESENTATION('',(#6084),#6087);
#6084 = B_SPLINE_CURVE_WITH_KNOTS('',1,(#6085,#6086),.UNSPECIFIED.,.F.,
  .F.,(2,2),(-48.619139429,-45.7494088516),.PIECEWISE_BEZIER_KNOTS.);
#6085 = CARTESIAN_POINT('',(98.701010126777,21.484827557301));
#6086 = CARTESIAN_POINT('',(96.044155877284,20.400171351935));
#6087 = ( GEOMETRIC_REPRESENTATION_CONTEXT(2) 
PARAMETRIC_REPRESENTATION_CONTEXT() REPRESENTATION_CONTEXT('2D SPACE',''
  ) );
#6088 = ORIENTED_EDGE('',*,*,#6089,.T.);
#6089 = EDGE_CURVE('',#6069,#6090,#6092,.T.);
#6090 = VERTEX_POINT('',#6091);
#6091 = CARTESIAN_POINT('',(-19.87867965644,-10.51517244269,-9.5));
#6092 = SURFACE_CURVE('',#6093,(#6097,#6103),.PCURVE_S1.);
#6093 = LINE('',#6094,#6095);
#6094 = CARTESIAN_POINT('',(-37.63810762748,-0.261761922964,
    -27.25942797104));
#6095 = VECTOR('',#6096,1.);
#6096 = DIRECTION('',(-0.654653670708,0.377964473009,-0.654653670708));
#6097 = PCURVE('',#3885,#6098);
#6098 = DEFINITIONAL_REPRESENTATION('',(#6099),#6102);
#6099 = B_SPLINE_CURVE_WITH_KNOTS('',1,(#6100,#6101),.UNSPECIFIED.,.F.,
  .F.,(2,2),(-29.99770490287,-27.12797432547),.PIECEWISE_BEZIER_KNOTS.);
#6100 = CARTESIAN_POINT('',(8.800342703869,-18.));
#6101 = CARTESIAN_POINT('',(10.969655114603,-19.87867965644));
#6102 = ( GEOMETRIC_REPRESENTATION_CONTEXT(2) 
PARAMETRIC_REPRESENTATION_CONTEXT() REPRESENTATION_CONTEXT('2D SPACE',''
  ) );
#6103 = PCURVE('',#4350,#6104);
#6104 = DEFINITIONAL_REPRESENTATION('',(#6105),#6108);
#6105 = B_SPLINE_CURVE_WITH_KNOTS('',1,(#6106,#6107),.UNSPECIFIED.,.F.,
  .F.,(2,2),(-29.99770490287,-27.12797432547),.PIECEWISE_BEZIER_KNOTS.);
#6106 = CARTESIAN_POINT('',(93.044155877284,20.400171351935));
#6107 = CARTESIAN_POINT('',(90.387301627792,21.484827557301));
#6108 = ( GEOMETRIC_REPRESENTATION_CONTEXT(2) 
PARAMETRIC_REPRESENTATION_CONTEXT() REPRESENTATION_CONTEXT('2D SPACE',''
  ) );
#6109 = ORIENTED_EDGE('',*,*,#6110,.T.);
#6110 = EDGE_CURVE('',#6090,#6111,#6113,.T.);
#6111 = VERTEX_POINT('',#6112);
#6112 = CARTESIAN_POINT('',(-28.12132034356,-10.51517244269,-9.5));
#6113 = SURFACE_CURVE('',#6114,(#6118,#6124),.PCURVE_S1.);
#6114 = LINE('',#6115,#6116);
#6115 = CARTESIAN_POINT('',(-19.,-10.51517244269,-9.5));
#6116 = VECTOR('',#6117,1.);
#6117 = DIRECTION('',(-1.,-0.,0.));
#6118 = PCURVE('',#3885,#6119);
#6119 = DEFINITIONAL_REPRESENTATION('',(#6120),#6123);
#6120 = B_SPLINE_CURVE_WITH_KNOTS('',1,(#6121,#6122),.UNSPECIFIED.,.F.,
  .F.,(2,2),(0.87867965644,9.12132034356),.PIECEWISE_BEZIER_KNOTS.);
#6121 = CARTESIAN_POINT('',(10.969655114603,-19.87867965644));
#6122 = CARTESIAN_POINT('',(10.969655114603,-28.12132034356));
#6123 = ( GEOMETRIC_REPRESENTATION_CONTEXT(2) 
PARAMETRIC_REPRESENTATION_CONTEXT() REPRESENTATION_CONTEXT('2D SPACE',''
  ) );
#6124 = PCURVE('',#4324,#6125);
#6125 = DEFINITIONAL_REPRESENTATION('',(#6126),#6129);
#6126 = B_SPLINE_CURVE_WITH_KNOTS('',1,(#6127,#6128),.UNSPECIFIED.,.F.,
  .F.,(2,2),(0.87867965644,9.12132034356),.PIECEWISE_BEZIER_KNOTS.);
#6127 = CARTESIAN_POINT('',(18.12132034356,21.484827557301));
#6128 = CARTESIAN_POINT('',(9.87867965644,21.484827557301));
#6129 = ( GEOMETRIC_REPRESENTATION_CONTEXT(2) 
PARAMETRIC_REPRESENTATION_CONTEXT() REPRESENTATION_CONTEXT('2D SPACE',''
  ) );
#6130 = ORIENTED_EDGE('',*,*,#6131,.T.);
#6131 = EDGE_CURVE('',#6111,#6132,#6134,.T.);
#6132 = VERTEX_POINT('',#6133);
#6133 = CARTESIAN_POINT('',(-30.,-11.59982864806,-7.62132034356));
#6134 = SURFACE_CURVE('',#6135,(#6139,#6145),.PCURVE_S1.);
#6135 = LINE('',#6136,#6137);
#6136 = CARTESIAN_POINT('',(-52.23573272313,-24.43763492139,
    14.614412379576));
#6137 = VECTOR('',#6138,1.);
#6138 = DIRECTION('',(-0.654653670708,-0.377964473009,0.654653670708));
#6139 = PCURVE('',#3885,#6140);
#6140 = DEFINITIONAL_REPRESENTATION('',(#6141),#6144);
#6141 = B_SPLINE_CURVE_WITH_KNOTS('',1,(#6142,#6143),.UNSPECIFIED.,.F.,
  .F.,(2,2),(-36.83537335626,-33.96564277885),.PIECEWISE_BEZIER_KNOTS.);
#6142 = CARTESIAN_POINT('',(10.969655114603,-28.12132034356));
#6143 = CARTESIAN_POINT('',(8.800342703869,-30.));
#6144 = ( GEOMETRIC_REPRESENTATION_CONTEXT(2) 
PARAMETRIC_REPRESENTATION_CONTEXT() REPRESENTATION_CONTEXT('2D SPACE',''
  ) );
#6145 = PCURVE('',#4298,#6146);
#6146 = DEFINITIONAL_REPRESENTATION('',(#6147),#6150);
#6147 = B_SPLINE_CURVE_WITH_KNOTS('',1,(#6148,#6149),.UNSPECIFIED.,.F.,
  .F.,(2,2),(-36.83537335626,-33.96564277885),.PIECEWISE_BEZIER_KNOTS.);
#6148 = CARTESIAN_POINT('',(81.7304473783,21.484827557301));
#6149 = CARTESIAN_POINT('',(79.073593128807,20.400171351935));
#6150 = ( GEOMETRIC_REPRESENTATION_CONTEXT(2) 
PARAMETRIC_REPRESENTATION_CONTEXT() REPRESENTATION_CONTEXT('2D SPACE',''
  ) );
#6151 = ORIENTED_EDGE('',*,*,#6152,.T.);
#6152 = EDGE_CURVE('',#6132,#6153,#6155,.T.);
#6153 = VERTEX_POINT('',#6154);
#6154 = CARTESIAN_POINT('',(-31.87867965644,-10.51517244269,-9.5));
#6155 = SURFACE_CURVE('',#6156,(#6160,#6166),.PCURVE_S1.);
#6156 = LINE('',#6157,#6158);
#6157 = CARTESIAN_POINT('',(-41.92382191319,-4.715606856713,
    -19.54514225675));
#6158 = VECTOR('',#6159,1.);
#6159 = DIRECTION('',(-0.654653670708,0.377964473009,-0.654653670708));
#6160 = PCURVE('',#3885,#6161);
#6161 = DEFINITIONAL_REPRESENTATION('',(#6162),#6165);
#6162 = B_SPLINE_CURVE_WITH_KNOTS('',1,(#6163,#6164),.UNSPECIFIED.,.F.,
  .F.,(2,2),(-18.21393883013,-15.34420825272),.PIECEWISE_BEZIER_KNOTS.);
#6163 = CARTESIAN_POINT('',(8.800342703869,-30.));
#6164 = CARTESIAN_POINT('',(10.969655114603,-31.87867965644));
#6165 = ( GEOMETRIC_REPRESENTATION_CONTEXT(2) 
PARAMETRIC_REPRESENTATION_CONTEXT() REPRESENTATION_CONTEXT('2D SPACE',''
  ) );
#6166 = PCURVE('',#4272,#6167);
#6167 = DEFINITIONAL_REPRESENTATION('',(#6168),#6171);
#6168 = B_SPLINE_CURVE_WITH_KNOTS('',1,(#6169,#6170),.UNSPECIFIED.,.F.,
  .F.,(2,2),(-18.21393883013,-15.34420825272),.PIECEWISE_BEZIER_KNOTS.);
#6169 = CARTESIAN_POINT('',(76.073593128807,20.400171351935));
#6170 = CARTESIAN_POINT('',(73.416738879315,21.484827557301));
#6171 = ( GEOMETRIC_REPRESENTATION_CONTEXT(2) 
PARAMETRIC_REPRESENTATION_CONTEXT() REPRESENTATION_CONTEXT('2D SPACE',''
  ) );
#6172 = ORIENTED_EDGE('',*,*,#6173,.T.);
#6173 = EDGE_CURVE('',#6153,#6174,#6176,.T.);
#6174 = VERTEX_POINT('',#6175);
#6175 = CARTESIAN_POINT('',(-38.,-10.51517244269,-9.5));
#6176 = SURFACE_CURVE('',#6177,(#6181,#6187),.PCURVE_S1.);
#6177 = LINE('',#6178,#6179);
#6178 = CARTESIAN_POINT('',(-19.,-10.51517244269,-9.5));
#6179 = VECTOR('',#6180,1.);
#6180 = DIRECTION('',(-1.,-0.,0.));
#6181 = PCURVE('',#3885,#6182);
#6182 = DEFINITIONAL_REPRESENTATION('',(#6183),#6186);
#6183 = B_SPLINE_CURVE_WITH_KNOTS('',1,(#6184,#6185),.UNSPECIFIED.,.F.,
  .F.,(2,2),(12.87867965644,19.),.PIECEWISE_BEZIER_KNOTS.);
#6184 = CARTESIAN_POINT('',(10.969655114603,-31.87867965644));
#6185 = CARTESIAN_POINT('',(10.969655114603,-38.));
#6186 = ( GEOMETRIC_REPRESENTATION_CONTEXT(2) 
PARAMETRIC_REPRESENTATION_CONTEXT() REPRESENTATION_CONTEXT('2D SPACE',''
  ) );
#6187 = PCURVE('',#4246,#6188);
#6188 = DEFINITIONAL_REPRESENTATION('',(#6189),#6192);
#6189 = B_SPLINE_CURVE_WITH_KNOTS('',1,(#6190,#6191),.UNSPECIFIED.,.F.,
  .F.,(2,2),(12.87867965644,19.),.PIECEWISE_BEZIER_KNOTS.);
#6190 = CARTESIAN_POINT('',(6.12132034356,21.484827557301));
#6191 = CARTESIAN_POINT('',(0.,21.484827557301));
#6192 = ( GEOMETRIC_REPRESENTATION_CONTEXT(2) 
PARAMETRIC_REPRESENTATION_CONTEXT() REPRESENTATION_CONTEXT('2D SPACE',''
  ) );
#6193 = ORIENTED_EDGE('',*,*,#6194,.T.);
#6194 = EDGE_CURVE('',#6174,#6195,#6197,.T.);
#6195 = VERTEX_POINT('',#6196);
#6196 = CARTESIAN_POINT('',(-38.,-11.73991731409,-7.37867965644));
#6197 = SURFACE_CURVE('',#6198,(#6202,#6208),.PCURVE_S1.);
#6198 = LINE('',#6199,#6200);
#6199 = CARTESIAN_POINT('',(-38.,-15.94318966601,-9.839838486225E-02));
#6200 = VECTOR('',#6201,1.);
#6201 = DIRECTION('',(0.,-0.5,0.866025403784));
#6202 = PCURVE('',#3885,#6203);
#6203 = DEFINITIONAL_REPRESENTATION('',(#6204),#6207);
#6204 = B_SPLINE_CURVE_WITH_KNOTS('',1,(#6205,#6206),.UNSPECIFIED.,.F.,
  .F.,(2,2),(-10.85603444662,-8.406544703844),.PIECEWISE_BEZIER_KNOTS.);
#6205 = CARTESIAN_POINT('',(10.969655114603,-38.));
#6206 = CARTESIAN_POINT('',(8.52016537182,-38.));
#6207 = ( GEOMETRIC_REPRESENTATION_CONTEXT(2) 
PARAMETRIC_REPRESENTATION_CONTEXT() REPRESENTATION_CONTEXT('2D SPACE',''
  ) );
#6208 = PCURVE('',#4220,#6209);
#6209 = DEFINITIONAL_REPRESENTATION('',(#6210),#6213);
#6210 = B_SPLINE_CURVE_WITH_KNOTS('',1,(#6211,#6212),.UNSPECIFIED.,.F.,
  .F.,(2,2),(-10.85603444662,-8.406544703844),.PIECEWISE_BEZIER_KNOTS.);
#6211 = CARTESIAN_POINT('',(1.295283596378E-16,-21.4848275573));
#6212 = CARTESIAN_POINT('',(2.12132034356,-20.26008268591));
#6213 = ( GEOMETRIC_REPRESENTATION_CONTEXT(2) 
PARAMETRIC_REPRESENTATION_CONTEXT() REPRESENTATION_CONTEXT('2D SPACE',''
  ) );
#6214 = ORIENTED_EDGE('',*,*,#6215,.F.);
#6215 = EDGE_CURVE('',#6216,#6195,#6218,.T.);
#6216 = VERTEX_POINT('',#6217);
#6217 = CARTESIAN_POINT('',(-36.,-10.58521677571,-9.37867965644));
#6218 = SURFACE_CURVE('',#6219,(#6223,#6229),.PCURVE_S1.);
#6219 = LINE('',#6220,#6221);
#6220 = CARTESIAN_POINT('',(-54.09708090192,-21.03357130598,
    8.718401245484));
#6221 = VECTOR('',#6222,1.);
#6222 = DIRECTION('',(-0.654653670708,-0.377964473009,0.654653670708));
#6223 = PCURVE('',#3885,#6224);
#6224 = DEFINITIONAL_REPRESENTATION('',(#6225),#6228);
#6225 = B_SPLINE_CURVE_WITH_KNOTS('',1,(#6226,#6227),.UNSPECIFIED.,.F.,
  .F.,(2,2),(-27.64374769693,-24.58869723363),.PIECEWISE_BEZIER_KNOTS.);
#6226 = CARTESIAN_POINT('',(10.829566448578,-36.));
#6227 = CARTESIAN_POINT('',(8.52016537182,-38.));
#6228 = ( GEOMETRIC_REPRESENTATION_CONTEXT(2) 
PARAMETRIC_REPRESENTATION_CONTEXT() REPRESENTATION_CONTEXT('2D SPACE',''
  ) );
#6229 = PCURVE('',#4194,#6230);
#6230 = DEFINITIONAL_REPRESENTATION('',(#6231),#6234);
#6231 = B_SPLINE_CURVE_WITH_KNOTS('',1,(#6232,#6233),.UNSPECIFIED.,.F.,
  .F.,(2,2),(-27.64374769693,-24.58869723363),.PIECEWISE_BEZIER_KNOTS.);
#6232 = CARTESIAN_POINT('',(67.588311754569,21.414783224289));
#6233 = CARTESIAN_POINT('',(64.759884629822,20.26008268591));
#6234 = ( GEOMETRIC_REPRESENTATION_CONTEXT(2) 
PARAMETRIC_REPRESENTATION_CONTEXT() REPRESENTATION_CONTEXT('2D SPACE',''
  ) );
#6235 = ORIENTED_EDGE('',*,*,#6236,.F.);
#6236 = EDGE_CURVE('',#6237,#6216,#6239,.T.);
#6237 = VERTEX_POINT('',#6238);
#6238 = CARTESIAN_POINT('',(-32.12132034356,-12.82457351945,-5.5));
#6239 = SURFACE_CURVE('',#6240,(#6244,#6250),.PCURVE_S1.);
#6240 = LINE('',#6241,#6242);
#6241 = CARTESIAN_POINT('',(-44.34818802012,-5.765388175049,
    -17.72686767656));
#6242 = VECTOR('',#6243,1.);
#6243 = DIRECTION('',(-0.654653670708,0.377964473009,-0.654653670708));
#6244 = PCURVE('',#3885,#6245);
#6245 = DEFINITIONAL_REPRESENTATION('',(#6246),#6249);
#6246 = B_SPLINE_CURVE_WITH_KNOTS('',1,(#6247,#6248),.UNSPECIFIED.,.F.,
  .F.,(2,2),(-18.67684888001,-12.7520678393),.PIECEWISE_BEZIER_KNOTS.);
#6247 = CARTESIAN_POINT('',(6.350852961086,-32.12132034356));
#6248 = CARTESIAN_POINT('',(10.829566448578,-36.));
#6249 = ( GEOMETRIC_REPRESENTATION_CONTEXT(2) 
PARAMETRIC_REPRESENTATION_CONTEXT() REPRESENTATION_CONTEXT('2D SPACE',''
  ) );
#6250 = PCURVE('',#4168,#6251);
#6251 = DEFINITIONAL_REPRESENTATION('',(#6252),#6255);
#6252 = B_SPLINE_CURVE_WITH_KNOTS('',1,(#6253,#6254),.UNSPECIFIED.,.F.,
  .F.,(2,2),(-18.67684888001,-12.7520678393),.PIECEWISE_BEZIER_KNOTS.);
#6253 = CARTESIAN_POINT('',(76.073593128807,19.175426480543));
#6254 = CARTESIAN_POINT('',(70.588311754569,21.414783224289));
#6255 = ( GEOMETRIC_REPRESENTATION_CONTEXT(2) 
PARAMETRIC_REPRESENTATION_CONTEXT() REPRESENTATION_CONTEXT('2D SPACE',''
  ) );
#6256 = ORIENTED_EDGE('',*,*,#6257,.T.);
#6257 = EDGE_CURVE('',#6237,#6258,#6260,.T.);
#6258 = VERTEX_POINT('',#6259);
#6259 = CARTESIAN_POINT('',(-36.,-15.0639302632,-1.62132034356));
#6260 = SURFACE_CURVE('',#6261,(#6265,#6271),.PCURVE_S1.);
#6261 = LINE('',#6262,#6263);
#6262 = CARTESIAN_POINT('',(-52.23573272313,-24.43763492139,
    14.614412379576));
#6263 = VECTOR('',#6264,1.);
#6264 = DIRECTION('',(-0.654653670708,-0.377964473009,0.654653670708));
#6265 = PCURVE('',#3885,#6266);
#6266 = DEFINITIONAL_REPRESENTATION('',(#6267),#6270);
#6267 = B_SPLINE_CURVE_WITH_KNOTS('',1,(#6268,#6269),.UNSPECIFIED.,.F.,
  .F.,(2,2),(-30.72527242965,-24.80049138894),.PIECEWISE_BEZIER_KNOTS.);
#6268 = CARTESIAN_POINT('',(6.350852961086,-32.12132034356));
#6269 = CARTESIAN_POINT('',(1.872139473594,-36.));
#6270 = ( GEOMETRIC_REPRESENTATION_CONTEXT(2) 
PARAMETRIC_REPRESENTATION_CONTEXT() REPRESENTATION_CONTEXT('2D SPACE',''
  ) );
#6271 = PCURVE('',#4142,#6272);
#6272 = DEFINITIONAL_REPRESENTATION('',(#6273),#6276);
#6273 = B_SPLINE_CURVE_WITH_KNOTS('',1,(#6274,#6275),.UNSPECIFIED.,.F.,
  .F.,(2,2),(-30.72527242965,-24.80049138894),.PIECEWISE_BEZIER_KNOTS.);
#6274 = CARTESIAN_POINT('',(76.073593128807,19.175426480543));
#6275 = CARTESIAN_POINT('',(70.588311754569,16.936069736797));
#6276 = ( GEOMETRIC_REPRESENTATION_CONTEXT(2) 
PARAMETRIC_REPRESENTATION_CONTEXT() REPRESENTATION_CONTEXT('2D SPACE',''
  ) );
#6277 = ORIENTED_EDGE('',*,*,#6278,.T.);
#6278 = EDGE_CURVE('',#6258,#5450,#6279,.T.);
#6279 = SURFACE_CURVE('',#6280,(#6284,#6290),.PCURVE_S1.);
#6280 = LINE('',#6281,#6282);
#6281 = CARTESIAN_POINT('',(-46.20953619891,-9.169451790462,
    -11.83085654246));
#6282 = VECTOR('',#6283,1.);
#6283 = DIRECTION('',(-0.654653670708,0.377964473009,-0.654653670708));
#6284 = PCURVE('',#3885,#6285);
#6285 = DEFINITIONAL_REPRESENTATION('',(#6286),#6289);
#6286 = B_SPLINE_CURVE_WITH_KNOTS('',1,(#6287,#6288),.UNSPECIFIED.,.F.,
  .F.,(2,2),(-15.59532414729,-12.54027368399),.PIECEWISE_BEZIER_KNOTS.);
#6287 = CARTESIAN_POINT('',(1.872139473594,-36.));
#6288 = CARTESIAN_POINT('',(4.181540550352,-38.));
#6289 = ( GEOMETRIC_REPRESENTATION_CONTEXT(2) 
PARAMETRIC_REPRESENTATION_CONTEXT() REPRESENTATION_CONTEXT('2D SPACE',''
  ) );
#6290 = PCURVE('',#4116,#6291);
#6291 = DEFINITIONAL_REPRESENTATION('',(#6292),#6295);
#6292 = B_SPLINE_CURVE_WITH_KNOTS('',1,(#6293,#6294),.UNSPECIFIED.,.F.,
  .F.,(2,2),(-15.59532414729,-12.54027368399),.PIECEWISE_BEZIER_KNOTS.);
#6293 = CARTESIAN_POINT('',(67.588311754569,16.936069736797));
#6294 = CARTESIAN_POINT('',(64.759884629822,18.090770275176));
#6295 = ( GEOMETRIC_REPRESENTATION_CONTEXT(2) 
PARAMETRIC_REPRESENTATION_CONTEXT() REPRESENTATION_CONTEXT('2D SPACE',''
  ) );
#6296 = ORIENTED_EDGE('',*,*,#5449,.T.);
#6297 = ADVANCED_FACE('',(#6298),#3911,.T.);
#6298 = FACE_BOUND('',#6299,.T.);
#6299 = EDGE_LOOP('',(#6300,#6301,#6320,#6321));
#6300 = ORIENTED_EDGE('',*,*,#4829,.F.);
#6301 = ORIENTED_EDGE('',*,*,#6302,.F.);
#6302 = EDGE_CURVE('',#5691,#4804,#6303,.T.);
#6303 = SURFACE_CURVE('',#6304,(#6308,#6314),.PCURVE_S1.);
#6304 = LINE('',#6305,#6306);
#6305 = CARTESIAN_POINT('',(36.,-32.,-1.62132034356));
#6306 = VECTOR('',#6307,1.);
#6307 = DIRECTION('',(0.,1.,-0.));
#6308 = PCURVE('',#3911,#6309);
#6309 = DEFINITIONAL_REPRESENTATION('',(#6310),#6313);
#6310 = B_SPLINE_CURVE_WITH_KNOTS('',1,(#6311,#6312),.UNSPECIFIED.,.F.,
  .F.,(2,2),(0.,64.),.PIECEWISE_BEZIER_KNOTS.);
#6311 = CARTESIAN_POINT('',(172.41168824543,0.));
#6312 = CARTESIAN_POINT('',(172.41168824543,64.));
#6313 = ( GEOMETRIC_REPRESENTATION_CONTEXT(2) 
PARAMETRIC_REPRESENTATION_CONTEXT() REPRESENTATION_CONTEXT('2D SPACE',''
  ) );
#6314 = PCURVE('',#4818,#6315);
#6315 = DEFINITIONAL_REPRESENTATION('',(#6316),#6319);
#6316 = B_SPLINE_CURVE_WITH_KNOTS('',1,(#6317,#6318),.UNSPECIFIED.,.F.,
  .F.,(2,2),(0.,64.),.PIECEWISE_BEZIER_KNOTS.);
#6317 = CARTESIAN_POINT('',(169.41168824543,0.));
#6318 = CARTESIAN_POINT('',(169.41168824543,64.));
#6319 = ( GEOMETRIC_REPRESENTATION_CONTEXT(2) 
PARAMETRIC_REPRESENTATION_CONTEXT() REPRESENTATION_CONTEXT('2D SPACE',''
  ) );
#6320 = ORIENTED_EDGE('',*,*,#5690,.F.);
#6321 = ORIENTED_EDGE('',*,*,#3896,.T.);
#6322 = ADVANCED_FACE('',(#6323),#3983,.T.);
#6323 = FACE_BOUND('',#6324,.T.);
#6324 = EDGE_LOOP('',(#6325,#6326,#6327,#6328));
#6325 = ORIENTED_EDGE('',*,*,#3965,.T.);
#6326 = ORIENTED_EDGE('',*,*,#4890,.T.);
#6327 = ORIENTED_EDGE('',*,*,#5666,.T.);
#6328 = ORIENTED_EDGE('',*,*,#6329,.T.);
#6329 = EDGE_CURVE('',#5644,#3966,#6330,.T.);
#6330 = SURFACE_CURVE('',#6331,(#6335,#6342),.PCURVE_S1.);
#6331 = LINE('',#6332,#6333);
#6332 = CARTESIAN_POINT('',(60.,-8.,-13.85640646055));
#6333 = VECTOR('',#6334,1.);
#6334 = DIRECTION('',(0.,1.,-2.22044604925E-16));
#6335 = PCURVE('',#3983,#6336);
#6336 = DEFINITIONAL_REPRESENTATION('',(#6337),#6341);
#6337 = LINE('',#6338,#6339);
#6338 = CARTESIAN_POINT('',(-8.,-13.85640646055));
#6339 = VECTOR('',#6340,1.);
#6340 = DIRECTION('',(1.,-2.22044604925E-16));
#6341 = ( GEOMETRIC_REPRESENTATION_CONTEXT(2) 
PARAMETRIC_REPRESENTATION_CONTEXT() REPRESENTATION_CONTEXT('2D SPACE',''
  ) );
#6342 = PCURVE('',#4011,#6343);
#6343 = DEFINITIONAL_REPRESENTATION('',(#6344),#6348);
#6344 = LINE('',#6345,#6346);
#6345 = CARTESIAN_POINT('',(0.,60.));
#6346 = VECTOR('',#6347,1.);
#6347 = DIRECTION('',(1.,0.));
#6348 = ( GEOMETRIC_REPRESENTATION_CONTEXT(2) 
PARAMETRIC_REPRESENTATION_CONTEXT() REPRESENTATION_CONTEXT('2D SPACE',''
  ) );
#6349 = ADVANCED_FACE('',(#6350),#4818,.T.);
#6350 = FACE_BOUND('',#6351,.T.);
#6351 = EDGE_LOOP('',(#6352,#6353,#6372,#6373));
#6352 = ORIENTED_EDGE('',*,*,#4803,.F.);
#6353 = ORIENTED_EDGE('',*,*,#6354,.F.);
#6354 = EDGE_CURVE('',#5712,#4778,#6355,.T.);
#6355 = SURFACE_CURVE('',#6356,(#6360,#6366),.PCURVE_S1.);
#6356 = LINE('',#6357,#6358);
#6357 = CARTESIAN_POINT('',(32.12132034356,-32.,-5.5));
#6358 = VECTOR('',#6359,1.);
#6359 = DIRECTION('',(0.,1.,-0.));
#6360 = PCURVE('',#4818,#6361);
#6361 = DEFINITIONAL_REPRESENTATION('',(#6362),#6365);
#6362 = B_SPLINE_CURVE_WITH_KNOTS('',1,(#6363,#6364),.UNSPECIFIED.,.F.,
  .F.,(2,2),(0.,64.),.PIECEWISE_BEZIER_KNOTS.);
#6363 = CARTESIAN_POINT('',(163.92640687119,0.));
#6364 = CARTESIAN_POINT('',(163.92640687119,64.));
#6365 = ( GEOMETRIC_REPRESENTATION_CONTEXT(2) 
PARAMETRIC_REPRESENTATION_CONTEXT() REPRESENTATION_CONTEXT('2D SPACE',''
  ) );
#6366 = PCURVE('',#4792,#6367);
#6367 = DEFINITIONAL_REPRESENTATION('',(#6368),#6371);
#6368 = B_SPLINE_CURVE_WITH_KNOTS('',1,(#6369,#6370),.UNSPECIFIED.,.F.,
  .F.,(2,2),(0.,64.),.PIECEWISE_BEZIER_KNOTS.);
#6369 = CARTESIAN_POINT('',(163.92640687119,0.));
#6370 = CARTESIAN_POINT('',(163.92640687119,64.));
#6371 = ( GEOMETRIC_REPRESENTATION_CONTEXT(2) 
PARAMETRIC_REPRESENTATION_CONTEXT() REPRESENTATION_CONTEXT('2D SPACE',''
  ) );
#6372 = ORIENTED_EDGE('',*,*,#5711,.F.);
#6373 = ORIENTED_EDGE('',*,*,#6302,.T.);
#6374 = ADVANCED_FACE('',(#6375),#4792,.F.);
#6375 = FACE_BOUND('',#6376,.F.);
#6376 = EDGE_LOOP('',(#6377,#6378,#6379,#6380));
#6377 = ORIENTED_EDGE('',*,*,#4777,.F.);
#6378 = ORIENTED_EDGE('',*,*,#6354,.F.);
#6379 = ORIENTED_EDGE('',*,*,#5732,.F.);
#6380 = ORIENTED_EDGE('',*,*,#6381,.T.);
#6381 = EDGE_CURVE('',#5733,#4752,#6382,.T.);
#6382 = SURFACE_CURVE('',#6383,(#6387,#6393),.PCURVE_S1.);
#6383 = LINE('',#6384,#6385);
#6384 = CARTESIAN_POINT('',(36.,-32.,-9.37867965644));
#6385 = VECTOR('',#6386,1.);
#6386 = DIRECTION('',(0.,1.,-0.));
#6387 = PCURVE('',#4792,#6388);
#6388 = DEFINITIONAL_REPRESENTATION('',(#6389),#6392);
#6389 = B_SPLINE_CURVE_WITH_KNOTS('',1,(#6390,#6391),.UNSPECIFIED.,.F.,
  .F.,(2,2),(0.,64.),.PIECEWISE_BEZIER_KNOTS.);
#6390 = CARTESIAN_POINT('',(169.41168824543,0.));
#6391 = CARTESIAN_POINT('',(169.41168824543,64.));
#6392 = ( GEOMETRIC_REPRESENTATION_CONTEXT(2) 
PARAMETRIC_REPRESENTATION_CONTEXT() REPRESENTATION_CONTEXT('2D SPACE',''
  ) );
#6393 = PCURVE('',#4766,#6394);
#6394 = DEFINITIONAL_REPRESENTATION('',(#6395),#6398);
#6395 = B_SPLINE_CURVE_WITH_KNOTS('',1,(#6396,#6397),.UNSPECIFIED.,.F.,
  .F.,(2,2),(0.,64.),.PIECEWISE_BEZIER_KNOTS.);
#6396 = CARTESIAN_POINT('',(172.41168824543,0.));
#6397 = CARTESIAN_POINT('',(172.41168824543,64.));
#6398 = ( GEOMETRIC_REPRESENTATION_CONTEXT(2) 
PARAMETRIC_REPRESENTATION_CONTEXT() REPRESENTATION_CONTEXT('2D SPACE',''
  ) );
#6399 = ADVANCED_FACE('',(#6400),#4766,.F.);
#6400 = FACE_BOUND('',#6401,.F.);
#6401 = EDGE_LOOP('',(#6402,#6403,#6404,#6405));
#6402 = ORIENTED_EDGE('',*,*,#4751,.F.);
#6403 = ORIENTED_EDGE('',*,*,#6381,.F.);
#6404 = ORIENTED_EDGE('',*,*,#5753,.F.);
#6405 = ORIENTED_EDGE('',*,*,#6406,.T.);
#6406 = EDGE_CURVE('',#5754,#4726,#6407,.T.);
#6407 = SURFACE_CURVE('',#6408,(#6412,#6418),.PCURVE_S1.);
#6408 = LINE('',#6409,#6410);
#6409 = CARTESIAN_POINT('',(38.,-32.,-7.37867965644));
#6410 = VECTOR('',#6411,1.);
#6411 = DIRECTION('',(0.,1.,-0.));
#6412 = PCURVE('',#4766,#6413);
#6413 = DEFINITIONAL_REPRESENTATION('',(#6414),#6417);
#6414 = B_SPLINE_CURVE_WITH_KNOTS('',1,(#6415,#6416),.UNSPECIFIED.,.F.,
  .F.,(2,2),(0.,64.),.PIECEWISE_BEZIER_KNOTS.);
#6415 = CARTESIAN_POINT('',(175.24011537017,0.));
#6416 = CARTESIAN_POINT('',(175.24011537017,64.));
#6417 = ( GEOMETRIC_REPRESENTATION_CONTEXT(2) 
PARAMETRIC_REPRESENTATION_CONTEXT() REPRESENTATION_CONTEXT('2D SPACE',''
  ) );
#6418 = PCURVE('',#4740,#6419);
#6419 = DEFINITIONAL_REPRESENTATION('',(#6420),#6423);
#6420 = B_SPLINE_CURVE_WITH_KNOTS('',1,(#6421,#6422),.UNSPECIFIED.,.F.,
  .F.,(2,2),(0.,64.),.PIECEWISE_BEZIER_KNOTS.);
#6421 = CARTESIAN_POINT('',(2.12132034356,0.));
#6422 = CARTESIAN_POINT('',(2.12132034356,-64.));
#6423 = ( GEOMETRIC_REPRESENTATION_CONTEXT(2) 
PARAMETRIC_REPRESENTATION_CONTEXT() REPRESENTATION_CONTEXT('2D SPACE',''
  ) );
#6424 = ADVANCED_FACE('',(#6425),#4740,.F.);
#6425 = FACE_BOUND('',#6426,.F.);
#6426 = EDGE_LOOP('',(#6427,#6428,#6449,#6450));
#6427 = ORIENTED_EDGE('',*,*,#5774,.F.);
#6428 = ORIENTED_EDGE('',*,*,#6429,.T.);
#6429 = EDGE_CURVE('',#5775,#4700,#6430,.T.);
#6430 = SURFACE_CURVE('',#6431,(#6435,#6442),.PCURVE_S1.);
#6431 = LINE('',#6432,#6433);
#6432 = CARTESIAN_POINT('',(38.,-32.,-9.5));
#6433 = VECTOR('',#6434,1.);
#6434 = DIRECTION('',(0.,1.,0.));
#6435 = PCURVE('',#4740,#6436);
#6436 = DEFINITIONAL_REPRESENTATION('',(#6437),#6441);
#6437 = LINE('',#6438,#6439);
#6438 = CARTESIAN_POINT('',(0.,0.));
#6439 = VECTOR('',#6440,1.);
#6440 = DIRECTION('',(0.,-1.));
#6441 = ( GEOMETRIC_REPRESENTATION_CONTEXT(2) 
PARAMETRIC_REPRESENTATION_CONTEXT() REPRESENTATION_CONTEXT('2D SPACE',''
  ) );
#6442 = PCURVE('',#4714,#6443);
#6443 = DEFINITIONAL_REPRESENTATION('',(#6444),#6448);
#6444 = LINE('',#6445,#6446);
#6445 = CARTESIAN_POINT('',(76.,0.));
#6446 = VECTOR('',#6447,1.);
#6447 = DIRECTION('',(0.,1.));
#6448 = ( GEOMETRIC_REPRESENTATION_CONTEXT(2) 
PARAMETRIC_REPRESENTATION_CONTEXT() REPRESENTATION_CONTEXT('2D SPACE',''
  ) );
#6449 = ORIENTED_EDGE('',*,*,#4725,.F.);
#6450 = ORIENTED_EDGE('',*,*,#6406,.F.);
#6451 = ADVANCED_FACE('',(#6452),#4714,.T.);
#6452 = FACE_BOUND('',#6453,.T.);
#6453 = EDGE_LOOP('',(#6454,#6455,#6474,#6475));
#6454 = ORIENTED_EDGE('',*,*,#4699,.F.);
#6455 = ORIENTED_EDGE('',*,*,#6456,.T.);
#6456 = EDGE_CURVE('',#4674,#5796,#6457,.T.);
#6457 = SURFACE_CURVE('',#6458,(#6462,#6468),.PCURVE_S1.);
#6458 = LINE('',#6459,#6460);
#6459 = CARTESIAN_POINT('',(31.87867965644,-32.,-9.5));
#6460 = VECTOR('',#6461,1.);
#6461 = DIRECTION('',(0.,-1.,0.));
#6462 = PCURVE('',#4714,#6463);
#6463 = DEFINITIONAL_REPRESENTATION('',(#6464),#6467);
#6464 = B_SPLINE_CURVE_WITH_KNOTS('',1,(#6465,#6466),.UNSPECIFIED.,.F.,
  .F.,(2,2),(-64.,0.),.PIECEWISE_BEZIER_KNOTS.);
#6465 = CARTESIAN_POINT('',(69.87867965644,64.));
#6466 = CARTESIAN_POINT('',(69.87867965644,0.));
#6467 = ( GEOMETRIC_REPRESENTATION_CONTEXT(2) 
PARAMETRIC_REPRESENTATION_CONTEXT() REPRESENTATION_CONTEXT('2D SPACE',''
  ) );
#6468 = PCURVE('',#4688,#6469);
#6469 = DEFINITIONAL_REPRESENTATION('',(#6470),#6473);
#6470 = B_SPLINE_CURVE_WITH_KNOTS('',1,(#6471,#6472),.UNSPECIFIED.,.F.,
  .F.,(2,2),(-64.,0.),.PIECEWISE_BEZIER_KNOTS.);
#6471 = CARTESIAN_POINT('',(166.58326112068,64.));
#6472 = CARTESIAN_POINT('',(166.58326112068,0.));
#6473 = ( GEOMETRIC_REPRESENTATION_CONTEXT(2) 
PARAMETRIC_REPRESENTATION_CONTEXT() REPRESENTATION_CONTEXT('2D SPACE',''
  ) );
#6474 = ORIENTED_EDGE('',*,*,#5795,.F.);
#6475 = ORIENTED_EDGE('',*,*,#6429,.T.);
#6476 = ADVANCED_FACE('',(#6477),#4688,.T.);
#6477 = FACE_BOUND('',#6478,.T.);
#6478 = EDGE_LOOP('',(#6479,#6480,#6499,#6500));
#6479 = ORIENTED_EDGE('',*,*,#4673,.F.);
#6480 = ORIENTED_EDGE('',*,*,#6481,.F.);
#6481 = EDGE_CURVE('',#5817,#4648,#6482,.T.);
#6482 = SURFACE_CURVE('',#6483,(#6487,#6493),.PCURVE_S1.);
#6483 = LINE('',#6484,#6485);
#6484 = CARTESIAN_POINT('',(30.,-32.,-7.62132034356));
#6485 = VECTOR('',#6486,1.);
#6486 = DIRECTION('',(0.,1.,-0.));
#6487 = PCURVE('',#4688,#6488);
#6488 = DEFINITIONAL_REPRESENTATION('',(#6489),#6492);
#6489 = B_SPLINE_CURVE_WITH_KNOTS('',1,(#6490,#6491),.UNSPECIFIED.,.F.,
  .F.,(2,2),(0.,64.),.PIECEWISE_BEZIER_KNOTS.);
#6490 = CARTESIAN_POINT('',(163.92640687119,0.));
#6491 = CARTESIAN_POINT('',(163.92640687119,64.));
#6492 = ( GEOMETRIC_REPRESENTATION_CONTEXT(2) 
PARAMETRIC_REPRESENTATION_CONTEXT() REPRESENTATION_CONTEXT('2D SPACE',''
  ) );
#6493 = PCURVE('',#4662,#6494);
#6494 = DEFINITIONAL_REPRESENTATION('',(#6495),#6498);
#6495 = B_SPLINE_CURVE_WITH_KNOTS('',1,(#6496,#6497),.UNSPECIFIED.,.F.,
  .F.,(2,2),(0.,64.),.PIECEWISE_BEZIER_KNOTS.);
#6496 = CARTESIAN_POINT('',(160.92640687119,0.));
#6497 = CARTESIAN_POINT('',(160.92640687119,64.));
#6498 = ( GEOMETRIC_REPRESENTATION_CONTEXT(2) 
PARAMETRIC_REPRESENTATION_CONTEXT() REPRESENTATION_CONTEXT('2D SPACE',''
  ) );
#6499 = ORIENTED_EDGE('',*,*,#5816,.F.);
#6500 = ORIENTED_EDGE('',*,*,#6456,.F.);
#6501 = ADVANCED_FACE('',(#6502),#4662,.T.);
#6502 = FACE_BOUND('',#6503,.T.);
#6503 = EDGE_LOOP('',(#6504,#6505,#6524,#6525));
#6504 = ORIENTED_EDGE('',*,*,#4647,.F.);
#6505 = ORIENTED_EDGE('',*,*,#6506,.F.);
#6506 = EDGE_CURVE('',#5838,#4622,#6507,.T.);
#6507 = SURFACE_CURVE('',#6508,(#6512,#6518),.PCURVE_S1.);
#6508 = LINE('',#6509,#6510);
#6509 = CARTESIAN_POINT('',(28.12132034356,-32.,-9.5));
#6510 = VECTOR('',#6511,1.);
#6511 = DIRECTION('',(0.,1.,-0.));
#6512 = PCURVE('',#4662,#6513);
#6513 = DEFINITIONAL_REPRESENTATION('',(#6514),#6517);
#6514 = B_SPLINE_CURVE_WITH_KNOTS('',1,(#6515,#6516),.UNSPECIFIED.,.F.,
  .F.,(2,2),(0.,64.),.PIECEWISE_BEZIER_KNOTS.);
#6515 = CARTESIAN_POINT('',(158.2695526217,0.));
#6516 = CARTESIAN_POINT('',(158.2695526217,64.));
#6517 = ( GEOMETRIC_REPRESENTATION_CONTEXT(2) 
PARAMETRIC_REPRESENTATION_CONTEXT() REPRESENTATION_CONTEXT('2D SPACE',''
  ) );
#6518 = PCURVE('',#4636,#6519);
#6519 = DEFINITIONAL_REPRESENTATION('',(#6520),#6523);
#6520 = B_SPLINE_CURVE_WITH_KNOTS('',1,(#6521,#6522),.UNSPECIFIED.,.F.,
  .F.,(2,2),(0.,64.),.PIECEWISE_BEZIER_KNOTS.);
#6521 = CARTESIAN_POINT('',(66.12132034356,0.));
#6522 = CARTESIAN_POINT('',(66.12132034356,64.));
#6523 = ( GEOMETRIC_REPRESENTATION_CONTEXT(2) 
PARAMETRIC_REPRESENTATION_CONTEXT() REPRESENTATION_CONTEXT('2D SPACE',''
  ) );
#6524 = ORIENTED_EDGE('',*,*,#5837,.F.);
#6525 = ORIENTED_EDGE('',*,*,#6481,.T.);
#6526 = ADVANCED_FACE('',(#6527),#4636,.T.);
#6527 = FACE_BOUND('',#6528,.T.);
#6528 = EDGE_LOOP('',(#6529,#6530,#6549,#6550));
#6529 = ORIENTED_EDGE('',*,*,#4621,.F.);
#6530 = ORIENTED_EDGE('',*,*,#6531,.T.);
#6531 = EDGE_CURVE('',#4596,#5859,#6532,.T.);
#6532 = SURFACE_CURVE('',#6533,(#6537,#6543),.PCURVE_S1.);
#6533 = LINE('',#6534,#6535);
#6534 = CARTESIAN_POINT('',(19.87867965644,-32.,-9.5));
#6535 = VECTOR('',#6536,1.);
#6536 = DIRECTION('',(0.,-1.,0.));
#6537 = PCURVE('',#4636,#6538);
#6538 = DEFINITIONAL_REPRESENTATION('',(#6539),#6542);
#6539 = B_SPLINE_CURVE_WITH_KNOTS('',1,(#6540,#6541),.UNSPECIFIED.,.F.,
  .F.,(2,2),(-64.,0.),.PIECEWISE_BEZIER_KNOTS.);
#6540 = CARTESIAN_POINT('',(57.87867965644,64.));
#6541 = CARTESIAN_POINT('',(57.87867965644,0.));
#6542 = ( GEOMETRIC_REPRESENTATION_CONTEXT(2) 
PARAMETRIC_REPRESENTATION_CONTEXT() REPRESENTATION_CONTEXT('2D SPACE',''
  ) );
#6543 = PCURVE('',#4610,#6544);
#6544 = DEFINITIONAL_REPRESENTATION('',(#6545),#6548);
#6545 = B_SPLINE_CURVE_WITH_KNOTS('',1,(#6546,#6547),.UNSPECIFIED.,.F.,
  .F.,(2,2),(-64.,0.),.PIECEWISE_BEZIER_KNOTS.);
#6546 = CARTESIAN_POINT('',(149.6126983722,64.));
#6547 = CARTESIAN_POINT('',(149.6126983722,0.));
#6548 = ( GEOMETRIC_REPRESENTATION_CONTEXT(2) 
PARAMETRIC_REPRESENTATION_CONTEXT() REPRESENTATION_CONTEXT('2D SPACE',''
  ) );
#6549 = ORIENTED_EDGE('',*,*,#5858,.F.);
#6550 = ORIENTED_EDGE('',*,*,#6506,.T.);
#6551 = ADVANCED_FACE('',(#6552),#4610,.T.);
#6552 = FACE_BOUND('',#6553,.T.);
#6553 = EDGE_LOOP('',(#6554,#6555,#6574,#6575));
#6554 = ORIENTED_EDGE('',*,*,#4595,.F.);
#6555 = ORIENTED_EDGE('',*,*,#6556,.F.);
#6556 = EDGE_CURVE('',#5880,#4570,#6557,.T.);
#6557 = SURFACE_CURVE('',#6558,(#6562,#6568),.PCURVE_S1.);
#6558 = LINE('',#6559,#6560);
#6559 = CARTESIAN_POINT('',(18.,-32.,-7.62132034356));
#6560 = VECTOR('',#6561,1.);
#6561 = DIRECTION('',(0.,1.,-0.));
#6562 = PCURVE('',#4610,#6563);
#6563 = DEFINITIONAL_REPRESENTATION('',(#6564),#6567);
#6564 = B_SPLINE_CURVE_WITH_KNOTS('',1,(#6565,#6566),.UNSPECIFIED.,.F.,
  .F.,(2,2),(0.,64.),.PIECEWISE_BEZIER_KNOTS.);
#6565 = CARTESIAN_POINT('',(146.95584412271,0.));
#6566 = CARTESIAN_POINT('',(146.95584412271,64.));
#6567 = ( GEOMETRIC_REPRESENTATION_CONTEXT(2) 
PARAMETRIC_REPRESENTATION_CONTEXT() REPRESENTATION_CONTEXT('2D SPACE',''
  ) );
#6568 = PCURVE('',#4584,#6569);
#6569 = DEFINITIONAL_REPRESENTATION('',(#6570),#6573);
#6570 = B_SPLINE_CURVE_WITH_KNOTS('',1,(#6571,#6572),.UNSPECIFIED.,.F.,
  .F.,(2,2),(0.,64.),.PIECEWISE_BEZIER_KNOTS.);
#6571 = CARTESIAN_POINT('',(143.95584412271,0.));
#6572 = CARTESIAN_POINT('',(143.95584412271,64.));
#6573 = ( GEOMETRIC_REPRESENTATION_CONTEXT(2) 
PARAMETRIC_REPRESENTATION_CONTEXT() REPRESENTATION_CONTEXT('2D SPACE',''
  ) );
#6574 = ORIENTED_EDGE('',*,*,#5879,.F.);
#6575 = ORIENTED_EDGE('',*,*,#6531,.F.);
#6576 = ADVANCED_FACE('',(#6577),#4584,.T.);
#6577 = FACE_BOUND('',#6578,.T.);
#6578 = EDGE_LOOP('',(#6579,#6580,#6599,#6600));
#6579 = ORIENTED_EDGE('',*,*,#4569,.F.);
#6580 = ORIENTED_EDGE('',*,*,#6581,.F.);
#6581 = EDGE_CURVE('',#5901,#4544,#6582,.T.);
#6582 = SURFACE_CURVE('',#6583,(#6587,#6593),.PCURVE_S1.);
#6583 = LINE('',#6584,#6585);
#6584 = CARTESIAN_POINT('',(16.12132034356,-32.,-9.5));
#6585 = VECTOR('',#6586,1.);
#6586 = DIRECTION('',(0.,1.,-0.));
#6587 = PCURVE('',#4584,#6588);
#6588 = DEFINITIONAL_REPRESENTATION('',(#6589),#6592);
#6589 = B_SPLINE_CURVE_WITH_KNOTS('',1,(#6590,#6591),.UNSPECIFIED.,.F.,
  .F.,(2,2),(0.,64.),.PIECEWISE_BEZIER_KNOTS.);
#6590 = CARTESIAN_POINT('',(141.29898987322,0.));
#6591 = CARTESIAN_POINT('',(141.29898987322,64.));
#6592 = ( GEOMETRIC_REPRESENTATION_CONTEXT(2) 
PARAMETRIC_REPRESENTATION_CONTEXT() REPRESENTATION_CONTEXT('2D SPACE',''
  ) );
#6593 = PCURVE('',#4558,#6594);
#6594 = DEFINITIONAL_REPRESENTATION('',(#6595),#6598);
#6595 = B_SPLINE_CURVE_WITH_KNOTS('',1,(#6596,#6597),.UNSPECIFIED.,.F.,
  .F.,(2,2),(0.,64.),.PIECEWISE_BEZIER_KNOTS.);
#6596 = CARTESIAN_POINT('',(54.12132034356,0.));
#6597 = CARTESIAN_POINT('',(54.12132034356,64.));
#6598 = ( GEOMETRIC_REPRESENTATION_CONTEXT(2) 
PARAMETRIC_REPRESENTATION_CONTEXT() REPRESENTATION_CONTEXT('2D SPACE',''
  ) );
#6599 = ORIENTED_EDGE('',*,*,#5900,.F.);
#6600 = ORIENTED_EDGE('',*,*,#6556,.T.);
#6601 = ADVANCED_FACE('',(#6602),#4558,.T.);
#6602 = FACE_BOUND('',#6603,.T.);
#6603 = EDGE_LOOP('',(#6604,#6605,#6624,#6625));
#6604 = ORIENTED_EDGE('',*,*,#4543,.F.);
#6605 = ORIENTED_EDGE('',*,*,#6606,.T.);
#6606 = EDGE_CURVE('',#4518,#5922,#6607,.T.);
#6607 = SURFACE_CURVE('',#6608,(#6612,#6618),.PCURVE_S1.);
#6608 = LINE('',#6609,#6610);
#6609 = CARTESIAN_POINT('',(7.87867965644,-32.,-9.5));
#6610 = VECTOR('',#6611,1.);
#6611 = DIRECTION('',(0.,-1.,0.));
#6612 = PCURVE('',#4558,#6613);
#6613 = DEFINITIONAL_REPRESENTATION('',(#6614),#6617);
#6614 = B_SPLINE_CURVE_WITH_KNOTS('',1,(#6615,#6616),.UNSPECIFIED.,.F.,
  .F.,(2,2),(-64.,0.),.PIECEWISE_BEZIER_KNOTS.);
#6615 = CARTESIAN_POINT('',(45.87867965644,64.));
#6616 = CARTESIAN_POINT('',(45.87867965644,0.));
#6617 = ( GEOMETRIC_REPRESENTATION_CONTEXT(2) 
PARAMETRIC_REPRESENTATION_CONTEXT() REPRESENTATION_CONTEXT('2D SPACE',''
  ) );
#6618 = PCURVE('',#4532,#6619);
#6619 = DEFINITIONAL_REPRESENTATION('',(#6620),#6623);
#6620 = B_SPLINE_CURVE_WITH_KNOTS('',1,(#6621,#6622),.UNSPECIFIED.,.F.,
  .F.,(2,2),(-64.,0.),.PIECEWISE_BEZIER_KNOTS.);
#6621 = CARTESIAN_POINT('',(132.64213562373,64.));
#6622 = CARTESIAN_POINT('',(132.64213562373,0.));
#6623 = ( GEOMETRIC_REPRESENTATION_CONTEXT(2) 
PARAMETRIC_REPRESENTATION_CONTEXT() REPRESENTATION_CONTEXT('2D SPACE',''
  ) );
#6624 = ORIENTED_EDGE('',*,*,#5921,.F.);
#6625 = ORIENTED_EDGE('',*,*,#6581,.T.);
#6626 = ADVANCED_FACE('',(#6627),#4532,.T.);
#6627 = FACE_BOUND('',#6628,.T.);
#6628 = EDGE_LOOP('',(#6629,#6630,#6649,#6650));
#6629 = ORIENTED_EDGE('',*,*,#4517,.F.);
#6630 = ORIENTED_EDGE('',*,*,#6631,.F.);
#6631 = EDGE_CURVE('',#5943,#4492,#6632,.T.);
#6632 = SURFACE_CURVE('',#6633,(#6637,#6643),.PCURVE_S1.);
#6633 = LINE('',#6634,#6635);
#6634 = CARTESIAN_POINT('',(6.,-32.,-7.62132034356));
#6635 = VECTOR('',#6636,1.);
#6636 = DIRECTION('',(0.,1.,-0.));
#6637 = PCURVE('',#4532,#6638);
#6638 = DEFINITIONAL_REPRESENTATION('',(#6639),#6642);
#6639 = B_SPLINE_CURVE_WITH_KNOTS('',1,(#6640,#6641),.UNSPECIFIED.,.F.,
  .F.,(2,2),(0.,64.),.PIECEWISE_BEZIER_KNOTS.);
#6640 = CARTESIAN_POINT('',(129.98528137423,0.));
#6641 = CARTESIAN_POINT('',(129.98528137423,64.));
#6642 = ( GEOMETRIC_REPRESENTATION_CONTEXT(2) 
PARAMETRIC_REPRESENTATION_CONTEXT() REPRESENTATION_CONTEXT('2D SPACE',''
  ) );
#6643 = PCURVE('',#4506,#6644);
#6644 = DEFINITIONAL_REPRESENTATION('',(#6645),#6648);
#6645 = B_SPLINE_CURVE_WITH_KNOTS('',1,(#6646,#6647),.UNSPECIFIED.,.F.,
  .F.,(2,2),(0.,64.),.PIECEWISE_BEZIER_KNOTS.);
#6646 = CARTESIAN_POINT('',(126.98528137423,0.));
#6647 = CARTESIAN_POINT('',(126.98528137423,64.));
#6648 = ( GEOMETRIC_REPRESENTATION_CONTEXT(2) 
PARAMETRIC_REPRESENTATION_CONTEXT() REPRESENTATION_CONTEXT('2D SPACE',''
  ) );
#6649 = ORIENTED_EDGE('',*,*,#5942,.F.);
#6650 = ORIENTED_EDGE('',*,*,#6606,.F.);
#6651 = ADVANCED_FACE('',(#6652),#4506,.T.);
#6652 = FACE_BOUND('',#6653,.T.);
#6653 = EDGE_LOOP('',(#6654,#6655,#6674,#6675));
#6654 = ORIENTED_EDGE('',*,*,#4491,.F.);
#6655 = ORIENTED_EDGE('',*,*,#6656,.F.);
#6656 = EDGE_CURVE('',#5964,#4466,#6657,.T.);
#6657 = SURFACE_CURVE('',#6658,(#6662,#6668),.PCURVE_S1.);
#6658 = LINE('',#6659,#6660);
#6659 = CARTESIAN_POINT('',(4.12132034356,-32.,-9.5));
#6660 = VECTOR('',#6661,1.);
#6661 = DIRECTION('',(0.,1.,-0.));
#6662 = PCURVE('',#4506,#6663);
#6663 = DEFINITIONAL_REPRESENTATION('',(#6664),#6667);
#6664 = B_SPLINE_CURVE_WITH_KNOTS('',1,(#6665,#6666),.UNSPECIFIED.,.F.,
  .F.,(2,2),(0.,64.),.PIECEWISE_BEZIER_KNOTS.);
#6665 = CARTESIAN_POINT('',(124.32842712474,0.));
#6666 = CARTESIAN_POINT('',(124.32842712474,64.));
#6667 = ( GEOMETRIC_REPRESENTATION_CONTEXT(2) 
PARAMETRIC_REPRESENTATION_CONTEXT() REPRESENTATION_CONTEXT('2D SPACE',''
  ) );
#6668 = PCURVE('',#4480,#6669);
#6669 = DEFINITIONAL_REPRESENTATION('',(#6670),#6673);
#6670 = B_SPLINE_CURVE_WITH_KNOTS('',1,(#6671,#6672),.UNSPECIFIED.,.F.,
  .F.,(2,2),(0.,64.),.PIECEWISE_BEZIER_KNOTS.);
#6671 = CARTESIAN_POINT('',(42.12132034356,0.));
#6672 = CARTESIAN_POINT('',(42.12132034356,64.));
#6673 = ( GEOMETRIC_REPRESENTATION_CONTEXT(2) 
PARAMETRIC_REPRESENTATION_CONTEXT() REPRESENTATION_CONTEXT('2D SPACE',''
  ) );
#6674 = ORIENTED_EDGE('',*,*,#5963,.F.);
#6675 = ORIENTED_EDGE('',*,*,#6631,.T.);
#6676 = ADVANCED_FACE('',(#6677),#4480,.T.);
#6677 = FACE_BOUND('',#6678,.T.);
#6678 = EDGE_LOOP('',(#6679,#6680,#6699,#6700));
#6679 = ORIENTED_EDGE('',*,*,#4465,.F.);
#6680 = ORIENTED_EDGE('',*,*,#6681,.T.);
#6681 = EDGE_CURVE('',#4440,#5985,#6682,.T.);
#6682 = SURFACE_CURVE('',#6683,(#6687,#6693),.PCURVE_S1.);
#6683 = LINE('',#6684,#6685);
#6684 = CARTESIAN_POINT('',(-4.12132034356,-32.,-9.5));
#6685 = VECTOR('',#6686,1.);
#6686 = DIRECTION('',(0.,-1.,0.));
#6687 = PCURVE('',#4480,#6688);
#6688 = DEFINITIONAL_REPRESENTATION('',(#6689),#6692);
#6689 = B_SPLINE_CURVE_WITH_KNOTS('',1,(#6690,#6691),.UNSPECIFIED.,.F.,
  .F.,(2,2),(-64.,0.),.PIECEWISE_BEZIER_KNOTS.);
#6690 = CARTESIAN_POINT('',(33.87867965644,64.));
#6691 = CARTESIAN_POINT('',(33.87867965644,0.));
#6692 = ( GEOMETRIC_REPRESENTATION_CONTEXT(2) 
PARAMETRIC_REPRESENTATION_CONTEXT() REPRESENTATION_CONTEXT('2D SPACE',''
  ) );
#6693 = PCURVE('',#4454,#6694);
#6694 = DEFINITIONAL_REPRESENTATION('',(#6695),#6698);
#6695 = B_SPLINE_CURVE_WITH_KNOTS('',1,(#6696,#6697),.UNSPECIFIED.,.F.,
  .F.,(2,2),(-64.,0.),.PIECEWISE_BEZIER_KNOTS.);
#6696 = CARTESIAN_POINT('',(115.67157287525,64.));
#6697 = CARTESIAN_POINT('',(115.67157287525,0.));
#6698 = ( GEOMETRIC_REPRESENTATION_CONTEXT(2) 
PARAMETRIC_REPRESENTATION_CONTEXT() REPRESENTATION_CONTEXT('2D SPACE',''
  ) );
#6699 = ORIENTED_EDGE('',*,*,#5984,.F.);
#6700 = ORIENTED_EDGE('',*,*,#6656,.T.);
#6701 = ADVANCED_FACE('',(#6702),#4454,.T.);
#6702 = FACE_BOUND('',#6703,.T.);
#6703 = EDGE_LOOP('',(#6704,#6705,#6724,#6725));
#6704 = ORIENTED_EDGE('',*,*,#4439,.F.);
#6705 = ORIENTED_EDGE('',*,*,#6706,.F.);
#6706 = EDGE_CURVE('',#6006,#4414,#6707,.T.);
#6707 = SURFACE_CURVE('',#6708,(#6712,#6718),.PCURVE_S1.);
#6708 = LINE('',#6709,#6710);
#6709 = CARTESIAN_POINT('',(-6.,-32.,-7.62132034356));
#6710 = VECTOR('',#6711,1.);
#6711 = DIRECTION('',(0.,1.,-0.));
#6712 = PCURVE('',#4454,#6713);
#6713 = DEFINITIONAL_REPRESENTATION('',(#6714),#6717);
#6714 = B_SPLINE_CURVE_WITH_KNOTS('',1,(#6715,#6716),.UNSPECIFIED.,.F.,
  .F.,(2,2),(0.,64.),.PIECEWISE_BEZIER_KNOTS.);
#6715 = CARTESIAN_POINT('',(113.01471862576,0.));
#6716 = CARTESIAN_POINT('',(113.01471862576,64.));
#6717 = ( GEOMETRIC_REPRESENTATION_CONTEXT(2) 
PARAMETRIC_REPRESENTATION_CONTEXT() REPRESENTATION_CONTEXT('2D SPACE',''
  ) );
#6718 = PCURVE('',#4428,#6719);
#6719 = DEFINITIONAL_REPRESENTATION('',(#6720),#6723);
#6720 = B_SPLINE_CURVE_WITH_KNOTS('',1,(#6721,#6722),.UNSPECIFIED.,.F.,
  .F.,(2,2),(0.,64.),.PIECEWISE_BEZIER_KNOTS.);
#6721 = CARTESIAN_POINT('',(110.01471862576,0.));
#6722 = CARTESIAN_POINT('',(110.01471862576,64.));
#6723 = ( GEOMETRIC_REPRESENTATION_CONTEXT(2) 
PARAMETRIC_REPRESENTATION_CONTEXT() REPRESENTATION_CONTEXT('2D SPACE',''
  ) );
#6724 = ORIENTED_EDGE('',*,*,#6005,.F.);
#6725 = ORIENTED_EDGE('',*,*,#6681,.F.);
#6726 = ADVANCED_FACE('',(#6727),#4428,.T.);
#6727 = FACE_BOUND('',#6728,.T.);
#6728 = EDGE_LOOP('',(#6729,#6730,#6749,#6750));
#6729 = ORIENTED_EDGE('',*,*,#4413,.F.);
#6730 = ORIENTED_EDGE('',*,*,#6731,.F.);
#6731 = EDGE_CURVE('',#6027,#4388,#6732,.T.);
#6732 = SURFACE_CURVE('',#6733,(#6737,#6743),.PCURVE_S1.);
#6733 = LINE('',#6734,#6735);
#6734 = CARTESIAN_POINT('',(-7.87867965644,-32.,-9.5));
#6735 = VECTOR('',#6736,1.);
#6736 = DIRECTION('',(0.,1.,-0.));
#6737 = PCURVE('',#4428,#6738);
#6738 = DEFINITIONAL_REPRESENTATION('',(#6739),#6742);
#6739 = B_SPLINE_CURVE_WITH_KNOTS('',1,(#6740,#6741),.UNSPECIFIED.,.F.,
  .F.,(2,2),(0.,64.),.PIECEWISE_BEZIER_KNOTS.);
#6740 = CARTESIAN_POINT('',(107.35786437626,0.));
#6741 = CARTESIAN_POINT('',(107.35786437626,64.));
#6742 = ( GEOMETRIC_REPRESENTATION_CONTEXT(2) 
PARAMETRIC_REPRESENTATION_CONTEXT() REPRESENTATION_CONTEXT('2D SPACE',''
  ) );
#6743 = PCURVE('',#4402,#6744);
#6744 = DEFINITIONAL_REPRESENTATION('',(#6745),#6748);
#6745 = B_SPLINE_CURVE_WITH_KNOTS('',1,(#6746,#6747),.UNSPECIFIED.,.F.,
  .F.,(2,2),(0.,64.),.PIECEWISE_BEZIER_KNOTS.);
#6746 = CARTESIAN_POINT('',(30.12132034356,0.));
#6747 = CARTESIAN_POINT('',(30.12132034356,64.));
#6748 = ( GEOMETRIC_REPRESENTATION_CONTEXT(2) 
PARAMETRIC_REPRESENTATION_CONTEXT() REPRESENTATION_CONTEXT('2D SPACE',''
  ) );
#6749 = ORIENTED_EDGE('',*,*,#6026,.F.);
#6750 = ORIENTED_EDGE('',*,*,#6706,.T.);
#6751 = ADVANCED_FACE('',(#6752),#4402,.T.);
#6752 = FACE_BOUND('',#6753,.T.);
#6753 = EDGE_LOOP('',(#6754,#6755,#6774,#6775));
#6754 = ORIENTED_EDGE('',*,*,#4387,.F.);
#6755 = ORIENTED_EDGE('',*,*,#6756,.T.);
#6756 = EDGE_CURVE('',#4362,#6048,#6757,.T.);
#6757 = SURFACE_CURVE('',#6758,(#6762,#6768),.PCURVE_S1.);
#6758 = LINE('',#6759,#6760);
#6759 = CARTESIAN_POINT('',(-16.12132034356,-32.,-9.5));
#6760 = VECTOR('',#6761,1.);
#6761 = DIRECTION('',(0.,-1.,0.));
#6762 = PCURVE('',#4402,#6763);
#6763 = DEFINITIONAL_REPRESENTATION('',(#6764),#6767);
#6764 = B_SPLINE_CURVE_WITH_KNOTS('',1,(#6765,#6766),.UNSPECIFIED.,.F.,
  .F.,(2,2),(-64.,0.),.PIECEWISE_BEZIER_KNOTS.);
#6765 = CARTESIAN_POINT('',(21.87867965644,64.));
#6766 = CARTESIAN_POINT('',(21.87867965644,0.));
#6767 = ( GEOMETRIC_REPRESENTATION_CONTEXT(2) 
PARAMETRIC_REPRESENTATION_CONTEXT() REPRESENTATION_CONTEXT('2D SPACE',''
  ) );
#6768 = PCURVE('',#4376,#6769);
#6769 = DEFINITIONAL_REPRESENTATION('',(#6770),#6773);
#6770 = B_SPLINE_CURVE_WITH_KNOTS('',1,(#6771,#6772),.UNSPECIFIED.,.F.,
  .F.,(2,2),(-64.,0.),.PIECEWISE_BEZIER_KNOTS.);
#6771 = CARTESIAN_POINT('',(98.701010126777,64.));
#6772 = CARTESIAN_POINT('',(98.701010126777,0.));
#6773 = ( GEOMETRIC_REPRESENTATION_CONTEXT(2) 
PARAMETRIC_REPRESENTATION_CONTEXT() REPRESENTATION_CONTEXT('2D SPACE',''
  ) );
#6774 = ORIENTED_EDGE('',*,*,#6047,.F.);
#6775 = ORIENTED_EDGE('',*,*,#6731,.T.);
#6776 = ADVANCED_FACE('',(#6777),#4376,.T.);
#6777 = FACE_BOUND('',#6778,.T.);
#6778 = EDGE_LOOP('',(#6779,#6780,#6799,#6800));
#6779 = ORIENTED_EDGE('',*,*,#4361,.F.);
#6780 = ORIENTED_EDGE('',*,*,#6781,.F.);
#6781 = EDGE_CURVE('',#6069,#4336,#6782,.T.);
#6782 = SURFACE_CURVE('',#6783,(#6787,#6793),.PCURVE_S1.);
#6783 = LINE('',#6784,#6785);
#6784 = CARTESIAN_POINT('',(-18.,-32.,-7.62132034356));
#6785 = VECTOR('',#6786,1.);
#6786 = DIRECTION('',(0.,1.,-0.));
#6787 = PCURVE('',#4376,#6788);
#6788 = DEFINITIONAL_REPRESENTATION('',(#6789),#6792);
#6789 = B_SPLINE_CURVE_WITH_KNOTS('',1,(#6790,#6791),.UNSPECIFIED.,.F.,
  .F.,(2,2),(0.,64.),.PIECEWISE_BEZIER_KNOTS.);
#6790 = CARTESIAN_POINT('',(96.044155877284,0.));
#6791 = CARTESIAN_POINT('',(96.044155877284,64.));
#6792 = ( GEOMETRIC_REPRESENTATION_CONTEXT(2) 
PARAMETRIC_REPRESENTATION_CONTEXT() REPRESENTATION_CONTEXT('2D SPACE',''
  ) );
#6793 = PCURVE('',#4350,#6794);
#6794 = DEFINITIONAL_REPRESENTATION('',(#6795),#6798);
#6795 = B_SPLINE_CURVE_WITH_KNOTS('',1,(#6796,#6797),.UNSPECIFIED.,.F.,
  .F.,(2,2),(0.,64.),.PIECEWISE_BEZIER_KNOTS.);
#6796 = CARTESIAN_POINT('',(93.044155877284,0.));
#6797 = CARTESIAN_POINT('',(93.044155877284,64.));
#6798 = ( GEOMETRIC_REPRESENTATION_CONTEXT(2) 
PARAMETRIC_REPRESENTATION_CONTEXT() REPRESENTATION_CONTEXT('2D SPACE',''
  ) );
#6799 = ORIENTED_EDGE('',*,*,#6068,.F.);
#6800 = ORIENTED_EDGE('',*,*,#6756,.F.);
#6801 = ADVANCED_FACE('',(#6802),#4350,.T.);
#6802 = FACE_BOUND('',#6803,.T.);
#6803 = EDGE_LOOP('',(#6804,#6805,#6824,#6825));
#6804 = ORIENTED_EDGE('',*,*,#4335,.F.);
#6805 = ORIENTED_EDGE('',*,*,#6806,.F.);
#6806 = EDGE_CURVE('',#6090,#4310,#6807,.T.);
#6807 = SURFACE_CURVE('',#6808,(#6812,#6818),.PCURVE_S1.);
#6808 = LINE('',#6809,#6810);
#6809 = CARTESIAN_POINT('',(-19.87867965644,-32.,-9.5));
#6810 = VECTOR('',#6811,1.);
#6811 = DIRECTION('',(0.,1.,-0.));
#6812 = PCURVE('',#4350,#6813);
#6813 = DEFINITIONAL_REPRESENTATION('',(#6814),#6817);
#6814 = B_SPLINE_CURVE_WITH_KNOTS('',1,(#6815,#6816),.UNSPECIFIED.,.F.,
  .F.,(2,2),(0.,64.),.PIECEWISE_BEZIER_KNOTS.);
#6815 = CARTESIAN_POINT('',(90.387301627792,0.));
#6816 = CARTESIAN_POINT('',(90.387301627792,64.));
#6817 = ( GEOMETRIC_REPRESENTATION_CONTEXT(2) 
PARAMETRIC_REPRESENTATION_CONTEXT() REPRESENTATION_CONTEXT('2D SPACE',''
  ) );
#6818 = PCURVE('',#4324,#6819);
#6819 = DEFINITIONAL_REPRESENTATION('',(#6820),#6823);
#6820 = B_SPLINE_CURVE_WITH_KNOTS('',1,(#6821,#6822),.UNSPECIFIED.,.F.,
  .F.,(2,2),(0.,64.),.PIECEWISE_BEZIER_KNOTS.);
#6821 = CARTESIAN_POINT('',(18.12132034356,0.));
#6822 = CARTESIAN_POINT('',(18.12132034356,64.));
#6823 = ( GEOMETRIC_REPRESENTATION_CONTEXT(2) 
PARAMETRIC_REPRESENTATION_CONTEXT() REPRESENTATION_CONTEXT('2D SPACE',''
  ) );
#6824 = ORIENTED_EDGE('',*,*,#6089,.F.);
#6825 = ORIENTED_EDGE('',*,*,#6781,.T.);
#6826 = ADVANCED_FACE('',(#6827),#4324,.T.);
#6827 = FACE_BOUND('',#6828,.T.);
#6828 = EDGE_LOOP('',(#6829,#6830,#6849,#6850));
#6829 = ORIENTED_EDGE('',*,*,#4309,.F.);
#6830 = ORIENTED_EDGE('',*,*,#6831,.T.);
#6831 = EDGE_CURVE('',#4284,#6111,#6832,.T.);
#6832 = SURFACE_CURVE('',#6833,(#6837,#6843),.PCURVE_S1.);
#6833 = LINE('',#6834,#6835);
#6834 = CARTESIAN_POINT('',(-28.12132034356,-32.,-9.5));
#6835 = VECTOR('',#6836,1.);
#6836 = DIRECTION('',(0.,-1.,0.));
#6837 = PCURVE('',#4324,#6838);
#6838 = DEFINITIONAL_REPRESENTATION('',(#6839),#6842);
#6839 = B_SPLINE_CURVE_WITH_KNOTS('',1,(#6840,#6841),.UNSPECIFIED.,.F.,
  .F.,(2,2),(-64.,0.),.PIECEWISE_BEZIER_KNOTS.);
#6840 = CARTESIAN_POINT('',(9.87867965644,64.));
#6841 = CARTESIAN_POINT('',(9.87867965644,0.));
#6842 = ( GEOMETRIC_REPRESENTATION_CONTEXT(2) 
PARAMETRIC_REPRESENTATION_CONTEXT() REPRESENTATION_CONTEXT('2D SPACE',''
  ) );
#6843 = PCURVE('',#4298,#6844);
#6844 = DEFINITIONAL_REPRESENTATION('',(#6845),#6848);
#6845 = B_SPLINE_CURVE_WITH_KNOTS('',1,(#6846,#6847),.UNSPECIFIED.,.F.,
  .F.,(2,2),(-64.,0.),.PIECEWISE_BEZIER_KNOTS.);
#6846 = CARTESIAN_POINT('',(81.7304473783,64.));
#6847 = CARTESIAN_POINT('',(81.7304473783,0.));
#6848 = ( GEOMETRIC_REPRESENTATION_CONTEXT(2) 
PARAMETRIC_REPRESENTATION_CONTEXT() REPRESENTATION_CONTEXT('2D SPACE',''
  ) );
#6849 = ORIENTED_EDGE('',*,*,#6110,.F.);
#6850 = ORIENTED_EDGE('',*,*,#6806,.T.);
#6851 = ADVANCED_FACE('',(#6852),#4298,.T.);
#6852 = FACE_BOUND('',#6853,.T.);
#6853 = EDGE_LOOP('',(#6854,#6855,#6874,#6875));
#6854 = ORIENTED_EDGE('',*,*,#4283,.F.);
#6855 = ORIENTED_EDGE('',*,*,#6856,.F.);
#6856 = EDGE_CURVE('',#6132,#4258,#6857,.T.);
#6857 = SURFACE_CURVE('',#6858,(#6862,#6868),.PCURVE_S1.);
#6858 = LINE('',#6859,#6860);
#6859 = CARTESIAN_POINT('',(-30.,-32.,-7.62132034356));
#6860 = VECTOR('',#6861,1.);
#6861 = DIRECTION('',(0.,1.,-0.));
#6862 = PCURVE('',#4298,#6863);
#6863 = DEFINITIONAL_REPRESENTATION('',(#6864),#6867);
#6864 = B_SPLINE_CURVE_WITH_KNOTS('',1,(#6865,#6866),.UNSPECIFIED.,.F.,
  .F.,(2,2),(0.,64.),.PIECEWISE_BEZIER_KNOTS.);
#6865 = CARTESIAN_POINT('',(79.073593128807,0.));
#6866 = CARTESIAN_POINT('',(79.073593128807,64.));
#6867 = ( GEOMETRIC_REPRESENTATION_CONTEXT(2) 
PARAMETRIC_REPRESENTATION_CONTEXT() REPRESENTATION_CONTEXT('2D SPACE',''
  ) );
#6868 = PCURVE('',#4272,#6869);
#6869 = DEFINITIONAL_REPRESENTATION('',(#6870),#6873);
#6870 = B_SPLINE_CURVE_WITH_KNOTS('',1,(#6871,#6872),.UNSPECIFIED.,.F.,
  .F.,(2,2),(0.,64.),.PIECEWISE_BEZIER_KNOTS.);
#6871 = CARTESIAN_POINT('',(76.073593128807,0.));
#6872 = CARTESIAN_POINT('',(76.073593128807,64.));
#6873 = ( GEOMETRIC_REPRESENTATION_CONTEXT(2) 
PARAMETRIC_REPRESENTATION_CONTEXT() REPRESENTATION_CONTEXT('2D SPACE',''
  ) );
#6874 = ORIENTED_EDGE('',*,*,#6131,.F.);
#6875 = ORIENTED_EDGE('',*,*,#6831,.F.);
#6876 = ADVANCED_FACE('',(#6877),#4272,.T.);
#6877 = FACE_BOUND('',#6878,.T.);
#6878 = EDGE_LOOP('',(#6879,#6880,#6899,#6900));
#6879 = ORIENTED_EDGE('',*,*,#4257,.F.);
#6880 = ORIENTED_EDGE('',*,*,#6881,.F.);
#6881 = EDGE_CURVE('',#6153,#4232,#6882,.T.);
#6882 = SURFACE_CURVE('',#6883,(#6887,#6893),.PCURVE_S1.);
#6883 = LINE('',#6884,#6885);
#6884 = CARTESIAN_POINT('',(-31.87867965644,-32.,-9.5));
#6885 = VECTOR('',#6886,1.);
#6886 = DIRECTION('',(0.,1.,-0.));
#6887 = PCURVE('',#4272,#6888);
#6888 = DEFINITIONAL_REPRESENTATION('',(#6889),#6892);
#6889 = B_SPLINE_CURVE_WITH_KNOTS('',1,(#6890,#6891),.UNSPECIFIED.,.F.,
  .F.,(2,2),(0.,64.),.PIECEWISE_BEZIER_KNOTS.);
#6890 = CARTESIAN_POINT('',(73.416738879315,0.));
#6891 = CARTESIAN_POINT('',(73.416738879315,64.));
#6892 = ( GEOMETRIC_REPRESENTATION_CONTEXT(2) 
PARAMETRIC_REPRESENTATION_CONTEXT() REPRESENTATION_CONTEXT('2D SPACE',''
  ) );
#6893 = PCURVE('',#4246,#6894);
#6894 = DEFINITIONAL_REPRESENTATION('',(#6895),#6898);
#6895 = B_SPLINE_CURVE_WITH_KNOTS('',1,(#6896,#6897),.UNSPECIFIED.,.F.,
  .F.,(2,2),(0.,64.),.PIECEWISE_BEZIER_KNOTS.);
#6896 = CARTESIAN_POINT('',(6.12132034356,0.));
#6897 = CARTESIAN_POINT('',(6.12132034356,64.));
#6898 = ( GEOMETRIC_REPRESENTATION_CONTEXT(2) 
PARAMETRIC_REPRESENTATION_CONTEXT() REPRESENTATION_CONTEXT('2D SPACE',''
  ) );
#6899 = ORIENTED_EDGE('',*,*,#6152,.F.);
#6900 = ORIENTED_EDGE('',*,*,#6856,.T.);
#6901 = ADVANCED_FACE('',(#6902),#4246,.T.);
#6902 = FACE_BOUND('',#6903,.T.);
#6903 = EDGE_LOOP('',(#6904,#6905,#6926,#6927));
#6904 = ORIENTED_EDGE('',*,*,#4231,.F.);
#6905 = ORIENTED_EDGE('',*,*,#6906,.F.);
#6906 = EDGE_CURVE('',#6174,#4206,#6907,.T.);
#6907 = SURFACE_CURVE('',#6908,(#6912,#6919),.PCURVE_S1.);
#6908 = LINE('',#6909,#6910);
#6909 = CARTESIAN_POINT('',(-38.,-32.,-9.5));
#6910 = VECTOR('',#6911,1.);
#6911 = DIRECTION('',(0.,1.,0.));
#6912 = PCURVE('',#4246,#6913);
#6913 = DEFINITIONAL_REPRESENTATION('',(#6914),#6918);
#6914 = LINE('',#6915,#6916);
#6915 = CARTESIAN_POINT('',(0.,0.));
#6916 = VECTOR('',#6917,1.);
#6917 = DIRECTION('',(0.,1.));
#6918 = ( GEOMETRIC_REPRESENTATION_CONTEXT(2) 
PARAMETRIC_REPRESENTATION_CONTEXT() REPRESENTATION_CONTEXT('2D SPACE',''
  ) );
#6919 = PCURVE('',#4220,#6920);
#6920 = DEFINITIONAL_REPRESENTATION('',(#6921),#6925);
#6921 = LINE('',#6922,#6923);
#6922 = CARTESIAN_POINT('',(0.,0.));
#6923 = VECTOR('',#6924,1.);
#6924 = DIRECTION('',(0.,-1.));
#6925 = ( GEOMETRIC_REPRESENTATION_CONTEXT(2) 
PARAMETRIC_REPRESENTATION_CONTEXT() REPRESENTATION_CONTEXT('2D SPACE',''
  ) );
#6926 = ORIENTED_EDGE('',*,*,#6173,.F.);
#6927 = ORIENTED_EDGE('',*,*,#6881,.T.);
#6928 = ADVANCED_FACE('',(#6929),#4220,.T.);
#6929 = FACE_BOUND('',#6930,.T.);
#6930 = EDGE_LOOP('',(#6931,#6932,#6933,#6934));
#6931 = ORIENTED_EDGE('',*,*,#6194,.F.);
#6932 = ORIENTED_EDGE('',*,*,#6906,.T.);
#6933 = ORIENTED_EDGE('',*,*,#4205,.F.);
#6934 = ORIENTED_EDGE('',*,*,#6935,.F.);
#6935 = EDGE_CURVE('',#6195,#4180,#6936,.T.);
#6936 = SURFACE_CURVE('',#6937,(#6941,#6947),.PCURVE_S1.);
#6937 = LINE('',#6938,#6939);
#6938 = CARTESIAN_POINT('',(-38.,-32.,-7.37867965644));
#6939 = VECTOR('',#6940,1.);
#6940 = DIRECTION('',(0.,1.,0.));
#6941 = PCURVE('',#4220,#6942);
#6942 = DEFINITIONAL_REPRESENTATION('',(#6943),#6946);
#6943 = B_SPLINE_CURVE_WITH_KNOTS('',1,(#6944,#6945),.UNSPECIFIED.,.F.,
  .F.,(2,2),(0.,64.),.PIECEWISE_BEZIER_KNOTS.);
#6944 = CARTESIAN_POINT('',(2.12132034356,0.));
#6945 = CARTESIAN_POINT('',(2.12132034356,-64.));
#6946 = ( GEOMETRIC_REPRESENTATION_CONTEXT(2) 
PARAMETRIC_REPRESENTATION_CONTEXT() REPRESENTATION_CONTEXT('2D SPACE',''
  ) );
#6947 = PCURVE('',#4194,#6948);
#6948 = DEFINITIONAL_REPRESENTATION('',(#6949),#6952);
#6949 = B_SPLINE_CURVE_WITH_KNOTS('',1,(#6950,#6951),.UNSPECIFIED.,.F.,
  .F.,(2,2),(0.,64.),.PIECEWISE_BEZIER_KNOTS.);
#6950 = CARTESIAN_POINT('',(64.759884629822,0.));
#6951 = CARTESIAN_POINT('',(64.759884629822,64.));
#6952 = ( GEOMETRIC_REPRESENTATION_CONTEXT(2) 
PARAMETRIC_REPRESENTATION_CONTEXT() REPRESENTATION_CONTEXT('2D SPACE',''
  ) );
#6953 = ADVANCED_FACE('',(#6954),#4194,.F.);
#6954 = FACE_BOUND('',#6955,.F.);
#6955 = EDGE_LOOP('',(#6956,#6957,#6958,#6959));
#6956 = ORIENTED_EDGE('',*,*,#4179,.F.);
#6957 = ORIENTED_EDGE('',*,*,#6935,.F.);
#6958 = ORIENTED_EDGE('',*,*,#6215,.F.);
#6959 = ORIENTED_EDGE('',*,*,#6960,.T.);
#6960 = EDGE_CURVE('',#6216,#4154,#6961,.T.);
#6961 = SURFACE_CURVE('',#6962,(#6966,#6972),.PCURVE_S1.);
#6962 = LINE('',#6963,#6964);
#6963 = CARTESIAN_POINT('',(-36.,-32.,-9.37867965644));
#6964 = VECTOR('',#6965,1.);
#6965 = DIRECTION('',(0.,1.,-0.));
#6966 = PCURVE('',#4194,#6967);
#6967 = DEFINITIONAL_REPRESENTATION('',(#6968),#6971);
#6968 = B_SPLINE_CURVE_WITH_KNOTS('',1,(#6969,#6970),.UNSPECIFIED.,.F.,
  .F.,(2,2),(0.,64.),.PIECEWISE_BEZIER_KNOTS.);
#6969 = CARTESIAN_POINT('',(67.588311754569,0.));
#6970 = CARTESIAN_POINT('',(67.588311754569,64.));
#6971 = ( GEOMETRIC_REPRESENTATION_CONTEXT(2) 
PARAMETRIC_REPRESENTATION_CONTEXT() REPRESENTATION_CONTEXT('2D SPACE',''
  ) );
#6972 = PCURVE('',#4168,#6973);
#6973 = DEFINITIONAL_REPRESENTATION('',(#6974),#6977);
#6974 = B_SPLINE_CURVE_WITH_KNOTS('',1,(#6975,#6976),.UNSPECIFIED.,.F.,
  .F.,(2,2),(0.,64.),.PIECEWISE_BEZIER_KNOTS.);
#6975 = CARTESIAN_POINT('',(70.588311754569,0.));
#6976 = CARTESIAN_POINT('',(70.588311754569,64.));
#6977 = ( GEOMETRIC_REPRESENTATION_CONTEXT(2) 
PARAMETRIC_REPRESENTATION_CONTEXT() REPRESENTATION_CONTEXT('2D SPACE',''
  ) );
#6978 = ADVANCED_FACE('',(#6979),#4168,.F.);
#6979 = FACE_BOUND('',#6980,.F.);
#6980 = EDGE_LOOP('',(#6981,#6982,#6983,#6984));
#6981 = ORIENTED_EDGE('',*,*,#4153,.F.);
#6982 = ORIENTED_EDGE('',*,*,#6960,.F.);
#6983 = ORIENTED_EDGE('',*,*,#6236,.F.);
#6984 = ORIENTED_EDGE('',*,*,#6985,.T.);
#6985 = EDGE_CURVE('',#6237,#4128,#6986,.T.);
#6986 = SURFACE_CURVE('',#6987,(#6991,#6997),.PCURVE_S1.);
#6987 = LINE('',#6988,#6989);
#6988 = CARTESIAN_POINT('',(-32.12132034356,-32.,-5.5));
#6989 = VECTOR('',#6990,1.);
#6990 = DIRECTION('',(0.,1.,-0.));
#6991 = PCURVE('',#4168,#6992);
#6992 = DEFINITIONAL_REPRESENTATION('',(#6993),#6996);
#6993 = B_SPLINE_CURVE_WITH_KNOTS('',1,(#6994,#6995),.UNSPECIFIED.,.F.,
  .F.,(2,2),(0.,64.),.PIECEWISE_BEZIER_KNOTS.);
#6994 = CARTESIAN_POINT('',(76.073593128807,0.));
#6995 = CARTESIAN_POINT('',(76.073593128807,64.));
#6996 = ( GEOMETRIC_REPRESENTATION_CONTEXT(2) 
PARAMETRIC_REPRESENTATION_CONTEXT() REPRESENTATION_CONTEXT('2D SPACE',''
  ) );
#6997 = PCURVE('',#4142,#6998);
#6998 = DEFINITIONAL_REPRESENTATION('',(#6999),#7002);
#6999 = B_SPLINE_CURVE_WITH_KNOTS('',1,(#7000,#7001),.UNSPECIFIED.,.F.,
  .F.,(2,2),(0.,64.),.PIECEWISE_BEZIER_KNOTS.);
#7000 = CARTESIAN_POINT('',(76.073593128807,0.));
#7001 = CARTESIAN_POINT('',(76.073593128807,64.));
#7002 = ( GEOMETRIC_REPRESENTATION_CONTEXT(2) 
PARAMETRIC_REPRESENTATION_CONTEXT() REPRESENTATION_CONTEXT('2D SPACE',''
  ) );
#7003 = ADVANCED_FACE('',(#7004),#4142,.T.);
#7004 = FACE_BOUND('',#7005,.T.);
#7005 = EDGE_LOOP('',(#7006,#7007,#7026,#7027));
#7006 = ORIENTED_EDGE('',*,*,#4127,.F.);
#7007 = ORIENTED_EDGE('',*,*,#7008,.F.);
#7008 = EDGE_CURVE('',#6258,#4102,#7009,.T.);
#7009 = SURFACE_CURVE('',#7010,(#7014,#7020),.PCURVE_S1.);
#7010 = LINE('',#7011,#7012);
#7011 = CARTESIAN_POINT('',(-36.,-32.,-1.62132034356));
#7012 = VECTOR('',#7013,1.);
#7013 = DIRECTION('',(0.,1.,-0.));
#7014 = PCURVE('',#4142,#7015);
#7015 = DEFINITIONAL_REPRESENTATION('',(#7016),#7019);
#7016 = B_SPLINE_CURVE_WITH_KNOTS('',1,(#7017,#7018),.UNSPECIFIED.,.F.,
  .F.,(2,2),(0.,64.),.PIECEWISE_BEZIER_KNOTS.);
#7017 = CARTESIAN_POINT('',(70.588311754569,0.));
#7018 = CARTESIAN_POINT('',(70.588311754569,64.));
#7019 = ( GEOMETRIC_REPRESENTATION_CONTEXT(2) 
PARAMETRIC_REPRESENTATION_CONTEXT() REPRESENTATION_CONTEXT('2D SPACE',''
  ) );
#7020 = PCURVE('',#4116,#7021);
#7021 = DEFINITIONAL_REPRESENTATION('',(#7022),#7025);
#7022 = B_SPLINE_CURVE_WITH_KNOTS('',1,(#7023,#7024),.UNSPECIFIED.,.F.,
  .F.,(2,2),(0.,64.),.PIECEWISE_BEZIER_KNOTS.);
#7023 = CARTESIAN_POINT('',(67.588311754569,0.));
#7024 = CARTESIAN_POINT('',(67.588311754569,64.));
#7025 = ( GEOMETRIC_REPRESENTATION_CONTEXT(2) 
PARAMETRIC_REPRESENTATION_CONTEXT() REPRESENTATION_CONTEXT('2D SPACE',''
  ) );
#7026 = ORIENTED_EDGE('',*,*,#6257,.F.);
#7027 = ORIENTED_EDGE('',*,*,#6985,.T.);
#7028 = ADVANCED_FACE('',(#7029),#4116,.T.);
#7029 = FACE_BOUND('',#7030,.T.);
#7030 = EDGE_LOOP('',(#7031,#7032,#7033,#7034));
#7031 = ORIENTED_EDGE('',*,*,#4101,.F.);
#7032 = ORIENTED_EDGE('',*,*,#5472,.F.);
#7033 = ORIENTED_EDGE('',*,*,#6278,.F.);
#7034 = ORIENTED_EDGE('',*,*,#7008,.T.);
#7035 = ADVANCED_FACE('',(#7036),#4039,.F.);
#7036 = FACE_BOUND('',#7037,.F.);
#7037 = EDGE_LOOP('',(#7038,#7039,#7040,#7041));
#7038 = ORIENTED_EDGE('',*,*,#4023,.T.);
#7039 = ORIENTED_EDGE('',*,*,#5424,.T.);
#7040 = ORIENTED_EDGE('',*,*,#5620,.T.);
#7041 = ORIENTED_EDGE('',*,*,#7042,.T.);
#7042 = EDGE_CURVE('',#5621,#3996,#7043,.T.);
#7043 = SURFACE_CURVE('',#7044,(#7048,#7055),.PCURVE_S1.);
#7044 = LINE('',#7045,#7046);
#7045 = CARTESIAN_POINT('',(-60.,-8.,-13.85640646055));
#7046 = VECTOR('',#7047,1.);
#7047 = DIRECTION('',(0.,1.,-2.22044604925E-16));
#7048 = PCURVE('',#4039,#7049);
#7049 = DEFINITIONAL_REPRESENTATION('',(#7050),#7054);
#7050 = LINE('',#7051,#7052);
#7051 = CARTESIAN_POINT('',(-8.,-13.85640646055));
#7052 = VECTOR('',#7053,1.);
#7053 = DIRECTION('',(1.,-2.22044604925E-16));
#7054 = ( GEOMETRIC_REPRESENTATION_CONTEXT(2) 
PARAMETRIC_REPRESENTATION_CONTEXT() REPRESENTATION_CONTEXT('2D SPACE',''
  ) );
#7055 = PCURVE('',#4011,#7056);
#7056 = DEFINITIONAL_REPRESENTATION('',(#7057),#7061);
#7057 = LINE('',#7058,#7059);
#7058 = CARTESIAN_POINT('',(0.,-60.));
#7059 = VECTOR('',#7060,1.);
#7060 = DIRECTION('',(1.,0.));
#7061 = ( GEOMETRIC_REPRESENTATION_CONTEXT(2) 
PARAMETRIC_REPRESENTATION_CONTEXT() REPRESENTATION_CONTEXT('2D SPACE',''
  ) );
#7062 = ADVANCED_FACE('',(#7063,#7069,#7155,#7261,#7367),#4011,.T.);
#7063 = FACE_BOUND('',#7064,.T.);
#7064 = EDGE_LOOP('',(#7065,#7066,#7067,#7068));
#7065 = ORIENTED_EDGE('',*,*,#7042,.T.);
#7066 = ORIENTED_EDGE('',*,*,#3995,.F.);
#7067 = ORIENTED_EDGE('',*,*,#6329,.F.);
#7068 = ORIENTED_EDGE('',*,*,#5643,.T.);
#7069 = FACE_BOUND('',#7070,.T.);
#7070 = EDGE_LOOP('',(#7071,#7094,#7115,#7136));
#7071 = ORIENTED_EDGE('',*,*,#7072,.F.);
#7072 = EDGE_CURVE('',#7073,#7075,#7077,.T.);
#7073 = VERTEX_POINT('',#7074);
#7074 = CARTESIAN_POINT('',(-45.5,3.,-13.85640646055));
#7075 = VERTEX_POINT('',#7076);
#7076 = CARTESIAN_POINT('',(-42.5,3.,-13.85640646055));
#7077 = SURFACE_CURVE('',#7078,(#7082,#7088),.PCURVE_S1.);
#7078 = LINE('',#7079,#7080);
#7079 = CARTESIAN_POINT('',(-22.75,3.,-13.85640646055));
#7080 = VECTOR('',#7081,1.);
#7081 = DIRECTION('',(1.,-0.,0.));
#7082 = PCURVE('',#4011,#7083);
#7083 = DEFINITIONAL_REPRESENTATION('',(#7084),#7087);
#7084 = B_SPLINE_CURVE_WITH_KNOTS('',1,(#7085,#7086),.UNSPECIFIED.,.F.,
  .F.,(2,2),(-22.75,-19.75),.PIECEWISE_BEZIER_KNOTS.);
#7085 = CARTESIAN_POINT('',(11.,-45.5));
#7086 = CARTESIAN_POINT('',(11.,-42.5));
#7087 = ( GEOMETRIC_REPRESENTATION_CONTEXT(2) 
PARAMETRIC_REPRESENTATION_CONTEXT() REPRESENTATION_CONTEXT('2D SPACE',''
  ) );
#7088 = PCURVE('',#5173,#7089);
#7089 = DEFINITIONAL_REPRESENTATION('',(#7090),#7093);
#7090 = B_SPLINE_CURVE_WITH_KNOTS('',1,(#7091,#7092),.UNSPECIFIED.,.F.,
  .F.,(2,2),(-22.75,-19.75),.PIECEWISE_BEZIER_KNOTS.);
#7091 = CARTESIAN_POINT('',(5.143593539449,0.));
#7092 = CARTESIAN_POINT('',(5.143593539449,3.));
#7093 = ( GEOMETRIC_REPRESENTATION_CONTEXT(2) 
PARAMETRIC_REPRESENTATION_CONTEXT() REPRESENTATION_CONTEXT('2D SPACE',''
  ) );
#7094 = ORIENTED_EDGE('',*,*,#7095,.T.);
#7095 = EDGE_CURVE('',#7073,#7096,#7098,.T.);
#7096 = VERTEX_POINT('',#7097);
#7097 = CARTESIAN_POINT('',(-45.5,-3.,-13.85640646055));
#7098 = SURFACE_CURVE('',#7099,(#7103,#7109),.PCURVE_S1.);
#7099 = LINE('',#7100,#7101);
#7100 = CARTESIAN_POINT('',(-45.5,-5.5,-13.85640646055));
#7101 = VECTOR('',#7102,1.);
#7102 = DIRECTION('',(0.,-1.,2.22044604925E-16));
#7103 = PCURVE('',#4011,#7104);
#7104 = DEFINITIONAL_REPRESENTATION('',(#7105),#7108);
#7105 = B_SPLINE_CURVE_WITH_KNOTS('',1,(#7106,#7107),.UNSPECIFIED.,.F.,
  .F.,(2,2),(-8.5,-2.5),.PIECEWISE_BEZIER_KNOTS.);
#7106 = CARTESIAN_POINT('',(11.,-45.5));
#7107 = CARTESIAN_POINT('',(5.,-45.5));
#7108 = ( GEOMETRIC_REPRESENTATION_CONTEXT(2) 
PARAMETRIC_REPRESENTATION_CONTEXT() REPRESENTATION_CONTEXT('2D SPACE',''
  ) );
#7109 = PCURVE('',#5147,#7110);
#7110 = DEFINITIONAL_REPRESENTATION('',(#7111),#7114);
#7111 = B_SPLINE_CURVE_WITH_KNOTS('',1,(#7112,#7113),.UNSPECIFIED.,.F.,
  .F.,(2,2),(-8.5,-2.5),.PIECEWISE_BEZIER_KNOTS.);
#7112 = CARTESIAN_POINT('',(5.143593539449,-6.));
#7113 = CARTESIAN_POINT('',(5.143593539449,0.));
#7114 = ( GEOMETRIC_REPRESENTATION_CONTEXT(2) 
PARAMETRIC_REPRESENTATION_CONTEXT() REPRESENTATION_CONTEXT('2D SPACE',''
  ) );
#7115 = ORIENTED_EDGE('',*,*,#7116,.T.);
#7116 = EDGE_CURVE('',#7096,#7117,#7119,.T.);
#7117 = VERTEX_POINT('',#7118);
#7118 = CARTESIAN_POINT('',(-42.5,-3.,-13.85640646055));
#7119 = SURFACE_CURVE('',#7120,(#7124,#7130),.PCURVE_S1.);
#7120 = LINE('',#7121,#7122);
#7121 = CARTESIAN_POINT('',(-22.75,-3.,-13.85640646055));
#7122 = VECTOR('',#7123,1.);
#7123 = DIRECTION('',(1.,-0.,0.));
#7124 = PCURVE('',#4011,#7125);
#7125 = DEFINITIONAL_REPRESENTATION('',(#7126),#7129);
#7126 = B_SPLINE_CURVE_WITH_KNOTS('',1,(#7127,#7128),.UNSPECIFIED.,.F.,
  .F.,(2,2),(-22.75,-19.75),.PIECEWISE_BEZIER_KNOTS.);
#7127 = CARTESIAN_POINT('',(5.,-45.5));
#7128 = CARTESIAN_POINT('',(5.,-42.5));
#7129 = ( GEOMETRIC_REPRESENTATION_CONTEXT(2) 
PARAMETRIC_REPRESENTATION_CONTEXT() REPRESENTATION_CONTEXT('2D SPACE',''
  ) );
#7130 = PCURVE('',#5121,#7131);
#7131 = DEFINITIONAL_REPRESENTATION('',(#7132),#7135);
#7132 = B_SPLINE_CURVE_WITH_KNOTS('',1,(#7133,#7134),.UNSPECIFIED.,.F.,
  .F.,(2,2),(-22.75,-19.75),.PIECEWISE_BEZIER_KNOTS.);
#7133 = CARTESIAN_POINT('',(5.143593539449,0.));
#7134 = CARTESIAN_POINT('',(5.143593539449,3.));
#7135 = ( GEOMETRIC_REPRESENTATION_CONTEXT(2) 
PARAMETRIC_REPRESENTATION_CONTEXT() REPRESENTATION_CONTEXT('2D SPACE',''
  ) );
#7136 = ORIENTED_EDGE('',*,*,#7137,.F.);
#7137 = EDGE_CURVE('',#7075,#7117,#7138,.T.);
#7138 = SURFACE_CURVE('',#7139,(#7143,#7149),.PCURVE_S1.);
#7139 = LINE('',#7140,#7141);
#7140 = CARTESIAN_POINT('',(-42.5,-5.5,-13.85640646055));
#7141 = VECTOR('',#7142,1.);
#7142 = DIRECTION('',(0.,-1.,2.22044604925E-16));
#7143 = PCURVE('',#4011,#7144);
#7144 = DEFINITIONAL_REPRESENTATION('',(#7145),#7148);
#7145 = B_SPLINE_CURVE_WITH_KNOTS('',1,(#7146,#7147),.UNSPECIFIED.,.F.,
  .F.,(2,2),(-8.5,-2.5),.PIECEWISE_BEZIER_KNOTS.);
#7146 = CARTESIAN_POINT('',(11.,-42.5));
#7147 = CARTESIAN_POINT('',(5.,-42.5));
#7148 = ( GEOMETRIC_REPRESENTATION_CONTEXT(2) 
PARAMETRIC_REPRESENTATION_CONTEXT() REPRESENTATION_CONTEXT('2D SPACE',''
  ) );
#7149 = PCURVE('',#5197,#7150);
#7150 = DEFINITIONAL_REPRESENTATION('',(#7151),#7154);
#7151 = B_SPLINE_CURVE_WITH_KNOTS('',1,(#7152,#7153),.UNSPECIFIED.,.F.,
  .F.,(2,2),(-8.5,-2.5),.PIECEWISE_BEZIER_KNOTS.);
#7152 = CARTESIAN_POINT('',(5.143593539449,-6.));
#7153 = CARTESIAN_POINT('',(5.143593539449,0.));
#7154 = ( GEOMETRIC_REPRESENTATION_CONTEXT(2) 
PARAMETRIC_REPRESENTATION_CONTEXT() REPRESENTATION_CONTEXT('2D SPACE',''
  ) );
#7155 = FACE_BOUND('',#7156,.T.);
#7156 = EDGE_LOOP('',(#7157,#7185,#7211,#7237));
#7157 = ORIENTED_EDGE('',*,*,#7158,.F.);
#7158 = EDGE_CURVE('',#7159,#7161,#7163,.T.);
#7159 = VERTEX_POINT('',#7160);
#7160 = CARTESIAN_POINT('',(-4.5,7.5,-13.85640646055));
#7161 = VERTEX_POINT('',#7162);
#7162 = CARTESIAN_POINT('',(-1.5,7.5,-13.85640646055));
#7163 = SURFACE_CURVE('',#7164,(#7168,#7174),.PCURVE_S1.);
#7164 = LINE('',#7165,#7166);
#7165 = CARTESIAN_POINT('',(-2.25,7.5,-13.85640646055));
#7166 = VECTOR('',#7167,1.);
#7167 = DIRECTION('',(1.,-0.,0.));
#7168 = PCURVE('',#4011,#7169);
#7169 = DEFINITIONAL_REPRESENTATION('',(#7170),#7173);
#7170 = B_SPLINE_CURVE_WITH_KNOTS('',1,(#7171,#7172),.UNSPECIFIED.,.F.,
  .F.,(2,2),(-2.25,0.75),.PIECEWISE_BEZIER_KNOTS.);
#7171 = CARTESIAN_POINT('',(15.5,-4.5));
#7172 = CARTESIAN_POINT('',(15.5,-1.5));
#7173 = ( GEOMETRIC_REPRESENTATION_CONTEXT(2) 
PARAMETRIC_REPRESENTATION_CONTEXT() REPRESENTATION_CONTEXT('2D SPACE',''
  ) );
#7174 = PCURVE('',#7175,#7180);
#7175 = PLANE('',#7176);
#7176 = AXIS2_PLACEMENT_3D('',#7177,#7178,#7179);
#7177 = CARTESIAN_POINT('',(-4.5,7.5,-28.));
#7178 = DIRECTION('',(0.,1.,0.));
#7179 = DIRECTION('',(0.,0.,1.));
#7180 = DEFINITIONAL_REPRESENTATION('',(#7181),#7184);
#7181 = B_SPLINE_CURVE_WITH_KNOTS('',1,(#7182,#7183),.UNSPECIFIED.,.F.,
  .F.,(2,2),(-2.25,0.75),.PIECEWISE_BEZIER_KNOTS.);
#7182 = CARTESIAN_POINT('',(14.143593539449,0.));
#7183 = CARTESIAN_POINT('',(14.143593539449,3.));
#7184 = ( GEOMETRIC_REPRESENTATION_CONTEXT(2) 
PARAMETRIC_REPRESENTATION_CONTEXT() REPRESENTATION_CONTEXT('2D SPACE',''
  ) );
#7185 = ORIENTED_EDGE('',*,*,#7186,.T.);
#7186 = EDGE_CURVE('',#7159,#7187,#7189,.T.);
#7187 = VERTEX_POINT('',#7188);
#7188 = CARTESIAN_POINT('',(-4.5,-7.5,-13.85640646055));
#7189 = SURFACE_CURVE('',#7190,(#7194,#7200),.PCURVE_S1.);
#7190 = LINE('',#7191,#7192);
#7191 = CARTESIAN_POINT('',(-4.5,-7.75,-13.85640646055));
#7192 = VECTOR('',#7193,1.);
#7193 = DIRECTION('',(0.,-1.,2.22044604925E-16));
#7194 = PCURVE('',#4011,#7195);
#7195 = DEFINITIONAL_REPRESENTATION('',(#7196),#7199);
#7196 = B_SPLINE_CURVE_WITH_KNOTS('',1,(#7197,#7198),.UNSPECIFIED.,.F.,
  .F.,(2,2),(-15.25,-0.25),.PIECEWISE_BEZIER_KNOTS.);
#7197 = CARTESIAN_POINT('',(15.5,-4.5));
#7198 = CARTESIAN_POINT('',(0.5,-4.5));
#7199 = ( GEOMETRIC_REPRESENTATION_CONTEXT(2) 
PARAMETRIC_REPRESENTATION_CONTEXT() REPRESENTATION_CONTEXT('2D SPACE',''
  ) );
#7200 = PCURVE('',#7201,#7206);
#7201 = PLANE('',#7202);
#7202 = AXIS2_PLACEMENT_3D('',#7203,#7204,#7205);
#7203 = CARTESIAN_POINT('',(-4.5,-7.5,-28.));
#7204 = DIRECTION('',(1.,0.,0.));
#7205 = DIRECTION('',(0.,0.,1.));
#7206 = DEFINITIONAL_REPRESENTATION('',(#7207),#7210);
#7207 = B_SPLINE_CURVE_WITH_KNOTS('',1,(#7208,#7209),.UNSPECIFIED.,.F.,
  .F.,(2,2),(-15.25,-0.25),.PIECEWISE_BEZIER_KNOTS.);
#7208 = CARTESIAN_POINT('',(14.143593539449,-15.));
#7209 = CARTESIAN_POINT('',(14.143593539449,0.));
#7210 = ( GEOMETRIC_REPRESENTATION_CONTEXT(2) 
PARAMETRIC_REPRESENTATION_CONTEXT() REPRESENTATION_CONTEXT('2D SPACE',''
  ) );
#7211 = ORIENTED_EDGE('',*,*,#7212,.T.);
#7212 = EDGE_CURVE('',#7187,#7213,#7215,.T.);
#7213 = VERTEX_POINT('',#7214);
#7214 = CARTESIAN_POINT('',(-1.5,-7.5,-13.85640646055));
#7215 = SURFACE_CURVE('',#7216,(#7220,#7226),.PCURVE_S1.);
#7216 = LINE('',#7217,#7218);
#7217 = CARTESIAN_POINT('',(-2.25,-7.5,-13.85640646055));
#7218 = VECTOR('',#7219,1.);
#7219 = DIRECTION('',(1.,-0.,0.));
#7220 = PCURVE('',#4011,#7221);
#7221 = DEFINITIONAL_REPRESENTATION('',(#7222),#7225);
#7222 = B_SPLINE_CURVE_WITH_KNOTS('',1,(#7223,#7224),.UNSPECIFIED.,.F.,
  .F.,(2,2),(-2.25,0.75),.PIECEWISE_BEZIER_KNOTS.);
#7223 = CARTESIAN_POINT('',(0.5,-4.5));
#7224 = CARTESIAN_POINT('',(0.5,-1.5));
#7225 = ( GEOMETRIC_REPRESENTATION_CONTEXT(2) 
PARAMETRIC_REPRESENTATION_CONTEXT() REPRESENTATION_CONTEXT('2D SPACE',''
  ) );
#7226 = PCURVE('',#7227,#7232);
#7227 = PLANE('',#7228);
#7228 = AXIS2_PLACEMENT_3D('',#7229,#7230,#7231);
#7229 = CARTESIAN_POINT('',(-4.5,-7.5,-28.));
#7230 = DIRECTION('',(0.,1.,0.));
#7231 = DIRECTION('',(0.,0.,1.));
#7232 = DEFINITIONAL_REPRESENTATION('',(#7233),#7236);
#7233 = B_SPLINE_CURVE_WITH_KNOTS('',1,(#7234,#7235),.UNSPECIFIED.,.F.,
  .F.,(2,2),(-2.25,0.75),.PIECEWISE_BEZIER_KNOTS.);
#7234 = CARTESIAN_POINT('',(14.143593539449,0.));
#7235 = CARTESIAN_POINT('',(14.143593539449,3.));
#7236 = ( GEOMETRIC_REPRESENTATION_CONTEXT(2) 
PARAMETRIC_REPRESENTATION_CONTEXT() REPRESENTATION_CONTEXT('2D SPACE',''
  ) );
#7237 = ORIENTED_EDGE('',*,*,#7238,.F.);
#7238 = EDGE_CURVE('',#7161,#7213,#7239,.T.);
#7239 = SURFACE_CURVE('',#7240,(#7244,#7250),.PCURVE_S1.);
#7240 = LINE('',#7241,#7242);
#7241 = CARTESIAN_POINT('',(-1.5,-7.75,-13.85640646055));
#7242 = VECTOR('',#7243,1.);
#7243 = DIRECTION('',(0.,-1.,2.22044604925E-16));
#7244 = PCURVE('',#4011,#7245);
#7245 = DEFINITIONAL_REPRESENTATION('',(#7246),#7249);
#7246 = B_SPLINE_CURVE_WITH_KNOTS('',1,(#7247,#7248),.UNSPECIFIED.,.F.,
  .F.,(2,2),(-15.25,-0.25),.PIECEWISE_BEZIER_KNOTS.);
#7247 = CARTESIAN_POINT('',(15.5,-1.5));
#7248 = CARTESIAN_POINT('',(0.5,-1.5));
#7249 = ( GEOMETRIC_REPRESENTATION_CONTEXT(2) 
PARAMETRIC_REPRESENTATION_CONTEXT() REPRESENTATION_CONTEXT('2D SPACE',''
  ) );
#7250 = PCURVE('',#7251,#7256);
#7251 = PLANE('',#7252);
#7252 = AXIS2_PLACEMENT_3D('',#7253,#7254,#7255);
#7253 = CARTESIAN_POINT('',(-1.5,-7.5,-28.));
#7254 = DIRECTION('',(1.,0.,0.));
#7255 = DIRECTION('',(0.,0.,1.));
#7256 = DEFINITIONAL_REPRESENTATION('',(#7257),#7260);
#7257 = B_SPLINE_CURVE_WITH_KNOTS('',1,(#7258,#7259),.UNSPECIFIED.,.F.,
  .F.,(2,2),(-15.25,-0.25),.PIECEWISE_BEZIER_KNOTS.);
#7258 = CARTESIAN_POINT('',(14.143593539449,-15.));
#7259 = CARTESIAN_POINT('',(14.143593539449,0.));
#7260 = ( GEOMETRIC_REPRESENTATION_CONTEXT(2) 
PARAMETRIC_REPRESENTATION_CONTEXT() REPRESENTATION_CONTEXT('2D SPACE',''
  ) );
#7261 = FACE_BOUND('',#7262,.T.);
#7262 = EDGE_LOOP('',(#7263,#7291,#7317,#7343));
#7263 = ORIENTED_EDGE('',*,*,#7264,.F.);
#7264 = EDGE_CURVE('',#7265,#7267,#7269,.T.);
#7265 = VERTEX_POINT('',#7266);
#7266 = CARTESIAN_POINT('',(1.5,7.5,-13.85640646055));
#7267 = VERTEX_POINT('',#7268);
#7268 = CARTESIAN_POINT('',(4.5,7.5,-13.85640646055));
#7269 = SURFACE_CURVE('',#7270,(#7274,#7280),.PCURVE_S1.);
#7270 = LINE('',#7271,#7272);
#7271 = CARTESIAN_POINT('',(0.75,7.5,-13.85640646055));
#7272 = VECTOR('',#7273,1.);
#7273 = DIRECTION('',(1.,-0.,0.));
#7274 = PCURVE('',#4011,#7275);
#7275 = DEFINITIONAL_REPRESENTATION('',(#7276),#7279);
#7276 = B_SPLINE_CURVE_WITH_KNOTS('',1,(#7277,#7278),.UNSPECIFIED.,.F.,
  .F.,(2,2),(0.75,3.75),.PIECEWISE_BEZIER_KNOTS.);
#7277 = CARTESIAN_POINT('',(15.5,1.5));
#7278 = CARTESIAN_POINT('',(15.5,4.5));
#7279 = ( GEOMETRIC_REPRESENTATION_CONTEXT(2) 
PARAMETRIC_REPRESENTATION_CONTEXT() REPRESENTATION_CONTEXT('2D SPACE',''
  ) );
#7280 = PCURVE('',#7281,#7286);
#7281 = PLANE('',#7282);
#7282 = AXIS2_PLACEMENT_3D('',#7283,#7284,#7285);
#7283 = CARTESIAN_POINT('',(1.5,7.5,-28.));
#7284 = DIRECTION('',(0.,1.,0.));
#7285 = DIRECTION('',(0.,0.,1.));
#7286 = DEFINITIONAL_REPRESENTATION('',(#7287),#7290);
#7287 = B_SPLINE_CURVE_WITH_KNOTS('',1,(#7288,#7289),.UNSPECIFIED.,.F.,
  .F.,(2,2),(0.75,3.75),.PIECEWISE_BEZIER_KNOTS.);
#7288 = CARTESIAN_POINT('',(14.143593539449,0.));
#7289 = CARTESIAN_POINT('',(14.143593539449,3.));
#7290 = ( GEOMETRIC_REPRESENTATION_CONTEXT(2) 
PARAMETRIC_REPRESENTATION_CONTEXT() REPRESENTATION_CONTEXT('2D SPACE',''
  ) );
#7291 = ORIENTED_EDGE('',*,*,#7292,.T.);
#7292 = EDGE_CURVE('',#7265,#7293,#7295,.T.);
#7293 = VERTEX_POINT('',#7294);
#7294 = CARTESIAN_POINT('',(1.5,-7.5,-13.85640646055));
#7295 = SURFACE_CURVE('',#7296,(#7300,#7306),.PCURVE_S1.);
#7296 = LINE('',#7297,#7298);
#7297 = CARTESIAN_POINT('',(1.5,-7.75,-13.85640646055));
#7298 = VECTOR('',#7299,1.);
#7299 = DIRECTION('',(0.,-1.,2.22044604925E-16));
#7300 = PCURVE('',#4011,#7301);
#7301 = DEFINITIONAL_REPRESENTATION('',(#7302),#7305);
#7302 = B_SPLINE_CURVE_WITH_KNOTS('',1,(#7303,#7304),.UNSPECIFIED.,.F.,
  .F.,(2,2),(-15.25,-0.25),.PIECEWISE_BEZIER_KNOTS.);
#7303 = CARTESIAN_POINT('',(15.5,1.5));
#7304 = CARTESIAN_POINT('',(0.5,1.5));
#7305 = ( GEOMETRIC_REPRESENTATION_CONTEXT(2) 
PARAMETRIC_REPRESENTATION_CONTEXT() REPRESENTATION_CONTEXT('2D SPACE',''
  ) );
#7306 = PCURVE('',#7307,#7312);
#7307 = PLANE('',#7308);
#7308 = AXIS2_PLACEMENT_3D('',#7309,#7310,#7311);
#7309 = CARTESIAN_POINT('',(1.5,-7.5,-28.));
#7310 = DIRECTION('',(1.,0.,0.));
#7311 = DIRECTION('',(0.,0.,1.));
#7312 = DEFINITIONAL_REPRESENTATION('',(#7313),#7316);
#7313 = B_SPLINE_CURVE_WITH_KNOTS('',1,(#7314,#7315),.UNSPECIFIED.,.F.,
  .F.,(2,2),(-15.25,-0.25),.PIECEWISE_BEZIER_KNOTS.);
#7314 = CARTESIAN_POINT('',(14.143593539449,-15.));
#7315 = CARTESIAN_POINT('',(14.143593539449,0.));
#7316 = ( GEOMETRIC_REPRESENTATION_CONTEXT(2) 
PARAMETRIC_REPRESENTATION_CONTEXT() REPRESENTATION_CONTEXT('2D SPACE',''
  ) );
#7317 = ORIENTED_EDGE('',*,*,#7318,.T.);
#7318 = EDGE_CURVE('',#7293,#7319,#7321,.T.);
#7319 = VERTEX_POINT('',#7320);
#7320 = CARTESIAN_POINT('',(4.5,-7.5,-13.85640646055));
#7321 = SURFACE_CURVE('',#7322,(#7326,#7332),.PCURVE_S1.);
#7322 = LINE('',#7323,#7324);
#7323 = CARTESIAN_POINT('',(0.75,-7.5,-13.85640646055));
#7324 = VECTOR('',#7325,1.);
#7325 = DIRECTION('',(1.,-0.,0.));
#7326 = PCURVE('',#4011,#7327);
#7327 = DEFINITIONAL_REPRESENTATION('',(#7328),#7331);
#7328 = B_SPLINE_CURVE_WITH_KNOTS('',1,(#7329,#7330),.UNSPECIFIED.,.F.,
  .F.,(2,2),(0.75,3.75),.PIECEWISE_BEZIER_KNOTS.);
#7329 = CARTESIAN_POINT('',(0.5,1.5));
#7330 = CARTESIAN_POINT('',(0.5,4.5));
#7331 = ( GEOMETRIC_REPRESENTATION_CONTEXT(2) 
PARAMETRIC_REPRESENTATION_CONTEXT() REPRESENTATION_CONTEXT('2D SPACE',''
  ) );
#7332 = PCURVE('',#7333,#7338);
#7333 = PLANE('',#7334);
#7334 = AXIS2_PLACEMENT_3D('',#7335,#7336,#7337);
#7335 = CARTESIAN_POINT('',(1.5,-7.5,-28.));
#7336 = DIRECTION('',(0.,1.,0.));
#7337 = DIRECTION('',(0.,0.,1.));
#7338 = DEFINITIONAL_REPRESENTATION('',(#7339),#7342);
#7339 = B_SPLINE_CURVE_WITH_KNOTS('',1,(#7340,#7341),.UNSPECIFIED.,.F.,
  .F.,(2,2),(0.75,3.75),.PIECEWISE_BEZIER_KNOTS.);
#7340 = CARTESIAN_POINT('',(14.143593539449,0.));
#7341 = CARTESIAN_POINT('',(14.143593539449,3.));
#7342 = ( GEOMETRIC_REPRESENTATION_CONTEXT(2) 
PARAMETRIC_REPRESENTATION_CONTEXT() REPRESENTATION_CONTEXT('2D SPACE',''
  ) );
#7343 = ORIENTED_EDGE('',*,*,#7344,.F.);
#7344 = EDGE_CURVE('',#7267,#7319,#7345,.T.);
#7345 = SURFACE_CURVE('',#7346,(#7350,#7356),.PCURVE_S1.);
#7346 = LINE('',#7347,#7348);
#7347 = CARTESIAN_POINT('',(4.5,-7.75,-13.85640646055));
#7348 = VECTOR('',#7349,1.);
#7349 = DIRECTION('',(0.,-1.,2.22044604925E-16));
#7350 = PCURVE('',#4011,#7351);
#7351 = DEFINITIONAL_REPRESENTATION('',(#7352),#7355);
#7352 = B_SPLINE_CURVE_WITH_KNOTS('',1,(#7353,#7354),.UNSPECIFIED.,.F.,
  .F.,(2,2),(-15.25,-0.25),.PIECEWISE_BEZIER_KNOTS.);
#7353 = CARTESIAN_POINT('',(15.5,4.5));
#7354 = CARTESIAN_POINT('',(0.5,4.5));
#7355 = ( GEOMETRIC_REPRESENTATION_CONTEXT(2) 
PARAMETRIC_REPRESENTATION_CONTEXT() REPRESENTATION_CONTEXT('2D SPACE',''
  ) );
#7356 = PCURVE('',#7357,#7362);
#7357 = PLANE('',#7358);
#7358 = AXIS2_PLACEMENT_3D('',#7359,#7360,#7361);
#7359 = CARTESIAN_POINT('',(4.5,-7.5,-28.));
#7360 = DIRECTION('',(1.,0.,0.));
#7361 = DIRECTION('',(0.,0.,1.));
#7362 = DEFINITIONAL_REPRESENTATION('',(#7363),#7366);
#7363 = B_SPLINE_CURVE_WITH_KNOTS('',1,(#7364,#7365),.UNSPECIFIED.,.F.,
  .F.,(2,2),(-15.25,-0.25),.PIECEWISE_BEZIER_KNOTS.);
#7364 = CARTESIAN_POINT('',(14.143593539449,-15.));
#7365 = CARTESIAN_POINT('',(14.143593539449,0.));
#7366 = ( GEOMETRIC_REPRESENTATION_CONTEXT(2) 
PARAMETRIC_REPRESENTATION_CONTEXT() REPRESENTATION_CONTEXT('2D SPACE',''
  ) );
#7367 = FACE_BOUND('',#7368,.T.);
#7368 = EDGE_LOOP('',(#7369,#7392,#7413,#7434));
#7369 = ORIENTED_EDGE('',*,*,#7370,.F.);
#7370 = EDGE_CURVE('',#7371,#7373,#7375,.T.);
#7371 = VERTEX_POINT('',#7372);
#7372 = CARTESIAN_POINT('',(42.5,3.,-13.85640646055));
#7373 = VERTEX_POINT('',#7374);
#7374 = CARTESIAN_POINT('',(45.5,3.,-13.85640646055));
#7375 = SURFACE_CURVE('',#7376,(#7380,#7386),.PCURVE_S1.);
#7376 = LINE('',#7377,#7378);
#7377 = CARTESIAN_POINT('',(21.25,3.,-13.85640646055));
#7378 = VECTOR('',#7379,1.);
#7379 = DIRECTION('',(1.,-0.,0.));
#7380 = PCURVE('',#4011,#7381);
#7381 = DEFINITIONAL_REPRESENTATION('',(#7382),#7385);
#7382 = B_SPLINE_CURVE_WITH_KNOTS('',1,(#7383,#7384),.UNSPECIFIED.,.F.,
  .F.,(2,2),(21.25,24.25),.PIECEWISE_BEZIER_KNOTS.);
#7383 = CARTESIAN_POINT('',(11.,42.5));
#7384 = CARTESIAN_POINT('',(11.,45.5));
#7385 = ( GEOMETRIC_REPRESENTATION_CONTEXT(2) 
PARAMETRIC_REPRESENTATION_CONTEXT() REPRESENTATION_CONTEXT('2D SPACE',''
  ) );
#7386 = PCURVE('',#5279,#7387);
#7387 = DEFINITIONAL_REPRESENTATION('',(#7388),#7391);
#7388 = B_SPLINE_CURVE_WITH_KNOTS('',1,(#7389,#7390),.UNSPECIFIED.,.F.,
  .F.,(2,2),(21.25,24.25),.PIECEWISE_BEZIER_KNOTS.);
#7389 = CARTESIAN_POINT('',(5.143593539449,0.));
#7390 = CARTESIAN_POINT('',(5.143593539449,3.));
#7391 = ( GEOMETRIC_REPRESENTATION_CONTEXT(2) 
PARAMETRIC_REPRESENTATION_CONTEXT() REPRESENTATION_CONTEXT('2D SPACE',''
  ) );
#7392 = ORIENTED_EDGE('',*,*,#7393,.T.);
#7393 = EDGE_CURVE('',#7371,#7394,#7396,.T.);
#7394 = VERTEX_POINT('',#7395);
#7395 = CARTESIAN_POINT('',(42.5,-3.,-13.85640646055));
#7396 = SURFACE_CURVE('',#7397,(#7401,#7407),.PCURVE_S1.);
#7397 = LINE('',#7398,#7399);
#7398 = CARTESIAN_POINT('',(42.5,-5.5,-13.85640646055));
#7399 = VECTOR('',#7400,1.);
#7400 = DIRECTION('',(0.,-1.,2.22044604925E-16));
#7401 = PCURVE('',#4011,#7402);
#7402 = DEFINITIONAL_REPRESENTATION('',(#7403),#7406);
#7403 = B_SPLINE_CURVE_WITH_KNOTS('',1,(#7404,#7405),.UNSPECIFIED.,.F.,
  .F.,(2,2),(-8.5,-2.5),.PIECEWISE_BEZIER_KNOTS.);
#7404 = CARTESIAN_POINT('',(11.,42.5));
#7405 = CARTESIAN_POINT('',(5.,42.5));
#7406 = ( GEOMETRIC_REPRESENTATION_CONTEXT(2) 
PARAMETRIC_REPRESENTATION_CONTEXT() REPRESENTATION_CONTEXT('2D SPACE',''
  ) );
#7407 = PCURVE('',#5253,#7408);
#7408 = DEFINITIONAL_REPRESENTATION('',(#7409),#7412);
#7409 = B_SPLINE_CURVE_WITH_KNOTS('',1,(#7410,#7411),.UNSPECIFIED.,.F.,
  .F.,(2,2),(-8.5,-2.5),.PIECEWISE_BEZIER_KNOTS.);
#7410 = CARTESIAN_POINT('',(5.143593539449,-6.));
#7411 = CARTESIAN_POINT('',(5.143593539449,0.));
#7412 = ( GEOMETRIC_REPRESENTATION_CONTEXT(2) 
PARAMETRIC_REPRESENTATION_CONTEXT() REPRESENTATION_CONTEXT('2D SPACE',''
  ) );
#7413 = ORIENTED_EDGE('',*,*,#7414,.T.);
#7414 = EDGE_CURVE('',#7394,#7415,#7417,.T.);
#7415 = VERTEX_POINT('',#7416);
#7416 = CARTESIAN_POINT('',(45.5,-3.,-13.85640646055));
#7417 = SURFACE_CURVE('',#7418,(#7422,#7428),.PCURVE_S1.);
#7418 = LINE('',#7419,#7420);
#7419 = CARTESIAN_POINT('',(21.25,-3.,-13.85640646055));
#7420 = VECTOR('',#7421,1.);
#7421 = DIRECTION('',(1.,-0.,0.));
#7422 = PCURVE('',#4011,#7423);
#7423 = DEFINITIONAL_REPRESENTATION('',(#7424),#7427);
#7424 = B_SPLINE_CURVE_WITH_KNOTS('',1,(#7425,#7426),.UNSPECIFIED.,.F.,
  .F.,(2,2),(21.25,24.25),.PIECEWISE_BEZIER_KNOTS.);
#7425 = CARTESIAN_POINT('',(5.,42.5));
#7426 = CARTESIAN_POINT('',(5.,45.5));
#7427 = ( GEOMETRIC_REPRESENTATION_CONTEXT(2) 
PARAMETRIC_REPRESENTATION_CONTEXT() REPRESENTATION_CONTEXT('2D SPACE',''
  ) );
#7428 = PCURVE('',#5227,#7429);
#7429 = DEFINITIONAL_REPRESENTATION('',(#7430),#7433);
#7430 = B_SPLINE_CURVE_WITH_KNOTS('',1,(#7431,#7432),.UNSPECIFIED.,.F.,
  .F.,(2,2),(21.25,24.25),.PIECEWISE_BEZIER_KNOTS.);
#7431 = CARTESIAN_POINT('',(5.143593539449,0.));
#7432 = CARTESIAN_POINT('',(5.143593539449,3.));
#7433 = ( GEOMETRIC_REPRESENTATION_CONTEXT(2) 
PARAMETRIC_REPRESENTATION_CONTEXT() REPRESENTATION_CONTEXT('2D SPACE',''
  ) );
#7434 = ORIENTED_EDGE('',*,*,#7435,.F.);
#7435 = EDGE_CURVE('',#7373,#7415,#7436,.T.);
#7436 = SURFACE_CURVE('',#7437,(#7441,#7447),.PCURVE_S1.);
#7437 = LINE('',#7438,#7439);
#7438 = CARTESIAN_POINT('',(45.5,-5.5,-13.85640646055));
#7439 = VECTOR('',#7440,1.);
#7440 = DIRECTION('',(0.,-1.,2.22044604925E-16));
#7441 = PCURVE('',#4011,#7442);
#7442 = DEFINITIONAL_REPRESENTATION('',(#7443),#7446);
#7443 = B_SPLINE_CURVE_WITH_KNOTS('',1,(#7444,#7445),.UNSPECIFIED.,.F.,
  .F.,(2,2),(-8.5,-2.5),.PIECEWISE_BEZIER_KNOTS.);
#7444 = CARTESIAN_POINT('',(11.,45.5));
#7445 = CARTESIAN_POINT('',(5.,45.5));
#7446 = ( GEOMETRIC_REPRESENTATION_CONTEXT(2) 
PARAMETRIC_REPRESENTATION_CONTEXT() REPRESENTATION_CONTEXT('2D SPACE',''
  ) );
#7447 = PCURVE('',#5303,#7448);
#7448 = DEFINITIONAL_REPRESENTATION('',(#7449),#7452);
#7449 = B_SPLINE_CURVE_WITH_KNOTS('',1,(#7450,#7451),.UNSPECIFIED.,.F.,
  .F.,(2,2),(-8.5,-2.5),.PIECEWISE_BEZIER_KNOTS.);
#7450 = CARTESIAN_POINT('',(5.143593539449,-6.));
#7451 = CARTESIAN_POINT('',(5.143593539449,0.));
#7452 = ( GEOMETRIC_REPRESENTATION_CONTEXT(2) 
PARAMETRIC_REPRESENTATION_CONTEXT() REPRESENTATION_CONTEXT('2D SPACE',''
  ) );
#7453 = ADVANCED_FACE('',(#7454),#5121,.T.);
#7454 = FACE_BOUND('',#7455,.T.);
#7455 = EDGE_LOOP('',(#7456,#7477,#7478,#7499));
#7456 = ORIENTED_EDGE('',*,*,#7457,.F.);
#7457 = EDGE_CURVE('',#7117,#5105,#7458,.T.);
#7458 = SURFACE_CURVE('',#7459,(#7463,#7470),.PCURVE_S1.);
#7459 = LINE('',#7460,#7461);
#7460 = CARTESIAN_POINT('',(-42.5,-3.,-19.));
#7461 = VECTOR('',#7462,1.);
#7462 = DIRECTION('',(0.,0.,1.));
#7463 = PCURVE('',#5121,#7464);
#7464 = DEFINITIONAL_REPRESENTATION('',(#7465),#7469);
#7465 = LINE('',#7466,#7467);
#7466 = CARTESIAN_POINT('',(0.,3.));
#7467 = VECTOR('',#7468,1.);
#7468 = DIRECTION('',(1.,0.));
#7469 = ( GEOMETRIC_REPRESENTATION_CONTEXT(2) 
PARAMETRIC_REPRESENTATION_CONTEXT() REPRESENTATION_CONTEXT('2D SPACE',''
  ) );
#7470 = PCURVE('',#5197,#7471);
#7471 = DEFINITIONAL_REPRESENTATION('',(#7472),#7476);
#7472 = LINE('',#7473,#7474);
#7473 = CARTESIAN_POINT('',(0.,0.));
#7474 = VECTOR('',#7475,1.);
#7475 = DIRECTION('',(1.,0.));
#7476 = ( GEOMETRIC_REPRESENTATION_CONTEXT(2) 
PARAMETRIC_REPRESENTATION_CONTEXT() REPRESENTATION_CONTEXT('2D SPACE',''
  ) );
#7477 = ORIENTED_EDGE('',*,*,#7116,.F.);
#7478 = ORIENTED_EDGE('',*,*,#7479,.T.);
#7479 = EDGE_CURVE('',#7096,#5107,#7480,.T.);
#7480 = SURFACE_CURVE('',#7481,(#7485,#7492),.PCURVE_S1.);
#7481 = LINE('',#7482,#7483);
#7482 = CARTESIAN_POINT('',(-45.5,-3.,-19.));
#7483 = VECTOR('',#7484,1.);
#7484 = DIRECTION('',(0.,0.,1.));
#7485 = PCURVE('',#5121,#7486);
#7486 = DEFINITIONAL_REPRESENTATION('',(#7487),#7491);
#7487 = LINE('',#7488,#7489);
#7488 = CARTESIAN_POINT('',(0.,0.));
#7489 = VECTOR('',#7490,1.);
#7490 = DIRECTION('',(1.,0.));
#7491 = ( GEOMETRIC_REPRESENTATION_CONTEXT(2) 
PARAMETRIC_REPRESENTATION_CONTEXT() REPRESENTATION_CONTEXT('2D SPACE',''
  ) );
#7492 = PCURVE('',#5147,#7493);
#7493 = DEFINITIONAL_REPRESENTATION('',(#7494),#7498);
#7494 = LINE('',#7495,#7496);
#7495 = CARTESIAN_POINT('',(0.,0.));
#7496 = VECTOR('',#7497,1.);
#7497 = DIRECTION('',(1.,0.));
#7498 = ( GEOMETRIC_REPRESENTATION_CONTEXT(2) 
PARAMETRIC_REPRESENTATION_CONTEXT() REPRESENTATION_CONTEXT('2D SPACE',''
  ) );
#7499 = ORIENTED_EDGE('',*,*,#5104,.F.);
#7500 = ADVANCED_FACE('',(#7501),#5197,.F.);
#7501 = FACE_BOUND('',#7502,.F.);
#7502 = EDGE_LOOP('',(#7503,#7504,#7505,#7526));
#7503 = ORIENTED_EDGE('',*,*,#7457,.F.);
#7504 = ORIENTED_EDGE('',*,*,#7137,.F.);
#7505 = ORIENTED_EDGE('',*,*,#7506,.T.);
#7506 = EDGE_CURVE('',#7075,#5159,#7507,.T.);
#7507 = SURFACE_CURVE('',#7508,(#7512,#7519),.PCURVE_S1.);
#7508 = LINE('',#7509,#7510);
#7509 = CARTESIAN_POINT('',(-42.5,3.,-19.));
#7510 = VECTOR('',#7511,1.);
#7511 = DIRECTION('',(0.,0.,1.));
#7512 = PCURVE('',#5197,#7513);
#7513 = DEFINITIONAL_REPRESENTATION('',(#7514),#7518);
#7514 = LINE('',#7515,#7516);
#7515 = CARTESIAN_POINT('',(0.,-6.));
#7516 = VECTOR('',#7517,1.);
#7517 = DIRECTION('',(1.,0.));
#7518 = ( GEOMETRIC_REPRESENTATION_CONTEXT(2) 
PARAMETRIC_REPRESENTATION_CONTEXT() REPRESENTATION_CONTEXT('2D SPACE',''
  ) );
#7519 = PCURVE('',#5173,#7520);
#7520 = DEFINITIONAL_REPRESENTATION('',(#7521),#7525);
#7521 = LINE('',#7522,#7523);
#7522 = CARTESIAN_POINT('',(0.,3.));
#7523 = VECTOR('',#7524,1.);
#7524 = DIRECTION('',(1.,0.));
#7525 = ( GEOMETRIC_REPRESENTATION_CONTEXT(2) 
PARAMETRIC_REPRESENTATION_CONTEXT() REPRESENTATION_CONTEXT('2D SPACE',''
  ) );
#7526 = ORIENTED_EDGE('',*,*,#5184,.F.);
#7527 = ADVANCED_FACE('',(#7528),#5147,.T.);
#7528 = FACE_BOUND('',#7529,.T.);
#7529 = EDGE_LOOP('',(#7530,#7531,#7532,#7553));
#7530 = ORIENTED_EDGE('',*,*,#7479,.F.);
#7531 = ORIENTED_EDGE('',*,*,#7095,.F.);
#7532 = ORIENTED_EDGE('',*,*,#7533,.T.);
#7533 = EDGE_CURVE('',#7073,#5133,#7534,.T.);
#7534 = SURFACE_CURVE('',#7535,(#7539,#7546),.PCURVE_S1.);
#7535 = LINE('',#7536,#7537);
#7536 = CARTESIAN_POINT('',(-45.5,3.,-19.));
#7537 = VECTOR('',#7538,1.);
#7538 = DIRECTION('',(0.,0.,1.));
#7539 = PCURVE('',#5147,#7540);
#7540 = DEFINITIONAL_REPRESENTATION('',(#7541),#7545);
#7541 = LINE('',#7542,#7543);
#7542 = CARTESIAN_POINT('',(0.,-6.));
#7543 = VECTOR('',#7544,1.);
#7544 = DIRECTION('',(1.,0.));
#7545 = ( GEOMETRIC_REPRESENTATION_CONTEXT(2) 
PARAMETRIC_REPRESENTATION_CONTEXT() REPRESENTATION_CONTEXT('2D SPACE',''
  ) );
#7546 = PCURVE('',#5173,#7547);
#7547 = DEFINITIONAL_REPRESENTATION('',(#7548),#7552);
#7548 = LINE('',#7549,#7550);
#7549 = CARTESIAN_POINT('',(0.,0.));
#7550 = VECTOR('',#7551,1.);
#7551 = DIRECTION('',(1.,0.));
#7552 = ( GEOMETRIC_REPRESENTATION_CONTEXT(2) 
PARAMETRIC_REPRESENTATION_CONTEXT() REPRESENTATION_CONTEXT('2D SPACE',''
  ) );
#7553 = ORIENTED_EDGE('',*,*,#5132,.F.);
#7554 = ADVANCED_FACE('',(#7555),#5173,.F.);
#7555 = FACE_BOUND('',#7556,.F.);
#7556 = EDGE_LOOP('',(#7557,#7558,#7559,#7560));
#7557 = ORIENTED_EDGE('',*,*,#7506,.F.);
#7558 = ORIENTED_EDGE('',*,*,#7072,.F.);
#7559 = ORIENTED_EDGE('',*,*,#7533,.T.);
#7560 = ORIENTED_EDGE('',*,*,#5158,.F.);
#7561 = ADVANCED_FACE('',(#7562),#5227,.T.);
#7562 = FACE_BOUND('',#7563,.T.);
#7563 = EDGE_LOOP('',(#7564,#7585,#7586,#7607));
#7564 = ORIENTED_EDGE('',*,*,#7565,.F.);
#7565 = EDGE_CURVE('',#7415,#5211,#7566,.T.);
#7566 = SURFACE_CURVE('',#7567,(#7571,#7578),.PCURVE_S1.);
#7567 = LINE('',#7568,#7569);
#7568 = CARTESIAN_POINT('',(45.5,-3.,-19.));
#7569 = VECTOR('',#7570,1.);
#7570 = DIRECTION('',(0.,0.,1.));
#7571 = PCURVE('',#5227,#7572);
#7572 = DEFINITIONAL_REPRESENTATION('',(#7573),#7577);
#7573 = LINE('',#7574,#7575);
#7574 = CARTESIAN_POINT('',(0.,3.));
#7575 = VECTOR('',#7576,1.);
#7576 = DIRECTION('',(1.,0.));
#7577 = ( GEOMETRIC_REPRESENTATION_CONTEXT(2) 
PARAMETRIC_REPRESENTATION_CONTEXT() REPRESENTATION_CONTEXT('2D SPACE',''
  ) );
#7578 = PCURVE('',#5303,#7579);
#7579 = DEFINITIONAL_REPRESENTATION('',(#7580),#7584);
#7580 = LINE('',#7581,#7582);
#7581 = CARTESIAN_POINT('',(0.,0.));
#7582 = VECTOR('',#7583,1.);
#7583 = DIRECTION('',(1.,0.));
#7584 = ( GEOMETRIC_REPRESENTATION_CONTEXT(2) 
PARAMETRIC_REPRESENTATION_CONTEXT() REPRESENTATION_CONTEXT('2D SPACE',''
  ) );
#7585 = ORIENTED_EDGE('',*,*,#7414,.F.);
#7586 = ORIENTED_EDGE('',*,*,#7587,.T.);
#7587 = EDGE_CURVE('',#7394,#5213,#7588,.T.);
#7588 = SURFACE_CURVE('',#7589,(#7593,#7600),.PCURVE_S1.);
#7589 = LINE('',#7590,#7591);
#7590 = CARTESIAN_POINT('',(42.5,-3.,-19.));
#7591 = VECTOR('',#7592,1.);
#7592 = DIRECTION('',(0.,0.,1.));
#7593 = PCURVE('',#5227,#7594);
#7594 = DEFINITIONAL_REPRESENTATION('',(#7595),#7599);
#7595 = LINE('',#7596,#7597);
#7596 = CARTESIAN_POINT('',(0.,0.));
#7597 = VECTOR('',#7598,1.);
#7598 = DIRECTION('',(1.,0.));
#7599 = ( GEOMETRIC_REPRESENTATION_CONTEXT(2) 
PARAMETRIC_REPRESENTATION_CONTEXT() REPRESENTATION_CONTEXT('2D SPACE',''
  ) );
#7600 = PCURVE('',#5253,#7601);
#7601 = DEFINITIONAL_REPRESENTATION('',(#7602),#7606);
#7602 = LINE('',#7603,#7604);
#7603 = CARTESIAN_POINT('',(0.,0.));
#7604 = VECTOR('',#7605,1.);
#7605 = DIRECTION('',(1.,0.));
#7606 = ( GEOMETRIC_REPRESENTATION_CONTEXT(2) 
PARAMETRIC_REPRESENTATION_CONTEXT() REPRESENTATION_CONTEXT('2D SPACE',''
  ) );
#7607 = ORIENTED_EDGE('',*,*,#5210,.F.);
#7608 = ADVANCED_FACE('',(#7609),#5303,.F.);
#7609 = FACE_BOUND('',#7610,.F.);
#7610 = EDGE_LOOP('',(#7611,#7612,#7613,#7634));
#7611 = ORIENTED_EDGE('',*,*,#7565,.F.);
#7612 = ORIENTED_EDGE('',*,*,#7435,.F.);
#7613 = ORIENTED_EDGE('',*,*,#7614,.T.);
#7614 = EDGE_CURVE('',#7373,#5265,#7615,.T.);
#7615 = SURFACE_CURVE('',#7616,(#7620,#7627),.PCURVE_S1.);
#7616 = LINE('',#7617,#7618);
#7617 = CARTESIAN_POINT('',(45.5,3.,-19.));
#7618 = VECTOR('',#7619,1.);
#7619 = DIRECTION('',(0.,0.,1.));
#7620 = PCURVE('',#5303,#7621);
#7621 = DEFINITIONAL_REPRESENTATION('',(#7622),#7626);
#7622 = LINE('',#7623,#7624);
#7623 = CARTESIAN_POINT('',(0.,-6.));
#7624 = VECTOR('',#7625,1.);
#7625 = DIRECTION('',(1.,0.));
#7626 = ( GEOMETRIC_REPRESENTATION_CONTEXT(2) 
PARAMETRIC_REPRESENTATION_CONTEXT() REPRESENTATION_CONTEXT('2D SPACE',''
  ) );
#7627 = PCURVE('',#5279,#7628);
#7628 = DEFINITIONAL_REPRESENTATION('',(#7629),#7633);
#7629 = LINE('',#7630,#7631);
#7630 = CARTESIAN_POINT('',(0.,3.));
#7631 = VECTOR('',#7632,1.);
#7632 = DIRECTION('',(1.,0.));
#7633 = ( GEOMETRIC_REPRESENTATION_CONTEXT(2) 
PARAMETRIC_REPRESENTATION_CONTEXT() REPRESENTATION_CONTEXT('2D SPACE',''
  ) );
#7634 = ORIENTED_EDGE('',*,*,#5290,.F.);
#7635 = ADVANCED_FACE('',(#7636),#5279,.F.);
#7636 = FACE_BOUND('',#7637,.F.);
#7637 = EDGE_LOOP('',(#7638,#7639,#7640,#7661));
#7638 = ORIENTED_EDGE('',*,*,#7614,.F.);
#7639 = ORIENTED_EDGE('',*,*,#7370,.F.);
#7640 = ORIENTED_EDGE('',*,*,#7641,.T.);
#7641 = EDGE_CURVE('',#7371,#5239,#7642,.T.);
#7642 = SURFACE_CURVE('',#7643,(#7647,#7654),.PCURVE_S1.);
#7643 = LINE('',#7644,#7645);
#7644 = CARTESIAN_POINT('',(42.5,3.,-19.));
#7645 = VECTOR('',#7646,1.);
#7646 = DIRECTION('',(0.,0.,1.));
#7647 = PCURVE('',#5279,#7648);
#7648 = DEFINITIONAL_REPRESENTATION('',(#7649),#7653);
#7649 = LINE('',#7650,#7651);
#7650 = CARTESIAN_POINT('',(0.,0.));
#7651 = VECTOR('',#7652,1.);
#7652 = DIRECTION('',(1.,0.));
#7653 = ( GEOMETRIC_REPRESENTATION_CONTEXT(2) 
PARAMETRIC_REPRESENTATION_CONTEXT() REPRESENTATION_CONTEXT('2D SPACE',''
  ) );
#7654 = PCURVE('',#5253,#7655);
#7655 = DEFINITIONAL_REPRESENTATION('',(#7656),#7660);
#7656 = LINE('',#7657,#7658);
#7657 = CARTESIAN_POINT('',(0.,-6.));
#7658 = VECTOR('',#7659,1.);
#7659 = DIRECTION('',(1.,0.));
#7660 = ( GEOMETRIC_REPRESENTATION_CONTEXT(2) 
PARAMETRIC_REPRESENTATION_CONTEXT() REPRESENTATION_CONTEXT('2D SPACE',''
  ) );
#7661 = ORIENTED_EDGE('',*,*,#5264,.F.);
#7662 = ADVANCED_FACE('',(#7663),#5253,.T.);
#7663 = FACE_BOUND('',#7664,.T.);
#7664 = EDGE_LOOP('',(#7665,#7666,#7667,#7668));
#7665 = ORIENTED_EDGE('',*,*,#7587,.F.);
#7666 = ORIENTED_EDGE('',*,*,#7393,.F.);
#7667 = ORIENTED_EDGE('',*,*,#7641,.T.);
#7668 = ORIENTED_EDGE('',*,*,#5238,.F.);
#7669 = ADVANCED_FACE('',(#7670),#7175,.T.);
#7670 = FACE_BOUND('',#7671,.T.);
#7671 = EDGE_LOOP('',(#7672,#7695,#7722,#7743));
#7672 = ORIENTED_EDGE('',*,*,#7673,.F.);
#7673 = EDGE_CURVE('',#7674,#7161,#7676,.T.);
#7674 = VERTEX_POINT('',#7675);
#7675 = CARTESIAN_POINT('',(-1.5,7.5,-28.));
#7676 = SURFACE_CURVE('',#7677,(#7681,#7688),.PCURVE_S1.);
#7677 = LINE('',#7678,#7679);
#7678 = CARTESIAN_POINT('',(-1.5,7.5,-28.));
#7679 = VECTOR('',#7680,1.);
#7680 = DIRECTION('',(0.,0.,1.));
#7681 = PCURVE('',#7175,#7682);
#7682 = DEFINITIONAL_REPRESENTATION('',(#7683),#7687);
#7683 = LINE('',#7684,#7685);
#7684 = CARTESIAN_POINT('',(0.,3.));
#7685 = VECTOR('',#7686,1.);
#7686 = DIRECTION('',(1.,0.));
#7687 = ( GEOMETRIC_REPRESENTATION_CONTEXT(2) 
PARAMETRIC_REPRESENTATION_CONTEXT() REPRESENTATION_CONTEXT('2D SPACE',''
  ) );
#7688 = PCURVE('',#7251,#7689);
#7689 = DEFINITIONAL_REPRESENTATION('',(#7690),#7694);
#7690 = LINE('',#7691,#7692);
#7691 = CARTESIAN_POINT('',(0.,-15.));
#7692 = VECTOR('',#7693,1.);
#7693 = DIRECTION('',(1.,0.));
#7694 = ( GEOMETRIC_REPRESENTATION_CONTEXT(2) 
PARAMETRIC_REPRESENTATION_CONTEXT() REPRESENTATION_CONTEXT('2D SPACE',''
  ) );
#7695 = ORIENTED_EDGE('',*,*,#7696,.F.);
#7696 = EDGE_CURVE('',#7697,#7674,#7699,.T.);
#7697 = VERTEX_POINT('',#7698);
#7698 = CARTESIAN_POINT('',(-4.5,7.5,-28.));
#7699 = SURFACE_CURVE('',#7700,(#7704,#7711),.PCURVE_S1.);
#7700 = LINE('',#7701,#7702);
#7701 = CARTESIAN_POINT('',(-4.5,7.5,-28.));
#7702 = VECTOR('',#7703,1.);
#7703 = DIRECTION('',(1.,0.,0.));
#7704 = PCURVE('',#7175,#7705);
#7705 = DEFINITIONAL_REPRESENTATION('',(#7706),#7710);
#7706 = LINE('',#7707,#7708);
#7707 = CARTESIAN_POINT('',(0.,0.));
#7708 = VECTOR('',#7709,1.);
#7709 = DIRECTION('',(0.,1.));
#7710 = ( GEOMETRIC_REPRESENTATION_CONTEXT(2) 
PARAMETRIC_REPRESENTATION_CONTEXT() REPRESENTATION_CONTEXT('2D SPACE',''
  ) );
#7711 = PCURVE('',#7712,#7717);
#7712 = CYLINDRICAL_SURFACE('',#7713,7.5);
#7713 = AXIS2_PLACEMENT_3D('',#7714,#7715,#7716);
#7714 = CARTESIAN_POINT('',(-4.5,0.,-28.));
#7715 = DIRECTION('',(1.,0.,2.22044604925E-16));
#7716 = DIRECTION('',(2.22044604925E-16,0.,-1.));
#7717 = DEFINITIONAL_REPRESENTATION('',(#7718),#7721);
#7718 = B_SPLINE_CURVE_WITH_KNOTS('',1,(#7719,#7720),.UNSPECIFIED.,.F.,
  .F.,(2,2),(0.,3.),.PIECEWISE_BEZIER_KNOTS.);
#7719 = CARTESIAN_POINT('',(7.853981633974,0.));
#7720 = CARTESIAN_POINT('',(7.853981633974,3.));
#7721 = ( GEOMETRIC_REPRESENTATION_CONTEXT(2) 
PARAMETRIC_REPRESENTATION_CONTEXT() REPRESENTATION_CONTEXT('2D SPACE',''
  ) );
#7722 = ORIENTED_EDGE('',*,*,#7723,.T.);
#7723 = EDGE_CURVE('',#7697,#7159,#7724,.T.);
#7724 = SURFACE_CURVE('',#7725,(#7729,#7736),.PCURVE_S1.);
#7725 = LINE('',#7726,#7727);
#7726 = CARTESIAN_POINT('',(-4.5,7.5,-28.));
#7727 = VECTOR('',#7728,1.);
#7728 = DIRECTION('',(0.,0.,1.));
#7729 = PCURVE('',#7175,#7730);
#7730 = DEFINITIONAL_REPRESENTATION('',(#7731),#7735);
#7731 = LINE('',#7732,#7733);
#7732 = CARTESIAN_POINT('',(0.,0.));
#7733 = VECTOR('',#7734,1.);
#7734 = DIRECTION('',(1.,0.));
#7735 = ( GEOMETRIC_REPRESENTATION_CONTEXT(2) 
PARAMETRIC_REPRESENTATION_CONTEXT() REPRESENTATION_CONTEXT('2D SPACE',''
  ) );
#7736 = PCURVE('',#7201,#7737);
#7737 = DEFINITIONAL_REPRESENTATION('',(#7738),#7742);
#7738 = LINE('',#7739,#7740);
#7739 = CARTESIAN_POINT('',(0.,-15.));
#7740 = VECTOR('',#7741,1.);
#7741 = DIRECTION('',(1.,0.));
#7742 = ( GEOMETRIC_REPRESENTATION_CONTEXT(2) 
PARAMETRIC_REPRESENTATION_CONTEXT() REPRESENTATION_CONTEXT('2D SPACE',''
  ) );
#7743 = ORIENTED_EDGE('',*,*,#7158,.T.);
#7744 = ADVANCED_FACE('',(#7745,#7794),#7251,.T.);
#7745 = FACE_BOUND('',#7746,.T.);
#7746 = EDGE_LOOP('',(#7747,#7748,#7749,#7772));
#7747 = ORIENTED_EDGE('',*,*,#7673,.T.);
#7748 = ORIENTED_EDGE('',*,*,#7238,.T.);
#7749 = ORIENTED_EDGE('',*,*,#7750,.F.);
#7750 = EDGE_CURVE('',#7751,#7213,#7753,.T.);
#7751 = VERTEX_POINT('',#7752);
#7752 = CARTESIAN_POINT('',(-1.5,-7.5,-28.));
#7753 = SURFACE_CURVE('',#7754,(#7758,#7765),.PCURVE_S1.);
#7754 = LINE('',#7755,#7756);
#7755 = CARTESIAN_POINT('',(-1.5,-7.5,-28.));
#7756 = VECTOR('',#7757,1.);
#7757 = DIRECTION('',(0.,0.,1.));
#7758 = PCURVE('',#7251,#7759);
#7759 = DEFINITIONAL_REPRESENTATION('',(#7760),#7764);
#7760 = LINE('',#7761,#7762);
#7761 = CARTESIAN_POINT('',(0.,0.));
#7762 = VECTOR('',#7763,1.);
#7763 = DIRECTION('',(1.,0.));
#7764 = ( GEOMETRIC_REPRESENTATION_CONTEXT(2) 
PARAMETRIC_REPRESENTATION_CONTEXT() REPRESENTATION_CONTEXT('2D SPACE',''
  ) );
#7765 = PCURVE('',#7227,#7766);
#7766 = DEFINITIONAL_REPRESENTATION('',(#7767),#7771);
#7767 = LINE('',#7768,#7769);
#7768 = CARTESIAN_POINT('',(0.,3.));
#7769 = VECTOR('',#7770,1.);
#7770 = DIRECTION('',(1.,0.));
#7771 = ( GEOMETRIC_REPRESENTATION_CONTEXT(2) 
PARAMETRIC_REPRESENTATION_CONTEXT() REPRESENTATION_CONTEXT('2D SPACE',''
  ) );
#7772 = ORIENTED_EDGE('',*,*,#7773,.T.);
#7773 = EDGE_CURVE('',#7751,#7674,#7774,.T.);
#7774 = SURFACE_CURVE('',#7775,(#7780,#7787),.PCURVE_S1.);
#7775 = CIRCLE('',#7776,7.5);
#7776 = AXIS2_PLACEMENT_3D('',#7777,#7778,#7779);
#7777 = CARTESIAN_POINT('',(-1.5,0.,-28.));
#7778 = DIRECTION('',(1.,0.,2.368475785867E-16));
#7779 = DIRECTION('',(0.,-1.,0.));
#7780 = PCURVE('',#7251,#7781);
#7781 = DEFINITIONAL_REPRESENTATION('',(#7782),#7786);
#7782 = CIRCLE('',#7783,7.5);
#7783 = AXIS2_PLACEMENT_2D('',#7784,#7785);
#7784 = CARTESIAN_POINT('',(0.,-7.5));
#7785 = DIRECTION('',(0.,1.));
#7786 = ( GEOMETRIC_REPRESENTATION_CONTEXT(2) 
PARAMETRIC_REPRESENTATION_CONTEXT() REPRESENTATION_CONTEXT('2D SPACE',''
  ) );
#7787 = PCURVE('',#7712,#7788);
#7788 = DEFINITIONAL_REPRESENTATION('',(#7789),#7793);
#7789 = LINE('',#7790,#7791);
#7790 = CARTESIAN_POINT('',(4.712388980385,3.));
#7791 = VECTOR('',#7792,1.);
#7792 = DIRECTION('',(1.,0.));
#7793 = ( GEOMETRIC_REPRESENTATION_CONTEXT(2) 
PARAMETRIC_REPRESENTATION_CONTEXT() REPRESENTATION_CONTEXT('2D SPACE',''
  ) );
#7794 = FACE_BOUND('',#7795,.T.);
#7795 = EDGE_LOOP('',(#7796));
#7796 = ORIENTED_EDGE('',*,*,#7797,.F.);
#7797 = EDGE_CURVE('',#7798,#7798,#7800,.T.);
#7798 = VERTEX_POINT('',#7799);
#7799 = CARTESIAN_POINT('',(-1.5,-6.123233995737E-16,-30.5));
#7800 = SURFACE_CURVE('',#7801,(#7806,#7813),.PCURVE_S1.);
#7801 = CIRCLE('',#7802,2.5);
#7802 = AXIS2_PLACEMENT_3D('',#7803,#7804,#7805);
#7803 = CARTESIAN_POINT('',(-1.5,0.,-28.));
#7804 = DIRECTION('',(1.,0.,2.22044604925E-16));
#7805 = DIRECTION('',(2.22044604925E-16,0.,-1.));
#7806 = PCURVE('',#7251,#7807);
#7807 = DEFINITIONAL_REPRESENTATION('',(#7808),#7812);
#7808 = CIRCLE('',#7809,2.5);
#7809 = AXIS2_PLACEMENT_2D('',#7810,#7811);
#7810 = CARTESIAN_POINT('',(0.,-7.5));
#7811 = DIRECTION('',(-1.,0.));
#7812 = ( GEOMETRIC_REPRESENTATION_CONTEXT(2) 
PARAMETRIC_REPRESENTATION_CONTEXT() REPRESENTATION_CONTEXT('2D SPACE',''
  ) );
#7813 = PCURVE('',#7814,#7819);
#7814 = CYLINDRICAL_SURFACE('',#7815,2.5);
#7815 = AXIS2_PLACEMENT_3D('',#7816,#7817,#7818);
#7816 = CARTESIAN_POINT('',(-5.5,0.,-28.));
#7817 = DIRECTION('',(1.,0.,2.22044604925E-16));
#7818 = DIRECTION('',(2.22044604925E-16,0.,-1.));
#7819 = DEFINITIONAL_REPRESENTATION('',(#7820),#7824);
#7820 = LINE('',#7821,#7822);
#7821 = CARTESIAN_POINT('',(0.,4.));
#7822 = VECTOR('',#7823,1.);
#7823 = DIRECTION('',(1.,0.));
#7824 = ( GEOMETRIC_REPRESENTATION_CONTEXT(2) 
PARAMETRIC_REPRESENTATION_CONTEXT() REPRESENTATION_CONTEXT('2D SPACE',''
  ) );
#7825 = ADVANCED_FACE('',(#7826),#7227,.F.);
#7826 = FACE_BOUND('',#7827,.F.);
#7827 = EDGE_LOOP('',(#7828,#7829,#7851,#7872));
#7828 = ORIENTED_EDGE('',*,*,#7750,.F.);
#7829 = ORIENTED_EDGE('',*,*,#7830,.F.);
#7830 = EDGE_CURVE('',#7831,#7751,#7833,.T.);
#7831 = VERTEX_POINT('',#7832);
#7832 = CARTESIAN_POINT('',(-4.5,-7.5,-28.));
#7833 = SURFACE_CURVE('',#7834,(#7838,#7845),.PCURVE_S1.);
#7834 = LINE('',#7835,#7836);
#7835 = CARTESIAN_POINT('',(-4.5,-7.5,-28.));
#7836 = VECTOR('',#7837,1.);
#7837 = DIRECTION('',(1.,0.,0.));
#7838 = PCURVE('',#7227,#7839);
#7839 = DEFINITIONAL_REPRESENTATION('',(#7840),#7844);
#7840 = LINE('',#7841,#7842);
#7841 = CARTESIAN_POINT('',(0.,0.));
#7842 = VECTOR('',#7843,1.);
#7843 = DIRECTION('',(0.,1.));
#7844 = ( GEOMETRIC_REPRESENTATION_CONTEXT(2) 
PARAMETRIC_REPRESENTATION_CONTEXT() REPRESENTATION_CONTEXT('2D SPACE',''
  ) );
#7845 = PCURVE('',#7712,#7846);
#7846 = DEFINITIONAL_REPRESENTATION('',(#7847),#7850);
#7847 = B_SPLINE_CURVE_WITH_KNOTS('',1,(#7848,#7849),.UNSPECIFIED.,.F.,
  .F.,(2,2),(0.,3.),.PIECEWISE_BEZIER_KNOTS.);
#7848 = CARTESIAN_POINT('',(4.712388980385,0.));
#7849 = CARTESIAN_POINT('',(4.712388980385,3.));
#7850 = ( GEOMETRIC_REPRESENTATION_CONTEXT(2) 
PARAMETRIC_REPRESENTATION_CONTEXT() REPRESENTATION_CONTEXT('2D SPACE',''
  ) );
#7851 = ORIENTED_EDGE('',*,*,#7852,.T.);
#7852 = EDGE_CURVE('',#7831,#7187,#7853,.T.);
#7853 = SURFACE_CURVE('',#7854,(#7858,#7865),.PCURVE_S1.);
#7854 = LINE('',#7855,#7856);
#7855 = CARTESIAN_POINT('',(-4.5,-7.5,-28.));
#7856 = VECTOR('',#7857,1.);
#7857 = DIRECTION('',(0.,0.,1.));
#7858 = PCURVE('',#7227,#7859);
#7859 = DEFINITIONAL_REPRESENTATION('',(#7860),#7864);
#7860 = LINE('',#7861,#7862);
#7861 = CARTESIAN_POINT('',(0.,0.));
#7862 = VECTOR('',#7863,1.);
#7863 = DIRECTION('',(1.,0.));
#7864 = ( GEOMETRIC_REPRESENTATION_CONTEXT(2) 
PARAMETRIC_REPRESENTATION_CONTEXT() REPRESENTATION_CONTEXT('2D SPACE',''
  ) );
#7865 = PCURVE('',#7201,#7866);
#7866 = DEFINITIONAL_REPRESENTATION('',(#7867),#7871);
#7867 = LINE('',#7868,#7869);
#7868 = CARTESIAN_POINT('',(0.,0.));
#7869 = VECTOR('',#7870,1.);
#7870 = DIRECTION('',(1.,0.));
#7871 = ( GEOMETRIC_REPRESENTATION_CONTEXT(2) 
PARAMETRIC_REPRESENTATION_CONTEXT() REPRESENTATION_CONTEXT('2D SPACE',''
  ) );
#7872 = ORIENTED_EDGE('',*,*,#7212,.T.);
#7873 = ADVANCED_FACE('',(#7874,#7905),#7201,.F.);
#7874 = FACE_BOUND('',#7875,.F.);
#7875 = EDGE_LOOP('',(#7876,#7877,#7878,#7879));
#7876 = ORIENTED_EDGE('',*,*,#7723,.T.);
#7877 = ORIENTED_EDGE('',*,*,#7186,.T.);
#7878 = ORIENTED_EDGE('',*,*,#7852,.F.);
#7879 = ORIENTED_EDGE('',*,*,#7880,.F.);
#7880 = EDGE_CURVE('',#7697,#7831,#7881,.T.);
#7881 = SURFACE_CURVE('',#7882,(#7887,#7898),.PCURVE_S1.);
#7882 = CIRCLE('',#7883,7.5);
#7883 = AXIS2_PLACEMENT_3D('',#7884,#7885,#7886);
#7884 = CARTESIAN_POINT('',(-4.5,0.,-28.));
#7885 = DIRECTION('',(-1.,0.,-2.368475785867E-16));
#7886 = DIRECTION('',(0.,1.,0.));
#7887 = PCURVE('',#7201,#7888);
#7888 = DEFINITIONAL_REPRESENTATION('',(#7889),#7897);
#7889 = ( BOUNDED_CURVE() B_SPLINE_CURVE(2,(#7890,#7891,#7892,#7893,
#7894,#7895,#7896),.UNSPECIFIED.,.T.,.F.) B_SPLINE_CURVE_WITH_KNOTS((1,2
    ,2,2,2,1),(-2.094395102393,0.,2.094395102393,4.188790204786,
6.28318530718,8.377580409573),.UNSPECIFIED.) CURVE() 
GEOMETRIC_REPRESENTATION_ITEM() RATIONAL_B_SPLINE_CURVE((1.,0.5,1.,0.5,
1.,0.5,1.)) REPRESENTATION_ITEM('') );
#7890 = CARTESIAN_POINT('',(0.,-15.));
#7891 = CARTESIAN_POINT('',(-12.99038105676,-15.));
#7892 = CARTESIAN_POINT('',(-6.495190528383,-3.75));
#7893 = CARTESIAN_POINT('',(-1.836970198721E-15,7.5));
#7894 = CARTESIAN_POINT('',(6.495190528383,-3.75));
#7895 = CARTESIAN_POINT('',(12.990381056767,-15.));
#7896 = CARTESIAN_POINT('',(0.,-15.));
#7897 = ( GEOMETRIC_REPRESENTATION_CONTEXT(2) 
PARAMETRIC_REPRESENTATION_CONTEXT() REPRESENTATION_CONTEXT('2D SPACE',''
  ) );
#7898 = PCURVE('',#7712,#7899);
#7899 = DEFINITIONAL_REPRESENTATION('',(#7900),#7904);
#7900 = LINE('',#7901,#7902);
#7901 = CARTESIAN_POINT('',(7.853981633974,0.));
#7902 = VECTOR('',#7903,1.);
#7903 = DIRECTION('',(-1.,-0.));
#7904 = ( GEOMETRIC_REPRESENTATION_CONTEXT(2) 
PARAMETRIC_REPRESENTATION_CONTEXT() REPRESENTATION_CONTEXT('2D SPACE',''
  ) );
#7905 = FACE_BOUND('',#7906,.F.);
#7906 = EDGE_LOOP('',(#7907));
#7907 = ORIENTED_EDGE('',*,*,#7908,.F.);
#7908 = EDGE_CURVE('',#7909,#7909,#7911,.T.);
#7909 = VERTEX_POINT('',#7910);
#7910 = CARTESIAN_POINT('',(-4.5,-6.123233995737E-16,-30.5));
#7911 = SURFACE_CURVE('',#7912,(#7917,#7924),.PCURVE_S1.);
#7912 = CIRCLE('',#7913,2.5);
#7913 = AXIS2_PLACEMENT_3D('',#7914,#7915,#7916);
#7914 = CARTESIAN_POINT('',(-4.5,0.,-28.));
#7915 = DIRECTION('',(1.,0.,2.22044604925E-16));
#7916 = DIRECTION('',(2.22044604925E-16,0.,-1.));
#7917 = PCURVE('',#7201,#7918);
#7918 = DEFINITIONAL_REPRESENTATION('',(#7919),#7923);
#7919 = CIRCLE('',#7920,2.5);
#7920 = AXIS2_PLACEMENT_2D('',#7921,#7922);
#7921 = CARTESIAN_POINT('',(0.,-7.5));
#7922 = DIRECTION('',(-1.,0.));
#7923 = ( GEOMETRIC_REPRESENTATION_CONTEXT(2) 
PARAMETRIC_REPRESENTATION_CONTEXT() REPRESENTATION_CONTEXT('2D SPACE',''
  ) );
#7924 = PCURVE('',#7814,#7925);
#7925 = DEFINITIONAL_REPRESENTATION('',(#7926),#7930);
#7926 = LINE('',#7927,#7928);
#7927 = CARTESIAN_POINT('',(0.,1.));
#7928 = VECTOR('',#7929,1.);
#7929 = DIRECTION('',(1.,0.));
#7930 = ( GEOMETRIC_REPRESENTATION_CONTEXT(2) 
PARAMETRIC_REPRESENTATION_CONTEXT() REPRESENTATION_CONTEXT('2D SPACE',''
  ) );
#7931 = ADVANCED_FACE('',(#7932),#7281,.T.);
#7932 = FACE_BOUND('',#7933,.T.);
#7933 = EDGE_LOOP('',(#7934,#7957,#7984,#8005));
#7934 = ORIENTED_EDGE('',*,*,#7935,.F.);
#7935 = EDGE_CURVE('',#7936,#7267,#7938,.T.);
#7936 = VERTEX_POINT('',#7937);
#7937 = CARTESIAN_POINT('',(4.5,7.5,-28.));
#7938 = SURFACE_CURVE('',#7939,(#7943,#7950),.PCURVE_S1.);
#7939 = LINE('',#7940,#7941);
#7940 = CARTESIAN_POINT('',(4.5,7.5,-28.));
#7941 = VECTOR('',#7942,1.);
#7942 = DIRECTION('',(0.,0.,1.));
#7943 = PCURVE('',#7281,#7944);
#7944 = DEFINITIONAL_REPRESENTATION('',(#7945),#7949);
#7945 = LINE('',#7946,#7947);
#7946 = CARTESIAN_POINT('',(0.,3.));
#7947 = VECTOR('',#7948,1.);
#7948 = DIRECTION('',(1.,0.));
#7949 = ( GEOMETRIC_REPRESENTATION_CONTEXT(2) 
PARAMETRIC_REPRESENTATION_CONTEXT() REPRESENTATION_CONTEXT('2D SPACE',''
  ) );
#7950 = PCURVE('',#7357,#7951);
#7951 = DEFINITIONAL_REPRESENTATION('',(#7952),#7956);
#7952 = LINE('',#7953,#7954);
#7953 = CARTESIAN_POINT('',(0.,-15.));
#7954 = VECTOR('',#7955,1.);
#7955 = DIRECTION('',(1.,0.));
#7956 = ( GEOMETRIC_REPRESENTATION_CONTEXT(2) 
PARAMETRIC_REPRESENTATION_CONTEXT() REPRESENTATION_CONTEXT('2D SPACE',''
  ) );
#7957 = ORIENTED_EDGE('',*,*,#7958,.F.);
#7958 = EDGE_CURVE('',#7959,#7936,#7961,.T.);
#7959 = VERTEX_POINT('',#7960);
#7960 = CARTESIAN_POINT('',(1.5,7.5,-28.));
#7961 = SURFACE_CURVE('',#7962,(#7966,#7973),.PCURVE_S1.);
#7962 = LINE('',#7963,#7964);
#7963 = CARTESIAN_POINT('',(1.5,7.5,-28.));
#7964 = VECTOR('',#7965,1.);
#7965 = DIRECTION('',(1.,0.,0.));
#7966 = PCURVE('',#7281,#7967);
#7967 = DEFINITIONAL_REPRESENTATION('',(#7968),#7972);
#7968 = LINE('',#7969,#7970);
#7969 = CARTESIAN_POINT('',(0.,0.));
#7970 = VECTOR('',#7971,1.);
#7971 = DIRECTION('',(0.,1.));
#7972 = ( GEOMETRIC_REPRESENTATION_CONTEXT(2) 
PARAMETRIC_REPRESENTATION_CONTEXT() REPRESENTATION_CONTEXT('2D SPACE',''
  ) );
#7973 = PCURVE('',#7974,#7979);
#7974 = CYLINDRICAL_SURFACE('',#7975,7.5);
#7975 = AXIS2_PLACEMENT_3D('',#7976,#7977,#7978);
#7976 = CARTESIAN_POINT('',(1.5,0.,-28.));
#7977 = DIRECTION('',(1.,0.,2.22044604925E-16));
#7978 = DIRECTION('',(2.22044604925E-16,0.,-1.));
#7979 = DEFINITIONAL_REPRESENTATION('',(#7980),#7983);
#7980 = B_SPLINE_CURVE_WITH_KNOTS('',1,(#7981,#7982),.UNSPECIFIED.,.F.,
  .F.,(2,2),(0.,3.),.PIECEWISE_BEZIER_KNOTS.);
#7981 = CARTESIAN_POINT('',(7.853981633974,0.));
#7982 = CARTESIAN_POINT('',(7.853981633974,3.));
#7983 = ( GEOMETRIC_REPRESENTATION_CONTEXT(2) 
PARAMETRIC_REPRESENTATION_CONTEXT() REPRESENTATION_CONTEXT('2D SPACE',''
  ) );
#7984 = ORIENTED_EDGE('',*,*,#7985,.T.);
#7985 = EDGE_CURVE('',#7959,#7265,#7986,.T.);
#7986 = SURFACE_CURVE('',#7987,(#7991,#7998),.PCURVE_S1.);
#7987 = LINE('',#7988,#7989);
#7988 = CARTESIAN_POINT('',(1.5,7.5,-28.));
#7989 = VECTOR('',#7990,1.);
#7990 = DIRECTION('',(0.,0.,1.));
#7991 = PCURVE('',#7281,#7992);
#7992 = DEFINITIONAL_REPRESENTATION('',(#7993),#7997);
#7993 = LINE('',#7994,#7995);
#7994 = CARTESIAN_POINT('',(0.,0.));
#7995 = VECTOR('',#7996,1.);
#7996 = DIRECTION('',(1.,0.));
#7997 = ( GEOMETRIC_REPRESENTATION_CONTEXT(2) 
PARAMETRIC_REPRESENTATION_CONTEXT() REPRESENTATION_CONTEXT('2D SPACE',''
  ) );
#7998 = PCURVE('',#7307,#7999);
#7999 = DEFINITIONAL_REPRESENTATION('',(#8000),#8004);
#8000 = LINE('',#8001,#8002);
#8001 = CARTESIAN_POINT('',(0.,-15.));
#8002 = VECTOR('',#8003,1.);
#8003 = DIRECTION('',(1.,0.));
#8004 = ( GEOMETRIC_REPRESENTATION_CONTEXT(2) 
PARAMETRIC_REPRESENTATION_CONTEXT() REPRESENTATION_CONTEXT('2D SPACE',''
  ) );
#8005 = ORIENTED_EDGE('',*,*,#7264,.T.);
#8006 = ADVANCED_FACE('',(#8007,#8056),#7357,.T.);
#8007 = FACE_BOUND('',#8008,.T.);
#8008 = EDGE_LOOP('',(#8009,#8010,#8011,#8034));
#8009 = ORIENTED_EDGE('',*,*,#7935,.T.);
#8010 = ORIENTED_EDGE('',*,*,#7344,.T.);
#8011 = ORIENTED_EDGE('',*,*,#8012,.F.);
#8012 = EDGE_CURVE('',#8013,#7319,#8015,.T.);
#8013 = VERTEX_POINT('',#8014);
#8014 = CARTESIAN_POINT('',(4.5,-7.5,-28.));
#8015 = SURFACE_CURVE('',#8016,(#8020,#8027),.PCURVE_S1.);
#8016 = LINE('',#8017,#8018);
#8017 = CARTESIAN_POINT('',(4.5,-7.5,-28.));
#8018 = VECTOR('',#8019,1.);
#8019 = DIRECTION('',(0.,0.,1.));
#8020 = PCURVE('',#7357,#8021);
#8021 = DEFINITIONAL_REPRESENTATION('',(#8022),#8026);
#8022 = LINE('',#8023,#8024);
#8023 = CARTESIAN_POINT('',(0.,0.));
#8024 = VECTOR('',#8025,1.);
#8025 = DIRECTION('',(1.,0.));
#8026 = ( GEOMETRIC_REPRESENTATION_CONTEXT(2) 
PARAMETRIC_REPRESENTATION_CONTEXT() REPRESENTATION_CONTEXT('2D SPACE',''
  ) );
#8027 = PCURVE('',#7333,#8028);
#8028 = DEFINITIONAL_REPRESENTATION('',(#8029),#8033);
#8029 = LINE('',#8030,#8031);
#8030 = CARTESIAN_POINT('',(0.,3.));
#8031 = VECTOR('',#8032,1.);
#8032 = DIRECTION('',(1.,0.));
#8033 = ( GEOMETRIC_REPRESENTATION_CONTEXT(2) 
PARAMETRIC_REPRESENTATION_CONTEXT() REPRESENTATION_CONTEXT('2D SPACE',''
  ) );
#8034 = ORIENTED_EDGE('',*,*,#8035,.T.);
#8035 = EDGE_CURVE('',#8013,#7936,#8036,.T.);
#8036 = SURFACE_CURVE('',#8037,(#8042,#8049),.PCURVE_S1.);
#8037 = CIRCLE('',#8038,7.5);
#8038 = AXIS2_PLACEMENT_3D('',#8039,#8040,#8041);
#8039 = CARTESIAN_POINT('',(4.5,0.,-28.));
#8040 = DIRECTION('',(1.,0.,2.368475785867E-16));
#8041 = DIRECTION('',(0.,-1.,0.));
#8042 = PCURVE('',#7357,#8043);
#8043 = DEFINITIONAL_REPRESENTATION('',(#8044),#8048);
#8044 = CIRCLE('',#8045,7.5);
#8045 = AXIS2_PLACEMENT_2D('',#8046,#8047);
#8046 = CARTESIAN_POINT('',(0.,-7.5));
#8047 = DIRECTION('',(0.,1.));
#8048 = ( GEOMETRIC_REPRESENTATION_CONTEXT(2) 
PARAMETRIC_REPRESENTATION_CONTEXT() REPRESENTATION_CONTEXT('2D SPACE',''
  ) );
#8049 = PCURVE('',#7974,#8050);
#8050 = DEFINITIONAL_REPRESENTATION('',(#8051),#8055);
#8051 = LINE('',#8052,#8053);
#8052 = CARTESIAN_POINT('',(4.712388980385,3.));
#8053 = VECTOR('',#8054,1.);
#8054 = DIRECTION('',(1.,0.));
#8055 = ( GEOMETRIC_REPRESENTATION_CONTEXT(2) 
PARAMETRIC_REPRESENTATION_CONTEXT() REPRESENTATION_CONTEXT('2D SPACE',''
  ) );
#8056 = FACE_BOUND('',#8057,.T.);
#8057 = EDGE_LOOP('',(#8058));
#8058 = ORIENTED_EDGE('',*,*,#8059,.F.);
#8059 = EDGE_CURVE('',#8060,#8060,#8062,.T.);
#8060 = VERTEX_POINT('',#8061);
#8061 = CARTESIAN_POINT('',(4.5,-6.123233995737E-16,-30.5));
#8062 = SURFACE_CURVE('',#8063,(#8068,#8075),.PCURVE_S1.);
#8063 = CIRCLE('',#8064,2.5);
#8064 = AXIS2_PLACEMENT_3D('',#8065,#8066,#8067);
#8065 = CARTESIAN_POINT('',(4.5,0.,-28.));
#8066 = DIRECTION('',(1.,0.,2.22044604925E-16));
#8067 = DIRECTION('',(2.22044604925E-16,0.,-1.));
#8068 = PCURVE('',#7357,#8069);
#8069 = DEFINITIONAL_REPRESENTATION('',(#8070),#8074);
#8070 = CIRCLE('',#8071,2.5);
#8071 = AXIS2_PLACEMENT_2D('',#8072,#8073);
#8072 = CARTESIAN_POINT('',(0.,-7.5));
#8073 = DIRECTION('',(-1.,0.));
#8074 = ( GEOMETRIC_REPRESENTATION_CONTEXT(2) 
PARAMETRIC_REPRESENTATION_CONTEXT() REPRESENTATION_CONTEXT('2D SPACE',''
  ) );
#8075 = PCURVE('',#8076,#8081);
#8076 = CYLINDRICAL_SURFACE('',#8077,2.5);
#8077 = AXIS2_PLACEMENT_3D('',#8078,#8079,#8080);
#8078 = CARTESIAN_POINT('',(0.5,0.,-28.));
#8079 = DIRECTION('',(1.,0.,2.22044604925E-16));
#8080 = DIRECTION('',(2.22044604925E-16,0.,-1.));
#8081 = DEFINITIONAL_REPRESENTATION('',(#8082),#8086);
#8082 = LINE('',#8083,#8084);
#8083 = CARTESIAN_POINT('',(0.,4.));
#8084 = VECTOR('',#8085,1.);
#8085 = DIRECTION('',(1.,0.));
#8086 = ( GEOMETRIC_REPRESENTATION_CONTEXT(2) 
PARAMETRIC_REPRESENTATION_CONTEXT() REPRESENTATION_CONTEXT('2D SPACE',''
  ) );
#8087 = ADVANCED_FACE('',(#8088),#7333,.F.);
#8088 = FACE_BOUND('',#8089,.F.);
#8089 = EDGE_LOOP('',(#8090,#8091,#8113,#8134));
#8090 = ORIENTED_EDGE('',*,*,#8012,.F.);
#8091 = ORIENTED_EDGE('',*,*,#8092,.F.);
#8092 = EDGE_CURVE('',#8093,#8013,#8095,.T.);
#8093 = VERTEX_POINT('',#8094);
#8094 = CARTESIAN_POINT('',(1.5,-7.5,-28.));
#8095 = SURFACE_CURVE('',#8096,(#8100,#8107),.PCURVE_S1.);
#8096 = LINE('',#8097,#8098);
#8097 = CARTESIAN_POINT('',(1.5,-7.5,-28.));
#8098 = VECTOR('',#8099,1.);
#8099 = DIRECTION('',(1.,0.,0.));
#8100 = PCURVE('',#7333,#8101);
#8101 = DEFINITIONAL_REPRESENTATION('',(#8102),#8106);
#8102 = LINE('',#8103,#8104);
#8103 = CARTESIAN_POINT('',(0.,0.));
#8104 = VECTOR('',#8105,1.);
#8105 = DIRECTION('',(0.,1.));
#8106 = ( GEOMETRIC_REPRESENTATION_CONTEXT(2) 
PARAMETRIC_REPRESENTATION_CONTEXT() REPRESENTATION_CONTEXT('2D SPACE',''
  ) );
#8107 = PCURVE('',#7974,#8108);
#8108 = DEFINITIONAL_REPRESENTATION('',(#8109),#8112);
#8109 = B_SPLINE_CURVE_WITH_KNOTS('',1,(#8110,#8111),.UNSPECIFIED.,.F.,
  .F.,(2,2),(0.,3.),.PIECEWISE_BEZIER_KNOTS.);
#8110 = CARTESIAN_POINT('',(4.712388980385,0.));
#8111 = CARTESIAN_POINT('',(4.712388980385,3.));
#8112 = ( GEOMETRIC_REPRESENTATION_CONTEXT(2) 
PARAMETRIC_REPRESENTATION_CONTEXT() REPRESENTATION_CONTEXT('2D SPACE',''
  ) );
#8113 = ORIENTED_EDGE('',*,*,#8114,.T.);
#8114 = EDGE_CURVE('',#8093,#7293,#8115,.T.);
#8115 = SURFACE_CURVE('',#8116,(#8120,#8127),.PCURVE_S1.);
#8116 = LINE('',#8117,#8118);
#8117 = CARTESIAN_POINT('',(1.5,-7.5,-28.));
#8118 = VECTOR('',#8119,1.);
#8119 = DIRECTION('',(0.,0.,1.));
#8120 = PCURVE('',#7333,#8121);
#8121 = DEFINITIONAL_REPRESENTATION('',(#8122),#8126);
#8122 = LINE('',#8123,#8124);
#8123 = CARTESIAN_POINT('',(0.,0.));
#8124 = VECTOR('',#8125,1.);
#8125 = DIRECTION('',(1.,0.));
#8126 = ( GEOMETRIC_REPRESENTATION_CONTEXT(2) 
PARAMETRIC_REPRESENTATION_CONTEXT() REPRESENTATION_CONTEXT('2D SPACE',''
  ) );
#8127 = PCURVE('',#7307,#8128);
#8128 = DEFINITIONAL_REPRESENTATION('',(#8129),#8133);
#8129 = LINE('',#8130,#8131);
#8130 = CARTESIAN_POINT('',(0.,0.));
#8131 = VECTOR('',#8132,1.);
#8132 = DIRECTION('',(1.,0.));
#8133 = ( GEOMETRIC_REPRESENTATION_CONTEXT(2) 
PARAMETRIC_REPRESENTATION_CONTEXT() REPRESENTATION_CONTEXT('2D SPACE',''
  ) );
#8134 = ORIENTED_EDGE('',*,*,#7318,.T.);
#8135 = ADVANCED_FACE('',(#8136,#8167),#7307,.F.);
#8136 = FACE_BOUND('',#8137,.F.);
#8137 = EDGE_LOOP('',(#8138,#8139,#8140,#8141));
#8138 = ORIENTED_EDGE('',*,*,#7985,.T.);
#8139 = ORIENTED_EDGE('',*,*,#7292,.T.);
#8140 = ORIENTED_EDGE('',*,*,#8114,.F.);
#8141 = ORIENTED_EDGE('',*,*,#8142,.F.);
#8142 = EDGE_CURVE('',#7959,#8093,#8143,.T.);
#8143 = SURFACE_CURVE('',#8144,(#8149,#8160),.PCURVE_S1.);
#8144 = CIRCLE('',#8145,7.5);
#8145 = AXIS2_PLACEMENT_3D('',#8146,#8147,#8148);
#8146 = CARTESIAN_POINT('',(1.5,0.,-28.));
#8147 = DIRECTION('',(-1.,0.,-2.368475785867E-16));
#8148 = DIRECTION('',(0.,1.,0.));
#8149 = PCURVE('',#7307,#8150);
#8150 = DEFINITIONAL_REPRESENTATION('',(#8151),#8159);
#8151 = ( BOUNDED_CURVE() B_SPLINE_CURVE(2,(#8152,#8153,#8154,#8155,
#8156,#8157,#8158),.UNSPECIFIED.,.T.,.F.) B_SPLINE_CURVE_WITH_KNOTS((1,2
    ,2,2,2,1),(-2.094395102393,0.,2.094395102393,4.188790204786,
6.28318530718,8.377580409573),.UNSPECIFIED.) CURVE() 
GEOMETRIC_REPRESENTATION_ITEM() RATIONAL_B_SPLINE_CURVE((1.,0.5,1.,0.5,
1.,0.5,1.)) REPRESENTATION_ITEM('') );
#8152 = CARTESIAN_POINT('',(0.,-15.));
#8153 = CARTESIAN_POINT('',(-12.99038105676,-15.));
#8154 = CARTESIAN_POINT('',(-6.495190528383,-3.75));
#8155 = CARTESIAN_POINT('',(-1.836970198721E-15,7.5));
#8156 = CARTESIAN_POINT('',(6.495190528383,-3.75));
#8157 = CARTESIAN_POINT('',(12.990381056767,-15.));
#8158 = CARTESIAN_POINT('',(0.,-15.));
#8159 = ( GEOMETRIC_REPRESENTATION_CONTEXT(2) 
PARAMETRIC_REPRESENTATION_CONTEXT() REPRESENTATION_CONTEXT('2D SPACE',''
  ) );
#8160 = PCURVE('',#7974,#8161);
#8161 = DEFINITIONAL_REPRESENTATION('',(#8162),#8166);
#8162 = LINE('',#8163,#8164);
#8163 = CARTESIAN_POINT('',(7.853981633974,0.));
#8164 = VECTOR('',#8165,1.);
#8165 = DIRECTION('',(-1.,-0.));
#8166 = ( GEOMETRIC_REPRESENTATION_CONTEXT(2) 
PARAMETRIC_REPRESENTATION_CONTEXT() REPRESENTATION_CONTEXT('2D SPACE',''
  ) );
#8167 = FACE_BOUND('',#8168,.F.);
#8168 = EDGE_LOOP('',(#8169));
#8169 = ORIENTED_EDGE('',*,*,#8170,.F.);
#8170 = EDGE_CURVE('',#8171,#8171,#8173,.T.);
#8171 = VERTEX_POINT('',#8172);
#8172 = CARTESIAN_POINT('',(1.5,-6.123233995737E-16,-30.5));
#8173 = SURFACE_CURVE('',#8174,(#8179,#8186),.PCURVE_S1.);
#8174 = CIRCLE('',#8175,2.5);
#8175 = AXIS2_PLACEMENT_3D('',#8176,#8177,#8178);
#8176 = CARTESIAN_POINT('',(1.5,0.,-28.));
#8177 = DIRECTION('',(1.,0.,2.22044604925E-16));
#8178 = DIRECTION('',(2.22044604925E-16,0.,-1.));
#8179 = PCURVE('',#7307,#8180);
#8180 = DEFINITIONAL_REPRESENTATION('',(#8181),#8185);
#8181 = CIRCLE('',#8182,2.5);
#8182 = AXIS2_PLACEMENT_2D('',#8183,#8184);
#8183 = CARTESIAN_POINT('',(0.,-7.5));
#8184 = DIRECTION('',(-1.,0.));
#8185 = ( GEOMETRIC_REPRESENTATION_CONTEXT(2) 
PARAMETRIC_REPRESENTATION_CONTEXT() REPRESENTATION_CONTEXT('2D SPACE',''
  ) );
#8186 = PCURVE('',#8076,#8187);
#8187 = DEFINITIONAL_REPRESENTATION('',(#8188),#8192);
#8188 = LINE('',#8189,#8190);
#8189 = CARTESIAN_POINT('',(0.,1.));
#8190 = VECTOR('',#8191,1.);
#8191 = DIRECTION('',(1.,0.));
#8192 = ( GEOMETRIC_REPRESENTATION_CONTEXT(2) 
PARAMETRIC_REPRESENTATION_CONTEXT() REPRESENTATION_CONTEXT('2D SPACE',''
  ) );
#8193 = ADVANCED_FACE('',(#8194),#7712,.T.);
#8194 = FACE_BOUND('',#8195,.T.);
#8195 = EDGE_LOOP('',(#8196,#8197,#8198,#8199));
#8196 = ORIENTED_EDGE('',*,*,#7773,.F.);
#8197 = ORIENTED_EDGE('',*,*,#7830,.F.);
#8198 = ORIENTED_EDGE('',*,*,#7880,.F.);
#8199 = ORIENTED_EDGE('',*,*,#7696,.T.);
#8200 = ADVANCED_FACE('',(#8201),#7814,.F.);
#8201 = FACE_BOUND('',#8202,.F.);
#8202 = EDGE_LOOP('',(#8203,#8204,#8225,#8226));
#8203 = ORIENTED_EDGE('',*,*,#7797,.F.);
#8204 = ORIENTED_EDGE('',*,*,#8205,.F.);
#8205 = EDGE_CURVE('',#7909,#7798,#8206,.T.);
#8206 = SEAM_CURVE('',#8207,(#8211,#8218),.PCURVE_S1.);
#8207 = LINE('',#8208,#8209);
#8208 = CARTESIAN_POINT('',(-5.5,-6.123233995737E-16,-30.5));
#8209 = VECTOR('',#8210,1.);
#8210 = DIRECTION('',(1.,0.,2.22044604925E-16));
#8211 = PCURVE('',#7814,#8212);
#8212 = DEFINITIONAL_REPRESENTATION('',(#8213),#8217);
#8213 = LINE('',#8214,#8215);
#8214 = CARTESIAN_POINT('',(6.28318530718,-0.));
#8215 = VECTOR('',#8216,1.);
#8216 = DIRECTION('',(0.,1.));
#8217 = ( GEOMETRIC_REPRESENTATION_CONTEXT(2) 
PARAMETRIC_REPRESENTATION_CONTEXT() REPRESENTATION_CONTEXT('2D SPACE',''
  ) );
#8218 = PCURVE('',#7814,#8219);
#8219 = DEFINITIONAL_REPRESENTATION('',(#8220),#8224);
#8220 = LINE('',#8221,#8222);
#8221 = CARTESIAN_POINT('',(0.,-0.));
#8222 = VECTOR('',#8223,1.);
#8223 = DIRECTION('',(0.,1.));
#8224 = ( GEOMETRIC_REPRESENTATION_CONTEXT(2) 
PARAMETRIC_REPRESENTATION_CONTEXT() REPRESENTATION_CONTEXT('2D SPACE',''
  ) );
#8225 = ORIENTED_EDGE('',*,*,#7908,.T.);
#8226 = ORIENTED_EDGE('',*,*,#8205,.T.);
#8227 = ADVANCED_FACE('',(#8228),#7974,.T.);
#8228 = FACE_BOUND('',#8229,.T.);
#8229 = EDGE_LOOP('',(#8230,#8231,#8232,#8233));
#8230 = ORIENTED_EDGE('',*,*,#8035,.F.);
#8231 = ORIENTED_EDGE('',*,*,#8092,.F.);
#8232 = ORIENTED_EDGE('',*,*,#8142,.F.);
#8233 = ORIENTED_EDGE('',*,*,#7958,.T.);
#8234 = ADVANCED_FACE('',(#8235),#8076,.F.);
#8235 = FACE_BOUND('',#8236,.F.);
#8236 = EDGE_LOOP('',(#8237,#8238,#8259,#8260));
#8237 = ORIENTED_EDGE('',*,*,#8059,.F.);
#8238 = ORIENTED_EDGE('',*,*,#8239,.F.);
#8239 = EDGE_CURVE('',#8171,#8060,#8240,.T.);
#8240 = SEAM_CURVE('',#8241,(#8245,#8252),.PCURVE_S1.);
#8241 = LINE('',#8242,#8243);
#8242 = CARTESIAN_POINT('',(0.5,-6.123233995737E-16,-30.5));
#8243 = VECTOR('',#8244,1.);
#8244 = DIRECTION('',(1.,0.,2.22044604925E-16));
#8245 = PCURVE('',#8076,#8246);
#8246 = DEFINITIONAL_REPRESENTATION('',(#8247),#8251);
#8247 = LINE('',#8248,#8249);
#8248 = CARTESIAN_POINT('',(6.28318530718,-0.));
#8249 = VECTOR('',#8250,1.);
#8250 = DIRECTION('',(0.,1.));
#8251 = ( GEOMETRIC_REPRESENTATION_CONTEXT(2) 
PARAMETRIC_REPRESENTATION_CONTEXT() REPRESENTATION_CONTEXT('2D SPACE',''
  ) );
#8252 = PCURVE('',#8076,#8253);
#8253 = DEFINITIONAL_REPRESENTATION('',(#8254),#8258);
#8254 = LINE('',#8255,#8256);
#8255 = CARTESIAN_POINT('',(0.,-0.));
#8256 = VECTOR('',#8257,1.);
#8257 = DIRECTION('',(0.,1.));
#8258 = ( GEOMETRIC_REPRESENTATION_CONTEXT(2) 
PARAMETRIC_REPRESENTATION_CONTEXT() REPRESENTATION_CONTEXT('2D SPACE',''
  ) );
#8259 = ORIENTED_EDGE('',*,*,#8170,.T.);
#8260 = ORIENTED_EDGE('',*,*,#8239,.T.);
#8261 = MANIFOLD_SOLID_BREP('',#8262);
#8262 = CLOSED_SHELL('',(#8263,#8403,#8447,#8544,#8589,#8634,#8681,#8709
    ));
#8263 = ADVANCED_FACE('',(#8264),#8278,.T.);
#8264 = FACE_BOUND('',#8265,.T.);
#8265 = EDGE_LOOP('',(#8266,#8301,#8327,#8353,#8379));
#8266 = ORIENTED_EDGE('',*,*,#8267,.T.);
#8267 = EDGE_CURVE('',#8268,#8270,#8272,.T.);
#8268 = VERTEX_POINT('',#8269);
#8269 = CARTESIAN_POINT('',(-26.62132034356,16.,0.));
#8270 = VERTEX_POINT('',#8271);
#8271 = CARTESIAN_POINT('',(-33.37867965644,16.,0.));
#8272 = SURFACE_CURVE('',#8273,(#8277,#8289),.PCURVE_S1.);
#8273 = LINE('',#8274,#8275);
#8274 = CARTESIAN_POINT('',(60.,16.,0.));
#8275 = VECTOR('',#8276,1.);
#8276 = DIRECTION('',(-1.,0.,0.));
#8277 = PCURVE('',#8278,#8283);
#8278 = PLANE('',#8279);
#8279 = AXIS2_PLACEMENT_3D('',#8280,#8281,#8282);
#8280 = CARTESIAN_POINT('',(0.,16.,0.));
#8281 = DIRECTION('',(-0.,0.866025403784,0.5));
#8282 = DIRECTION('',(0.,-0.5,0.866025403784));
#8283 = DEFINITIONAL_REPRESENTATION('',(#8284),#8288);
#8284 = LINE('',#8285,#8286);
#8285 = CARTESIAN_POINT('',(0.,60.));
#8286 = VECTOR('',#8287,1.);
#8287 = DIRECTION('',(0.,-1.));
#8288 = ( GEOMETRIC_REPRESENTATION_CONTEXT(2) 
PARAMETRIC_REPRESENTATION_CONTEXT() REPRESENTATION_CONTEXT('2D SPACE',''
  ) );
#8289 = PCURVE('',#8290,#8295);
#8290 = PLANE('',#8291);
#8291 = AXIS2_PLACEMENT_3D('',#8292,#8293,#8294);
#8292 = CARTESIAN_POINT('',(0.,8.,-13.85640646055));
#8293 = DIRECTION('',(0.,0.866025403784,-0.5));
#8294 = DIRECTION('',(0.,0.5,0.866025403784));
#8295 = DEFINITIONAL_REPRESENTATION('',(#8296),#8300);
#8296 = LINE('',#8297,#8298);
#8297 = CARTESIAN_POINT('',(16.,60.));
#8298 = VECTOR('',#8299,1.);
#8299 = DIRECTION('',(0.,-1.));
#8300 = ( GEOMETRIC_REPRESENTATION_CONTEXT(2) 
PARAMETRIC_REPRESENTATION_CONTEXT() REPRESENTATION_CONTEXT('2D SPACE',''
  ) );
#8301 = ORIENTED_EDGE('',*,*,#8302,.F.);
#8302 = EDGE_CURVE('',#8303,#8270,#8305,.T.);
#8303 = VERTEX_POINT('',#8304);
#8304 = CARTESIAN_POINT('',(-33.87867965644,15.711324865405,0.5));
#8305 = SURFACE_CURVE('',#8306,(#8310,#8316),.PCURVE_S1.);
#8306 = LINE('',#8307,#8308);
#8307 = CARTESIAN_POINT('',(-53.77033989065,4.226869474554,
    20.391660234213));
#8308 = VECTOR('',#8309,1.);
#8309 = DIRECTION('',(0.654653670708,0.377964473009,-0.654653670708));
#8310 = PCURVE('',#8278,#8311);
#8311 = DEFINITIONAL_REPRESENTATION('',(#8312),#8315);
#8312 = B_SPLINE_CURVE_WITH_KNOTS('',1,(#8313,#8314),.UNSPECIFIED.,.F.,
  .F.,(2,2),(30.385012907208,31.148775523034),.PIECEWISE_BEZIER_KNOTS.);
#8313 = CARTESIAN_POINT('',(0.57735026919,-33.87867965644));
#8314 = CARTESIAN_POINT('',(-2.979128502346E-15,-33.37867965644));
#8315 = ( GEOMETRIC_REPRESENTATION_CONTEXT(2) 
PARAMETRIC_REPRESENTATION_CONTEXT() REPRESENTATION_CONTEXT('2D SPACE',''
  ) );
#8316 = PCURVE('',#8317,#8322);
#8317 = PLANE('',#8318);
#8318 = AXIS2_PLACEMENT_3D('',#8319,#8320,#8321);
#8319 = CARTESIAN_POINT('',(-83.7921535706,-32.,50.413473914166));
#8320 = DIRECTION('',(0.707106781187,0.,0.707106781187));
#8321 = DIRECTION('',(0.707106781187,0.,-0.707106781187));
#8322 = DEFINITIONAL_REPRESENTATION('',(#8323),#8326);
#8323 = B_SPLINE_CURVE_WITH_KNOTS('',1,(#8324,#8325),.UNSPECIFIED.,.F.,
  .F.,(2,2),(30.385012907208,31.148775523034),.PIECEWISE_BEZIER_KNOTS.);
#8324 = CARTESIAN_POINT('',(70.588311754569,47.711324865405));
#8325 = CARTESIAN_POINT('',(71.295418535755,48.));
#8326 = ( GEOMETRIC_REPRESENTATION_CONTEXT(2) 
PARAMETRIC_REPRESENTATION_CONTEXT() REPRESENTATION_CONTEXT('2D SPACE',''
  ) );
#8327 = ORIENTED_EDGE('',*,*,#8328,.T.);
#8328 = EDGE_CURVE('',#8303,#8329,#8331,.T.);
#8329 = VERTEX_POINT('',#8330);
#8330 = CARTESIAN_POINT('',(-30.,13.471968121659,4.37867965644));
#8331 = SURFACE_CURVE('',#8332,(#8336,#8342),.PCURVE_S1.);
#8332 = LINE('',#8333,#8334);
#8333 = CARTESIAN_POINT('',(-42.25056292446,20.544833923824,
    -7.871883268026));
#8334 = VECTOR('',#8335,1.);
#8335 = DIRECTION('',(0.654653670708,-0.377964473009,0.654653670708));
#8336 = PCURVE('',#8278,#8337);
#8337 = DEFINITIONAL_REPRESENTATION('',(#8338),#8341);
#8338 = B_SPLINE_CURVE_WITH_KNOTS('',1,(#8339,#8340),.UNSPECIFIED.,.F.,
  .F.,(2,2),(12.788262928355,18.713043969062),.PIECEWISE_BEZIER_KNOTS.);
#8339 = CARTESIAN_POINT('',(0.57735026919,-33.87867965644));
#8340 = CARTESIAN_POINT('',(5.056063756682,-30.));
#8341 = ( GEOMETRIC_REPRESENTATION_CONTEXT(2) 
PARAMETRIC_REPRESENTATION_CONTEXT() REPRESENTATION_CONTEXT('2D SPACE',''
  ) );
#8342 = PCURVE('',#8343,#8348);
#8343 = PLANE('',#8344);
#8344 = AXIS2_PLACEMENT_3D('',#8345,#8346,#8347);
#8345 = CARTESIAN_POINT('',(-83.7921535706,-32.,-49.41347391416));
#8346 = DIRECTION('',(-0.707106781187,0.,0.707106781187));
#8347 = DIRECTION('',(0.707106781187,0.,0.707106781187));
#8348 = DEFINITIONAL_REPRESENTATION('',(#8349),#8352);
#8349 = B_SPLINE_CURVE_WITH_KNOTS('',1,(#8350,#8351),.UNSPECIFIED.,.F.,
  .F.,(2,2),(12.788262928355,18.713043969062),.PIECEWISE_BEZIER_KNOTS.);
#8350 = CARTESIAN_POINT('',(70.588311754569,47.711324865405));
#8351 = CARTESIAN_POINT('',(76.073593128807,45.471968121659));
#8352 = ( GEOMETRIC_REPRESENTATION_CONTEXT(2) 
PARAMETRIC_REPRESENTATION_CONTEXT() REPRESENTATION_CONTEXT('2D SPACE',''
  ) );
#8353 = ORIENTED_EDGE('',*,*,#8354,.T.);
#8354 = EDGE_CURVE('',#8329,#8355,#8357,.T.);
#8355 = VERTEX_POINT('',#8356);
#8356 = CARTESIAN_POINT('',(-26.12132034356,15.711324865405,0.5));
#8357 = SURFACE_CURVE('',#8358,(#8362,#8368),.PCURVE_S1.);
#8358 = LINE('',#8359,#8360);
#8359 = CARTESIAN_POINT('',(-51.90899171186,0.822805859141,
    26.287671368304));
#8360 = VECTOR('',#8361,1.);
#8361 = DIRECTION('',(0.654653670708,0.377964473009,-0.654653670708));
#8362 = PCURVE('',#8278,#8363);
#8363 = DEFINITIONAL_REPRESENTATION('',(#8364),#8367);
#8364 = B_SPLINE_CURVE_WITH_KNOTS('',1,(#8365,#8366),.UNSPECIFIED.,.F.,
  .F.,(2,2),(33.466537639926,39.391318680634),.PIECEWISE_BEZIER_KNOTS.);
#8365 = CARTESIAN_POINT('',(5.056063756682,-30.));
#8366 = CARTESIAN_POINT('',(0.57735026919,-26.12132034356));
#8367 = ( GEOMETRIC_REPRESENTATION_CONTEXT(2) 
PARAMETRIC_REPRESENTATION_CONTEXT() REPRESENTATION_CONTEXT('2D SPACE',''
  ) );
#8368 = PCURVE('',#8369,#8374);
#8369 = PLANE('',#8370);
#8370 = AXIS2_PLACEMENT_3D('',#8371,#8372,#8373);
#8371 = CARTESIAN_POINT('',(-85.91347391416,-32.,60.292153570606));
#8372 = DIRECTION('',(0.707106781187,0.,0.707106781187));
#8373 = DIRECTION('',(0.707106781187,0.,-0.707106781187));
#8374 = DEFINITIONAL_REPRESENTATION('',(#8375),#8378);
#8375 = B_SPLINE_CURVE_WITH_KNOTS('',1,(#8376,#8377),.UNSPECIFIED.,.F.,
  .F.,(2,2),(33.466537639926,39.391318680634),.PIECEWISE_BEZIER_KNOTS.);
#8376 = CARTESIAN_POINT('',(79.073593128807,45.471968121659));
#8377 = CARTESIAN_POINT('',(84.558874503046,47.711324865405));
#8378 = ( GEOMETRIC_REPRESENTATION_CONTEXT(2) 
PARAMETRIC_REPRESENTATION_CONTEXT() REPRESENTATION_CONTEXT('2D SPACE',''
  ) );
#8379 = ORIENTED_EDGE('',*,*,#8380,.F.);
#8380 = EDGE_CURVE('',#8268,#8355,#8381,.T.);
#8381 = SURFACE_CURVE('',#8382,(#8386,#8392),.PCURVE_S1.);
#8382 = LINE('',#8383,#8384);
#8383 = CARTESIAN_POINT('',(-40.38921474567,23.948897539237,
    -13.76789440211));
#8384 = VECTOR('',#8385,1.);
#8385 = DIRECTION('',(0.654653670708,-0.377964473009,0.654653670708));
#8386 = PCURVE('',#8278,#8387);
#8387 = DEFINITIONAL_REPRESENTATION('',(#8388),#8391);
#8388 = B_SPLINE_CURVE_WITH_KNOTS('',1,(#8389,#8390),.UNSPECIFIED.,.F.,
  .F.,(2,2),(21.030806085955,21.794568701781),.PIECEWISE_BEZIER_KNOTS.);
#8389 = CARTESIAN_POINT('',(9.347289800018E-16,-26.62132034356));
#8390 = CARTESIAN_POINT('',(0.57735026919,-26.12132034356));
#8391 = ( GEOMETRIC_REPRESENTATION_CONTEXT(2) 
PARAMETRIC_REPRESENTATION_CONTEXT() REPRESENTATION_CONTEXT('2D SPACE',''
  ) );
#8392 = PCURVE('',#8393,#8398);
#8393 = PLANE('',#8394);
#8394 = AXIS2_PLACEMENT_3D('',#8395,#8396,#8397);
#8395 = CARTESIAN_POINT('',(-85.91347391416,-32.,-59.2921535706));
#8396 = DIRECTION('',(-0.707106781187,0.,0.707106781187));
#8397 = DIRECTION('',(0.707106781187,0.,0.707106781187));
#8398 = DEFINITIONAL_REPRESENTATION('',(#8399),#8402);
#8399 = B_SPLINE_CURVE_WITH_KNOTS('',1,(#8400,#8401),.UNSPECIFIED.,.F.,
  .F.,(2,2),(21.030806085955,21.794568701781),.PIECEWISE_BEZIER_KNOTS.);
#8400 = CARTESIAN_POINT('',(83.851767721859,48.));
#8401 = CARTESIAN_POINT('',(84.558874503046,47.711324865405));
#8402 = ( GEOMETRIC_REPRESENTATION_CONTEXT(2) 
PARAMETRIC_REPRESENTATION_CONTEXT() REPRESENTATION_CONTEXT('2D SPACE',''
  ) );
#8403 = ADVANCED_FACE('',(#8404),#8290,.T.);
#8404 = FACE_BOUND('',#8405,.T.);
#8405 = EDGE_LOOP('',(#8406,#8427,#8428));
#8406 = ORIENTED_EDGE('',*,*,#8407,.F.);
#8407 = EDGE_CURVE('',#8270,#8408,#8410,.T.);
#8408 = VERTEX_POINT('',#8409);
#8409 = CARTESIAN_POINT('',(-30.,14.049318390849,-3.37867965644));
#8410 = SURFACE_CURVE('',#8411,(#8415,#8421),.PCURVE_S1.);
#8411 = LINE('',#8412,#8413);
#8412 = CARTESIAN_POINT('',(-37.93444679288,18.630273382589,
    4.55576713644));
#8413 = VECTOR('',#8414,1.);
#8414 = DIRECTION('',(0.654653670708,-0.377964473009,-0.654653670708));
#8415 = PCURVE('',#8290,#8416);
#8416 = DEFINITIONAL_REPRESENTATION('',(#8417),#8420);
#8417 = B_SPLINE_CURVE_WITH_KNOTS('',1,(#8418,#8419),.UNSPECIFIED.,.F.,
  .F.,(2,2),(6.959049250443,12.120067675325),.PIECEWISE_BEZIER_KNOTS.);
#8418 = CARTESIAN_POINT('',(16.,-33.37867965644));
#8419 = CARTESIAN_POINT('',(12.098636781697,-30.));
#8420 = ( GEOMETRIC_REPRESENTATION_CONTEXT(2) 
PARAMETRIC_REPRESENTATION_CONTEXT() REPRESENTATION_CONTEXT('2D SPACE',''
  ) );
#8421 = PCURVE('',#8317,#8422);
#8422 = DEFINITIONAL_REPRESENTATION('',(#8423),#8426);
#8423 = B_SPLINE_CURVE_WITH_KNOTS('',1,(#8424,#8425),.UNSPECIFIED.,.F.,
  .F.,(2,2),(6.959049250443,12.120067675325),.PIECEWISE_BEZIER_KNOTS.);
#8424 = CARTESIAN_POINT('',(71.295418535755,48.));
#8425 = CARTESIAN_POINT('',(76.073593128807,46.049318390849));
#8426 = ( GEOMETRIC_REPRESENTATION_CONTEXT(2) 
PARAMETRIC_REPRESENTATION_CONTEXT() REPRESENTATION_CONTEXT('2D SPACE',''
  ) );
#8427 = ORIENTED_EDGE('',*,*,#8267,.F.);
#8428 = ORIENTED_EDGE('',*,*,#8429,.F.);
#8429 = EDGE_CURVE('',#8408,#8268,#8430,.T.);
#8430 = SURFACE_CURVE('',#8431,(#8435,#8441),.PCURVE_S1.);
#8431 = LINE('',#8432,#8433);
#8432 = CARTESIAN_POINT('',(-56.22510784345,-1.091754682094,
    -29.60378749989));
#8433 = VECTOR('',#8434,1.);
#8434 = DIRECTION('',(0.654653670708,0.377964473009,0.654653670708));
#8435 = PCURVE('',#8290,#8436);
#8436 = DEFINITIONAL_REPRESENTATION('',(#8437),#8440);
#8437 = B_SPLINE_CURVE_WITH_KNOTS('',1,(#8438,#8439),.UNSPECIFIED.,.F.,
  .F.,(2,2),(40.059513933663,45.220532358545),.PIECEWISE_BEZIER_KNOTS.);
#8438 = CARTESIAN_POINT('',(12.098636781697,-30.));
#8439 = CARTESIAN_POINT('',(16.,-26.62132034356));
#8440 = ( GEOMETRIC_REPRESENTATION_CONTEXT(2) 
PARAMETRIC_REPRESENTATION_CONTEXT() REPRESENTATION_CONTEXT('2D SPACE',''
  ) );
#8441 = PCURVE('',#8393,#8442);
#8442 = DEFINITIONAL_REPRESENTATION('',(#8443),#8446);
#8443 = B_SPLINE_CURVE_WITH_KNOTS('',1,(#8444,#8445),.UNSPECIFIED.,.F.,
  .F.,(2,2),(40.059513933663,45.220532358545),.PIECEWISE_BEZIER_KNOTS.);
#8444 = CARTESIAN_POINT('',(79.073593128807,46.049318390849));
#8445 = CARTESIAN_POINT('',(83.851767721859,48.));
#8446 = ( GEOMETRIC_REPRESENTATION_CONTEXT(2) 
PARAMETRIC_REPRESENTATION_CONTEXT() REPRESENTATION_CONTEXT('2D SPACE',''
  ) );
#8447 = ADVANCED_FACE('',(#8448),#8393,.F.);
#8448 = FACE_BOUND('',#8449,.F.);
#8449 = EDGE_LOOP('',(#8450,#8451,#8472,#8498,#8524,#8543));
#8450 = ORIENTED_EDGE('',*,*,#8429,.F.);
#8451 = ORIENTED_EDGE('',*,*,#8452,.F.);
#8452 = EDGE_CURVE('',#8453,#8408,#8455,.T.);
#8453 = VERTEX_POINT('',#8454);
#8454 = CARTESIAN_POINT('',(-30.,-14.04931839084,-3.37867965644));
#8455 = SURFACE_CURVE('',#8456,(#8460,#8466),.PCURVE_S1.);
#8456 = LINE('',#8457,#8458);
#8457 = CARTESIAN_POINT('',(-30.,-32.,-3.37867965644));
#8458 = VECTOR('',#8459,1.);
#8459 = DIRECTION('',(0.,1.,-0.));
#8460 = PCURVE('',#8393,#8461);
#8461 = DEFINITIONAL_REPRESENTATION('',(#8462),#8465);
#8462 = B_SPLINE_CURVE_WITH_KNOTS('',1,(#8463,#8464),.UNSPECIFIED.,.F.,
  .F.,(2,2),(0.,64.),.PIECEWISE_BEZIER_KNOTS.);
#8463 = CARTESIAN_POINT('',(79.073593128807,0.));
#8464 = CARTESIAN_POINT('',(79.073593128807,64.));
#8465 = ( GEOMETRIC_REPRESENTATION_CONTEXT(2) 
PARAMETRIC_REPRESENTATION_CONTEXT() REPRESENTATION_CONTEXT('2D SPACE',''
  ) );
#8466 = PCURVE('',#8317,#8467);
#8467 = DEFINITIONAL_REPRESENTATION('',(#8468),#8471);
#8468 = B_SPLINE_CURVE_WITH_KNOTS('',1,(#8469,#8470),.UNSPECIFIED.,.F.,
  .F.,(2,2),(0.,64.),.PIECEWISE_BEZIER_KNOTS.);
#8469 = CARTESIAN_POINT('',(76.073593128807,0.));
#8470 = CARTESIAN_POINT('',(76.073593128807,64.));
#8471 = ( GEOMETRIC_REPRESENTATION_CONTEXT(2) 
PARAMETRIC_REPRESENTATION_CONTEXT() REPRESENTATION_CONTEXT('2D SPACE',''
  ) );
#8472 = ORIENTED_EDGE('',*,*,#8473,.F.);
#8473 = EDGE_CURVE('',#8474,#8453,#8476,.T.);
#8474 = VERTEX_POINT('',#8475);
#8475 = CARTESIAN_POINT('',(-26.62132034356,-16.,1.959434878636E-15));
#8476 = SURFACE_CURVE('',#8477,(#8481,#8487),.PCURVE_S1.);
#8477 = LINE('',#8478,#8479);
#8478 = CARTESIAN_POINT('',(-44.34818802012,-5.765388175049,
    -17.72686767656));
#8479 = VECTOR('',#8480,1.);
#8480 = DIRECTION('',(-0.654653670708,0.377964473009,-0.654653670708));
#8481 = PCURVE('',#8393,#8482);
#8482 = DEFINITIONAL_REPRESENTATION('',(#8483),#8486);
#8483 = B_SPLINE_CURVE_WITH_KNOTS('',1,(#8484,#8485),.UNSPECIFIED.,.F.,
  .F.,(2,2),(-27.0782376541,-21.91721922922),.PIECEWISE_BEZIER_KNOTS.);
#8484 = CARTESIAN_POINT('',(83.851767721859,16.));
#8485 = CARTESIAN_POINT('',(79.073593128807,17.950681609151));
#8486 = ( GEOMETRIC_REPRESENTATION_CONTEXT(2) 
PARAMETRIC_REPRESENTATION_CONTEXT() REPRESENTATION_CONTEXT('2D SPACE',''
  ) );
#8487 = PCURVE('',#8488,#8493);
#8488 = PLANE('',#8489);
#8489 = AXIS2_PLACEMENT_3D('',#8490,#8491,#8492);
#8490 = CARTESIAN_POINT('',(0.,-16.,1.959434878636E-15));
#8491 = DIRECTION('',(0.,-0.866025403784,-0.5));
#8492 = DIRECTION('',(0.,0.5,-0.866025403784));
#8493 = DEFINITIONAL_REPRESENTATION('',(#8494),#8497);
#8494 = B_SPLINE_CURVE_WITH_KNOTS('',1,(#8495,#8496),.UNSPECIFIED.,.F.,
  .F.,(2,2),(-27.0782376541,-21.91721922922),.PIECEWISE_BEZIER_KNOTS.);
#8495 = CARTESIAN_POINT('',(-7.09638593656E-16,-26.62132034356));
#8496 = CARTESIAN_POINT('',(3.901363218303,-30.));
#8497 = ( GEOMETRIC_REPRESENTATION_CONTEXT(2) 
PARAMETRIC_REPRESENTATION_CONTEXT() REPRESENTATION_CONTEXT('2D SPACE',''
  ) );
#8498 = ORIENTED_EDGE('',*,*,#8499,.F.);
#8499 = EDGE_CURVE('',#8500,#8474,#8502,.T.);
#8500 = VERTEX_POINT('',#8501);
#8501 = CARTESIAN_POINT('',(-26.12132034356,-15.7113248654,0.5));
#8502 = SURFACE_CURVE('',#8503,(#8507,#8513),.PCURVE_S1.);
#8503 = LINE('',#8504,#8505);
#8504 = CARTESIAN_POINT('',(-44.34818802012,-26.23461182495,
    -17.72686767656));
#8505 = VECTOR('',#8506,1.);
#8506 = DIRECTION('',(-0.654653670708,-0.377964473009,-0.654653670708));
#8507 = PCURVE('',#8393,#8508);
#8508 = DEFINITIONAL_REPRESENTATION('',(#8509),#8512);
#8509 = B_SPLINE_CURVE_WITH_KNOTS('',1,(#8510,#8511),.UNSPECIFIED.,.F.,
  .F.,(2,2),(-27.84200026992,-27.0782376541),.PIECEWISE_BEZIER_KNOTS.);
#8510 = CARTESIAN_POINT('',(84.558874503046,16.288675134595));
#8511 = CARTESIAN_POINT('',(83.851767721859,16.));
#8512 = ( GEOMETRIC_REPRESENTATION_CONTEXT(2) 
PARAMETRIC_REPRESENTATION_CONTEXT() REPRESENTATION_CONTEXT('2D SPACE',''
  ) );
#8513 = PCURVE('',#8514,#8519);
#8514 = PLANE('',#8515);
#8515 = AXIS2_PLACEMENT_3D('',#8516,#8517,#8518);
#8516 = CARTESIAN_POINT('',(0.,-8.,13.856406460551));
#8517 = DIRECTION('',(0.,-0.866025403784,0.5));
#8518 = DIRECTION('',(0.,-0.5,-0.866025403784));
#8519 = DEFINITIONAL_REPRESENTATION('',(#8520),#8523);
#8520 = B_SPLINE_CURVE_WITH_KNOTS('',1,(#8521,#8522),.UNSPECIFIED.,.F.,
  .F.,(2,2),(-27.84200026992,-27.0782376541),.PIECEWISE_BEZIER_KNOTS.);
#8521 = CARTESIAN_POINT('',(15.42264973081,-26.12132034356));
#8522 = CARTESIAN_POINT('',(16.,-26.62132034356));
#8523 = ( GEOMETRIC_REPRESENTATION_CONTEXT(2) 
PARAMETRIC_REPRESENTATION_CONTEXT() REPRESENTATION_CONTEXT('2D SPACE',''
  ) );
#8524 = ORIENTED_EDGE('',*,*,#8525,.T.);
#8525 = EDGE_CURVE('',#8500,#8355,#8526,.T.);
#8526 = SURFACE_CURVE('',#8527,(#8531,#8537),.PCURVE_S1.);
#8527 = LINE('',#8528,#8529);
#8528 = CARTESIAN_POINT('',(-26.12132034356,-32.,0.5));
#8529 = VECTOR('',#8530,1.);
#8530 = DIRECTION('',(0.,1.,-0.));
#8531 = PCURVE('',#8393,#8532);
#8532 = DEFINITIONAL_REPRESENTATION('',(#8533),#8536);
#8533 = B_SPLINE_CURVE_WITH_KNOTS('',1,(#8534,#8535),.UNSPECIFIED.,.F.,
  .F.,(2,2),(0.,64.),.PIECEWISE_BEZIER_KNOTS.);
#8534 = CARTESIAN_POINT('',(84.558874503046,0.));
#8535 = CARTESIAN_POINT('',(84.558874503046,64.));
#8536 = ( GEOMETRIC_REPRESENTATION_CONTEXT(2) 
PARAMETRIC_REPRESENTATION_CONTEXT() REPRESENTATION_CONTEXT('2D SPACE',''
  ) );
#8537 = PCURVE('',#8369,#8538);
#8538 = DEFINITIONAL_REPRESENTATION('',(#8539),#8542);
#8539 = B_SPLINE_CURVE_WITH_KNOTS('',1,(#8540,#8541),.UNSPECIFIED.,.F.,
  .F.,(2,2),(0.,64.),.PIECEWISE_BEZIER_KNOTS.);
#8540 = CARTESIAN_POINT('',(84.558874503046,0.));
#8541 = CARTESIAN_POINT('',(84.558874503046,64.));
#8542 = ( GEOMETRIC_REPRESENTATION_CONTEXT(2) 
PARAMETRIC_REPRESENTATION_CONTEXT() REPRESENTATION_CONTEXT('2D SPACE',''
  ) );
#8543 = ORIENTED_EDGE('',*,*,#8380,.F.);
#8544 = ADVANCED_FACE('',(#8545),#8369,.T.);
#8545 = FACE_BOUND('',#8546,.T.);
#8546 = EDGE_LOOP('',(#8547,#8548,#8569,#8588));
#8547 = ORIENTED_EDGE('',*,*,#8354,.F.);
#8548 = ORIENTED_EDGE('',*,*,#8549,.F.);
#8549 = EDGE_CURVE('',#8550,#8329,#8552,.T.);
#8550 = VERTEX_POINT('',#8551);
#8551 = CARTESIAN_POINT('',(-30.,-13.47196812165,4.37867965644));
#8552 = SURFACE_CURVE('',#8553,(#8557,#8563),.PCURVE_S1.);
#8553 = LINE('',#8554,#8555);
#8554 = CARTESIAN_POINT('',(-30.,-32.,4.37867965644));
#8555 = VECTOR('',#8556,1.);
#8556 = DIRECTION('',(0.,1.,-0.));
#8557 = PCURVE('',#8369,#8558);
#8558 = DEFINITIONAL_REPRESENTATION('',(#8559),#8562);
#8559 = B_SPLINE_CURVE_WITH_KNOTS('',1,(#8560,#8561),.UNSPECIFIED.,.F.,
  .F.,(2,2),(0.,64.),.PIECEWISE_BEZIER_KNOTS.);
#8560 = CARTESIAN_POINT('',(79.073593128807,0.));
#8561 = CARTESIAN_POINT('',(79.073593128807,64.));
#8562 = ( GEOMETRIC_REPRESENTATION_CONTEXT(2) 
PARAMETRIC_REPRESENTATION_CONTEXT() REPRESENTATION_CONTEXT('2D SPACE',''
  ) );
#8563 = PCURVE('',#8343,#8564);
#8564 = DEFINITIONAL_REPRESENTATION('',(#8565),#8568);
#8565 = B_SPLINE_CURVE_WITH_KNOTS('',1,(#8566,#8567),.UNSPECIFIED.,.F.,
  .F.,(2,2),(0.,64.),.PIECEWISE_BEZIER_KNOTS.);
#8566 = CARTESIAN_POINT('',(76.073593128807,0.));
#8567 = CARTESIAN_POINT('',(76.073593128807,64.));
#8568 = ( GEOMETRIC_REPRESENTATION_CONTEXT(2) 
PARAMETRIC_REPRESENTATION_CONTEXT() REPRESENTATION_CONTEXT('2D SPACE',''
  ) );
#8569 = ORIENTED_EDGE('',*,*,#8570,.F.);
#8570 = EDGE_CURVE('',#8500,#8550,#8571,.T.);
#8571 = SURFACE_CURVE('',#8572,(#8576,#8582),.PCURVE_S1.);
#8572 = LINE('',#8573,#8574);
#8573 = CARTESIAN_POINT('',(-47.95001843742,-3.108520144855,
    22.328698093861));
#8574 = VECTOR('',#8575,1.);
#8575 = DIRECTION('',(-0.654653670708,0.377964473009,0.654653670708));
#8576 = PCURVE('',#8369,#8577);
#8577 = DEFINITIONAL_REPRESENTATION('',(#8578),#8581);
#8578 = B_SPLINE_CURVE_WITH_KNOTS('',1,(#8579,#8580),.UNSPECIFIED.,.F.,
  .F.,(2,2),(-33.34388711248,-27.41910607177),.PIECEWISE_BEZIER_KNOTS.);
#8579 = CARTESIAN_POINT('',(84.558874503046,16.288675134595));
#8580 = CARTESIAN_POINT('',(79.073593128807,18.528031878341));
#8581 = ( GEOMETRIC_REPRESENTATION_CONTEXT(2) 
PARAMETRIC_REPRESENTATION_CONTEXT() REPRESENTATION_CONTEXT('2D SPACE',''
  ) );
#8582 = PCURVE('',#8514,#8583);
#8583 = DEFINITIONAL_REPRESENTATION('',(#8584),#8587);
#8584 = B_SPLINE_CURVE_WITH_KNOTS('',1,(#8585,#8586),.UNSPECIFIED.,.F.,
  .F.,(2,2),(-33.34388711248,-27.41910607177),.PIECEWISE_BEZIER_KNOTS.);
#8585 = CARTESIAN_POINT('',(15.42264973081,-26.12132034356));
#8586 = CARTESIAN_POINT('',(10.943936243318,-30.));
#8587 = ( GEOMETRIC_REPRESENTATION_CONTEXT(2) 
PARAMETRIC_REPRESENTATION_CONTEXT() REPRESENTATION_CONTEXT('2D SPACE',''
  ) );
#8588 = ORIENTED_EDGE('',*,*,#8525,.T.);
#8589 = ADVANCED_FACE('',(#8590),#8343,.T.);
#8590 = FACE_BOUND('',#8591,.T.);
#8591 = EDGE_LOOP('',(#8592,#8593,#8614,#8633));
#8592 = ORIENTED_EDGE('',*,*,#8328,.F.);
#8593 = ORIENTED_EDGE('',*,*,#8594,.F.);
#8594 = EDGE_CURVE('',#8595,#8303,#8597,.T.);
#8595 = VERTEX_POINT('',#8596);
#8596 = CARTESIAN_POINT('',(-33.87867965644,-15.7113248654,0.5));
#8597 = SURFACE_CURVE('',#8598,(#8602,#8608),.PCURVE_S1.);
#8598 = LINE('',#8599,#8600);
#8599 = CARTESIAN_POINT('',(-33.87867965644,-32.,0.5));
#8600 = VECTOR('',#8601,1.);
#8601 = DIRECTION('',(0.,1.,-0.));
#8602 = PCURVE('',#8343,#8603);
#8603 = DEFINITIONAL_REPRESENTATION('',(#8604),#8607);
#8604 = B_SPLINE_CURVE_WITH_KNOTS('',1,(#8605,#8606),.UNSPECIFIED.,.F.,
  .F.,(2,2),(0.,64.),.PIECEWISE_BEZIER_KNOTS.);
#8605 = CARTESIAN_POINT('',(70.588311754569,0.));
#8606 = CARTESIAN_POINT('',(70.588311754569,64.));
#8607 = ( GEOMETRIC_REPRESENTATION_CONTEXT(2) 
PARAMETRIC_REPRESENTATION_CONTEXT() REPRESENTATION_CONTEXT('2D SPACE',''
  ) );
#8608 = PCURVE('',#8317,#8609);
#8609 = DEFINITIONAL_REPRESENTATION('',(#8610),#8613);
#8610 = B_SPLINE_CURVE_WITH_KNOTS('',1,(#8611,#8612),.UNSPECIFIED.,.F.,
  .F.,(2,2),(0.,64.),.PIECEWISE_BEZIER_KNOTS.);
#8611 = CARTESIAN_POINT('',(70.588311754569,0.));
#8612 = CARTESIAN_POINT('',(70.588311754569,64.));
#8613 = ( GEOMETRIC_REPRESENTATION_CONTEXT(2) 
PARAMETRIC_REPRESENTATION_CONTEXT() REPRESENTATION_CONTEXT('2D SPACE',''
  ) );
#8614 = ORIENTED_EDGE('',*,*,#8615,.F.);
#8615 = EDGE_CURVE('',#8550,#8595,#8616,.T.);
#8616 = SURFACE_CURVE('',#8617,(#8621,#8627),.PCURVE_S1.);
#8617 = LINE('',#8618,#8619);
#8618 = CARTESIAN_POINT('',(-46.20953619891,-22.83054820953,
    -11.83085654246));
#8619 = VECTOR('',#8620,1.);
#8620 = DIRECTION('',(-0.654653670708,-0.377964473009,-0.654653670708));
#8621 = PCURVE('',#8343,#8622);
#8622 = DEFINITIONAL_REPRESENTATION('',(#8623),#8626);
#8623 = B_SPLINE_CURVE_WITH_KNOTS('',1,(#8624,#8625),.UNSPECIFIED.,.F.,
  .F.,(2,2),(-24.76047553721,-18.8356944965),.PIECEWISE_BEZIER_KNOTS.);
#8624 = CARTESIAN_POINT('',(76.073593128807,18.528031878341));
#8625 = CARTESIAN_POINT('',(70.588311754569,16.288675134595));
#8626 = ( GEOMETRIC_REPRESENTATION_CONTEXT(2) 
PARAMETRIC_REPRESENTATION_CONTEXT() REPRESENTATION_CONTEXT('2D SPACE',''
  ) );
#8627 = PCURVE('',#8514,#8628);
#8628 = DEFINITIONAL_REPRESENTATION('',(#8629),#8632);
#8629 = B_SPLINE_CURVE_WITH_KNOTS('',1,(#8630,#8631),.UNSPECIFIED.,.F.,
  .F.,(2,2),(-24.76047553721,-18.8356944965),.PIECEWISE_BEZIER_KNOTS.);
#8630 = CARTESIAN_POINT('',(10.943936243318,-30.));
#8631 = CARTESIAN_POINT('',(15.42264973081,-33.87867965644));
#8632 = ( GEOMETRIC_REPRESENTATION_CONTEXT(2) 
PARAMETRIC_REPRESENTATION_CONTEXT() REPRESENTATION_CONTEXT('2D SPACE',''
  ) );
#8633 = ORIENTED_EDGE('',*,*,#8549,.T.);
#8634 = ADVANCED_FACE('',(#8635),#8317,.F.);
#8635 = FACE_BOUND('',#8636,.F.);
#8636 = EDGE_LOOP('',(#8637,#8638,#8639,#8660,#8679,#8680));
#8637 = ORIENTED_EDGE('',*,*,#8302,.F.);
#8638 = ORIENTED_EDGE('',*,*,#8594,.F.);
#8639 = ORIENTED_EDGE('',*,*,#8640,.F.);
#8640 = EDGE_CURVE('',#8641,#8595,#8643,.T.);
#8641 = VERTEX_POINT('',#8642);
#8642 = CARTESIAN_POINT('',(-33.37867965644,-16.,1.959434878636E-15));
#8643 = SURFACE_CURVE('',#8644,(#8648,#8654),.PCURVE_S1.);
#8644 = LINE('',#8645,#8646);
#8645 = CARTESIAN_POINT('',(-49.81136661621,-6.512583760268,
    16.43268695977));
#8646 = VECTOR('',#8647,1.);
#8647 = DIRECTION('',(-0.654653670708,0.377964473009,0.654653670708));
#8648 = PCURVE('',#8317,#8649);
#8649 = DEFINITIONAL_REPRESENTATION('',(#8650),#8653);
#8650 = B_SPLINE_CURVE_WITH_KNOTS('',1,(#8651,#8652),.UNSPECIFIED.,.F.,
  .F.,(2,2),(-25.10134395488,-24.33758133906),.PIECEWISE_BEZIER_KNOTS.);
#8651 = CARTESIAN_POINT('',(71.295418535755,16.));
#8652 = CARTESIAN_POINT('',(70.588311754569,16.288675134595));
#8653 = ( GEOMETRIC_REPRESENTATION_CONTEXT(2) 
PARAMETRIC_REPRESENTATION_CONTEXT() REPRESENTATION_CONTEXT('2D SPACE',''
  ) );
#8654 = PCURVE('',#8514,#8655);
#8655 = DEFINITIONAL_REPRESENTATION('',(#8656),#8659);
#8656 = B_SPLINE_CURVE_WITH_KNOTS('',1,(#8657,#8658),.UNSPECIFIED.,.F.,
  .F.,(2,2),(-25.10134395488,-24.33758133906),.PIECEWISE_BEZIER_KNOTS.);
#8657 = CARTESIAN_POINT('',(16.,-33.37867965644));
#8658 = CARTESIAN_POINT('',(15.42264973081,-33.87867965644));
#8659 = ( GEOMETRIC_REPRESENTATION_CONTEXT(2) 
PARAMETRIC_REPRESENTATION_CONTEXT() REPRESENTATION_CONTEXT('2D SPACE',''
  ) );
#8660 = ORIENTED_EDGE('',*,*,#8661,.F.);
#8661 = EDGE_CURVE('',#8453,#8641,#8662,.T.);
#8662 = SURFACE_CURVE('',#8663,(#8667,#8673),.PCURVE_S1.);
#8663 = LINE('',#8664,#8665);
#8664 = CARTESIAN_POINT('',(-49.81136661621,-25.48741623973,
    16.43268695977));
#8665 = VECTOR('',#8666,1.);
#8666 = DIRECTION('',(-0.654653670708,-0.377964473009,0.654653670708));
#8667 = PCURVE('',#8317,#8668);
#8668 = DEFINITIONAL_REPRESENTATION('',(#8669),#8672);
#8669 = B_SPLINE_CURVE_WITH_KNOTS('',1,(#8670,#8671),.UNSPECIFIED.,.F.,
  .F.,(2,2),(-30.26236237976,-25.10134395488),.PIECEWISE_BEZIER_KNOTS.);
#8670 = CARTESIAN_POINT('',(76.073593128807,17.950681609151));
#8671 = CARTESIAN_POINT('',(71.295418535755,16.));
#8672 = ( GEOMETRIC_REPRESENTATION_CONTEXT(2) 
PARAMETRIC_REPRESENTATION_CONTEXT() REPRESENTATION_CONTEXT('2D SPACE',''
  ) );
#8673 = PCURVE('',#8488,#8674);
#8674 = DEFINITIONAL_REPRESENTATION('',(#8675),#8678);
#8675 = B_SPLINE_CURVE_WITH_KNOTS('',1,(#8676,#8677),.UNSPECIFIED.,.F.,
  .F.,(2,2),(-30.26236237976,-25.10134395488),.PIECEWISE_BEZIER_KNOTS.);
#8676 = CARTESIAN_POINT('',(3.901363218303,-30.));
#8677 = CARTESIAN_POINT('',(5.186197819707E-16,-33.37867965644));
#8678 = ( GEOMETRIC_REPRESENTATION_CONTEXT(2) 
PARAMETRIC_REPRESENTATION_CONTEXT() REPRESENTATION_CONTEXT('2D SPACE',''
  ) );
#8679 = ORIENTED_EDGE('',*,*,#8452,.T.);
#8680 = ORIENTED_EDGE('',*,*,#8407,.F.);
#8681 = ADVANCED_FACE('',(#8682),#8514,.T.);
#8682 = FACE_BOUND('',#8683,.T.);
#8683 = EDGE_LOOP('',(#8684,#8685,#8706,#8707,#8708));
#8684 = ORIENTED_EDGE('',*,*,#8640,.F.);
#8685 = ORIENTED_EDGE('',*,*,#8686,.T.);
#8686 = EDGE_CURVE('',#8641,#8474,#8687,.T.);
#8687 = SURFACE_CURVE('',#8688,(#8692,#8699),.PCURVE_S1.);
#8688 = LINE('',#8689,#8690);
#8689 = CARTESIAN_POINT('',(-60.,-16.,1.959434878636E-15));
#8690 = VECTOR('',#8691,1.);
#8691 = DIRECTION('',(1.,0.,0.));
#8692 = PCURVE('',#8514,#8693);
#8693 = DEFINITIONAL_REPRESENTATION('',(#8694),#8698);
#8694 = LINE('',#8695,#8696);
#8695 = CARTESIAN_POINT('',(16.,-60.));
#8696 = VECTOR('',#8697,1.);
#8697 = DIRECTION('',(0.,1.));
#8698 = ( GEOMETRIC_REPRESENTATION_CONTEXT(2) 
PARAMETRIC_REPRESENTATION_CONTEXT() REPRESENTATION_CONTEXT('2D SPACE',''
  ) );
#8699 = PCURVE('',#8488,#8700);
#8700 = DEFINITIONAL_REPRESENTATION('',(#8701),#8705);
#8701 = LINE('',#8702,#8703);
#8702 = CARTESIAN_POINT('',(0.,-60.));
#8703 = VECTOR('',#8704,1.);
#8704 = DIRECTION('',(0.,1.));
#8705 = ( GEOMETRIC_REPRESENTATION_CONTEXT(2) 
PARAMETRIC_REPRESENTATION_CONTEXT() REPRESENTATION_CONTEXT('2D SPACE',''
  ) );
#8706 = ORIENTED_EDGE('',*,*,#8499,.F.);
#8707 = ORIENTED_EDGE('',*,*,#8570,.T.);
#8708 = ORIENTED_EDGE('',*,*,#8615,.T.);
#8709 = ADVANCED_FACE('',(#8710),#8488,.T.);
#8710 = FACE_BOUND('',#8711,.T.);
#8711 = EDGE_LOOP('',(#8712,#8713,#8714));
#8712 = ORIENTED_EDGE('',*,*,#8686,.F.);
#8713 = ORIENTED_EDGE('',*,*,#8661,.F.);
#8714 = ORIENTED_EDGE('',*,*,#8473,.F.);
#8715 = MANIFOLD_SOLID_BREP('',#8716);
#8716 = CLOSED_SHELL('',(#8717,#8857,#8901,#8998,#9043,#9088,#9135,#9163
    ));
#8717 = ADVANCED_FACE('',(#8718),#8732,.T.);
#8718 = FACE_BOUND('',#8719,.T.);
#8719 = EDGE_LOOP('',(#8720,#8755,#8781,#8807,#8833));
#8720 = ORIENTED_EDGE('',*,*,#8721,.T.);
#8721 = EDGE_CURVE('',#8722,#8724,#8726,.T.);
#8722 = VERTEX_POINT('',#8723);
#8723 = CARTESIAN_POINT('',(-14.62132034356,16.,0.));
#8724 = VERTEX_POINT('',#8725);
#8725 = CARTESIAN_POINT('',(-21.37867965644,16.,0.));
#8726 = SURFACE_CURVE('',#8727,(#8731,#8743),.PCURVE_S1.);
#8727 = LINE('',#8728,#8729);
#8728 = CARTESIAN_POINT('',(60.,16.,0.));
#8729 = VECTOR('',#8730,1.);
#8730 = DIRECTION('',(-1.,0.,0.));
#8731 = PCURVE('',#8732,#8737);
#8732 = PLANE('',#8733);
#8733 = AXIS2_PLACEMENT_3D('',#8734,#8735,#8736);
#8734 = CARTESIAN_POINT('',(0.,16.,0.));
#8735 = DIRECTION('',(-0.,0.866025403784,0.5));
#8736 = DIRECTION('',(0.,-0.5,0.866025403784));
#8737 = DEFINITIONAL_REPRESENTATION('',(#8738),#8742);
#8738 = LINE('',#8739,#8740);
#8739 = CARTESIAN_POINT('',(0.,60.));
#8740 = VECTOR('',#8741,1.);
#8741 = DIRECTION('',(0.,-1.));
#8742 = ( GEOMETRIC_REPRESENTATION_CONTEXT(2) 
PARAMETRIC_REPRESENTATION_CONTEXT() REPRESENTATION_CONTEXT('2D SPACE',''
  ) );
#8743 = PCURVE('',#8744,#8749);
#8744 = PLANE('',#8745);
#8745 = AXIS2_PLACEMENT_3D('',#8746,#8747,#8748);
#8746 = CARTESIAN_POINT('',(0.,8.,-13.85640646055));
#8747 = DIRECTION('',(0.,0.866025403784,-0.5));
#8748 = DIRECTION('',(0.,0.5,0.866025403784));
#8749 = DEFINITIONAL_REPRESENTATION('',(#8750),#8754);
#8750 = LINE('',#8751,#8752);
#8751 = CARTESIAN_POINT('',(16.,60.));
#8752 = VECTOR('',#8753,1.);
#8753 = DIRECTION('',(0.,-1.));
#8754 = ( GEOMETRIC_REPRESENTATION_CONTEXT(2) 
PARAMETRIC_REPRESENTATION_CONTEXT() REPRESENTATION_CONTEXT('2D SPACE',''
  ) );
#8755 = ORIENTED_EDGE('',*,*,#8756,.F.);
#8756 = EDGE_CURVE('',#8757,#8724,#8759,.T.);
#8757 = VERTEX_POINT('',#8758);
#8758 = CARTESIAN_POINT('',(-21.87867965644,15.711324865405,0.5));
#8759 = SURFACE_CURVE('',#8760,(#8764,#8770),.PCURVE_S1.);
#8760 = LINE('',#8761,#8762);
#8761 = CARTESIAN_POINT('',(-49.48462560493,-0.226975459195,
    28.105945948498));
#8762 = VECTOR('',#8763,1.);
#8763 = DIRECTION('',(0.654653670708,0.377964473009,-0.654653670708));
#8764 = PCURVE('',#8732,#8765);
#8765 = DEFINITIONAL_REPRESENTATION('',(#8766),#8769);
#8766 = B_SPLINE_CURVE_WITH_KNOTS('',1,(#8767,#8768),.UNSPECIFIED.,.F.,
  .F.,(2,2),(42.168778979951,42.932541595777),.PIECEWISE_BEZIER_KNOTS.);
#8767 = CARTESIAN_POINT('',(0.57735026919,-21.87867965644));
#8768 = CARTESIAN_POINT('',(1.79700634354E-15,-21.37867965644));
#8769 = ( GEOMETRIC_REPRESENTATION_CONTEXT(2) 
PARAMETRIC_REPRESENTATION_CONTEXT() REPRESENTATION_CONTEXT('2D SPACE',''
  ) );
#8770 = PCURVE('',#8771,#8776);
#8771 = PLANE('',#8772);
#8772 = AXIS2_PLACEMENT_3D('',#8773,#8774,#8775);
#8773 = CARTESIAN_POINT('',(-83.7921535706,-32.,62.413473914166));
#8774 = DIRECTION('',(0.707106781187,0.,0.707106781187));
#8775 = DIRECTION('',(0.707106781187,0.,-0.707106781187));
#8776 = DEFINITIONAL_REPRESENTATION('',(#8777),#8780);
#8777 = B_SPLINE_CURVE_WITH_KNOTS('',1,(#8778,#8779),.UNSPECIFIED.,.F.,
  .F.,(2,2),(42.168778979951,42.932541595777),.PIECEWISE_BEZIER_KNOTS.);
#8778 = CARTESIAN_POINT('',(87.558874503046,47.711324865405));
#8779 = CARTESIAN_POINT('',(88.265981284232,48.));
#8780 = ( GEOMETRIC_REPRESENTATION_CONTEXT(2) 
PARAMETRIC_REPRESENTATION_CONTEXT() REPRESENTATION_CONTEXT('2D SPACE',''
  ) );
#8781 = ORIENTED_EDGE('',*,*,#8782,.T.);
#8782 = EDGE_CURVE('',#8757,#8783,#8785,.T.);
#8783 = VERTEX_POINT('',#8784);
#8784 = CARTESIAN_POINT('',(-18.,13.471968121659,4.37867965644));
#8785 = SURFACE_CURVE('',#8786,(#8790,#8796),.PCURVE_S1.);
#8786 = LINE('',#8787,#8788);
#8787 = CARTESIAN_POINT('',(-37.96484863875,24.998678857573,
    -15.58616898231));
#8788 = VECTOR('',#8789,1.);
#8789 = DIRECTION('',(0.654653670708,-0.377964473009,0.654653670708));
#8790 = PCURVE('',#8732,#8791);
#8791 = DEFINITIONAL_REPRESENTATION('',(#8792),#8795);
#8792 = B_SPLINE_CURVE_WITH_KNOTS('',1,(#8793,#8794),.UNSPECIFIED.,.F.,
  .F.,(2,2),(24.572029001098,30.496810041806),.PIECEWISE_BEZIER_KNOTS.);
#8793 = CARTESIAN_POINT('',(0.57735026919,-21.87867965644));
#8794 = CARTESIAN_POINT('',(5.056063756682,-18.));
#8795 = ( GEOMETRIC_REPRESENTATION_CONTEXT(2) 
PARAMETRIC_REPRESENTATION_CONTEXT() REPRESENTATION_CONTEXT('2D SPACE',''
  ) );
#8796 = PCURVE('',#8797,#8802);
#8797 = PLANE('',#8798);
#8798 = AXIS2_PLACEMENT_3D('',#8799,#8800,#8801);
#8799 = CARTESIAN_POINT('',(-83.7921535706,-32.,-61.41347391416));
#8800 = DIRECTION('',(-0.707106781187,0.,0.707106781187));
#8801 = DIRECTION('',(0.707106781187,0.,0.707106781187));
#8802 = DEFINITIONAL_REPRESENTATION('',(#8803),#8806);
#8803 = B_SPLINE_CURVE_WITH_KNOTS('',1,(#8804,#8805),.UNSPECIFIED.,.F.,
  .F.,(2,2),(24.572029001098,30.496810041806),.PIECEWISE_BEZIER_KNOTS.);
#8804 = CARTESIAN_POINT('',(87.558874503046,47.711324865405));
#8805 = CARTESIAN_POINT('',(93.044155877284,45.471968121659));
#8806 = ( GEOMETRIC_REPRESENTATION_CONTEXT(2) 
PARAMETRIC_REPRESENTATION_CONTEXT() REPRESENTATION_CONTEXT('2D SPACE',''
  ) );
#8807 = ORIENTED_EDGE('',*,*,#8808,.T.);
#8808 = EDGE_CURVE('',#8783,#8809,#8811,.T.);
#8809 = VERTEX_POINT('',#8810);
#8810 = CARTESIAN_POINT('',(-14.12132034356,15.711324865405,0.5));
#8811 = SURFACE_CURVE('',#8812,(#8816,#8822),.PCURVE_S1.);
#8812 = LINE('',#8813,#8814);
#8813 = CARTESIAN_POINT('',(-47.62327742615,-3.631039074608,
    34.00195708259));
#8814 = VECTOR('',#8815,1.);
#8815 = DIRECTION('',(0.654653670708,0.377964473009,-0.654653670708));
#8816 = PCURVE('',#8732,#8817);
#8817 = DEFINITIONAL_REPRESENTATION('',(#8818),#8821);
#8818 = B_SPLINE_CURVE_WITH_KNOTS('',1,(#8819,#8820),.UNSPECIFIED.,.F.,
  .F.,(2,2),(45.250303712669,51.175084753377),.PIECEWISE_BEZIER_KNOTS.);
#8819 = CARTESIAN_POINT('',(5.056063756682,-18.));
#8820 = CARTESIAN_POINT('',(0.57735026919,-14.12132034356));
#8821 = ( GEOMETRIC_REPRESENTATION_CONTEXT(2) 
PARAMETRIC_REPRESENTATION_CONTEXT() REPRESENTATION_CONTEXT('2D SPACE',''
  ) );
#8822 = PCURVE('',#8823,#8828);
#8823 = PLANE('',#8824);
#8824 = AXIS2_PLACEMENT_3D('',#8825,#8826,#8827);
#8825 = CARTESIAN_POINT('',(-85.91347391416,-32.,72.292153570606));
#8826 = DIRECTION('',(0.707106781187,0.,0.707106781187));
#8827 = DIRECTION('',(0.707106781187,0.,-0.707106781187));
#8828 = DEFINITIONAL_REPRESENTATION('',(#8829),#8832);
#8829 = B_SPLINE_CURVE_WITH_KNOTS('',1,(#8830,#8831),.UNSPECIFIED.,.F.,
  .F.,(2,2),(45.250303712669,51.175084753377),.PIECEWISE_BEZIER_KNOTS.);
#8830 = CARTESIAN_POINT('',(96.044155877284,45.471968121659));
#8831 = CARTESIAN_POINT('',(101.52943725152,47.711324865405));
#8832 = ( GEOMETRIC_REPRESENTATION_CONTEXT(2) 
PARAMETRIC_REPRESENTATION_CONTEXT() REPRESENTATION_CONTEXT('2D SPACE',''
  ) );
#8833 = ORIENTED_EDGE('',*,*,#8834,.F.);
#8834 = EDGE_CURVE('',#8722,#8809,#8835,.T.);
#8835 = SURFACE_CURVE('',#8836,(#8840,#8846),.PCURVE_S1.);
#8836 = LINE('',#8837,#8838);
#8837 = CARTESIAN_POINT('',(-36.10350045996,28.402742472986,
    -21.4821801164));
#8838 = VECTOR('',#8839,1.);
#8839 = DIRECTION('',(0.654653670708,-0.377964473009,0.654653670708));
#8840 = PCURVE('',#8732,#8841);
#8841 = DEFINITIONAL_REPRESENTATION('',(#8842),#8845);
#8842 = B_SPLINE_CURVE_WITH_KNOTS('',1,(#8843,#8844),.UNSPECIFIED.,.F.,
  .F.,(2,2),(32.814572158698,33.578334774524),.PIECEWISE_BEZIER_KNOTS.);
#8843 = CARTESIAN_POINT('',(-1.155806759163E-15,-14.62132034356));
#8844 = CARTESIAN_POINT('',(0.57735026919,-14.12132034356));
#8845 = ( GEOMETRIC_REPRESENTATION_CONTEXT(2) 
PARAMETRIC_REPRESENTATION_CONTEXT() REPRESENTATION_CONTEXT('2D SPACE',''
  ) );
#8846 = PCURVE('',#8847,#8852);
#8847 = PLANE('',#8848);
#8848 = AXIS2_PLACEMENT_3D('',#8849,#8850,#8851);
#8849 = CARTESIAN_POINT('',(-85.91347391416,-32.,-71.2921535706));
#8850 = DIRECTION('',(-0.707106781187,0.,0.707106781187));
#8851 = DIRECTION('',(0.707106781187,0.,0.707106781187));
#8852 = DEFINITIONAL_REPRESENTATION('',(#8853),#8856);
#8853 = B_SPLINE_CURVE_WITH_KNOTS('',1,(#8854,#8855),.UNSPECIFIED.,.F.,
  .F.,(2,2),(32.814572158698,33.578334774524),.PIECEWISE_BEZIER_KNOTS.);
#8854 = CARTESIAN_POINT('',(100.82233047033,48.));
#8855 = CARTESIAN_POINT('',(101.52943725152,47.711324865405));
#8856 = ( GEOMETRIC_REPRESENTATION_CONTEXT(2) 
PARAMETRIC_REPRESENTATION_CONTEXT() REPRESENTATION_CONTEXT('2D SPACE',''
  ) );
#8857 = ADVANCED_FACE('',(#8858),#8744,.T.);
#8858 = FACE_BOUND('',#8859,.T.);
#8859 = EDGE_LOOP('',(#8860,#8881,#8882));
#8860 = ORIENTED_EDGE('',*,*,#8861,.F.);
#8861 = EDGE_CURVE('',#8724,#8862,#8864,.T.);
#8862 = VERTEX_POINT('',#8863);
#8863 = CARTESIAN_POINT('',(-18.,14.049318390849,-3.37867965644));
#8864 = SURFACE_CURVE('',#8865,(#8869,#8875),.PCURVE_S1.);
#8865 = LINE('',#8866,#8867);
#8866 = CARTESIAN_POINT('',(-33.64873250716,23.084118316338,
    12.270052850726));
#8867 = VECTOR('',#8868,1.);
#8868 = DIRECTION('',(0.654653670708,-0.377964473009,-0.654653670708));
#8869 = PCURVE('',#8744,#8870);
#8870 = DEFINITIONAL_REPRESENTATION('',(#8871),#8874);
#8871 = B_SPLINE_CURVE_WITH_KNOTS('',1,(#8872,#8873),.UNSPECIFIED.,.F.,
  .F.,(2,2),(18.742815323187,23.903833748068),.PIECEWISE_BEZIER_KNOTS.);
#8872 = CARTESIAN_POINT('',(16.,-21.37867965644));
#8873 = CARTESIAN_POINT('',(12.098636781697,-18.));
#8874 = ( GEOMETRIC_REPRESENTATION_CONTEXT(2) 
PARAMETRIC_REPRESENTATION_CONTEXT() REPRESENTATION_CONTEXT('2D SPACE',''
  ) );
#8875 = PCURVE('',#8771,#8876);
#8876 = DEFINITIONAL_REPRESENTATION('',(#8877),#8880);
#8877 = B_SPLINE_CURVE_WITH_KNOTS('',1,(#8878,#8879),.UNSPECIFIED.,.F.,
  .F.,(2,2),(18.742815323187,23.903833748068),.PIECEWISE_BEZIER_KNOTS.);
#8878 = CARTESIAN_POINT('',(88.265981284232,48.));
#8879 = CARTESIAN_POINT('',(93.044155877284,46.049318390849));
#8880 = ( GEOMETRIC_REPRESENTATION_CONTEXT(2) 
PARAMETRIC_REPRESENTATION_CONTEXT() REPRESENTATION_CONTEXT('2D SPACE',''
  ) );
#8881 = ORIENTED_EDGE('',*,*,#8721,.F.);
#8882 = ORIENTED_EDGE('',*,*,#8883,.F.);
#8883 = EDGE_CURVE('',#8862,#8722,#8884,.T.);
#8884 = SURFACE_CURVE('',#8885,(#8889,#8895),.PCURVE_S1.);
#8885 = LINE('',#8886,#8887);
#8886 = CARTESIAN_POINT('',(-51.93939355773,-5.545599615843,
    -37.31807321417));
#8887 = VECTOR('',#8888,1.);
#8888 = DIRECTION('',(0.654653670708,0.377964473009,0.654653670708));
#8889 = PCURVE('',#8744,#8890);
#8890 = DEFINITIONAL_REPRESENTATION('',(#8891),#8894);
#8891 = B_SPLINE_CURVE_WITH_KNOTS('',1,(#8892,#8893),.UNSPECIFIED.,.F.,
  .F.,(2,2),(51.843280006407,57.004298431289),.PIECEWISE_BEZIER_KNOTS.);
#8892 = CARTESIAN_POINT('',(12.098636781697,-18.));
#8893 = CARTESIAN_POINT('',(16.,-14.62132034356));
#8894 = ( GEOMETRIC_REPRESENTATION_CONTEXT(2) 
PARAMETRIC_REPRESENTATION_CONTEXT() REPRESENTATION_CONTEXT('2D SPACE',''
  ) );
#8895 = PCURVE('',#8847,#8896);
#8896 = DEFINITIONAL_REPRESENTATION('',(#8897),#8900);
#8897 = B_SPLINE_CURVE_WITH_KNOTS('',1,(#8898,#8899),.UNSPECIFIED.,.F.,
  .F.,(2,2),(51.843280006407,57.004298431289),.PIECEWISE_BEZIER_KNOTS.);
#8898 = CARTESIAN_POINT('',(96.044155877284,46.049318390849));
#8899 = CARTESIAN_POINT('',(100.82233047033,48.));
#8900 = ( GEOMETRIC_REPRESENTATION_CONTEXT(2) 
PARAMETRIC_REPRESENTATION_CONTEXT() REPRESENTATION_CONTEXT('2D SPACE',''
  ) );
#8901 = ADVANCED_FACE('',(#8902),#8847,.F.);
#8902 = FACE_BOUND('',#8903,.F.);
#8903 = EDGE_LOOP('',(#8904,#8905,#8926,#8952,#8978,#8997));
#8904 = ORIENTED_EDGE('',*,*,#8883,.F.);
#8905 = ORIENTED_EDGE('',*,*,#8906,.F.);
#8906 = EDGE_CURVE('',#8907,#8862,#8909,.T.);
#8907 = VERTEX_POINT('',#8908);
#8908 = CARTESIAN_POINT('',(-18.,-14.04931839084,-3.37867965644));
#8909 = SURFACE_CURVE('',#8910,(#8914,#8920),.PCURVE_S1.);
#8910 = LINE('',#8911,#8912);
#8911 = CARTESIAN_POINT('',(-18.,-32.,-3.37867965644));
#8912 = VECTOR('',#8913,1.);
#8913 = DIRECTION('',(0.,1.,-0.));
#8914 = PCURVE('',#8847,#8915);
#8915 = DEFINITIONAL_REPRESENTATION('',(#8916),#8919);
#8916 = B_SPLINE_CURVE_WITH_KNOTS('',1,(#8917,#8918),.UNSPECIFIED.,.F.,
  .F.,(2,2),(0.,64.),.PIECEWISE_BEZIER_KNOTS.);
#8917 = CARTESIAN_POINT('',(96.044155877284,0.));
#8918 = CARTESIAN_POINT('',(96.044155877284,64.));
#8919 = ( GEOMETRIC_REPRESENTATION_CONTEXT(2) 
PARAMETRIC_REPRESENTATION_CONTEXT() REPRESENTATION_CONTEXT('2D SPACE',''
  ) );
#8920 = PCURVE('',#8771,#8921);
#8921 = DEFINITIONAL_REPRESENTATION('',(#8922),#8925);
#8922 = B_SPLINE_CURVE_WITH_KNOTS('',1,(#8923,#8924),.UNSPECIFIED.,.F.,
  .F.,(2,2),(0.,64.),.PIECEWISE_BEZIER_KNOTS.);
#8923 = CARTESIAN_POINT('',(93.044155877284,0.));
#8924 = CARTESIAN_POINT('',(93.044155877284,64.));
#8925 = ( GEOMETRIC_REPRESENTATION_CONTEXT(2) 
PARAMETRIC_REPRESENTATION_CONTEXT() REPRESENTATION_CONTEXT('2D SPACE',''
  ) );
#8926 = ORIENTED_EDGE('',*,*,#8927,.F.);
#8927 = EDGE_CURVE('',#8928,#8907,#8930,.T.);
#8928 = VERTEX_POINT('',#8929);
#8929 = CARTESIAN_POINT('',(-14.62132034356,-16.,1.959434878636E-15));
#8930 = SURFACE_CURVE('',#8931,(#8935,#8941),.PCURVE_S1.);
#8931 = LINE('',#8932,#8933);
#8932 = CARTESIAN_POINT('',(-40.0624737344,-1.3115432413,-25.44115339084
    ));
#8933 = VECTOR('',#8934,1.);
#8934 = DIRECTION('',(-0.654653670708,0.377964473009,-0.654653670708));
#8935 = PCURVE('',#8847,#8936);
#8936 = DEFINITIONAL_REPRESENTATION('',(#8937),#8940);
#8937 = B_SPLINE_CURVE_WITH_KNOTS('',1,(#8938,#8939),.UNSPECIFIED.,.F.,
  .F.,(2,2),(-38.86200372684,-33.70098530196),.PIECEWISE_BEZIER_KNOTS.);
#8938 = CARTESIAN_POINT('',(100.82233047033,16.));
#8939 = CARTESIAN_POINT('',(96.044155877284,17.950681609151));
#8940 = ( GEOMETRIC_REPRESENTATION_CONTEXT(2) 
PARAMETRIC_REPRESENTATION_CONTEXT() REPRESENTATION_CONTEXT('2D SPACE',''
  ) );
#8941 = PCURVE('',#8942,#8947);
#8942 = PLANE('',#8943);
#8943 = AXIS2_PLACEMENT_3D('',#8944,#8945,#8946);
#8944 = CARTESIAN_POINT('',(0.,-16.,1.959434878636E-15));
#8945 = DIRECTION('',(0.,-0.866025403784,-0.5));
#8946 = DIRECTION('',(0.,0.5,-0.866025403784));
#8947 = DEFINITIONAL_REPRESENTATION('',(#8948),#8951);
#8948 = B_SPLINE_CURVE_WITH_KNOTS('',1,(#8949,#8950),.UNSPECIFIED.,.F.,
  .F.,(2,2),(-38.86200372684,-33.70098530196),.PIECEWISE_BEZIER_KNOTS.);
#8949 = CARTESIAN_POINT('',(1.380897145509E-15,-14.62132034356));
#8950 = CARTESIAN_POINT('',(3.901363218303,-18.));
#8951 = ( GEOMETRIC_REPRESENTATION_CONTEXT(2) 
PARAMETRIC_REPRESENTATION_CONTEXT() REPRESENTATION_CONTEXT('2D SPACE',''
  ) );
#8952 = ORIENTED_EDGE('',*,*,#8953,.F.);
#8953 = EDGE_CURVE('',#8954,#8928,#8956,.T.);
#8954 = VERTEX_POINT('',#8955);
#8955 = CARTESIAN_POINT('',(-14.12132034356,-15.7113248654,0.5));
#8956 = SURFACE_CURVE('',#8957,(#8961,#8967),.PCURVE_S1.);
#8957 = LINE('',#8958,#8959);
#8958 = CARTESIAN_POINT('',(-40.0624737344,-30.6884567587,
    -25.44115339084));
#8959 = VECTOR('',#8960,1.);
#8960 = DIRECTION('',(-0.654653670708,-0.377964473009,-0.654653670708));
#8961 = PCURVE('',#8847,#8962);
#8962 = DEFINITIONAL_REPRESENTATION('',(#8963),#8966);
#8963 = B_SPLINE_CURVE_WITH_KNOTS('',1,(#8964,#8965),.UNSPECIFIED.,.F.,
  .F.,(2,2),(-39.62576634267,-38.86200372684),.PIECEWISE_BEZIER_KNOTS.);
#8964 = CARTESIAN_POINT('',(101.52943725152,16.288675134595));
#8965 = CARTESIAN_POINT('',(100.82233047033,16.));
#8966 = ( GEOMETRIC_REPRESENTATION_CONTEXT(2) 
PARAMETRIC_REPRESENTATION_CONTEXT() REPRESENTATION_CONTEXT('2D SPACE',''
  ) );
#8967 = PCURVE('',#8968,#8973);
#8968 = PLANE('',#8969);
#8969 = AXIS2_PLACEMENT_3D('',#8970,#8971,#8972);
#8970 = CARTESIAN_POINT('',(0.,-8.,13.856406460551));
#8971 = DIRECTION('',(0.,-0.866025403784,0.5));
#8972 = DIRECTION('',(0.,-0.5,-0.866025403784));
#8973 = DEFINITIONAL_REPRESENTATION('',(#8974),#8977);
#8974 = B_SPLINE_CURVE_WITH_KNOTS('',1,(#8975,#8976),.UNSPECIFIED.,.F.,
  .F.,(2,2),(-39.62576634267,-38.86200372684),.PIECEWISE_BEZIER_KNOTS.);
#8975 = CARTESIAN_POINT('',(15.42264973081,-14.12132034356));
#8976 = CARTESIAN_POINT('',(16.,-14.62132034356));
#8977 = ( GEOMETRIC_REPRESENTATION_CONTEXT(2) 
PARAMETRIC_REPRESENTATION_CONTEXT() REPRESENTATION_CONTEXT('2D SPACE',''
  ) );
#8978 = ORIENTED_EDGE('',*,*,#8979,.T.);
#8979 = EDGE_CURVE('',#8954,#8809,#8980,.T.);
#8980 = SURFACE_CURVE('',#8981,(#8985,#8991),.PCURVE_S1.);
#8981 = LINE('',#8982,#8983);
#8982 = CARTESIAN_POINT('',(-14.12132034356,-32.,0.5));
#8983 = VECTOR('',#8984,1.);
#8984 = DIRECTION('',(0.,1.,-0.));
#8985 = PCURVE('',#8847,#8986);
#8986 = DEFINITIONAL_REPRESENTATION('',(#8987),#8990);
#8987 = B_SPLINE_CURVE_WITH_KNOTS('',1,(#8988,#8989),.UNSPECIFIED.,.F.,
  .F.,(2,2),(0.,64.),.PIECEWISE_BEZIER_KNOTS.);
#8988 = CARTESIAN_POINT('',(101.52943725152,0.));
#8989 = CARTESIAN_POINT('',(101.52943725152,64.));
#8990 = ( GEOMETRIC_REPRESENTATION_CONTEXT(2) 
PARAMETRIC_REPRESENTATION_CONTEXT() REPRESENTATION_CONTEXT('2D SPACE',''
  ) );
#8991 = PCURVE('',#8823,#8992);
#8992 = DEFINITIONAL_REPRESENTATION('',(#8993),#8996);
#8993 = B_SPLINE_CURVE_WITH_KNOTS('',1,(#8994,#8995),.UNSPECIFIED.,.F.,
  .F.,(2,2),(0.,64.),.PIECEWISE_BEZIER_KNOTS.);
#8994 = CARTESIAN_POINT('',(101.52943725152,0.));
#8995 = CARTESIAN_POINT('',(101.52943725152,64.));
#8996 = ( GEOMETRIC_REPRESENTATION_CONTEXT(2) 
PARAMETRIC_REPRESENTATION_CONTEXT() REPRESENTATION_CONTEXT('2D SPACE',''
  ) );
#8997 = ORIENTED_EDGE('',*,*,#8834,.F.);
#8998 = ADVANCED_FACE('',(#8999),#8823,.T.);
#8999 = FACE_BOUND('',#9000,.T.);
#9000 = EDGE_LOOP('',(#9001,#9002,#9023,#9042));
#9001 = ORIENTED_EDGE('',*,*,#8808,.F.);
#9002 = ORIENTED_EDGE('',*,*,#9003,.F.);
#9003 = EDGE_CURVE('',#9004,#8783,#9006,.T.);
#9004 = VERTEX_POINT('',#9005);
#9005 = CARTESIAN_POINT('',(-18.,-13.47196812165,4.37867965644));
#9006 = SURFACE_CURVE('',#9007,(#9011,#9017),.PCURVE_S1.);
#9007 = LINE('',#9008,#9009);
#9008 = CARTESIAN_POINT('',(-18.,-32.,4.37867965644));
#9009 = VECTOR('',#9010,1.);
#9010 = DIRECTION('',(0.,1.,-0.));
#9011 = PCURVE('',#8823,#9012);
#9012 = DEFINITIONAL_REPRESENTATION('',(#9013),#9016);
#9013 = B_SPLINE_CURVE_WITH_KNOTS('',1,(#9014,#9015),.UNSPECIFIED.,.F.,
  .F.,(2,2),(0.,64.),.PIECEWISE_BEZIER_KNOTS.);
#9014 = CARTESIAN_POINT('',(96.044155877284,0.));
#9015 = CARTESIAN_POINT('',(96.044155877284,64.));
#9016 = ( GEOMETRIC_REPRESENTATION_CONTEXT(2) 
PARAMETRIC_REPRESENTATION_CONTEXT() REPRESENTATION_CONTEXT('2D SPACE',''
  ) );
#9017 = PCURVE('',#8797,#9018);
#9018 = DEFINITIONAL_REPRESENTATION('',(#9019),#9022);
#9019 = B_SPLINE_CURVE_WITH_KNOTS('',1,(#9020,#9021),.UNSPECIFIED.,.F.,
  .F.,(2,2),(0.,64.),.PIECEWISE_BEZIER_KNOTS.);
#9020 = CARTESIAN_POINT('',(93.044155877284,0.));
#9021 = CARTESIAN_POINT('',(93.044155877284,64.));
#9022 = ( GEOMETRIC_REPRESENTATION_CONTEXT(2) 
PARAMETRIC_REPRESENTATION_CONTEXT() REPRESENTATION_CONTEXT('2D SPACE',''
  ) );
#9023 = ORIENTED_EDGE('',*,*,#9024,.F.);
#9024 = EDGE_CURVE('',#8954,#9004,#9025,.T.);
#9025 = SURFACE_CURVE('',#9026,(#9030,#9036),.PCURVE_S1.);
#9026 = LINE('',#9027,#9028);
#9027 = CARTESIAN_POINT('',(-43.6643041517,1.345324788893,
    30.042983808147));
#9028 = VECTOR('',#9029,1.);
#9029 = DIRECTION('',(-0.654653670708,0.377964473009,0.654653670708));
#9030 = PCURVE('',#8823,#9031);
#9031 = DEFINITIONAL_REPRESENTATION('',(#9032),#9035);
#9032 = B_SPLINE_CURVE_WITH_KNOTS('',1,(#9033,#9034),.UNSPECIFIED.,.F.,
  .F.,(2,2),(-45.12765318522,-39.20287214452),.PIECEWISE_BEZIER_KNOTS.);
#9033 = CARTESIAN_POINT('',(101.52943725152,16.288675134595));
#9034 = CARTESIAN_POINT('',(96.044155877284,18.528031878341));
#9035 = ( GEOMETRIC_REPRESENTATION_CONTEXT(2) 
PARAMETRIC_REPRESENTATION_CONTEXT() REPRESENTATION_CONTEXT('2D SPACE',''
  ) );
#9036 = PCURVE('',#8968,#9037);
#9037 = DEFINITIONAL_REPRESENTATION('',(#9038),#9041);
#9038 = B_SPLINE_CURVE_WITH_KNOTS('',1,(#9039,#9040),.UNSPECIFIED.,.F.,
  .F.,(2,2),(-45.12765318522,-39.20287214452),.PIECEWISE_BEZIER_KNOTS.);
#9039 = CARTESIAN_POINT('',(15.42264973081,-14.12132034356));
#9040 = CARTESIAN_POINT('',(10.943936243318,-18.));
#9041 = ( GEOMETRIC_REPRESENTATION_CONTEXT(2) 
PARAMETRIC_REPRESENTATION_CONTEXT() REPRESENTATION_CONTEXT('2D SPACE',''
  ) );
#9042 = ORIENTED_EDGE('',*,*,#8979,.T.);
#9043 = ADVANCED_FACE('',(#9044),#8797,.T.);
#9044 = FACE_BOUND('',#9045,.T.);
#9045 = EDGE_LOOP('',(#9046,#9047,#9068,#9087));
#9046 = ORIENTED_EDGE('',*,*,#8782,.F.);
#9047 = ORIENTED_EDGE('',*,*,#9048,.F.);
#9048 = EDGE_CURVE('',#9049,#8757,#9051,.T.);
#9049 = VERTEX_POINT('',#9050);
#9050 = CARTESIAN_POINT('',(-21.87867965644,-15.7113248654,0.5));
#9051 = SURFACE_CURVE('',#9052,(#9056,#9062),.PCURVE_S1.);
#9052 = LINE('',#9053,#9054);
#9053 = CARTESIAN_POINT('',(-21.87867965644,-32.,0.5));
#9054 = VECTOR('',#9055,1.);
#9055 = DIRECTION('',(0.,1.,-0.));
#9056 = PCURVE('',#8797,#9057);
#9057 = DEFINITIONAL_REPRESENTATION('',(#9058),#9061);
#9058 = B_SPLINE_CURVE_WITH_KNOTS('',1,(#9059,#9060),.UNSPECIFIED.,.F.,
  .F.,(2,2),(0.,64.),.PIECEWISE_BEZIER_KNOTS.);
#9059 = CARTESIAN_POINT('',(87.558874503046,0.));
#9060 = CARTESIAN_POINT('',(87.558874503046,64.));
#9061 = ( GEOMETRIC_REPRESENTATION_CONTEXT(2) 
PARAMETRIC_REPRESENTATION_CONTEXT() REPRESENTATION_CONTEXT('2D SPACE',''
  ) );
#9062 = PCURVE('',#8771,#9063);
#9063 = DEFINITIONAL_REPRESENTATION('',(#9064),#9067);
#9064 = B_SPLINE_CURVE_WITH_KNOTS('',1,(#9065,#9066),.UNSPECIFIED.,.F.,
  .F.,(2,2),(0.,64.),.PIECEWISE_BEZIER_KNOTS.);
#9065 = CARTESIAN_POINT('',(87.558874503046,0.));
#9066 = CARTESIAN_POINT('',(87.558874503046,64.));
#9067 = ( GEOMETRIC_REPRESENTATION_CONTEXT(2) 
PARAMETRIC_REPRESENTATION_CONTEXT() REPRESENTATION_CONTEXT('2D SPACE',''
  ) );
#9068 = ORIENTED_EDGE('',*,*,#9069,.F.);
#9069 = EDGE_CURVE('',#9004,#9049,#9070,.T.);
#9070 = SURFACE_CURVE('',#9071,(#9075,#9081),.PCURVE_S1.);
#9071 = LINE('',#9072,#9073);
#9072 = CARTESIAN_POINT('',(-41.92382191319,-27.28439314328,
    -19.54514225675));
#9073 = VECTOR('',#9074,1.);
#9074 = DIRECTION('',(-0.654653670708,-0.377964473009,-0.654653670708));
#9075 = PCURVE('',#8797,#9076);
#9076 = DEFINITIONAL_REPRESENTATION('',(#9077),#9080);
#9077 = B_SPLINE_CURVE_WITH_KNOTS('',1,(#9078,#9079),.UNSPECIFIED.,.F.,
  .F.,(2,2),(-36.54424160995,-30.61946056924),.PIECEWISE_BEZIER_KNOTS.);
#9078 = CARTESIAN_POINT('',(93.044155877284,18.528031878341));
#9079 = CARTESIAN_POINT('',(87.558874503046,16.288675134595));
#9080 = ( GEOMETRIC_REPRESENTATION_CONTEXT(2) 
PARAMETRIC_REPRESENTATION_CONTEXT() REPRESENTATION_CONTEXT('2D SPACE',''
  ) );
#9081 = PCURVE('',#8968,#9082);
#9082 = DEFINITIONAL_REPRESENTATION('',(#9083),#9086);
#9083 = B_SPLINE_CURVE_WITH_KNOTS('',1,(#9084,#9085),.UNSPECIFIED.,.F.,
  .F.,(2,2),(-36.54424160995,-30.61946056924),.PIECEWISE_BEZIER_KNOTS.);
#9084 = CARTESIAN_POINT('',(10.943936243318,-18.));
#9085 = CARTESIAN_POINT('',(15.42264973081,-21.87867965644));
#9086 = ( GEOMETRIC_REPRESENTATION_CONTEXT(2) 
PARAMETRIC_REPRESENTATION_CONTEXT() REPRESENTATION_CONTEXT('2D SPACE',''
  ) );
#9087 = ORIENTED_EDGE('',*,*,#9003,.T.);
#9088 = ADVANCED_FACE('',(#9089),#8771,.F.);
#9089 = FACE_BOUND('',#9090,.F.);
#9090 = EDGE_LOOP('',(#9091,#9092,#9093,#9114,#9133,#9134));
#9091 = ORIENTED_EDGE('',*,*,#8756,.F.);
#9092 = ORIENTED_EDGE('',*,*,#9048,.F.);
#9093 = ORIENTED_EDGE('',*,*,#9094,.F.);
#9094 = EDGE_CURVE('',#9095,#9049,#9097,.T.);
#9095 = VERTEX_POINT('',#9096);
#9096 = CARTESIAN_POINT('',(-21.37867965644,-16.,1.959434878636E-15));
#9097 = SURFACE_CURVE('',#9098,(#9102,#9108),.PCURVE_S1.);
#9098 = LINE('',#9099,#9100);
#9099 = CARTESIAN_POINT('',(-45.52565233049,-2.05873882652,
    24.146972674055));
#9100 = VECTOR('',#9101,1.);
#9101 = DIRECTION('',(-0.654653670708,0.377964473009,0.654653670708));
#9102 = PCURVE('',#8771,#9103);
#9103 = DEFINITIONAL_REPRESENTATION('',(#9104),#9107);
#9104 = B_SPLINE_CURVE_WITH_KNOTS('',1,(#9105,#9106),.UNSPECIFIED.,.F.,
  .F.,(2,2),(-36.88511002763,-36.1213474118),.PIECEWISE_BEZIER_KNOTS.);
#9105 = CARTESIAN_POINT('',(88.265981284232,16.));
#9106 = CARTESIAN_POINT('',(87.558874503046,16.288675134595));
#9107 = ( GEOMETRIC_REPRESENTATION_CONTEXT(2) 
PARAMETRIC_REPRESENTATION_CONTEXT() REPRESENTATION_CONTEXT('2D SPACE',''
  ) );
#9108 = PCURVE('',#8968,#9109);
#9109 = DEFINITIONAL_REPRESENTATION('',(#9110),#9113);
#9110 = B_SPLINE_CURVE_WITH_KNOTS('',1,(#9111,#9112),.UNSPECIFIED.,.F.,
  .F.,(2,2),(-36.88511002763,-36.1213474118),.PIECEWISE_BEZIER_KNOTS.);
#9111 = CARTESIAN_POINT('',(16.,-21.37867965644));
#9112 = CARTESIAN_POINT('',(15.42264973081,-21.87867965644));
#9113 = ( GEOMETRIC_REPRESENTATION_CONTEXT(2) 
PARAMETRIC_REPRESENTATION_CONTEXT() REPRESENTATION_CONTEXT('2D SPACE',''
  ) );
#9114 = ORIENTED_EDGE('',*,*,#9115,.F.);
#9115 = EDGE_CURVE('',#8907,#9095,#9116,.T.);
#9116 = SURFACE_CURVE('',#9117,(#9121,#9127),.PCURVE_S1.);
#9117 = LINE('',#9118,#9119);
#9118 = CARTESIAN_POINT('',(-45.52565233049,-29.94126117348,
    24.146972674055));
#9119 = VECTOR('',#9120,1.);
#9120 = DIRECTION('',(-0.654653670708,-0.377964473009,0.654653670708));
#9121 = PCURVE('',#8771,#9122);
#9122 = DEFINITIONAL_REPRESENTATION('',(#9123),#9126);
#9123 = B_SPLINE_CURVE_WITH_KNOTS('',1,(#9124,#9125),.UNSPECIFIED.,.F.,
  .F.,(2,2),(-42.04612845251,-36.88511002763),.PIECEWISE_BEZIER_KNOTS.);
#9124 = CARTESIAN_POINT('',(93.044155877284,17.950681609151));
#9125 = CARTESIAN_POINT('',(88.265981284232,16.));
#9126 = ( GEOMETRIC_REPRESENTATION_CONTEXT(2) 
PARAMETRIC_REPRESENTATION_CONTEXT() REPRESENTATION_CONTEXT('2D SPACE',''
  ) );
#9127 = PCURVE('',#8942,#9128);
#9128 = DEFINITIONAL_REPRESENTATION('',(#9129),#9132);
#9129 = B_SPLINE_CURVE_WITH_KNOTS('',1,(#9130,#9131),.UNSPECIFIED.,.F.,
  .F.,(2,2),(-42.04612845251,-36.88511002763),.PIECEWISE_BEZIER_KNOTS.);
#9130 = CARTESIAN_POINT('',(3.901363218303,-18.));
#9131 = CARTESIAN_POINT('',(-1.571915957194E-15,-21.37867965644));
#9132 = ( GEOMETRIC_REPRESENTATION_CONTEXT(2) 
PARAMETRIC_REPRESENTATION_CONTEXT() REPRESENTATION_CONTEXT('2D SPACE',''
  ) );
#9133 = ORIENTED_EDGE('',*,*,#8906,.T.);
#9134 = ORIENTED_EDGE('',*,*,#8861,.F.);
#9135 = ADVANCED_FACE('',(#9136),#8968,.T.);
#9136 = FACE_BOUND('',#9137,.T.);
#9137 = EDGE_LOOP('',(#9138,#9139,#9160,#9161,#9162));
#9138 = ORIENTED_EDGE('',*,*,#9094,.F.);
#9139 = ORIENTED_EDGE('',*,*,#9140,.T.);
#9140 = EDGE_CURVE('',#9095,#8928,#9141,.T.);
#9141 = SURFACE_CURVE('',#9142,(#9146,#9153),.PCURVE_S1.);
#9142 = LINE('',#9143,#9144);
#9143 = CARTESIAN_POINT('',(-60.,-16.,1.959434878636E-15));
#9144 = VECTOR('',#9145,1.);
#9145 = DIRECTION('',(1.,0.,0.));
#9146 = PCURVE('',#8968,#9147);
#9147 = DEFINITIONAL_REPRESENTATION('',(#9148),#9152);
#9148 = LINE('',#9149,#9150);
#9149 = CARTESIAN_POINT('',(16.,-60.));
#9150 = VECTOR('',#9151,1.);
#9151 = DIRECTION('',(0.,1.));
#9152 = ( GEOMETRIC_REPRESENTATION_CONTEXT(2) 
PARAMETRIC_REPRESENTATION_CONTEXT() REPRESENTATION_CONTEXT('2D SPACE',''
  ) );
#9153 = PCURVE('',#8942,#9154);
#9154 = DEFINITIONAL_REPRESENTATION('',(#9155),#9159);
#9155 = LINE('',#9156,#9157);
#9156 = CARTESIAN_POINT('',(0.,-60.));
#9157 = VECTOR('',#9158,1.);
#9158 = DIRECTION('',(0.,1.));
#9159 = ( GEOMETRIC_REPRESENTATION_CONTEXT(2) 
PARAMETRIC_REPRESENTATION_CONTEXT() REPRESENTATION_CONTEXT('2D SPACE',''
  ) );
#9160 = ORIENTED_EDGE('',*,*,#8953,.F.);
#9161 = ORIENTED_EDGE('',*,*,#9024,.T.);
#9162 = ORIENTED_EDGE('',*,*,#9069,.T.);
#9163 = ADVANCED_FACE('',(#9164),#8942,.T.);
#9164 = FACE_BOUND('',#9165,.T.);
#9165 = EDGE_LOOP('',(#9166,#9167,#9168));
#9166 = ORIENTED_EDGE('',*,*,#9140,.F.);
#9167 = ORIENTED_EDGE('',*,*,#9115,.F.);
#9168 = ORIENTED_EDGE('',*,*,#8927,.F.);
#9169 = MANIFOLD_SOLID_BREP('',#9170);
#9170 = CLOSED_SHELL('',(#9171,#9311,#9355,#9452,#9497,#9542,#9589,#9617
    ));
#9171 = ADVANCED_FACE('',(#9172),#9186,.T.);
#9172 = FACE_BOUND('',#9173,.T.);
#9173 = EDGE_LOOP('',(#9174,#9209,#9235,#9261,#9287));
#9174 = ORIENTED_EDGE('',*,*,#9175,.T.);
#9175 = EDGE_CURVE('',#9176,#9178,#9180,.T.);
#9176 = VERTEX_POINT('',#9177);
#9177 = CARTESIAN_POINT('',(-2.62132034356,16.,0.));
#9178 = VERTEX_POINT('',#9179);
#9179 = CARTESIAN_POINT('',(-9.37867965644,16.,0.));
#9180 = SURFACE_CURVE('',#9181,(#9185,#9197),.PCURVE_S1.);
#9181 = LINE('',#9182,#9183);
#9182 = CARTESIAN_POINT('',(60.,16.,0.));
#9183 = VECTOR('',#9184,1.);
#9184 = DIRECTION('',(-1.,0.,0.));
#9185 = PCURVE('',#9186,#9191);
#9186 = PLANE('',#9187);
#9187 = AXIS2_PLACEMENT_3D('',#9188,#9189,#9190);
#9188 = CARTESIAN_POINT('',(0.,16.,0.));
#9189 = DIRECTION('',(-0.,0.866025403784,0.5));
#9190 = DIRECTION('',(0.,-0.5,0.866025403784));
#9191 = DEFINITIONAL_REPRESENTATION('',(#9192),#9196);
#9192 = LINE('',#9193,#9194);
#9193 = CARTESIAN_POINT('',(0.,60.));
#9194 = VECTOR('',#9195,1.);
#9195 = DIRECTION('',(0.,-1.));
#9196 = ( GEOMETRIC_REPRESENTATION_CONTEXT(2) 
PARAMETRIC_REPRESENTATION_CONTEXT() REPRESENTATION_CONTEXT('2D SPACE',''
  ) );
#9197 = PCURVE('',#9198,#9203);
#9198 = PLANE('',#9199);
#9199 = AXIS2_PLACEMENT_3D('',#9200,#9201,#9202);
#9200 = CARTESIAN_POINT('',(0.,8.,-13.85640646055));
#9201 = DIRECTION('',(0.,0.866025403784,-0.5));
#9202 = DIRECTION('',(0.,0.5,0.866025403784));
#9203 = DEFINITIONAL_REPRESENTATION('',(#9204),#9208);
#9204 = LINE('',#9205,#9206);
#9205 = CARTESIAN_POINT('',(16.,60.));
#9206 = VECTOR('',#9207,1.);
#9207 = DIRECTION('',(0.,-1.));
#9208 = ( GEOMETRIC_REPRESENTATION_CONTEXT(2) 
PARAMETRIC_REPRESENTATION_CONTEXT() REPRESENTATION_CONTEXT('2D SPACE',''
  ) );
#9209 = ORIENTED_EDGE('',*,*,#9210,.F.);
#9210 = EDGE_CURVE('',#9211,#9178,#9213,.T.);
#9211 = VERTEX_POINT('',#9212);
#9212 = CARTESIAN_POINT('',(-9.87867965644,15.711324865405,0.5));
#9213 = SURFACE_CURVE('',#9214,(#9218,#9224),.PCURVE_S1.);
#9214 = LINE('',#9215,#9216);
#9215 = CARTESIAN_POINT('',(-45.19891131922,-4.680820392943,
    35.820231662784));
#9216 = VECTOR('',#9217,1.);
#9217 = DIRECTION('',(0.654653670708,0.377964473009,-0.654653670708));
#9218 = PCURVE('',#9186,#9219);
#9219 = DEFINITIONAL_REPRESENTATION('',(#9220),#9223);
#9220 = B_SPLINE_CURVE_WITH_KNOTS('',1,(#9221,#9222),.UNSPECIFIED.,.F.,
  .F.,(2,2),(53.952545052695,54.716307668521),.PIECEWISE_BEZIER_KNOTS.);
#9221 = CARTESIAN_POINT('',(0.57735026919,-9.87867965644));
#9222 = CARTESIAN_POINT('',(-5.322861681749E-16,-9.37867965644));
#9223 = ( GEOMETRIC_REPRESENTATION_CONTEXT(2) 
PARAMETRIC_REPRESENTATION_CONTEXT() REPRESENTATION_CONTEXT('2D SPACE',''
  ) );
#9224 = PCURVE('',#9225,#9230);
#9225 = PLANE('',#9226);
#9226 = AXIS2_PLACEMENT_3D('',#9227,#9228,#9229);
#9227 = CARTESIAN_POINT('',(-83.7921535706,-32.,74.413473914166));
#9228 = DIRECTION('',(0.707106781187,0.,0.707106781187));
#9229 = DIRECTION('',(0.707106781187,0.,-0.707106781187));
#9230 = DEFINITIONAL_REPRESENTATION('',(#9231),#9234);
#9231 = B_SPLINE_CURVE_WITH_KNOTS('',1,(#9232,#9233),.UNSPECIFIED.,.F.,
  .F.,(2,2),(53.952545052695,54.716307668521),.PIECEWISE_BEZIER_KNOTS.);
#9232 = CARTESIAN_POINT('',(104.52943725152,47.711324865405));
#9233 = CARTESIAN_POINT('',(105.2365440327,48.));
#9234 = ( GEOMETRIC_REPRESENTATION_CONTEXT(2) 
PARAMETRIC_REPRESENTATION_CONTEXT() REPRESENTATION_CONTEXT('2D SPACE',''
  ) );
#9235 = ORIENTED_EDGE('',*,*,#9236,.T.);
#9236 = EDGE_CURVE('',#9211,#9237,#9239,.T.);
#9237 = VERTEX_POINT('',#9238);
#9238 = CARTESIAN_POINT('',(-6.,13.471968121659,4.37867965644));
#9239 = SURFACE_CURVE('',#9240,(#9244,#9250),.PCURVE_S1.);
#9240 = LINE('',#9241,#9242);
#9241 = CARTESIAN_POINT('',(-33.67913435303,29.452523791321,
    -23.30045469659));
#9242 = VECTOR('',#9243,1.);
#9243 = DIRECTION('',(0.654653670708,-0.377964473009,0.654653670708));
#9244 = PCURVE('',#9186,#9245);
#9245 = DEFINITIONAL_REPRESENTATION('',(#9246),#9249);
#9246 = B_SPLINE_CURVE_WITH_KNOTS('',1,(#9247,#9248),.UNSPECIFIED.,.F.,
  .F.,(2,2),(36.355795073842,42.28057611455),.PIECEWISE_BEZIER_KNOTS.);
#9247 = CARTESIAN_POINT('',(0.57735026919,-9.87867965644));
#9248 = CARTESIAN_POINT('',(5.056063756682,-6.));
#9249 = ( GEOMETRIC_REPRESENTATION_CONTEXT(2) 
PARAMETRIC_REPRESENTATION_CONTEXT() REPRESENTATION_CONTEXT('2D SPACE',''
  ) );
#9250 = PCURVE('',#9251,#9256);
#9251 = PLANE('',#9252);
#9252 = AXIS2_PLACEMENT_3D('',#9253,#9254,#9255);
#9253 = CARTESIAN_POINT('',(-83.7921535706,-32.,-73.41347391416));
#9254 = DIRECTION('',(-0.707106781187,0.,0.707106781187));
#9255 = DIRECTION('',(0.707106781187,0.,0.707106781187));
#9256 = DEFINITIONAL_REPRESENTATION('',(#9257),#9260);
#9257 = B_SPLINE_CURVE_WITH_KNOTS('',1,(#9258,#9259),.UNSPECIFIED.,.F.,
  .F.,(2,2),(36.355795073842,42.28057611455),.PIECEWISE_BEZIER_KNOTS.);
#9258 = CARTESIAN_POINT('',(104.52943725152,47.711324865405));
#9259 = CARTESIAN_POINT('',(110.01471862576,45.471968121659));
#9260 = ( GEOMETRIC_REPRESENTATION_CONTEXT(2) 
PARAMETRIC_REPRESENTATION_CONTEXT() REPRESENTATION_CONTEXT('2D SPACE',''
  ) );
#9261 = ORIENTED_EDGE('',*,*,#9262,.T.);
#9262 = EDGE_CURVE('',#9237,#9263,#9265,.T.);
#9263 = VERTEX_POINT('',#9264);
#9264 = CARTESIAN_POINT('',(-2.12132034356,15.711324865405,0.5));
#9265 = SURFACE_CURVE('',#9266,(#9270,#9276),.PCURVE_S1.);
#9266 = LINE('',#9267,#9268);
#9267 = CARTESIAN_POINT('',(-43.33756314043,-8.084884008356,
    41.716242796876));
#9268 = VECTOR('',#9269,1.);
#9269 = DIRECTION('',(0.654653670708,0.377964473009,-0.654653670708));
#9270 = PCURVE('',#9186,#9271);
#9271 = DEFINITIONAL_REPRESENTATION('',(#9272),#9275);
#9272 = B_SPLINE_CURVE_WITH_KNOTS('',1,(#9273,#9274),.UNSPECIFIED.,.F.,
  .F.,(2,2),(57.034069785413,62.958850826121),.PIECEWISE_BEZIER_KNOTS.);
#9273 = CARTESIAN_POINT('',(5.056063756682,-6.));
#9274 = CARTESIAN_POINT('',(0.57735026919,-2.12132034356));
#9275 = ( GEOMETRIC_REPRESENTATION_CONTEXT(2) 
PARAMETRIC_REPRESENTATION_CONTEXT() REPRESENTATION_CONTEXT('2D SPACE',''
  ) );
#9276 = PCURVE('',#9277,#9282);
#9277 = PLANE('',#9278);
#9278 = AXIS2_PLACEMENT_3D('',#9279,#9280,#9281);
#9279 = CARTESIAN_POINT('',(-85.91347391416,-32.,84.292153570606));
#9280 = DIRECTION('',(0.707106781187,0.,0.707106781187));
#9281 = DIRECTION('',(0.707106781187,0.,-0.707106781187));
#9282 = DEFINITIONAL_REPRESENTATION('',(#9283),#9286);
#9283 = B_SPLINE_CURVE_WITH_KNOTS('',1,(#9284,#9285),.UNSPECIFIED.,.F.,
  .F.,(2,2),(57.034069785413,62.958850826121),.PIECEWISE_BEZIER_KNOTS.);
#9284 = CARTESIAN_POINT('',(113.01471862576,45.471968121659));
#9285 = CARTESIAN_POINT('',(118.5,47.711324865405));
#9286 = ( GEOMETRIC_REPRESENTATION_CONTEXT(2) 
PARAMETRIC_REPRESENTATION_CONTEXT() REPRESENTATION_CONTEXT('2D SPACE',''
  ) );
#9287 = ORIENTED_EDGE('',*,*,#9288,.F.);
#9288 = EDGE_CURVE('',#9176,#9263,#9289,.T.);
#9289 = SURFACE_CURVE('',#9290,(#9294,#9300),.PCURVE_S1.);
#9290 = LINE('',#9291,#9292);
#9291 = CARTESIAN_POINT('',(-31.81778617424,32.856587406734,
    -29.19646583068));
#9292 = VECTOR('',#9293,1.);
#9293 = DIRECTION('',(0.654653670708,-0.377964473009,0.654653670708));
#9294 = PCURVE('',#9186,#9295);
#9295 = DEFINITIONAL_REPRESENTATION('',(#9296),#9299);
#9296 = B_SPLINE_CURVE_WITH_KNOTS('',1,(#9297,#9298),.UNSPECIFIED.,.F.,
  .F.,(2,2),(44.598338231442,45.362100847268),.PIECEWISE_BEZIER_KNOTS.);
#9297 = CARTESIAN_POINT('',(4.810454821835E-15,-2.62132034356));
#9298 = CARTESIAN_POINT('',(0.57735026919,-2.12132034356));
#9299 = ( GEOMETRIC_REPRESENTATION_CONTEXT(2) 
PARAMETRIC_REPRESENTATION_CONTEXT() REPRESENTATION_CONTEXT('2D SPACE',''
  ) );
#9300 = PCURVE('',#9301,#9306);
#9301 = PLANE('',#9302);
#9302 = AXIS2_PLACEMENT_3D('',#9303,#9304,#9305);
#9303 = CARTESIAN_POINT('',(-85.91347391416,-32.,-83.2921535706));
#9304 = DIRECTION('',(-0.707106781187,0.,0.707106781187));
#9305 = DIRECTION('',(0.707106781187,0.,0.707106781187));
#9306 = DEFINITIONAL_REPRESENTATION('',(#9307),#9310);
#9307 = B_SPLINE_CURVE_WITH_KNOTS('',1,(#9308,#9309),.UNSPECIFIED.,.F.,
  .F.,(2,2),(44.598338231442,45.362100847268),.PIECEWISE_BEZIER_KNOTS.);
#9308 = CARTESIAN_POINT('',(117.79289321881,48.));
#9309 = CARTESIAN_POINT('',(118.5,47.711324865405));
#9310 = ( GEOMETRIC_REPRESENTATION_CONTEXT(2) 
PARAMETRIC_REPRESENTATION_CONTEXT() REPRESENTATION_CONTEXT('2D SPACE',''
  ) );
#9311 = ADVANCED_FACE('',(#9312),#9198,.T.);
#9312 = FACE_BOUND('',#9313,.T.);
#9313 = EDGE_LOOP('',(#9314,#9335,#9336));
#9314 = ORIENTED_EDGE('',*,*,#9315,.F.);
#9315 = EDGE_CURVE('',#9178,#9316,#9318,.T.);
#9316 = VERTEX_POINT('',#9317);
#9317 = CARTESIAN_POINT('',(-6.,14.049318390849,-3.37867965644));
#9318 = SURFACE_CURVE('',#9319,(#9323,#9329),.PCURVE_S1.);
#9319 = LINE('',#9320,#9321);
#9320 = CARTESIAN_POINT('',(-29.36301822145,27.537963250086,
    19.984338565012));
#9321 = VECTOR('',#9322,1.);
#9322 = DIRECTION('',(0.654653670708,-0.377964473009,-0.654653670708));
#9323 = PCURVE('',#9198,#9324);
#9324 = DEFINITIONAL_REPRESENTATION('',(#9325),#9328);
#9325 = B_SPLINE_CURVE_WITH_KNOTS('',1,(#9326,#9327),.UNSPECIFIED.,.F.,
  .F.,(2,2),(30.52658139593,35.687599820812),.PIECEWISE_BEZIER_KNOTS.);
#9326 = CARTESIAN_POINT('',(16.,-9.37867965644));
#9327 = CARTESIAN_POINT('',(12.098636781697,-6.));
#9328 = ( GEOMETRIC_REPRESENTATION_CONTEXT(2) 
PARAMETRIC_REPRESENTATION_CONTEXT() REPRESENTATION_CONTEXT('2D SPACE',''
  ) );
#9329 = PCURVE('',#9225,#9330);
#9330 = DEFINITIONAL_REPRESENTATION('',(#9331),#9334);
#9331 = B_SPLINE_CURVE_WITH_KNOTS('',1,(#9332,#9333),.UNSPECIFIED.,.F.,
  .F.,(2,2),(30.52658139593,35.687599820812),.PIECEWISE_BEZIER_KNOTS.);
#9332 = CARTESIAN_POINT('',(105.2365440327,48.));
#9333 = CARTESIAN_POINT('',(110.01471862576,46.049318390849));
#9334 = ( GEOMETRIC_REPRESENTATION_CONTEXT(2) 
PARAMETRIC_REPRESENTATION_CONTEXT() REPRESENTATION_CONTEXT('2D SPACE',''
  ) );
#9335 = ORIENTED_EDGE('',*,*,#9175,.F.);
#9336 = ORIENTED_EDGE('',*,*,#9337,.F.);
#9337 = EDGE_CURVE('',#9316,#9176,#9338,.T.);
#9338 = SURFACE_CURVE('',#9339,(#9343,#9349),.PCURVE_S1.);
#9339 = LINE('',#9340,#9341);
#9340 = CARTESIAN_POINT('',(-47.65367927202,-9.999444549591,
    -45.03235892846));
#9341 = VECTOR('',#9342,1.);
#9342 = DIRECTION('',(0.654653670708,0.377964473009,0.654653670708));
#9343 = PCURVE('',#9198,#9344);
#9344 = DEFINITIONAL_REPRESENTATION('',(#9345),#9348);
#9345 = B_SPLINE_CURVE_WITH_KNOTS('',1,(#9346,#9347),.UNSPECIFIED.,.F.,
  .F.,(2,2),(63.627046079151,68.788064504032),.PIECEWISE_BEZIER_KNOTS.);
#9346 = CARTESIAN_POINT('',(12.098636781697,-6.));
#9347 = CARTESIAN_POINT('',(16.,-2.62132034356));
#9348 = ( GEOMETRIC_REPRESENTATION_CONTEXT(2) 
PARAMETRIC_REPRESENTATION_CONTEXT() REPRESENTATION_CONTEXT('2D SPACE',''
  ) );
#9349 = PCURVE('',#9301,#9350);
#9350 = DEFINITIONAL_REPRESENTATION('',(#9351),#9354);
#9351 = B_SPLINE_CURVE_WITH_KNOTS('',1,(#9352,#9353),.UNSPECIFIED.,.F.,
  .F.,(2,2),(63.627046079151,68.788064504032),.PIECEWISE_BEZIER_KNOTS.);
#9352 = CARTESIAN_POINT('',(113.01471862576,46.049318390849));
#9353 = CARTESIAN_POINT('',(117.79289321881,48.));
#9354 = ( GEOMETRIC_REPRESENTATION_CONTEXT(2) 
PARAMETRIC_REPRESENTATION_CONTEXT() REPRESENTATION_CONTEXT('2D SPACE',''
  ) );
#9355 = ADVANCED_FACE('',(#9356),#9301,.F.);
#9356 = FACE_BOUND('',#9357,.F.);
#9357 = EDGE_LOOP('',(#9358,#9359,#9380,#9406,#9432,#9451));
#9358 = ORIENTED_EDGE('',*,*,#9337,.F.);
#9359 = ORIENTED_EDGE('',*,*,#9360,.F.);
#9360 = EDGE_CURVE('',#9361,#9316,#9363,.T.);
#9361 = VERTEX_POINT('',#9362);
#9362 = CARTESIAN_POINT('',(-6.,-14.04931839084,-3.37867965644));
#9363 = SURFACE_CURVE('',#9364,(#9368,#9374),.PCURVE_S1.);
#9364 = LINE('',#9365,#9366);
#9365 = CARTESIAN_POINT('',(-6.,-32.,-3.37867965644));
#9366 = VECTOR('',#9367,1.);
#9367 = DIRECTION('',(0.,1.,-0.));
#9368 = PCURVE('',#9301,#9369);
#9369 = DEFINITIONAL_REPRESENTATION('',(#9370),#9373);
#9370 = B_SPLINE_CURVE_WITH_KNOTS('',1,(#9371,#9372),.UNSPECIFIED.,.F.,
  .F.,(2,2),(0.,64.),.PIECEWISE_BEZIER_KNOTS.);
#9371 = CARTESIAN_POINT('',(113.01471862576,0.));
#9372 = CARTESIAN_POINT('',(113.01471862576,64.));
#9373 = ( GEOMETRIC_REPRESENTATION_CONTEXT(2) 
PARAMETRIC_REPRESENTATION_CONTEXT() REPRESENTATION_CONTEXT('2D SPACE',''
  ) );
#9374 = PCURVE('',#9225,#9375);
#9375 = DEFINITIONAL_REPRESENTATION('',(#9376),#9379);
#9376 = B_SPLINE_CURVE_WITH_KNOTS('',1,(#9377,#9378),.UNSPECIFIED.,.F.,
  .F.,(2,2),(0.,64.),.PIECEWISE_BEZIER_KNOTS.);
#9377 = CARTESIAN_POINT('',(110.01471862576,0.));
#9378 = CARTESIAN_POINT('',(110.01471862576,64.));
#9379 = ( GEOMETRIC_REPRESENTATION_CONTEXT(2) 
PARAMETRIC_REPRESENTATION_CONTEXT() REPRESENTATION_CONTEXT('2D SPACE',''
  ) );
#9380 = ORIENTED_EDGE('',*,*,#9381,.F.);
#9381 = EDGE_CURVE('',#9382,#9361,#9384,.T.);
#9382 = VERTEX_POINT('',#9383);
#9383 = CARTESIAN_POINT('',(-2.62132034356,-16.,1.959434878636E-15));
#9384 = SURFACE_CURVE('',#9385,(#9389,#9395),.PCURVE_S1.);
#9385 = LINE('',#9386,#9387);
#9386 = CARTESIAN_POINT('',(-35.77675944869,3.142301692448,
    -33.15543910513));
#9387 = VECTOR('',#9388,1.);
#9388 = DIRECTION('',(-0.654653670708,0.377964473009,-0.654653670708));
#9389 = PCURVE('',#9301,#9390);
#9390 = DEFINITIONAL_REPRESENTATION('',(#9391),#9394);
#9391 = B_SPLINE_CURVE_WITH_KNOTS('',1,(#9392,#9393),.UNSPECIFIED.,.F.,
  .F.,(2,2),(-50.64576979958,-45.4847513747),.PIECEWISE_BEZIER_KNOTS.);
#9392 = CARTESIAN_POINT('',(117.79289321881,16.));
#9393 = CARTESIAN_POINT('',(113.01471862576,17.950681609151));
#9394 = ( GEOMETRIC_REPRESENTATION_CONTEXT(2) 
PARAMETRIC_REPRESENTATION_CONTEXT() REPRESENTATION_CONTEXT('2D SPACE',''
  ) );
#9395 = PCURVE('',#9396,#9401);
#9396 = PLANE('',#9397);
#9397 = AXIS2_PLACEMENT_3D('',#9398,#9399,#9400);
#9398 = CARTESIAN_POINT('',(0.,-16.,1.959434878636E-15));
#9399 = DIRECTION('',(0.,-0.866025403784,-0.5));
#9400 = DIRECTION('',(0.,0.5,-0.866025403784));
#9401 = DEFINITIONAL_REPRESENTATION('',(#9402),#9405);
#9402 = B_SPLINE_CURVE_WITH_KNOTS('',1,(#9403,#9404),.UNSPECIFIED.,.F.,
  .F.,(2,2),(-50.64576979958,-45.4847513747),.PIECEWISE_BEZIER_KNOTS.);
#9403 = CARTESIAN_POINT('',(-1.032650756688E-15,-2.62132034356));
#9404 = CARTESIAN_POINT('',(3.901363218303,-6.));
#9405 = ( GEOMETRIC_REPRESENTATION_CONTEXT(2) 
PARAMETRIC_REPRESENTATION_CONTEXT() REPRESENTATION_CONTEXT('2D SPACE',''
  ) );
#9406 = ORIENTED_EDGE('',*,*,#9407,.F.);
#9407 = EDGE_CURVE('',#9408,#9382,#9410,.T.);
#9408 = VERTEX_POINT('',#9409);
#9409 = CARTESIAN_POINT('',(-2.12132034356,-15.7113248654,0.5));
#9410 = SURFACE_CURVE('',#9411,(#9415,#9421),.PCURVE_S1.);
#9411 = LINE('',#9412,#9413);
#9412 = CARTESIAN_POINT('',(-35.77675944869,-35.14230169244,
    -33.15543910513));
#9413 = VECTOR('',#9414,1.);
#9414 = DIRECTION('',(-0.654653670708,-0.377964473009,-0.654653670708));
#9415 = PCURVE('',#9301,#9416);
#9416 = DEFINITIONAL_REPRESENTATION('',(#9417),#9420);
#9417 = B_SPLINE_CURVE_WITH_KNOTS('',1,(#9418,#9419),.UNSPECIFIED.,.F.,
  .F.,(2,2),(-51.40953241541,-50.64576979958),.PIECEWISE_BEZIER_KNOTS.);
#9418 = CARTESIAN_POINT('',(118.5,16.288675134595));
#9419 = CARTESIAN_POINT('',(117.79289321881,16.));
#9420 = ( GEOMETRIC_REPRESENTATION_CONTEXT(2) 
PARAMETRIC_REPRESENTATION_CONTEXT() REPRESENTATION_CONTEXT('2D SPACE',''
  ) );
#9421 = PCURVE('',#9422,#9427);
#9422 = PLANE('',#9423);
#9423 = AXIS2_PLACEMENT_3D('',#9424,#9425,#9426);
#9424 = CARTESIAN_POINT('',(0.,-8.,13.856406460551));
#9425 = DIRECTION('',(0.,-0.866025403784,0.5));
#9426 = DIRECTION('',(0.,-0.5,-0.866025403784));
#9427 = DEFINITIONAL_REPRESENTATION('',(#9428),#9431);
#9428 = B_SPLINE_CURVE_WITH_KNOTS('',1,(#9429,#9430),.UNSPECIFIED.,.F.,
  .F.,(2,2),(-51.40953241541,-50.64576979958),.PIECEWISE_BEZIER_KNOTS.);
#9429 = CARTESIAN_POINT('',(15.42264973081,-2.12132034356));
#9430 = CARTESIAN_POINT('',(16.,-2.62132034356));
#9431 = ( GEOMETRIC_REPRESENTATION_CONTEXT(2) 
PARAMETRIC_REPRESENTATION_CONTEXT() REPRESENTATION_CONTEXT('2D SPACE',''
  ) );
#9432 = ORIENTED_EDGE('',*,*,#9433,.T.);
#9433 = EDGE_CURVE('',#9408,#9263,#9434,.T.);
#9434 = SURFACE_CURVE('',#9435,(#9439,#9445),.PCURVE_S1.);
#9435 = LINE('',#9436,#9437);
#9436 = CARTESIAN_POINT('',(-2.12132034356,-32.,0.5));
#9437 = VECTOR('',#9438,1.);
#9438 = DIRECTION('',(0.,1.,-0.));
#9439 = PCURVE('',#9301,#9440);
#9440 = DEFINITIONAL_REPRESENTATION('',(#9441),#9444);
#9441 = B_SPLINE_CURVE_WITH_KNOTS('',1,(#9442,#9443),.UNSPECIFIED.,.F.,
  .F.,(2,2),(0.,64.),.PIECEWISE_BEZIER_KNOTS.);
#9442 = CARTESIAN_POINT('',(118.5,0.));
#9443 = CARTESIAN_POINT('',(118.5,64.));
#9444 = ( GEOMETRIC_REPRESENTATION_CONTEXT(2) 
PARAMETRIC_REPRESENTATION_CONTEXT() REPRESENTATION_CONTEXT('2D SPACE',''
  ) );
#9445 = PCURVE('',#9277,#9446);
#9446 = DEFINITIONAL_REPRESENTATION('',(#9447),#9450);
#9447 = B_SPLINE_CURVE_WITH_KNOTS('',1,(#9448,#9449),.UNSPECIFIED.,.F.,
  .F.,(2,2),(0.,64.),.PIECEWISE_BEZIER_KNOTS.);
#9448 = CARTESIAN_POINT('',(118.5,0.));
#9449 = CARTESIAN_POINT('',(118.5,64.));
#9450 = ( GEOMETRIC_REPRESENTATION_CONTEXT(2) 
PARAMETRIC_REPRESENTATION_CONTEXT() REPRESENTATION_CONTEXT('2D SPACE',''
  ) );
#9451 = ORIENTED_EDGE('',*,*,#9288,.F.);
#9452 = ADVANCED_FACE('',(#9453),#9277,.T.);
#9453 = FACE_BOUND('',#9454,.T.);
#9454 = EDGE_LOOP('',(#9455,#9456,#9477,#9496));
#9455 = ORIENTED_EDGE('',*,*,#9262,.F.);
#9456 = ORIENTED_EDGE('',*,*,#9457,.F.);
#9457 = EDGE_CURVE('',#9458,#9237,#9460,.T.);
#9458 = VERTEX_POINT('',#9459);
#9459 = CARTESIAN_POINT('',(-6.,-13.47196812165,4.37867965644));
#9460 = SURFACE_CURVE('',#9461,(#9465,#9471),.PCURVE_S1.);
#9461 = LINE('',#9462,#9463);
#9462 = CARTESIAN_POINT('',(-6.,-32.,4.37867965644));
#9463 = VECTOR('',#9464,1.);
#9464 = DIRECTION('',(0.,1.,-0.));
#9465 = PCURVE('',#9277,#9466);
#9466 = DEFINITIONAL_REPRESENTATION('',(#9467),#9470);
#9467 = B_SPLINE_CURVE_WITH_KNOTS('',1,(#9468,#9469),.UNSPECIFIED.,.F.,
  .F.,(2,2),(0.,64.),.PIECEWISE_BEZIER_KNOTS.);
#9468 = CARTESIAN_POINT('',(113.01471862576,0.));
#9469 = CARTESIAN_POINT('',(113.01471862576,64.));
#9470 = ( GEOMETRIC_REPRESENTATION_CONTEXT(2) 
PARAMETRIC_REPRESENTATION_CONTEXT() REPRESENTATION_CONTEXT('2D SPACE',''
  ) );
#9471 = PCURVE('',#9251,#9472);
#9472 = DEFINITIONAL_REPRESENTATION('',(#9473),#9476);
#9473 = B_SPLINE_CURVE_WITH_KNOTS('',1,(#9474,#9475),.UNSPECIFIED.,.F.,
  .F.,(2,2),(0.,64.),.PIECEWISE_BEZIER_KNOTS.);
#9474 = CARTESIAN_POINT('',(110.01471862576,0.));
#9475 = CARTESIAN_POINT('',(110.01471862576,64.));
#9476 = ( GEOMETRIC_REPRESENTATION_CONTEXT(2) 
PARAMETRIC_REPRESENTATION_CONTEXT() REPRESENTATION_CONTEXT('2D SPACE',''
  ) );
#9477 = ORIENTED_EDGE('',*,*,#9478,.F.);
#9478 = EDGE_CURVE('',#9408,#9458,#9479,.T.);
#9479 = SURFACE_CURVE('',#9480,(#9484,#9490),.PCURVE_S1.);
#9480 = LINE('',#9481,#9482);
#9481 = CARTESIAN_POINT('',(-39.37858986599,5.799169722642,
    37.757269522433));
#9482 = VECTOR('',#9483,1.);
#9483 = DIRECTION('',(-0.654653670708,0.377964473009,0.654653670708));
#9484 = PCURVE('',#9277,#9485);
#9485 = DEFINITIONAL_REPRESENTATION('',(#9486),#9489);
#9486 = B_SPLINE_CURVE_WITH_KNOTS('',1,(#9487,#9488),.UNSPECIFIED.,.F.,
  .F.,(2,2),(-56.91141925797,-50.98663821726),.PIECEWISE_BEZIER_KNOTS.);
#9487 = CARTESIAN_POINT('',(118.5,16.288675134595));
#9488 = CARTESIAN_POINT('',(113.01471862576,18.528031878341));
#9489 = ( GEOMETRIC_REPRESENTATION_CONTEXT(2) 
PARAMETRIC_REPRESENTATION_CONTEXT() REPRESENTATION_CONTEXT('2D SPACE',''
  ) );
#9490 = PCURVE('',#9422,#9491);
#9491 = DEFINITIONAL_REPRESENTATION('',(#9492),#9495);
#9492 = B_SPLINE_CURVE_WITH_KNOTS('',1,(#9493,#9494),.UNSPECIFIED.,.F.,
  .F.,(2,2),(-56.91141925797,-50.98663821726),.PIECEWISE_BEZIER_KNOTS.);
#9493 = CARTESIAN_POINT('',(15.42264973081,-2.12132034356));
#9494 = CARTESIAN_POINT('',(10.943936243318,-6.));
#9495 = ( GEOMETRIC_REPRESENTATION_CONTEXT(2) 
PARAMETRIC_REPRESENTATION_CONTEXT() REPRESENTATION_CONTEXT('2D SPACE',''
  ) );
#9496 = ORIENTED_EDGE('',*,*,#9433,.T.);
#9497 = ADVANCED_FACE('',(#9498),#9251,.T.);
#9498 = FACE_BOUND('',#9499,.T.);
#9499 = EDGE_LOOP('',(#9500,#9501,#9522,#9541));
#9500 = ORIENTED_EDGE('',*,*,#9236,.F.);
#9501 = ORIENTED_EDGE('',*,*,#9502,.F.);
#9502 = EDGE_CURVE('',#9503,#9211,#9505,.T.);
#9503 = VERTEX_POINT('',#9504);
#9504 = CARTESIAN_POINT('',(-9.87867965644,-15.7113248654,0.5));
#9505 = SURFACE_CURVE('',#9506,(#9510,#9516),.PCURVE_S1.);
#9506 = LINE('',#9507,#9508);
#9507 = CARTESIAN_POINT('',(-9.87867965644,-32.,0.5));
#9508 = VECTOR('',#9509,1.);
#9509 = DIRECTION('',(0.,1.,-0.));
#9510 = PCURVE('',#9251,#9511);
#9511 = DEFINITIONAL_REPRESENTATION('',(#9512),#9515);
#9512 = B_SPLINE_CURVE_WITH_KNOTS('',1,(#9513,#9514),.UNSPECIFIED.,.F.,
  .F.,(2,2),(0.,64.),.PIECEWISE_BEZIER_KNOTS.);
#9513 = CARTESIAN_POINT('',(104.52943725152,0.));
#9514 = CARTESIAN_POINT('',(104.52943725152,64.));
#9515 = ( GEOMETRIC_REPRESENTATION_CONTEXT(2) 
PARAMETRIC_REPRESENTATION_CONTEXT() REPRESENTATION_CONTEXT('2D SPACE',''
  ) );
#9516 = PCURVE('',#9225,#9517);
#9517 = DEFINITIONAL_REPRESENTATION('',(#9518),#9521);
#9518 = B_SPLINE_CURVE_WITH_KNOTS('',1,(#9519,#9520),.UNSPECIFIED.,.F.,
  .F.,(2,2),(0.,64.),.PIECEWISE_BEZIER_KNOTS.);
#9519 = CARTESIAN_POINT('',(104.52943725152,0.));
#9520 = CARTESIAN_POINT('',(104.52943725152,64.));
#9521 = ( GEOMETRIC_REPRESENTATION_CONTEXT(2) 
PARAMETRIC_REPRESENTATION_CONTEXT() REPRESENTATION_CONTEXT('2D SPACE',''
  ) );
#9522 = ORIENTED_EDGE('',*,*,#9523,.F.);
#9523 = EDGE_CURVE('',#9458,#9503,#9524,.T.);
#9524 = SURFACE_CURVE('',#9525,(#9529,#9535),.PCURVE_S1.);
#9525 = LINE('',#9526,#9527);
#9526 = CARTESIAN_POINT('',(-37.63810762748,-31.73823807703,
    -27.25942797104));
#9527 = VECTOR('',#9528,1.);
#9528 = DIRECTION('',(-0.654653670708,-0.377964473009,-0.654653670708));
#9529 = PCURVE('',#9251,#9530);
#9530 = DEFINITIONAL_REPRESENTATION('',(#9531),#9534);
#9531 = B_SPLINE_CURVE_WITH_KNOTS('',1,(#9532,#9533),.UNSPECIFIED.,.F.,
  .F.,(2,2),(-48.32800768269,-42.40322664199),.PIECEWISE_BEZIER_KNOTS.);
#9532 = CARTESIAN_POINT('',(110.01471862576,18.528031878341));
#9533 = CARTESIAN_POINT('',(104.52943725152,16.288675134595));
#9534 = ( GEOMETRIC_REPRESENTATION_CONTEXT(2) 
PARAMETRIC_REPRESENTATION_CONTEXT() REPRESENTATION_CONTEXT('2D SPACE',''
  ) );
#9535 = PCURVE('',#9422,#9536);
#9536 = DEFINITIONAL_REPRESENTATION('',(#9537),#9540);
#9537 = B_SPLINE_CURVE_WITH_KNOTS('',1,(#9538,#9539),.UNSPECIFIED.,.F.,
  .F.,(2,2),(-48.32800768269,-42.40322664199),.PIECEWISE_BEZIER_KNOTS.);
#9538 = CARTESIAN_POINT('',(10.943936243318,-6.));
#9539 = CARTESIAN_POINT('',(15.42264973081,-9.87867965644));
#9540 = ( GEOMETRIC_REPRESENTATION_CONTEXT(2) 
PARAMETRIC_REPRESENTATION_CONTEXT() REPRESENTATION_CONTEXT('2D SPACE',''
  ) );
#9541 = ORIENTED_EDGE('',*,*,#9457,.T.);
#9542 = ADVANCED_FACE('',(#9543),#9225,.F.);
#9543 = FACE_BOUND('',#9544,.F.);
#9544 = EDGE_LOOP('',(#9545,#9546,#9547,#9568,#9587,#9588));
#9545 = ORIENTED_EDGE('',*,*,#9210,.F.);
#9546 = ORIENTED_EDGE('',*,*,#9502,.F.);
#9547 = ORIENTED_EDGE('',*,*,#9548,.F.);
#9548 = EDGE_CURVE('',#9549,#9503,#9551,.T.);
#9549 = VERTEX_POINT('',#9550);
#9550 = CARTESIAN_POINT('',(-9.37867965644,-16.,1.959434878636E-15));
#9551 = SURFACE_CURVE('',#9552,(#9556,#9562),.PCURVE_S1.);
#9552 = LINE('',#9553,#9554);
#9553 = CARTESIAN_POINT('',(-41.23993804478,2.395106107229,
    31.861258388341));
#9554 = VECTOR('',#9555,1.);
#9555 = DIRECTION('',(-0.654653670708,0.377964473009,0.654653670708));
#9556 = PCURVE('',#9225,#9557);
#9557 = DEFINITIONAL_REPRESENTATION('',(#9558),#9561);
#9558 = B_SPLINE_CURVE_WITH_KNOTS('',1,(#9559,#9560),.UNSPECIFIED.,.F.,
  .F.,(2,2),(-48.66887610037,-47.90511348454),.PIECEWISE_BEZIER_KNOTS.);
#9559 = CARTESIAN_POINT('',(105.2365440327,16.));
#9560 = CARTESIAN_POINT('',(104.52943725152,16.288675134595));
#9561 = ( GEOMETRIC_REPRESENTATION_CONTEXT(2) 
PARAMETRIC_REPRESENTATION_CONTEXT() REPRESENTATION_CONTEXT('2D SPACE',''
  ) );
#9562 = PCURVE('',#9422,#9563);
#9563 = DEFINITIONAL_REPRESENTATION('',(#9564),#9567);
#9564 = B_SPLINE_CURVE_WITH_KNOTS('',1,(#9565,#9566),.UNSPECIFIED.,.F.,
  .F.,(2,2),(-48.66887610037,-47.90511348454),.PIECEWISE_BEZIER_KNOTS.);
#9565 = CARTESIAN_POINT('',(16.,-9.37867965644));
#9566 = CARTESIAN_POINT('',(15.42264973081,-9.87867965644));
#9567 = ( GEOMETRIC_REPRESENTATION_CONTEXT(2) 
PARAMETRIC_REPRESENTATION_CONTEXT() REPRESENTATION_CONTEXT('2D SPACE',''
  ) );
#9568 = ORIENTED_EDGE('',*,*,#9569,.F.);
#9569 = EDGE_CURVE('',#9361,#9549,#9570,.T.);
#9570 = SURFACE_CURVE('',#9571,(#9575,#9581),.PCURVE_S1.);
#9571 = LINE('',#9572,#9573);
#9572 = CARTESIAN_POINT('',(-41.23993804478,-34.39510610722,
    31.861258388341));
#9573 = VECTOR('',#9574,1.);
#9574 = DIRECTION('',(-0.654653670708,-0.377964473009,0.654653670708));
#9575 = PCURVE('',#9225,#9576);
#9576 = DEFINITIONAL_REPRESENTATION('',(#9577),#9580);
#9577 = B_SPLINE_CURVE_WITH_KNOTS('',1,(#9578,#9579),.UNSPECIFIED.,.F.,
  .F.,(2,2),(-53.82989452525,-48.66887610037),.PIECEWISE_BEZIER_KNOTS.);
#9578 = CARTESIAN_POINT('',(110.01471862576,17.950681609151));
#9579 = CARTESIAN_POINT('',(105.2365440327,16.));
#9580 = ( GEOMETRIC_REPRESENTATION_CONTEXT(2) 
PARAMETRIC_REPRESENTATION_CONTEXT() REPRESENTATION_CONTEXT('2D SPACE',''
  ) );
#9581 = PCURVE('',#9396,#9582);
#9582 = DEFINITIONAL_REPRESENTATION('',(#9583),#9586);
#9583 = B_SPLINE_CURVE_WITH_KNOTS('',1,(#9584,#9585),.UNSPECIFIED.,.F.,
  .F.,(2,2),(-53.82989452525,-48.66887610037),.PIECEWISE_BEZIER_KNOTS.);
#9584 = CARTESIAN_POINT('',(3.901363218303,-6.));
#9585 = CARTESIAN_POINT('',(8.416319450032E-16,-9.37867965644));
#9586 = ( GEOMETRIC_REPRESENTATION_CONTEXT(2) 
PARAMETRIC_REPRESENTATION_CONTEXT() REPRESENTATION_CONTEXT('2D SPACE',''
  ) );
#9587 = ORIENTED_EDGE('',*,*,#9360,.T.);
#9588 = ORIENTED_EDGE('',*,*,#9315,.F.);
#9589 = ADVANCED_FACE('',(#9590),#9422,.T.);
#9590 = FACE_BOUND('',#9591,.T.);
#9591 = EDGE_LOOP('',(#9592,#9593,#9614,#9615,#9616));
#9592 = ORIENTED_EDGE('',*,*,#9548,.F.);
#9593 = ORIENTED_EDGE('',*,*,#9594,.T.);
#9594 = EDGE_CURVE('',#9549,#9382,#9595,.T.);
#9595 = SURFACE_CURVE('',#9596,(#9600,#9607),.PCURVE_S1.);
#9596 = LINE('',#9597,#9598);
#9597 = CARTESIAN_POINT('',(-60.,-16.,1.959434878636E-15));
#9598 = VECTOR('',#9599,1.);
#9599 = DIRECTION('',(1.,0.,0.));
#9600 = PCURVE('',#9422,#9601);
#9601 = DEFINITIONAL_REPRESENTATION('',(#9602),#9606);
#9602 = LINE('',#9603,#9604);
#9603 = CARTESIAN_POINT('',(16.,-60.));
#9604 = VECTOR('',#9605,1.);
#9605 = DIRECTION('',(0.,1.));
#9606 = ( GEOMETRIC_REPRESENTATION_CONTEXT(2) 
PARAMETRIC_REPRESENTATION_CONTEXT() REPRESENTATION_CONTEXT('2D SPACE',''
  ) );
#9607 = PCURVE('',#9396,#9608);
#9608 = DEFINITIONAL_REPRESENTATION('',(#9609),#9613);
#9609 = LINE('',#9610,#9611);
#9610 = CARTESIAN_POINT('',(0.,-60.));
#9611 = VECTOR('',#9612,1.);
#9612 = DIRECTION('',(0.,1.));
#9613 = ( GEOMETRIC_REPRESENTATION_CONTEXT(2) 
PARAMETRIC_REPRESENTATION_CONTEXT() REPRESENTATION_CONTEXT('2D SPACE',''
  ) );
#9614 = ORIENTED_EDGE('',*,*,#9407,.F.);
#9615 = ORIENTED_EDGE('',*,*,#9478,.T.);
#9616 = ORIENTED_EDGE('',*,*,#9523,.T.);
#9617 = ADVANCED_FACE('',(#9618),#9396,.T.);
#9618 = FACE_BOUND('',#9619,.T.);
#9619 = EDGE_LOOP('',(#9620,#9621,#9622));
#9620 = ORIENTED_EDGE('',*,*,#9594,.F.);
#9621 = ORIENTED_EDGE('',*,*,#9569,.F.);
#9622 = ORIENTED_EDGE('',*,*,#9381,.F.);
#9623 = MANIFOLD_SOLID_BREP('',#9624);
#9624 = CLOSED_SHELL('',(#9625,#9765,#9809,#9906,#9951,#9996,#10043,
    #10071));
#9625 = ADVANCED_FACE('',(#9626),#9640,.T.);
#9626 = FACE_BOUND('',#9627,.T.);
#9627 = EDGE_LOOP('',(#9628,#9663,#9689,#9715,#9741));
#9628 = ORIENTED_EDGE('',*,*,#9629,.T.);
#9629 = EDGE_CURVE('',#9630,#9632,#9634,.T.);
#9630 = VERTEX_POINT('',#9631);
#9631 = CARTESIAN_POINT('',(9.37867965644,16.,0.));
#9632 = VERTEX_POINT('',#9633);
#9633 = CARTESIAN_POINT('',(2.62132034356,16.,0.));
#9634 = SURFACE_CURVE('',#9635,(#9639,#9651),.PCURVE_S1.);
#9635 = LINE('',#9636,#9637);
#9636 = CARTESIAN_POINT('',(60.,16.,0.));
#9637 = VECTOR('',#9638,1.);
#9638 = DIRECTION('',(-1.,0.,0.));
#9639 = PCURVE('',#9640,#9645);
#9640 = PLANE('',#9641);
#9641 = AXIS2_PLACEMENT_3D('',#9642,#9643,#9644);
#9642 = CARTESIAN_POINT('',(0.,16.,0.));
#9643 = DIRECTION('',(-0.,0.866025403784,0.5));
#9644 = DIRECTION('',(0.,-0.5,0.866025403784));
#9645 = DEFINITIONAL_REPRESENTATION('',(#9646),#9650);
#9646 = LINE('',#9647,#9648);
#9647 = CARTESIAN_POINT('',(0.,60.));
#9648 = VECTOR('',#9649,1.);
#9649 = DIRECTION('',(0.,-1.));
#9650 = ( GEOMETRIC_REPRESENTATION_CONTEXT(2) 
PARAMETRIC_REPRESENTATION_CONTEXT() REPRESENTATION_CONTEXT('2D SPACE',''
  ) );
#9651 = PCURVE('',#9652,#9657);
#9652 = PLANE('',#9653);
#9653 = AXIS2_PLACEMENT_3D('',#9654,#9655,#9656);
#9654 = CARTESIAN_POINT('',(0.,8.,-13.85640646055));
#9655 = DIRECTION('',(0.,0.866025403784,-0.5));
#9656 = DIRECTION('',(0.,0.5,0.866025403784));
#9657 = DEFINITIONAL_REPRESENTATION('',(#9658),#9662);
#9658 = LINE('',#9659,#9660);
#9659 = CARTESIAN_POINT('',(16.,60.));
#9660 = VECTOR('',#9661,1.);
#9661 = DIRECTION('',(0.,-1.));
#9662 = ( GEOMETRIC_REPRESENTATION_CONTEXT(2) 
PARAMETRIC_REPRESENTATION_CONTEXT() REPRESENTATION_CONTEXT('2D SPACE',''
  ) );
#9663 = ORIENTED_EDGE('',*,*,#9664,.F.);
#9664 = EDGE_CURVE('',#9665,#9632,#9667,.T.);
#9665 = VERTEX_POINT('',#9666);
#9666 = CARTESIAN_POINT('',(2.12132034356,15.711324865405,0.5));
#9667 = SURFACE_CURVE('',#9668,(#9672,#9678),.PCURVE_S1.);
#9668 = LINE('',#9669,#9670);
#9669 = CARTESIAN_POINT('',(-40.91319703351,-9.134665326692,
    43.53451737707));
#9670 = VECTOR('',#9671,1.);
#9671 = DIRECTION('',(0.654653670708,0.377964473009,-0.654653670708));
#9672 = PCURVE('',#9640,#9673);
#9673 = DEFINITIONAL_REPRESENTATION('',(#9674),#9677);
#9674 = B_SPLINE_CURVE_WITH_KNOTS('',1,(#9675,#9676),.UNSPECIFIED.,.F.,
  .F.,(2,2),(65.736311125438,66.500073741264),.PIECEWISE_BEZIER_KNOTS.);
#9675 = CARTESIAN_POINT('',(0.57735026919,2.12132034356));
#9676 = CARTESIAN_POINT('',(6.068796084281E-16,2.62132034356));
#9677 = ( GEOMETRIC_REPRESENTATION_CONTEXT(2) 
PARAMETRIC_REPRESENTATION_CONTEXT() REPRESENTATION_CONTEXT('2D SPACE',''
  ) );
#9678 = PCURVE('',#9679,#9684);
#9679 = PLANE('',#9680);
#9680 = AXIS2_PLACEMENT_3D('',#9681,#9682,#9683);
#9681 = CARTESIAN_POINT('',(-83.7921535706,-32.,86.413473914166));
#9682 = DIRECTION('',(0.707106781187,0.,0.707106781187));
#9683 = DIRECTION('',(0.707106781187,0.,-0.707106781187));
#9684 = DEFINITIONAL_REPRESENTATION('',(#9685),#9688);
#9685 = B_SPLINE_CURVE_WITH_KNOTS('',1,(#9686,#9687),.UNSPECIFIED.,.F.,
  .F.,(2,2),(65.736311125438,66.500073741264),.PIECEWISE_BEZIER_KNOTS.);
#9686 = CARTESIAN_POINT('',(121.5,47.711324865405));
#9687 = CARTESIAN_POINT('',(122.20710678118,48.));
#9688 = ( GEOMETRIC_REPRESENTATION_CONTEXT(2) 
PARAMETRIC_REPRESENTATION_CONTEXT() REPRESENTATION_CONTEXT('2D SPACE',''
  ) );
#9689 = ORIENTED_EDGE('',*,*,#9690,.T.);
#9690 = EDGE_CURVE('',#9665,#9691,#9693,.T.);
#9691 = VERTEX_POINT('',#9692);
#9692 = CARTESIAN_POINT('',(6.,13.471968121659,4.37867965644));
#9693 = SURFACE_CURVE('',#9694,(#9698,#9704),.PCURVE_S1.);
#9694 = LINE('',#9695,#9696);
#9695 = CARTESIAN_POINT('',(-29.39342006732,33.90636872507,
    -31.01474041088));
#9696 = VECTOR('',#9697,1.);
#9697 = DIRECTION('',(0.654653670708,-0.377964473009,0.654653670708));
#9698 = PCURVE('',#9640,#9699);
#9699 = DEFINITIONAL_REPRESENTATION('',(#9700),#9703);
#9700 = B_SPLINE_CURVE_WITH_KNOTS('',1,(#9701,#9702),.UNSPECIFIED.,.F.,
  .F.,(2,2),(48.139561146585,54.064342187293),.PIECEWISE_BEZIER_KNOTS.);
#9701 = CARTESIAN_POINT('',(0.57735026919,2.12132034356));
#9702 = CARTESIAN_POINT('',(5.056063756682,6.));
#9703 = ( GEOMETRIC_REPRESENTATION_CONTEXT(2) 
PARAMETRIC_REPRESENTATION_CONTEXT() REPRESENTATION_CONTEXT('2D SPACE',''
  ) );
#9704 = PCURVE('',#9705,#9710);
#9705 = PLANE('',#9706);
#9706 = AXIS2_PLACEMENT_3D('',#9707,#9708,#9709);
#9707 = CARTESIAN_POINT('',(-83.7921535706,-32.,-85.41347391416));
#9708 = DIRECTION('',(-0.707106781187,0.,0.707106781187));
#9709 = DIRECTION('',(0.707106781187,0.,0.707106781187));
#9710 = DEFINITIONAL_REPRESENTATION('',(#9711),#9714);
#9711 = B_SPLINE_CURVE_WITH_KNOTS('',1,(#9712,#9713),.UNSPECIFIED.,.F.,
  .F.,(2,2),(48.139561146585,54.064342187293),.PIECEWISE_BEZIER_KNOTS.);
#9712 = CARTESIAN_POINT('',(121.5,47.711324865405));
#9713 = CARTESIAN_POINT('',(126.98528137423,45.471968121659));
#9714 = ( GEOMETRIC_REPRESENTATION_CONTEXT(2) 
PARAMETRIC_REPRESENTATION_CONTEXT() REPRESENTATION_CONTEXT('2D SPACE',''
  ) );
#9715 = ORIENTED_EDGE('',*,*,#9716,.T.);
#9716 = EDGE_CURVE('',#9691,#9717,#9719,.T.);
#9717 = VERTEX_POINT('',#9718);
#9718 = CARTESIAN_POINT('',(9.87867965644,15.711324865405,0.5));
#9719 = SURFACE_CURVE('',#9720,(#9724,#9730),.PCURVE_S1.);
#9720 = LINE('',#9721,#9722);
#9721 = CARTESIAN_POINT('',(-39.05184885472,-12.5387289421,
    49.430528511162));
#9722 = VECTOR('',#9723,1.);
#9723 = DIRECTION('',(0.654653670708,0.377964473009,-0.654653670708));
#9724 = PCURVE('',#9640,#9725);
#9725 = DEFINITIONAL_REPRESENTATION('',(#9726),#9729);
#9726 = B_SPLINE_CURVE_WITH_KNOTS('',1,(#9727,#9728),.UNSPECIFIED.,.F.,
  .F.,(2,2),(68.817835858157,74.742616898864),.PIECEWISE_BEZIER_KNOTS.);
#9727 = CARTESIAN_POINT('',(5.056063756682,6.));
#9728 = CARTESIAN_POINT('',(0.57735026919,9.87867965644));
#9729 = ( GEOMETRIC_REPRESENTATION_CONTEXT(2) 
PARAMETRIC_REPRESENTATION_CONTEXT() REPRESENTATION_CONTEXT('2D SPACE',''
  ) );
#9730 = PCURVE('',#9731,#9736);
#9731 = PLANE('',#9732);
#9732 = AXIS2_PLACEMENT_3D('',#9733,#9734,#9735);
#9733 = CARTESIAN_POINT('',(-85.91347391416,-32.,96.292153570606));
#9734 = DIRECTION('',(0.707106781187,0.,0.707106781187));
#9735 = DIRECTION('',(0.707106781187,0.,-0.707106781187));
#9736 = DEFINITIONAL_REPRESENTATION('',(#9737),#9740);
#9737 = B_SPLINE_CURVE_WITH_KNOTS('',1,(#9738,#9739),.UNSPECIFIED.,.F.,
  .F.,(2,2),(68.817835858157,74.742616898864),.PIECEWISE_BEZIER_KNOTS.);
#9738 = CARTESIAN_POINT('',(129.98528137423,45.471968121659));
#9739 = CARTESIAN_POINT('',(135.47056274847,47.711324865405));
#9740 = ( GEOMETRIC_REPRESENTATION_CONTEXT(2) 
PARAMETRIC_REPRESENTATION_CONTEXT() REPRESENTATION_CONTEXT('2D SPACE',''
  ) );
#9741 = ORIENTED_EDGE('',*,*,#9742,.F.);
#9742 = EDGE_CURVE('',#9630,#9717,#9743,.T.);
#9743 = SURFACE_CURVE('',#9744,(#9748,#9754),.PCURVE_S1.);
#9744 = LINE('',#9745,#9746);
#9745 = CARTESIAN_POINT('',(-27.53207188853,37.310432340483,
    -36.91075154497));
#9746 = VECTOR('',#9747,1.);
#9747 = DIRECTION('',(0.654653670708,-0.377964473009,0.654653670708));
#9748 = PCURVE('',#9640,#9749);
#9749 = DEFINITIONAL_REPRESENTATION('',(#9750),#9753);
#9750 = B_SPLINE_CURVE_WITH_KNOTS('',1,(#9751,#9752),.UNSPECIFIED.,.F.,
  .F.,(2,2),(56.382104304185,57.145866920011),.PIECEWISE_BEZIER_KNOTS.);
#9751 = CARTESIAN_POINT('',(3.431997594876E-17,9.37867965644));
#9752 = CARTESIAN_POINT('',(0.57735026919,9.87867965644));
#9753 = ( GEOMETRIC_REPRESENTATION_CONTEXT(2) 
PARAMETRIC_REPRESENTATION_CONTEXT() REPRESENTATION_CONTEXT('2D SPACE',''
  ) );
#9754 = PCURVE('',#9755,#9760);
#9755 = PLANE('',#9756);
#9756 = AXIS2_PLACEMENT_3D('',#9757,#9758,#9759);
#9757 = CARTESIAN_POINT('',(-85.91347391416,-32.,-95.2921535706));
#9758 = DIRECTION('',(-0.707106781187,0.,0.707106781187));
#9759 = DIRECTION('',(0.707106781187,0.,0.707106781187));
#9760 = DEFINITIONAL_REPRESENTATION('',(#9761),#9764);
#9761 = B_SPLINE_CURVE_WITH_KNOTS('',1,(#9762,#9763),.UNSPECIFIED.,.F.,
  .F.,(2,2),(56.382104304185,57.145866920011),.PIECEWISE_BEZIER_KNOTS.);
#9762 = CARTESIAN_POINT('',(134.76345596729,48.));
#9763 = CARTESIAN_POINT('',(135.47056274847,47.711324865405));
#9764 = ( GEOMETRIC_REPRESENTATION_CONTEXT(2) 
PARAMETRIC_REPRESENTATION_CONTEXT() REPRESENTATION_CONTEXT('2D SPACE',''
  ) );
#9765 = ADVANCED_FACE('',(#9766),#9652,.T.);
#9766 = FACE_BOUND('',#9767,.T.);
#9767 = EDGE_LOOP('',(#9768,#9769,#9790));
#9768 = ORIENTED_EDGE('',*,*,#9629,.F.);
#9769 = ORIENTED_EDGE('',*,*,#9770,.F.);
#9770 = EDGE_CURVE('',#9771,#9630,#9773,.T.);
#9771 = VERTEX_POINT('',#9772);
#9772 = CARTESIAN_POINT('',(6.,14.049318390849,-3.37867965644));
#9773 = SURFACE_CURVE('',#9774,(#9778,#9784),.PCURVE_S1.);
#9774 = LINE('',#9775,#9776);
#9775 = CARTESIAN_POINT('',(-43.3679649863,-14.45328948334,
    -52.74664464274));
#9776 = VECTOR('',#9777,1.);
#9777 = DIRECTION('',(0.654653670708,0.377964473009,0.654653670708));
#9778 = PCURVE('',#9652,#9779);
#9779 = DEFINITIONAL_REPRESENTATION('',(#9780),#9783);
#9780 = B_SPLINE_CURVE_WITH_KNOTS('',1,(#9781,#9782),.UNSPECIFIED.,.F.,
  .F.,(2,2),(75.410812151894,80.571830576776),.PIECEWISE_BEZIER_KNOTS.);
#9781 = CARTESIAN_POINT('',(12.098636781697,6.));
#9782 = CARTESIAN_POINT('',(16.,9.37867965644));
#9783 = ( GEOMETRIC_REPRESENTATION_CONTEXT(2) 
PARAMETRIC_REPRESENTATION_CONTEXT() REPRESENTATION_CONTEXT('2D SPACE',''
  ) );
#9784 = PCURVE('',#9755,#9785);
#9785 = DEFINITIONAL_REPRESENTATION('',(#9786),#9789);
#9786 = B_SPLINE_CURVE_WITH_KNOTS('',1,(#9787,#9788),.UNSPECIFIED.,.F.,
  .F.,(2,2),(75.410812151894,80.571830576776),.PIECEWISE_BEZIER_KNOTS.);
#9787 = CARTESIAN_POINT('',(129.98528137423,46.049318390849));
#9788 = CARTESIAN_POINT('',(134.76345596729,48.));
#9789 = ( GEOMETRIC_REPRESENTATION_CONTEXT(2) 
PARAMETRIC_REPRESENTATION_CONTEXT() REPRESENTATION_CONTEXT('2D SPACE',''
  ) );
#9790 = ORIENTED_EDGE('',*,*,#9791,.F.);
#9791 = EDGE_CURVE('',#9632,#9771,#9792,.T.);
#9792 = SURFACE_CURVE('',#9793,(#9797,#9803),.PCURVE_S1.);
#9793 = LINE('',#9794,#9795);
#9794 = CARTESIAN_POINT('',(-25.07730393573,31.991808183835,
    27.698624279297));
#9795 = VECTOR('',#9796,1.);
#9796 = DIRECTION('',(0.654653670708,-0.377964473009,-0.654653670708));
#9797 = PCURVE('',#9652,#9798);
#9798 = DEFINITIONAL_REPRESENTATION('',(#9799),#9802);
#9799 = B_SPLINE_CURVE_WITH_KNOTS('',1,(#9800,#9801),.UNSPECIFIED.,.F.,
  .F.,(2,2),(42.310347468674,47.471365893556),.PIECEWISE_BEZIER_KNOTS.);
#9800 = CARTESIAN_POINT('',(16.,2.62132034356));
#9801 = CARTESIAN_POINT('',(12.098636781697,6.));
#9802 = ( GEOMETRIC_REPRESENTATION_CONTEXT(2) 
PARAMETRIC_REPRESENTATION_CONTEXT() REPRESENTATION_CONTEXT('2D SPACE',''
  ) );
#9803 = PCURVE('',#9679,#9804);
#9804 = DEFINITIONAL_REPRESENTATION('',(#9805),#9808);
#9805 = B_SPLINE_CURVE_WITH_KNOTS('',1,(#9806,#9807),.UNSPECIFIED.,.F.,
  .F.,(2,2),(42.310347468674,47.471365893556),.PIECEWISE_BEZIER_KNOTS.);
#9806 = CARTESIAN_POINT('',(122.20710678118,48.));
#9807 = CARTESIAN_POINT('',(126.98528137423,46.049318390849));
#9808 = ( GEOMETRIC_REPRESENTATION_CONTEXT(2) 
PARAMETRIC_REPRESENTATION_CONTEXT() REPRESENTATION_CONTEXT('2D SPACE',''
  ) );
#9809 = ADVANCED_FACE('',(#9810),#9755,.F.);
#9810 = FACE_BOUND('',#9811,.F.);
#9811 = EDGE_LOOP('',(#9812,#9813,#9834,#9860,#9886,#9905));
#9812 = ORIENTED_EDGE('',*,*,#9770,.F.);
#9813 = ORIENTED_EDGE('',*,*,#9814,.F.);
#9814 = EDGE_CURVE('',#9815,#9771,#9817,.T.);
#9815 = VERTEX_POINT('',#9816);
#9816 = CARTESIAN_POINT('',(6.,-14.04931839084,-3.37867965644));
#9817 = SURFACE_CURVE('',#9818,(#9822,#9828),.PCURVE_S1.);
#9818 = LINE('',#9819,#9820);
#9819 = CARTESIAN_POINT('',(6.,-32.,-3.37867965644));
#9820 = VECTOR('',#9821,1.);
#9821 = DIRECTION('',(0.,1.,-0.));
#9822 = PCURVE('',#9755,#9823);
#9823 = DEFINITIONAL_REPRESENTATION('',(#9824),#9827);
#9824 = B_SPLINE_CURVE_WITH_KNOTS('',1,(#9825,#9826),.UNSPECIFIED.,.F.,
  .F.,(2,2),(0.,64.),.PIECEWISE_BEZIER_KNOTS.);
#9825 = CARTESIAN_POINT('',(129.98528137423,0.));
#9826 = CARTESIAN_POINT('',(129.98528137423,64.));
#9827 = ( GEOMETRIC_REPRESENTATION_CONTEXT(2) 
PARAMETRIC_REPRESENTATION_CONTEXT() REPRESENTATION_CONTEXT('2D SPACE',''
  ) );
#9828 = PCURVE('',#9679,#9829);
#9829 = DEFINITIONAL_REPRESENTATION('',(#9830),#9833);
#9830 = B_SPLINE_CURVE_WITH_KNOTS('',1,(#9831,#9832),.UNSPECIFIED.,.F.,
  .F.,(2,2),(0.,64.),.PIECEWISE_BEZIER_KNOTS.);
#9831 = CARTESIAN_POINT('',(126.98528137423,0.));
#9832 = CARTESIAN_POINT('',(126.98528137423,64.));
#9833 = ( GEOMETRIC_REPRESENTATION_CONTEXT(2) 
PARAMETRIC_REPRESENTATION_CONTEXT() REPRESENTATION_CONTEXT('2D SPACE',''
  ) );
#9834 = ORIENTED_EDGE('',*,*,#9835,.F.);
#9835 = EDGE_CURVE('',#9836,#9815,#9838,.T.);
#9836 = VERTEX_POINT('',#9837);
#9837 = CARTESIAN_POINT('',(9.37867965644,-16.,1.959434878636E-15));
#9838 = SURFACE_CURVE('',#9839,(#9843,#9849),.PCURVE_S1.);
#9839 = LINE('',#9840,#9841);
#9840 = CARTESIAN_POINT('',(-31.49104516297,7.596146626197,
    -40.86972481941));
#9841 = VECTOR('',#9842,1.);
#9842 = DIRECTION('',(-0.654653670708,0.377964473009,-0.654653670708));
#9843 = PCURVE('',#9755,#9844);
#9844 = DEFINITIONAL_REPRESENTATION('',(#9845),#9848);
#9845 = B_SPLINE_CURVE_WITH_KNOTS('',1,(#9846,#9847),.UNSPECIFIED.,.F.,
  .F.,(2,2),(-62.42953587233,-57.26851744745),.PIECEWISE_BEZIER_KNOTS.);
#9846 = CARTESIAN_POINT('',(134.76345596729,16.));
#9847 = CARTESIAN_POINT('',(129.98528137423,17.950681609151));
#9848 = ( GEOMETRIC_REPRESENTATION_CONTEXT(2) 
PARAMETRIC_REPRESENTATION_CONTEXT() REPRESENTATION_CONTEXT('2D SPACE',''
  ) );
#9849 = PCURVE('',#9850,#9855);
#9850 = PLANE('',#9851);
#9851 = AXIS2_PLACEMENT_3D('',#9852,#9853,#9854);
#9852 = CARTESIAN_POINT('',(0.,-16.,1.959434878636E-15));
#9853 = DIRECTION('',(0.,-0.866025403784,-0.5));
#9854 = DIRECTION('',(0.,0.5,-0.866025403784));
#9855 = DEFINITIONAL_REPRESENTATION('',(#9856),#9859);
#9856 = B_SPLINE_CURVE_WITH_KNOTS('',1,(#9857,#9858),.UNSPECIFIED.,.F.,
  .F.,(2,2),(-62.42953587233,-57.26851744745),.PIECEWISE_BEZIER_KNOTS.);
#9857 = CARTESIAN_POINT('',(-1.627714124244E-15,9.37867965644));
#9858 = CARTESIAN_POINT('',(3.901363218303,6.));
#9859 = ( GEOMETRIC_REPRESENTATION_CONTEXT(2) 
PARAMETRIC_REPRESENTATION_CONTEXT() REPRESENTATION_CONTEXT('2D SPACE',''
  ) );
#9860 = ORIENTED_EDGE('',*,*,#9861,.F.);
#9861 = EDGE_CURVE('',#9862,#9836,#9864,.T.);
#9862 = VERTEX_POINT('',#9863);
#9863 = CARTESIAN_POINT('',(9.87867965644,-15.7113248654,0.5));
#9864 = SURFACE_CURVE('',#9865,(#9869,#9875),.PCURVE_S1.);
#9865 = LINE('',#9866,#9867);
#9866 = CARTESIAN_POINT('',(-31.49104516297,-39.59614662619,
    -40.86972481941));
#9867 = VECTOR('',#9868,1.);
#9868 = DIRECTION('',(-0.654653670708,-0.377964473009,-0.654653670708));
#9869 = PCURVE('',#9755,#9870);
#9870 = DEFINITIONAL_REPRESENTATION('',(#9871),#9874);
#9871 = B_SPLINE_CURVE_WITH_KNOTS('',1,(#9872,#9873),.UNSPECIFIED.,.F.,
  .F.,(2,2),(-63.19329848815,-62.42953587233),.PIECEWISE_BEZIER_KNOTS.);
#9872 = CARTESIAN_POINT('',(135.47056274847,16.288675134595));
#9873 = CARTESIAN_POINT('',(134.76345596729,16.));
#9874 = ( GEOMETRIC_REPRESENTATION_CONTEXT(2) 
PARAMETRIC_REPRESENTATION_CONTEXT() REPRESENTATION_CONTEXT('2D SPACE',''
  ) );
#9875 = PCURVE('',#9876,#9881);
#9876 = PLANE('',#9877);
#9877 = AXIS2_PLACEMENT_3D('',#9878,#9879,#9880);
#9878 = CARTESIAN_POINT('',(0.,-8.,13.856406460551));
#9879 = DIRECTION('',(0.,-0.866025403784,0.5));
#9880 = DIRECTION('',(0.,-0.5,-0.866025403784));
#9881 = DEFINITIONAL_REPRESENTATION('',(#9882),#9885);
#9882 = B_SPLINE_CURVE_WITH_KNOTS('',1,(#9883,#9884),.UNSPECIFIED.,.F.,
  .F.,(2,2),(-63.19329848815,-62.42953587233),.PIECEWISE_BEZIER_KNOTS.);
#9883 = CARTESIAN_POINT('',(15.42264973081,9.87867965644));
#9884 = CARTESIAN_POINT('',(16.,9.37867965644));
#9885 = ( GEOMETRIC_REPRESENTATION_CONTEXT(2) 
PARAMETRIC_REPRESENTATION_CONTEXT() REPRESENTATION_CONTEXT('2D SPACE',''
  ) );
#9886 = ORIENTED_EDGE('',*,*,#9887,.T.);
#9887 = EDGE_CURVE('',#9862,#9717,#9888,.T.);
#9888 = SURFACE_CURVE('',#9889,(#9893,#9899),.PCURVE_S1.);
#9889 = LINE('',#9890,#9891);
#9890 = CARTESIAN_POINT('',(9.87867965644,-32.,0.5));
#9891 = VECTOR('',#9892,1.);
#9892 = DIRECTION('',(0.,1.,-0.));
#9893 = PCURVE('',#9755,#9894);
#9894 = DEFINITIONAL_REPRESENTATION('',(#9895),#9898);
#9895 = B_SPLINE_CURVE_WITH_KNOTS('',1,(#9896,#9897),.UNSPECIFIED.,.F.,
  .F.,(2,2),(0.,64.),.PIECEWISE_BEZIER_KNOTS.);
#9896 = CARTESIAN_POINT('',(135.47056274847,0.));
#9897 = CARTESIAN_POINT('',(135.47056274847,64.));
#9898 = ( GEOMETRIC_REPRESENTATION_CONTEXT(2) 
PARAMETRIC_REPRESENTATION_CONTEXT() REPRESENTATION_CONTEXT('2D SPACE',''
  ) );
#9899 = PCURVE('',#9731,#9900);
#9900 = DEFINITIONAL_REPRESENTATION('',(#9901),#9904);
#9901 = B_SPLINE_CURVE_WITH_KNOTS('',1,(#9902,#9903),.UNSPECIFIED.,.F.,
  .F.,(2,2),(0.,64.),.PIECEWISE_BEZIER_KNOTS.);
#9902 = CARTESIAN_POINT('',(135.47056274847,0.));
#9903 = CARTESIAN_POINT('',(135.47056274847,64.));
#9904 = ( GEOMETRIC_REPRESENTATION_CONTEXT(2) 
PARAMETRIC_REPRESENTATION_CONTEXT() REPRESENTATION_CONTEXT('2D SPACE',''
  ) );
#9905 = ORIENTED_EDGE('',*,*,#9742,.F.);
#9906 = ADVANCED_FACE('',(#9907),#9731,.T.);
#9907 = FACE_BOUND('',#9908,.T.);
#9908 = EDGE_LOOP('',(#9909,#9910,#9931,#9950));
#9909 = ORIENTED_EDGE('',*,*,#9716,.F.);
#9910 = ORIENTED_EDGE('',*,*,#9911,.F.);
#9911 = EDGE_CURVE('',#9912,#9691,#9914,.T.);
#9912 = VERTEX_POINT('',#9913);
#9913 = CARTESIAN_POINT('',(6.,-13.47196812165,4.37867965644));
#9914 = SURFACE_CURVE('',#9915,(#9919,#9925),.PCURVE_S1.);
#9915 = LINE('',#9916,#9917);
#9916 = CARTESIAN_POINT('',(6.,-32.,4.37867965644));
#9917 = VECTOR('',#9918,1.);
#9918 = DIRECTION('',(0.,1.,-0.));
#9919 = PCURVE('',#9731,#9920);
#9920 = DEFINITIONAL_REPRESENTATION('',(#9921),#9924);
#9921 = B_SPLINE_CURVE_WITH_KNOTS('',1,(#9922,#9923),.UNSPECIFIED.,.F.,
  .F.,(2,2),(0.,64.),.PIECEWISE_BEZIER_KNOTS.);
#9922 = CARTESIAN_POINT('',(129.98528137423,0.));
#9923 = CARTESIAN_POINT('',(129.98528137423,64.));
#9924 = ( GEOMETRIC_REPRESENTATION_CONTEXT(2) 
PARAMETRIC_REPRESENTATION_CONTEXT() REPRESENTATION_CONTEXT('2D SPACE',''
  ) );
#9925 = PCURVE('',#9705,#9926);
#9926 = DEFINITIONAL_REPRESENTATION('',(#9927),#9930);
#9927 = B_SPLINE_CURVE_WITH_KNOTS('',1,(#9928,#9929),.UNSPECIFIED.,.F.,
  .F.,(2,2),(0.,64.),.PIECEWISE_BEZIER_KNOTS.);
#9928 = CARTESIAN_POINT('',(126.98528137423,0.));
#9929 = CARTESIAN_POINT('',(126.98528137423,64.));
#9930 = ( GEOMETRIC_REPRESENTATION_CONTEXT(2) 
PARAMETRIC_REPRESENTATION_CONTEXT() REPRESENTATION_CONTEXT('2D SPACE',''
  ) );
#9931 = ORIENTED_EDGE('',*,*,#9932,.F.);
#9932 = EDGE_CURVE('',#9862,#9912,#9933,.T.);
#9933 = SURFACE_CURVE('',#9934,(#9938,#9944),.PCURVE_S1.);
#9934 = LINE('',#9935,#9936);
#9935 = CARTESIAN_POINT('',(-35.09287558027,10.25301465639,
    45.471555236718));
#9936 = VECTOR('',#9937,1.);
#9937 = DIRECTION('',(-0.654653670708,0.377964473009,0.654653670708));
#9938 = PCURVE('',#9731,#9939);
#9939 = DEFINITIONAL_REPRESENTATION('',(#9940),#9943);
#9940 = B_SPLINE_CURVE_WITH_KNOTS('',1,(#9941,#9942),.UNSPECIFIED.,.F.,
  .F.,(2,2),(-68.69518533071,-62.77040429),.PIECEWISE_BEZIER_KNOTS.);
#9941 = CARTESIAN_POINT('',(135.47056274847,16.288675134595));
#9942 = CARTESIAN_POINT('',(129.98528137423,18.528031878341));
#9943 = ( GEOMETRIC_REPRESENTATION_CONTEXT(2) 
PARAMETRIC_REPRESENTATION_CONTEXT() REPRESENTATION_CONTEXT('2D SPACE',''
  ) );
#9944 = PCURVE('',#9876,#9945);
#9945 = DEFINITIONAL_REPRESENTATION('',(#9946),#9949);
#9946 = B_SPLINE_CURVE_WITH_KNOTS('',1,(#9947,#9948),.UNSPECIFIED.,.F.,
  .F.,(2,2),(-68.69518533071,-62.77040429),.PIECEWISE_BEZIER_KNOTS.);
#9947 = CARTESIAN_POINT('',(15.42264973081,9.87867965644));
#9948 = CARTESIAN_POINT('',(10.943936243318,6.));
#9949 = ( GEOMETRIC_REPRESENTATION_CONTEXT(2) 
PARAMETRIC_REPRESENTATION_CONTEXT() REPRESENTATION_CONTEXT('2D SPACE',''
  ) );
#9950 = ORIENTED_EDGE('',*,*,#9887,.T.);
#9951 = ADVANCED_FACE('',(#9952),#9705,.T.);
#9952 = FACE_BOUND('',#9953,.T.);
#9953 = EDGE_LOOP('',(#9954,#9955,#9976,#9995));
#9954 = ORIENTED_EDGE('',*,*,#9690,.F.);
#9955 = ORIENTED_EDGE('',*,*,#9956,.F.);
#9956 = EDGE_CURVE('',#9957,#9665,#9959,.T.);
#9957 = VERTEX_POINT('',#9958);
#9958 = CARTESIAN_POINT('',(2.12132034356,-15.7113248654,0.5));
#9959 = SURFACE_CURVE('',#9960,(#9964,#9970),.PCURVE_S1.);
#9960 = LINE('',#9961,#9962);
#9961 = CARTESIAN_POINT('',(2.12132034356,-32.,0.5));
#9962 = VECTOR('',#9963,1.);
#9963 = DIRECTION('',(0.,1.,-0.));
#9964 = PCURVE('',#9705,#9965);
#9965 = DEFINITIONAL_REPRESENTATION('',(#9966),#9969);
#9966 = B_SPLINE_CURVE_WITH_KNOTS('',1,(#9967,#9968),.UNSPECIFIED.,.F.,
  .F.,(2,2),(0.,64.),.PIECEWISE_BEZIER_KNOTS.);
#9967 = CARTESIAN_POINT('',(121.5,0.));
#9968 = CARTESIAN_POINT('',(121.5,64.));
#9969 = ( GEOMETRIC_REPRESENTATION_CONTEXT(2) 
PARAMETRIC_REPRESENTATION_CONTEXT() REPRESENTATION_CONTEXT('2D SPACE',''
  ) );
#9970 = PCURVE('',#9679,#9971);
#9971 = DEFINITIONAL_REPRESENTATION('',(#9972),#9975);
#9972 = B_SPLINE_CURVE_WITH_KNOTS('',1,(#9973,#9974),.UNSPECIFIED.,.F.,
  .F.,(2,2),(0.,64.),.PIECEWISE_BEZIER_KNOTS.);
#9973 = CARTESIAN_POINT('',(121.5,0.));
#9974 = CARTESIAN_POINT('',(121.5,64.));
#9975 = ( GEOMETRIC_REPRESENTATION_CONTEXT(2) 
PARAMETRIC_REPRESENTATION_CONTEXT() REPRESENTATION_CONTEXT('2D SPACE',''
  ) );
#9976 = ORIENTED_EDGE('',*,*,#9977,.F.);
#9977 = EDGE_CURVE('',#9912,#9957,#9978,.T.);
#9978 = SURFACE_CURVE('',#9979,(#9983,#9989),.PCURVE_S1.);
#9979 = LINE('',#9980,#9981);
#9980 = CARTESIAN_POINT('',(-33.35239334176,-36.19208301078,
    -34.97371368532));
#9981 = VECTOR('',#9982,1.);
#9982 = DIRECTION('',(-0.654653670708,-0.377964473009,-0.654653670708));
#9983 = PCURVE('',#9705,#9984);
#9984 = DEFINITIONAL_REPRESENTATION('',(#9985),#9988);
#9985 = B_SPLINE_CURVE_WITH_KNOTS('',1,(#9986,#9987),.UNSPECIFIED.,.F.,
  .F.,(2,2),(-60.11177375544,-54.18699271473),.PIECEWISE_BEZIER_KNOTS.);
#9986 = CARTESIAN_POINT('',(126.98528137423,18.528031878341));
#9987 = CARTESIAN_POINT('',(121.5,16.288675134595));
#9988 = ( GEOMETRIC_REPRESENTATION_CONTEXT(2) 
PARAMETRIC_REPRESENTATION_CONTEXT() REPRESENTATION_CONTEXT('2D SPACE',''
  ) );
#9989 = PCURVE('',#9876,#9990);
#9990 = DEFINITIONAL_REPRESENTATION('',(#9991),#9994);
#9991 = B_SPLINE_CURVE_WITH_KNOTS('',1,(#9992,#9993),.UNSPECIFIED.,.F.,
  .F.,(2,2),(-60.11177375544,-54.18699271473),.PIECEWISE_BEZIER_KNOTS.);
#9992 = CARTESIAN_POINT('',(10.943936243318,6.));
#9993 = CARTESIAN_POINT('',(15.42264973081,2.12132034356));
#9994 = ( GEOMETRIC_REPRESENTATION_CONTEXT(2) 
PARAMETRIC_REPRESENTATION_CONTEXT() REPRESENTATION_CONTEXT('2D SPACE',''
  ) );
#9995 = ORIENTED_EDGE('',*,*,#9911,.T.);
#9996 = ADVANCED_FACE('',(#9997),#9679,.F.);
#9997 = FACE_BOUND('',#9998,.F.);
#9998 = EDGE_LOOP('',(#9999,#10000,#10001,#10022,#10041,#10042));
#9999 = ORIENTED_EDGE('',*,*,#9664,.F.);
#10000 = ORIENTED_EDGE('',*,*,#9956,.F.);
#10001 = ORIENTED_EDGE('',*,*,#10002,.F.);
#10002 = EDGE_CURVE('',#10003,#9957,#10005,.T.);
#10003 = VERTEX_POINT('',#10004);
#10004 = CARTESIAN_POINT('',(2.62132034356,-16.,1.959434878636E-15));
#10005 = SURFACE_CURVE('',#10006,(#10010,#10016),.PCURVE_S1.);
#10006 = LINE('',#10007,#10008);
#10007 = CARTESIAN_POINT('',(-36.95422375906,6.848951040977,
    39.575544102627));
#10008 = VECTOR('',#10009,1.);
#10009 = DIRECTION('',(-0.654653670708,0.377964473009,0.654653670708));
#10010 = PCURVE('',#9679,#10011);
#10011 = DEFINITIONAL_REPRESENTATION('',(#10012),#10015);
#10012 = B_SPLINE_CURVE_WITH_KNOTS('',1,(#10013,#10014),.UNSPECIFIED.,
  .F.,.F.,(2,2),(-60.45264217311,-59.68887955729),
  .PIECEWISE_BEZIER_KNOTS.);
#10013 = CARTESIAN_POINT('',(122.20710678118,16.));
#10014 = CARTESIAN_POINT('',(121.5,16.288675134595));
#10015 = ( GEOMETRIC_REPRESENTATION_CONTEXT(2) 
PARAMETRIC_REPRESENTATION_CONTEXT() REPRESENTATION_CONTEXT('2D SPACE',''
  ) );
#10016 = PCURVE('',#9876,#10017);
#10017 = DEFINITIONAL_REPRESENTATION('',(#10018),#10021);
#10018 = B_SPLINE_CURVE_WITH_KNOTS('',1,(#10019,#10020),.UNSPECIFIED.,
  .F.,.F.,(2,2),(-60.45264217311,-59.68887955729),
  .PIECEWISE_BEZIER_KNOTS.);
#10019 = CARTESIAN_POINT('',(16.,2.62132034356));
#10020 = CARTESIAN_POINT('',(15.42264973081,2.12132034356));
#10021 = ( GEOMETRIC_REPRESENTATION_CONTEXT(2) 
PARAMETRIC_REPRESENTATION_CONTEXT() REPRESENTATION_CONTEXT('2D SPACE',''
  ) );
#10022 = ORIENTED_EDGE('',*,*,#10023,.F.);
#10023 = EDGE_CURVE('',#9815,#10003,#10024,.T.);
#10024 = SURFACE_CURVE('',#10025,(#10029,#10035),.PCURVE_S1.);
#10025 = LINE('',#10026,#10027);
#10026 = CARTESIAN_POINT('',(-36.95422375906,-38.84895104097,
    39.575544102627));
#10027 = VECTOR('',#10028,1.);
#10028 = DIRECTION('',(-0.654653670708,-0.377964473009,0.654653670708));
#10029 = PCURVE('',#9679,#10030);
#10030 = DEFINITIONAL_REPRESENTATION('',(#10031),#10034);
#10031 = B_SPLINE_CURVE_WITH_KNOTS('',1,(#10032,#10033),.UNSPECIFIED.,
  .F.,.F.,(2,2),(-65.61366059799,-60.45264217311),
  .PIECEWISE_BEZIER_KNOTS.);
#10032 = CARTESIAN_POINT('',(126.98528137423,17.950681609151));
#10033 = CARTESIAN_POINT('',(122.20710678118,16.));
#10034 = ( GEOMETRIC_REPRESENTATION_CONTEXT(2) 
PARAMETRIC_REPRESENTATION_CONTEXT() REPRESENTATION_CONTEXT('2D SPACE',''
  ) );
#10035 = PCURVE('',#9850,#10036);
#10036 = DEFINITIONAL_REPRESENTATION('',(#10037),#10040);
#10037 = B_SPLINE_CURVE_WITH_KNOTS('',1,(#10038,#10039),.UNSPECIFIED.,
  .F.,.F.,(2,2),(-65.61366059799,-60.45264217311),
  .PIECEWISE_BEZIER_KNOTS.);
#10038 = CARTESIAN_POINT('',(3.901363218303,6.));
#10039 = CARTESIAN_POINT('',(1.436695312559E-15,2.62132034356));
#10040 = ( GEOMETRIC_REPRESENTATION_CONTEXT(2) 
PARAMETRIC_REPRESENTATION_CONTEXT() REPRESENTATION_CONTEXT('2D SPACE',''
  ) );
#10041 = ORIENTED_EDGE('',*,*,#9814,.T.);
#10042 = ORIENTED_EDGE('',*,*,#9791,.F.);
#10043 = ADVANCED_FACE('',(#10044),#9876,.T.);
#10044 = FACE_BOUND('',#10045,.T.);
#10045 = EDGE_LOOP('',(#10046,#10067,#10068,#10069,#10070));
#10046 = ORIENTED_EDGE('',*,*,#10047,.T.);
#10047 = EDGE_CURVE('',#10003,#9836,#10048,.T.);
#10048 = SURFACE_CURVE('',#10049,(#10053,#10060),.PCURVE_S1.);
#10049 = LINE('',#10050,#10051);
#10050 = CARTESIAN_POINT('',(-60.,-16.,1.959434878636E-15));
#10051 = VECTOR('',#10052,1.);
#10052 = DIRECTION('',(1.,0.,0.));
#10053 = PCURVE('',#9876,#10054);
#10054 = DEFINITIONAL_REPRESENTATION('',(#10055),#10059);
#10055 = LINE('',#10056,#10057);
#10056 = CARTESIAN_POINT('',(16.,-60.));
#10057 = VECTOR('',#10058,1.);
#10058 = DIRECTION('',(0.,1.));
#10059 = ( GEOMETRIC_REPRESENTATION_CONTEXT(2) 
PARAMETRIC_REPRESENTATION_CONTEXT() REPRESENTATION_CONTEXT('2D SPACE',''
  ) );
#10060 = PCURVE('',#9850,#10061);
#10061 = DEFINITIONAL_REPRESENTATION('',(#10062),#10066);
#10062 = LINE('',#10063,#10064);
#10063 = CARTESIAN_POINT('',(0.,-60.));
#10064 = VECTOR('',#10065,1.);
#10065 = DIRECTION('',(0.,1.));
#10066 = ( GEOMETRIC_REPRESENTATION_CONTEXT(2) 
PARAMETRIC_REPRESENTATION_CONTEXT() REPRESENTATION_CONTEXT('2D SPACE',''
  ) );
#10067 = ORIENTED_EDGE('',*,*,#9861,.F.);
#10068 = ORIENTED_EDGE('',*,*,#9932,.T.);
#10069 = ORIENTED_EDGE('',*,*,#9977,.T.);
#10070 = ORIENTED_EDGE('',*,*,#10002,.F.);
#10071 = ADVANCED_FACE('',(#10072),#9850,.T.);
#10072 = FACE_BOUND('',#10073,.T.);
#10073 = EDGE_LOOP('',(#10074,#10075,#10076));
#10074 = ORIENTED_EDGE('',*,*,#10047,.F.);
#10075 = ORIENTED_EDGE('',*,*,#10023,.F.);
#10076 = ORIENTED_EDGE('',*,*,#9835,.F.);
#10077 = MANIFOLD_SOLID_BREP('',#10078);
#10078 = CLOSED_SHELL('',(#10079,#10219,#10336,#10381,#10426,#10491,
    #10497,#10525));
#10079 = ADVANCED_FACE('',(#10080),#10094,.T.);
#10080 = FACE_BOUND('',#10081,.T.);
#10081 = EDGE_LOOP('',(#10082,#10115,#10143,#10169,#10195));
#10082 = ORIENTED_EDGE('',*,*,#10083,.F.);
#10083 = EDGE_CURVE('',#10084,#10086,#10088,.T.);
#10084 = VERTEX_POINT('',#10085);
#10085 = CARTESIAN_POINT('',(21.37867965644,16.,0.));
#10086 = VERTEX_POINT('',#10087);
#10087 = CARTESIAN_POINT('',(21.87867965644,15.711324865405,0.5));
#10088 = SURFACE_CURVE('',#10089,(#10093,#10104),.PCURVE_S1.);
#10089 = LINE('',#10090,#10091);
#10090 = CARTESIAN_POINT('',(-23.24635760282,41.764277274231,
    -44.62503725926));
#10091 = VECTOR('',#10092,1.);
#10092 = DIRECTION('',(0.654653670708,-0.377964473009,0.654653670708));
#10093 = PCURVE('',#10094,#10099);
#10094 = PLANE('',#10095);
#10095 = AXIS2_PLACEMENT_3D('',#10096,#10097,#10098);
#10096 = CARTESIAN_POINT('',(0.,16.,0.));
#10097 = DIRECTION('',(-0.,0.866025403784,0.5));
#10098 = DIRECTION('',(0.,-0.5,0.866025403784));
#10099 = DEFINITIONAL_REPRESENTATION('',(#10100),#10103);
#10100 = B_SPLINE_CURVE_WITH_KNOTS('',1,(#10101,#10102),.UNSPECIFIED.,
  .F.,.F.,(2,2),(68.165870376929,68.929632992755),
  .PIECEWISE_BEZIER_KNOTS.);
#10101 = CARTESIAN_POINT('',(6.293833435047E-16,21.37867965644));
#10102 = CARTESIAN_POINT('',(0.57735026919,21.87867965644));
#10103 = ( GEOMETRIC_REPRESENTATION_CONTEXT(2) 
PARAMETRIC_REPRESENTATION_CONTEXT() REPRESENTATION_CONTEXT('2D SPACE',''
  ) );
#10104 = PCURVE('',#10105,#10110);
#10105 = PLANE('',#10106);
#10106 = AXIS2_PLACEMENT_3D('',#10107,#10108,#10109);
#10107 = CARTESIAN_POINT('',(-85.91347391416,-32.,-107.2921535706));
#10108 = DIRECTION('',(-0.707106781187,0.,0.707106781187));
#10109 = DIRECTION('',(0.707106781187,0.,0.707106781187));
#10110 = DEFINITIONAL_REPRESENTATION('',(#10111),#10114);
#10111 = B_SPLINE_CURVE_WITH_KNOTS('',1,(#10112,#10113),.UNSPECIFIED.,
  .F.,.F.,(2,2),(68.165870376929,68.929632992755),
  .PIECEWISE_BEZIER_KNOTS.);
#10112 = CARTESIAN_POINT('',(151.73401871576,48.));
#10113 = CARTESIAN_POINT('',(152.44112549695,47.711324865405));
#10114 = ( GEOMETRIC_REPRESENTATION_CONTEXT(2) 
PARAMETRIC_REPRESENTATION_CONTEXT() REPRESENTATION_CONTEXT('2D SPACE',''
  ) );
#10115 = ORIENTED_EDGE('',*,*,#10116,.T.);
#10116 = EDGE_CURVE('',#10084,#10117,#10119,.T.);
#10117 = VERTEX_POINT('',#10118);
#10118 = CARTESIAN_POINT('',(14.62132034356,16.,0.));
#10119 = SURFACE_CURVE('',#10120,(#10124,#10131),.PCURVE_S1.);
#10120 = LINE('',#10121,#10122);
#10121 = CARTESIAN_POINT('',(60.,16.,0.));
#10122 = VECTOR('',#10123,1.);
#10123 = DIRECTION('',(-1.,0.,0.));
#10124 = PCURVE('',#10094,#10125);
#10125 = DEFINITIONAL_REPRESENTATION('',(#10126),#10130);
#10126 = LINE('',#10127,#10128);
#10127 = CARTESIAN_POINT('',(0.,60.));
#10128 = VECTOR('',#10129,1.);
#10129 = DIRECTION('',(0.,-1.));
#10130 = ( GEOMETRIC_REPRESENTATION_CONTEXT(2) 
PARAMETRIC_REPRESENTATION_CONTEXT() REPRESENTATION_CONTEXT('2D SPACE',''
  ) );
#10131 = PCURVE('',#10132,#10137);
#10132 = PLANE('',#10133);
#10133 = AXIS2_PLACEMENT_3D('',#10134,#10135,#10136);
#10134 = CARTESIAN_POINT('',(0.,8.,-13.85640646055));
#10135 = DIRECTION('',(0.,0.866025403784,-0.5));
#10136 = DIRECTION('',(0.,0.5,0.866025403784));
#10137 = DEFINITIONAL_REPRESENTATION('',(#10138),#10142);
#10138 = LINE('',#10139,#10140);
#10139 = CARTESIAN_POINT('',(16.,60.));
#10140 = VECTOR('',#10141,1.);
#10141 = DIRECTION('',(0.,-1.));
#10142 = ( GEOMETRIC_REPRESENTATION_CONTEXT(2) 
PARAMETRIC_REPRESENTATION_CONTEXT() REPRESENTATION_CONTEXT('2D SPACE',''
  ) );
#10143 = ORIENTED_EDGE('',*,*,#10144,.F.);
#10144 = EDGE_CURVE('',#10145,#10117,#10147,.T.);
#10145 = VERTEX_POINT('',#10146);
#10146 = CARTESIAN_POINT('',(14.12132034356,15.711324865405,0.5));
#10147 = SURFACE_CURVE('',#10148,(#10152,#10158),.PCURVE_S1.);
#10148 = LINE('',#10149,#10150);
#10149 = CARTESIAN_POINT('',(-36.62748274779,-13.58851026044,
    51.248803091356));
#10150 = VECTOR('',#10151,1.);
#10151 = DIRECTION('',(0.654653670708,0.377964473009,-0.654653670708));
#10152 = PCURVE('',#10094,#10153);
#10153 = DEFINITIONAL_REPRESENTATION('',(#10154),#10157);
#10154 = B_SPLINE_CURVE_WITH_KNOTS('',1,(#10155,#10156),.UNSPECIFIED.,
  .F.,.F.,(2,2),(77.520077198182,78.283839814008),
  .PIECEWISE_BEZIER_KNOTS.);
#10155 = CARTESIAN_POINT('',(0.57735026919,14.12132034356));
#10156 = CARTESIAN_POINT('',(1.181624087216E-17,14.62132034356));
#10157 = ( GEOMETRIC_REPRESENTATION_CONTEXT(2) 
PARAMETRIC_REPRESENTATION_CONTEXT() REPRESENTATION_CONTEXT('2D SPACE',''
  ) );
#10158 = PCURVE('',#10159,#10164);
#10159 = PLANE('',#10160);
#10160 = AXIS2_PLACEMENT_3D('',#10161,#10162,#10163);
#10161 = CARTESIAN_POINT('',(-83.7921535706,-32.,98.413473914166));
#10162 = DIRECTION('',(0.707106781187,0.,0.707106781187));
#10163 = DIRECTION('',(0.707106781187,0.,-0.707106781187));
#10164 = DEFINITIONAL_REPRESENTATION('',(#10165),#10168);
#10165 = B_SPLINE_CURVE_WITH_KNOTS('',1,(#10166,#10167),.UNSPECIFIED.,
  .F.,.F.,(2,2),(77.520077198182,78.283839814008),
  .PIECEWISE_BEZIER_KNOTS.);
#10166 = CARTESIAN_POINT('',(138.47056274847,47.711324865405));
#10167 = CARTESIAN_POINT('',(139.17766952966,48.));
#10168 = ( GEOMETRIC_REPRESENTATION_CONTEXT(2) 
PARAMETRIC_REPRESENTATION_CONTEXT() REPRESENTATION_CONTEXT('2D SPACE',''
  ) );
#10169 = ORIENTED_EDGE('',*,*,#10170,.T.);
#10170 = EDGE_CURVE('',#10145,#10171,#10173,.T.);
#10171 = VERTEX_POINT('',#10172);
#10172 = CARTESIAN_POINT('',(18.,13.471968121659,4.37867965644));
#10173 = SURFACE_CURVE('',#10174,(#10178,#10184),.PCURVE_S1.);
#10174 = LINE('',#10175,#10176);
#10175 = CARTESIAN_POINT('',(-25.1077057816,38.360213658818,
    -38.72902612516));
#10176 = VECTOR('',#10177,1.);
#10177 = DIRECTION('',(0.654653670708,-0.377964473009,0.654653670708));
#10178 = PCURVE('',#10094,#10179);
#10179 = DEFINITIONAL_REPRESENTATION('',(#10180),#10183);
#10180 = B_SPLINE_CURVE_WITH_KNOTS('',1,(#10181,#10182),.UNSPECIFIED.,
  .F.,.F.,(2,2),(59.923327219329,65.848108260037),
  .PIECEWISE_BEZIER_KNOTS.);
#10181 = CARTESIAN_POINT('',(0.57735026919,14.12132034356));
#10182 = CARTESIAN_POINT('',(5.056063756682,18.));
#10183 = ( GEOMETRIC_REPRESENTATION_CONTEXT(2) 
PARAMETRIC_REPRESENTATION_CONTEXT() REPRESENTATION_CONTEXT('2D SPACE',''
  ) );
#10184 = PCURVE('',#10185,#10190);
#10185 = PLANE('',#10186);
#10186 = AXIS2_PLACEMENT_3D('',#10187,#10188,#10189);
#10187 = CARTESIAN_POINT('',(-83.7921535706,-32.,-97.41347391416));
#10188 = DIRECTION('',(-0.707106781187,0.,0.707106781187));
#10189 = DIRECTION('',(0.707106781187,0.,0.707106781187));
#10190 = DEFINITIONAL_REPRESENTATION('',(#10191),#10194);
#10191 = B_SPLINE_CURVE_WITH_KNOTS('',1,(#10192,#10193),.UNSPECIFIED.,
  .F.,.F.,(2,2),(59.923327219329,65.848108260037),
  .PIECEWISE_BEZIER_KNOTS.);
#10192 = CARTESIAN_POINT('',(138.47056274847,47.711324865405));
#10193 = CARTESIAN_POINT('',(143.95584412271,45.471968121659));
#10194 = ( GEOMETRIC_REPRESENTATION_CONTEXT(2) 
PARAMETRIC_REPRESENTATION_CONTEXT() REPRESENTATION_CONTEXT('2D SPACE',''
  ) );
#10195 = ORIENTED_EDGE('',*,*,#10196,.T.);
#10196 = EDGE_CURVE('',#10171,#10086,#10197,.T.);
#10197 = SURFACE_CURVE('',#10198,(#10202,#10208),.PCURVE_S1.);
#10198 = LINE('',#10199,#10200);
#10199 = CARTESIAN_POINT('',(-34.766134569,-16.99257387585,
    57.144814225447));
#10200 = VECTOR('',#10201,1.);
#10201 = DIRECTION('',(0.654653670708,0.377964473009,-0.654653670708));
#10202 = PCURVE('',#10094,#10203);
#10203 = DEFINITIONAL_REPRESENTATION('',(#10204),#10207);
#10204 = B_SPLINE_CURVE_WITH_KNOTS('',1,(#10205,#10206),.UNSPECIFIED.,
  .F.,.F.,(2,2),(80.6016019309,86.526382971608),
  .PIECEWISE_BEZIER_KNOTS.);
#10205 = CARTESIAN_POINT('',(5.056063756682,18.));
#10206 = CARTESIAN_POINT('',(0.57735026919,21.87867965644));
#10207 = ( GEOMETRIC_REPRESENTATION_CONTEXT(2) 
PARAMETRIC_REPRESENTATION_CONTEXT() REPRESENTATION_CONTEXT('2D SPACE',''
  ) );
#10208 = PCURVE('',#10209,#10214);
#10209 = PLANE('',#10210);
#10210 = AXIS2_PLACEMENT_3D('',#10211,#10212,#10213);
#10211 = CARTESIAN_POINT('',(-85.91347391416,-32.,108.2921535706));
#10212 = DIRECTION('',(0.707106781187,0.,0.707106781187));
#10213 = DIRECTION('',(0.707106781187,0.,-0.707106781187));
#10214 = DEFINITIONAL_REPRESENTATION('',(#10215),#10218);
#10215 = B_SPLINE_CURVE_WITH_KNOTS('',1,(#10216,#10217),.UNSPECIFIED.,
  .F.,.F.,(2,2),(80.6016019309,86.526382971608),
  .PIECEWISE_BEZIER_KNOTS.);
#10216 = CARTESIAN_POINT('',(146.95584412271,45.471968121659));
#10217 = CARTESIAN_POINT('',(152.44112549695,47.711324865405));
#10218 = ( GEOMETRIC_REPRESENTATION_CONTEXT(2) 
PARAMETRIC_REPRESENTATION_CONTEXT() REPRESENTATION_CONTEXT('2D SPACE',''
  ) );
#10219 = ADVANCED_FACE('',(#10220),#10105,.F.);
#10220 = FACE_BOUND('',#10221,.F.);
#10221 = EDGE_LOOP('',(#10222,#10243,#10264,#10290,#10316,#10335));
#10222 = ORIENTED_EDGE('',*,*,#10223,.F.);
#10223 = EDGE_CURVE('',#10224,#10084,#10226,.T.);
#10224 = VERTEX_POINT('',#10225);
#10225 = CARTESIAN_POINT('',(18.,14.049318390849,-3.37867965644));
#10226 = SURFACE_CURVE('',#10227,(#10231,#10237),.PCURVE_S1.);
#10227 = LINE('',#10228,#10229);
#10228 = CARTESIAN_POINT('',(-39.08225070059,-18.90713441708,
    -60.46093035703));
#10229 = VECTOR('',#10230,1.);
#10230 = DIRECTION('',(0.654653670708,0.377964473009,0.654653670708));
#10231 = PCURVE('',#10105,#10232);
#10232 = DEFINITIONAL_REPRESENTATION('',(#10233),#10236);
#10233 = B_SPLINE_CURVE_WITH_KNOTS('',1,(#10234,#10235),.UNSPECIFIED.,
  .F.,.F.,(2,2),(87.194578224638,92.35559664952),
  .PIECEWISE_BEZIER_KNOTS.);
#10234 = CARTESIAN_POINT('',(146.95584412271,46.049318390849));
#10235 = CARTESIAN_POINT('',(151.73401871576,48.));
#10236 = ( GEOMETRIC_REPRESENTATION_CONTEXT(2) 
PARAMETRIC_REPRESENTATION_CONTEXT() REPRESENTATION_CONTEXT('2D SPACE',''
  ) );
#10237 = PCURVE('',#10132,#10238);
#10238 = DEFINITIONAL_REPRESENTATION('',(#10239),#10242);
#10239 = B_SPLINE_CURVE_WITH_KNOTS('',1,(#10240,#10241),.UNSPECIFIED.,
  .F.,.F.,(2,2),(87.194578224638,92.35559664952),
  .PIECEWISE_BEZIER_KNOTS.);
#10240 = CARTESIAN_POINT('',(12.098636781697,18.));
#10241 = CARTESIAN_POINT('',(16.,21.37867965644));
#10242 = ( GEOMETRIC_REPRESENTATION_CONTEXT(2) 
PARAMETRIC_REPRESENTATION_CONTEXT() REPRESENTATION_CONTEXT('2D SPACE',''
  ) );
#10243 = ORIENTED_EDGE('',*,*,#10244,.F.);
#10244 = EDGE_CURVE('',#10245,#10224,#10247,.T.);
#10245 = VERTEX_POINT('',#10246);
#10246 = CARTESIAN_POINT('',(18.,-14.04931839084,-3.37867965644));
#10247 = SURFACE_CURVE('',#10248,(#10252,#10258),.PCURVE_S1.);
#10248 = LINE('',#10249,#10250);
#10249 = CARTESIAN_POINT('',(18.,-32.,-3.37867965644));
#10250 = VECTOR('',#10251,1.);
#10251 = DIRECTION('',(0.,1.,-0.));
#10252 = PCURVE('',#10105,#10253);
#10253 = DEFINITIONAL_REPRESENTATION('',(#10254),#10257);
#10254 = B_SPLINE_CURVE_WITH_KNOTS('',1,(#10255,#10256),.UNSPECIFIED.,
  .F.,.F.,(2,2),(0.,64.),.PIECEWISE_BEZIER_KNOTS.);
#10255 = CARTESIAN_POINT('',(146.95584412271,0.));
#10256 = CARTESIAN_POINT('',(146.95584412271,64.));
#10257 = ( GEOMETRIC_REPRESENTATION_CONTEXT(2) 
PARAMETRIC_REPRESENTATION_CONTEXT() REPRESENTATION_CONTEXT('2D SPACE',''
  ) );
#10258 = PCURVE('',#10159,#10259);
#10259 = DEFINITIONAL_REPRESENTATION('',(#10260),#10263);
#10260 = B_SPLINE_CURVE_WITH_KNOTS('',1,(#10261,#10262),.UNSPECIFIED.,
  .F.,.F.,(2,2),(0.,64.),.PIECEWISE_BEZIER_KNOTS.);
#10261 = CARTESIAN_POINT('',(143.95584412271,0.));
#10262 = CARTESIAN_POINT('',(143.95584412271,64.));
#10263 = ( GEOMETRIC_REPRESENTATION_CONTEXT(2) 
PARAMETRIC_REPRESENTATION_CONTEXT() REPRESENTATION_CONTEXT('2D SPACE',''
  ) );
#10264 = ORIENTED_EDGE('',*,*,#10265,.F.);
#10265 = EDGE_CURVE('',#10266,#10245,#10268,.T.);
#10266 = VERTEX_POINT('',#10267);
#10267 = CARTESIAN_POINT('',(21.37867965644,-16.,1.959434878636E-15));
#10268 = SURFACE_CURVE('',#10269,(#10273,#10279),.PCURVE_S1.);
#10269 = LINE('',#10270,#10271);
#10270 = CARTESIAN_POINT('',(-27.20533087726,12.049991559946,
    -48.5840105337));
#10271 = VECTOR('',#10272,1.);
#10272 = DIRECTION('',(-0.654653670708,0.377964473009,-0.654653670708));
#10273 = PCURVE('',#10105,#10274);
#10274 = DEFINITIONAL_REPRESENTATION('',(#10275),#10278);
#10275 = B_SPLINE_CURVE_WITH_KNOTS('',1,(#10276,#10277),.UNSPECIFIED.,
  .F.,.F.,(2,2),(-74.21330194507,-69.05228352019),
  .PIECEWISE_BEZIER_KNOTS.);
#10276 = CARTESIAN_POINT('',(151.73401871576,16.));
#10277 = CARTESIAN_POINT('',(146.95584412271,17.950681609151));
#10278 = ( GEOMETRIC_REPRESENTATION_CONTEXT(2) 
PARAMETRIC_REPRESENTATION_CONTEXT() REPRESENTATION_CONTEXT('2D SPACE',''
  ) );
#10279 = PCURVE('',#10280,#10285);
#10280 = PLANE('',#10281);
#10281 = AXIS2_PLACEMENT_3D('',#10282,#10283,#10284);
#10282 = CARTESIAN_POINT('',(0.,-16.,1.959434878636E-15));
#10283 = DIRECTION('',(0.,-0.866025403784,-0.5));
#10284 = DIRECTION('',(0.,0.5,-0.866025403784));
#10285 = DEFINITIONAL_REPRESENTATION('',(#10286),#10289);
#10286 = B_SPLINE_CURVE_WITH_KNOTS('',1,(#10287,#10288),.UNSPECIFIED.,
  .F.,.F.,(2,2),(-74.21330194507,-69.05228352019),
  .PIECEWISE_BEZIER_KNOTS.);
#10287 = CARTESIAN_POINT('',(1.414191577483E-15,21.37867965644));
#10288 = CARTESIAN_POINT('',(3.901363218303,18.));
#10289 = ( GEOMETRIC_REPRESENTATION_CONTEXT(2) 
PARAMETRIC_REPRESENTATION_CONTEXT() REPRESENTATION_CONTEXT('2D SPACE',''
  ) );
#10290 = ORIENTED_EDGE('',*,*,#10291,.F.);
#10291 = EDGE_CURVE('',#10292,#10266,#10294,.T.);
#10292 = VERTEX_POINT('',#10293);
#10293 = CARTESIAN_POINT('',(21.87867965644,-15.7113248654,0.5));
#10294 = SURFACE_CURVE('',#10295,(#10299,#10305),.PCURVE_S1.);
#10295 = LINE('',#10296,#10297);
#10296 = CARTESIAN_POINT('',(-27.20533087726,-44.04999155994,
    -48.5840105337));
#10297 = VECTOR('',#10298,1.);
#10298 = DIRECTION('',(-0.654653670708,-0.377964473009,-0.654653670708)
  );
#10299 = PCURVE('',#10105,#10300);
#10300 = DEFINITIONAL_REPRESENTATION('',(#10301),#10304);
#10301 = B_SPLINE_CURVE_WITH_KNOTS('',1,(#10302,#10303),.UNSPECIFIED.,
  .F.,.F.,(2,2),(-74.9770645609,-74.21330194507),
  .PIECEWISE_BEZIER_KNOTS.);
#10302 = CARTESIAN_POINT('',(152.44112549695,16.288675134595));
#10303 = CARTESIAN_POINT('',(151.73401871576,16.));
#10304 = ( GEOMETRIC_REPRESENTATION_CONTEXT(2) 
PARAMETRIC_REPRESENTATION_CONTEXT() REPRESENTATION_CONTEXT('2D SPACE',''
  ) );
#10305 = PCURVE('',#10306,#10311);
#10306 = PLANE('',#10307);
#10307 = AXIS2_PLACEMENT_3D('',#10308,#10309,#10310);
#10308 = CARTESIAN_POINT('',(0.,-8.,13.856406460551));
#10309 = DIRECTION('',(0.,-0.866025403784,0.5));
#10310 = DIRECTION('',(0.,-0.5,-0.866025403784));
#10311 = DEFINITIONAL_REPRESENTATION('',(#10312),#10315);
#10312 = B_SPLINE_CURVE_WITH_KNOTS('',1,(#10313,#10314),.UNSPECIFIED.,
  .F.,.F.,(2,2),(-74.9770645609,-74.21330194507),
  .PIECEWISE_BEZIER_KNOTS.);
#10313 = CARTESIAN_POINT('',(15.42264973081,21.87867965644));
#10314 = CARTESIAN_POINT('',(16.,21.37867965644));
#10315 = ( GEOMETRIC_REPRESENTATION_CONTEXT(2) 
PARAMETRIC_REPRESENTATION_CONTEXT() REPRESENTATION_CONTEXT('2D SPACE',''
  ) );
#10316 = ORIENTED_EDGE('',*,*,#10317,.T.);
#10317 = EDGE_CURVE('',#10292,#10086,#10318,.T.);
#10318 = SURFACE_CURVE('',#10319,(#10323,#10329),.PCURVE_S1.);
#10319 = LINE('',#10320,#10321);
#10320 = CARTESIAN_POINT('',(21.87867965644,-32.,0.5));
#10321 = VECTOR('',#10322,1.);
#10322 = DIRECTION('',(0.,1.,-0.));
#10323 = PCURVE('',#10105,#10324);
#10324 = DEFINITIONAL_REPRESENTATION('',(#10325),#10328);
#10325 = B_SPLINE_CURVE_WITH_KNOTS('',1,(#10326,#10327),.UNSPECIFIED.,
  .F.,.F.,(2,2),(0.,64.),.PIECEWISE_BEZIER_KNOTS.);
#10326 = CARTESIAN_POINT('',(152.44112549695,0.));
#10327 = CARTESIAN_POINT('',(152.44112549695,64.));
#10328 = ( GEOMETRIC_REPRESENTATION_CONTEXT(2) 
PARAMETRIC_REPRESENTATION_CONTEXT() REPRESENTATION_CONTEXT('2D SPACE',''
  ) );
#10329 = PCURVE('',#10209,#10330);
#10330 = DEFINITIONAL_REPRESENTATION('',(#10331),#10334);
#10331 = B_SPLINE_CURVE_WITH_KNOTS('',1,(#10332,#10333),.UNSPECIFIED.,
  .F.,.F.,(2,2),(0.,64.),.PIECEWISE_BEZIER_KNOTS.);
#10332 = CARTESIAN_POINT('',(152.44112549695,0.));
#10333 = CARTESIAN_POINT('',(152.44112549695,64.));
#10334 = ( GEOMETRIC_REPRESENTATION_CONTEXT(2) 
PARAMETRIC_REPRESENTATION_CONTEXT() REPRESENTATION_CONTEXT('2D SPACE',''
  ) );
#10335 = ORIENTED_EDGE('',*,*,#10083,.F.);
#10336 = ADVANCED_FACE('',(#10337),#10209,.T.);
#10337 = FACE_BOUND('',#10338,.T.);
#10338 = EDGE_LOOP('',(#10339,#10340,#10361,#10380));
#10339 = ORIENTED_EDGE('',*,*,#10196,.F.);
#10340 = ORIENTED_EDGE('',*,*,#10341,.F.);
#10341 = EDGE_CURVE('',#10342,#10171,#10344,.T.);
#10342 = VERTEX_POINT('',#10343);
#10343 = CARTESIAN_POINT('',(18.,-13.47196812165,4.37867965644));
#10344 = SURFACE_CURVE('',#10345,(#10349,#10355),.PCURVE_S1.);
#10345 = LINE('',#10346,#10347);
#10346 = CARTESIAN_POINT('',(18.,-32.,4.37867965644));
#10347 = VECTOR('',#10348,1.);
#10348 = DIRECTION('',(0.,1.,-0.));
#10349 = PCURVE('',#10209,#10350);
#10350 = DEFINITIONAL_REPRESENTATION('',(#10351),#10354);
#10351 = B_SPLINE_CURVE_WITH_KNOTS('',1,(#10352,#10353),.UNSPECIFIED.,
  .F.,.F.,(2,2),(0.,64.),.PIECEWISE_BEZIER_KNOTS.);
#10352 = CARTESIAN_POINT('',(146.95584412271,0.));
#10353 = CARTESIAN_POINT('',(146.95584412271,64.));
#10354 = ( GEOMETRIC_REPRESENTATION_CONTEXT(2) 
PARAMETRIC_REPRESENTATION_CONTEXT() REPRESENTATION_CONTEXT('2D SPACE',''
  ) );
#10355 = PCURVE('',#10185,#10356);
#10356 = DEFINITIONAL_REPRESENTATION('',(#10357),#10360);
#10357 = B_SPLINE_CURVE_WITH_KNOTS('',1,(#10358,#10359),.UNSPECIFIED.,
  .F.,.F.,(2,2),(0.,64.),.PIECEWISE_BEZIER_KNOTS.);
#10358 = CARTESIAN_POINT('',(143.95584412271,0.));
#10359 = CARTESIAN_POINT('',(143.95584412271,64.));
#10360 = ( GEOMETRIC_REPRESENTATION_CONTEXT(2) 
PARAMETRIC_REPRESENTATION_CONTEXT() REPRESENTATION_CONTEXT('2D SPACE',''
  ) );
#10361 = ORIENTED_EDGE('',*,*,#10362,.F.);
#10362 = EDGE_CURVE('',#10292,#10342,#10363,.T.);
#10363 = SURFACE_CURVE('',#10364,(#10368,#10374),.PCURVE_S1.);
#10364 = LINE('',#10365,#10366);
#10365 = CARTESIAN_POINT('',(-30.80716129456,14.706859590139,
    53.185840951004));
#10366 = VECTOR('',#10367,1.);
#10367 = DIRECTION('',(-0.654653670708,0.377964473009,0.654653670708));
#10368 = PCURVE('',#10209,#10369);
#10369 = DEFINITIONAL_REPRESENTATION('',(#10370),#10373);
#10370 = B_SPLINE_CURVE_WITH_KNOTS('',1,(#10371,#10372),.UNSPECIFIED.,
  .F.,.F.,(2,2),(-80.47895140346,-74.55417036275),
  .PIECEWISE_BEZIER_KNOTS.);
#10371 = CARTESIAN_POINT('',(152.44112549695,16.288675134595));
#10372 = CARTESIAN_POINT('',(146.95584412271,18.528031878341));
#10373 = ( GEOMETRIC_REPRESENTATION_CONTEXT(2) 
PARAMETRIC_REPRESENTATION_CONTEXT() REPRESENTATION_CONTEXT('2D SPACE',''
  ) );
#10374 = PCURVE('',#10306,#10375);
#10375 = DEFINITIONAL_REPRESENTATION('',(#10376),#10379);
#10376 = B_SPLINE_CURVE_WITH_KNOTS('',1,(#10377,#10378),.UNSPECIFIED.,
  .F.,.F.,(2,2),(-80.47895140346,-74.55417036275),
  .PIECEWISE_BEZIER_KNOTS.);
#10377 = CARTESIAN_POINT('',(15.42264973081,21.87867965644));
#10378 = CARTESIAN_POINT('',(10.943936243318,18.));
#10379 = ( GEOMETRIC_REPRESENTATION_CONTEXT(2) 
PARAMETRIC_REPRESENTATION_CONTEXT() REPRESENTATION_CONTEXT('2D SPACE',''
  ) );
#10380 = ORIENTED_EDGE('',*,*,#10317,.T.);
#10381 = ADVANCED_FACE('',(#10382),#10185,.T.);
#10382 = FACE_BOUND('',#10383,.T.);
#10383 = EDGE_LOOP('',(#10384,#10385,#10406,#10425));
#10384 = ORIENTED_EDGE('',*,*,#10170,.F.);
#10385 = ORIENTED_EDGE('',*,*,#10386,.F.);
#10386 = EDGE_CURVE('',#10387,#10145,#10389,.T.);
#10387 = VERTEX_POINT('',#10388);
#10388 = CARTESIAN_POINT('',(14.12132034356,-15.7113248654,0.5));
#10389 = SURFACE_CURVE('',#10390,(#10394,#10400),.PCURVE_S1.);
#10390 = LINE('',#10391,#10392);
#10391 = CARTESIAN_POINT('',(14.12132034356,-32.,0.5));
#10392 = VECTOR('',#10393,1.);
#10393 = DIRECTION('',(0.,1.,-0.));
#10394 = PCURVE('',#10185,#10395);
#10395 = DEFINITIONAL_REPRESENTATION('',(#10396),#10399);
#10396 = B_SPLINE_CURVE_WITH_KNOTS('',1,(#10397,#10398),.UNSPECIFIED.,
  .F.,.F.,(2,2),(0.,64.),.PIECEWISE_BEZIER_KNOTS.);
#10397 = CARTESIAN_POINT('',(138.47056274847,0.));
#10398 = CARTESIAN_POINT('',(138.47056274847,64.));
#10399 = ( GEOMETRIC_REPRESENTATION_CONTEXT(2) 
PARAMETRIC_REPRESENTATION_CONTEXT() REPRESENTATION_CONTEXT('2D SPACE',''
  ) );
#10400 = PCURVE('',#10159,#10401);
#10401 = DEFINITIONAL_REPRESENTATION('',(#10402),#10405);
#10402 = B_SPLINE_CURVE_WITH_KNOTS('',1,(#10403,#10404),.UNSPECIFIED.,
  .F.,.F.,(2,2),(0.,64.),.PIECEWISE_BEZIER_KNOTS.);
#10403 = CARTESIAN_POINT('',(138.47056274847,0.));
#10404 = CARTESIAN_POINT('',(138.47056274847,64.));
#10405 = ( GEOMETRIC_REPRESENTATION_CONTEXT(2) 
PARAMETRIC_REPRESENTATION_CONTEXT() REPRESENTATION_CONTEXT('2D SPACE',''
  ) );
#10406 = ORIENTED_EDGE('',*,*,#10407,.F.);
#10407 = EDGE_CURVE('',#10342,#10387,#10408,.T.);
#10408 = SURFACE_CURVE('',#10409,(#10413,#10419),.PCURVE_S1.);
#10409 = LINE('',#10410,#10411);
#10410 = CARTESIAN_POINT('',(-29.06667905605,-40.64592794453,
    -42.68799939961));
#10411 = VECTOR('',#10412,1.);
#10412 = DIRECTION('',(-0.654653670708,-0.377964473009,-0.654653670708)
  );
#10413 = PCURVE('',#10185,#10414);
#10414 = DEFINITIONAL_REPRESENTATION('',(#10415),#10418);
#10415 = B_SPLINE_CURVE_WITH_KNOTS('',1,(#10416,#10417),.UNSPECIFIED.,
  .F.,.F.,(2,2),(-71.89553982818,-65.97075878747),
  .PIECEWISE_BEZIER_KNOTS.);
#10416 = CARTESIAN_POINT('',(143.95584412271,18.528031878341));
#10417 = CARTESIAN_POINT('',(138.47056274847,16.288675134595));
#10418 = ( GEOMETRIC_REPRESENTATION_CONTEXT(2) 
PARAMETRIC_REPRESENTATION_CONTEXT() REPRESENTATION_CONTEXT('2D SPACE',''
  ) );
#10419 = PCURVE('',#10306,#10420);
#10420 = DEFINITIONAL_REPRESENTATION('',(#10421),#10424);
#10421 = B_SPLINE_CURVE_WITH_KNOTS('',1,(#10422,#10423),.UNSPECIFIED.,
  .F.,.F.,(2,2),(-71.89553982818,-65.97075878747),
  .PIECEWISE_BEZIER_KNOTS.);
#10422 = CARTESIAN_POINT('',(10.943936243318,18.));
#10423 = CARTESIAN_POINT('',(15.42264973081,14.12132034356));
#10424 = ( GEOMETRIC_REPRESENTATION_CONTEXT(2) 
PARAMETRIC_REPRESENTATION_CONTEXT() REPRESENTATION_CONTEXT('2D SPACE',''
  ) );
#10425 = ORIENTED_EDGE('',*,*,#10341,.T.);
#10426 = ADVANCED_FACE('',(#10427),#10159,.F.);
#10427 = FACE_BOUND('',#10428,.F.);
#10428 = EDGE_LOOP('',(#10429,#10430,#10431,#10452,#10471,#10472));
#10429 = ORIENTED_EDGE('',*,*,#10144,.F.);
#10430 = ORIENTED_EDGE('',*,*,#10386,.F.);
#10431 = ORIENTED_EDGE('',*,*,#10432,.F.);
#10432 = EDGE_CURVE('',#10433,#10387,#10435,.T.);
#10433 = VERTEX_POINT('',#10434);
#10434 = CARTESIAN_POINT('',(14.62132034356,-16.,1.959434878636E-15));
#10435 = SURFACE_CURVE('',#10436,(#10440,#10446),.PCURVE_S1.);
#10436 = LINE('',#10437,#10438);
#10437 = CARTESIAN_POINT('',(-32.66850947335,11.302795974726,
    47.289829816912));
#10438 = VECTOR('',#10439,1.);
#10439 = DIRECTION('',(-0.654653670708,0.377964473009,0.654653670708));
#10440 = PCURVE('',#10159,#10441);
#10441 = DEFINITIONAL_REPRESENTATION('',(#10442),#10445);
#10442 = B_SPLINE_CURVE_WITH_KNOTS('',1,(#10443,#10444),.UNSPECIFIED.,
  .F.,.F.,(2,2),(-72.23640824586,-71.47264563003),
  .PIECEWISE_BEZIER_KNOTS.);
#10443 = CARTESIAN_POINT('',(139.17766952966,16.));
#10444 = CARTESIAN_POINT('',(138.47056274847,16.288675134595));
#10445 = ( GEOMETRIC_REPRESENTATION_CONTEXT(2) 
PARAMETRIC_REPRESENTATION_CONTEXT() REPRESENTATION_CONTEXT('2D SPACE',''
  ) );
#10446 = PCURVE('',#10306,#10447);
#10447 = DEFINITIONAL_REPRESENTATION('',(#10448),#10451);
#10448 = B_SPLINE_CURVE_WITH_KNOTS('',1,(#10449,#10450),.UNSPECIFIED.,
  .F.,.F.,(2,2),(-72.23640824586,-71.47264563003),
  .PIECEWISE_BEZIER_KNOTS.);
#10449 = CARTESIAN_POINT('',(16.,14.62132034356));
#10450 = CARTESIAN_POINT('',(15.42264973081,14.12132034356));
#10451 = ( GEOMETRIC_REPRESENTATION_CONTEXT(2) 
PARAMETRIC_REPRESENTATION_CONTEXT() REPRESENTATION_CONTEXT('2D SPACE',''
  ) );
#10452 = ORIENTED_EDGE('',*,*,#10453,.F.);
#10453 = EDGE_CURVE('',#10245,#10433,#10454,.T.);
#10454 = SURFACE_CURVE('',#10455,(#10459,#10465),.PCURVE_S1.);
#10455 = LINE('',#10456,#10457);
#10456 = CARTESIAN_POINT('',(-32.66850947335,-43.30279597472,
    47.289829816912));
#10457 = VECTOR('',#10458,1.);
#10458 = DIRECTION('',(-0.654653670708,-0.377964473009,0.654653670708));
#10459 = PCURVE('',#10159,#10460);
#10460 = DEFINITIONAL_REPRESENTATION('',(#10461),#10464);
#10461 = B_SPLINE_CURVE_WITH_KNOTS('',1,(#10462,#10463),.UNSPECIFIED.,
  .F.,.F.,(2,2),(-77.39742667074,-72.23640824586),
  .PIECEWISE_BEZIER_KNOTS.);
#10462 = CARTESIAN_POINT('',(143.95584412271,17.950681609151));
#10463 = CARTESIAN_POINT('',(139.17766952966,16.));
#10464 = ( GEOMETRIC_REPRESENTATION_CONTEXT(2) 
PARAMETRIC_REPRESENTATION_CONTEXT() REPRESENTATION_CONTEXT('2D SPACE',''
  ) );
#10465 = PCURVE('',#10280,#10466);
#10466 = DEFINITIONAL_REPRESENTATION('',(#10467),#10470);
#10467 = B_SPLINE_CURVE_WITH_KNOTS('',1,(#10468,#10469),.UNSPECIFIED.,
  .F.,.F.,(2,2),(-77.39742667074,-72.23640824586),
  .PIECEWISE_BEZIER_KNOTS.);
#10468 = CARTESIAN_POINT('',(3.901363218303,18.));
#10469 = CARTESIAN_POINT('',(2.031758680115E-15,14.62132034356));
#10470 = ( GEOMETRIC_REPRESENTATION_CONTEXT(2) 
PARAMETRIC_REPRESENTATION_CONTEXT() REPRESENTATION_CONTEXT('2D SPACE',''
  ) );
#10471 = ORIENTED_EDGE('',*,*,#10244,.T.);
#10472 = ORIENTED_EDGE('',*,*,#10473,.F.);
#10473 = EDGE_CURVE('',#10117,#10224,#10474,.T.);
#10474 = SURFACE_CURVE('',#10475,(#10479,#10485),.PCURVE_S1.);
#10475 = LINE('',#10476,#10477);
#10476 = CARTESIAN_POINT('',(-20.79158965002,36.445653117583,
    35.412909993583));
#10477 = VECTOR('',#10478,1.);
#10478 = DIRECTION('',(0.654653670708,-0.377964473009,-0.654653670708));
#10479 = PCURVE('',#10159,#10480);
#10480 = DEFINITIONAL_REPRESENTATION('',(#10481),#10484);
#10481 = B_SPLINE_CURVE_WITH_KNOTS('',1,(#10482,#10483),.UNSPECIFIED.,
  .F.,.F.,(2,2),(54.094113541417,59.255131966299),
  .PIECEWISE_BEZIER_KNOTS.);
#10482 = CARTESIAN_POINT('',(139.17766952966,48.));
#10483 = CARTESIAN_POINT('',(143.95584412271,46.049318390849));
#10484 = ( GEOMETRIC_REPRESENTATION_CONTEXT(2) 
PARAMETRIC_REPRESENTATION_CONTEXT() REPRESENTATION_CONTEXT('2D SPACE',''
  ) );
#10485 = PCURVE('',#10132,#10486);
#10486 = DEFINITIONAL_REPRESENTATION('',(#10487),#10490);
#10487 = B_SPLINE_CURVE_WITH_KNOTS('',1,(#10488,#10489),.UNSPECIFIED.,
  .F.,.F.,(2,2),(54.094113541417,59.255131966299),
  .PIECEWISE_BEZIER_KNOTS.);
#10488 = CARTESIAN_POINT('',(16.,14.62132034356));
#10489 = CARTESIAN_POINT('',(12.098636781697,18.));
#10490 = ( GEOMETRIC_REPRESENTATION_CONTEXT(2) 
PARAMETRIC_REPRESENTATION_CONTEXT() REPRESENTATION_CONTEXT('2D SPACE',''
  ) );
#10491 = ADVANCED_FACE('',(#10492),#10132,.T.);
#10492 = FACE_BOUND('',#10493,.T.);
#10493 = EDGE_LOOP('',(#10494,#10495,#10496));
#10494 = ORIENTED_EDGE('',*,*,#10116,.F.);
#10495 = ORIENTED_EDGE('',*,*,#10223,.F.);
#10496 = ORIENTED_EDGE('',*,*,#10473,.F.);
#10497 = ADVANCED_FACE('',(#10498),#10306,.T.);
#10498 = FACE_BOUND('',#10499,.T.);
#10499 = EDGE_LOOP('',(#10500,#10521,#10522,#10523,#10524));
#10500 = ORIENTED_EDGE('',*,*,#10501,.T.);
#10501 = EDGE_CURVE('',#10433,#10266,#10502,.T.);
#10502 = SURFACE_CURVE('',#10503,(#10507,#10514),.PCURVE_S1.);
#10503 = LINE('',#10504,#10505);
#10504 = CARTESIAN_POINT('',(-60.,-16.,1.959434878636E-15));
#10505 = VECTOR('',#10506,1.);
#10506 = DIRECTION('',(1.,0.,0.));
#10507 = PCURVE('',#10306,#10508);
#10508 = DEFINITIONAL_REPRESENTATION('',(#10509),#10513);
#10509 = LINE('',#10510,#10511);
#10510 = CARTESIAN_POINT('',(16.,-60.));
#10511 = VECTOR('',#10512,1.);
#10512 = DIRECTION('',(0.,1.));
#10513 = ( GEOMETRIC_REPRESENTATION_CONTEXT(2) 
PARAMETRIC_REPRESENTATION_CONTEXT() REPRESENTATION_CONTEXT('2D SPACE',''
  ) );
#10514 = PCURVE('',#10280,#10515);
#10515 = DEFINITIONAL_REPRESENTATION('',(#10516),#10520);
#10516 = LINE('',#10517,#10518);
#10517 = CARTESIAN_POINT('',(0.,-60.));
#10518 = VECTOR('',#10519,1.);
#10519 = DIRECTION('',(0.,1.));
#10520 = ( GEOMETRIC_REPRESENTATION_CONTEXT(2) 
PARAMETRIC_REPRESENTATION_CONTEXT() REPRESENTATION_CONTEXT('2D SPACE',''
  ) );
#10521 = ORIENTED_EDGE('',*,*,#10291,.F.);
#10522 = ORIENTED_EDGE('',*,*,#10362,.T.);
#10523 = ORIENTED_EDGE('',*,*,#10407,.T.);
#10524 = ORIENTED_EDGE('',*,*,#10432,.F.);
#10525 = ADVANCED_FACE('',(#10526),#10280,.T.);
#10526 = FACE_BOUND('',#10527,.T.);
#10527 = EDGE_LOOP('',(#10528,#10529,#10530));
#10528 = ORIENTED_EDGE('',*,*,#10265,.F.);
#10529 = ORIENTED_EDGE('',*,*,#10501,.F.);
#10530 = ORIENTED_EDGE('',*,*,#10453,.F.);
#10531 = MANIFOLD_SOLID_BREP('',#10532);
#10532 = CLOSED_SHELL('',(#10533,#10673,#10790,#10835,#10880,#10945,
    #10951,#10979));
#10533 = ADVANCED_FACE('',(#10534),#10548,.T.);
#10534 = FACE_BOUND('',#10535,.T.);
#10535 = EDGE_LOOP('',(#10536,#10569,#10597,#10623,#10649));
#10536 = ORIENTED_EDGE('',*,*,#10537,.F.);
#10537 = EDGE_CURVE('',#10538,#10540,#10542,.T.);
#10538 = VERTEX_POINT('',#10539);
#10539 = CARTESIAN_POINT('',(33.37867965644,16.,0.));
#10540 = VERTEX_POINT('',#10541);
#10541 = CARTESIAN_POINT('',(33.87867965644,15.711324865405,0.5));
#10542 = SURFACE_CURVE('',#10543,(#10547,#10558),.PCURVE_S1.);
#10543 = LINE('',#10544,#10545);
#10544 = CARTESIAN_POINT('',(-18.9606433171,46.21812220798,
    -52.33932297354));
#10545 = VECTOR('',#10546,1.);
#10546 = DIRECTION('',(0.654653670708,-0.377964473009,0.654653670708));
#10547 = PCURVE('',#10548,#10553);
#10548 = PLANE('',#10549);
#10549 = AXIS2_PLACEMENT_3D('',#10550,#10551,#10552);
#10550 = CARTESIAN_POINT('',(0.,16.,0.));
#10551 = DIRECTION('',(-0.,0.866025403784,0.5));
#10552 = DIRECTION('',(0.,-0.5,0.866025403784));
#10553 = DEFINITIONAL_REPRESENTATION('',(#10554),#10557);
#10554 = B_SPLINE_CURVE_WITH_KNOTS('',1,(#10555,#10556),.UNSPECIFIED.,
  .F.,.F.,(2,2),(79.949636449673,80.713399065499),
  .PIECEWISE_BEZIER_KNOTS.);
#10555 = CARTESIAN_POINT('',(-2.412522358222E-15,33.37867965644));
#10556 = CARTESIAN_POINT('',(0.57735026919,33.87867965644));
#10557 = ( GEOMETRIC_REPRESENTATION_CONTEXT(2) 
PARAMETRIC_REPRESENTATION_CONTEXT() REPRESENTATION_CONTEXT('2D SPACE',''
  ) );
#10558 = PCURVE('',#10559,#10564);
#10559 = PLANE('',#10560);
#10560 = AXIS2_PLACEMENT_3D('',#10561,#10562,#10563);
#10561 = CARTESIAN_POINT('',(-85.91347391416,-32.,-119.2921535706));
#10562 = DIRECTION('',(-0.707106781187,0.,0.707106781187));
#10563 = DIRECTION('',(0.707106781187,0.,0.707106781187));
#10564 = DEFINITIONAL_REPRESENTATION('',(#10565),#10568);
#10565 = B_SPLINE_CURVE_WITH_KNOTS('',1,(#10566,#10567),.UNSPECIFIED.,
  .F.,.F.,(2,2),(79.949636449673,80.713399065499),
  .PIECEWISE_BEZIER_KNOTS.);
#10566 = CARTESIAN_POINT('',(168.70458146424,48.));
#10567 = CARTESIAN_POINT('',(169.41168824543,47.711324865405));
#10568 = ( GEOMETRIC_REPRESENTATION_CONTEXT(2) 
PARAMETRIC_REPRESENTATION_CONTEXT() REPRESENTATION_CONTEXT('2D SPACE',''
  ) );
#10569 = ORIENTED_EDGE('',*,*,#10570,.T.);
#10570 = EDGE_CURVE('',#10538,#10571,#10573,.T.);
#10571 = VERTEX_POINT('',#10572);
#10572 = CARTESIAN_POINT('',(26.62132034356,16.,0.));
#10573 = SURFACE_CURVE('',#10574,(#10578,#10585),.PCURVE_S1.);
#10574 = LINE('',#10575,#10576);
#10575 = CARTESIAN_POINT('',(60.,16.,0.));
#10576 = VECTOR('',#10577,1.);
#10577 = DIRECTION('',(-1.,0.,0.));
#10578 = PCURVE('',#10548,#10579);
#10579 = DEFINITIONAL_REPRESENTATION('',(#10580),#10584);
#10580 = LINE('',#10581,#10582);
#10581 = CARTESIAN_POINT('',(0.,60.));
#10582 = VECTOR('',#10583,1.);
#10583 = DIRECTION('',(0.,-1.));
#10584 = ( GEOMETRIC_REPRESENTATION_CONTEXT(2) 
PARAMETRIC_REPRESENTATION_CONTEXT() REPRESENTATION_CONTEXT('2D SPACE',''
  ) );
#10585 = PCURVE('',#10586,#10591);
#10586 = PLANE('',#10587);
#10587 = AXIS2_PLACEMENT_3D('',#10588,#10589,#10590);
#10588 = CARTESIAN_POINT('',(0.,8.,-13.85640646055));
#10589 = DIRECTION('',(0.,0.866025403784,-0.5));
#10590 = DIRECTION('',(0.,0.5,0.866025403784));
#10591 = DEFINITIONAL_REPRESENTATION('',(#10592),#10596);
#10592 = LINE('',#10593,#10594);
#10593 = CARTESIAN_POINT('',(16.,60.));
#10594 = VECTOR('',#10595,1.);
#10595 = DIRECTION('',(0.,-1.));
#10596 = ( GEOMETRIC_REPRESENTATION_CONTEXT(2) 
PARAMETRIC_REPRESENTATION_CONTEXT() REPRESENTATION_CONTEXT('2D SPACE',''
  ) );
#10597 = ORIENTED_EDGE('',*,*,#10598,.F.);
#10598 = EDGE_CURVE('',#10599,#10571,#10601,.T.);
#10599 = VERTEX_POINT('',#10600);
#10600 = CARTESIAN_POINT('',(26.12132034356,15.711324865405,0.5));
#10601 = SURFACE_CURVE('',#10602,(#10606,#10612),.PCURVE_S1.);
#10602 = LINE('',#10603,#10604);
#10603 = CARTESIAN_POINT('',(-32.34176846208,-18.04235519418,
    58.963088805641));
#10604 = VECTOR('',#10605,1.);
#10605 = DIRECTION('',(0.654653670708,0.377964473009,-0.654653670708));
#10606 = PCURVE('',#10548,#10607);
#10607 = DEFINITIONAL_REPRESENTATION('',(#10608),#10611);
#10608 = B_SPLINE_CURVE_WITH_KNOTS('',1,(#10609,#10610),.UNSPECIFIED.,
  .F.,.F.,(2,2),(89.303843270926,90.067605886752),
  .PIECEWISE_BEZIER_KNOTS.);
#10609 = CARTESIAN_POINT('',(0.57735026919,26.12132034356));
#10610 = CARTESIAN_POINT('',(3.053721942599E-15,26.62132034356));
#10611 = ( GEOMETRIC_REPRESENTATION_CONTEXT(2) 
PARAMETRIC_REPRESENTATION_CONTEXT() REPRESENTATION_CONTEXT('2D SPACE',''
  ) );
#10612 = PCURVE('',#10613,#10618);
#10613 = PLANE('',#10614);
#10614 = AXIS2_PLACEMENT_3D('',#10615,#10616,#10617);
#10615 = CARTESIAN_POINT('',(-83.7921535706,-32.,110.41347391416));
#10616 = DIRECTION('',(0.707106781187,0.,0.707106781187));
#10617 = DIRECTION('',(0.707106781187,0.,-0.707106781187));
#10618 = DEFINITIONAL_REPRESENTATION('',(#10619),#10622);
#10619 = B_SPLINE_CURVE_WITH_KNOTS('',1,(#10620,#10621),.UNSPECIFIED.,
  .F.,.F.,(2,2),(89.303843270926,90.067605886752),
  .PIECEWISE_BEZIER_KNOTS.);
#10620 = CARTESIAN_POINT('',(155.44112549695,47.711324865405));
#10621 = CARTESIAN_POINT('',(156.14823227814,48.));
#10622 = ( GEOMETRIC_REPRESENTATION_CONTEXT(2) 
PARAMETRIC_REPRESENTATION_CONTEXT() REPRESENTATION_CONTEXT('2D SPACE',''
  ) );
#10623 = ORIENTED_EDGE('',*,*,#10624,.T.);
#10624 = EDGE_CURVE('',#10599,#10625,#10627,.T.);
#10625 = VERTEX_POINT('',#10626);
#10626 = CARTESIAN_POINT('',(30.,13.471968121659,4.37867965644));
#10627 = SURFACE_CURVE('',#10628,(#10632,#10638),.PCURVE_S1.);
#10628 = LINE('',#10629,#10630);
#10629 = CARTESIAN_POINT('',(-20.82199149589,42.814058592567,
    -46.44331183945));
#10630 = VECTOR('',#10631,1.);
#10631 = DIRECTION('',(0.654653670708,-0.377964473009,0.654653670708));
#10632 = PCURVE('',#10548,#10633);
#10633 = DEFINITIONAL_REPRESENTATION('',(#10634),#10637);
#10634 = B_SPLINE_CURVE_WITH_KNOTS('',1,(#10635,#10636),.UNSPECIFIED.,
  .F.,.F.,(2,2),(71.707093292073,77.63187433278),
  .PIECEWISE_BEZIER_KNOTS.);
#10635 = CARTESIAN_POINT('',(0.57735026919,26.12132034356));
#10636 = CARTESIAN_POINT('',(5.056063756682,30.));
#10637 = ( GEOMETRIC_REPRESENTATION_CONTEXT(2) 
PARAMETRIC_REPRESENTATION_CONTEXT() REPRESENTATION_CONTEXT('2D SPACE',''
  ) );
#10638 = PCURVE('',#10639,#10644);
#10639 = PLANE('',#10640);
#10640 = AXIS2_PLACEMENT_3D('',#10641,#10642,#10643);
#10641 = CARTESIAN_POINT('',(-83.7921535706,-32.,-109.4134739141));
#10642 = DIRECTION('',(-0.707106781187,0.,0.707106781187));
#10643 = DIRECTION('',(0.707106781187,0.,0.707106781187));
#10644 = DEFINITIONAL_REPRESENTATION('',(#10645),#10648);
#10645 = B_SPLINE_CURVE_WITH_KNOTS('',1,(#10646,#10647),.UNSPECIFIED.,
  .F.,.F.,(2,2),(71.707093292073,77.63187433278),
  .PIECEWISE_BEZIER_KNOTS.);
#10646 = CARTESIAN_POINT('',(155.44112549695,47.711324865405));
#10647 = CARTESIAN_POINT('',(160.92640687119,45.471968121659));
#10648 = ( GEOMETRIC_REPRESENTATION_CONTEXT(2) 
PARAMETRIC_REPRESENTATION_CONTEXT() REPRESENTATION_CONTEXT('2D SPACE',''
  ) );
#10649 = ORIENTED_EDGE('',*,*,#10650,.T.);
#10650 = EDGE_CURVE('',#10625,#10540,#10651,.T.);
#10651 = SURFACE_CURVE('',#10652,(#10656,#10662),.PCURVE_S1.);
#10652 = LINE('',#10653,#10654);
#10653 = CARTESIAN_POINT('',(-30.48042028329,-21.4464188096,
    64.859099939733));
#10654 = VECTOR('',#10655,1.);
#10655 = DIRECTION('',(0.654653670708,0.377964473009,-0.654653670708));
#10656 = PCURVE('',#10548,#10657);
#10657 = DEFINITIONAL_REPRESENTATION('',(#10658),#10661);
#10658 = B_SPLINE_CURVE_WITH_KNOTS('',1,(#10659,#10660),.UNSPECIFIED.,
  .F.,.F.,(2,2),(92.385368003644,98.310149044351),
  .PIECEWISE_BEZIER_KNOTS.);
#10659 = CARTESIAN_POINT('',(5.056063756682,30.));
#10660 = CARTESIAN_POINT('',(0.57735026919,33.87867965644));
#10661 = ( GEOMETRIC_REPRESENTATION_CONTEXT(2) 
PARAMETRIC_REPRESENTATION_CONTEXT() REPRESENTATION_CONTEXT('2D SPACE',''
  ) );
#10662 = PCURVE('',#10663,#10668);
#10663 = PLANE('',#10664);
#10664 = AXIS2_PLACEMENT_3D('',#10665,#10666,#10667);
#10665 = CARTESIAN_POINT('',(-85.91347391416,-32.,120.2921535706));
#10666 = DIRECTION('',(0.707106781187,0.,0.707106781187));
#10667 = DIRECTION('',(0.707106781187,0.,-0.707106781187));
#10668 = DEFINITIONAL_REPRESENTATION('',(#10669),#10672);
#10669 = B_SPLINE_CURVE_WITH_KNOTS('',1,(#10670,#10671),.UNSPECIFIED.,
  .F.,.F.,(2,2),(92.385368003644,98.310149044351),
  .PIECEWISE_BEZIER_KNOTS.);
#10670 = CARTESIAN_POINT('',(163.92640687119,45.471968121659));
#10671 = CARTESIAN_POINT('',(169.41168824543,47.711324865405));
#10672 = ( GEOMETRIC_REPRESENTATION_CONTEXT(2) 
PARAMETRIC_REPRESENTATION_CONTEXT() REPRESENTATION_CONTEXT('2D SPACE',''
  ) );
#10673 = ADVANCED_FACE('',(#10674),#10559,.F.);
#10674 = FACE_BOUND('',#10675,.F.);
#10675 = EDGE_LOOP('',(#10676,#10697,#10718,#10744,#10770,#10789));
#10676 = ORIENTED_EDGE('',*,*,#10677,.F.);
#10677 = EDGE_CURVE('',#10678,#10538,#10680,.T.);
#10678 = VERTEX_POINT('',#10679);
#10679 = CARTESIAN_POINT('',(30.,14.049318390849,-3.37867965644));
#10680 = SURFACE_CURVE('',#10681,(#10685,#10691),.PCURVE_S1.);
#10681 = LINE('',#10682,#10683);
#10682 = CARTESIAN_POINT('',(-34.79653641487,-23.36097935083,
    -68.17521607131));
#10683 = VECTOR('',#10684,1.);
#10684 = DIRECTION('',(0.654653670708,0.377964473009,0.654653670708));
#10685 = PCURVE('',#10559,#10686);
#10686 = DEFINITIONAL_REPRESENTATION('',(#10687),#10690);
#10687 = B_SPLINE_CURVE_WITH_KNOTS('',1,(#10688,#10689),.UNSPECIFIED.,
  .F.,.F.,(2,2),(98.978344297381,104.13936272226),
  .PIECEWISE_BEZIER_KNOTS.);
#10688 = CARTESIAN_POINT('',(163.92640687119,46.049318390849));
#10689 = CARTESIAN_POINT('',(168.70458146424,48.));
#10690 = ( GEOMETRIC_REPRESENTATION_CONTEXT(2) 
PARAMETRIC_REPRESENTATION_CONTEXT() REPRESENTATION_CONTEXT('2D SPACE',''
  ) );
#10691 = PCURVE('',#10586,#10692);
#10692 = DEFINITIONAL_REPRESENTATION('',(#10693),#10696);
#10693 = B_SPLINE_CURVE_WITH_KNOTS('',1,(#10694,#10695),.UNSPECIFIED.,
  .F.,.F.,(2,2),(98.978344297381,104.13936272226),
  .PIECEWISE_BEZIER_KNOTS.);
#10694 = CARTESIAN_POINT('',(12.098636781697,30.));
#10695 = CARTESIAN_POINT('',(16.,33.37867965644));
#10696 = ( GEOMETRIC_REPRESENTATION_CONTEXT(2) 
PARAMETRIC_REPRESENTATION_CONTEXT() REPRESENTATION_CONTEXT('2D SPACE',''
  ) );
#10697 = ORIENTED_EDGE('',*,*,#10698,.F.);
#10698 = EDGE_CURVE('',#10699,#10678,#10701,.T.);
#10699 = VERTEX_POINT('',#10700);
#10700 = CARTESIAN_POINT('',(30.,-14.04931839084,-3.37867965644));
#10701 = SURFACE_CURVE('',#10702,(#10706,#10712),.PCURVE_S1.);
#10702 = LINE('',#10703,#10704);
#10703 = CARTESIAN_POINT('',(30.,-32.,-3.37867965644));
#10704 = VECTOR('',#10705,1.);
#10705 = DIRECTION('',(0.,1.,-0.));
#10706 = PCURVE('',#10559,#10707);
#10707 = DEFINITIONAL_REPRESENTATION('',(#10708),#10711);
#10708 = B_SPLINE_CURVE_WITH_KNOTS('',1,(#10709,#10710),.UNSPECIFIED.,
  .F.,.F.,(2,2),(0.,64.),.PIECEWISE_BEZIER_KNOTS.);
#10709 = CARTESIAN_POINT('',(163.92640687119,0.));
#10710 = CARTESIAN_POINT('',(163.92640687119,64.));
#10711 = ( GEOMETRIC_REPRESENTATION_CONTEXT(2) 
PARAMETRIC_REPRESENTATION_CONTEXT() REPRESENTATION_CONTEXT('2D SPACE',''
  ) );
#10712 = PCURVE('',#10613,#10713);
#10713 = DEFINITIONAL_REPRESENTATION('',(#10714),#10717);
#10714 = B_SPLINE_CURVE_WITH_KNOTS('',1,(#10715,#10716),.UNSPECIFIED.,
  .F.,.F.,(2,2),(0.,64.),.PIECEWISE_BEZIER_KNOTS.);
#10715 = CARTESIAN_POINT('',(160.92640687119,0.));
#10716 = CARTESIAN_POINT('',(160.92640687119,64.));
#10717 = ( GEOMETRIC_REPRESENTATION_CONTEXT(2) 
PARAMETRIC_REPRESENTATION_CONTEXT() REPRESENTATION_CONTEXT('2D SPACE',''
  ) );
#10718 = ORIENTED_EDGE('',*,*,#10719,.F.);
#10719 = EDGE_CURVE('',#10720,#10699,#10722,.T.);
#10720 = VERTEX_POINT('',#10721);
#10721 = CARTESIAN_POINT('',(33.37867965644,-16.,1.959434878636E-15));
#10722 = SURFACE_CURVE('',#10723,(#10727,#10733),.PCURVE_S1.);
#10723 = LINE('',#10724,#10725);
#10724 = CARTESIAN_POINT('',(-22.91961659154,16.503836493694,
    -56.29829624799));
#10725 = VECTOR('',#10726,1.);
#10726 = DIRECTION('',(-0.654653670708,0.377964473009,-0.654653670708));
#10727 = PCURVE('',#10559,#10728);
#10728 = DEFINITIONAL_REPRESENTATION('',(#10729),#10732);
#10729 = B_SPLINE_CURVE_WITH_KNOTS('',1,(#10730,#10731),.UNSPECIFIED.,
  .F.,.F.,(2,2),(-85.99706801782,-80.83604959293),
  .PIECEWISE_BEZIER_KNOTS.);
#10730 = CARTESIAN_POINT('',(168.70458146424,16.));
#10731 = CARTESIAN_POINT('',(163.92640687119,17.950681609151));
#10732 = ( GEOMETRIC_REPRESENTATION_CONTEXT(2) 
PARAMETRIC_REPRESENTATION_CONTEXT() REPRESENTATION_CONTEXT('2D SPACE',''
  ) );
#10733 = PCURVE('',#10734,#10739);
#10734 = PLANE('',#10735);
#10735 = AXIS2_PLACEMENT_3D('',#10736,#10737,#10738);
#10736 = CARTESIAN_POINT('',(0.,-16.,1.959434878636E-15));
#10737 = DIRECTION('',(0.,-0.866025403784,-0.5));
#10738 = DIRECTION('',(0.,0.5,-0.866025403784));
#10739 = DEFINITIONAL_REPRESENTATION('',(#10740),#10743);
#10740 = B_SPLINE_CURVE_WITH_KNOTS('',1,(#10741,#10742),.UNSPECIFIED.,
  .F.,.F.,(2,2),(-85.99706801782,-80.83604959293),
  .PIECEWISE_BEZIER_KNOTS.);
#10741 = CARTESIAN_POINT('',(8.191282099266E-16,33.37867965644));
#10742 = CARTESIAN_POINT('',(3.901363218303,30.));
#10743 = ( GEOMETRIC_REPRESENTATION_CONTEXT(2) 
PARAMETRIC_REPRESENTATION_CONTEXT() REPRESENTATION_CONTEXT('2D SPACE',''
  ) );
#10744 = ORIENTED_EDGE('',*,*,#10745,.F.);
#10745 = EDGE_CURVE('',#10746,#10720,#10748,.T.);
#10746 = VERTEX_POINT('',#10747);
#10747 = CARTESIAN_POINT('',(33.87867965644,-15.7113248654,0.5));
#10748 = SURFACE_CURVE('',#10749,(#10753,#10759),.PCURVE_S1.);
#10749 = LINE('',#10750,#10751);
#10750 = CARTESIAN_POINT('',(-22.91961659154,-48.50383649369,
    -56.29829624799));
#10751 = VECTOR('',#10752,1.);
#10752 = DIRECTION('',(-0.654653670708,-0.377964473009,-0.654653670708)
  );
#10753 = PCURVE('',#10559,#10754);
#10754 = DEFINITIONAL_REPRESENTATION('',(#10755),#10758);
#10755 = B_SPLINE_CURVE_WITH_KNOTS('',1,(#10756,#10757),.UNSPECIFIED.,
  .F.,.F.,(2,2),(-86.76083063364,-85.99706801782),
  .PIECEWISE_BEZIER_KNOTS.);
#10756 = CARTESIAN_POINT('',(169.41168824543,16.288675134595));
#10757 = CARTESIAN_POINT('',(168.70458146424,16.));
#10758 = ( GEOMETRIC_REPRESENTATION_CONTEXT(2) 
PARAMETRIC_REPRESENTATION_CONTEXT() REPRESENTATION_CONTEXT('2D SPACE',''
  ) );
#10759 = PCURVE('',#10760,#10765);
#10760 = PLANE('',#10761);
#10761 = AXIS2_PLACEMENT_3D('',#10762,#10763,#10764);
#10762 = CARTESIAN_POINT('',(0.,-8.,13.856406460551));
#10763 = DIRECTION('',(0.,-0.866025403784,0.5));
#10764 = DIRECTION('',(0.,-0.5,-0.866025403784));
#10765 = DEFINITIONAL_REPRESENTATION('',(#10766),#10769);
#10766 = B_SPLINE_CURVE_WITH_KNOTS('',1,(#10767,#10768),.UNSPECIFIED.,
  .F.,.F.,(2,2),(-86.76083063364,-85.99706801782),
  .PIECEWISE_BEZIER_KNOTS.);
#10767 = CARTESIAN_POINT('',(15.42264973081,33.87867965644));
#10768 = CARTESIAN_POINT('',(16.,33.37867965644));
#10769 = ( GEOMETRIC_REPRESENTATION_CONTEXT(2) 
PARAMETRIC_REPRESENTATION_CONTEXT() REPRESENTATION_CONTEXT('2D SPACE',''
  ) );
#10770 = ORIENTED_EDGE('',*,*,#10771,.T.);
#10771 = EDGE_CURVE('',#10746,#10540,#10772,.T.);
#10772 = SURFACE_CURVE('',#10773,(#10777,#10783),.PCURVE_S1.);
#10773 = LINE('',#10774,#10775);
#10774 = CARTESIAN_POINT('',(33.87867965644,-32.,0.5));
#10775 = VECTOR('',#10776,1.);
#10776 = DIRECTION('',(0.,1.,-0.));
#10777 = PCURVE('',#10559,#10778);
#10778 = DEFINITIONAL_REPRESENTATION('',(#10779),#10782);
#10779 = B_SPLINE_CURVE_WITH_KNOTS('',1,(#10780,#10781),.UNSPECIFIED.,
  .F.,.F.,(2,2),(0.,64.),.PIECEWISE_BEZIER_KNOTS.);
#10780 = CARTESIAN_POINT('',(169.41168824543,0.));
#10781 = CARTESIAN_POINT('',(169.41168824543,64.));
#10782 = ( GEOMETRIC_REPRESENTATION_CONTEXT(2) 
PARAMETRIC_REPRESENTATION_CONTEXT() REPRESENTATION_CONTEXT('2D SPACE',''
  ) );
#10783 = PCURVE('',#10663,#10784);
#10784 = DEFINITIONAL_REPRESENTATION('',(#10785),#10788);
#10785 = B_SPLINE_CURVE_WITH_KNOTS('',1,(#10786,#10787),.UNSPECIFIED.,
  .F.,.F.,(2,2),(0.,64.),.PIECEWISE_BEZIER_KNOTS.);
#10786 = CARTESIAN_POINT('',(169.41168824543,0.));
#10787 = CARTESIAN_POINT('',(169.41168824543,64.));
#10788 = ( GEOMETRIC_REPRESENTATION_CONTEXT(2) 
PARAMETRIC_REPRESENTATION_CONTEXT() REPRESENTATION_CONTEXT('2D SPACE',''
  ) );
#10789 = ORIENTED_EDGE('',*,*,#10537,.F.);
#10790 = ADVANCED_FACE('',(#10791),#10663,.T.);
#10791 = FACE_BOUND('',#10792,.T.);
#10792 = EDGE_LOOP('',(#10793,#10794,#10815,#10834));
#10793 = ORIENTED_EDGE('',*,*,#10650,.F.);
#10794 = ORIENTED_EDGE('',*,*,#10795,.F.);
#10795 = EDGE_CURVE('',#10796,#10625,#10798,.T.);
#10796 = VERTEX_POINT('',#10797);
#10797 = CARTESIAN_POINT('',(30.,-13.47196812165,4.37867965644));
#10798 = SURFACE_CURVE('',#10799,(#10803,#10809),.PCURVE_S1.);
#10799 = LINE('',#10800,#10801);
#10800 = CARTESIAN_POINT('',(30.,-32.,4.37867965644));
#10801 = VECTOR('',#10802,1.);
#10802 = DIRECTION('',(0.,1.,-0.));
#10803 = PCURVE('',#10663,#10804);
#10804 = DEFINITIONAL_REPRESENTATION('',(#10805),#10808);
#10805 = B_SPLINE_CURVE_WITH_KNOTS('',1,(#10806,#10807),.UNSPECIFIED.,
  .F.,.F.,(2,2),(0.,64.),.PIECEWISE_BEZIER_KNOTS.);
#10806 = CARTESIAN_POINT('',(163.92640687119,0.));
#10807 = CARTESIAN_POINT('',(163.92640687119,64.));
#10808 = ( GEOMETRIC_REPRESENTATION_CONTEXT(2) 
PARAMETRIC_REPRESENTATION_CONTEXT() REPRESENTATION_CONTEXT('2D SPACE',''
  ) );
#10809 = PCURVE('',#10639,#10810);
#10810 = DEFINITIONAL_REPRESENTATION('',(#10811),#10814);
#10811 = B_SPLINE_CURVE_WITH_KNOTS('',1,(#10812,#10813),.UNSPECIFIED.,
  .F.,.F.,(2,2),(0.,64.),.PIECEWISE_BEZIER_KNOTS.);
#10812 = CARTESIAN_POINT('',(160.92640687119,0.));
#10813 = CARTESIAN_POINT('',(160.92640687119,64.));
#10814 = ( GEOMETRIC_REPRESENTATION_CONTEXT(2) 
PARAMETRIC_REPRESENTATION_CONTEXT() REPRESENTATION_CONTEXT('2D SPACE',''
  ) );
#10815 = ORIENTED_EDGE('',*,*,#10816,.F.);
#10816 = EDGE_CURVE('',#10746,#10796,#10817,.T.);
#10817 = SURFACE_CURVE('',#10818,(#10822,#10828),.PCURVE_S1.);
#10818 = LINE('',#10819,#10820);
#10819 = CARTESIAN_POINT('',(-26.52144700885,19.160704523887,
    60.90012666529));
#10820 = VECTOR('',#10821,1.);
#10821 = DIRECTION('',(-0.654653670708,0.377964473009,0.654653670708));
#10822 = PCURVE('',#10663,#10823);
#10823 = DEFINITIONAL_REPRESENTATION('',(#10824),#10827);
#10824 = B_SPLINE_CURVE_WITH_KNOTS('',1,(#10825,#10826),.UNSPECIFIED.,
  .F.,.F.,(2,2),(-92.2627174762,-86.33793643549),
  .PIECEWISE_BEZIER_KNOTS.);
#10825 = CARTESIAN_POINT('',(169.41168824543,16.288675134595));
#10826 = CARTESIAN_POINT('',(163.92640687119,18.528031878341));
#10827 = ( GEOMETRIC_REPRESENTATION_CONTEXT(2) 
PARAMETRIC_REPRESENTATION_CONTEXT() REPRESENTATION_CONTEXT('2D SPACE',''
  ) );
#10828 = PCURVE('',#10760,#10829);
#10829 = DEFINITIONAL_REPRESENTATION('',(#10830),#10833);
#10830 = B_SPLINE_CURVE_WITH_KNOTS('',1,(#10831,#10832),.UNSPECIFIED.,
  .F.,.F.,(2,2),(-92.2627174762,-86.33793643549),
  .PIECEWISE_BEZIER_KNOTS.);
#10831 = CARTESIAN_POINT('',(15.42264973081,33.87867965644));
#10832 = CARTESIAN_POINT('',(10.943936243318,30.));
#10833 = ( GEOMETRIC_REPRESENTATION_CONTEXT(2) 
PARAMETRIC_REPRESENTATION_CONTEXT() REPRESENTATION_CONTEXT('2D SPACE',''
  ) );
#10834 = ORIENTED_EDGE('',*,*,#10771,.T.);
#10835 = ADVANCED_FACE('',(#10836),#10639,.T.);
#10836 = FACE_BOUND('',#10837,.T.);
#10837 = EDGE_LOOP('',(#10838,#10839,#10860,#10879));
#10838 = ORIENTED_EDGE('',*,*,#10624,.F.);
#10839 = ORIENTED_EDGE('',*,*,#10840,.F.);
#10840 = EDGE_CURVE('',#10841,#10599,#10843,.T.);
#10841 = VERTEX_POINT('',#10842);
#10842 = CARTESIAN_POINT('',(26.12132034356,-15.7113248654,0.5));
#10843 = SURFACE_CURVE('',#10844,(#10848,#10854),.PCURVE_S1.);
#10844 = LINE('',#10845,#10846);
#10845 = CARTESIAN_POINT('',(26.12132034356,-32.,0.5));
#10846 = VECTOR('',#10847,1.);
#10847 = DIRECTION('',(0.,1.,-0.));
#10848 = PCURVE('',#10639,#10849);
#10849 = DEFINITIONAL_REPRESENTATION('',(#10850),#10853);
#10850 = B_SPLINE_CURVE_WITH_KNOTS('',1,(#10851,#10852),.UNSPECIFIED.,
  .F.,.F.,(2,2),(0.,64.),.PIECEWISE_BEZIER_KNOTS.);
#10851 = CARTESIAN_POINT('',(155.44112549695,0.));
#10852 = CARTESIAN_POINT('',(155.44112549695,64.));
#10853 = ( GEOMETRIC_REPRESENTATION_CONTEXT(2) 
PARAMETRIC_REPRESENTATION_CONTEXT() REPRESENTATION_CONTEXT('2D SPACE',''
  ) );
#10854 = PCURVE('',#10613,#10855);
#10855 = DEFINITIONAL_REPRESENTATION('',(#10856),#10859);
#10856 = B_SPLINE_CURVE_WITH_KNOTS('',1,(#10857,#10858),.UNSPECIFIED.,
  .F.,.F.,(2,2),(0.,64.),.PIECEWISE_BEZIER_KNOTS.);
#10857 = CARTESIAN_POINT('',(155.44112549695,0.));
#10858 = CARTESIAN_POINT('',(155.44112549695,64.));
#10859 = ( GEOMETRIC_REPRESENTATION_CONTEXT(2) 
PARAMETRIC_REPRESENTATION_CONTEXT() REPRESENTATION_CONTEXT('2D SPACE',''
  ) );
#10860 = ORIENTED_EDGE('',*,*,#10861,.F.);
#10861 = EDGE_CURVE('',#10796,#10841,#10862,.T.);
#10862 = SURFACE_CURVE('',#10863,(#10867,#10873),.PCURVE_S1.);
#10863 = LINE('',#10864,#10865);
#10864 = CARTESIAN_POINT('',(-24.78096477033,-45.09977287828,
    -50.40228511389));
#10865 = VECTOR('',#10866,1.);
#10866 = DIRECTION('',(-0.654653670708,-0.377964473009,-0.654653670708)
  );
#10867 = PCURVE('',#10639,#10868);
#10868 = DEFINITIONAL_REPRESENTATION('',(#10869),#10872);
#10869 = B_SPLINE_CURVE_WITH_KNOTS('',1,(#10870,#10871),.UNSPECIFIED.,
  .F.,.F.,(2,2),(-83.67930590092,-77.75452486022),
  .PIECEWISE_BEZIER_KNOTS.);
#10870 = CARTESIAN_POINT('',(160.92640687119,18.528031878341));
#10871 = CARTESIAN_POINT('',(155.44112549695,16.288675134595));
#10872 = ( GEOMETRIC_REPRESENTATION_CONTEXT(2) 
PARAMETRIC_REPRESENTATION_CONTEXT() REPRESENTATION_CONTEXT('2D SPACE',''
  ) );
#10873 = PCURVE('',#10760,#10874);
#10874 = DEFINITIONAL_REPRESENTATION('',(#10875),#10878);
#10875 = B_SPLINE_CURVE_WITH_KNOTS('',1,(#10876,#10877),.UNSPECIFIED.,
  .F.,.F.,(2,2),(-83.67930590092,-77.75452486022),
  .PIECEWISE_BEZIER_KNOTS.);
#10876 = CARTESIAN_POINT('',(10.943936243318,30.));
#10877 = CARTESIAN_POINT('',(15.42264973081,26.12132034356));
#10878 = ( GEOMETRIC_REPRESENTATION_CONTEXT(2) 
PARAMETRIC_REPRESENTATION_CONTEXT() REPRESENTATION_CONTEXT('2D SPACE',''
  ) );
#10879 = ORIENTED_EDGE('',*,*,#10795,.T.);
#10880 = ADVANCED_FACE('',(#10881),#10613,.F.);
#10881 = FACE_BOUND('',#10882,.F.);
#10882 = EDGE_LOOP('',(#10883,#10884,#10885,#10906,#10925,#10926));
#10883 = ORIENTED_EDGE('',*,*,#10598,.F.);
#10884 = ORIENTED_EDGE('',*,*,#10840,.F.);
#10885 = ORIENTED_EDGE('',*,*,#10886,.F.);
#10886 = EDGE_CURVE('',#10887,#10841,#10889,.T.);
#10887 = VERTEX_POINT('',#10888);
#10888 = CARTESIAN_POINT('',(26.62132034356,-16.,1.959434878636E-15));
#10889 = SURFACE_CURVE('',#10890,(#10894,#10900),.PCURVE_S1.);
#10890 = LINE('',#10891,#10892);
#10891 = CARTESIAN_POINT('',(-28.38279518763,15.756640908475,
    55.004115531198));
#10892 = VECTOR('',#10893,1.);
#10893 = DIRECTION('',(-0.654653670708,0.377964473009,0.654653670708));
#10894 = PCURVE('',#10613,#10895);
#10895 = DEFINITIONAL_REPRESENTATION('',(#10896),#10899);
#10896 = B_SPLINE_CURVE_WITH_KNOTS('',1,(#10897,#10898),.UNSPECIFIED.,
  .F.,.F.,(2,2),(-84.0201743186,-83.25641170277),
  .PIECEWISE_BEZIER_KNOTS.);
#10897 = CARTESIAN_POINT('',(156.14823227814,16.));
#10898 = CARTESIAN_POINT('',(155.44112549695,16.288675134595));
#10899 = ( GEOMETRIC_REPRESENTATION_CONTEXT(2) 
PARAMETRIC_REPRESENTATION_CONTEXT() REPRESENTATION_CONTEXT('2D SPACE',''
  ) );
#10900 = PCURVE('',#10760,#10901);
#10901 = DEFINITIONAL_REPRESENTATION('',(#10902),#10905);
#10902 = B_SPLINE_CURVE_WITH_KNOTS('',1,(#10903,#10904),.UNSPECIFIED.,
  .F.,.F.,(2,2),(-84.0201743186,-83.25641170277),
  .PIECEWISE_BEZIER_KNOTS.);
#10903 = CARTESIAN_POINT('',(16.,26.62132034356));
#10904 = CARTESIAN_POINT('',(15.42264973081,26.12132034356));
#10905 = ( GEOMETRIC_REPRESENTATION_CONTEXT(2) 
PARAMETRIC_REPRESENTATION_CONTEXT() REPRESENTATION_CONTEXT('2D SPACE',''
  ) );
#10906 = ORIENTED_EDGE('',*,*,#10907,.F.);
#10907 = EDGE_CURVE('',#10699,#10887,#10908,.T.);
#10908 = SURFACE_CURVE('',#10909,(#10913,#10919),.PCURVE_S1.);
#10909 = LINE('',#10910,#10911);
#10910 = CARTESIAN_POINT('',(-28.38279518763,-47.75664090847,
    55.004115531198));
#10911 = VECTOR('',#10912,1.);
#10912 = DIRECTION('',(-0.654653670708,-0.377964473009,0.654653670708));
#10913 = PCURVE('',#10613,#10914);
#10914 = DEFINITIONAL_REPRESENTATION('',(#10915),#10918);
#10915 = B_SPLINE_CURVE_WITH_KNOTS('',1,(#10916,#10917),.UNSPECIFIED.,
  .F.,.F.,(2,2),(-89.18119274348,-84.0201743186),
  .PIECEWISE_BEZIER_KNOTS.);
#10916 = CARTESIAN_POINT('',(160.92640687119,17.950681609151));
#10917 = CARTESIAN_POINT('',(156.14823227814,16.));
#10918 = ( GEOMETRIC_REPRESENTATION_CONTEXT(2) 
PARAMETRIC_REPRESENTATION_CONTEXT() REPRESENTATION_CONTEXT('2D SPACE',''
  ) );
#10919 = PCURVE('',#10734,#10920);
#10920 = DEFINITIONAL_REPRESENTATION('',(#10921),#10924);
#10921 = B_SPLINE_CURVE_WITH_KNOTS('',1,(#10922,#10923),.UNSPECIFIED.,
  .F.,.F.,(2,2),(-89.18119274348,-84.0201743186),
  .PIECEWISE_BEZIER_KNOTS.);
#10922 = CARTESIAN_POINT('',(3.901363218303,30.));
#10923 = CARTESIAN_POINT('',(2.626822047671E-15,26.62132034356));
#10924 = ( GEOMETRIC_REPRESENTATION_CONTEXT(2) 
PARAMETRIC_REPRESENTATION_CONTEXT() REPRESENTATION_CONTEXT('2D SPACE',''
  ) );
#10925 = ORIENTED_EDGE('',*,*,#10698,.T.);
#10926 = ORIENTED_EDGE('',*,*,#10927,.F.);
#10927 = EDGE_CURVE('',#10571,#10678,#10928,.T.);
#10928 = SURFACE_CURVE('',#10929,(#10933,#10939),.PCURVE_S1.);
#10929 = LINE('',#10930,#10931);
#10930 = CARTESIAN_POINT('',(-16.5058753643,40.899498051332,
    43.127195707869));
#10931 = VECTOR('',#10932,1.);
#10932 = DIRECTION('',(0.654653670708,-0.377964473009,-0.654653670708));
#10933 = PCURVE('',#10613,#10934);
#10934 = DEFINITIONAL_REPRESENTATION('',(#10935),#10938);
#10935 = B_SPLINE_CURVE_WITH_KNOTS('',1,(#10936,#10937),.UNSPECIFIED.,
  .F.,.F.,(2,2),(65.877879614161,71.038898039043),
  .PIECEWISE_BEZIER_KNOTS.);
#10936 = CARTESIAN_POINT('',(156.14823227814,48.));
#10937 = CARTESIAN_POINT('',(160.92640687119,46.049318390849));
#10938 = ( GEOMETRIC_REPRESENTATION_CONTEXT(2) 
PARAMETRIC_REPRESENTATION_CONTEXT() REPRESENTATION_CONTEXT('2D SPACE',''
  ) );
#10939 = PCURVE('',#10586,#10940);
#10940 = DEFINITIONAL_REPRESENTATION('',(#10941),#10944);
#10941 = B_SPLINE_CURVE_WITH_KNOTS('',1,(#10942,#10943),.UNSPECIFIED.,
  .F.,.F.,(2,2),(65.877879614161,71.038898039043),
  .PIECEWISE_BEZIER_KNOTS.);
#10942 = CARTESIAN_POINT('',(16.,26.62132034356));
#10943 = CARTESIAN_POINT('',(12.098636781697,30.));
#10944 = ( GEOMETRIC_REPRESENTATION_CONTEXT(2) 
PARAMETRIC_REPRESENTATION_CONTEXT() REPRESENTATION_CONTEXT('2D SPACE',''
  ) );
#10945 = ADVANCED_FACE('',(#10946),#10586,.T.);
#10946 = FACE_BOUND('',#10947,.T.);
#10947 = EDGE_LOOP('',(#10948,#10949,#10950));
#10948 = ORIENTED_EDGE('',*,*,#10570,.F.);
#10949 = ORIENTED_EDGE('',*,*,#10677,.F.);
#10950 = ORIENTED_EDGE('',*,*,#10927,.F.);
#10951 = ADVANCED_FACE('',(#10952),#10760,.T.);
#10952 = FACE_BOUND('',#10953,.T.);
#10953 = EDGE_LOOP('',(#10954,#10975,#10976,#10977,#10978));
#10954 = ORIENTED_EDGE('',*,*,#10955,.T.);
#10955 = EDGE_CURVE('',#10887,#10720,#10956,.T.);
#10956 = SURFACE_CURVE('',#10957,(#10961,#10968),.PCURVE_S1.);
#10957 = LINE('',#10958,#10959);
#10958 = CARTESIAN_POINT('',(-60.,-16.,1.959434878636E-15));
#10959 = VECTOR('',#10960,1.);
#10960 = DIRECTION('',(1.,0.,0.));
#10961 = PCURVE('',#10760,#10962);
#10962 = DEFINITIONAL_REPRESENTATION('',(#10963),#10967);
#10963 = LINE('',#10964,#10965);
#10964 = CARTESIAN_POINT('',(16.,-60.));
#10965 = VECTOR('',#10966,1.);
#10966 = DIRECTION('',(0.,1.));
#10967 = ( GEOMETRIC_REPRESENTATION_CONTEXT(2) 
PARAMETRIC_REPRESENTATION_CONTEXT() REPRESENTATION_CONTEXT('2D SPACE',''
  ) );
#10968 = PCURVE('',#10734,#10969);
#10969 = DEFINITIONAL_REPRESENTATION('',(#10970),#10974);
#10970 = LINE('',#10971,#10972);
#10971 = CARTESIAN_POINT('',(0.,-60.));
#10972 = VECTOR('',#10973,1.);
#10973 = DIRECTION('',(0.,1.));
#10974 = ( GEOMETRIC_REPRESENTATION_CONTEXT(2) 
PARAMETRIC_REPRESENTATION_CONTEXT() REPRESENTATION_CONTEXT('2D SPACE',''
  ) );
#10975 = ORIENTED_EDGE('',*,*,#10745,.F.);
#10976 = ORIENTED_EDGE('',*,*,#10816,.T.);
#10977 = ORIENTED_EDGE('',*,*,#10861,.T.);
#10978 = ORIENTED_EDGE('',*,*,#10886,.F.);
#10979 = ADVANCED_FACE('',(#10980),#10734,.T.);
#10980 = FACE_BOUND('',#10981,.T.);
#10981 = EDGE_LOOP('',(#10982,#10983,#10984));
#10982 = ORIENTED_EDGE('',*,*,#10719,.F.);
#10983 = ORIENTED_EDGE('',*,*,#10955,.F.);
#10984 = ORIENTED_EDGE('',*,*,#10907,.F.);
#10985 = MANIFOLD_SOLID_BREP('',#10986);
#10986 = CLOSED_SHELL('',(#10987,#11099,#11169,#11214,#11259,#11284));
#10987 = ADVANCED_FACE('',(#10988),#11002,.T.);
#10988 = FACE_BOUND('',#10989,.T.);
#10989 = EDGE_LOOP('',(#10990,#11023,#11049,#11075));
#10990 = ORIENTED_EDGE('',*,*,#10991,.F.);
#10991 = EDGE_CURVE('',#10992,#10994,#10996,.T.);
#10992 = VERTEX_POINT('',#10993);
#10993 = CARTESIAN_POINT('',(-27.87867965644,12.824573519457,-5.5));
#10994 = VERTEX_POINT('',#10995);
#10995 = CARTESIAN_POINT('',(-24.,10.585216775711,-9.37867965644));
#10996 = SURFACE_CURVE('',#10997,(#11001,#11012),.PCURVE_S1.);
#10997 = LINE('',#10998,#10999);
#10998 = CARTESIAN_POINT('',(-37.93444679288,18.630273382589,
    4.55576713644));
#10999 = VECTOR('',#11000,1.);
#11000 = DIRECTION('',(0.654653670708,-0.377964473009,-0.654653670708));
#11001 = PCURVE('',#11002,#11007);
#11002 = PLANE('',#11003);
#11003 = AXIS2_PLACEMENT_3D('',#11004,#11005,#11006);
#11004 = CARTESIAN_POINT('',(0.,8.,-13.85640646055));
#11005 = DIRECTION('',(0.,0.866025403784,-0.5));
#11006 = DIRECTION('',(0.,0.5,0.866025403784));
#11007 = DEFINITIONAL_REPRESENTATION('',(#11008),#11011);
#11008 = B_SPLINE_CURVE_WITH_KNOTS('',1,(#11009,#11010),.UNSPECIFIED.,
  .F.,.F.,(2,2),(15.360438024529,21.285219065236),
  .PIECEWISE_BEZIER_KNOTS.);
#11009 = CARTESIAN_POINT('',(9.649147038914,-27.87867965644));
#11010 = CARTESIAN_POINT('',(5.170433551422,-24.));
#11011 = ( GEOMETRIC_REPRESENTATION_CONTEXT(2) 
PARAMETRIC_REPRESENTATION_CONTEXT() REPRESENTATION_CONTEXT('2D SPACE',''
  ) );
#11012 = PCURVE('',#11013,#11018);
#11013 = PLANE('',#11014);
#11014 = AXIS2_PLACEMENT_3D('',#11015,#11016,#11017);
#11015 = CARTESIAN_POINT('',(-83.7921535706,-32.,50.413473914166));
#11016 = DIRECTION('',(0.707106781187,0.,0.707106781187));
#11017 = DIRECTION('',(0.707106781187,0.,-0.707106781187));
#11018 = DEFINITIONAL_REPRESENTATION('',(#11019),#11022);
#11019 = B_SPLINE_CURVE_WITH_KNOTS('',1,(#11020,#11021),.UNSPECIFIED.,
  .F.,.F.,(2,2),(15.360438024529,21.285219065236),
  .PIECEWISE_BEZIER_KNOTS.);
#11020 = CARTESIAN_POINT('',(79.073593128807,44.824573519457));
#11021 = CARTESIAN_POINT('',(84.558874503046,42.585216775711));
#11022 = ( GEOMETRIC_REPRESENTATION_CONTEXT(2) 
PARAMETRIC_REPRESENTATION_CONTEXT() REPRESENTATION_CONTEXT('2D SPACE',''
  ) );
#11023 = ORIENTED_EDGE('',*,*,#11024,.T.);
#11024 = EDGE_CURVE('',#10992,#11025,#11027,.T.);
#11025 = VERTEX_POINT('',#11026);
#11026 = CARTESIAN_POINT('',(-24.,15.063930263203,-1.62132034356));
#11027 = SURFACE_CURVE('',#11028,(#11032,#11038),.PCURVE_S1.);
#11028 = LINE('',#11029,#11030);
#11029 = CARTESIAN_POINT('',(-53.80074173652,-2.14153600043,
    -31.42206208008));
#11030 = VECTOR('',#11031,1.);
#11031 = DIRECTION('',(0.654653670708,0.377964473009,0.654653670708));
#11032 = PCURVE('',#11002,#11033);
#11033 = DEFINITIONAL_REPRESENTATION('',(#11034),#11037);
#11034 = B_SPLINE_CURVE_WITH_KNOTS('',1,(#11035,#11036),.UNSPECIFIED.,
  .F.,.F.,(2,2),(39.596603883777,45.521384924485),
  .PIECEWISE_BEZIER_KNOTS.);
#11035 = CARTESIAN_POINT('',(9.649147038914,-27.87867965644));
#11036 = CARTESIAN_POINT('',(14.127860526406,-24.));
#11037 = ( GEOMETRIC_REPRESENTATION_CONTEXT(2) 
PARAMETRIC_REPRESENTATION_CONTEXT() REPRESENTATION_CONTEXT('2D SPACE',''
  ) );
#11038 = PCURVE('',#11039,#11044);
#11039 = PLANE('',#11040);
#11040 = AXIS2_PLACEMENT_3D('',#11041,#11042,#11043);
#11041 = CARTESIAN_POINT('',(-83.7921535706,-32.,-61.41347391416));
#11042 = DIRECTION('',(-0.707106781187,0.,0.707106781187));
#11043 = DIRECTION('',(0.707106781187,0.,0.707106781187));
#11044 = DEFINITIONAL_REPRESENTATION('',(#11045),#11048);
#11045 = B_SPLINE_CURVE_WITH_KNOTS('',1,(#11046,#11047),.UNSPECIFIED.,
  .F.,.F.,(2,2),(39.596603883777,45.521384924485),
  .PIECEWISE_BEZIER_KNOTS.);
#11046 = CARTESIAN_POINT('',(79.073593128807,44.824573519457));
#11047 = CARTESIAN_POINT('',(84.558874503046,47.063930263203));
#11048 = ( GEOMETRIC_REPRESENTATION_CONTEXT(2) 
PARAMETRIC_REPRESENTATION_CONTEXT() REPRESENTATION_CONTEXT('2D SPACE',''
  ) );
#11049 = ORIENTED_EDGE('',*,*,#11050,.T.);
#11050 = EDGE_CURVE('',#11025,#11051,#11053,.T.);
#11051 = VERTEX_POINT('',#11052);
#11052 = CARTESIAN_POINT('',(-20.12132034356,12.824573519457,-5.5));
#11053 = SURFACE_CURVE('',#11054,(#11058,#11064),.PCURVE_S1.);
#11054 = LINE('',#11055,#11056);
#11055 = CARTESIAN_POINT('',(-36.07309861409,22.034336998002,
    10.451778270532));
#11056 = VECTOR('',#11057,1.);
#11057 = DIRECTION('',(0.654653670708,-0.377964473009,-0.654653670708));
#11058 = PCURVE('',#11002,#11059);
#11059 = DEFINITIONAL_REPRESENTATION('',(#11060),#11063);
#11060 = B_SPLINE_CURVE_WITH_KNOTS('',1,(#11061,#11062),.UNSPECIFIED.,
  .F.,.F.,(2,2),(18.441962757247,24.366743797955),
  .PIECEWISE_BEZIER_KNOTS.);
#11061 = CARTESIAN_POINT('',(14.127860526406,-24.));
#11062 = CARTESIAN_POINT('',(9.649147038914,-20.12132034356));
#11063 = ( GEOMETRIC_REPRESENTATION_CONTEXT(2) 
PARAMETRIC_REPRESENTATION_CONTEXT() REPRESENTATION_CONTEXT('2D SPACE',''
  ) );
#11064 = PCURVE('',#11065,#11070);
#11065 = PLANE('',#11066);
#11066 = AXIS2_PLACEMENT_3D('',#11067,#11068,#11069);
#11067 = CARTESIAN_POINT('',(-85.91347391416,-32.,60.292153570606));
#11068 = DIRECTION('',(0.707106781187,0.,0.707106781187));
#11069 = DIRECTION('',(0.707106781187,0.,-0.707106781187));
#11070 = DEFINITIONAL_REPRESENTATION('',(#11071),#11074);
#11071 = B_SPLINE_CURVE_WITH_KNOTS('',1,(#11072,#11073),.UNSPECIFIED.,
  .F.,.F.,(2,2),(18.441962757247,24.366743797955),
  .PIECEWISE_BEZIER_KNOTS.);
#11072 = CARTESIAN_POINT('',(87.558874503046,47.063930263203));
#11073 = CARTESIAN_POINT('',(93.044155877284,44.824573519457));
#11074 = ( GEOMETRIC_REPRESENTATION_CONTEXT(2) 
PARAMETRIC_REPRESENTATION_CONTEXT() REPRESENTATION_CONTEXT('2D SPACE',''
  ) );
#11075 = ORIENTED_EDGE('',*,*,#11076,.F.);
#11076 = EDGE_CURVE('',#10994,#11051,#11077,.T.);
#11077 = SURFACE_CURVE('',#11078,(#11082,#11088),.PCURVE_S1.);
#11078 = LINE('',#11079,#11080);
#11079 = CARTESIAN_POINT('',(-51.93939355773,-5.545599615843,
    -37.31807321417));
#11080 = VECTOR('',#11081,1.);
#11081 = DIRECTION('',(0.654653670708,0.377964473009,0.654653670708));
#11082 = PCURVE('',#11002,#11083);
#11083 = DEFINITIONAL_REPRESENTATION('',(#11084),#11087);
#11084 = B_SPLINE_CURVE_WITH_KNOTS('',1,(#11085,#11086),.UNSPECIFIED.,
  .F.,.F.,(2,2),(42.678128616495,48.602909657203),
  .PIECEWISE_BEZIER_KNOTS.);
#11085 = CARTESIAN_POINT('',(5.170433551422,-24.));
#11086 = CARTESIAN_POINT('',(9.649147038914,-20.12132034356));
#11087 = ( GEOMETRIC_REPRESENTATION_CONTEXT(2) 
PARAMETRIC_REPRESENTATION_CONTEXT() REPRESENTATION_CONTEXT('2D SPACE',''
  ) );
#11088 = PCURVE('',#11089,#11094);
#11089 = PLANE('',#11090);
#11090 = AXIS2_PLACEMENT_3D('',#11091,#11092,#11093);
#11091 = CARTESIAN_POINT('',(-85.91347391416,-32.,-71.2921535706));
#11092 = DIRECTION('',(-0.707106781187,0.,0.707106781187));
#11093 = DIRECTION('',(0.707106781187,0.,0.707106781187));
#11094 = DEFINITIONAL_REPRESENTATION('',(#11095),#11098);
#11095 = B_SPLINE_CURVE_WITH_KNOTS('',1,(#11096,#11097),.UNSPECIFIED.,
  .F.,.F.,(2,2),(42.678128616495,48.602909657203),
  .PIECEWISE_BEZIER_KNOTS.);
#11096 = CARTESIAN_POINT('',(87.558874503046,42.585216775711));
#11097 = CARTESIAN_POINT('',(93.044155877284,44.824573519457));
#11098 = ( GEOMETRIC_REPRESENTATION_CONTEXT(2) 
PARAMETRIC_REPRESENTATION_CONTEXT() REPRESENTATION_CONTEXT('2D SPACE',''
  ) );
#11099 = ADVANCED_FACE('',(#11100),#11013,.F.);
#11100 = FACE_BOUND('',#11101,.F.);
#11101 = EDGE_LOOP('',(#11102,#11103,#11124,#11150));
#11102 = ORIENTED_EDGE('',*,*,#10991,.F.);
#11103 = ORIENTED_EDGE('',*,*,#11104,.F.);
#11104 = EDGE_CURVE('',#11105,#10992,#11107,.T.);
#11105 = VERTEX_POINT('',#11106);
#11106 = CARTESIAN_POINT('',(-27.87867965644,-12.82457351945,-5.5));
#11107 = SURFACE_CURVE('',#11108,(#11112,#11118),.PCURVE_S1.);
#11108 = LINE('',#11109,#11110);
#11109 = CARTESIAN_POINT('',(-27.87867965644,-32.,-5.5));
#11110 = VECTOR('',#11111,1.);
#11111 = DIRECTION('',(0.,1.,-0.));
#11112 = PCURVE('',#11013,#11113);
#11113 = DEFINITIONAL_REPRESENTATION('',(#11114),#11117);
#11114 = B_SPLINE_CURVE_WITH_KNOTS('',1,(#11115,#11116),.UNSPECIFIED.,
  .F.,.F.,(2,2),(0.,64.),.PIECEWISE_BEZIER_KNOTS.);
#11115 = CARTESIAN_POINT('',(79.073593128807,0.));
#11116 = CARTESIAN_POINT('',(79.073593128807,64.));
#11117 = ( GEOMETRIC_REPRESENTATION_CONTEXT(2) 
PARAMETRIC_REPRESENTATION_CONTEXT() REPRESENTATION_CONTEXT('2D SPACE',''
  ) );
#11118 = PCURVE('',#11039,#11119);
#11119 = DEFINITIONAL_REPRESENTATION('',(#11120),#11123);
#11120 = B_SPLINE_CURVE_WITH_KNOTS('',1,(#11121,#11122),.UNSPECIFIED.,
  .F.,.F.,(2,2),(0.,64.),.PIECEWISE_BEZIER_KNOTS.);
#11121 = CARTESIAN_POINT('',(79.073593128807,0.));
#11122 = CARTESIAN_POINT('',(79.073593128807,64.));
#11123 = ( GEOMETRIC_REPRESENTATION_CONTEXT(2) 
PARAMETRIC_REPRESENTATION_CONTEXT() REPRESENTATION_CONTEXT('2D SPACE',''
  ) );
#11124 = ORIENTED_EDGE('',*,*,#11125,.F.);
#11125 = EDGE_CURVE('',#11126,#11105,#11128,.T.);
#11126 = VERTEX_POINT('',#11127);
#11127 = CARTESIAN_POINT('',(-24.,-10.58521677571,-9.37867965644));
#11128 = SURFACE_CURVE('',#11129,(#11133,#11139),.PCURVE_S1.);
#11129 = LINE('',#11130,#11131);
#11130 = CARTESIAN_POINT('',(-49.81136661621,-25.48741623973,
    16.43268695977));
#11131 = VECTOR('',#11132,1.);
#11132 = DIRECTION('',(-0.654653670708,-0.377964473009,0.654653670708));
#11133 = PCURVE('',#11013,#11134);
#11134 = DEFINITIONAL_REPRESENTATION('',(#11135),#11138);
#11135 = B_SPLINE_CURVE_WITH_KNOTS('',1,(#11136,#11137),.UNSPECIFIED.,
  .F.,.F.,(2,2),(-39.42751376967,-33.50273272897),
  .PIECEWISE_BEZIER_KNOTS.);
#11136 = CARTESIAN_POINT('',(84.558874503046,21.414783224289));
#11137 = CARTESIAN_POINT('',(79.073593128807,19.175426480543));
#11138 = ( GEOMETRIC_REPRESENTATION_CONTEXT(2) 
PARAMETRIC_REPRESENTATION_CONTEXT() REPRESENTATION_CONTEXT('2D SPACE',''
  ) );
#11139 = PCURVE('',#11140,#11145);
#11140 = PLANE('',#11141);
#11141 = AXIS2_PLACEMENT_3D('',#11142,#11143,#11144);
#11142 = CARTESIAN_POINT('',(0.,-16.,1.959434878636E-15));
#11143 = DIRECTION('',(0.,-0.866025403784,-0.5));
#11144 = DIRECTION('',(0.,0.5,-0.866025403784));
#11145 = DEFINITIONAL_REPRESENTATION('',(#11146),#11149);
#11146 = B_SPLINE_CURVE_WITH_KNOTS('',1,(#11147,#11148),.UNSPECIFIED.,
  .F.,.F.,(2,2),(-39.42751376967,-33.50273272897),
  .PIECEWISE_BEZIER_KNOTS.);
#11147 = CARTESIAN_POINT('',(10.829566448578,-24.));
#11148 = CARTESIAN_POINT('',(6.350852961086,-27.87867965644));
#11149 = ( GEOMETRIC_REPRESENTATION_CONTEXT(2) 
PARAMETRIC_REPRESENTATION_CONTEXT() REPRESENTATION_CONTEXT('2D SPACE',''
  ) );
#11150 = ORIENTED_EDGE('',*,*,#11151,.T.);
#11151 = EDGE_CURVE('',#11126,#10994,#11152,.T.);
#11152 = SURFACE_CURVE('',#11153,(#11157,#11163),.PCURVE_S1.);
#11153 = LINE('',#11154,#11155);
#11154 = CARTESIAN_POINT('',(-24.,-32.,-9.37867965644));
#11155 = VECTOR('',#11156,1.);
#11156 = DIRECTION('',(0.,1.,-0.));
#11157 = PCURVE('',#11013,#11158);
#11158 = DEFINITIONAL_REPRESENTATION('',(#11159),#11162);
#11159 = B_SPLINE_CURVE_WITH_KNOTS('',1,(#11160,#11161),.UNSPECIFIED.,
  .F.,.F.,(2,2),(0.,64.),.PIECEWISE_BEZIER_KNOTS.);
#11160 = CARTESIAN_POINT('',(84.558874503046,0.));
#11161 = CARTESIAN_POINT('',(84.558874503046,64.));
#11162 = ( GEOMETRIC_REPRESENTATION_CONTEXT(2) 
PARAMETRIC_REPRESENTATION_CONTEXT() REPRESENTATION_CONTEXT('2D SPACE',''
  ) );
#11163 = PCURVE('',#11089,#11164);
#11164 = DEFINITIONAL_REPRESENTATION('',(#11165),#11168);
#11165 = B_SPLINE_CURVE_WITH_KNOTS('',1,(#11166,#11167),.UNSPECIFIED.,
  .F.,.F.,(2,2),(0.,64.),.PIECEWISE_BEZIER_KNOTS.);
#11166 = CARTESIAN_POINT('',(87.558874503046,0.));
#11167 = CARTESIAN_POINT('',(87.558874503046,64.));
#11168 = ( GEOMETRIC_REPRESENTATION_CONTEXT(2) 
PARAMETRIC_REPRESENTATION_CONTEXT() REPRESENTATION_CONTEXT('2D SPACE',''
  ) );
#11169 = ADVANCED_FACE('',(#11170),#11089,.F.);
#11170 = FACE_BOUND('',#11171,.F.);
#11171 = EDGE_LOOP('',(#11172,#11173,#11174,#11195));
#11172 = ORIENTED_EDGE('',*,*,#11076,.F.);
#11173 = ORIENTED_EDGE('',*,*,#11151,.F.);
#11174 = ORIENTED_EDGE('',*,*,#11175,.F.);
#11175 = EDGE_CURVE('',#11176,#11126,#11178,.T.);
#11176 = VERTEX_POINT('',#11177);
#11177 = CARTESIAN_POINT('',(-20.12132034356,-12.82457351945,-5.5));
#11178 = SURFACE_CURVE('',#11179,(#11183,#11189),.PCURVE_S1.);
#11179 = LINE('',#11180,#11181);
#11180 = CARTESIAN_POINT('',(-40.0624737344,-1.3115432413,
    -25.44115339084));
#11181 = VECTOR('',#11182,1.);
#11182 = DIRECTION('',(-0.654653670708,0.377964473009,-0.654653670708));
#11183 = PCURVE('',#11089,#11184);
#11184 = DEFINITIONAL_REPRESENTATION('',(#11185),#11188);
#11185 = B_SPLINE_CURVE_WITH_KNOTS('',1,(#11186,#11187),.UNSPECIFIED.,
  .F.,.F.,(2,2),(-30.46061495276,-24.53583391205),
  .PIECEWISE_BEZIER_KNOTS.);
#11186 = CARTESIAN_POINT('',(93.044155877284,19.175426480543));
#11187 = CARTESIAN_POINT('',(87.558874503046,21.414783224289));
#11188 = ( GEOMETRIC_REPRESENTATION_CONTEXT(2) 
PARAMETRIC_REPRESENTATION_CONTEXT() REPRESENTATION_CONTEXT('2D SPACE',''
  ) );
#11189 = PCURVE('',#11140,#11190);
#11190 = DEFINITIONAL_REPRESENTATION('',(#11191),#11194);
#11191 = B_SPLINE_CURVE_WITH_KNOTS('',1,(#11192,#11193),.UNSPECIFIED.,
  .F.,.F.,(2,2),(-30.46061495276,-24.53583391205),
  .PIECEWISE_BEZIER_KNOTS.);
#11192 = CARTESIAN_POINT('',(6.350852961086,-20.12132034356));
#11193 = CARTESIAN_POINT('',(10.829566448578,-24.));
#11194 = ( GEOMETRIC_REPRESENTATION_CONTEXT(2) 
PARAMETRIC_REPRESENTATION_CONTEXT() REPRESENTATION_CONTEXT('2D SPACE',''
  ) );
#11195 = ORIENTED_EDGE('',*,*,#11196,.T.);
#11196 = EDGE_CURVE('',#11176,#11051,#11197,.T.);
#11197 = SURFACE_CURVE('',#11198,(#11202,#11208),.PCURVE_S1.);
#11198 = LINE('',#11199,#11200);
#11199 = CARTESIAN_POINT('',(-20.12132034356,-32.,-5.5));
#11200 = VECTOR('',#11201,1.);
#11201 = DIRECTION('',(0.,1.,-0.));
#11202 = PCURVE('',#11089,#11203);
#11203 = DEFINITIONAL_REPRESENTATION('',(#11204),#11207);
#11204 = B_SPLINE_CURVE_WITH_KNOTS('',1,(#11205,#11206),.UNSPECIFIED.,
  .F.,.F.,(2,2),(0.,64.),.PIECEWISE_BEZIER_KNOTS.);
#11205 = CARTESIAN_POINT('',(93.044155877284,0.));
#11206 = CARTESIAN_POINT('',(93.044155877284,64.));
#11207 = ( GEOMETRIC_REPRESENTATION_CONTEXT(2) 
PARAMETRIC_REPRESENTATION_CONTEXT() REPRESENTATION_CONTEXT('2D SPACE',''
  ) );
#11208 = PCURVE('',#11065,#11209);
#11209 = DEFINITIONAL_REPRESENTATION('',(#11210),#11213);
#11210 = B_SPLINE_CURVE_WITH_KNOTS('',1,(#11211,#11212),.UNSPECIFIED.,
  .F.,.F.,(2,2),(0.,64.),.PIECEWISE_BEZIER_KNOTS.);
#11211 = CARTESIAN_POINT('',(93.044155877284,0.));
#11212 = CARTESIAN_POINT('',(93.044155877284,64.));
#11213 = ( GEOMETRIC_REPRESENTATION_CONTEXT(2) 
PARAMETRIC_REPRESENTATION_CONTEXT() REPRESENTATION_CONTEXT('2D SPACE',''
  ) );
#11214 = ADVANCED_FACE('',(#11215),#11065,.T.);
#11215 = FACE_BOUND('',#11216,.T.);
#11216 = EDGE_LOOP('',(#11217,#11218,#11239,#11258));
#11217 = ORIENTED_EDGE('',*,*,#11050,.F.);
#11218 = ORIENTED_EDGE('',*,*,#11219,.F.);
#11219 = EDGE_CURVE('',#11220,#11025,#11222,.T.);
#11220 = VERTEX_POINT('',#11221);
#11221 = CARTESIAN_POINT('',(-24.,-15.0639302632,-1.62132034356));
#11222 = SURFACE_CURVE('',#11223,(#11227,#11233),.PCURVE_S1.);
#11223 = LINE('',#11224,#11225);
#11224 = CARTESIAN_POINT('',(-24.,-32.,-1.62132034356));
#11225 = VECTOR('',#11226,1.);
#11226 = DIRECTION('',(0.,1.,-0.));
#11227 = PCURVE('',#11065,#11228);
#11228 = DEFINITIONAL_REPRESENTATION('',(#11229),#11232);
#11229 = B_SPLINE_CURVE_WITH_KNOTS('',1,(#11230,#11231),.UNSPECIFIED.,
  .F.,.F.,(2,2),(0.,64.),.PIECEWISE_BEZIER_KNOTS.);
#11230 = CARTESIAN_POINT('',(87.558874503046,0.));
#11231 = CARTESIAN_POINT('',(87.558874503046,64.));
#11232 = ( GEOMETRIC_REPRESENTATION_CONTEXT(2) 
PARAMETRIC_REPRESENTATION_CONTEXT() REPRESENTATION_CONTEXT('2D SPACE',''
  ) );
#11233 = PCURVE('',#11039,#11234);
#11234 = DEFINITIONAL_REPRESENTATION('',(#11235),#11238);
#11235 = B_SPLINE_CURVE_WITH_KNOTS('',1,(#11236,#11237),.UNSPECIFIED.,
  .F.,.F.,(2,2),(0.,64.),.PIECEWISE_BEZIER_KNOTS.);
#11236 = CARTESIAN_POINT('',(84.558874503046,0.));
#11237 = CARTESIAN_POINT('',(84.558874503046,64.));
#11238 = ( GEOMETRIC_REPRESENTATION_CONTEXT(2) 
PARAMETRIC_REPRESENTATION_CONTEXT() REPRESENTATION_CONTEXT('2D SPACE',''
  ) );
#11239 = ORIENTED_EDGE('',*,*,#11240,.F.);
#11240 = EDGE_CURVE('',#11176,#11220,#11241,.T.);
#11241 = SURFACE_CURVE('',#11242,(#11246,#11252),.PCURVE_S1.);
#11242 = LINE('',#11243,#11244);
#11243 = CARTESIAN_POINT('',(-47.95001843742,-28.89147985514,
    22.328698093861));
#11244 = VECTOR('',#11245,1.);
#11245 = DIRECTION('',(-0.654653670708,-0.377964473009,0.654653670708));
#11246 = PCURVE('',#11065,#11247);
#11247 = DEFINITIONAL_REPRESENTATION('',(#11248),#11251);
#11248 = B_SPLINE_CURVE_WITH_KNOTS('',1,(#11249,#11250),.UNSPECIFIED.,
  .F.,.F.,(2,2),(-42.50903850239,-36.58425746169),
  .PIECEWISE_BEZIER_KNOTS.);
#11249 = CARTESIAN_POINT('',(93.044155877284,19.175426480543));
#11250 = CARTESIAN_POINT('',(87.558874503046,16.936069736797));
#11251 = ( GEOMETRIC_REPRESENTATION_CONTEXT(2) 
PARAMETRIC_REPRESENTATION_CONTEXT() REPRESENTATION_CONTEXT('2D SPACE',''
  ) );
#11252 = PCURVE('',#11140,#11253);
#11253 = DEFINITIONAL_REPRESENTATION('',(#11254),#11257);
#11254 = B_SPLINE_CURVE_WITH_KNOTS('',1,(#11255,#11256),.UNSPECIFIED.,
  .F.,.F.,(2,2),(-42.50903850239,-36.58425746169),
  .PIECEWISE_BEZIER_KNOTS.);
#11255 = CARTESIAN_POINT('',(6.350852961086,-20.12132034356));
#11256 = CARTESIAN_POINT('',(1.872139473594,-24.));
#11257 = ( GEOMETRIC_REPRESENTATION_CONTEXT(2) 
PARAMETRIC_REPRESENTATION_CONTEXT() REPRESENTATION_CONTEXT('2D SPACE',''
  ) );
#11258 = ORIENTED_EDGE('',*,*,#11196,.T.);
#11259 = ADVANCED_FACE('',(#11260),#11039,.T.);
#11260 = FACE_BOUND('',#11261,.T.);
#11261 = EDGE_LOOP('',(#11262,#11263,#11264,#11283));
#11262 = ORIENTED_EDGE('',*,*,#11024,.F.);
#11263 = ORIENTED_EDGE('',*,*,#11104,.F.);
#11264 = ORIENTED_EDGE('',*,*,#11265,.F.);
#11265 = EDGE_CURVE('',#11220,#11105,#11266,.T.);
#11266 = SURFACE_CURVE('',#11267,(#11271,#11277),.PCURVE_S1.);
#11267 = LINE('',#11268,#11269);
#11268 = CARTESIAN_POINT('',(-41.92382191319,-4.715606856713,
    -19.54514225675));
#11269 = VECTOR('',#11270,1.);
#11270 = DIRECTION('',(-0.654653670708,0.377964473009,-0.654653670708));
#11271 = PCURVE('',#11039,#11272);
#11272 = DEFINITIONAL_REPRESENTATION('',(#11273),#11276);
#11273 = B_SPLINE_CURVE_WITH_KNOTS('',1,(#11274,#11275),.UNSPECIFIED.,
  .F.,.F.,(2,2),(-27.37909022004,-21.45430917933),
  .PIECEWISE_BEZIER_KNOTS.);
#11274 = CARTESIAN_POINT('',(84.558874503046,16.936069736797));
#11275 = CARTESIAN_POINT('',(79.073593128807,19.175426480543));
#11276 = ( GEOMETRIC_REPRESENTATION_CONTEXT(2) 
PARAMETRIC_REPRESENTATION_CONTEXT() REPRESENTATION_CONTEXT('2D SPACE',''
  ) );
#11277 = PCURVE('',#11140,#11278);
#11278 = DEFINITIONAL_REPRESENTATION('',(#11279),#11282);
#11279 = B_SPLINE_CURVE_WITH_KNOTS('',1,(#11280,#11281),.UNSPECIFIED.,
  .F.,.F.,(2,2),(-27.37909022004,-21.45430917933),
  .PIECEWISE_BEZIER_KNOTS.);
#11280 = CARTESIAN_POINT('',(1.872139473594,-24.));
#11281 = CARTESIAN_POINT('',(6.350852961086,-27.87867965644));
#11282 = ( GEOMETRIC_REPRESENTATION_CONTEXT(2) 
PARAMETRIC_REPRESENTATION_CONTEXT() REPRESENTATION_CONTEXT('2D SPACE',''
  ) );
#11283 = ORIENTED_EDGE('',*,*,#11219,.T.);
#11284 = ADVANCED_FACE('',(#11285),#11140,.T.);
#11285 = FACE_BOUND('',#11286,.T.);
#11286 = EDGE_LOOP('',(#11287,#11288,#11289,#11290));
#11287 = ORIENTED_EDGE('',*,*,#11125,.F.);
#11288 = ORIENTED_EDGE('',*,*,#11175,.F.);
#11289 = ORIENTED_EDGE('',*,*,#11240,.T.);
#11290 = ORIENTED_EDGE('',*,*,#11265,.T.);
#11291 = MANIFOLD_SOLID_BREP('',#11292);
#11292 = CLOSED_SHELL('',(#11293,#11405,#11475,#11520,#11565,#11590));
#11293 = ADVANCED_FACE('',(#11294),#11308,.T.);
#11294 = FACE_BOUND('',#11295,.T.);
#11295 = EDGE_LOOP('',(#11296,#11329,#11355,#11381));
#11296 = ORIENTED_EDGE('',*,*,#11297,.F.);
#11297 = EDGE_CURVE('',#11298,#11300,#11302,.T.);
#11298 = VERTEX_POINT('',#11299);
#11299 = CARTESIAN_POINT('',(-15.87867965644,12.824573519457,-5.5));
#11300 = VERTEX_POINT('',#11301);
#11301 = CARTESIAN_POINT('',(-12.,10.585216775711,-9.37867965644));
#11302 = SURFACE_CURVE('',#11303,(#11307,#11318),.PCURVE_S1.);
#11303 = LINE('',#11304,#11305);
#11304 = CARTESIAN_POINT('',(-33.64873250716,23.084118316338,
    12.270052850726));
#11305 = VECTOR('',#11306,1.);
#11306 = DIRECTION('',(0.654653670708,-0.377964473009,-0.654653670708));
#11307 = PCURVE('',#11308,#11313);
#11308 = PLANE('',#11309);
#11309 = AXIS2_PLACEMENT_3D('',#11310,#11311,#11312);
#11310 = CARTESIAN_POINT('',(0.,8.,-13.85640646055));
#11311 = DIRECTION('',(0.,0.866025403784,-0.5));
#11312 = DIRECTION('',(0.,0.5,0.866025403784));
#11313 = DEFINITIONAL_REPRESENTATION('',(#11314),#11317);
#11314 = B_SPLINE_CURVE_WITH_KNOTS('',1,(#11315,#11316),.UNSPECIFIED.,
  .F.,.F.,(2,2),(27.144204097272,33.06898513798),
  .PIECEWISE_BEZIER_KNOTS.);
#11315 = CARTESIAN_POINT('',(9.649147038914,-15.87867965644));
#11316 = CARTESIAN_POINT('',(5.170433551422,-12.));
#11317 = ( GEOMETRIC_REPRESENTATION_CONTEXT(2) 
PARAMETRIC_REPRESENTATION_CONTEXT() REPRESENTATION_CONTEXT('2D SPACE',''
  ) );
#11318 = PCURVE('',#11319,#11324);
#11319 = PLANE('',#11320);
#11320 = AXIS2_PLACEMENT_3D('',#11321,#11322,#11323);
#11321 = CARTESIAN_POINT('',(-83.7921535706,-32.,62.413473914166));
#11322 = DIRECTION('',(0.707106781187,0.,0.707106781187));
#11323 = DIRECTION('',(0.707106781187,0.,-0.707106781187));
#11324 = DEFINITIONAL_REPRESENTATION('',(#11325),#11328);
#11325 = B_SPLINE_CURVE_WITH_KNOTS('',1,(#11326,#11327),.UNSPECIFIED.,
  .F.,.F.,(2,2),(27.144204097272,33.06898513798),
  .PIECEWISE_BEZIER_KNOTS.);
#11326 = CARTESIAN_POINT('',(96.044155877284,44.824573519457));
#11327 = CARTESIAN_POINT('',(101.52943725152,42.585216775711));
#11328 = ( GEOMETRIC_REPRESENTATION_CONTEXT(2) 
PARAMETRIC_REPRESENTATION_CONTEXT() REPRESENTATION_CONTEXT('2D SPACE',''
  ) );
#11329 = ORIENTED_EDGE('',*,*,#11330,.T.);
#11330 = EDGE_CURVE('',#11298,#11331,#11333,.T.);
#11331 = VERTEX_POINT('',#11332);
#11332 = CARTESIAN_POINT('',(-12.,15.063930263203,-1.62132034356));
#11333 = SURFACE_CURVE('',#11334,(#11338,#11344),.PCURVE_S1.);
#11334 = LINE('',#11335,#11336);
#11335 = CARTESIAN_POINT('',(-49.51502745081,-6.595380934178,
    -39.13634779437));
#11336 = VECTOR('',#11337,1.);
#11337 = DIRECTION('',(0.654653670708,0.377964473009,0.654653670708));
#11338 = PCURVE('',#11308,#11339);
#11339 = DEFINITIONAL_REPRESENTATION('',(#11340),#11343);
#11340 = B_SPLINE_CURVE_WITH_KNOTS('',1,(#11341,#11342),.UNSPECIFIED.,
  .F.,.F.,(2,2),(51.380369956521,57.305150997228),
  .PIECEWISE_BEZIER_KNOTS.);
#11341 = CARTESIAN_POINT('',(9.649147038914,-15.87867965644));
#11342 = CARTESIAN_POINT('',(14.127860526406,-12.));
#11343 = ( GEOMETRIC_REPRESENTATION_CONTEXT(2) 
PARAMETRIC_REPRESENTATION_CONTEXT() REPRESENTATION_CONTEXT('2D SPACE',''
  ) );
#11344 = PCURVE('',#11345,#11350);
#11345 = PLANE('',#11346);
#11346 = AXIS2_PLACEMENT_3D('',#11347,#11348,#11349);
#11347 = CARTESIAN_POINT('',(-83.7921535706,-32.,-73.41347391416));
#11348 = DIRECTION('',(-0.707106781187,0.,0.707106781187));
#11349 = DIRECTION('',(0.707106781187,0.,0.707106781187));
#11350 = DEFINITIONAL_REPRESENTATION('',(#11351),#11354);
#11351 = B_SPLINE_CURVE_WITH_KNOTS('',1,(#11352,#11353),.UNSPECIFIED.,
  .F.,.F.,(2,2),(51.380369956521,57.305150997228),
  .PIECEWISE_BEZIER_KNOTS.);
#11352 = CARTESIAN_POINT('',(96.044155877284,44.824573519457));
#11353 = CARTESIAN_POINT('',(101.52943725152,47.063930263203));
#11354 = ( GEOMETRIC_REPRESENTATION_CONTEXT(2) 
PARAMETRIC_REPRESENTATION_CONTEXT() REPRESENTATION_CONTEXT('2D SPACE',''
  ) );
#11355 = ORIENTED_EDGE('',*,*,#11356,.T.);
#11356 = EDGE_CURVE('',#11331,#11357,#11359,.T.);
#11357 = VERTEX_POINT('',#11358);
#11358 = CARTESIAN_POINT('',(-8.12132034356,12.824573519457,-5.5));
#11359 = SURFACE_CURVE('',#11360,(#11364,#11370),.PCURVE_S1.);
#11360 = LINE('',#11361,#11362);
#11361 = CARTESIAN_POINT('',(-31.78738432837,26.48818193175,
    18.166063984818));
#11362 = VECTOR('',#11363,1.);
#11363 = DIRECTION('',(0.654653670708,-0.377964473009,-0.654653670708));
#11364 = PCURVE('',#11308,#11365);
#11365 = DEFINITIONAL_REPRESENTATION('',(#11366),#11369);
#11366 = B_SPLINE_CURVE_WITH_KNOTS('',1,(#11367,#11368),.UNSPECIFIED.,
  .F.,.F.,(2,2),(30.225728829991,36.150509870698),
  .PIECEWISE_BEZIER_KNOTS.);
#11367 = CARTESIAN_POINT('',(14.127860526406,-12.));
#11368 = CARTESIAN_POINT('',(9.649147038914,-8.12132034356));
#11369 = ( GEOMETRIC_REPRESENTATION_CONTEXT(2) 
PARAMETRIC_REPRESENTATION_CONTEXT() REPRESENTATION_CONTEXT('2D SPACE',''
  ) );
#11370 = PCURVE('',#11371,#11376);
#11371 = PLANE('',#11372);
#11372 = AXIS2_PLACEMENT_3D('',#11373,#11374,#11375);
#11373 = CARTESIAN_POINT('',(-85.91347391416,-32.,72.292153570606));
#11374 = DIRECTION('',(0.707106781187,0.,0.707106781187));
#11375 = DIRECTION('',(0.707106781187,0.,-0.707106781187));
#11376 = DEFINITIONAL_REPRESENTATION('',(#11377),#11380);
#11377 = B_SPLINE_CURVE_WITH_KNOTS('',1,(#11378,#11379),.UNSPECIFIED.,
  .F.,.F.,(2,2),(30.225728829991,36.150509870698),
  .PIECEWISE_BEZIER_KNOTS.);
#11378 = CARTESIAN_POINT('',(104.52943725152,47.063930263203));
#11379 = CARTESIAN_POINT('',(110.01471862576,44.824573519457));
#11380 = ( GEOMETRIC_REPRESENTATION_CONTEXT(2) 
PARAMETRIC_REPRESENTATION_CONTEXT() REPRESENTATION_CONTEXT('2D SPACE',''
  ) );
#11381 = ORIENTED_EDGE('',*,*,#11382,.F.);
#11382 = EDGE_CURVE('',#11300,#11357,#11383,.T.);
#11383 = SURFACE_CURVE('',#11384,(#11388,#11394),.PCURVE_S1.);
#11384 = LINE('',#11385,#11386);
#11385 = CARTESIAN_POINT('',(-47.65367927202,-9.999444549591,
    -45.03235892846));
#11386 = VECTOR('',#11387,1.);
#11387 = DIRECTION('',(0.654653670708,0.377964473009,0.654653670708));
#11388 = PCURVE('',#11308,#11389);
#11389 = DEFINITIONAL_REPRESENTATION('',(#11390),#11393);
#11390 = B_SPLINE_CURVE_WITH_KNOTS('',1,(#11391,#11392),.UNSPECIFIED.,
  .F.,.F.,(2,2),(54.461894689239,60.386675729947),
  .PIECEWISE_BEZIER_KNOTS.);
#11391 = CARTESIAN_POINT('',(5.170433551422,-12.));
#11392 = CARTESIAN_POINT('',(9.649147038914,-8.12132034356));
#11393 = ( GEOMETRIC_REPRESENTATION_CONTEXT(2) 
PARAMETRIC_REPRESENTATION_CONTEXT() REPRESENTATION_CONTEXT('2D SPACE',''
  ) );
#11394 = PCURVE('',#11395,#11400);
#11395 = PLANE('',#11396);
#11396 = AXIS2_PLACEMENT_3D('',#11397,#11398,#11399);
#11397 = CARTESIAN_POINT('',(-85.91347391416,-32.,-83.2921535706));
#11398 = DIRECTION('',(-0.707106781187,0.,0.707106781187));
#11399 = DIRECTION('',(0.707106781187,0.,0.707106781187));
#11400 = DEFINITIONAL_REPRESENTATION('',(#11401),#11404);
#11401 = B_SPLINE_CURVE_WITH_KNOTS('',1,(#11402,#11403),.UNSPECIFIED.,
  .F.,.F.,(2,2),(54.461894689239,60.386675729947),
  .PIECEWISE_BEZIER_KNOTS.);
#11402 = CARTESIAN_POINT('',(104.52943725152,42.585216775711));
#11403 = CARTESIAN_POINT('',(110.01471862576,44.824573519457));
#11404 = ( GEOMETRIC_REPRESENTATION_CONTEXT(2) 
PARAMETRIC_REPRESENTATION_CONTEXT() REPRESENTATION_CONTEXT('2D SPACE',''
  ) );
#11405 = ADVANCED_FACE('',(#11406),#11319,.F.);
#11406 = FACE_BOUND('',#11407,.F.);
#11407 = EDGE_LOOP('',(#11408,#11409,#11430,#11456));
#11408 = ORIENTED_EDGE('',*,*,#11297,.F.);
#11409 = ORIENTED_EDGE('',*,*,#11410,.F.);
#11410 = EDGE_CURVE('',#11411,#11298,#11413,.T.);
#11411 = VERTEX_POINT('',#11412);
#11412 = CARTESIAN_POINT('',(-15.87867965644,-12.82457351945,-5.5));
#11413 = SURFACE_CURVE('',#11414,(#11418,#11424),.PCURVE_S1.);
#11414 = LINE('',#11415,#11416);
#11415 = CARTESIAN_POINT('',(-15.87867965644,-32.,-5.5));
#11416 = VECTOR('',#11417,1.);
#11417 = DIRECTION('',(0.,1.,-0.));
#11418 = PCURVE('',#11319,#11419);
#11419 = DEFINITIONAL_REPRESENTATION('',(#11420),#11423);
#11420 = B_SPLINE_CURVE_WITH_KNOTS('',1,(#11421,#11422),.UNSPECIFIED.,
  .F.,.F.,(2,2),(0.,64.),.PIECEWISE_BEZIER_KNOTS.);
#11421 = CARTESIAN_POINT('',(96.044155877284,0.));
#11422 = CARTESIAN_POINT('',(96.044155877284,64.));
#11423 = ( GEOMETRIC_REPRESENTATION_CONTEXT(2) 
PARAMETRIC_REPRESENTATION_CONTEXT() REPRESENTATION_CONTEXT('2D SPACE',''
  ) );
#11424 = PCURVE('',#11345,#11425);
#11425 = DEFINITIONAL_REPRESENTATION('',(#11426),#11429);
#11426 = B_SPLINE_CURVE_WITH_KNOTS('',1,(#11427,#11428),.UNSPECIFIED.,
  .F.,.F.,(2,2),(0.,64.),.PIECEWISE_BEZIER_KNOTS.);
#11427 = CARTESIAN_POINT('',(96.044155877284,0.));
#11428 = CARTESIAN_POINT('',(96.044155877284,64.));
#11429 = ( GEOMETRIC_REPRESENTATION_CONTEXT(2) 
PARAMETRIC_REPRESENTATION_CONTEXT() REPRESENTATION_CONTEXT('2D SPACE',''
  ) );
#11430 = ORIENTED_EDGE('',*,*,#11431,.F.);
#11431 = EDGE_CURVE('',#11432,#11411,#11434,.T.);
#11432 = VERTEX_POINT('',#11433);
#11433 = CARTESIAN_POINT('',(-12.,-10.58521677571,-9.37867965644));
#11434 = SURFACE_CURVE('',#11435,(#11439,#11445),.PCURVE_S1.);
#11435 = LINE('',#11436,#11437);
#11436 = CARTESIAN_POINT('',(-45.52565233049,-29.94126117348,
    24.146972674055));
#11437 = VECTOR('',#11438,1.);
#11438 = DIRECTION('',(-0.654653670708,-0.377964473009,0.654653670708));
#11439 = PCURVE('',#11319,#11440);
#11440 = DEFINITIONAL_REPRESENTATION('',(#11441),#11444);
#11441 = B_SPLINE_CURVE_WITH_KNOTS('',1,(#11442,#11443),.UNSPECIFIED.,
  .F.,.F.,(2,2),(-51.21127984242,-45.28649880171),
  .PIECEWISE_BEZIER_KNOTS.);
#11442 = CARTESIAN_POINT('',(101.52943725152,21.414783224289));
#11443 = CARTESIAN_POINT('',(96.044155877284,19.175426480543));
#11444 = ( GEOMETRIC_REPRESENTATION_CONTEXT(2) 
PARAMETRIC_REPRESENTATION_CONTEXT() REPRESENTATION_CONTEXT('2D SPACE',''
  ) );
#11445 = PCURVE('',#11446,#11451);
#11446 = PLANE('',#11447);
#11447 = AXIS2_PLACEMENT_3D('',#11448,#11449,#11450);
#11448 = CARTESIAN_POINT('',(0.,-16.,1.959434878636E-15));
#11449 = DIRECTION('',(0.,-0.866025403784,-0.5));
#11450 = DIRECTION('',(0.,0.5,-0.866025403784));
#11451 = DEFINITIONAL_REPRESENTATION('',(#11452),#11455);
#11452 = B_SPLINE_CURVE_WITH_KNOTS('',1,(#11453,#11454),.UNSPECIFIED.,
  .F.,.F.,(2,2),(-51.21127984242,-45.28649880171),
  .PIECEWISE_BEZIER_KNOTS.);
#11453 = CARTESIAN_POINT('',(10.829566448578,-12.));
#11454 = CARTESIAN_POINT('',(6.350852961086,-15.87867965644));
#11455 = ( GEOMETRIC_REPRESENTATION_CONTEXT(2) 
PARAMETRIC_REPRESENTATION_CONTEXT() REPRESENTATION_CONTEXT('2D SPACE',''
  ) );
#11456 = ORIENTED_EDGE('',*,*,#11457,.T.);
#11457 = EDGE_CURVE('',#11432,#11300,#11458,.T.);
#11458 = SURFACE_CURVE('',#11459,(#11463,#11469),.PCURVE_S1.);
#11459 = LINE('',#11460,#11461);
#11460 = CARTESIAN_POINT('',(-12.,-32.,-9.37867965644));
#11461 = VECTOR('',#11462,1.);
#11462 = DIRECTION('',(0.,1.,-0.));
#11463 = PCURVE('',#11319,#11464);
#11464 = DEFINITIONAL_REPRESENTATION('',(#11465),#11468);
#11465 = B_SPLINE_CURVE_WITH_KNOTS('',1,(#11466,#11467),.UNSPECIFIED.,
  .F.,.F.,(2,2),(0.,64.),.PIECEWISE_BEZIER_KNOTS.);
#11466 = CARTESIAN_POINT('',(101.52943725152,0.));
#11467 = CARTESIAN_POINT('',(101.52943725152,64.));
#11468 = ( GEOMETRIC_REPRESENTATION_CONTEXT(2) 
PARAMETRIC_REPRESENTATION_CONTEXT() REPRESENTATION_CONTEXT('2D SPACE',''
  ) );
#11469 = PCURVE('',#11395,#11470);
#11470 = DEFINITIONAL_REPRESENTATION('',(#11471),#11474);
#11471 = B_SPLINE_CURVE_WITH_KNOTS('',1,(#11472,#11473),.UNSPECIFIED.,
  .F.,.F.,(2,2),(0.,64.),.PIECEWISE_BEZIER_KNOTS.);
#11472 = CARTESIAN_POINT('',(104.52943725152,0.));
#11473 = CARTESIAN_POINT('',(104.52943725152,64.));
#11474 = ( GEOMETRIC_REPRESENTATION_CONTEXT(2) 
PARAMETRIC_REPRESENTATION_CONTEXT() REPRESENTATION_CONTEXT('2D SPACE',''
  ) );
#11475 = ADVANCED_FACE('',(#11476),#11395,.F.);
#11476 = FACE_BOUND('',#11477,.F.);
#11477 = EDGE_LOOP('',(#11478,#11479,#11480,#11501));
#11478 = ORIENTED_EDGE('',*,*,#11382,.F.);
#11479 = ORIENTED_EDGE('',*,*,#11457,.F.);
#11480 = ORIENTED_EDGE('',*,*,#11481,.F.);
#11481 = EDGE_CURVE('',#11482,#11432,#11484,.T.);
#11482 = VERTEX_POINT('',#11483);
#11483 = CARTESIAN_POINT('',(-8.12132034356,-12.82457351945,-5.5));
#11484 = SURFACE_CURVE('',#11485,(#11489,#11495),.PCURVE_S1.);
#11485 = LINE('',#11486,#11487);
#11486 = CARTESIAN_POINT('',(-35.77675944869,3.142301692448,
    -33.15543910513));
#11487 = VECTOR('',#11488,1.);
#11488 = DIRECTION('',(-0.654653670708,0.377964473009,-0.654653670708));
#11489 = PCURVE('',#11395,#11490);
#11490 = DEFINITIONAL_REPRESENTATION('',(#11491),#11494);
#11491 = B_SPLINE_CURVE_WITH_KNOTS('',1,(#11492,#11493),.UNSPECIFIED.,
  .F.,.F.,(2,2),(-42.2443810255,-36.31959998479),
  .PIECEWISE_BEZIER_KNOTS.);
#11492 = CARTESIAN_POINT('',(110.01471862576,19.175426480543));
#11493 = CARTESIAN_POINT('',(104.52943725152,21.414783224289));
#11494 = ( GEOMETRIC_REPRESENTATION_CONTEXT(2) 
PARAMETRIC_REPRESENTATION_CONTEXT() REPRESENTATION_CONTEXT('2D SPACE',''
  ) );
#11495 = PCURVE('',#11446,#11496);
#11496 = DEFINITIONAL_REPRESENTATION('',(#11497),#11500);
#11497 = B_SPLINE_CURVE_WITH_KNOTS('',1,(#11498,#11499),.UNSPECIFIED.,
  .F.,.F.,(2,2),(-42.2443810255,-36.31959998479),
  .PIECEWISE_BEZIER_KNOTS.);
#11498 = CARTESIAN_POINT('',(6.350852961086,-8.12132034356));
#11499 = CARTESIAN_POINT('',(10.829566448578,-12.));
#11500 = ( GEOMETRIC_REPRESENTATION_CONTEXT(2) 
PARAMETRIC_REPRESENTATION_CONTEXT() REPRESENTATION_CONTEXT('2D SPACE',''
  ) );
#11501 = ORIENTED_EDGE('',*,*,#11502,.T.);
#11502 = EDGE_CURVE('',#11482,#11357,#11503,.T.);
#11503 = SURFACE_CURVE('',#11504,(#11508,#11514),.PCURVE_S1.);
#11504 = LINE('',#11505,#11506);
#11505 = CARTESIAN_POINT('',(-8.12132034356,-32.,-5.5));
#11506 = VECTOR('',#11507,1.);
#11507 = DIRECTION('',(0.,1.,-0.));
#11508 = PCURVE('',#11395,#11509);
#11509 = DEFINITIONAL_REPRESENTATION('',(#11510),#11513);
#11510 = B_SPLINE_CURVE_WITH_KNOTS('',1,(#11511,#11512),.UNSPECIFIED.,
  .F.,.F.,(2,2),(0.,64.),.PIECEWISE_BEZIER_KNOTS.);
#11511 = CARTESIAN_POINT('',(110.01471862576,0.));
#11512 = CARTESIAN_POINT('',(110.01471862576,64.));
#11513 = ( GEOMETRIC_REPRESENTATION_CONTEXT(2) 
PARAMETRIC_REPRESENTATION_CONTEXT() REPRESENTATION_CONTEXT('2D SPACE',''
  ) );
#11514 = PCURVE('',#11371,#11515);
#11515 = DEFINITIONAL_REPRESENTATION('',(#11516),#11519);
#11516 = B_SPLINE_CURVE_WITH_KNOTS('',1,(#11517,#11518),.UNSPECIFIED.,
  .F.,.F.,(2,2),(0.,64.),.PIECEWISE_BEZIER_KNOTS.);
#11517 = CARTESIAN_POINT('',(110.01471862576,0.));
#11518 = CARTESIAN_POINT('',(110.01471862576,64.));
#11519 = ( GEOMETRIC_REPRESENTATION_CONTEXT(2) 
PARAMETRIC_REPRESENTATION_CONTEXT() REPRESENTATION_CONTEXT('2D SPACE',''
  ) );
#11520 = ADVANCED_FACE('',(#11521),#11371,.T.);
#11521 = FACE_BOUND('',#11522,.T.);
#11522 = EDGE_LOOP('',(#11523,#11524,#11545,#11564));
#11523 = ORIENTED_EDGE('',*,*,#11356,.F.);
#11524 = ORIENTED_EDGE('',*,*,#11525,.F.);
#11525 = EDGE_CURVE('',#11526,#11331,#11528,.T.);
#11526 = VERTEX_POINT('',#11527);
#11527 = CARTESIAN_POINT('',(-12.,-15.0639302632,-1.62132034356));
#11528 = SURFACE_CURVE('',#11529,(#11533,#11539),.PCURVE_S1.);
#11529 = LINE('',#11530,#11531);
#11530 = CARTESIAN_POINT('',(-12.,-32.,-1.62132034356));
#11531 = VECTOR('',#11532,1.);
#11532 = DIRECTION('',(0.,1.,-0.));
#11533 = PCURVE('',#11371,#11534);
#11534 = DEFINITIONAL_REPRESENTATION('',(#11535),#11538);
#11535 = B_SPLINE_CURVE_WITH_KNOTS('',1,(#11536,#11537),.UNSPECIFIED.,
  .F.,.F.,(2,2),(0.,64.),.PIECEWISE_BEZIER_KNOTS.);
#11536 = CARTESIAN_POINT('',(104.52943725152,0.));
#11537 = CARTESIAN_POINT('',(104.52943725152,64.));
#11538 = ( GEOMETRIC_REPRESENTATION_CONTEXT(2) 
PARAMETRIC_REPRESENTATION_CONTEXT() REPRESENTATION_CONTEXT('2D SPACE',''
  ) );
#11539 = PCURVE('',#11345,#11540);
#11540 = DEFINITIONAL_REPRESENTATION('',(#11541),#11544);
#11541 = B_SPLINE_CURVE_WITH_KNOTS('',1,(#11542,#11543),.UNSPECIFIED.,
  .F.,.F.,(2,2),(0.,64.),.PIECEWISE_BEZIER_KNOTS.);
#11542 = CARTESIAN_POINT('',(101.52943725152,0.));
#11543 = CARTESIAN_POINT('',(101.52943725152,64.));
#11544 = ( GEOMETRIC_REPRESENTATION_CONTEXT(2) 
PARAMETRIC_REPRESENTATION_CONTEXT() REPRESENTATION_CONTEXT('2D SPACE',''
  ) );
#11545 = ORIENTED_EDGE('',*,*,#11546,.F.);
#11546 = EDGE_CURVE('',#11482,#11526,#11547,.T.);
#11547 = SURFACE_CURVE('',#11548,(#11552,#11558),.PCURVE_S1.);
#11548 = LINE('',#11549,#11550);
#11549 = CARTESIAN_POINT('',(-43.6643041517,-33.34532478889,
    30.042983808147));
#11550 = VECTOR('',#11551,1.);
#11551 = DIRECTION('',(-0.654653670708,-0.377964473009,0.654653670708));
#11552 = PCURVE('',#11371,#11553);
#11553 = DEFINITIONAL_REPRESENTATION('',(#11554),#11557);
#11554 = B_SPLINE_CURVE_WITH_KNOTS('',1,(#11555,#11556),.UNSPECIFIED.,
  .F.,.F.,(2,2),(-54.29280457514,-48.36802353443),
  .PIECEWISE_BEZIER_KNOTS.);
#11555 = CARTESIAN_POINT('',(110.01471862576,19.175426480543));
#11556 = CARTESIAN_POINT('',(104.52943725152,16.936069736797));
#11557 = ( GEOMETRIC_REPRESENTATION_CONTEXT(2) 
PARAMETRIC_REPRESENTATION_CONTEXT() REPRESENTATION_CONTEXT('2D SPACE',''
  ) );
#11558 = PCURVE('',#11446,#11559);
#11559 = DEFINITIONAL_REPRESENTATION('',(#11560),#11563);
#11560 = B_SPLINE_CURVE_WITH_KNOTS('',1,(#11561,#11562),.UNSPECIFIED.,
  .F.,.F.,(2,2),(-54.29280457514,-48.36802353443),
  .PIECEWISE_BEZIER_KNOTS.);
#11561 = CARTESIAN_POINT('',(6.350852961086,-8.12132034356));
#11562 = CARTESIAN_POINT('',(1.872139473594,-12.));
#11563 = ( GEOMETRIC_REPRESENTATION_CONTEXT(2) 
PARAMETRIC_REPRESENTATION_CONTEXT() REPRESENTATION_CONTEXT('2D SPACE',''
  ) );
#11564 = ORIENTED_EDGE('',*,*,#11502,.T.);
#11565 = ADVANCED_FACE('',(#11566),#11345,.T.);
#11566 = FACE_BOUND('',#11567,.T.);
#11567 = EDGE_LOOP('',(#11568,#11569,#11570,#11589));
#11568 = ORIENTED_EDGE('',*,*,#11330,.F.);
#11569 = ORIENTED_EDGE('',*,*,#11410,.F.);
#11570 = ORIENTED_EDGE('',*,*,#11571,.F.);
#11571 = EDGE_CURVE('',#11526,#11411,#11572,.T.);
#11572 = SURFACE_CURVE('',#11573,(#11577,#11583),.PCURVE_S1.);
#11573 = LINE('',#11574,#11575);
#11574 = CARTESIAN_POINT('',(-37.63810762748,-0.261761922964,
    -27.25942797104));
#11575 = VECTOR('',#11576,1.);
#11576 = DIRECTION('',(-0.654653670708,0.377964473009,-0.654653670708));
#11577 = PCURVE('',#11345,#11578);
#11578 = DEFINITIONAL_REPRESENTATION('',(#11579),#11582);
#11579 = B_SPLINE_CURVE_WITH_KNOTS('',1,(#11580,#11581),.UNSPECIFIED.,
  .F.,.F.,(2,2),(-39.16285629278,-33.23807525207),
  .PIECEWISE_BEZIER_KNOTS.);
#11580 = CARTESIAN_POINT('',(101.52943725152,16.936069736797));
#11581 = CARTESIAN_POINT('',(96.044155877284,19.175426480543));
#11582 = ( GEOMETRIC_REPRESENTATION_CONTEXT(2) 
PARAMETRIC_REPRESENTATION_CONTEXT() REPRESENTATION_CONTEXT('2D SPACE',''
  ) );
#11583 = PCURVE('',#11446,#11584);
#11584 = DEFINITIONAL_REPRESENTATION('',(#11585),#11588);
#11585 = B_SPLINE_CURVE_WITH_KNOTS('',1,(#11586,#11587),.UNSPECIFIED.,
  .F.,.F.,(2,2),(-39.16285629278,-33.23807525207),
  .PIECEWISE_BEZIER_KNOTS.);
#11586 = CARTESIAN_POINT('',(1.872139473594,-12.));
#11587 = CARTESIAN_POINT('',(6.350852961086,-15.87867965644));
#11588 = ( GEOMETRIC_REPRESENTATION_CONTEXT(2) 
PARAMETRIC_REPRESENTATION_CONTEXT() REPRESENTATION_CONTEXT('2D SPACE',''
  ) );
#11589 = ORIENTED_EDGE('',*,*,#11525,.T.);
#11590 = ADVANCED_FACE('',(#11591),#11446,.T.);
#11591 = FACE_BOUND('',#11592,.T.);
#11592 = EDGE_LOOP('',(#11593,#11594,#11595,#11596));
#11593 = ORIENTED_EDGE('',*,*,#11431,.F.);
#11594 = ORIENTED_EDGE('',*,*,#11481,.F.);
#11595 = ORIENTED_EDGE('',*,*,#11546,.T.);
#11596 = ORIENTED_EDGE('',*,*,#11571,.T.);
#11597 = MANIFOLD_SOLID_BREP('',#11598);
#11598 = CLOSED_SHELL('',(#11599,#11711,#11781,#11826,#11871,#11896));
#11599 = ADVANCED_FACE('',(#11600),#11614,.T.);
#11600 = FACE_BOUND('',#11601,.T.);
#11601 = EDGE_LOOP('',(#11602,#11635,#11661,#11687));
#11602 = ORIENTED_EDGE('',*,*,#11603,.F.);
#11603 = EDGE_CURVE('',#11604,#11606,#11608,.T.);
#11604 = VERTEX_POINT('',#11605);
#11605 = CARTESIAN_POINT('',(-3.87867965644,12.824573519457,-5.5));
#11606 = VERTEX_POINT('',#11607);
#11607 = CARTESIAN_POINT('',(-6.495878056776E-15,10.585216775711,
    -9.37867965644));
#11608 = SURFACE_CURVE('',#11609,(#11613,#11624),.PCURVE_S1.);
#11609 = LINE('',#11610,#11611);
#11610 = CARTESIAN_POINT('',(-29.36301822145,27.537963250086,
    19.984338565012));
#11611 = VECTOR('',#11612,1.);
#11612 = DIRECTION('',(0.654653670708,-0.377964473009,-0.654653670708));
#11613 = PCURVE('',#11614,#11619);
#11614 = PLANE('',#11615);
#11615 = AXIS2_PLACEMENT_3D('',#11616,#11617,#11618);
#11616 = CARTESIAN_POINT('',(0.,8.,-13.85640646055));
#11617 = DIRECTION('',(0.,0.866025403784,-0.5));
#11618 = DIRECTION('',(0.,0.5,0.866025403784));
#11619 = DEFINITIONAL_REPRESENTATION('',(#11620),#11623);
#11620 = B_SPLINE_CURVE_WITH_KNOTS('',1,(#11621,#11622),.UNSPECIFIED.,
  .F.,.F.,(2,2),(38.927970170016,44.852751210724),
  .PIECEWISE_BEZIER_KNOTS.);
#11621 = CARTESIAN_POINT('',(9.649147038914,-3.87867965644));
#11622 = CARTESIAN_POINT('',(5.170433551422,2.839464618387E-15));
#11623 = ( GEOMETRIC_REPRESENTATION_CONTEXT(2) 
PARAMETRIC_REPRESENTATION_CONTEXT() REPRESENTATION_CONTEXT('2D SPACE',''
  ) );
#11624 = PCURVE('',#11625,#11630);
#11625 = PLANE('',#11626);
#11626 = AXIS2_PLACEMENT_3D('',#11627,#11628,#11629);
#11627 = CARTESIAN_POINT('',(-83.7921535706,-32.,74.413473914166));
#11628 = DIRECTION('',(0.707106781187,0.,0.707106781187));
#11629 = DIRECTION('',(0.707106781187,0.,-0.707106781187));
#11630 = DEFINITIONAL_REPRESENTATION('',(#11631),#11634);
#11631 = B_SPLINE_CURVE_WITH_KNOTS('',1,(#11632,#11633),.UNSPECIFIED.,
  .F.,.F.,(2,2),(38.927970170016,44.852751210724),
  .PIECEWISE_BEZIER_KNOTS.);
#11632 = CARTESIAN_POINT('',(113.01471862576,44.824573519457));
#11633 = CARTESIAN_POINT('',(118.5,42.585216775711));
#11634 = ( GEOMETRIC_REPRESENTATION_CONTEXT(2) 
PARAMETRIC_REPRESENTATION_CONTEXT() REPRESENTATION_CONTEXT('2D SPACE',''
  ) );
#11635 = ORIENTED_EDGE('',*,*,#11636,.T.);
#11636 = EDGE_CURVE('',#11604,#11637,#11639,.T.);
#11637 = VERTEX_POINT('',#11638);
#11638 = CARTESIAN_POINT('',(-1.471582188988E-15,15.063930263203,
    -1.62132034356));
#11639 = SURFACE_CURVE('',#11640,(#11644,#11650),.PCURVE_S1.);
#11640 = LINE('',#11641,#11642);
#11641 = CARTESIAN_POINT('',(-45.22931316509,-11.04922586792,
    -46.85063350865));
#11642 = VECTOR('',#11643,1.);
#11643 = DIRECTION('',(0.654653670708,0.377964473009,0.654653670708));
#11644 = PCURVE('',#11614,#11645);
#11645 = DEFINITIONAL_REPRESENTATION('',(#11646),#11649);
#11646 = B_SPLINE_CURVE_WITH_KNOTS('',1,(#11647,#11648),.UNSPECIFIED.,
  .F.,.F.,(2,2),(63.164136029264,69.088917069972),
  .PIECEWISE_BEZIER_KNOTS.);
#11647 = CARTESIAN_POINT('',(9.649147038914,-3.87867965644));
#11648 = CARTESIAN_POINT('',(14.127860526406,2.796779880651E-15));
#11649 = ( GEOMETRIC_REPRESENTATION_CONTEXT(2) 
PARAMETRIC_REPRESENTATION_CONTEXT() REPRESENTATION_CONTEXT('2D SPACE',''
  ) );
#11650 = PCURVE('',#11651,#11656);
#11651 = PLANE('',#11652);
#11652 = AXIS2_PLACEMENT_3D('',#11653,#11654,#11655);
#11653 = CARTESIAN_POINT('',(-83.7921535706,-32.,-85.41347391416));
#11654 = DIRECTION('',(-0.707106781187,0.,0.707106781187));
#11655 = DIRECTION('',(0.707106781187,0.,0.707106781187));
#11656 = DEFINITIONAL_REPRESENTATION('',(#11657),#11660);
#11657 = B_SPLINE_CURVE_WITH_KNOTS('',1,(#11658,#11659),.UNSPECIFIED.,
  .F.,.F.,(2,2),(63.164136029264,69.088917069972),
  .PIECEWISE_BEZIER_KNOTS.);
#11658 = CARTESIAN_POINT('',(113.01471862576,44.824573519457));
#11659 = CARTESIAN_POINT('',(118.5,47.063930263203));
#11660 = ( GEOMETRIC_REPRESENTATION_CONTEXT(2) 
PARAMETRIC_REPRESENTATION_CONTEXT() REPRESENTATION_CONTEXT('2D SPACE',''
  ) );
#11661 = ORIENTED_EDGE('',*,*,#11662,.T.);
#11662 = EDGE_CURVE('',#11637,#11663,#11665,.T.);
#11663 = VERTEX_POINT('',#11664);
#11664 = CARTESIAN_POINT('',(3.87867965644,12.824573519457,-5.5));
#11665 = SURFACE_CURVE('',#11666,(#11670,#11676),.PCURVE_S1.);
#11666 = LINE('',#11667,#11668);
#11667 = CARTESIAN_POINT('',(-27.50167004266,30.942026865499,
    25.880349699103));
#11668 = VECTOR('',#11669,1.);
#11669 = DIRECTION('',(0.654653670708,-0.377964473009,-0.654653670708));
#11670 = PCURVE('',#11614,#11671);
#11671 = DEFINITIONAL_REPRESENTATION('',(#11672),#11675);
#11672 = B_SPLINE_CURVE_WITH_KNOTS('',1,(#11673,#11674),.UNSPECIFIED.,
  .F.,.F.,(2,2),(42.009494902734,47.934275943442),
  .PIECEWISE_BEZIER_KNOTS.);
#11673 = CARTESIAN_POINT('',(14.127860526406,4.425596463929E-15));
#11674 = CARTESIAN_POINT('',(9.649147038914,3.87867965644));
#11675 = ( GEOMETRIC_REPRESENTATION_CONTEXT(2) 
PARAMETRIC_REPRESENTATION_CONTEXT() REPRESENTATION_CONTEXT('2D SPACE',''
  ) );
#11676 = PCURVE('',#11677,#11682);
#11677 = PLANE('',#11678);
#11678 = AXIS2_PLACEMENT_3D('',#11679,#11680,#11681);
#11679 = CARTESIAN_POINT('',(-85.91347391416,-32.,84.292153570606));
#11680 = DIRECTION('',(0.707106781187,0.,0.707106781187));
#11681 = DIRECTION('',(0.707106781187,0.,-0.707106781187));
#11682 = DEFINITIONAL_REPRESENTATION('',(#11683),#11686);
#11683 = B_SPLINE_CURVE_WITH_KNOTS('',1,(#11684,#11685),.UNSPECIFIED.,
  .F.,.F.,(2,2),(42.009494902734,47.934275943442),
  .PIECEWISE_BEZIER_KNOTS.);
#11684 = CARTESIAN_POINT('',(121.5,47.063930263203));
#11685 = CARTESIAN_POINT('',(126.98528137423,44.824573519457));
#11686 = ( GEOMETRIC_REPRESENTATION_CONTEXT(2) 
PARAMETRIC_REPRESENTATION_CONTEXT() REPRESENTATION_CONTEXT('2D SPACE',''
  ) );
#11687 = ORIENTED_EDGE('',*,*,#11688,.F.);
#11688 = EDGE_CURVE('',#11606,#11663,#11689,.T.);
#11689 = SURFACE_CURVE('',#11690,(#11694,#11700),.PCURVE_S1.);
#11690 = LINE('',#11691,#11692);
#11691 = CARTESIAN_POINT('',(-43.3679649863,-14.45328948334,
    -52.74664464274));
#11692 = VECTOR('',#11693,1.);
#11693 = DIRECTION('',(0.654653670708,0.377964473009,0.654653670708));
#11694 = PCURVE('',#11614,#11695);
#11695 = DEFINITIONAL_REPRESENTATION('',(#11696),#11699);
#11696 = B_SPLINE_CURVE_WITH_KNOTS('',1,(#11697,#11698),.UNSPECIFIED.,
  .F.,.F.,(2,2),(66.245660761983,72.17044180269),
  .PIECEWISE_BEZIER_KNOTS.);
#11697 = CARTESIAN_POINT('',(5.170433551422,6.580672571798E-15));
#11698 = CARTESIAN_POINT('',(9.649147038914,3.87867965644));
#11699 = ( GEOMETRIC_REPRESENTATION_CONTEXT(2) 
PARAMETRIC_REPRESENTATION_CONTEXT() REPRESENTATION_CONTEXT('2D SPACE',''
  ) );
#11700 = PCURVE('',#11701,#11706);
#11701 = PLANE('',#11702);
#11702 = AXIS2_PLACEMENT_3D('',#11703,#11704,#11705);
#11703 = CARTESIAN_POINT('',(-85.91347391416,-32.,-95.2921535706));
#11704 = DIRECTION('',(-0.707106781187,0.,0.707106781187));
#11705 = DIRECTION('',(0.707106781187,0.,0.707106781187));
#11706 = DEFINITIONAL_REPRESENTATION('',(#11707),#11710);
#11707 = B_SPLINE_CURVE_WITH_KNOTS('',1,(#11708,#11709),.UNSPECIFIED.,
  .F.,.F.,(2,2),(66.245660761983,72.17044180269),
  .PIECEWISE_BEZIER_KNOTS.);
#11708 = CARTESIAN_POINT('',(121.5,42.585216775711));
#11709 = CARTESIAN_POINT('',(126.98528137423,44.824573519457));
#11710 = ( GEOMETRIC_REPRESENTATION_CONTEXT(2) 
PARAMETRIC_REPRESENTATION_CONTEXT() REPRESENTATION_CONTEXT('2D SPACE',''
  ) );
#11711 = ADVANCED_FACE('',(#11712),#11625,.F.);
#11712 = FACE_BOUND('',#11713,.F.);
#11713 = EDGE_LOOP('',(#11714,#11715,#11736,#11762));
#11714 = ORIENTED_EDGE('',*,*,#11603,.F.);
#11715 = ORIENTED_EDGE('',*,*,#11716,.F.);
#11716 = EDGE_CURVE('',#11717,#11604,#11719,.T.);
#11717 = VERTEX_POINT('',#11718);
#11718 = CARTESIAN_POINT('',(-3.87867965644,-12.82457351945,-5.5));
#11719 = SURFACE_CURVE('',#11720,(#11724,#11730),.PCURVE_S1.);
#11720 = LINE('',#11721,#11722);
#11721 = CARTESIAN_POINT('',(-3.87867965644,-32.,-5.5));
#11722 = VECTOR('',#11723,1.);
#11723 = DIRECTION('',(0.,1.,-0.));
#11724 = PCURVE('',#11625,#11725);
#11725 = DEFINITIONAL_REPRESENTATION('',(#11726),#11729);
#11726 = B_SPLINE_CURVE_WITH_KNOTS('',1,(#11727,#11728),.UNSPECIFIED.,
  .F.,.F.,(2,2),(0.,64.),.PIECEWISE_BEZIER_KNOTS.);
#11727 = CARTESIAN_POINT('',(113.01471862576,0.));
#11728 = CARTESIAN_POINT('',(113.01471862576,64.));
#11729 = ( GEOMETRIC_REPRESENTATION_CONTEXT(2) 
PARAMETRIC_REPRESENTATION_CONTEXT() REPRESENTATION_CONTEXT('2D SPACE',''
  ) );
#11730 = PCURVE('',#11651,#11731);
#11731 = DEFINITIONAL_REPRESENTATION('',(#11732),#11735);
#11732 = B_SPLINE_CURVE_WITH_KNOTS('',1,(#11733,#11734),.UNSPECIFIED.,
  .F.,.F.,(2,2),(0.,64.),.PIECEWISE_BEZIER_KNOTS.);
#11733 = CARTESIAN_POINT('',(113.01471862576,0.));
#11734 = CARTESIAN_POINT('',(113.01471862576,64.));
#11735 = ( GEOMETRIC_REPRESENTATION_CONTEXT(2) 
PARAMETRIC_REPRESENTATION_CONTEXT() REPRESENTATION_CONTEXT('2D SPACE',''
  ) );
#11736 = ORIENTED_EDGE('',*,*,#11737,.F.);
#11737 = EDGE_CURVE('',#11738,#11717,#11740,.T.);
#11738 = VERTEX_POINT('',#11739);
#11739 = CARTESIAN_POINT('',(-6.495878056776E-15,-10.58521677571,
    -9.37867965644));
#11740 = SURFACE_CURVE('',#11741,(#11745,#11751),.PCURVE_S1.);
#11741 = LINE('',#11742,#11743);
#11742 = CARTESIAN_POINT('',(-41.23993804478,-34.39510610722,
    31.861258388341));
#11743 = VECTOR('',#11744,1.);
#11744 = DIRECTION('',(-0.654653670708,-0.377964473009,0.654653670708));
#11745 = PCURVE('',#11625,#11746);
#11746 = DEFINITIONAL_REPRESENTATION('',(#11747),#11750);
#11747 = B_SPLINE_CURVE_WITH_KNOTS('',1,(#11748,#11749),.UNSPECIFIED.,
  .F.,.F.,(2,2),(-62.99504591516,-57.07026487445),
  .PIECEWISE_BEZIER_KNOTS.);
#11748 = CARTESIAN_POINT('',(118.5,21.414783224289));
#11749 = CARTESIAN_POINT('',(113.01471862576,19.175426480543));
#11750 = ( GEOMETRIC_REPRESENTATION_CONTEXT(2) 
PARAMETRIC_REPRESENTATION_CONTEXT() REPRESENTATION_CONTEXT('2D SPACE',''
  ) );
#11751 = PCURVE('',#11752,#11757);
#11752 = PLANE('',#11753);
#11753 = AXIS2_PLACEMENT_3D('',#11754,#11755,#11756);
#11754 = CARTESIAN_POINT('',(0.,-16.,1.959434878636E-15));
#11755 = DIRECTION('',(0.,-0.866025403784,-0.5));
#11756 = DIRECTION('',(0.,0.5,-0.866025403784));
#11757 = DEFINITIONAL_REPRESENTATION('',(#11758),#11761);
#11758 = B_SPLINE_CURVE_WITH_KNOTS('',1,(#11759,#11760),.UNSPECIFIED.,
  .F.,.F.,(2,2),(-62.99504591516,-57.07026487445),
  .PIECEWISE_BEZIER_KNOTS.);
#11759 = CARTESIAN_POINT('',(10.829566448578,1.580597420536E-15));
#11760 = CARTESIAN_POINT('',(6.350852961086,-3.87867965644));
#11761 = ( GEOMETRIC_REPRESENTATION_CONTEXT(2) 
PARAMETRIC_REPRESENTATION_CONTEXT() REPRESENTATION_CONTEXT('2D SPACE',''
  ) );
#11762 = ORIENTED_EDGE('',*,*,#11763,.T.);
#11763 = EDGE_CURVE('',#11738,#11606,#11764,.T.);
#11764 = SURFACE_CURVE('',#11765,(#11769,#11775),.PCURVE_S1.);
#11765 = LINE('',#11766,#11767);
#11766 = CARTESIAN_POINT('',(-6.495878056776E-15,-32.,-9.37867965644));
#11767 = VECTOR('',#11768,1.);
#11768 = DIRECTION('',(0.,1.,-0.));
#11769 = PCURVE('',#11625,#11770);
#11770 = DEFINITIONAL_REPRESENTATION('',(#11771),#11774);
#11771 = B_SPLINE_CURVE_WITH_KNOTS('',1,(#11772,#11773),.UNSPECIFIED.,
  .F.,.F.,(2,2),(0.,64.),.PIECEWISE_BEZIER_KNOTS.);
#11772 = CARTESIAN_POINT('',(118.5,0.));
#11773 = CARTESIAN_POINT('',(118.5,64.));
#11774 = ( GEOMETRIC_REPRESENTATION_CONTEXT(2) 
PARAMETRIC_REPRESENTATION_CONTEXT() REPRESENTATION_CONTEXT('2D SPACE',''
  ) );
#11775 = PCURVE('',#11701,#11776);
#11776 = DEFINITIONAL_REPRESENTATION('',(#11777),#11780);
#11777 = B_SPLINE_CURVE_WITH_KNOTS('',1,(#11778,#11779),.UNSPECIFIED.,
  .F.,.F.,(2,2),(0.,64.),.PIECEWISE_BEZIER_KNOTS.);
#11778 = CARTESIAN_POINT('',(121.5,0.));
#11779 = CARTESIAN_POINT('',(121.5,64.));
#11780 = ( GEOMETRIC_REPRESENTATION_CONTEXT(2) 
PARAMETRIC_REPRESENTATION_CONTEXT() REPRESENTATION_CONTEXT('2D SPACE',''
  ) );
#11781 = ADVANCED_FACE('',(#11782),#11701,.F.);
#11782 = FACE_BOUND('',#11783,.F.);
#11783 = EDGE_LOOP('',(#11784,#11785,#11786,#11807));
#11784 = ORIENTED_EDGE('',*,*,#11688,.F.);
#11785 = ORIENTED_EDGE('',*,*,#11763,.F.);
#11786 = ORIENTED_EDGE('',*,*,#11787,.F.);
#11787 = EDGE_CURVE('',#11788,#11738,#11790,.T.);
#11788 = VERTEX_POINT('',#11789);
#11789 = CARTESIAN_POINT('',(3.87867965644,-12.82457351945,-5.5));
#11790 = SURFACE_CURVE('',#11791,(#11795,#11801),.PCURVE_S1.);
#11791 = LINE('',#11792,#11793);
#11792 = CARTESIAN_POINT('',(-31.49104516297,7.596146626197,
    -40.86972481941));
#11793 = VECTOR('',#11794,1.);
#11794 = DIRECTION('',(-0.654653670708,0.377964473009,-0.654653670708));
#11795 = PCURVE('',#11701,#11796);
#11796 = DEFINITIONAL_REPRESENTATION('',(#11797),#11800);
#11797 = B_SPLINE_CURVE_WITH_KNOTS('',1,(#11798,#11799),.UNSPECIFIED.,
  .F.,.F.,(2,2),(-54.02814709824,-48.10336605754),
  .PIECEWISE_BEZIER_KNOTS.);
#11798 = CARTESIAN_POINT('',(126.98528137423,19.175426480543));
#11799 = CARTESIAN_POINT('',(121.5,21.414783224289));
#11800 = ( GEOMETRIC_REPRESENTATION_CONTEXT(2) 
PARAMETRIC_REPRESENTATION_CONTEXT() REPRESENTATION_CONTEXT('2D SPACE',''
  ) );
#11801 = PCURVE('',#11752,#11802);
#11802 = DEFINITIONAL_REPRESENTATION('',(#11803),#11806);
#11803 = B_SPLINE_CURVE_WITH_KNOTS('',1,(#11804,#11805),.UNSPECIFIED.,
  .F.,.F.,(2,2),(-54.02814709824,-48.10336605754),
  .PIECEWISE_BEZIER_KNOTS.);
#11804 = CARTESIAN_POINT('',(6.350852961086,3.87867965644));
#11805 = CARTESIAN_POINT('',(10.829566448578,-2.818601266754E-15));
#11806 = ( GEOMETRIC_REPRESENTATION_CONTEXT(2) 
PARAMETRIC_REPRESENTATION_CONTEXT() REPRESENTATION_CONTEXT('2D SPACE',''
  ) );
#11807 = ORIENTED_EDGE('',*,*,#11808,.T.);
#11808 = EDGE_CURVE('',#11788,#11663,#11809,.T.);
#11809 = SURFACE_CURVE('',#11810,(#11814,#11820),.PCURVE_S1.);
#11810 = LINE('',#11811,#11812);
#11811 = CARTESIAN_POINT('',(3.87867965644,-32.,-5.5));
#11812 = VECTOR('',#11813,1.);
#11813 = DIRECTION('',(0.,1.,-0.));
#11814 = PCURVE('',#11701,#11815);
#11815 = DEFINITIONAL_REPRESENTATION('',(#11816),#11819);
#11816 = B_SPLINE_CURVE_WITH_KNOTS('',1,(#11817,#11818),.UNSPECIFIED.,
  .F.,.F.,(2,2),(0.,64.),.PIECEWISE_BEZIER_KNOTS.);
#11817 = CARTESIAN_POINT('',(126.98528137423,0.));
#11818 = CARTESIAN_POINT('',(126.98528137423,64.));
#11819 = ( GEOMETRIC_REPRESENTATION_CONTEXT(2) 
PARAMETRIC_REPRESENTATION_CONTEXT() REPRESENTATION_CONTEXT('2D SPACE',''
  ) );
#11820 = PCURVE('',#11677,#11821);
#11821 = DEFINITIONAL_REPRESENTATION('',(#11822),#11825);
#11822 = B_SPLINE_CURVE_WITH_KNOTS('',1,(#11823,#11824),.UNSPECIFIED.,
  .F.,.F.,(2,2),(0.,64.),.PIECEWISE_BEZIER_KNOTS.);
#11823 = CARTESIAN_POINT('',(126.98528137423,0.));
#11824 = CARTESIAN_POINT('',(126.98528137423,64.));
#11825 = ( GEOMETRIC_REPRESENTATION_CONTEXT(2) 
PARAMETRIC_REPRESENTATION_CONTEXT() REPRESENTATION_CONTEXT('2D SPACE',''
  ) );
#11826 = ADVANCED_FACE('',(#11827),#11677,.T.);
#11827 = FACE_BOUND('',#11828,.T.);
#11828 = EDGE_LOOP('',(#11829,#11830,#11851,#11870));
#11829 = ORIENTED_EDGE('',*,*,#11662,.F.);
#11830 = ORIENTED_EDGE('',*,*,#11831,.F.);
#11831 = EDGE_CURVE('',#11832,#11637,#11834,.T.);
#11832 = VERTEX_POINT('',#11833);
#11833 = CARTESIAN_POINT('',(-1.471582188988E-15,-15.0639302632,
    -1.62132034356));
#11834 = SURFACE_CURVE('',#11835,(#11839,#11845),.PCURVE_S1.);
#11835 = LINE('',#11836,#11837);
#11836 = CARTESIAN_POINT('',(-1.471582188988E-15,-32.,-1.62132034356));
#11837 = VECTOR('',#11838,1.);
#11838 = DIRECTION('',(0.,1.,-0.));
#11839 = PCURVE('',#11677,#11840);
#11840 = DEFINITIONAL_REPRESENTATION('',(#11841),#11844);
#11841 = B_SPLINE_CURVE_WITH_KNOTS('',1,(#11842,#11843),.UNSPECIFIED.,
  .F.,.F.,(2,2),(0.,64.),.PIECEWISE_BEZIER_KNOTS.);
#11842 = CARTESIAN_POINT('',(121.5,0.));
#11843 = CARTESIAN_POINT('',(121.5,64.));
#11844 = ( GEOMETRIC_REPRESENTATION_CONTEXT(2) 
PARAMETRIC_REPRESENTATION_CONTEXT() REPRESENTATION_CONTEXT('2D SPACE',''
  ) );
#11845 = PCURVE('',#11651,#11846);
#11846 = DEFINITIONAL_REPRESENTATION('',(#11847),#11850);
#11847 = B_SPLINE_CURVE_WITH_KNOTS('',1,(#11848,#11849),.UNSPECIFIED.,
  .F.,.F.,(2,2),(0.,64.),.PIECEWISE_BEZIER_KNOTS.);
#11848 = CARTESIAN_POINT('',(118.5,0.));
#11849 = CARTESIAN_POINT('',(118.5,64.));
#11850 = ( GEOMETRIC_REPRESENTATION_CONTEXT(2) 
PARAMETRIC_REPRESENTATION_CONTEXT() REPRESENTATION_CONTEXT('2D SPACE',''
  ) );
#11851 = ORIENTED_EDGE('',*,*,#11852,.F.);
#11852 = EDGE_CURVE('',#11788,#11832,#11853,.T.);
#11853 = SURFACE_CURVE('',#11854,(#11858,#11864),.PCURVE_S1.);
#11854 = LINE('',#11855,#11856);
#11855 = CARTESIAN_POINT('',(-39.37858986599,-37.79916972264,
    37.757269522433));
#11856 = VECTOR('',#11857,1.);
#11857 = DIRECTION('',(-0.654653670708,-0.377964473009,0.654653670708));
#11858 = PCURVE('',#11677,#11859);
#11859 = DEFINITIONAL_REPRESENTATION('',(#11860),#11863);
#11860 = B_SPLINE_CURVE_WITH_KNOTS('',1,(#11861,#11862),.UNSPECIFIED.,
  .F.,.F.,(2,2),(-66.07657064788,-60.15178960717),
  .PIECEWISE_BEZIER_KNOTS.);
#11861 = CARTESIAN_POINT('',(126.98528137423,19.175426480543));
#11862 = CARTESIAN_POINT('',(121.5,16.936069736797));
#11863 = ( GEOMETRIC_REPRESENTATION_CONTEXT(2) 
PARAMETRIC_REPRESENTATION_CONTEXT() REPRESENTATION_CONTEXT('2D SPACE',''
  ) );
#11864 = PCURVE('',#11752,#11865);
#11865 = DEFINITIONAL_REPRESENTATION('',(#11866),#11869);
#11866 = B_SPLINE_CURVE_WITH_KNOTS('',1,(#11867,#11868),.UNSPECIFIED.,
  .F.,.F.,(2,2),(-66.07657064788,-60.15178960717),
  .PIECEWISE_BEZIER_KNOTS.);
#11867 = CARTESIAN_POINT('',(6.350852961086,3.87867965644));
#11868 = CARTESIAN_POINT('',(1.872139473594,-6.136458937126E-15));
#11869 = ( GEOMETRIC_REPRESENTATION_CONTEXT(2) 
PARAMETRIC_REPRESENTATION_CONTEXT() REPRESENTATION_CONTEXT('2D SPACE',''
  ) );
#11870 = ORIENTED_EDGE('',*,*,#11808,.T.);
#11871 = ADVANCED_FACE('',(#11872),#11651,.T.);
#11872 = FACE_BOUND('',#11873,.T.);
#11873 = EDGE_LOOP('',(#11874,#11875,#11876,#11895));
#11874 = ORIENTED_EDGE('',*,*,#11636,.F.);
#11875 = ORIENTED_EDGE('',*,*,#11716,.F.);
#11876 = ORIENTED_EDGE('',*,*,#11877,.F.);
#11877 = EDGE_CURVE('',#11832,#11717,#11878,.T.);
#11878 = SURFACE_CURVE('',#11879,(#11883,#11889),.PCURVE_S1.);
#11879 = LINE('',#11880,#11881);
#11880 = CARTESIAN_POINT('',(-33.35239334176,4.192083010784,
    -34.97371368532));
#11881 = VECTOR('',#11882,1.);
#11882 = DIRECTION('',(-0.654653670708,0.377964473009,-0.654653670708));
#11883 = PCURVE('',#11651,#11884);
#11884 = DEFINITIONAL_REPRESENTATION('',(#11885),#11888);
#11885 = B_SPLINE_CURVE_WITH_KNOTS('',1,(#11886,#11887),.UNSPECIFIED.,
  .F.,.F.,(2,2),(-50.94662236552,-45.02184132482),
  .PIECEWISE_BEZIER_KNOTS.);
#11886 = CARTESIAN_POINT('',(118.5,16.936069736797));
#11887 = CARTESIAN_POINT('',(113.01471862576,19.175426480543));
#11888 = ( GEOMETRIC_REPRESENTATION_CONTEXT(2) 
PARAMETRIC_REPRESENTATION_CONTEXT() REPRESENTATION_CONTEXT('2D SPACE',''
  ) );
#11889 = PCURVE('',#11752,#11890);
#11890 = DEFINITIONAL_REPRESENTATION('',(#11891),#11894);
#11891 = B_SPLINE_CURVE_WITH_KNOTS('',1,(#11892,#11893),.UNSPECIFIED.,
  .F.,.F.,(2,2),(-50.94662236552,-45.02184132482),
  .PIECEWISE_BEZIER_KNOTS.);
#11892 = CARTESIAN_POINT('',(1.872139473594,-1.26090408927E-14));
#11893 = CARTESIAN_POINT('',(6.350852961086,-3.87867965644));
#11894 = ( GEOMETRIC_REPRESENTATION_CONTEXT(2) 
PARAMETRIC_REPRESENTATION_CONTEXT() REPRESENTATION_CONTEXT('2D SPACE',''
  ) );
#11895 = ORIENTED_EDGE('',*,*,#11831,.T.);
#11896 = ADVANCED_FACE('',(#11897),#11752,.T.);
#11897 = FACE_BOUND('',#11898,.T.);
#11898 = EDGE_LOOP('',(#11899,#11900,#11901,#11902));
#11899 = ORIENTED_EDGE('',*,*,#11737,.F.);
#11900 = ORIENTED_EDGE('',*,*,#11787,.F.);
#11901 = ORIENTED_EDGE('',*,*,#11852,.T.);
#11902 = ORIENTED_EDGE('',*,*,#11877,.T.);
#11903 = MANIFOLD_SOLID_BREP('',#11904);
#11904 = CLOSED_SHELL('',(#11905,#12017,#12087,#12132,#12177,#12202));
#11905 = ADVANCED_FACE('',(#11906),#11920,.T.);
#11906 = FACE_BOUND('',#11907,.T.);
#11907 = EDGE_LOOP('',(#11908,#11941,#11967,#11993));
#11908 = ORIENTED_EDGE('',*,*,#11909,.F.);
#11909 = EDGE_CURVE('',#11910,#11912,#11914,.T.);
#11910 = VERTEX_POINT('',#11911);
#11911 = CARTESIAN_POINT('',(8.12132034356,12.824573519457,-5.5));
#11912 = VERTEX_POINT('',#11913);
#11913 = CARTESIAN_POINT('',(12.,10.585216775711,-9.37867965644));
#11914 = SURFACE_CURVE('',#11915,(#11919,#11930),.PCURVE_S1.);
#11915 = LINE('',#11916,#11917);
#11916 = CARTESIAN_POINT('',(-25.07730393573,31.991808183835,
    27.698624279297));
#11917 = VECTOR('',#11918,1.);
#11918 = DIRECTION('',(0.654653670708,-0.377964473009,-0.654653670708));
#11919 = PCURVE('',#11920,#11925);
#11920 = PLANE('',#11921);
#11921 = AXIS2_PLACEMENT_3D('',#11922,#11923,#11924);
#11922 = CARTESIAN_POINT('',(0.,8.,-13.85640646055));
#11923 = DIRECTION('',(0.,0.866025403784,-0.5));
#11924 = DIRECTION('',(0.,0.5,0.866025403784));
#11925 = DEFINITIONAL_REPRESENTATION('',(#11926),#11929);
#11926 = B_SPLINE_CURVE_WITH_KNOTS('',1,(#11927,#11928),.UNSPECIFIED.,
  .F.,.F.,(2,2),(50.711736242759,56.636517283467),
  .PIECEWISE_BEZIER_KNOTS.);
#11927 = CARTESIAN_POINT('',(9.649147038914,8.12132034356));
#11928 = CARTESIAN_POINT('',(5.170433551422,12.));
#11929 = ( GEOMETRIC_REPRESENTATION_CONTEXT(2) 
PARAMETRIC_REPRESENTATION_CONTEXT() REPRESENTATION_CONTEXT('2D SPACE',''
  ) );
#11930 = PCURVE('',#11931,#11936);
#11931 = PLANE('',#11932);
#11932 = AXIS2_PLACEMENT_3D('',#11933,#11934,#11935);
#11933 = CARTESIAN_POINT('',(-83.7921535706,-32.,86.413473914166));
#11934 = DIRECTION('',(0.707106781187,0.,0.707106781187));
#11935 = DIRECTION('',(0.707106781187,0.,-0.707106781187));
#11936 = DEFINITIONAL_REPRESENTATION('',(#11937),#11940);
#11937 = B_SPLINE_CURVE_WITH_KNOTS('',1,(#11938,#11939),.UNSPECIFIED.,
  .F.,.F.,(2,2),(50.711736242759,56.636517283467),
  .PIECEWISE_BEZIER_KNOTS.);
#11938 = CARTESIAN_POINT('',(129.98528137423,44.824573519457));
#11939 = CARTESIAN_POINT('',(135.47056274847,42.585216775711));
#11940 = ( GEOMETRIC_REPRESENTATION_CONTEXT(2) 
PARAMETRIC_REPRESENTATION_CONTEXT() REPRESENTATION_CONTEXT('2D SPACE',''
  ) );
#11941 = ORIENTED_EDGE('',*,*,#11942,.T.);
#11942 = EDGE_CURVE('',#11910,#11943,#11945,.T.);
#11943 = VERTEX_POINT('',#11944);
#11944 = CARTESIAN_POINT('',(12.,15.063930263203,-1.62132034356));
#11945 = SURFACE_CURVE('',#11946,(#11950,#11956),.PCURVE_S1.);
#11946 = LINE('',#11947,#11948);
#11947 = CARTESIAN_POINT('',(-40.94359887938,-15.50307080167,
    -54.56491922294));
#11948 = VECTOR('',#11949,1.);
#11949 = DIRECTION('',(0.654653670708,0.377964473009,0.654653670708));
#11950 = PCURVE('',#11920,#11951);
#11951 = DEFINITIONAL_REPRESENTATION('',(#11952),#11955);
#11952 = B_SPLINE_CURVE_WITH_KNOTS('',1,(#11953,#11954),.UNSPECIFIED.,
  .F.,.F.,(2,2),(74.947902102008,80.872683142716),
  .PIECEWISE_BEZIER_KNOTS.);
#11953 = CARTESIAN_POINT('',(9.649147038914,8.12132034356));
#11954 = CARTESIAN_POINT('',(14.127860526406,12.));
#11955 = ( GEOMETRIC_REPRESENTATION_CONTEXT(2) 
PARAMETRIC_REPRESENTATION_CONTEXT() REPRESENTATION_CONTEXT('2D SPACE',''
  ) );
#11956 = PCURVE('',#11957,#11962);
#11957 = PLANE('',#11958);
#11958 = AXIS2_PLACEMENT_3D('',#11959,#11960,#11961);
#11959 = CARTESIAN_POINT('',(-83.7921535706,-32.,-97.41347391416));
#11960 = DIRECTION('',(-0.707106781187,0.,0.707106781187));
#11961 = DIRECTION('',(0.707106781187,0.,0.707106781187));
#11962 = DEFINITIONAL_REPRESENTATION('',(#11963),#11966);
#11963 = B_SPLINE_CURVE_WITH_KNOTS('',1,(#11964,#11965),.UNSPECIFIED.,
  .F.,.F.,(2,2),(74.947902102008,80.872683142716),
  .PIECEWISE_BEZIER_KNOTS.);
#11964 = CARTESIAN_POINT('',(129.98528137423,44.824573519457));
#11965 = CARTESIAN_POINT('',(135.47056274847,47.063930263203));
#11966 = ( GEOMETRIC_REPRESENTATION_CONTEXT(2) 
PARAMETRIC_REPRESENTATION_CONTEXT() REPRESENTATION_CONTEXT('2D SPACE',''
  ) );
#11967 = ORIENTED_EDGE('',*,*,#11968,.T.);
#11968 = EDGE_CURVE('',#11943,#11969,#11971,.T.);
#11969 = VERTEX_POINT('',#11970);
#11970 = CARTESIAN_POINT('',(15.87867965644,12.824573519457,-5.5));
#11971 = SURFACE_CURVE('',#11972,(#11976,#11982),.PCURVE_S1.);
#11972 = LINE('',#11973,#11974);
#11973 = CARTESIAN_POINT('',(-23.21595575694,35.395871799247,
    33.594635413389));
#11974 = VECTOR('',#11975,1.);
#11975 = DIRECTION('',(0.654653670708,-0.377964473009,-0.654653670708));
#11976 = PCURVE('',#11920,#11977);
#11977 = DEFINITIONAL_REPRESENTATION('',(#11978),#11981);
#11978 = B_SPLINE_CURVE_WITH_KNOTS('',1,(#11979,#11980),.UNSPECIFIED.,
  .F.,.F.,(2,2),(53.793260975478,59.718042016185),
  .PIECEWISE_BEZIER_KNOTS.);
#11979 = CARTESIAN_POINT('',(14.127860526406,12.));
#11980 = CARTESIAN_POINT('',(9.649147038914,15.87867965644));
#11981 = ( GEOMETRIC_REPRESENTATION_CONTEXT(2) 
PARAMETRIC_REPRESENTATION_CONTEXT() REPRESENTATION_CONTEXT('2D SPACE',''
  ) );
#11982 = PCURVE('',#11983,#11988);
#11983 = PLANE('',#11984);
#11984 = AXIS2_PLACEMENT_3D('',#11985,#11986,#11987);
#11985 = CARTESIAN_POINT('',(-85.91347391416,-32.,96.292153570606));
#11986 = DIRECTION('',(0.707106781187,0.,0.707106781187));
#11987 = DIRECTION('',(0.707106781187,0.,-0.707106781187));
#11988 = DEFINITIONAL_REPRESENTATION('',(#11989),#11992);
#11989 = B_SPLINE_CURVE_WITH_KNOTS('',1,(#11990,#11991),.UNSPECIFIED.,
  .F.,.F.,(2,2),(53.793260975478,59.718042016185),
  .PIECEWISE_BEZIER_KNOTS.);
#11990 = CARTESIAN_POINT('',(138.47056274847,47.063930263203));
#11991 = CARTESIAN_POINT('',(143.95584412271,44.824573519457));
#11992 = ( GEOMETRIC_REPRESENTATION_CONTEXT(2) 
PARAMETRIC_REPRESENTATION_CONTEXT() REPRESENTATION_CONTEXT('2D SPACE',''
  ) );
#11993 = ORIENTED_EDGE('',*,*,#11994,.F.);
#11994 = EDGE_CURVE('',#11912,#11969,#11995,.T.);
#11995 = SURFACE_CURVE('',#11996,(#12000,#12006),.PCURVE_S1.);
#11996 = LINE('',#11997,#11998);
#11997 = CARTESIAN_POINT('',(-39.08225070059,-18.90713441708,
    -60.46093035703));
#11998 = VECTOR('',#11999,1.);
#11999 = DIRECTION('',(0.654653670708,0.377964473009,0.654653670708));
#12000 = PCURVE('',#11920,#12001);
#12001 = DEFINITIONAL_REPRESENTATION('',(#12002),#12005);
#12002 = B_SPLINE_CURVE_WITH_KNOTS('',1,(#12003,#12004),.UNSPECIFIED.,
  .F.,.F.,(2,2),(78.029426834726,83.954207875434),
  .PIECEWISE_BEZIER_KNOTS.);
#12003 = CARTESIAN_POINT('',(5.170433551422,12.));
#12004 = CARTESIAN_POINT('',(9.649147038914,15.87867965644));
#12005 = ( GEOMETRIC_REPRESENTATION_CONTEXT(2) 
PARAMETRIC_REPRESENTATION_CONTEXT() REPRESENTATION_CONTEXT('2D SPACE',''
  ) );
#12006 = PCURVE('',#12007,#12012);
#12007 = PLANE('',#12008);
#12008 = AXIS2_PLACEMENT_3D('',#12009,#12010,#12011);
#12009 = CARTESIAN_POINT('',(-85.91347391416,-32.,-107.2921535706));
#12010 = DIRECTION('',(-0.707106781187,0.,0.707106781187));
#12011 = DIRECTION('',(0.707106781187,0.,0.707106781187));
#12012 = DEFINITIONAL_REPRESENTATION('',(#12013),#12016);
#12013 = B_SPLINE_CURVE_WITH_KNOTS('',1,(#12014,#12015),.UNSPECIFIED.,
  .F.,.F.,(2,2),(78.029426834726,83.954207875434),
  .PIECEWISE_BEZIER_KNOTS.);
#12014 = CARTESIAN_POINT('',(138.47056274847,42.585216775711));
#12015 = CARTESIAN_POINT('',(143.95584412271,44.824573519457));
#12016 = ( GEOMETRIC_REPRESENTATION_CONTEXT(2) 
PARAMETRIC_REPRESENTATION_CONTEXT() REPRESENTATION_CONTEXT('2D SPACE',''
  ) );
#12017 = ADVANCED_FACE('',(#12018),#11931,.F.);
#12018 = FACE_BOUND('',#12019,.F.);
#12019 = EDGE_LOOP('',(#12020,#12021,#12042,#12068));
#12020 = ORIENTED_EDGE('',*,*,#11909,.F.);
#12021 = ORIENTED_EDGE('',*,*,#12022,.F.);
#12022 = EDGE_CURVE('',#12023,#11910,#12025,.T.);
#12023 = VERTEX_POINT('',#12024);
#12024 = CARTESIAN_POINT('',(8.12132034356,-12.82457351945,-5.5));
#12025 = SURFACE_CURVE('',#12026,(#12030,#12036),.PCURVE_S1.);
#12026 = LINE('',#12027,#12028);
#12027 = CARTESIAN_POINT('',(8.12132034356,-32.,-5.5));
#12028 = VECTOR('',#12029,1.);
#12029 = DIRECTION('',(0.,1.,-0.));
#12030 = PCURVE('',#11931,#12031);
#12031 = DEFINITIONAL_REPRESENTATION('',(#12032),#12035);
#12032 = B_SPLINE_CURVE_WITH_KNOTS('',1,(#12033,#12034),.UNSPECIFIED.,
  .F.,.F.,(2,2),(0.,64.),.PIECEWISE_BEZIER_KNOTS.);
#12033 = CARTESIAN_POINT('',(129.98528137423,0.));
#12034 = CARTESIAN_POINT('',(129.98528137423,64.));
#12035 = ( GEOMETRIC_REPRESENTATION_CONTEXT(2) 
PARAMETRIC_REPRESENTATION_CONTEXT() REPRESENTATION_CONTEXT('2D SPACE',''
  ) );
#12036 = PCURVE('',#11957,#12037);
#12037 = DEFINITIONAL_REPRESENTATION('',(#12038),#12041);
#12038 = B_SPLINE_CURVE_WITH_KNOTS('',1,(#12039,#12040),.UNSPECIFIED.,
  .F.,.F.,(2,2),(0.,64.),.PIECEWISE_BEZIER_KNOTS.);
#12039 = CARTESIAN_POINT('',(129.98528137423,0.));
#12040 = CARTESIAN_POINT('',(129.98528137423,64.));
#12041 = ( GEOMETRIC_REPRESENTATION_CONTEXT(2) 
PARAMETRIC_REPRESENTATION_CONTEXT() REPRESENTATION_CONTEXT('2D SPACE',''
  ) );
#12042 = ORIENTED_EDGE('',*,*,#12043,.F.);
#12043 = EDGE_CURVE('',#12044,#12023,#12046,.T.);
#12044 = VERTEX_POINT('',#12045);
#12045 = CARTESIAN_POINT('',(12.,-10.58521677571,-9.37867965644));
#12046 = SURFACE_CURVE('',#12047,(#12051,#12057),.PCURVE_S1.);
#12047 = LINE('',#12048,#12049);
#12048 = CARTESIAN_POINT('',(-36.95422375906,-38.84895104097,
    39.575544102627));
#12049 = VECTOR('',#12050,1.);
#12050 = DIRECTION('',(-0.654653670708,-0.377964473009,0.654653670708));
#12051 = PCURVE('',#11931,#12052);
#12052 = DEFINITIONAL_REPRESENTATION('',(#12053),#12056);
#12053 = B_SPLINE_CURVE_WITH_KNOTS('',1,(#12054,#12055),.UNSPECIFIED.,
  .F.,.F.,(2,2),(-74.77881198791,-68.8540309472),
  .PIECEWISE_BEZIER_KNOTS.);
#12054 = CARTESIAN_POINT('',(135.47056274847,21.414783224289));
#12055 = CARTESIAN_POINT('',(129.98528137423,19.175426480543));
#12056 = ( GEOMETRIC_REPRESENTATION_CONTEXT(2) 
PARAMETRIC_REPRESENTATION_CONTEXT() REPRESENTATION_CONTEXT('2D SPACE',''
  ) );
#12057 = PCURVE('',#12058,#12063);
#12058 = PLANE('',#12059);
#12059 = AXIS2_PLACEMENT_3D('',#12060,#12061,#12062);
#12060 = CARTESIAN_POINT('',(0.,-16.,1.959434878636E-15));
#12061 = DIRECTION('',(0.,-0.866025403784,-0.5));
#12062 = DIRECTION('',(0.,0.5,-0.866025403784));
#12063 = DEFINITIONAL_REPRESENTATION('',(#12064),#12067);
#12064 = B_SPLINE_CURVE_WITH_KNOTS('',1,(#12065,#12066),.UNSPECIFIED.,
  .F.,.F.,(2,2),(-74.77881198791,-68.8540309472),
  .PIECEWISE_BEZIER_KNOTS.);
#12065 = CARTESIAN_POINT('',(10.829566448578,12.));
#12066 = CARTESIAN_POINT('',(6.350852961086,8.12132034356));
#12067 = ( GEOMETRIC_REPRESENTATION_CONTEXT(2) 
PARAMETRIC_REPRESENTATION_CONTEXT() REPRESENTATION_CONTEXT('2D SPACE',''
  ) );
#12068 = ORIENTED_EDGE('',*,*,#12069,.T.);
#12069 = EDGE_CURVE('',#12044,#11912,#12070,.T.);
#12070 = SURFACE_CURVE('',#12071,(#12075,#12081),.PCURVE_S1.);
#12071 = LINE('',#12072,#12073);
#12072 = CARTESIAN_POINT('',(12.,-32.,-9.37867965644));
#12073 = VECTOR('',#12074,1.);
#12074 = DIRECTION('',(0.,1.,-0.));
#12075 = PCURVE('',#11931,#12076);
#12076 = DEFINITIONAL_REPRESENTATION('',(#12077),#12080);
#12077 = B_SPLINE_CURVE_WITH_KNOTS('',1,(#12078,#12079),.UNSPECIFIED.,
  .F.,.F.,(2,2),(0.,64.),.PIECEWISE_BEZIER_KNOTS.);
#12078 = CARTESIAN_POINT('',(135.47056274847,0.));
#12079 = CARTESIAN_POINT('',(135.47056274847,64.));
#12080 = ( GEOMETRIC_REPRESENTATION_CONTEXT(2) 
PARAMETRIC_REPRESENTATION_CONTEXT() REPRESENTATION_CONTEXT('2D SPACE',''
  ) );
#12081 = PCURVE('',#12007,#12082);
#12082 = DEFINITIONAL_REPRESENTATION('',(#12083),#12086);
#12083 = B_SPLINE_CURVE_WITH_KNOTS('',1,(#12084,#12085),.UNSPECIFIED.,
  .F.,.F.,(2,2),(0.,64.),.PIECEWISE_BEZIER_KNOTS.);
#12084 = CARTESIAN_POINT('',(138.47056274847,0.));
#12085 = CARTESIAN_POINT('',(138.47056274847,64.));
#12086 = ( GEOMETRIC_REPRESENTATION_CONTEXT(2) 
PARAMETRIC_REPRESENTATION_CONTEXT() REPRESENTATION_CONTEXT('2D SPACE',''
  ) );
#12087 = ADVANCED_FACE('',(#12088),#12007,.F.);
#12088 = FACE_BOUND('',#12089,.F.);
#12089 = EDGE_LOOP('',(#12090,#12091,#12092,#12113));
#12090 = ORIENTED_EDGE('',*,*,#11994,.F.);
#12091 = ORIENTED_EDGE('',*,*,#12069,.F.);
#12092 = ORIENTED_EDGE('',*,*,#12093,.F.);
#12093 = EDGE_CURVE('',#12094,#12044,#12096,.T.);
#12094 = VERTEX_POINT('',#12095);
#12095 = CARTESIAN_POINT('',(15.87867965644,-12.82457351945,-5.5));
#12096 = SURFACE_CURVE('',#12097,(#12101,#12107),.PCURVE_S1.);
#12097 = LINE('',#12098,#12099);
#12098 = CARTESIAN_POINT('',(-27.20533087726,12.049991559946,
    -48.5840105337));
#12099 = VECTOR('',#12100,1.);
#12100 = DIRECTION('',(-0.654653670708,0.377964473009,-0.654653670708));
#12101 = PCURVE('',#12007,#12102);
#12102 = DEFINITIONAL_REPRESENTATION('',(#12103),#12106);
#12103 = B_SPLINE_CURVE_WITH_KNOTS('',1,(#12104,#12105),.UNSPECIFIED.,
  .F.,.F.,(2,2),(-65.81191317099,-59.88713213028),
  .PIECEWISE_BEZIER_KNOTS.);
#12104 = CARTESIAN_POINT('',(143.95584412271,19.175426480543));
#12105 = CARTESIAN_POINT('',(138.47056274847,21.414783224289));
#12106 = ( GEOMETRIC_REPRESENTATION_CONTEXT(2) 
PARAMETRIC_REPRESENTATION_CONTEXT() REPRESENTATION_CONTEXT('2D SPACE',''
  ) );
#12107 = PCURVE('',#12058,#12108);
#12108 = DEFINITIONAL_REPRESENTATION('',(#12109),#12112);
#12109 = B_SPLINE_CURVE_WITH_KNOTS('',1,(#12110,#12111),.UNSPECIFIED.,
  .F.,.F.,(2,2),(-65.81191317099,-59.88713213028),
  .PIECEWISE_BEZIER_KNOTS.);
#12110 = CARTESIAN_POINT('',(6.350852961086,15.87867965644));
#12111 = CARTESIAN_POINT('',(10.829566448578,12.));
#12112 = ( GEOMETRIC_REPRESENTATION_CONTEXT(2) 
PARAMETRIC_REPRESENTATION_CONTEXT() REPRESENTATION_CONTEXT('2D SPACE',''
  ) );
#12113 = ORIENTED_EDGE('',*,*,#12114,.T.);
#12114 = EDGE_CURVE('',#12094,#11969,#12115,.T.);
#12115 = SURFACE_CURVE('',#12116,(#12120,#12126),.PCURVE_S1.);
#12116 = LINE('',#12117,#12118);
#12117 = CARTESIAN_POINT('',(15.87867965644,-32.,-5.5));
#12118 = VECTOR('',#12119,1.);
#12119 = DIRECTION('',(0.,1.,-0.));
#12120 = PCURVE('',#12007,#12121);
#12121 = DEFINITIONAL_REPRESENTATION('',(#12122),#12125);
#12122 = B_SPLINE_CURVE_WITH_KNOTS('',1,(#12123,#12124),.UNSPECIFIED.,
  .F.,.F.,(2,2),(0.,64.),.PIECEWISE_BEZIER_KNOTS.);
#12123 = CARTESIAN_POINT('',(143.95584412271,0.));
#12124 = CARTESIAN_POINT('',(143.95584412271,64.));
#12125 = ( GEOMETRIC_REPRESENTATION_CONTEXT(2) 
PARAMETRIC_REPRESENTATION_CONTEXT() REPRESENTATION_CONTEXT('2D SPACE',''
  ) );
#12126 = PCURVE('',#11983,#12127);
#12127 = DEFINITIONAL_REPRESENTATION('',(#12128),#12131);
#12128 = B_SPLINE_CURVE_WITH_KNOTS('',1,(#12129,#12130),.UNSPECIFIED.,
  .F.,.F.,(2,2),(0.,64.),.PIECEWISE_BEZIER_KNOTS.);
#12129 = CARTESIAN_POINT('',(143.95584412271,0.));
#12130 = CARTESIAN_POINT('',(143.95584412271,64.));
#12131 = ( GEOMETRIC_REPRESENTATION_CONTEXT(2) 
PARAMETRIC_REPRESENTATION_CONTEXT() REPRESENTATION_CONTEXT('2D SPACE',''
  ) );
#12132 = ADVANCED_FACE('',(#12133),#11983,.T.);
#12133 = FACE_BOUND('',#12134,.T.);
#12134 = EDGE_LOOP('',(#12135,#12136,#12157,#12176));
#12135 = ORIENTED_EDGE('',*,*,#11968,.F.);
#12136 = ORIENTED_EDGE('',*,*,#12137,.F.);
#12137 = EDGE_CURVE('',#12138,#11943,#12140,.T.);
#12138 = VERTEX_POINT('',#12139);
#12139 = CARTESIAN_POINT('',(12.,-15.0639302632,-1.62132034356));
#12140 = SURFACE_CURVE('',#12141,(#12145,#12151),.PCURVE_S1.);
#12141 = LINE('',#12142,#12143);
#12142 = CARTESIAN_POINT('',(12.,-32.,-1.62132034356));
#12143 = VECTOR('',#12144,1.);
#12144 = DIRECTION('',(0.,1.,-0.));
#12145 = PCURVE('',#11983,#12146);
#12146 = DEFINITIONAL_REPRESENTATION('',(#12147),#12150);
#12147 = B_SPLINE_CURVE_WITH_KNOTS('',1,(#12148,#12149),.UNSPECIFIED.,
  .F.,.F.,(2,2),(0.,64.),.PIECEWISE_BEZIER_KNOTS.);
#12148 = CARTESIAN_POINT('',(138.47056274847,0.));
#12149 = CARTESIAN_POINT('',(138.47056274847,64.));
#12150 = ( GEOMETRIC_REPRESENTATION_CONTEXT(2) 
PARAMETRIC_REPRESENTATION_CONTEXT() REPRESENTATION_CONTEXT('2D SPACE',''
  ) );
#12151 = PCURVE('',#11957,#12152);
#12152 = DEFINITIONAL_REPRESENTATION('',(#12153),#12156);
#12153 = B_SPLINE_CURVE_WITH_KNOTS('',1,(#12154,#12155),.UNSPECIFIED.,
  .F.,.F.,(2,2),(0.,64.),.PIECEWISE_BEZIER_KNOTS.);
#12154 = CARTESIAN_POINT('',(135.47056274847,0.));
#12155 = CARTESIAN_POINT('',(135.47056274847,64.));
#12156 = ( GEOMETRIC_REPRESENTATION_CONTEXT(2) 
PARAMETRIC_REPRESENTATION_CONTEXT() REPRESENTATION_CONTEXT('2D SPACE',''
  ) );
#12157 = ORIENTED_EDGE('',*,*,#12158,.F.);
#12158 = EDGE_CURVE('',#12094,#12138,#12159,.T.);
#12159 = SURFACE_CURVE('',#12160,(#12164,#12170),.PCURVE_S1.);
#12160 = LINE('',#12161,#12162);
#12161 = CARTESIAN_POINT('',(-35.09287558027,-42.25301465639,
    45.471555236718));
#12162 = VECTOR('',#12163,1.);
#12163 = DIRECTION('',(-0.654653670708,-0.377964473009,0.654653670708));
#12164 = PCURVE('',#11983,#12165);
#12165 = DEFINITIONAL_REPRESENTATION('',(#12166),#12169);
#12166 = B_SPLINE_CURVE_WITH_KNOTS('',1,(#12167,#12168),.UNSPECIFIED.,
  .F.,.F.,(2,2),(-77.86033672062,-71.93555567992),
  .PIECEWISE_BEZIER_KNOTS.);
#12167 = CARTESIAN_POINT('',(143.95584412271,19.175426480543));
#12168 = CARTESIAN_POINT('',(138.47056274847,16.936069736797));
#12169 = ( GEOMETRIC_REPRESENTATION_CONTEXT(2) 
PARAMETRIC_REPRESENTATION_CONTEXT() REPRESENTATION_CONTEXT('2D SPACE',''
  ) );
#12170 = PCURVE('',#12058,#12171);
#12171 = DEFINITIONAL_REPRESENTATION('',(#12172),#12175);
#12172 = B_SPLINE_CURVE_WITH_KNOTS('',1,(#12173,#12174),.UNSPECIFIED.,
  .F.,.F.,(2,2),(-77.86033672062,-71.93555567992),
  .PIECEWISE_BEZIER_KNOTS.);
#12173 = CARTESIAN_POINT('',(6.350852961086,15.87867965644));
#12174 = CARTESIAN_POINT('',(1.872139473594,12.));
#12175 = ( GEOMETRIC_REPRESENTATION_CONTEXT(2) 
PARAMETRIC_REPRESENTATION_CONTEXT() REPRESENTATION_CONTEXT('2D SPACE',''
  ) );
#12176 = ORIENTED_EDGE('',*,*,#12114,.T.);
#12177 = ADVANCED_FACE('',(#12178),#11957,.T.);
#12178 = FACE_BOUND('',#12179,.T.);
#12179 = EDGE_LOOP('',(#12180,#12181,#12182,#12201));
#12180 = ORIENTED_EDGE('',*,*,#11942,.F.);
#12181 = ORIENTED_EDGE('',*,*,#12022,.F.);
#12182 = ORIENTED_EDGE('',*,*,#12183,.F.);
#12183 = EDGE_CURVE('',#12138,#12023,#12184,.T.);
#12184 = SURFACE_CURVE('',#12185,(#12189,#12195),.PCURVE_S1.);
#12185 = LINE('',#12186,#12187);
#12186 = CARTESIAN_POINT('',(-29.06667905605,8.645927944533,
    -42.68799939961));
#12187 = VECTOR('',#12188,1.);
#12188 = DIRECTION('',(-0.654653670708,0.377964473009,-0.654653670708));
#12189 = PCURVE('',#11957,#12190);
#12190 = DEFINITIONAL_REPRESENTATION('',(#12191),#12194);
#12191 = B_SPLINE_CURVE_WITH_KNOTS('',1,(#12192,#12193),.UNSPECIFIED.,
  .F.,.F.,(2,2),(-62.73038843827,-56.80560739756),
  .PIECEWISE_BEZIER_KNOTS.);
#12192 = CARTESIAN_POINT('',(135.47056274847,16.936069736797));
#12193 = CARTESIAN_POINT('',(129.98528137423,19.175426480543));
#12194 = ( GEOMETRIC_REPRESENTATION_CONTEXT(2) 
PARAMETRIC_REPRESENTATION_CONTEXT() REPRESENTATION_CONTEXT('2D SPACE',''
  ) );
#12195 = PCURVE('',#12058,#12196);
#12196 = DEFINITIONAL_REPRESENTATION('',(#12197),#12200);
#12197 = B_SPLINE_CURVE_WITH_KNOTS('',1,(#12198,#12199),.UNSPECIFIED.,
  .F.,.F.,(2,2),(-62.73038843827,-56.80560739756),
  .PIECEWISE_BEZIER_KNOTS.);
#12198 = CARTESIAN_POINT('',(1.872139473594,12.));
#12199 = CARTESIAN_POINT('',(6.350852961086,8.12132034356));
#12200 = ( GEOMETRIC_REPRESENTATION_CONTEXT(2) 
PARAMETRIC_REPRESENTATION_CONTEXT() REPRESENTATION_CONTEXT('2D SPACE',''
  ) );
#12201 = ORIENTED_EDGE('',*,*,#12137,.T.);
#12202 = ADVANCED_FACE('',(#12203),#12058,.T.);
#12203 = FACE_BOUND('',#12204,.T.);
#12204 = EDGE_LOOP('',(#12205,#12206,#12207,#12208));
#12205 = ORIENTED_EDGE('',*,*,#12043,.F.);
#12206 = ORIENTED_EDGE('',*,*,#12093,.F.);
#12207 = ORIENTED_EDGE('',*,*,#12158,.T.);
#12208 = ORIENTED_EDGE('',*,*,#12183,.T.);
#12209 = MANIFOLD_SOLID_BREP('',#12210);
#12210 = CLOSED_SHELL('',(#12211,#12323,#12393,#12438,#12483,#12508));
#12211 = ADVANCED_FACE('',(#12212),#12226,.T.);
#12212 = FACE_BOUND('',#12213,.T.);
#12213 = EDGE_LOOP('',(#12214,#12247,#12273,#12299));
#12214 = ORIENTED_EDGE('',*,*,#12215,.F.);
#12215 = EDGE_CURVE('',#12216,#12218,#12220,.T.);
#12216 = VERTEX_POINT('',#12217);
#12217 = CARTESIAN_POINT('',(20.12132034356,12.824573519457,-5.5));
#12218 = VERTEX_POINT('',#12219);
#12219 = CARTESIAN_POINT('',(24.,10.585216775711,-9.37867965644));
#12220 = SURFACE_CURVE('',#12221,(#12225,#12236),.PCURVE_S1.);
#12221 = LINE('',#12222,#12223);
#12222 = CARTESIAN_POINT('',(-20.79158965002,36.445653117583,
    35.412909993583));
#12223 = VECTOR('',#12224,1.);
#12224 = DIRECTION('',(0.654653670708,-0.377964473009,-0.654653670708));
#12225 = PCURVE('',#12226,#12231);
#12226 = PLANE('',#12227);
#12227 = AXIS2_PLACEMENT_3D('',#12228,#12229,#12230);
#12228 = CARTESIAN_POINT('',(0.,8.,-13.85640646055));
#12229 = DIRECTION('',(0.,0.866025403784,-0.5));
#12230 = DIRECTION('',(0.,0.5,0.866025403784));
#12231 = DEFINITIONAL_REPRESENTATION('',(#12232),#12235);
#12232 = B_SPLINE_CURVE_WITH_KNOTS('',1,(#12233,#12234),.UNSPECIFIED.,
  .F.,.F.,(2,2),(62.495502315503,68.420283356211),
  .PIECEWISE_BEZIER_KNOTS.);
#12233 = CARTESIAN_POINT('',(9.649147038914,20.12132034356));
#12234 = CARTESIAN_POINT('',(5.170433551422,24.));
#12235 = ( GEOMETRIC_REPRESENTATION_CONTEXT(2) 
PARAMETRIC_REPRESENTATION_CONTEXT() REPRESENTATION_CONTEXT('2D SPACE',''
  ) );
#12236 = PCURVE('',#12237,#12242);
#12237 = PLANE('',#12238);
#12238 = AXIS2_PLACEMENT_3D('',#12239,#12240,#12241);
#12239 = CARTESIAN_POINT('',(-83.7921535706,-32.,98.413473914166));
#12240 = DIRECTION('',(0.707106781187,0.,0.707106781187));
#12241 = DIRECTION('',(0.707106781187,0.,-0.707106781187));
#12242 = DEFINITIONAL_REPRESENTATION('',(#12243),#12246);
#12243 = B_SPLINE_CURVE_WITH_KNOTS('',1,(#12244,#12245),.UNSPECIFIED.,
  .F.,.F.,(2,2),(62.495502315503,68.420283356211),
  .PIECEWISE_BEZIER_KNOTS.);
#12244 = CARTESIAN_POINT('',(146.95584412271,44.824573519457));
#12245 = CARTESIAN_POINT('',(152.44112549695,42.585216775711));
#12246 = ( GEOMETRIC_REPRESENTATION_CONTEXT(2) 
PARAMETRIC_REPRESENTATION_CONTEXT() REPRESENTATION_CONTEXT('2D SPACE',''
  ) );
#12247 = ORIENTED_EDGE('',*,*,#12248,.T.);
#12248 = EDGE_CURVE('',#12216,#12249,#12251,.T.);
#12249 = VERTEX_POINT('',#12250);
#12250 = CARTESIAN_POINT('',(24.,15.063930263203,-1.62132034356));
#12251 = SURFACE_CURVE('',#12252,(#12256,#12262),.PCURVE_S1.);
#12252 = LINE('',#12253,#12254);
#12253 = CARTESIAN_POINT('',(-36.65788459366,-19.95691573542,
    -62.27920493722));
#12254 = VECTOR('',#12255,1.);
#12255 = DIRECTION('',(0.654653670708,0.377964473009,0.654653670708));
#12256 = PCURVE('',#12226,#12257);
#12257 = DEFINITIONAL_REPRESENTATION('',(#12258),#12261);
#12258 = B_SPLINE_CURVE_WITH_KNOTS('',1,(#12259,#12260),.UNSPECIFIED.,
  .F.,.F.,(2,2),(86.731668174751,92.656449215459),
  .PIECEWISE_BEZIER_KNOTS.);
#12259 = CARTESIAN_POINT('',(9.649147038914,20.12132034356));
#12260 = CARTESIAN_POINT('',(14.127860526406,24.));
#12261 = ( GEOMETRIC_REPRESENTATION_CONTEXT(2) 
PARAMETRIC_REPRESENTATION_CONTEXT() REPRESENTATION_CONTEXT('2D SPACE',''
  ) );
#12262 = PCURVE('',#12263,#12268);
#12263 = PLANE('',#12264);
#12264 = AXIS2_PLACEMENT_3D('',#12265,#12266,#12267);
#12265 = CARTESIAN_POINT('',(-83.7921535706,-32.,-109.4134739141));
#12266 = DIRECTION('',(-0.707106781187,0.,0.707106781187));
#12267 = DIRECTION('',(0.707106781187,0.,0.707106781187));
#12268 = DEFINITIONAL_REPRESENTATION('',(#12269),#12272);
#12269 = B_SPLINE_CURVE_WITH_KNOTS('',1,(#12270,#12271),.UNSPECIFIED.,
  .F.,.F.,(2,2),(86.731668174751,92.656449215459),
  .PIECEWISE_BEZIER_KNOTS.);
#12270 = CARTESIAN_POINT('',(146.95584412271,44.824573519457));
#12271 = CARTESIAN_POINT('',(152.44112549695,47.063930263203));
#12272 = ( GEOMETRIC_REPRESENTATION_CONTEXT(2) 
PARAMETRIC_REPRESENTATION_CONTEXT() REPRESENTATION_CONTEXT('2D SPACE',''
  ) );
#12273 = ORIENTED_EDGE('',*,*,#12274,.T.);
#12274 = EDGE_CURVE('',#12249,#12275,#12277,.T.);
#12275 = VERTEX_POINT('',#12276);
#12276 = CARTESIAN_POINT('',(27.87867965644,12.824573519457,-5.5));
#12277 = SURFACE_CURVE('',#12278,(#12282,#12288),.PCURVE_S1.);
#12278 = LINE('',#12279,#12280);
#12279 = CARTESIAN_POINT('',(-18.93024147123,39.849716732996,
    41.308921127675));
#12280 = VECTOR('',#12281,1.);
#12281 = DIRECTION('',(0.654653670708,-0.377964473009,-0.654653670708));
#12282 = PCURVE('',#12226,#12283);
#12283 = DEFINITIONAL_REPRESENTATION('',(#12284),#12287);
#12284 = B_SPLINE_CURVE_WITH_KNOTS('',1,(#12285,#12286),.UNSPECIFIED.,
  .F.,.F.,(2,2),(65.577027048221,71.501808088929),
  .PIECEWISE_BEZIER_KNOTS.);
#12285 = CARTESIAN_POINT('',(14.127860526406,24.));
#12286 = CARTESIAN_POINT('',(9.649147038914,27.87867965644));
#12287 = ( GEOMETRIC_REPRESENTATION_CONTEXT(2) 
PARAMETRIC_REPRESENTATION_CONTEXT() REPRESENTATION_CONTEXT('2D SPACE',''
  ) );
#12288 = PCURVE('',#12289,#12294);
#12289 = PLANE('',#12290);
#12290 = AXIS2_PLACEMENT_3D('',#12291,#12292,#12293);
#12291 = CARTESIAN_POINT('',(-85.91347391416,-32.,108.2921535706));
#12292 = DIRECTION('',(0.707106781187,0.,0.707106781187));
#12293 = DIRECTION('',(0.707106781187,0.,-0.707106781187));
#12294 = DEFINITIONAL_REPRESENTATION('',(#12295),#12298);
#12295 = B_SPLINE_CURVE_WITH_KNOTS('',1,(#12296,#12297),.UNSPECIFIED.,
  .F.,.F.,(2,2),(65.577027048221,71.501808088929),
  .PIECEWISE_BEZIER_KNOTS.);
#12296 = CARTESIAN_POINT('',(155.44112549695,47.063930263203));
#12297 = CARTESIAN_POINT('',(160.92640687119,44.824573519457));
#12298 = ( GEOMETRIC_REPRESENTATION_CONTEXT(2) 
PARAMETRIC_REPRESENTATION_CONTEXT() REPRESENTATION_CONTEXT('2D SPACE',''
  ) );
#12299 = ORIENTED_EDGE('',*,*,#12300,.F.);
#12300 = EDGE_CURVE('',#12218,#12275,#12301,.T.);
#12301 = SURFACE_CURVE('',#12302,(#12306,#12312),.PCURVE_S1.);
#12302 = LINE('',#12303,#12304);
#12303 = CARTESIAN_POINT('',(-34.79653641487,-23.36097935083,
    -68.17521607131));
#12304 = VECTOR('',#12305,1.);
#12305 = DIRECTION('',(0.654653670708,0.377964473009,0.654653670708));
#12306 = PCURVE('',#12226,#12307);
#12307 = DEFINITIONAL_REPRESENTATION('',(#12308),#12311);
#12308 = B_SPLINE_CURVE_WITH_KNOTS('',1,(#12309,#12310),.UNSPECIFIED.,
  .F.,.F.,(2,2),(89.81319290747,95.737973948177),
  .PIECEWISE_BEZIER_KNOTS.);
#12309 = CARTESIAN_POINT('',(5.170433551422,24.));
#12310 = CARTESIAN_POINT('',(9.649147038914,27.87867965644));
#12311 = ( GEOMETRIC_REPRESENTATION_CONTEXT(2) 
PARAMETRIC_REPRESENTATION_CONTEXT() REPRESENTATION_CONTEXT('2D SPACE',''
  ) );
#12312 = PCURVE('',#12313,#12318);
#12313 = PLANE('',#12314);
#12314 = AXIS2_PLACEMENT_3D('',#12315,#12316,#12317);
#12315 = CARTESIAN_POINT('',(-85.91347391416,-32.,-119.2921535706));
#12316 = DIRECTION('',(-0.707106781187,0.,0.707106781187));
#12317 = DIRECTION('',(0.707106781187,0.,0.707106781187));
#12318 = DEFINITIONAL_REPRESENTATION('',(#12319),#12322);
#12319 = B_SPLINE_CURVE_WITH_KNOTS('',1,(#12320,#12321),.UNSPECIFIED.,
  .F.,.F.,(2,2),(89.81319290747,95.737973948177),
  .PIECEWISE_BEZIER_KNOTS.);
#12320 = CARTESIAN_POINT('',(155.44112549695,42.585216775711));
#12321 = CARTESIAN_POINT('',(160.92640687119,44.824573519457));
#12322 = ( GEOMETRIC_REPRESENTATION_CONTEXT(2) 
PARAMETRIC_REPRESENTATION_CONTEXT() REPRESENTATION_CONTEXT('2D SPACE',''
  ) );
#12323 = ADVANCED_FACE('',(#12324),#12237,.F.);
#12324 = FACE_BOUND('',#12325,.F.);
#12325 = EDGE_LOOP('',(#12326,#12327,#12348,#12374));
#12326 = ORIENTED_EDGE('',*,*,#12215,.F.);
#12327 = ORIENTED_EDGE('',*,*,#12328,.F.);
#12328 = EDGE_CURVE('',#12329,#12216,#12331,.T.);
#12329 = VERTEX_POINT('',#12330);
#12330 = CARTESIAN_POINT('',(20.12132034356,-12.82457351945,-5.5));
#12331 = SURFACE_CURVE('',#12332,(#12336,#12342),.PCURVE_S1.);
#12332 = LINE('',#12333,#12334);
#12333 = CARTESIAN_POINT('',(20.12132034356,-32.,-5.5));
#12334 = VECTOR('',#12335,1.);
#12335 = DIRECTION('',(0.,1.,-0.));
#12336 = PCURVE('',#12237,#12337);
#12337 = DEFINITIONAL_REPRESENTATION('',(#12338),#12341);
#12338 = B_SPLINE_CURVE_WITH_KNOTS('',1,(#12339,#12340),.UNSPECIFIED.,
  .F.,.F.,(2,2),(0.,64.),.PIECEWISE_BEZIER_KNOTS.);
#12339 = CARTESIAN_POINT('',(146.95584412271,0.));
#12340 = CARTESIAN_POINT('',(146.95584412271,64.));
#12341 = ( GEOMETRIC_REPRESENTATION_CONTEXT(2) 
PARAMETRIC_REPRESENTATION_CONTEXT() REPRESENTATION_CONTEXT('2D SPACE',''
  ) );
#12342 = PCURVE('',#12263,#12343);
#12343 = DEFINITIONAL_REPRESENTATION('',(#12344),#12347);
#12344 = B_SPLINE_CURVE_WITH_KNOTS('',1,(#12345,#12346),.UNSPECIFIED.,
  .F.,.F.,(2,2),(0.,64.),.PIECEWISE_BEZIER_KNOTS.);
#12345 = CARTESIAN_POINT('',(146.95584412271,0.));
#12346 = CARTESIAN_POINT('',(146.95584412271,64.));
#12347 = ( GEOMETRIC_REPRESENTATION_CONTEXT(2) 
PARAMETRIC_REPRESENTATION_CONTEXT() REPRESENTATION_CONTEXT('2D SPACE',''
  ) );
#12348 = ORIENTED_EDGE('',*,*,#12349,.F.);
#12349 = EDGE_CURVE('',#12350,#12329,#12352,.T.);
#12350 = VERTEX_POINT('',#12351);
#12351 = CARTESIAN_POINT('',(24.,-10.58521677571,-9.37867965644));
#12352 = SURFACE_CURVE('',#12353,(#12357,#12363),.PCURVE_S1.);
#12353 = LINE('',#12354,#12355);
#12354 = CARTESIAN_POINT('',(-32.66850947335,-43.30279597472,
    47.289829816912));
#12355 = VECTOR('',#12356,1.);
#12356 = DIRECTION('',(-0.654653670708,-0.377964473009,0.654653670708));
#12357 = PCURVE('',#12237,#12358);
#12358 = DEFINITIONAL_REPRESENTATION('',(#12359),#12362);
#12359 = B_SPLINE_CURVE_WITH_KNOTS('',1,(#12360,#12361),.UNSPECIFIED.,
  .F.,.F.,(2,2),(-86.56257806065,-80.63779701994),
  .PIECEWISE_BEZIER_KNOTS.);
#12360 = CARTESIAN_POINT('',(152.44112549695,21.414783224289));
#12361 = CARTESIAN_POINT('',(146.95584412271,19.175426480543));
#12362 = ( GEOMETRIC_REPRESENTATION_CONTEXT(2) 
PARAMETRIC_REPRESENTATION_CONTEXT() REPRESENTATION_CONTEXT('2D SPACE',''
  ) );
#12363 = PCURVE('',#12364,#12369);
#12364 = PLANE('',#12365);
#12365 = AXIS2_PLACEMENT_3D('',#12366,#12367,#12368);
#12366 = CARTESIAN_POINT('',(0.,-16.,1.959434878636E-15));
#12367 = DIRECTION('',(0.,-0.866025403784,-0.5));
#12368 = DIRECTION('',(0.,0.5,-0.866025403784));
#12369 = DEFINITIONAL_REPRESENTATION('',(#12370),#12373);
#12370 = B_SPLINE_CURVE_WITH_KNOTS('',1,(#12371,#12372),.UNSPECIFIED.,
  .F.,.F.,(2,2),(-86.56257806065,-80.63779701994),
  .PIECEWISE_BEZIER_KNOTS.);
#12371 = CARTESIAN_POINT('',(10.829566448578,24.));
#12372 = CARTESIAN_POINT('',(6.350852961086,20.12132034356));
#12373 = ( GEOMETRIC_REPRESENTATION_CONTEXT(2) 
PARAMETRIC_REPRESENTATION_CONTEXT() REPRESENTATION_CONTEXT('2D SPACE',''
  ) );
#12374 = ORIENTED_EDGE('',*,*,#12375,.T.);
#12375 = EDGE_CURVE('',#12350,#12218,#12376,.T.);
#12376 = SURFACE_CURVE('',#12377,(#12381,#12387),.PCURVE_S1.);
#12377 = LINE('',#12378,#12379);
#12378 = CARTESIAN_POINT('',(24.,-32.,-9.37867965644));
#12379 = VECTOR('',#12380,1.);
#12380 = DIRECTION('',(0.,1.,-0.));
#12381 = PCURVE('',#12237,#12382);
#12382 = DEFINITIONAL_REPRESENTATION('',(#12383),#12386);
#12383 = B_SPLINE_CURVE_WITH_KNOTS('',1,(#12384,#12385),.UNSPECIFIED.,
  .F.,.F.,(2,2),(0.,64.),.PIECEWISE_BEZIER_KNOTS.);
#12384 = CARTESIAN_POINT('',(152.44112549695,0.));
#12385 = CARTESIAN_POINT('',(152.44112549695,64.));
#12386 = ( GEOMETRIC_REPRESENTATION_CONTEXT(2) 
PARAMETRIC_REPRESENTATION_CONTEXT() REPRESENTATION_CONTEXT('2D SPACE',''
  ) );
#12387 = PCURVE('',#12313,#12388);
#12388 = DEFINITIONAL_REPRESENTATION('',(#12389),#12392);
#12389 = B_SPLINE_CURVE_WITH_KNOTS('',1,(#12390,#12391),.UNSPECIFIED.,
  .F.,.F.,(2,2),(0.,64.),.PIECEWISE_BEZIER_KNOTS.);
#12390 = CARTESIAN_POINT('',(155.44112549695,0.));
#12391 = CARTESIAN_POINT('',(155.44112549695,64.));
#12392 = ( GEOMETRIC_REPRESENTATION_CONTEXT(2) 
PARAMETRIC_REPRESENTATION_CONTEXT() REPRESENTATION_CONTEXT('2D SPACE',''
  ) );
#12393 = ADVANCED_FACE('',(#12394),#12313,.F.);
#12394 = FACE_BOUND('',#12395,.F.);
#12395 = EDGE_LOOP('',(#12396,#12397,#12398,#12419));
#12396 = ORIENTED_EDGE('',*,*,#12300,.F.);
#12397 = ORIENTED_EDGE('',*,*,#12375,.F.);
#12398 = ORIENTED_EDGE('',*,*,#12399,.F.);
#12399 = EDGE_CURVE('',#12400,#12350,#12402,.T.);
#12400 = VERTEX_POINT('',#12401);
#12401 = CARTESIAN_POINT('',(27.87867965644,-12.82457351945,-5.5));
#12402 = SURFACE_CURVE('',#12403,(#12407,#12413),.PCURVE_S1.);
#12403 = LINE('',#12404,#12405);
#12404 = CARTESIAN_POINT('',(-22.91961659154,16.503836493694,
    -56.29829624799));
#12405 = VECTOR('',#12406,1.);
#12406 = DIRECTION('',(-0.654653670708,0.377964473009,-0.654653670708));
#12407 = PCURVE('',#12313,#12408);
#12408 = DEFINITIONAL_REPRESENTATION('',(#12409),#12412);
#12409 = B_SPLINE_CURVE_WITH_KNOTS('',1,(#12410,#12411),.UNSPECIFIED.,
  .F.,.F.,(2,2),(-77.59567924373,-71.67089820302),
  .PIECEWISE_BEZIER_KNOTS.);
#12410 = CARTESIAN_POINT('',(160.92640687119,19.175426480543));
#12411 = CARTESIAN_POINT('',(155.44112549695,21.414783224289));
#12412 = ( GEOMETRIC_REPRESENTATION_CONTEXT(2) 
PARAMETRIC_REPRESENTATION_CONTEXT() REPRESENTATION_CONTEXT('2D SPACE',''
  ) );
#12413 = PCURVE('',#12364,#12414);
#12414 = DEFINITIONAL_REPRESENTATION('',(#12415),#12418);
#12415 = B_SPLINE_CURVE_WITH_KNOTS('',1,(#12416,#12417),.UNSPECIFIED.,
  .F.,.F.,(2,2),(-77.59567924373,-71.67089820302),
  .PIECEWISE_BEZIER_KNOTS.);
#12416 = CARTESIAN_POINT('',(6.350852961086,27.87867965644));
#12417 = CARTESIAN_POINT('',(10.829566448578,24.));
#12418 = ( GEOMETRIC_REPRESENTATION_CONTEXT(2) 
PARAMETRIC_REPRESENTATION_CONTEXT() REPRESENTATION_CONTEXT('2D SPACE',''
  ) );
#12419 = ORIENTED_EDGE('',*,*,#12420,.T.);
#12420 = EDGE_CURVE('',#12400,#12275,#12421,.T.);
#12421 = SURFACE_CURVE('',#12422,(#12426,#12432),.PCURVE_S1.);
#12422 = LINE('',#12423,#12424);
#12423 = CARTESIAN_POINT('',(27.87867965644,-32.,-5.5));
#12424 = VECTOR('',#12425,1.);
#12425 = DIRECTION('',(0.,1.,-0.));
#12426 = PCURVE('',#12313,#12427);
#12427 = DEFINITIONAL_REPRESENTATION('',(#12428),#12431);
#12428 = B_SPLINE_CURVE_WITH_KNOTS('',1,(#12429,#12430),.UNSPECIFIED.,
  .F.,.F.,(2,2),(0.,64.),.PIECEWISE_BEZIER_KNOTS.);
#12429 = CARTESIAN_POINT('',(160.92640687119,0.));
#12430 = CARTESIAN_POINT('',(160.92640687119,64.));
#12431 = ( GEOMETRIC_REPRESENTATION_CONTEXT(2) 
PARAMETRIC_REPRESENTATION_CONTEXT() REPRESENTATION_CONTEXT('2D SPACE',''
  ) );
#12432 = PCURVE('',#12289,#12433);
#12433 = DEFINITIONAL_REPRESENTATION('',(#12434),#12437);
#12434 = B_SPLINE_CURVE_WITH_KNOTS('',1,(#12435,#12436),.UNSPECIFIED.,
  .F.,.F.,(2,2),(0.,64.),.PIECEWISE_BEZIER_KNOTS.);
#12435 = CARTESIAN_POINT('',(160.92640687119,0.));
#12436 = CARTESIAN_POINT('',(160.92640687119,64.));
#12437 = ( GEOMETRIC_REPRESENTATION_CONTEXT(2) 
PARAMETRIC_REPRESENTATION_CONTEXT() REPRESENTATION_CONTEXT('2D SPACE',''
  ) );
#12438 = ADVANCED_FACE('',(#12439),#12289,.T.);
#12439 = FACE_BOUND('',#12440,.T.);
#12440 = EDGE_LOOP('',(#12441,#12442,#12463,#12482));
#12441 = ORIENTED_EDGE('',*,*,#12274,.F.);
#12442 = ORIENTED_EDGE('',*,*,#12443,.F.);
#12443 = EDGE_CURVE('',#12444,#12249,#12446,.T.);
#12444 = VERTEX_POINT('',#12445);
#12445 = CARTESIAN_POINT('',(24.,-15.0639302632,-1.62132034356));
#12446 = SURFACE_CURVE('',#12447,(#12451,#12457),.PCURVE_S1.);
#12447 = LINE('',#12448,#12449);
#12448 = CARTESIAN_POINT('',(24.,-32.,-1.62132034356));
#12449 = VECTOR('',#12450,1.);
#12450 = DIRECTION('',(0.,1.,-0.));
#12451 = PCURVE('',#12289,#12452);
#12452 = DEFINITIONAL_REPRESENTATION('',(#12453),#12456);
#12453 = B_SPLINE_CURVE_WITH_KNOTS('',1,(#12454,#12455),.UNSPECIFIED.,
  .F.,.F.,(2,2),(0.,64.),.PIECEWISE_BEZIER_KNOTS.);
#12454 = CARTESIAN_POINT('',(155.44112549695,0.));
#12455 = CARTESIAN_POINT('',(155.44112549695,64.));
#12456 = ( GEOMETRIC_REPRESENTATION_CONTEXT(2) 
PARAMETRIC_REPRESENTATION_CONTEXT() REPRESENTATION_CONTEXT('2D SPACE',''
  ) );
#12457 = PCURVE('',#12263,#12458);
#12458 = DEFINITIONAL_REPRESENTATION('',(#12459),#12462);
#12459 = B_SPLINE_CURVE_WITH_KNOTS('',1,(#12460,#12461),.UNSPECIFIED.,
  .F.,.F.,(2,2),(0.,64.),.PIECEWISE_BEZIER_KNOTS.);
#12460 = CARTESIAN_POINT('',(152.44112549695,0.));
#12461 = CARTESIAN_POINT('',(152.44112549695,64.));
#12462 = ( GEOMETRIC_REPRESENTATION_CONTEXT(2) 
PARAMETRIC_REPRESENTATION_CONTEXT() REPRESENTATION_CONTEXT('2D SPACE',''
  ) );
#12463 = ORIENTED_EDGE('',*,*,#12464,.F.);
#12464 = EDGE_CURVE('',#12400,#12444,#12465,.T.);
#12465 = SURFACE_CURVE('',#12466,(#12470,#12476),.PCURVE_S1.);
#12466 = LINE('',#12467,#12468);
#12467 = CARTESIAN_POINT('',(-30.80716129456,-46.70685959013,
    53.185840951004));
#12468 = VECTOR('',#12469,1.);
#12469 = DIRECTION('',(-0.654653670708,-0.377964473009,0.654653670708));
#12470 = PCURVE('',#12289,#12471);
#12471 = DEFINITIONAL_REPRESENTATION('',(#12472),#12475);
#12472 = B_SPLINE_CURVE_WITH_KNOTS('',1,(#12473,#12474),.UNSPECIFIED.,
  .F.,.F.,(2,2),(-89.64410279337,-83.71932175266),
  .PIECEWISE_BEZIER_KNOTS.);
#12473 = CARTESIAN_POINT('',(160.92640687119,19.175426480543));
#12474 = CARTESIAN_POINT('',(155.44112549695,16.936069736797));
#12475 = ( GEOMETRIC_REPRESENTATION_CONTEXT(2) 
PARAMETRIC_REPRESENTATION_CONTEXT() REPRESENTATION_CONTEXT('2D SPACE',''
  ) );
#12476 = PCURVE('',#12364,#12477);
#12477 = DEFINITIONAL_REPRESENTATION('',(#12478),#12481);
#12478 = B_SPLINE_CURVE_WITH_KNOTS('',1,(#12479,#12480),.UNSPECIFIED.,
  .F.,.F.,(2,2),(-89.64410279337,-83.71932175266),
  .PIECEWISE_BEZIER_KNOTS.);
#12479 = CARTESIAN_POINT('',(6.350852961086,27.87867965644));
#12480 = CARTESIAN_POINT('',(1.872139473594,24.));
#12481 = ( GEOMETRIC_REPRESENTATION_CONTEXT(2) 
PARAMETRIC_REPRESENTATION_CONTEXT() REPRESENTATION_CONTEXT('2D SPACE',''
  ) );
#12482 = ORIENTED_EDGE('',*,*,#12420,.T.);
#12483 = ADVANCED_FACE('',(#12484),#12263,.T.);
#12484 = FACE_BOUND('',#12485,.T.);
#12485 = EDGE_LOOP('',(#12486,#12487,#12488,#12507));
#12486 = ORIENTED_EDGE('',*,*,#12248,.F.);
#12487 = ORIENTED_EDGE('',*,*,#12328,.F.);
#12488 = ORIENTED_EDGE('',*,*,#12489,.F.);
#12489 = EDGE_CURVE('',#12444,#12329,#12490,.T.);
#12490 = SURFACE_CURVE('',#12491,(#12495,#12501),.PCURVE_S1.);
#12491 = LINE('',#12492,#12493);
#12492 = CARTESIAN_POINT('',(-24.78096477033,13.099772878281,
    -50.40228511389));
#12493 = VECTOR('',#12494,1.);
#12494 = DIRECTION('',(-0.654653670708,0.377964473009,-0.654653670708));
#12495 = PCURVE('',#12263,#12496);
#12496 = DEFINITIONAL_REPRESENTATION('',(#12497),#12500);
#12497 = B_SPLINE_CURVE_WITH_KNOTS('',1,(#12498,#12499),.UNSPECIFIED.,
  .F.,.F.,(2,2),(-74.51415451101,-68.5893734703),
  .PIECEWISE_BEZIER_KNOTS.);
#12498 = CARTESIAN_POINT('',(152.44112549695,16.936069736797));
#12499 = CARTESIAN_POINT('',(146.95584412271,19.175426480543));
#12500 = ( GEOMETRIC_REPRESENTATION_CONTEXT(2) 
PARAMETRIC_REPRESENTATION_CONTEXT() REPRESENTATION_CONTEXT('2D SPACE',''
  ) );
#12501 = PCURVE('',#12364,#12502);
#12502 = DEFINITIONAL_REPRESENTATION('',(#12503),#12506);
#12503 = B_SPLINE_CURVE_WITH_KNOTS('',1,(#12504,#12505),.UNSPECIFIED.,
  .F.,.F.,(2,2),(-74.51415451101,-68.5893734703),
  .PIECEWISE_BEZIER_KNOTS.);
#12504 = CARTESIAN_POINT('',(1.872139473594,24.));
#12505 = CARTESIAN_POINT('',(6.350852961086,20.12132034356));
#12506 = ( GEOMETRIC_REPRESENTATION_CONTEXT(2) 
PARAMETRIC_REPRESENTATION_CONTEXT() REPRESENTATION_CONTEXT('2D SPACE',''
  ) );
#12507 = ORIENTED_EDGE('',*,*,#12443,.T.);
#12508 = ADVANCED_FACE('',(#12509),#12364,.T.);
#12509 = FACE_BOUND('',#12510,.T.);
#12510 = EDGE_LOOP('',(#12511,#12512,#12513,#12514));
#12511 = ORIENTED_EDGE('',*,*,#12349,.F.);
#12512 = ORIENTED_EDGE('',*,*,#12399,.F.);
#12513 = ORIENTED_EDGE('',*,*,#12464,.T.);
#12514 = ORIENTED_EDGE('',*,*,#12489,.T.);
#12515 = ( GEOMETRIC_REPRESENTATION_CONTEXT(3) 
GLOBAL_UNCERTAINTY_ASSIGNED_CONTEXT((#12519)) 
GLOBAL_UNIT_ASSIGNED_CONTEXT((#12516,#12517,#12518)) 
REPRESENTATION_CONTEXT('Context #1',
  '3D Context with UNIT and UNCERTAINTY') );
#12516 = ( LENGTH_UNIT() NAMED_UNIT(*) SI_UNIT(.MILLI.,.METRE.) );
#12517 = ( NAMED_UNIT(*) PLANE_ANGLE_UNIT() SI_UNIT($,.RADIAN.) );
#12518 = ( NAMED_UNIT(*) SI_UNIT($,.STERADIAN.) SOLID_ANGLE_UNIT() );
#12519 = UNCERTAINTY_MEASURE_WITH_UNIT(LENGTH_MEASURE(2.E-07),#12516,
  'distance_accuracy_value','confusion accuracy');
#12520 = PRODUCT_RELATED_PRODUCT_CATEGORY('part',$,(#7));
ENDSEC;
END-ISO-10303-21;
