ISO-10303-21;
HEADER;
FILE_DESCRIPTION(('Open CASCADE Model'),'2;1');
FILE_NAME('aerobar_crossbar_shards','2026-06-03T21:49:26',('Author'),(
    'Open CASCADE'),'Open CASCADE STEP processor 7.8','build123d',
  'Unknown');
FILE_SCHEMA(('AUTOMOTIVE_DESIGN { 1 0 10303 214 1 1 1 1 }'));
ENDSEC;
DATA;
#1 = APPLICATION_PROTOCOL_DEFINITION('international standard',
  'automotive_design',2000,#2);
#2 = APPLICATION_CONTEXT(
  'core data for automotive mechanical design processes');
#3 = SHAPE_DEFINITION_REPRESENTATION(#4,#10);
#4 = PRODUCT_DEFINITION_SHAPE('','',#5);
#5 = PRODUCT_DEFINITION('design','',#6,#9);
#6 = PRODUCT_DEFINITION_FORMATION('','',#7);
#7 = PRODUCT('aerobar_crossbar_shards','aerobar_crossbar_shards','',(#8)
  );
#8 = PRODUCT_CONTEXT('',#2,'mechanical');
#9 = PRODUCT_DEFINITION_CONTEXT('part definition',#2,'design');
#10 = ADVANCED_BREP_SHAPE_REPRESENTATION('',(#11,#15),#5777);
#11 = AXIS2_PLACEMENT_3D('',#12,#13,#14);
#12 = CARTESIAN_POINT('',(0.,0.,0.));
#13 = DIRECTION('',(0.,0.,1.));
#14 = DIRECTION('',(1.,0.,-0.));
#15 = MANIFOLD_SOLID_BREP('',#16);
#16 = CLOSED_SHELL('',(#17,#835,#1062,#1176,#1221,#1268,#1315,#1360,
    #1405,#1452,#1497,#1544,#1589,#1636,#1681,#1728,#1773,#1820,#1867,
    #1912,#1959,#2004,#2051,#2098,#2192,#2856,#2975,#3024,#3270,#3317,
    #3402,#3494,#3541,#3611,#3684,#4178,#4203,#4210,#4235,#4262,#4289,
    #4314,#4341,#4366,#4393,#4418,#4445,#4470,#4497,#4524,#4549,#4576,
    #4601,#4628,#4655,#4680,#4707,#4714,#4741,#5070,#5077,#5124,#5151,
    #5178,#5185,#5260,#5341,#5389,#5447,#5522,#5603,#5651,#5709,#5716,
    #5743,#5750));
#17 = ADVANCED_FACE('',(#18),#32,.T.);
#18 = FACE_BOUND('',#19,.T.);
#19 = EDGE_LOOP('',(#20,#53,#81,#116,#144,#172,#200,#242,#265,#291,#317,
    #343,#369,#395,#421,#447,#473,#499,#525,#551,#577,#603,#629,#655,
    #681,#707,#733,#759,#785,#811));
#20 = ORIENTED_EDGE('',*,*,#21,.F.);
#21 = EDGE_CURVE('',#22,#24,#26,.T.);
#22 = VERTEX_POINT('',#23);
#23 = CARTESIAN_POINT('',(-42.93450178463,16.,0.));
#24 = VERTEX_POINT('',#25);
#25 = CARTESIAN_POINT('',(-43.70633909777,14.929533730681,1.85410196625)
  );
#26 = SURFACE_CURVE('',#27,(#31,#42),.PCURVE_S1.);
#27 = LINE('',#28,#29);
#28 = CARTESIAN_POINT('',(-40.66238621819,19.151212091565,
    -5.458059448016));
#29 = VECTOR('',#30,1.);
#30 = DIRECTION('',(-0.339147944521,-0.470366525097,0.814698719647));
#31 = PCURVE('',#32,#37);
#32 = PLANE('',#33);
#33 = AXIS2_PLACEMENT_3D('',#34,#35,#36);
#34 = CARTESIAN_POINT('',(0.,16.,0.));
#35 = DIRECTION('',(-0.,0.866025403784,0.5));
#36 = DIRECTION('',(0.,-0.5,0.866025403784));
#37 = DEFINITIONAL_REPRESENTATION('',(#38),#41);
#38 = B_SPLINE_CURVE_WITH_KNOTS('',1,(#39,#40),.UNSPECIFIED.,.F.,.F.,(2,
    2),(6.699482049484,8.975295085071),.PIECEWISE_BEZIER_KNOTS.);
#39 = CARTESIAN_POINT('',(2.653641203461E-15,-42.93450178463));
#40 = CARTESIAN_POINT('',(2.140932538639,-43.70633909777));
#41 = ( GEOMETRIC_REPRESENTATION_CONTEXT(2) 
PARAMETRIC_REPRESENTATION_CONTEXT() REPRESENTATION_CONTEXT('2D SPACE',''
  ) );
#42 = PCURVE('',#43,#48);
#43 = PLANE('',#44);
#44 = AXIS2_PLACEMENT_3D('',#45,#46,#47);
#45 = CARTESIAN_POINT('',(-40.16311896062,0.,-6.657395614066));
#46 = DIRECTION('',(-0.92320153341,0.,-0.384316183252));
#47 = DIRECTION('',(-0.384316183252,0.,0.92320153341));
#48 = DEFINITIONAL_REPRESENTATION('',(#49),#52);
#49 = B_SPLINE_CURVE_WITH_KNOTS('',1,(#50,#51),.UNSPECIFIED.,.F.,.F.,(2,
    2),(6.699482049484,8.975295085071),.PIECEWISE_BEZIER_KNOTS.);
#50 = CARTESIAN_POINT('',(7.211205108677,16.));
#51 = CARTESIAN_POINT('',(9.219544457293,14.929533730681));
#52 = ( GEOMETRIC_REPRESENTATION_CONTEXT(2) 
PARAMETRIC_REPRESENTATION_CONTEXT() REPRESENTATION_CONTEXT('2D SPACE',''
  ) );
#53 = ORIENTED_EDGE('',*,*,#54,.T.);
#54 = EDGE_CURVE('',#22,#55,#57,.T.);
#55 = VERTEX_POINT('',#56);
#56 = CARTESIAN_POINT('',(-48.6,16.,-3.172454190428E-15));
#57 = SURFACE_CURVE('',#58,(#62,#69),.PCURVE_S1.);
#58 = LINE('',#59,#60);
#59 = CARTESIAN_POINT('',(60.,16.,0.));
#60 = VECTOR('',#61,1.);
#61 = DIRECTION('',(-1.,0.,0.));
#62 = PCURVE('',#32,#63);
#63 = DEFINITIONAL_REPRESENTATION('',(#64),#68);
#64 = LINE('',#65,#66);
#65 = CARTESIAN_POINT('',(0.,60.));
#66 = VECTOR('',#67,1.);
#67 = DIRECTION('',(0.,-1.));
#68 = ( GEOMETRIC_REPRESENTATION_CONTEXT(2) 
PARAMETRIC_REPRESENTATION_CONTEXT() REPRESENTATION_CONTEXT('2D SPACE',''
  ) );
#69 = PCURVE('',#70,#75);
#70 = PLANE('',#71);
#71 = AXIS2_PLACEMENT_3D('',#72,#73,#74);
#72 = CARTESIAN_POINT('',(0.,8.,-13.85640646055));
#73 = DIRECTION('',(0.,0.866025403784,-0.5));
#74 = DIRECTION('',(0.,0.5,0.866025403784));
#75 = DEFINITIONAL_REPRESENTATION('',(#76),#80);
#76 = LINE('',#77,#78);
#77 = CARTESIAN_POINT('',(16.,60.));
#78 = VECTOR('',#79,1.);
#79 = DIRECTION('',(0.,-1.));
#80 = ( GEOMETRIC_REPRESENTATION_CONTEXT(2) 
PARAMETRIC_REPRESENTATION_CONTEXT() REPRESENTATION_CONTEXT('2D SPACE',''
  ) );
#81 = ORIENTED_EDGE('',*,*,#82,.F.);
#82 = EDGE_CURVE('',#83,#55,#85,.T.);
#83 = VERTEX_POINT('',#84);
#84 = CARTESIAN_POINT('',(-60.,9.418206931238,11.4));
#85 = SURFACE_CURVE('',#86,(#91,#98),.PCURVE_S1.);
#86 = ELLIPSE('',#87,13.163586137523,11.4);
#87 = AXIS2_PLACEMENT_3D('',#88,#89,#90);
#88 = CARTESIAN_POINT('',(-60.,16.,-3.552713678801E-15));
#89 = DIRECTION('',(-0.,0.866025403784,0.5));
#90 = DIRECTION('',(0.,-0.5,0.866025403784));
#91 = PCURVE('',#32,#92);
#92 = DEFINITIONAL_REPRESENTATION('',(#93),#97);
#93 = ELLIPSE('',#94,13.163586137523,11.4);
#94 = AXIS2_PLACEMENT_2D('',#95,#96);
#95 = CARTESIAN_POINT('',(-3.076740298214E-15,-60.));
#96 = DIRECTION('',(1.,0.));
#97 = ( GEOMETRIC_REPRESENTATION_CONTEXT(2) 
PARAMETRIC_REPRESENTATION_CONTEXT() REPRESENTATION_CONTEXT('2D SPACE',''
  ) );
#98 = PCURVE('',#99,#104);
#99 = CYLINDRICAL_SURFACE('',#100,11.4);
#100 = AXIS2_PLACEMENT_3D('',#101,#102,#103);
#101 = CARTESIAN_POINT('',(-60.,19.,-4.218847493576E-15));
#102 = DIRECTION('',(0.,-1.,2.22044604925E-16));
#103 = DIRECTION('',(1.,0.,0.));
#104 = DEFINITIONAL_REPRESENTATION('',(#105),#115);
#105 = B_SPLINE_CURVE_WITH_KNOTS('',8,(#106,#107,#108,#109,#110,#111,
    #112,#113,#114),.UNSPECIFIED.,.F.,.F.,(9,9),(6.28318530718,
    7.853981633974),.PIECEWISE_BEZIER_KNOTS.);
#106 = CARTESIAN_POINT('',(7.853981633974,9.58179306175));
#107 = CARTESIAN_POINT('',(7.657632093125,9.581793035214));
#108 = CARTESIAN_POINT('',(7.461282552275,9.291794445632));
#109 = CARTESIAN_POINT('',(7.264933011427,8.711798143704));
#110 = CARTESIAN_POINT('',(7.068583470573,7.865648832962));
#111 = CARTESIAN_POINT('',(6.872233929729,6.801072398057));
#112 = CARTESIAN_POINT('',(6.675884388877,5.584664483489));
#113 = CARTESIAN_POINT('',(6.479534848029,4.292332047017));
#114 = CARTESIAN_POINT('',(6.28318530718,3.));
#115 = ( GEOMETRIC_REPRESENTATION_CONTEXT(2) 
PARAMETRIC_REPRESENTATION_CONTEXT() REPRESENTATION_CONTEXT('2D SPACE',''
  ) );
#116 = ORIENTED_EDGE('',*,*,#117,.T.);
#117 = EDGE_CURVE('',#83,#118,#120,.T.);
#118 = VERTEX_POINT('',#119);
#119 = CARTESIAN_POINT('',(-60.,8.,13.856406460551));
#120 = SURFACE_CURVE('',#121,(#125,#132),.PCURVE_S1.);
#121 = LINE('',#122,#123);
#122 = CARTESIAN_POINT('',(-60.,16.,0.));
#123 = VECTOR('',#124,1.);
#124 = DIRECTION('',(0.,-0.5,0.866025403784));
#125 = PCURVE('',#32,#126);
#126 = DEFINITIONAL_REPRESENTATION('',(#127),#131);
#127 = LINE('',#128,#129);
#128 = CARTESIAN_POINT('',(0.,-60.));
#129 = VECTOR('',#130,1.);
#130 = DIRECTION('',(1.,0.));
#131 = ( GEOMETRIC_REPRESENTATION_CONTEXT(2) 
PARAMETRIC_REPRESENTATION_CONTEXT() REPRESENTATION_CONTEXT('2D SPACE',''
  ) );
#132 = PCURVE('',#133,#138);
#133 = PLANE('',#134);
#134 = AXIS2_PLACEMENT_3D('',#135,#136,#137);
#135 = CARTESIAN_POINT('',(-60.,1.480297366167E-16,9.080106438912E-16));
#136 = DIRECTION('',(1.,0.,0.));
#137 = DIRECTION('',(0.,1.,0.));
#138 = DEFINITIONAL_REPRESENTATION('',(#139),#143);
#139 = LINE('',#140,#141);
#140 = CARTESIAN_POINT('',(16.,-9.080106438912E-16));
#141 = VECTOR('',#142,1.);
#142 = DIRECTION('',(-0.5,0.866025403784));
#143 = ( GEOMETRIC_REPRESENTATION_CONTEXT(2) 
PARAMETRIC_REPRESENTATION_CONTEXT() REPRESENTATION_CONTEXT('2D SPACE',''
  ) );
#144 = ORIENTED_EDGE('',*,*,#145,.T.);
#145 = EDGE_CURVE('',#118,#146,#148,.T.);
#146 = VERTEX_POINT('',#147);
#147 = CARTESIAN_POINT('',(60.,8.,13.856406460551));
#148 = SURFACE_CURVE('',#149,(#153,#160),.PCURVE_S1.);
#149 = LINE('',#150,#151);
#150 = CARTESIAN_POINT('',(-60.,8.,13.856406460551));
#151 = VECTOR('',#152,1.);
#152 = DIRECTION('',(1.,0.,0.));
#153 = PCURVE('',#32,#154);
#154 = DEFINITIONAL_REPRESENTATION('',(#155),#159);
#155 = LINE('',#156,#157);
#156 = CARTESIAN_POINT('',(16.,-60.));
#157 = VECTOR('',#158,1.);
#158 = DIRECTION('',(0.,1.));
#159 = ( GEOMETRIC_REPRESENTATION_CONTEXT(2) 
PARAMETRIC_REPRESENTATION_CONTEXT() REPRESENTATION_CONTEXT('2D SPACE',''
  ) );
#160 = PCURVE('',#161,#166);
#161 = PLANE('',#162);
#162 = AXIS2_PLACEMENT_3D('',#163,#164,#165);
#163 = CARTESIAN_POINT('',(0.,8.,13.856406460551));
#164 = DIRECTION('',(-0.,1.110223024625E-16,1.));
#165 = DIRECTION('',(0.,-1.,1.110223024625E-16));
#166 = DEFINITIONAL_REPRESENTATION('',(#167),#171);
#167 = LINE('',#168,#169);
#168 = CARTESIAN_POINT('',(0.,-60.));
#169 = VECTOR('',#170,1.);
#170 = DIRECTION('',(0.,1.));
#171 = ( GEOMETRIC_REPRESENTATION_CONTEXT(2) 
PARAMETRIC_REPRESENTATION_CONTEXT() REPRESENTATION_CONTEXT('2D SPACE',''
  ) );
#172 = ORIENTED_EDGE('',*,*,#173,.F.);
#173 = EDGE_CURVE('',#174,#146,#176,.T.);
#174 = VERTEX_POINT('',#175);
#175 = CARTESIAN_POINT('',(60.,9.418206931238,11.4));
#176 = SURFACE_CURVE('',#177,(#181,#188),.PCURVE_S1.);
#177 = LINE('',#178,#179);
#178 = CARTESIAN_POINT('',(60.,16.,0.));
#179 = VECTOR('',#180,1.);
#180 = DIRECTION('',(0.,-0.5,0.866025403784));
#181 = PCURVE('',#32,#182);
#182 = DEFINITIONAL_REPRESENTATION('',(#183),#187);
#183 = LINE('',#184,#185);
#184 = CARTESIAN_POINT('',(0.,60.));
#185 = VECTOR('',#186,1.);
#186 = DIRECTION('',(1.,0.));
#187 = ( GEOMETRIC_REPRESENTATION_CONTEXT(2) 
PARAMETRIC_REPRESENTATION_CONTEXT() REPRESENTATION_CONTEXT('2D SPACE',''
  ) );
#188 = PCURVE('',#189,#194);
#189 = PLANE('',#190);
#190 = AXIS2_PLACEMENT_3D('',#191,#192,#193);
#191 = CARTESIAN_POINT('',(60.,1.480297366167E-16,9.080106438912E-16));
#192 = DIRECTION('',(1.,0.,0.));
#193 = DIRECTION('',(0.,1.,0.));
#194 = DEFINITIONAL_REPRESENTATION('',(#195),#199);
#195 = LINE('',#196,#197);
#196 = CARTESIAN_POINT('',(16.,-9.080106438912E-16));
#197 = VECTOR('',#198,1.);
#198 = DIRECTION('',(-0.5,0.866025403784));
#199 = ( GEOMETRIC_REPRESENTATION_CONTEXT(2) 
PARAMETRIC_REPRESENTATION_CONTEXT() REPRESENTATION_CONTEXT('2D SPACE',''
  ) );
#200 = ORIENTED_EDGE('',*,*,#201,.F.);
#201 = EDGE_CURVE('',#202,#174,#204,.T.);
#202 = VERTEX_POINT('',#203);
#203 = CARTESIAN_POINT('',(48.6,16.,0.));
#204 = SURFACE_CURVE('',#205,(#210,#217),.PCURVE_S1.);
#205 = ELLIPSE('',#206,13.163586137523,11.4);
#206 = AXIS2_PLACEMENT_3D('',#207,#208,#209);
#207 = CARTESIAN_POINT('',(60.,16.,-3.552713678801E-15));
#208 = DIRECTION('',(-0.,0.866025403784,0.5));
#209 = DIRECTION('',(0.,-0.5,0.866025403784));
#210 = PCURVE('',#32,#211);
#211 = DEFINITIONAL_REPRESENTATION('',(#212),#216);
#212 = ELLIPSE('',#213,13.163586137523,11.4);
#213 = AXIS2_PLACEMENT_2D('',#214,#215);
#214 = CARTESIAN_POINT('',(-3.076740298214E-15,60.));
#215 = DIRECTION('',(1.,0.));
#216 = ( GEOMETRIC_REPRESENTATION_CONTEXT(2) 
PARAMETRIC_REPRESENTATION_CONTEXT() REPRESENTATION_CONTEXT('2D SPACE',''
  ) );
#217 = PCURVE('',#218,#223);
#218 = CYLINDRICAL_SURFACE('',#219,11.4);
#219 = AXIS2_PLACEMENT_3D('',#220,#221,#222);
#220 = CARTESIAN_POINT('',(60.,19.,-4.218847493576E-15));
#221 = DIRECTION('',(0.,-1.,2.22044604925E-16));
#222 = DIRECTION('',(1.,0.,0.));
#223 = DEFINITIONAL_REPRESENTATION('',(#224),#241);
#224 = B_SPLINE_CURVE_WITH_KNOTS('',8,(#225,#226,#227,#228,#229,#230,
    #231,#232,#233,#234,#235,#236,#237,#238,#239,#240),.UNSPECIFIED.,.F.
  ,.F.,(9,7,9),(4.590540262156,6.222260948065,7.853981633974),
  .UNSPECIFIED.);
#225 = CARTESIAN_POINT('',(3.263441371819,2.2));
#226 = CARTESIAN_POINT('',(3.05947628608,3.532502515807));
#227 = CARTESIAN_POINT('',(2.855511200335,4.90304138891));
#228 = CARTESIAN_POINT('',(2.651546114619,6.227140815208));
#229 = CARTESIAN_POINT('',(2.447581028833,7.416972292458));
#230 = CARTESIAN_POINT('',(2.243615943142,8.392503233277));
#231 = CARTESIAN_POINT('',(2.03965085738,9.093756104374));
#232 = CARTESIAN_POINT('',(1.835685771648,9.487844087349));
#233 = CARTESIAN_POINT('',(1.427755600171,9.651319454205));
#234 = CARTESIAN_POINT('',(1.22379051443,9.420706889263));
#235 = CARTESIAN_POINT('',(1.019825428698,8.87256579805));
#236 = CARTESIAN_POINT('',(0.815860342946,8.029421855441));
#237 = CARTESIAN_POINT('',(0.611895257221,6.942262843094));
#238 = CARTESIAN_POINT('',(0.407930171476,5.68491239542));
#239 = CARTESIAN_POINT('',(0.203965085739,4.342455987584));
#240 = CARTESIAN_POINT('',(3.061616997868E-16,3.));
#241 = ( GEOMETRIC_REPRESENTATION_CONTEXT(2) 
PARAMETRIC_REPRESENTATION_CONTEXT() REPRESENTATION_CONTEXT('2D SPACE',''
  ) );
#242 = ORIENTED_EDGE('',*,*,#243,.T.);
#243 = EDGE_CURVE('',#202,#244,#246,.T.);
#244 = VERTEX_POINT('',#245);
#245 = CARTESIAN_POINT('',(38.8667612827,16.,0.));
#246 = SURFACE_CURVE('',#247,(#251,#258),.PCURVE_S1.);
#247 = LINE('',#248,#249);
#248 = CARTESIAN_POINT('',(60.,16.,0.));
#249 = VECTOR('',#250,1.);
#250 = DIRECTION('',(-1.,0.,0.));
#251 = PCURVE('',#32,#252);
#252 = DEFINITIONAL_REPRESENTATION('',(#253),#257);
#253 = LINE('',#254,#255);
#254 = CARTESIAN_POINT('',(0.,60.));
#255 = VECTOR('',#256,1.);
#256 = DIRECTION('',(0.,-1.));
#257 = ( GEOMETRIC_REPRESENTATION_CONTEXT(2) 
PARAMETRIC_REPRESENTATION_CONTEXT() REPRESENTATION_CONTEXT('2D SPACE',''
  ) );
#258 = PCURVE('',#70,#259);
#259 = DEFINITIONAL_REPRESENTATION('',(#260),#264);
#260 = LINE('',#261,#262);
#261 = CARTESIAN_POINT('',(16.,60.));
#262 = VECTOR('',#263,1.);
#263 = DIRECTION('',(0.,-1.));
#264 = ( GEOMETRIC_REPRESENTATION_CONTEXT(2) 
PARAMETRIC_REPRESENTATION_CONTEXT() REPRESENTATION_CONTEXT('2D SPACE',''
  ) );
#265 = ORIENTED_EDGE('',*,*,#266,.F.);
#266 = EDGE_CURVE('',#267,#244,#269,.T.);
#267 = VERTEX_POINT('',#268);
#268 = CARTESIAN_POINT('',(39.638155724715,14.815207469096,
    2.052120859954));
#269 = SURFACE_CURVE('',#270,(#274,#280),.PCURVE_S1.);
#270 = LINE('',#271,#272);
#271 = CARTESIAN_POINT('',(38.480524271726,16.593225334324,
    -1.027496419386));
#272 = VECTOR('',#273,1.);
#273 = DIRECTION('',(-0.309550356482,0.475441525532,-0.82348887825));
#274 = PCURVE('',#32,#275);
#275 = DEFINITIONAL_REPRESENTATION('',(#276),#279);
#276 = B_SPLINE_CURVE_WITH_KNOTS('',1,(#277,#278),.UNSPECIFIED.,.F.,.F.,
  (2,2),(-3.739719334019,-1.247735636175),.PIECEWISE_BEZIER_KNOTS.);
#277 = CARTESIAN_POINT('',(2.369585061808,39.638155724715));
#278 = CARTESIAN_POINT('',(-6.764118756267E-15,38.8667612827));
#279 = ( GEOMETRIC_REPRESENTATION_CONTEXT(2) 
PARAMETRIC_REPRESENTATION_CONTEXT() REPRESENTATION_CONTEXT('2D SPACE',''
  ) );
#280 = PCURVE('',#281,#286);
#281 = PLANE('',#282);
#282 = AXIS2_PLACEMENT_3D('',#283,#284,#285);
#283 = CARTESIAN_POINT('',(39.638155724715,0.,2.052120859954));
#284 = DIRECTION('',(0.93605158535,0.,-0.351862799346));
#285 = DIRECTION('',(-0.351862799346,0.,-0.93605158535));
#286 = DEFINITIONAL_REPRESENTATION('',(#287),#290);
#287 = B_SPLINE_CURVE_WITH_KNOTS('',1,(#288,#289),.UNSPECIFIED.,.F.,.F.,
  (2,2),(-3.739719334019,-1.247735636175),.PIECEWISE_BEZIER_KNOTS.);
#288 = CARTESIAN_POINT('',(-5.964350599309E-17,14.815207469096));
#289 = CARTESIAN_POINT('',(2.192315992058,16.));
#290 = ( GEOMETRIC_REPRESENTATION_CONTEXT(2) 
PARAMETRIC_REPRESENTATION_CONTEXT() REPRESENTATION_CONTEXT('2D SPACE',''
  ) );
#291 = ORIENTED_EDGE('',*,*,#292,.F.);
#292 = EDGE_CURVE('',#293,#267,#295,.T.);
#293 = VERTEX_POINT('',#294);
#294 = CARTESIAN_POINT('',(31.60585899672,12.202277487036,6.577848345501
    ));
#295 = SURFACE_CURVE('',#296,(#300,#306),.PCURVE_S1.);
#296 = LINE('',#297,#298);
#297 = CARTESIAN_POINT('',(20.844279987307,8.701503872686,
    12.641366111353));
#298 = VECTOR('',#299,1.);
#299 = DIRECTION('',(0.838211456709,0.27267267641,-0.472282929378));
#300 = PCURVE('',#32,#301);
#301 = DEFINITIONAL_REPRESENTATION('',(#302),#305);
#302 = B_SPLINE_CURVE_WITH_KNOTS('',1,(#303,#304),.UNSPECIFIED.,.F.,.F.,
  (2,2),(12.838740061687,22.421401648697),.PIECEWISE_BEZIER_KNOTS.);
#303 = CARTESIAN_POINT('',(7.595445025927,31.60585899672));
#304 = CARTESIAN_POINT('',(2.369585061808,39.638155724715));
#305 = ( GEOMETRIC_REPRESENTATION_CONTEXT(2) 
PARAMETRIC_REPRESENTATION_CONTEXT() REPRESENTATION_CONTEXT('2D SPACE',''
  ) );
#306 = PCURVE('',#307,#312);
#307 = PLANE('',#308);
#308 = AXIS2_PLACEMENT_3D('',#309,#310,#311);
#309 = CARTESIAN_POINT('',(31.60585899672,0.,6.577848345501));
#310 = DIRECTION('',(0.490884067701,0.,0.87122490327));
#311 = DIRECTION('',(0.87122490327,0.,-0.490884067701));
#312 = DEFINITIONAL_REPRESENTATION('',(#313),#316);
#313 = B_SPLINE_CURVE_WITH_KNOTS('',1,(#314,#315),.UNSPECIFIED.,.F.,.F.,
  (2,2),(12.838740061687,22.421401648697),.PIECEWISE_BEZIER_KNOTS.);
#314 = CARTESIAN_POINT('',(5.38056700209E-16,12.202277487036));
#315 = CARTESIAN_POINT('',(9.219544457293,14.815207469096));
#316 = ( GEOMETRIC_REPRESENTATION_CONTEXT(2) 
PARAMETRIC_REPRESENTATION_CONTEXT() REPRESENTATION_CONTEXT('2D SPACE',''
  ) );
#317 = ORIENTED_EDGE('',*,*,#318,.F.);
#318 = EDGE_CURVE('',#319,#293,#321,.T.);
#319 = VERTEX_POINT('',#320);
#320 = CARTESIAN_POINT('',(30.098580842426,14.517321259631,
    2.568074909622));
#321 = SURFACE_CURVE('',#322,(#326,#332),.PCURVE_S1.);
#322 = LINE('',#323,#324);
#323 = CARTESIAN_POINT('',(28.616316838969,16.793945544781,
    -1.375154022004));
#324 = VECTOR('',#325,1.);
#325 = DIRECTION('',(0.309550356482,-0.475441525532,0.82348887825));
#326 = PCURVE('',#32,#327);
#327 = DEFINITIONAL_REPRESENTATION('',(#328),#331);
#328 = B_SPLINE_CURVE_WITH_KNOTS('',1,(#329,#330),.UNSPECIFIED.,.F.,.F.,
  (2,2),(1.669912075712,9.657692505098),.PIECEWISE_BEZIER_KNOTS.);
#329 = CARTESIAN_POINT('',(-8.258173955932E-15,29.1332387173));
#330 = CARTESIAN_POINT('',(7.595445025927,31.60585899672));
#331 = ( GEOMETRIC_REPRESENTATION_CONTEXT(2) 
PARAMETRIC_REPRESENTATION_CONTEXT() REPRESENTATION_CONTEXT('2D SPACE',''
  ) );
#332 = PCURVE('',#333,#338);
#333 = PLANE('',#334);
#334 = AXIS2_PLACEMENT_3D('',#335,#336,#337);
#335 = CARTESIAN_POINT('',(28.361844275285,0.,-2.052120859954));
#336 = DIRECTION('',(-0.93605158535,0.,0.351862799346));
#337 = DIRECTION('',(0.351862799346,0.,0.93605158535));
#338 = DEFINITIONAL_REPRESENTATION('',(#339),#342);
#339 = B_SPLINE_CURVE_WITH_KNOTS('',1,(#340,#341),.UNSPECIFIED.,.F.,.F.,
  (2,2),(1.669912075712,9.657692505098),.PIECEWISE_BEZIER_KNOTS.);
#340 = CARTESIAN_POINT('',(2.192315992058,16.));
#341 = CARTESIAN_POINT('',(9.219544457293,12.202277487036));
#342 = ( GEOMETRIC_REPRESENTATION_CONTEXT(2) 
PARAMETRIC_REPRESENTATION_CONTEXT() REPRESENTATION_CONTEXT('2D SPACE',''
  ) );
#343 = ORIENTED_EDGE('',*,*,#344,.F.);
#344 = EDGE_CURVE('',#345,#319,#347,.T.);
#345 = VERTEX_POINT('',#346);
#346 = CARTESIAN_POINT('',(27.451531373598,12.638797007446,
    5.821774357656));
#347 = SURFACE_CURVE('',#348,(#352,#358),.PCURVE_S1.);
#348 = LINE('',#349,#350);
#349 = CARTESIAN_POINT('',(22.993173888788,9.474846821116,
    11.301896832996));
#350 = VECTOR('',#351,1.);
#351 = DIRECTION('',(0.575959061182,0.408739268924,-0.707957180825));
#352 = PCURVE('',#32,#353);
#353 = DEFINITIONAL_REPRESENTATION('',(#354),#357);
#354 = B_SPLINE_CURVE_WITH_KNOTS('',1,(#355,#356),.UNSPECIFIED.,.F.,.F.,
  (2,2),(7.740754135655,15.964096613613),.PIECEWISE_BEZIER_KNOTS.);
#355 = CARTESIAN_POINT('',(6.722405985108,27.451531373598));
#356 = CARTESIAN_POINT('',(-8.668985511859E-15,32.187839986978));
#357 = ( GEOMETRIC_REPRESENTATION_CONTEXT(2) 
PARAMETRIC_REPRESENTATION_CONTEXT() REPRESENTATION_CONTEXT('2D SPACE',''
  ) );
#358 = PCURVE('',#359,#364);
#359 = PLANE('',#360);
#360 = AXIS2_PLACEMENT_3D('',#361,#362,#363);
#361 = CARTESIAN_POINT('',(27.451531373598,0.,5.821774357656));
#362 = DIRECTION('',(0.775714952245,0.,0.631083443661));
#363 = DIRECTION('',(0.631083443661,0.,-0.775714952245));
#364 = DEFINITIONAL_REPRESENTATION('',(#365),#368);
#365 = B_SPLINE_CURVE_WITH_KNOTS('',1,(#366,#367),.UNSPECIFIED.,.F.,.F.,
  (2,2),(7.740754135655,15.964096613613),.PIECEWISE_BEZIER_KNOTS.);
#366 = CARTESIAN_POINT('',(1.573627692555E-15,12.638797007446));
#367 = CARTESIAN_POINT('',(7.505043367805,16.));
#368 = ( GEOMETRIC_REPRESENTATION_CONTEXT(2) 
PARAMETRIC_REPRESENTATION_CONTEXT() REPRESENTATION_CONTEXT('2D SPACE',''
  ) );
#369 = ORIENTED_EDGE('',*,*,#370,.F.);
#370 = EDGE_CURVE('',#371,#345,#373,.T.);
#371 = VERTEX_POINT('',#372);
#372 = CARTESIAN_POINT('',(21.440545613962,14.102621863432,
    3.286355333707));
#373 = SURFACE_CURVE('',#374,(#378,#384),.PCURVE_S1.);
#374 = LINE('',#375,#376);
#375 = CARTESIAN_POINT('',(11.892025801814,16.42792443406,
    -0.741186861593));
#376 = VECTOR('',#377,1.);
#377 = DIRECTION('',(0.899035752572,-0.218937614172,0.379211071433));
#378 = PCURVE('',#32,#379);
#379 = DEFINITIONAL_REPRESENTATION('',(#380),#383);
#380 = B_SPLINE_CURVE_WITH_KNOTS('',1,(#381,#382),.UNSPECIFIED.,.F.,.F.,
  (2,2),(7.058238084328,17.306881875683),.PIECEWISE_BEZIER_KNOTS.);
#381 = CARTESIAN_POINT('',(2.234778744757,18.237634189792));
#382 = CARTESIAN_POINT('',(6.722405985108,27.451531373598));
#383 = ( GEOMETRIC_REPRESENTATION_CONTEXT(2) 
PARAMETRIC_REPRESENTATION_CONTEXT() REPRESENTATION_CONTEXT('2D SPACE',''
  ) );
#384 = PCURVE('',#385,#390);
#385 = PLANE('',#386);
#386 = AXIS2_PLACEMENT_3D('',#387,#388,#389);
#387 = CARTESIAN_POINT('',(18.237634189792,0.,1.935375164797));
#388 = DIRECTION('',(-0.388639919286,0.,0.921389718381));
#389 = DIRECTION('',(0.921389718381,0.,0.388639919286));
#390 = DEFINITIONAL_REPRESENTATION('',(#391),#394);
#391 = B_SPLINE_CURVE_WITH_KNOTS('',1,(#392,#393),.UNSPECIFIED.,.F.,.F.,
  (2,2),(7.058238084328,17.306881875683),.PIECEWISE_BEZIER_KNOTS.);
#392 = CARTESIAN_POINT('',(-3.920389787219E-16,14.882610627621));
#393 = CARTESIAN_POINT('',(10.,12.638797007446));
#394 = ( GEOMETRIC_REPRESENTATION_CONTEXT(2) 
PARAMETRIC_REPRESENTATION_CONTEXT() REPRESENTATION_CONTEXT('2D SPACE',''
  ) );
#395 = ORIENTED_EDGE('',*,*,#396,.F.);
#396 = EDGE_CURVE('',#397,#371,#399,.T.);
#397 = VERTEX_POINT('',#398);
#398 = CARTESIAN_POINT('',(21.345653031794,13.854725674819,
    3.715724127387));
#399 = SURFACE_CURVE('',#400,(#404,#410),.PCURVE_S1.);
#400 = LINE('',#401,#402);
#401 = CARTESIAN_POINT('',(20.725077804796,12.233542754015,
    6.523695314583));
#402 = VECTOR('',#403,1.);
#403 = DIRECTION('',(0.187983633389,0.491086080432,-0.850586042199));
#404 = PCURVE('',#32,#405);
#405 = DEFINITIONAL_REPRESENTATION('',(#406),#409);
#406 = B_SPLINE_CURVE_WITH_KNOTS('',1,(#407,#408),.UNSPECIFIED.,.F.,.F.,
  (2,2),(3.301219450929,7.669647738068),.PIECEWISE_BEZIER_KNOTS.);
#407 = CARTESIAN_POINT('',(4.290548650363,21.345653031794));
#408 = CARTESIAN_POINT('',(-4.656200967309E-15,22.166846053408));
#409 = ( GEOMETRIC_REPRESENTATION_CONTEXT(2) 
PARAMETRIC_REPRESENTATION_CONTEXT() REPRESENTATION_CONTEXT('2D SPACE',''
  ) );
#410 = PCURVE('',#411,#416);
#411 = PLANE('',#412);
#412 = AXIS2_PLACEMENT_3D('',#413,#414,#415);
#413 = CARTESIAN_POINT('',(21.345653031794,0.,3.715724127387));
#414 = DIRECTION('',(0.976438127035,0.,0.215797553443));
#415 = DIRECTION('',(0.215797553443,0.,-0.976438127035));
#416 = DEFINITIONAL_REPRESENTATION('',(#417),#420);
#417 = B_SPLINE_CURVE_WITH_KNOTS('',1,(#418,#419),.UNSPECIFIED.,.F.,.F.,
  (2,2),(3.301219450929,7.669647738068),.PIECEWISE_BEZIER_KNOTS.);
#418 = CARTESIAN_POINT('',(1.353771088988E-15,13.854725674819));
#419 = CARTESIAN_POINT('',(3.805386152494,16.));
#420 = ( GEOMETRIC_REPRESENTATION_CONTEXT(2) 
PARAMETRIC_REPRESENTATION_CONTEXT() REPRESENTATION_CONTEXT('2D SPACE',''
  ) );
#421 = ORIENTED_EDGE('',*,*,#422,.F.);
#422 = EDGE_CURVE('',#423,#397,#425,.T.);
#423 = VERTEX_POINT('',#424);
#424 = CARTESIAN_POINT('',(12.797986221658,13.29574085007,4.683914244512
    ));
#425 = SURFACE_CURVE('',#426,(#430,#436),.PCURVE_S1.);
#426 = LINE('',#427,#428);
#427 = CARTESIAN_POINT('',(6.426931580004,12.879098163658,5.40556054598)
  );
#428 = VECTOR('',#429,1.);
#429 = DIRECTION('',(0.991554874887,6.484390890278E-02,-0.112312944781)
  );
#430 = PCURVE('',#32,#431);
#431 = DEFINITIONAL_REPRESENTATION('',(#432),#435);
#432 = B_SPLINE_CURVE_WITH_KNOTS('',1,(#433,#434),.UNSPECIFIED.,.F.,.F.,
  (2,2),(6.425317249716,15.045784988436),.PIECEWISE_BEZIER_KNOTS.);
#433 = CARTESIAN_POINT('',(5.40851829986,12.797986221658));
#434 = CARTESIAN_POINT('',(4.290548650363,21.345653031794));
#435 = ( GEOMETRIC_REPRESENTATION_CONTEXT(2) 
PARAMETRIC_REPRESENTATION_CONTEXT() REPRESENTATION_CONTEXT('2D SPACE',''
  ) );
#436 = PCURVE('',#437,#442);
#437 = PLANE('',#438);
#438 = AXIS2_PLACEMENT_3D('',#439,#440,#441);
#439 = CARTESIAN_POINT('',(12.797986221658,0.,4.683914244512));
#440 = DIRECTION('',(0.112549814971,0.,0.993646083447));
#441 = DIRECTION('',(0.993646083447,0.,-0.112549814971));
#442 = DEFINITIONAL_REPRESENTATION('',(#443),#446);
#443 = B_SPLINE_CURVE_WITH_KNOTS('',1,(#444,#445),.UNSPECIFIED.,.F.,.F.,
  (2,2),(6.425317249716,15.045784988436),.PIECEWISE_BEZIER_KNOTS.);
#444 = CARTESIAN_POINT('',(5.414411259964E-16,13.29574085007));
#445 = CARTESIAN_POINT('',(8.602325267043,13.854725674819));
#446 = ( GEOMETRIC_REPRESENTATION_CONTEXT(2) 
PARAMETRIC_REPRESENTATION_CONTEXT() REPRESENTATION_CONTEXT('2D SPACE',''
  ) );
#447 = ORIENTED_EDGE('',*,*,#448,.F.);
#448 = EDGE_CURVE('',#449,#423,#451,.T.);
#449 = VERTEX_POINT('',#450);
#450 = CARTESIAN_POINT('',(13.160709337827,14.243314158397,
    3.042669130593));
#451 = SURFACE_CURVE('',#452,(#456,#462),.PCURVE_S1.);
#452 = LINE('',#453,#454);
#453 = CARTESIAN_POINT('',(13.16178262831,14.246118008961,3.037812718959
    ));
#454 = VECTOR('',#455,1.);
#455 = DIRECTION('',(-0.187983633389,-0.491086080432,0.850586042199));
#456 = PCURVE('',#32,#457);
#457 = DEFINITIONAL_REPRESENTATION('',(#458),#461);
#458 = B_SPLINE_CURVE_WITH_KNOTS('',1,(#459,#460),.UNSPECIFIED.,.F.,.F.,
  (2,2),(-3.571434949845,1.935255745906),.PIECEWISE_BEZIER_KNOTS.);
#459 = CARTESIAN_POINT('',(-5.376672784424E-15,13.833153946592));
#460 = CARTESIAN_POINT('',(5.40851829986,12.797986221658));
#461 = ( GEOMETRIC_REPRESENTATION_CONTEXT(2) 
PARAMETRIC_REPRESENTATION_CONTEXT() REPRESENTATION_CONTEXT('2D SPACE',''
  ) );
#462 = PCURVE('',#463,#468);
#463 = PLANE('',#464);
#464 = AXIS2_PLACEMENT_3D('',#465,#466,#467);
#465 = CARTESIAN_POINT('',(14.654346968206,0.,-3.715724127387));
#466 = DIRECTION('',(-0.976438127035,0.,-0.215797553443));
#467 = DIRECTION('',(-0.215797553443,0.,0.976438127035));
#468 = DEFINITIONAL_REPRESENTATION('',(#469),#472);
#469 = B_SPLINE_CURVE_WITH_KNOTS('',1,(#470,#471),.UNSPECIFIED.,.F.,.F.,
  (2,2),(-3.571434949845,1.935255745906),.PIECEWISE_BEZIER_KNOTS.);
#470 = CARTESIAN_POINT('',(3.805386152494,16.));
#471 = CARTESIAN_POINT('',(8.602325267043,13.29574085007));
#472 = ( GEOMETRIC_REPRESENTATION_CONTEXT(2) 
PARAMETRIC_REPRESENTATION_CONTEXT() REPRESENTATION_CONTEXT('2D SPACE',''
  ) );
#473 = ORIENTED_EDGE('',*,*,#474,.F.);
#474 = EDGE_CURVE('',#475,#449,#477,.T.);
#475 = VERTEX_POINT('',#476);
#476 = CARTESIAN_POINT('',(11.87303296708,13.323450759888,4.635919272834
    ));
#477 = SURFACE_CURVE('',#478,(#482,#488),.PCURVE_S1.);
#478 = LINE('',#479,#480);
#479 = CARTESIAN_POINT('',(9.613640365086,11.70943297976,7.431480072336)
  );
#480 = VECTOR('',#481,1.);
#481 = DIRECTION('',(0.573422777177,0.409629808063,-0.70949963986));
#482 = PCURVE('',#32,#483);
#483 = DEFINITIONAL_REPRESENTATION('',(#484),#487);
#484 = B_SPLINE_CURVE_WITH_KNOTS('',1,(#485,#486),.UNSPECIFIED.,.F.,.F.,
  (2,2),(3.940186354505,10.474254890114),.PIECEWISE_BEZIER_KNOTS.);
#485 = CARTESIAN_POINT('',(5.353098480224,11.87303296708));
#486 = CARTESIAN_POINT('',(-4.811428854647E-15,15.619816693031));
#487 = ( GEOMETRIC_REPRESENTATION_CONTEXT(2) 
PARAMETRIC_REPRESENTATION_CONTEXT() REPRESENTATION_CONTEXT('2D SPACE',''
  ) );
#488 = PCURVE('',#489,#494);
#489 = PLANE('',#490);
#490 = AXIS2_PLACEMENT_3D('',#491,#492,#493);
#491 = CARTESIAN_POINT('',(11.87303296708,0.,4.635919272834));
#492 = DIRECTION('',(0.777745364191,0.,0.628579468707));
#493 = DIRECTION('',(0.628579468707,0.,-0.777745364191));
#494 = DEFINITIONAL_REPRESENTATION('',(#495),#498);
#495 = B_SPLINE_CURVE_WITH_KNOTS('',1,(#496,#497),.UNSPECIFIED.,.F.,.F.,
  (2,2),(3.940186354505,10.474254890114),.PIECEWISE_BEZIER_KNOTS.);
#496 = CARTESIAN_POINT('',(9.809063823972E-17,13.323450759888));
#497 = CARTESIAN_POINT('',(5.960716047027,16.));
#498 = ( GEOMETRIC_REPRESENTATION_CONTEXT(2) 
PARAMETRIC_REPRESENTATION_CONTEXT() REPRESENTATION_CONTEXT('2D SPACE',''
  ) );
#499 = ORIENTED_EDGE('',*,*,#500,.F.);
#500 = EDGE_CURVE('',#501,#475,#503,.T.);
#501 = VERTEX_POINT('',#502);
#502 = CARTESIAN_POINT('',(5.184284926647,13.801350350791,3.808172900473
    ));
#503 = SURFACE_CURVE('',#504,(#508,#514),.PCURVE_S1.);
#504 = LINE('',#505,#506);
#505 = CARTESIAN_POINT('',(1.063653421508,14.095762413956,3.298236248711
    ));
#506 = VECTOR('',#507,1.);
#507 = DIRECTION('',(0.989944028023,-7.072980521164E-02,0.122507616236)
  );
#508 = PCURVE('',#32,#509);
#509 = DEFINITIONAL_REPRESENTATION('',(#510),#513);
#510 = B_SPLINE_CURVE_WITH_KNOTS('',1,(#511,#512),.UNSPECIFIED.,.F.,.F.,
  (2,2),(0.59770236563,10.919182539194),.PIECEWISE_BEZIER_KNOTS.);
#511 = CARTESIAN_POINT('',(3.89302591588,1.655345308899));
#512 = CARTESIAN_POINT('',(5.353098480224,11.87303296708));
#513 = ( GEOMETRIC_REPRESENTATION_CONTEXT(2) 
PARAMETRIC_REPRESENTATION_CONTEXT() REPRESENTATION_CONTEXT('2D SPACE',''
  ) );
#514 = PCURVE('',#515,#520);
#515 = PLANE('',#516);
#516 = AXIS2_PLACEMENT_3D('',#517,#518,#519);
#517 = CARTESIAN_POINT('',(1.655345308899,0.,3.371459340743));
#518 = DIRECTION('',(-0.122815205556,0.,0.992429556837));
#519 = DIRECTION('',(0.992429556837,0.,0.122815205556));
#520 = DEFINITIONAL_REPRESENTATION('',(#521),#524);
#521 = B_SPLINE_CURVE_WITH_KNOTS('',1,(#522,#523),.UNSPECIFIED.,.F.,.F.,
  (2,2),(0.59770236563,10.919182539194),.PIECEWISE_BEZIER_KNOTS.);
#522 = CARTESIAN_POINT('',(2.211115201873E-16,14.05348704206));
#523 = CARTESIAN_POINT('',(10.295630140987,13.323450759888));
#524 = ( GEOMETRIC_REPRESENTATION_CONTEXT(2) 
PARAMETRIC_REPRESENTATION_CONTEXT() REPRESENTATION_CONTEXT('2D SPACE',''
  ) );
#525 = ORIENTED_EDGE('',*,*,#526,.F.);
#526 = EDGE_CURVE('',#527,#501,#529,.T.);
#527 = VERTEX_POINT('',#528);
#528 = CARTESIAN_POINT('',(-1.755772502287,11.921839756661,
    7.063580742871));
#529 = SURFACE_CURVE('',#530,(#534,#540),.PCURVE_S1.);
#530 = LINE('',#531,#532);
#531 = CARTESIAN_POINT('',(-0.617320203192,12.230156104035,
    6.529561164414));
#532 = VECTOR('',#533,1.);
#533 = DIRECTION('',(0.87930133613,0.238132925212,-0.412458325422));
#534 = PCURVE('',#32,#535);
#535 = DEFINITIONAL_REPRESENTATION('',(#536),#539);
#536 = B_SPLINE_CURVE_WITH_KNOTS('',1,(#537,#538),.UNSPECIFIED.,.F.,.F.,
  (2,2),(-1.294723722479,9.001471321743),.PIECEWISE_BEZIER_KNOTS.);
#537 = CARTESIAN_POINT('',(8.156320486679,-1.755772502287));
#538 = CARTESIAN_POINT('',(3.252594397816,7.297685557154));
#539 = ( GEOMETRIC_REPRESENTATION_CONTEXT(2) 
PARAMETRIC_REPRESENTATION_CONTEXT() REPRESENTATION_CONTEXT('2D SPACE',''
  ) );
#540 = PCURVE('',#541,#546);
#541 = PLANE('',#542);
#542 = AXIS2_PLACEMENT_3D('',#543,#544,#545);
#543 = CARTESIAN_POINT('',(-1.755772502287,0.,7.063580742871));
#544 = DIRECTION('',(0.424675136616,0.,0.905345805944));
#545 = DIRECTION('',(0.905345805944,0.,-0.424675136616));
#546 = DEFINITIONAL_REPRESENTATION('',(#547),#550);
#547 = B_SPLINE_CURVE_WITH_KNOTS('',1,(#548,#549),.UNSPECIFIED.,.F.,.F.,
  (2,2),(-1.294723722479,9.001471321743),.PIECEWISE_BEZIER_KNOTS.);
#548 = CARTESIAN_POINT('',(3.906646759574E-16,11.921839756661));
#549 = CARTESIAN_POINT('',(10.,14.373702801092));
#550 = ( GEOMETRIC_REPRESENTATION_CONTEXT(2) 
PARAMETRIC_REPRESENTATION_CONTEXT() REPRESENTATION_CONTEXT('2D SPACE',''
  ) );
#551 = ORIENTED_EDGE('',*,*,#552,.F.);
#552 = EDGE_CURVE('',#553,#527,#555,.T.);
#553 = VERTEX_POINT('',#554);
#554 = CARTESIAN_POINT('',(-2.028477352101,12.93073789469,5.316117908143
    ));
#555 = SURFACE_CURVE('',#556,(#560,#566),.PCURVE_S1.);
#556 = LINE('',#557,#558);
#557 = CARTESIAN_POINT('',(-2.467392714061,14.554548001977,
    2.503596300478));
#558 = VECTOR('',#559,1.);
#559 = DIRECTION('',(0.133932209898,-0.495495247997,0.85822294444));
#560 = PCURVE('',#32,#561);
#561 = DEFINITIONAL_REPRESENTATION('',(#562),#565);
#562 = B_SPLINE_CURVE_WITH_KNOTS('',1,(#563,#564),.UNSPECIFIED.,.F.,.F.,
  (2,2),(-2.917186398589,5.313286567242),.PIECEWISE_BEZIER_KNOTS.);
#563 = CARTESIAN_POINT('',(-2.342391953461E-15,-2.85809793511));
#564 = CARTESIAN_POINT('',(8.156320486679,-1.755772502287));
#565 = ( GEOMETRIC_REPRESENTATION_CONTEXT(2) 
PARAMETRIC_REPRESENTATION_CONTEXT() REPRESENTATION_CONTEXT('2D SPACE',''
  ) );
#566 = PCURVE('',#567,#572);
#567 = PLANE('',#568);
#568 = AXIS2_PLACEMENT_3D('',#569,#570,#571);
#569 = CARTESIAN_POINT('',(-3.297685557154,0.,-2.816829376715));
#570 = DIRECTION('',(-0.988041011959,0.,0.154191305487));
#571 = DIRECTION('',(0.154191305487,0.,0.988041011959));
#572 = DEFINITIONAL_REPRESENTATION('',(#573),#576);
#573 = B_SPLINE_CURVE_WITH_KNOTS('',1,(#574,#575),.UNSPECIFIED.,.F.,.F.,
  (2,2),(-2.917186398589,5.313286567242),.PIECEWISE_BEZIER_KNOTS.);
#574 = CARTESIAN_POINT('',(2.850923537203,16.));
#575 = CARTESIAN_POINT('',(10.,11.921839756661));
#576 = ( GEOMETRIC_REPRESENTATION_CONTEXT(2) 
PARAMETRIC_REPRESENTATION_CONTEXT() REPRESENTATION_CONTEXT('2D SPACE',''
  ) );
#577 = ORIENTED_EDGE('',*,*,#578,.F.);
#578 = EDGE_CURVE('',#579,#553,#581,.T.);
#579 = VERTEX_POINT('',#580);
#580 = CARTESIAN_POINT('',(-11.36231110183,13.40220480361,4.499513267806
    ));
#581 = SURFACE_CURVE('',#582,(#586,#592),.PCURVE_S1.);
#582 = LINE('',#583,#584);
#583 = CARTESIAN_POINT('',(-5.663272338728,13.114337217632,
    4.998114552572));
#584 = VECTOR('',#585,1.);
#585 = DIRECTION('',(0.994935885121,-5.02558068752E-02,
    8.704561088321E-02));
#586 = PCURVE('',#32,#587);
#587 = DEFINITIONAL_REPRESENTATION('',(#588),#591);
#588 = B_SPLINE_CURVE_WITH_KNOTS('',1,(#589,#590),.UNSPECIFIED.,.F.,.F.,
  (2,2),(-5.728046247334,4.183973730154),.PIECEWISE_BEZIER_KNOTS.);
#589 = CARTESIAN_POINT('',(5.19559039278,-11.36231110183));
#590 = CARTESIAN_POINT('',(6.191863516243,-1.500486732194));
#591 = ( GEOMETRIC_REPRESENTATION_CONTEXT(2) 
PARAMETRIC_REPRESENTATION_CONTEXT() REPRESENTATION_CONTEXT('2D SPACE',''
  ) );
#592 = PCURVE('',#593,#598);
#593 = PLANE('',#594);
#594 = AXIS2_PLACEMENT_3D('',#595,#596,#597);
#595 = CARTESIAN_POINT('',(-11.36231110183,0.,4.499513267806));
#596 = DIRECTION('',(-8.715574274766E-02,0.,0.996194698092));
#597 = DIRECTION('',(0.996194698092,0.,8.715574274766E-02));
#598 = DEFINITIONAL_REPRESENTATION('',(#599),#602);
#599 = B_SPLINE_CURVE_WITH_KNOTS('',1,(#600,#601),.UNSPECIFIED.,.F.,.F.,
  (2,2),(-5.728046247334,4.183973730154),.PIECEWISE_BEZIER_KNOTS.);
#600 = CARTESIAN_POINT('',(-4.948879421927E-16,13.40220480361));
#601 = CARTESIAN_POINT('',(9.899494936612,12.904068241878));
#602 = ( GEOMETRIC_REPRESENTATION_CONTEXT(2) 
PARAMETRIC_REPRESENTATION_CONTEXT() REPRESENTATION_CONTEXT('2D SPACE',''
  ) );
#603 = ORIENTED_EDGE('',*,*,#604,.F.);
#604 = EDGE_CURVE('',#605,#579,#607,.T.);
#605 = VERTEX_POINT('',#606);
#606 = CARTESIAN_POINT('',(-11.32295690583,13.661908801134,
    4.049692749165));
#607 = SURFACE_CURVE('',#608,(#612,#618),.PCURVE_S1.);
#608 = LINE('',#609,#610);
#609 = CARTESIAN_POINT('',(-11.06242748552,15.381179903024,
    1.071827848707));
#610 = VECTOR('',#611,1.);
#611 = DIRECTION('',(-7.555085810113E-02,-0.498570974847,0.863550259614)
  );
#612 = PCURVE('',#32,#613);
#613 = DEFINITIONAL_REPRESENTATION('',(#614),#617);
#614 = B_SPLINE_CURVE_WITH_KNOTS('',1,(#615,#616),.UNSPECIFIED.,.F.,.F.,
  (2,2),(-1.241187570467,3.969294642595),.PIECEWISE_BEZIER_KNOTS.);
#615 = CARTESIAN_POINT('',(-2.49781971612E-15,-10.96865469951));
#616 = CARTESIAN_POINT('',(5.19559039278,-11.36231110183));
#617 = ( GEOMETRIC_REPRESENTATION_CONTEXT(2) 
PARAMETRIC_REPRESENTATION_CONTEXT() REPRESENTATION_CONTEXT('2D SPACE',''
  ) );
#618 = PCURVE('',#619,#624);
#619 = PLANE('',#620);
#620 = AXIS2_PLACEMENT_3D('',#621,#622,#623);
#621 = CARTESIAN_POINT('',(-10.4995132678,0.,-5.362311101833));
#622 = DIRECTION('',(-0.996194698092,0.,-8.715574274766E-02));
#623 = DIRECTION('',(-8.715574274766E-02,0.,0.996194698092));
#624 = DEFINITIONAL_REPRESENTATION('',(#625),#628);
#625 = B_SPLINE_CURVE_WITH_KNOTS('',1,(#626,#627),.UNSPECIFIED.,.F.,.F.,
  (2,2),(-1.241187570467,3.969294642595),.PIECEWISE_BEZIER_KNOTS.);
#626 = CARTESIAN_POINT('',(5.382794259099,16.));
#627 = CARTESIAN_POINT('',(9.899494936612,13.40220480361));
#628 = ( GEOMETRIC_REPRESENTATION_CONTEXT(2) 
PARAMETRIC_REPRESENTATION_CONTEXT() REPRESENTATION_CONTEXT('2D SPACE',''
  ) );
#629 = ORIENTED_EDGE('',*,*,#630,.F.);
#630 = EDGE_CURVE('',#631,#605,#633,.T.);
#631 = VERTEX_POINT('',#632);
#632 = CARTESIAN_POINT('',(-15.2474701449,12.611597316455,5.868885604403
    ));
#633 = SURFACE_CURVE('',#634,(#638,#644),.PCURVE_S1.);
#634 = LINE('',#635,#636);
#635 = CARTESIAN_POINT('',(-9.223537077103,14.223773323674,
    3.076514849155));
#636 = VECTOR('',#637,1.);
#637 = DIRECTION('',(0.881647753209,0.235954041744,-0.408684388552));
#638 = PCURVE('',#32,#639);
#639 = DEFINITIONAL_REPRESENTATION('',(#640),#643);
#640 = B_SPLINE_CURVE_WITH_KNOTS('',1,(#641,#642),.UNSPECIFIED.,.F.,.F.,
  (2,2),(-6.832584834336,3.457977261186),.PIECEWISE_BEZIER_KNOTS.);
#641 = CARTESIAN_POINT('',(6.77680536709,-15.2474701449));
#642 = CARTESIAN_POINT('',(1.920605930581,-6.17481919413));
#643 = ( GEOMETRIC_REPRESENTATION_CONTEXT(2) 
PARAMETRIC_REPRESENTATION_CONTEXT() REPRESENTATION_CONTEXT('2D SPACE',''
  ) );
#644 = PCURVE('',#645,#650);
#645 = PLANE('',#646);
#646 = AXIS2_PLACEMENT_3D('',#647,#648,#649);
#647 = CARTESIAN_POINT('',(-15.2474701449,0.,5.868885604403));
#648 = DIRECTION('',(0.420559207786,0.,0.907265095078));
#649 = DIRECTION('',(0.907265095078,0.,-0.420559207786));
#650 = DEFINITIONAL_REPRESENTATION('',(#651),#654);
#651 = B_SPLINE_CURVE_WITH_KNOTS('',1,(#652,#653),.UNSPECIFIED.,.F.,.F.,
  (2,2),(-6.832584834336,3.457977261186),.PIECEWISE_BEZIER_KNOTS.);
#652 = CARTESIAN_POINT('',(-6.523939926057E-16,12.611597316455));
#653 = CARTESIAN_POINT('',(10.,15.03969703471));
#654 = ( GEOMETRIC_REPRESENTATION_CONTEXT(2) 
PARAMETRIC_REPRESENTATION_CONTEXT() REPRESENTATION_CONTEXT('2D SPACE',''
  ) );
#655 = ORIENTED_EDGE('',*,*,#656,.F.);
#656 = EDGE_CURVE('',#657,#631,#659,.T.);
#657 = VERTEX_POINT('',#658);
#658 = CARTESIAN_POINT('',(-15.88342820251,13.032046700758,5.14064590878
    ));
#659 = SURFACE_CURVE('',#660,(#664,#670),.PCURVE_S1.);
#660 = LINE('',#661,#662);
#661 = CARTESIAN_POINT('',(-15.35265633075,12.681138800441,
    5.748436220905));
#662 = VECTOR('',#663,1.);
#663 = DIRECTION('',(0.603202746706,-0.398793946283,0.690731376713));
#664 = PCURVE('',#32,#665);
#665 = DEFINITIONAL_REPRESENTATION('',(#666),#669);
#666 = B_SPLINE_CURVE_WITH_KNOTS('',1,(#667,#668),.UNSPECIFIED.,.F.,.F.,
  (2,2),(-8.322245687265,0.174379487539),.PIECEWISE_BEZIER_KNOTS.);
#667 = CARTESIAN_POINT('',(-1.706226383561E-15,-20.37265778807));
#668 = CARTESIAN_POINT('',(6.77680536709,-15.2474701449));
#669 = ( GEOMETRIC_REPRESENTATION_CONTEXT(2) 
PARAMETRIC_REPRESENTATION_CONTEXT() REPRESENTATION_CONTEXT('2D SPACE',''
  ) );
#670 = PCURVE('',#671,#676);
#671 = PLANE('',#672);
#672 = AXIS2_PLACEMENT_3D('',#673,#674,#675);
#673 = CARTESIAN_POINT('',(-21.82518080587,0.,-1.663293526542));
#674 = DIRECTION('',(-0.753217913094,0.,0.657771066096));
#675 = DIRECTION('',(0.657771066096,0.,0.753217913094));
#676 = DEFINITIONAL_REPRESENTATION('',(#677),#680);
#677 = B_SPLINE_CURVE_WITH_KNOTS('',1,(#678,#679),.UNSPECIFIED.,.F.,.F.,
  (2,2),(-8.322245687265,0.174379487539),.PIECEWISE_BEZIER_KNOTS.);
#678 = CARTESIAN_POINT('',(2.20825009287,16.));
#679 = CARTESIAN_POINT('',(10.,12.611597316455));
#680 = ( GEOMETRIC_REPRESENTATION_CONTEXT(2) 
PARAMETRIC_REPRESENTATION_CONTEXT() REPRESENTATION_CONTEXT('2D SPACE',''
  ) );
#681 = ORIENTED_EDGE('',*,*,#682,.F.);
#682 = EDGE_CURVE('',#683,#657,#685,.T.);
#683 = VERTEX_POINT('',#684);
#684 = CARTESIAN_POINT('',(-23.13354228058,13.619929257136,
    4.122403452248));
#685 = SURFACE_CURVE('',#686,(#690,#696),.PCURVE_S1.);
#686 = LINE('',#687,#688);
#687 = CARTESIAN_POINT('',(-12.73476009074,12.776733882393,5.58286068201
    ));
#688 = VECTOR('',#689,1.);
#689 = DIRECTION('',(0.987103951637,-8.004028464251E-02,0.138633839653)
  );
#690 = PCURVE('',#32,#691);
#691 = DEFINITIONAL_REPRESENTATION('',(#692),#695);
#692 = B_SPLINE_CURVE_WITH_KNOTS('',1,(#693,#694),.UNSPECIFIED.,.F.,.F.,
  (2,2),(-12.64221254204,-3.177866281565),.PIECEWISE_BEZIER_KNOTS.);
#693 = CARTESIAN_POINT('',(4.42275965446,-25.21393804843));
#694 = CARTESIAN_POINT('',(5.937817591748,-15.87164445504));
#695 = ( GEOMETRIC_REPRESENTATION_CONTEXT(2) 
PARAMETRIC_REPRESENTATION_CONTEXT() REPRESENTATION_CONTEXT('2D SPACE',''
  ) );
#696 = PCURVE('',#697,#702);
#697 = PLANE('',#698);
#698 = AXIS2_PLACEMENT_3D('',#699,#700,#701);
#699 = CARTESIAN_POINT('',(-25.21393804843,0.,3.830222215595));
#700 = DIRECTION('',(-0.139080060001,0.,0.990281140338));
#701 = DIRECTION('',(0.990281140338,0.,0.139080060001));
#702 = DEFINITIONAL_REPRESENTATION('',(#703),#706);
#703 = B_SPLINE_CURVE_WITH_KNOTS('',1,(#704,#705),.UNSPECIFIED.,.F.,.F.,
  (2,2),(-12.64221254204,-3.177866281565),.PIECEWISE_BEZIER_KNOTS.);
#704 = CARTESIAN_POINT('',(-2.319109093513E-15,13.78862017277));
#705 = CARTESIAN_POINT('',(9.433981132057,13.031091204126));
#706 = ( GEOMETRIC_REPRESENTATION_CONTEXT(2) 
PARAMETRIC_REPRESENTATION_CONTEXT() REPRESENTATION_CONTEXT('2D SPACE',''
  ) );
#707 = ORIENTED_EDGE('',*,*,#708,.F.);
#708 = EDGE_CURVE('',#709,#683,#711,.T.);
#709 = VERTEX_POINT('',#710);
#710 = CARTESIAN_POINT('',(-22.62763160139,13.019609410647,
    5.162187927159));
#711 = SURFACE_CURVE('',#712,(#716,#722),.PCURVE_S1.);
#712 = LINE('',#713,#714);
#713 = CARTESIAN_POINT('',(-20.82350891232,10.878815194767,
    8.870152277614));
#714 = VECTOR('',#715,1.);
#715 = DIRECTION('',(-0.388303539431,0.46076576513,-0.798069715594));
#716 = PCURVE('',#32,#717);
#717 = DEFINITIONAL_REPRESENTATION('',(#718),#721);
#718 = B_SPLINE_CURVE_WITH_KNOTS('',1,(#719,#720),.UNSPECIFIED.,.F.,.F.,
  (2,2),(4.646165965204,11.114508048973),.PIECEWISE_BEZIER_KNOTS.);
#719 = CARTESIAN_POINT('',(5.960781178706,-22.62763160139));
#720 = CARTESIAN_POINT('',(1.970709760918E-15,-25.13931172678));
#721 = ( GEOMETRIC_REPRESENTATION_CONTEXT(2) 
PARAMETRIC_REPRESENTATION_CONTEXT() REPRESENTATION_CONTEXT('2D SPACE',''
  ) );
#722 = PCURVE('',#723,#728);
#723 = PLANE('',#724);
#724 = AXIS2_PLACEMENT_3D('',#725,#726,#727);
#725 = CARTESIAN_POINT('',(-22.62763160139,0.,5.162187927159));
#726 = DIRECTION('',(0.899211415118,0.,-0.437514377961));
#727 = DIRECTION('',(-0.437514377961,0.,-0.899211415118));
#728 = DEFINITIONAL_REPRESENTATION('',(#729),#732);
#729 = B_SPLINE_CURVE_WITH_KNOTS('',1,(#730,#731),.UNSPECIFIED.,.F.,.F.,
  (2,2),(4.646165965204,11.114508048973),.PIECEWISE_BEZIER_KNOTS.);
#730 = CARTESIAN_POINT('',(-2.145109462668E-16,13.019609410647));
#731 = CARTESIAN_POINT('',(5.740794478776,16.));
#732 = ( GEOMETRIC_REPRESENTATION_CONTEXT(2) 
PARAMETRIC_REPRESENTATION_CONTEXT() REPRESENTATION_CONTEXT('2D SPACE',''
  ) );
#733 = ORIENTED_EDGE('',*,*,#734,.F.);
#734 = EDGE_CURVE('',#735,#709,#737,.T.);
#735 = VERTEX_POINT('',#736);
#736 = CARTESIAN_POINT('',(-32.86788218175,13.635311733613,
    4.095760221445));
#737 = SURFACE_CURVE('',#738,(#742,#748),.PCURVE_S1.);
#738 = LINE('',#739,#740);
#739 = CARTESIAN_POINT('',(-16.54442558279,12.653852337874,5.79569776043
    ));
#740 = VECTOR('',#741,1.);
#741 = DIRECTION('',(0.992847278932,-5.969564623362E-02,0.103395892267)
  );
#742 = PCURVE('',#32,#743);
#743 = DEFINITIONAL_REPRESENTATION('',(#744),#747);
#744 = B_SPLINE_CURVE_WITH_KNOTS('',1,(#745,#746),.UNSPECIFIED.,.F.,.F.,
  (2,2),(-16.44105487857,-6.127030962053),.PIECEWISE_BEZIER_KNOTS.);
#745 = CARTESIAN_POINT('',(4.729376532775,-32.86788218175));
#746 = CARTESIAN_POINT('',(5.960781178706,-22.62763160139));
#747 = ( GEOMETRIC_REPRESENTATION_CONTEXT(2) 
PARAMETRIC_REPRESENTATION_CONTEXT() REPRESENTATION_CONTEXT('2D SPACE',''
  ) );
#748 = PCURVE('',#749,#754);
#749 = PLANE('',#750);
#750 = AXIS2_PLACEMENT_3D('',#751,#752,#753);
#751 = CARTESIAN_POINT('',(-32.86788218175,0.,4.095760221445));
#752 = DIRECTION('',(-0.103580615379,0.,0.99462106157));
#753 = DIRECTION('',(0.99462106157,0.,0.103580615379));
#754 = DEFINITIONAL_REPRESENTATION('',(#755),#758);
#755 = B_SPLINE_CURVE_WITH_KNOTS('',1,(#756,#757),.UNSPECIFIED.,.F.,.F.,
  (2,2),(-16.44105487857,-6.127030962053),.PIECEWISE_BEZIER_KNOTS.);
#756 = CARTESIAN_POINT('',(-8.633215148348E-16,13.635311733613));
#757 = CARTESIAN_POINT('',(10.295630140987,13.019609410647));
#758 = ( GEOMETRIC_REPRESENTATION_CONTEXT(2) 
PARAMETRIC_REPRESENTATION_CONTEXT() REPRESENTATION_CONTEXT('2D SPACE',''
  ) );
#759 = ORIENTED_EDGE('',*,*,#760,.F.);
#760 = EDGE_CURVE('',#761,#735,#763,.T.);
#761 = VERTEX_POINT('',#762);
#762 = CARTESIAN_POINT('',(-33.893234363,14.852007267764,1.988381738952)
  );
#763 = SURFACE_CURVE('',#764,(#768,#774),.PCURVE_S1.);
#764 = LINE('',#765,#766);
#765 = CARTESIAN_POINT('',(-31.79043028644,12.356794036703,
    6.310217830868));
#766 = VECTOR('',#767,1.);
#767 = DIRECTION('',(0.388303539431,-0.46076576513,0.798069715594));
#768 = PCURVE('',#32,#769);
#769 = DEFINITIONAL_REPRESENTATION('',(#770),#773);
#770 = B_SPLINE_CURVE_WITH_KNOTS('',1,(#771,#772),.UNSPECIFIED.,.F.,.F.,
  (2,2),(-7.90685037606,-2.774767123915),.PIECEWISE_BEZIER_KNOTS.);
#771 = CARTESIAN_POINT('',(1.189822911654E-15,-34.86068827322));
#772 = CARTESIAN_POINT('',(4.729376532775,-32.86788218175));
#773 = ( GEOMETRIC_REPRESENTATION_CONTEXT(2) 
PARAMETRIC_REPRESENTATION_CONTEXT() REPRESENTATION_CONTEXT('2D SPACE',''
  ) );
#774 = PCURVE('',#775,#780);
#775 = PLANE('',#776);
#776 = AXIS2_PLACEMENT_3D('',#777,#778,#779);
#777 = CARTESIAN_POINT('',(-37.3723683986,0.,-5.162187927159));
#778 = DIRECTION('',(-0.899211415118,0.,0.437514377961));
#779 = DIRECTION('',(0.437514377961,0.,0.899211415118));
#780 = DEFINITIONAL_REPRESENTATION('',(#781),#784);
#781 = B_SPLINE_CURVE_WITH_KNOTS('',1,(#782,#783),.UNSPECIFIED.,.F.,.F.,
  (2,2),(-7.90685037606,-2.774767123915),.PIECEWISE_BEZIER_KNOTS.);
#782 = CARTESIAN_POINT('',(5.740794478776,16.));
#783 = CARTESIAN_POINT('',(10.295630140987,13.635311733613));
#784 = ( GEOMETRIC_REPRESENTATION_CONTEXT(2) 
PARAMETRIC_REPRESENTATION_CONTEXT() REPRESENTATION_CONTEXT('2D SPACE',''
  ) );
#785 = ORIENTED_EDGE('',*,*,#786,.F.);
#786 = EDGE_CURVE('',#787,#761,#789,.T.);
#787 = VERTEX_POINT('',#788);
#788 = CARTESIAN_POINT('',(-35.83688103937,12.156350850117,
    6.657395614066));
#789 = SURFACE_CURVE('',#790,(#794,#800),.PCURVE_S1.);
#790 = LINE('',#791,#792);
#791 = CARTESIAN_POINT('',(-33.51918474996,15.370779147541,
    1.089842485641));
#792 = VECTOR('',#793,1.);
#793 = DIRECTION('',(0.339147944521,0.470366525097,-0.814698719647));
#794 = PCURVE('',#32,#795);
#795 = DEFINITIONAL_REPRESENTATION('',(#796),#799);
#796 = B_SPLINE_CURVE_WITH_KNOTS('',1,(#797,#798),.UNSPECIFIED.,.F.,.F.,
  (2,2),(-6.833879806309,1.337724559224),.PIECEWISE_BEZIER_KNOTS.);
#797 = CARTESIAN_POINT('',(7.687298299766,-35.83688103937));
#798 = CARTESIAN_POINT('',(-2.512238443531E-16,-33.06549821536));
#799 = ( GEOMETRIC_REPRESENTATION_CONTEXT(2) 
PARAMETRIC_REPRESENTATION_CONTEXT() REPRESENTATION_CONTEXT('2D SPACE',''
  ) );
#800 = PCURVE('',#801,#806);
#801 = PLANE('',#802);
#802 = AXIS2_PLACEMENT_3D('',#803,#804,#805);
#803 = CARTESIAN_POINT('',(-35.83688103937,0.,6.657395614066));
#804 = DIRECTION('',(0.92320153341,0.,0.384316183252));
#805 = DIRECTION('',(0.384316183252,0.,-0.92320153341));
#806 = DEFINITIONAL_REPRESENTATION('',(#807),#810);
#807 = B_SPLINE_CURVE_WITH_KNOTS('',1,(#808,#809),.UNSPECIFIED.,.F.,.F.,
  (2,2),(-6.833879806309,1.337724559224),.PIECEWISE_BEZIER_KNOTS.);
#808 = CARTESIAN_POINT('',(-1.870779726204E-15,12.156350850117));
#809 = CARTESIAN_POINT('',(7.211205108677,16.));
#810 = ( GEOMETRIC_REPRESENTATION_CONTEXT(2) 
PARAMETRIC_REPRESENTATION_CONTEXT() REPRESENTATION_CONTEXT('2D SPACE',''
  ) );
#811 = ORIENTED_EDGE('',*,*,#812,.F.);
#812 = EDGE_CURVE('',#24,#787,#813,.T.);
#813 = SURFACE_CURVE('',#814,(#818,#824),.PCURVE_S1.);
#814 = LINE('',#815,#816);
#815 = CARTESIAN_POINT('',(-27.85234220499,9.342613710866,
    11.530931298393));
#816 = VECTOR('',#817,1.);
#817 = DIRECTION('',(0.817385842423,-0.288045302256,0.498909098389));
#818 = PCURVE('',#32,#819);
#819 = DEFINITIONAL_REPRESENTATION('',(#820),#823);
#820 = B_SPLINE_CURVE_WITH_KNOTS('',1,(#821,#822),.UNSPECIFIED.,.F.,.F.,
  (2,2),(-19.39597686911,-9.768384060472),.PIECEWISE_BEZIER_KNOTS.);
#821 = CARTESIAN_POINT('',(2.140932538639,-43.70633909777));
#822 = CARTESIAN_POINT('',(7.687298299766,-35.83688103937));
#823 = ( GEOMETRIC_REPRESENTATION_CONTEXT(2) 
PARAMETRIC_REPRESENTATION_CONTEXT() REPRESENTATION_CONTEXT('2D SPACE',''
  ) );
#824 = PCURVE('',#825,#830);
#825 = PLANE('',#826);
#826 = AXIS2_PLACEMENT_3D('',#827,#828,#829);
#827 = CARTESIAN_POINT('',(-43.70633909777,0.,1.85410196625));
#828 = DIRECTION('',(-0.520990345029,0.,0.853562569696));
#829 = DIRECTION('',(0.853562569696,0.,0.520990345029));
#830 = DEFINITIONAL_REPRESENTATION('',(#831),#834);
#831 = B_SPLINE_CURVE_WITH_KNOTS('',1,(#832,#833),.UNSPECIFIED.,.F.,.F.,
  (2,2),(-19.39597686911,-9.768384060472),.PIECEWISE_BEZIER_KNOTS.);
#832 = CARTESIAN_POINT('',(-3.316127681888E-16,14.929533730681));
#833 = CARTESIAN_POINT('',(9.219544457293,12.156350850117));
#834 = ( GEOMETRIC_REPRESENTATION_CONTEXT(2) 
PARAMETRIC_REPRESENTATION_CONTEXT() REPRESENTATION_CONTEXT('2D SPACE',''
  ) );
#835 = ADVANCED_FACE('',(#836),#43,.F.);
#836 = FACE_BOUND('',#837,.F.);
#837 = EDGE_LOOP('',(#838,#859,#887,#913,#939,#962,#988,#1014,#1040,
    #1061));
#838 = ORIENTED_EDGE('',*,*,#839,.F.);
#839 = EDGE_CURVE('',#840,#22,#842,.T.);
#840 = VERTEX_POINT('',#841);
#841 = CARTESIAN_POINT('',(-40.16311896062,12.156350850117,
    -6.657395614066));
#842 = SURFACE_CURVE('',#843,(#847,#853),.PCURVE_S1.);
#843 = LINE('',#844,#845);
#844 = CARTESIAN_POINT('',(-35.55762333313,5.768958534619,
    -17.72068363238));
#845 = VECTOR('',#846,1.);
#846 = DIRECTION('',(-0.339147944521,0.470366525097,0.814698719647));
#847 = PCURVE('',#43,#848);
#848 = DEFINITIONAL_REPRESENTATION('',(#849),#852);
#849 = B_SPLINE_CURVE_WITH_KNOTS('',1,(#850,#851),.UNSPECIFIED.,.F.,.F.,
  (2,2),(13.579606487051,21.751210852585),.PIECEWISE_BEZIER_KNOTS.);
#850 = CARTESIAN_POINT('',(3.629628764842E-15,12.156350850117));
#851 = CARTESIAN_POINT('',(7.211205108677,16.));
#852 = ( GEOMETRIC_REPRESENTATION_CONTEXT(2) 
PARAMETRIC_REPRESENTATION_CONTEXT() REPRESENTATION_CONTEXT('2D SPACE',''
  ) );
#853 = PCURVE('',#70,#854);
#854 = DEFINITIONAL_REPRESENTATION('',(#855),#858);
#855 = B_SPLINE_CURVE_WITH_KNOTS('',1,(#856,#857),.UNSPECIFIED.,.F.,.F.,
  (2,2),(13.579606487051,21.751210852585),.PIECEWISE_BEZIER_KNOTS.);
#856 = CARTESIAN_POINT('',(8.312701700234,-40.16311896062));
#857 = CARTESIAN_POINT('',(16.,-42.93450178463));
#858 = ( GEOMETRIC_REPRESENTATION_CONTEXT(2) 
PARAMETRIC_REPRESENTATION_CONTEXT() REPRESENTATION_CONTEXT('2D SPACE',''
  ) );
#859 = ORIENTED_EDGE('',*,*,#860,.T.);
#860 = EDGE_CURVE('',#840,#861,#863,.T.);
#861 = VERTEX_POINT('',#862);
#862 = CARTESIAN_POINT('',(-40.16311896062,-12.15635085011,
    -6.657395614066));
#863 = SURFACE_CURVE('',#864,(#868,#875),.PCURVE_S1.);
#864 = LINE('',#865,#866);
#865 = CARTESIAN_POINT('',(-40.16311896062,21.,-6.657395614066));
#866 = VECTOR('',#867,1.);
#867 = DIRECTION('',(0.,-1.,0.));
#868 = PCURVE('',#43,#869);
#869 = DEFINITIONAL_REPRESENTATION('',(#870),#874);
#870 = LINE('',#871,#872);
#871 = CARTESIAN_POINT('',(0.,21.));
#872 = VECTOR('',#873,1.);
#873 = DIRECTION('',(0.,-1.));
#874 = ( GEOMETRIC_REPRESENTATION_CONTEXT(2) 
PARAMETRIC_REPRESENTATION_CONTEXT() REPRESENTATION_CONTEXT('2D SPACE',''
  ) );
#875 = PCURVE('',#876,#881);
#876 = PLANE('',#877);
#877 = AXIS2_PLACEMENT_3D('',#878,#879,#880);
#878 = CARTESIAN_POINT('',(-32.29366090222,0.,-1.85410196625));
#879 = DIRECTION('',(0.520990345029,0.,-0.853562569696));
#880 = DIRECTION('',(-0.853562569696,-0.,-0.520990345029));
#881 = DEFINITIONAL_REPRESENTATION('',(#882),#886);
#882 = LINE('',#883,#884);
#883 = CARTESIAN_POINT('',(9.219544457293,21.));
#884 = VECTOR('',#885,1.);
#885 = DIRECTION('',(0.,-1.));
#886 = ( GEOMETRIC_REPRESENTATION_CONTEXT(2) 
PARAMETRIC_REPRESENTATION_CONTEXT() REPRESENTATION_CONTEXT('2D SPACE',''
  ) );
#887 = ORIENTED_EDGE('',*,*,#888,.F.);
#888 = EDGE_CURVE('',#889,#861,#891,.T.);
#889 = VERTEX_POINT('',#890);
#890 = CARTESIAN_POINT('',(-42.93450178463,-16.,1.959434878636E-15));
#891 = SURFACE_CURVE('',#892,(#896,#902),.PCURVE_S1.);
#892 = LINE('',#893,#894);
#893 = CARTESIAN_POINT('',(-38.11000477566,-9.308873221527,
    -11.58937154019));
#894 = VECTOR('',#895,1.);
#895 = DIRECTION('',(0.339147944521,0.470366525097,-0.814698719647));
#896 = PCURVE('',#43,#897);
#897 = DEFINITIONAL_REPRESENTATION('',(#898),#901);
#898 = B_SPLINE_CURVE_WITH_KNOTS('',1,(#899,#900),.UNSPECIFIED.,.F.,.F.,
  (2,2),(-14.22534645103,-6.0537420855),.PIECEWISE_BEZIER_KNOTS.);
#899 = CARTESIAN_POINT('',(7.211205108677,-16.));
#900 = CARTESIAN_POINT('',(-5.486635928672E-17,-12.15635085011));
#901 = ( GEOMETRIC_REPRESENTATION_CONTEXT(2) 
PARAMETRIC_REPRESENTATION_CONTEXT() REPRESENTATION_CONTEXT('2D SPACE',''
  ) );
#902 = PCURVE('',#903,#908);
#903 = PLANE('',#904);
#904 = AXIS2_PLACEMENT_3D('',#905,#906,#907);
#905 = CARTESIAN_POINT('',(0.,-16.,1.959434878636E-15));
#906 = DIRECTION('',(0.,-0.866025403784,-0.5));
#907 = DIRECTION('',(0.,0.5,-0.866025403784));
#908 = DEFINITIONAL_REPRESENTATION('',(#909),#912);
#909 = B_SPLINE_CURVE_WITH_KNOTS('',1,(#910,#911),.UNSPECIFIED.,.F.,.F.,
  (2,2),(-14.22534645103,-6.0537420855),.PIECEWISE_BEZIER_KNOTS.);
#910 = CARTESIAN_POINT('',(1.664682868163E-15,-42.93450178463));
#911 = CARTESIAN_POINT('',(7.687298299766,-40.16311896062));
#912 = ( GEOMETRIC_REPRESENTATION_CONTEXT(2) 
PARAMETRIC_REPRESENTATION_CONTEXT() REPRESENTATION_CONTEXT('2D SPACE',''
  ) );
#913 = ORIENTED_EDGE('',*,*,#914,.F.);
#914 = EDGE_CURVE('',#915,#889,#917,.T.);
#915 = VERTEX_POINT('',#916);
#916 = CARTESIAN_POINT('',(-43.70633909777,-14.92953373068,1.85410196625
    ));
#917 = SURFACE_CURVE('',#918,(#922,#928),.PCURVE_S1.);
#918 = LINE('',#919,#920);
#919 = CARTESIAN_POINT('',(-43.21476766072,-15.61129740465,
    0.673252644168));
#920 = VECTOR('',#921,1.);
#921 = DIRECTION('',(0.339147944521,-0.470366525097,-0.814698719647));
#922 = PCURVE('',#43,#923);
#923 = DEFINITIONAL_REPRESENTATION('',(#924),#927);
#924 = B_SPLINE_CURVE_WITH_KNOTS('',1,(#925,#926),.UNSPECIFIED.,.F.,.F.,
  (2,2),(-1.44943068352,0.826382352067),.PIECEWISE_BEZIER_KNOTS.);
#925 = CARTESIAN_POINT('',(9.219544457293,-14.92953373068));
#926 = CARTESIAN_POINT('',(7.211205108677,-16.));
#927 = ( GEOMETRIC_REPRESENTATION_CONTEXT(2) 
PARAMETRIC_REPRESENTATION_CONTEXT() REPRESENTATION_CONTEXT('2D SPACE',''
  ) );
#928 = PCURVE('',#929,#934);
#929 = PLANE('',#930);
#930 = AXIS2_PLACEMENT_3D('',#931,#932,#933);
#931 = CARTESIAN_POINT('',(0.,-8.,13.856406460551));
#932 = DIRECTION('',(0.,-0.866025403784,0.5));
#933 = DIRECTION('',(0.,-0.5,-0.866025403784));
#934 = DEFINITIONAL_REPRESENTATION('',(#935),#938);
#935 = B_SPLINE_CURVE_WITH_KNOTS('',1,(#936,#937),.UNSPECIFIED.,.F.,.F.,
  (2,2),(-1.44943068352,0.826382352067),.PIECEWISE_BEZIER_KNOTS.);
#936 = CARTESIAN_POINT('',(13.859067461361,-43.70633909777));
#937 = CARTESIAN_POINT('',(16.,-42.93450178463));
#938 = ( GEOMETRIC_REPRESENTATION_CONTEXT(2) 
PARAMETRIC_REPRESENTATION_CONTEXT() REPRESENTATION_CONTEXT('2D SPACE',''
  ) );
#939 = ORIENTED_EDGE('',*,*,#940,.F.);
#940 = EDGE_CURVE('',#941,#915,#943,.T.);
#941 = VERTEX_POINT('',#942);
#942 = CARTESIAN_POINT('',(-43.70633909777,-3.,1.85410196625));
#943 = SURFACE_CURVE('',#944,(#948,#955),.PCURVE_S1.);
#944 = LINE('',#945,#946);
#945 = CARTESIAN_POINT('',(-43.70633909777,21.,1.85410196625));
#946 = VECTOR('',#947,1.);
#947 = DIRECTION('',(0.,-1.,0.));
#948 = PCURVE('',#43,#949);
#949 = DEFINITIONAL_REPRESENTATION('',(#950),#954);
#950 = LINE('',#951,#952);
#951 = CARTESIAN_POINT('',(9.219544457293,21.));
#952 = VECTOR('',#953,1.);
#953 = DIRECTION('',(0.,-1.));
#954 = ( GEOMETRIC_REPRESENTATION_CONTEXT(2) 
PARAMETRIC_REPRESENTATION_CONTEXT() REPRESENTATION_CONTEXT('2D SPACE',''
  ) );
#955 = PCURVE('',#825,#956);
#956 = DEFINITIONAL_REPRESENTATION('',(#957),#961);
#957 = LINE('',#958,#959);
#958 = CARTESIAN_POINT('',(0.,21.));
#959 = VECTOR('',#960,1.);
#960 = DIRECTION('',(0.,-1.));
#961 = ( GEOMETRIC_REPRESENTATION_CONTEXT(2) 
PARAMETRIC_REPRESENTATION_CONTEXT() REPRESENTATION_CONTEXT('2D SPACE',''
  ) );
#962 = ORIENTED_EDGE('',*,*,#963,.T.);
#963 = EDGE_CURVE('',#941,#964,#966,.T.);
#964 = VERTEX_POINT('',#965);
#965 = CARTESIAN_POINT('',(-42.5,-3.,-1.043757019161));
#966 = SURFACE_CURVE('',#967,(#971,#977),.PCURVE_S1.);
#967 = LINE('',#968,#969);
#968 = CARTESIAN_POINT('',(-38.36765878956,-3.,-10.97043694653));
#969 = VECTOR('',#970,1.);
#970 = DIRECTION('',(0.384316183252,0.,-0.92320153341));
#971 = PCURVE('',#43,#972);
#972 = DEFINITIONAL_REPRESENTATION('',(#973),#976);
#973 = B_SPLINE_CURVE_WITH_KNOTS('',1,(#974,#975),.UNSPECIFIED.,.F.,.F.,
  (2,2),(-13.89137522921,-10.75245173251),.PIECEWISE_BEZIER_KNOTS.);
#974 = CARTESIAN_POINT('',(9.219544457293,-3.));
#975 = CARTESIAN_POINT('',(6.080620960593,-3.));
#976 = ( GEOMETRIC_REPRESENTATION_CONTEXT(2) 
PARAMETRIC_REPRESENTATION_CONTEXT() REPRESENTATION_CONTEXT('2D SPACE',''
  ) );
#977 = PCURVE('',#978,#983);
#978 = PLANE('',#979);
#979 = AXIS2_PLACEMENT_3D('',#980,#981,#982);
#980 = CARTESIAN_POINT('',(-45.5,-3.,-19.));
#981 = DIRECTION('',(0.,1.,0.));
#982 = DIRECTION('',(0.,0.,1.));
#983 = DEFINITIONAL_REPRESENTATION('',(#984),#987);
#984 = B_SPLINE_CURVE_WITH_KNOTS('',1,(#985,#986),.UNSPECIFIED.,.F.,.F.,
  (2,2),(-13.89137522921,-10.75245173251),.PIECEWISE_BEZIER_KNOTS.);
#985 = CARTESIAN_POINT('',(20.85410196625,1.793660902229));
#986 = CARTESIAN_POINT('',(17.956242980839,3.));
#987 = ( GEOMETRIC_REPRESENTATION_CONTEXT(2) 
PARAMETRIC_REPRESENTATION_CONTEXT() REPRESENTATION_CONTEXT('2D SPACE',''
  ) );
#988 = ORIENTED_EDGE('',*,*,#989,.F.);
#989 = EDGE_CURVE('',#990,#964,#992,.T.);
#990 = VERTEX_POINT('',#991);
#991 = CARTESIAN_POINT('',(-42.5,3.,-1.043757019161));
#992 = SURFACE_CURVE('',#993,(#997,#1003),.PCURVE_S1.);
#993 = LINE('',#994,#995);
#994 = CARTESIAN_POINT('',(-42.5,-1.5,-1.043757019161));
#995 = VECTOR('',#996,1.);
#996 = DIRECTION('',(0.,-1.,-0.));
#997 = PCURVE('',#43,#998);
#998 = DEFINITIONAL_REPRESENTATION('',(#999),#1002);
#999 = B_SPLINE_CURVE_WITH_KNOTS('',1,(#1000,#1001),.UNSPECIFIED.,.F.,
  .F.,(2,2),(-4.5,1.5),.PIECEWISE_BEZIER_KNOTS.);
#1000 = CARTESIAN_POINT('',(6.080620960593,3.));
#1001 = CARTESIAN_POINT('',(6.080620960593,-3.));
#1002 = ( GEOMETRIC_REPRESENTATION_CONTEXT(2) 
PARAMETRIC_REPRESENTATION_CONTEXT() REPRESENTATION_CONTEXT('2D SPACE',''
  ) );
#1003 = PCURVE('',#1004,#1009);
#1004 = PLANE('',#1005);
#1005 = AXIS2_PLACEMENT_3D('',#1006,#1007,#1008);
#1006 = CARTESIAN_POINT('',(-42.5,-3.,-19.));
#1007 = DIRECTION('',(1.,0.,0.));
#1008 = DIRECTION('',(0.,0.,1.));
#1009 = DEFINITIONAL_REPRESENTATION('',(#1010),#1013);
#1010 = B_SPLINE_CURVE_WITH_KNOTS('',1,(#1011,#1012),.UNSPECIFIED.,.F.,
  .F.,(2,2),(-4.5,1.5),.PIECEWISE_BEZIER_KNOTS.);
#1011 = CARTESIAN_POINT('',(17.956242980839,-6.));
#1012 = CARTESIAN_POINT('',(17.956242980839,0.));
#1013 = ( GEOMETRIC_REPRESENTATION_CONTEXT(2) 
PARAMETRIC_REPRESENTATION_CONTEXT() REPRESENTATION_CONTEXT('2D SPACE',''
  ) );
#1014 = ORIENTED_EDGE('',*,*,#1015,.F.);
#1015 = EDGE_CURVE('',#1016,#990,#1018,.T.);
#1016 = VERTEX_POINT('',#1017);
#1017 = CARTESIAN_POINT('',(-43.70633909777,3.,1.85410196625));
#1018 = SURFACE_CURVE('',#1019,(#1023,#1029),.PCURVE_S1.);
#1019 = LINE('',#1020,#1021);
#1020 = CARTESIAN_POINT('',(-38.36765878956,3.,-10.97043694653));
#1021 = VECTOR('',#1022,1.);
#1022 = DIRECTION('',(0.384316183252,0.,-0.92320153341));
#1023 = PCURVE('',#43,#1024);
#1024 = DEFINITIONAL_REPRESENTATION('',(#1025),#1028);
#1025 = B_SPLINE_CURVE_WITH_KNOTS('',1,(#1026,#1027),.UNSPECIFIED.,.F.,
  .F.,(2,2),(-13.89137522921,-10.75245173251),.PIECEWISE_BEZIER_KNOTS.);
#1026 = CARTESIAN_POINT('',(9.219544457293,3.));
#1027 = CARTESIAN_POINT('',(6.080620960593,3.));
#1028 = ( GEOMETRIC_REPRESENTATION_CONTEXT(2) 
PARAMETRIC_REPRESENTATION_CONTEXT() REPRESENTATION_CONTEXT('2D SPACE',''
  ) );
#1029 = PCURVE('',#1030,#1035);
#1030 = PLANE('',#1031);
#1031 = AXIS2_PLACEMENT_3D('',#1032,#1033,#1034);
#1032 = CARTESIAN_POINT('',(-45.5,3.,-19.));
#1033 = DIRECTION('',(0.,1.,0.));
#1034 = DIRECTION('',(0.,0.,1.));
#1035 = DEFINITIONAL_REPRESENTATION('',(#1036),#1039);
#1036 = B_SPLINE_CURVE_WITH_KNOTS('',1,(#1037,#1038),.UNSPECIFIED.,.F.,
  .F.,(2,2),(-13.89137522921,-10.75245173251),.PIECEWISE_BEZIER_KNOTS.);
#1037 = CARTESIAN_POINT('',(20.85410196625,1.793660902229));
#1038 = CARTESIAN_POINT('',(17.956242980839,3.));
#1039 = ( GEOMETRIC_REPRESENTATION_CONTEXT(2) 
PARAMETRIC_REPRESENTATION_CONTEXT() REPRESENTATION_CONTEXT('2D SPACE',''
  ) );
#1040 = ORIENTED_EDGE('',*,*,#1041,.F.);
#1041 = EDGE_CURVE('',#24,#1016,#1042,.T.);
#1042 = SURFACE_CURVE('',#1043,(#1047,#1054),.PCURVE_S1.);
#1043 = LINE('',#1044,#1045);
#1044 = CARTESIAN_POINT('',(-43.70633909777,21.,1.85410196625));
#1045 = VECTOR('',#1046,1.);
#1046 = DIRECTION('',(0.,-1.,0.));
#1047 = PCURVE('',#43,#1048);
#1048 = DEFINITIONAL_REPRESENTATION('',(#1049),#1053);
#1049 = LINE('',#1050,#1051);
#1050 = CARTESIAN_POINT('',(9.219544457293,21.));
#1051 = VECTOR('',#1052,1.);
#1052 = DIRECTION('',(0.,-1.));
#1053 = ( GEOMETRIC_REPRESENTATION_CONTEXT(2) 
PARAMETRIC_REPRESENTATION_CONTEXT() REPRESENTATION_CONTEXT('2D SPACE',''
  ) );
#1054 = PCURVE('',#825,#1055);
#1055 = DEFINITIONAL_REPRESENTATION('',(#1056),#1060);
#1056 = LINE('',#1057,#1058);
#1057 = CARTESIAN_POINT('',(0.,21.));
#1058 = VECTOR('',#1059,1.);
#1059 = DIRECTION('',(0.,-1.));
#1060 = ( GEOMETRIC_REPRESENTATION_CONTEXT(2) 
PARAMETRIC_REPRESENTATION_CONTEXT() REPRESENTATION_CONTEXT('2D SPACE',''
  ) );
#1061 = ORIENTED_EDGE('',*,*,#21,.F.);
#1062 = ADVANCED_FACE('',(#1063),#825,.F.);
#1063 = FACE_BOUND('',#1064,.F.);
#1064 = EDGE_LOOP('',(#1065,#1066,#1067,#1088,#1114,#1133,#1134,#1155));
#1065 = ORIENTED_EDGE('',*,*,#812,.F.);
#1066 = ORIENTED_EDGE('',*,*,#1041,.T.);
#1067 = ORIENTED_EDGE('',*,*,#1068,.F.);
#1068 = EDGE_CURVE('',#1069,#1016,#1071,.T.);
#1069 = VERTEX_POINT('',#1070);
#1070 = CARTESIAN_POINT('',(-42.5,3.,2.590417082543));
#1071 = SURFACE_CURVE('',#1072,(#1076,#1082),.PCURVE_S1.);
#1072 = LINE('',#1073,#1074);
#1073 = CARTESIAN_POINT('',(-48.99662925108,3.,-1.37494085982));
#1074 = VECTOR('',#1075,1.);
#1075 = DIRECTION('',(-0.853562569696,0.,-0.520990345029));
#1076 = PCURVE('',#825,#1077);
#1077 = DEFINITIONAL_REPRESENTATION('',(#1078),#1081);
#1078 = B_SPLINE_CURVE_WITH_KNOTS('',1,(#1079,#1080),.UNSPECIFIED.,.F.,
  .F.,(2,2),(-7.611192760476,-6.19789379377),.PIECEWISE_BEZIER_KNOTS.);
#1079 = CARTESIAN_POINT('',(1.413298966706,3.));
#1080 = CARTESIAN_POINT('',(-2.6645352591E-15,3.));
#1081 = ( GEOMETRIC_REPRESENTATION_CONTEXT(2) 
PARAMETRIC_REPRESENTATION_CONTEXT() REPRESENTATION_CONTEXT('2D SPACE',''
  ) );
#1082 = PCURVE('',#1030,#1083);
#1083 = DEFINITIONAL_REPRESENTATION('',(#1084),#1087);
#1084 = B_SPLINE_CURVE_WITH_KNOTS('',1,(#1085,#1086),.UNSPECIFIED.,.F.,
  .F.,(2,2),(-7.611192760476,-6.19789379377),.PIECEWISE_BEZIER_KNOTS.);
#1085 = CARTESIAN_POINT('',(21.590417082543,3.));
#1086 = CARTESIAN_POINT('',(20.85410196625,1.793660902229));
#1087 = ( GEOMETRIC_REPRESENTATION_CONTEXT(2) 
PARAMETRIC_REPRESENTATION_CONTEXT() REPRESENTATION_CONTEXT('2D SPACE',''
  ) );
#1088 = ORIENTED_EDGE('',*,*,#1089,.F.);
#1089 = EDGE_CURVE('',#1090,#1069,#1092,.T.);
#1090 = VERTEX_POINT('',#1091);
#1091 = CARTESIAN_POINT('',(-42.5,-3.,2.590417082543));
#1092 = SURFACE_CURVE('',#1093,(#1097,#1103),.PCURVE_S1.);
#1093 = LINE('',#1094,#1095);
#1094 = CARTESIAN_POINT('',(-42.5,-1.5,2.590417082543));
#1095 = VECTOR('',#1096,1.);
#1096 = DIRECTION('',(0.,1.,-0.));
#1097 = PCURVE('',#825,#1098);
#1098 = DEFINITIONAL_REPRESENTATION('',(#1099),#1102);
#1099 = B_SPLINE_CURVE_WITH_KNOTS('',1,(#1100,#1101),.UNSPECIFIED.,.F.,
  .F.,(2,2),(-1.5,4.5),.PIECEWISE_BEZIER_KNOTS.);
#1100 = CARTESIAN_POINT('',(1.413298966706,-3.));
#1101 = CARTESIAN_POINT('',(1.413298966706,3.));
#1102 = ( GEOMETRIC_REPRESENTATION_CONTEXT(2) 
PARAMETRIC_REPRESENTATION_CONTEXT() REPRESENTATION_CONTEXT('2D SPACE',''
  ) );
#1103 = PCURVE('',#1104,#1109);
#1104 = PLANE('',#1105);
#1105 = AXIS2_PLACEMENT_3D('',#1106,#1107,#1108);
#1106 = CARTESIAN_POINT('',(-42.5,-3.,-19.));
#1107 = DIRECTION('',(1.,0.,0.));
#1108 = DIRECTION('',(0.,0.,1.));
#1109 = DEFINITIONAL_REPRESENTATION('',(#1110),#1113);
#1110 = B_SPLINE_CURVE_WITH_KNOTS('',1,(#1111,#1112),.UNSPECIFIED.,.F.,
  .F.,(2,2),(-1.5,4.5),.PIECEWISE_BEZIER_KNOTS.);
#1111 = CARTESIAN_POINT('',(21.590417082543,0.));
#1112 = CARTESIAN_POINT('',(21.590417082543,-6.));
#1113 = ( GEOMETRIC_REPRESENTATION_CONTEXT(2) 
PARAMETRIC_REPRESENTATION_CONTEXT() REPRESENTATION_CONTEXT('2D SPACE',''
  ) );
#1114 = ORIENTED_EDGE('',*,*,#1115,.T.);
#1115 = EDGE_CURVE('',#1090,#941,#1116,.T.);
#1116 = SURFACE_CURVE('',#1117,(#1121,#1127),.PCURVE_S1.);
#1117 = LINE('',#1118,#1119);
#1118 = CARTESIAN_POINT('',(-48.99662925108,-3.,-1.37494085982));
#1119 = VECTOR('',#1120,1.);
#1120 = DIRECTION('',(-0.853562569696,0.,-0.520990345029));
#1121 = PCURVE('',#825,#1122);
#1122 = DEFINITIONAL_REPRESENTATION('',(#1123),#1126);
#1123 = B_SPLINE_CURVE_WITH_KNOTS('',1,(#1124,#1125),.UNSPECIFIED.,.F.,
  .F.,(2,2),(-7.611192760476,-6.19789379377),.PIECEWISE_BEZIER_KNOTS.);
#1124 = CARTESIAN_POINT('',(1.413298966706,-3.));
#1125 = CARTESIAN_POINT('',(-2.6645352591E-15,-3.));
#1126 = ( GEOMETRIC_REPRESENTATION_CONTEXT(2) 
PARAMETRIC_REPRESENTATION_CONTEXT() REPRESENTATION_CONTEXT('2D SPACE',''
  ) );
#1127 = PCURVE('',#978,#1128);
#1128 = DEFINITIONAL_REPRESENTATION('',(#1129),#1132);
#1129 = B_SPLINE_CURVE_WITH_KNOTS('',1,(#1130,#1131),.UNSPECIFIED.,.F.,
  .F.,(2,2),(-7.611192760476,-6.19789379377),.PIECEWISE_BEZIER_KNOTS.);
#1130 = CARTESIAN_POINT('',(21.590417082543,3.));
#1131 = CARTESIAN_POINT('',(20.85410196625,1.793660902229));
#1132 = ( GEOMETRIC_REPRESENTATION_CONTEXT(2) 
PARAMETRIC_REPRESENTATION_CONTEXT() REPRESENTATION_CONTEXT('2D SPACE',''
  ) );
#1133 = ORIENTED_EDGE('',*,*,#940,.T.);
#1134 = ORIENTED_EDGE('',*,*,#1135,.F.);
#1135 = EDGE_CURVE('',#1136,#915,#1138,.T.);
#1136 = VERTEX_POINT('',#1137);
#1137 = CARTESIAN_POINT('',(-35.83688103937,-12.15635085011,
    6.657395614066));
#1138 = SURFACE_CURVE('',#1139,(#1143,#1149),.PCURVE_S1.);
#1139 = LINE('',#1140,#1141);
#1140 = CARTESIAN_POINT('',(-24.08523577235,-8.015092172437,
    13.830266051093));
#1141 = VECTOR('',#1142,1.);
#1142 = DIRECTION('',(-0.817385842423,-0.288045302256,-0.498909098389));
#1143 = PCURVE('',#825,#1144);
#1144 = DEFINITIONAL_REPRESENTATION('',(#1145),#1148);
#1145 = B_SPLINE_CURVE_WITH_KNOTS('',1,(#1146,#1147),.UNSPECIFIED.,.F.,
  .F.,(2,2),(14.377108896569,24.004701705213),.PIECEWISE_BEZIER_KNOTS.);
#1146 = CARTESIAN_POINT('',(9.219544457293,-12.15635085011));
#1147 = CARTESIAN_POINT('',(-2.688149520226E-15,-14.92953373068));
#1148 = ( GEOMETRIC_REPRESENTATION_CONTEXT(2) 
PARAMETRIC_REPRESENTATION_CONTEXT() REPRESENTATION_CONTEXT('2D SPACE',''
  ) );
#1149 = PCURVE('',#929,#1150);
#1150 = DEFINITIONAL_REPRESENTATION('',(#1151),#1154);
#1151 = B_SPLINE_CURVE_WITH_KNOTS('',1,(#1152,#1153),.UNSPECIFIED.,.F.,
  .F.,(2,2),(14.377108896569,24.004701705213),.PIECEWISE_BEZIER_KNOTS.);
#1152 = CARTESIAN_POINT('',(8.312701700234,-35.83688103937));
#1153 = CARTESIAN_POINT('',(13.859067461361,-43.70633909777));
#1154 = ( GEOMETRIC_REPRESENTATION_CONTEXT(2) 
PARAMETRIC_REPRESENTATION_CONTEXT() REPRESENTATION_CONTEXT('2D SPACE',''
  ) );
#1155 = ORIENTED_EDGE('',*,*,#1156,.T.);
#1156 = EDGE_CURVE('',#1136,#787,#1157,.T.);
#1157 = SURFACE_CURVE('',#1158,(#1162,#1169),.PCURVE_S1.);
#1158 = LINE('',#1159,#1160);
#1159 = CARTESIAN_POINT('',(-35.83688103937,-21.,6.657395614066));
#1160 = VECTOR('',#1161,1.);
#1161 = DIRECTION('',(0.,1.,0.));
#1162 = PCURVE('',#825,#1163);
#1163 = DEFINITIONAL_REPRESENTATION('',(#1164),#1168);
#1164 = LINE('',#1165,#1166);
#1165 = CARTESIAN_POINT('',(9.219544457293,-21.));
#1166 = VECTOR('',#1167,1.);
#1167 = DIRECTION('',(0.,1.));
#1168 = ( GEOMETRIC_REPRESENTATION_CONTEXT(2) 
PARAMETRIC_REPRESENTATION_CONTEXT() REPRESENTATION_CONTEXT('2D SPACE',''
  ) );
#1169 = PCURVE('',#801,#1170);
#1170 = DEFINITIONAL_REPRESENTATION('',(#1171),#1175);
#1171 = LINE('',#1172,#1173);
#1172 = CARTESIAN_POINT('',(0.,-21.));
#1173 = VECTOR('',#1174,1.);
#1174 = DIRECTION('',(0.,1.));
#1175 = ( GEOMETRIC_REPRESENTATION_CONTEXT(2) 
PARAMETRIC_REPRESENTATION_CONTEXT() REPRESENTATION_CONTEXT('2D SPACE',''
  ) );
#1176 = ADVANCED_FACE('',(#1177),#801,.F.);
#1177 = FACE_BOUND('',#1178,.F.);
#1178 = EDGE_LOOP('',(#1179,#1180,#1201,#1220));
#1179 = ORIENTED_EDGE('',*,*,#1156,.F.);
#1180 = ORIENTED_EDGE('',*,*,#1181,.F.);
#1181 = EDGE_CURVE('',#1182,#1136,#1184,.T.);
#1182 = VERTEX_POINT('',#1183);
#1183 = CARTESIAN_POINT('',(-33.893234363,-14.85200726776,1.988381738952
    ));
#1184 = SURFACE_CURVE('',#1185,(#1189,#1195),.PCURVE_S1.);
#1185 = LINE('',#1186,#1187);
#1186 = CARTESIAN_POINT('',(-36.07156619249,-11.83086446063,
    7.221154577825));
#1187 = VECTOR('',#1188,1.);
#1188 = DIRECTION('',(-0.339147944521,0.470366525097,0.814698719647));
#1189 = PCURVE('',#801,#1190);
#1190 = DEFINITIONAL_REPRESENTATION('',(#1191),#1194);
#1191 = B_SPLINE_CURVE_WITH_KNOTS('',1,(#1192,#1193),.UNSPECIFIED.,.F.,
  .F.,(2,2),(-8.863588960775,-0.691984595241),.PIECEWISE_BEZIER_KNOTS.);
#1192 = CARTESIAN_POINT('',(7.211205108677,-16.));
#1193 = CARTESIAN_POINT('',(1.11369427643E-16,-12.15635085011));
#1194 = ( GEOMETRIC_REPRESENTATION_CONTEXT(2) 
PARAMETRIC_REPRESENTATION_CONTEXT() REPRESENTATION_CONTEXT('2D SPACE',''
  ) );
#1195 = PCURVE('',#929,#1196);
#1196 = DEFINITIONAL_REPRESENTATION('',(#1197),#1200);
#1197 = B_SPLINE_CURVE_WITH_KNOTS('',1,(#1198,#1199),.UNSPECIFIED.,.F.,
  .F.,(2,2),(-8.863588960775,-0.691984595241),.PIECEWISE_BEZIER_KNOTS.);
#1198 = CARTESIAN_POINT('',(16.,-33.06549821536));
#1199 = CARTESIAN_POINT('',(8.312701700234,-35.83688103937));
#1200 = ( GEOMETRIC_REPRESENTATION_CONTEXT(2) 
PARAMETRIC_REPRESENTATION_CONTEXT() REPRESENTATION_CONTEXT('2D SPACE',''
  ) );
#1201 = ORIENTED_EDGE('',*,*,#1202,.F.);
#1202 = EDGE_CURVE('',#761,#1182,#1203,.T.);
#1203 = SURFACE_CURVE('',#1204,(#1208,#1214),.PCURVE_S1.);
#1204 = LINE('',#1205,#1206);
#1205 = CARTESIAN_POINT('',(-33.893234363,0.,1.988381738952));
#1206 = VECTOR('',#1207,1.);
#1207 = DIRECTION('',(0.,-1.,0.));
#1208 = PCURVE('',#801,#1209);
#1209 = DEFINITIONAL_REPRESENTATION('',(#1210),#1213);
#1210 = B_SPLINE_CURVE_WITH_KNOTS('',1,(#1211,#1212),.UNSPECIFIED.,.F.,
  .F.,(2,2),(-16.,16.),.PIECEWISE_BEZIER_KNOTS.);
#1211 = CARTESIAN_POINT('',(5.057415641271,16.));
#1212 = CARTESIAN_POINT('',(5.057415641271,-16.));
#1213 = ( GEOMETRIC_REPRESENTATION_CONTEXT(2) 
PARAMETRIC_REPRESENTATION_CONTEXT() REPRESENTATION_CONTEXT('2D SPACE',''
  ) );
#1214 = PCURVE('',#775,#1215);
#1215 = DEFINITIONAL_REPRESENTATION('',(#1216),#1219);
#1216 = B_SPLINE_CURVE_WITH_KNOTS('',1,(#1217,#1218),.UNSPECIFIED.,.F.,
  .F.,(2,2),(-16.,16.),.PIECEWISE_BEZIER_KNOTS.);
#1217 = CARTESIAN_POINT('',(7.952045031787,16.));
#1218 = CARTESIAN_POINT('',(7.952045031787,-16.));
#1219 = ( GEOMETRIC_REPRESENTATION_CONTEXT(2) 
PARAMETRIC_REPRESENTATION_CONTEXT() REPRESENTATION_CONTEXT('2D SPACE',''
  ) );
#1220 = ORIENTED_EDGE('',*,*,#786,.F.);
#1221 = ADVANCED_FACE('',(#1222),#775,.F.);
#1222 = FACE_BOUND('',#1223,.F.);
#1223 = EDGE_LOOP('',(#1224,#1245,#1266,#1267));
#1224 = ORIENTED_EDGE('',*,*,#1225,.F.);
#1225 = EDGE_CURVE('',#1226,#1182,#1228,.T.);
#1226 = VERTEX_POINT('',#1227);
#1227 = CARTESIAN_POINT('',(-32.86788218175,-13.63531173361,
    4.095760221445));
#1228 = SURFACE_CURVE('',#1229,(#1233,#1239),.PCURVE_S1.);
#1229 = LINE('',#1230,#1231);
#1230 = CARTESIAN_POINT('',(-28.92775864725,-8.959912591643,12.193789081
    ));
#1231 = VECTOR('',#1232,1.);
#1232 = DIRECTION('',(-0.388303539431,-0.46076576513,-0.798069715594));
#1233 = PCURVE('',#775,#1234);
#1234 = DEFINITIONAL_REPRESENTATION('',(#1235),#1238);
#1235 = B_SPLINE_CURVE_WITH_KNOTS('',1,(#1236,#1237),.UNSPECIFIED.,.F.,
  .F.,(2,2),(10.147019366002,15.279102618147),.PIECEWISE_BEZIER_KNOTS.);
#1236 = CARTESIAN_POINT('',(10.295630140987,-13.63531173361));
#1237 = CARTESIAN_POINT('',(5.740794478776,-16.));
#1238 = ( GEOMETRIC_REPRESENTATION_CONTEXT(2) 
PARAMETRIC_REPRESENTATION_CONTEXT() REPRESENTATION_CONTEXT('2D SPACE',''
  ) );
#1239 = PCURVE('',#929,#1240);
#1240 = DEFINITIONAL_REPRESENTATION('',(#1241),#1244);
#1241 = B_SPLINE_CURVE_WITH_KNOTS('',1,(#1242,#1243),.UNSPECIFIED.,.F.,
  .F.,(2,2),(10.147019366002,15.279102618147),.PIECEWISE_BEZIER_KNOTS.);
#1242 = CARTESIAN_POINT('',(11.270623467225,-32.86788218175));
#1243 = CARTESIAN_POINT('',(16.,-34.86068827322));
#1244 = ( GEOMETRIC_REPRESENTATION_CONTEXT(2) 
PARAMETRIC_REPRESENTATION_CONTEXT() REPRESENTATION_CONTEXT('2D SPACE',''
  ) );
#1245 = ORIENTED_EDGE('',*,*,#1246,.T.);
#1246 = EDGE_CURVE('',#1226,#735,#1247,.T.);
#1247 = SURFACE_CURVE('',#1248,(#1252,#1259),.PCURVE_S1.);
#1248 = LINE('',#1249,#1250);
#1249 = CARTESIAN_POINT('',(-32.86788218175,-21.,4.095760221445));
#1250 = VECTOR('',#1251,1.);
#1251 = DIRECTION('',(0.,1.,0.));
#1252 = PCURVE('',#775,#1253);
#1253 = DEFINITIONAL_REPRESENTATION('',(#1254),#1258);
#1254 = LINE('',#1255,#1256);
#1255 = CARTESIAN_POINT('',(10.295630140987,-21.));
#1256 = VECTOR('',#1257,1.);
#1257 = DIRECTION('',(0.,1.));
#1258 = ( GEOMETRIC_REPRESENTATION_CONTEXT(2) 
PARAMETRIC_REPRESENTATION_CONTEXT() REPRESENTATION_CONTEXT('2D SPACE',''
  ) );
#1259 = PCURVE('',#749,#1260);
#1260 = DEFINITIONAL_REPRESENTATION('',(#1261),#1265);
#1261 = LINE('',#1262,#1263);
#1262 = CARTESIAN_POINT('',(0.,-21.));
#1263 = VECTOR('',#1264,1.);
#1264 = DIRECTION('',(0.,1.));
#1265 = ( GEOMETRIC_REPRESENTATION_CONTEXT(2) 
PARAMETRIC_REPRESENTATION_CONTEXT() REPRESENTATION_CONTEXT('2D SPACE',''
  ) );
#1266 = ORIENTED_EDGE('',*,*,#760,.F.);
#1267 = ORIENTED_EDGE('',*,*,#1202,.T.);
#1268 = ADVANCED_FACE('',(#1269),#749,.F.);
#1269 = FACE_BOUND('',#1270,.F.);
#1270 = EDGE_LOOP('',(#1271,#1272,#1293,#1314));
#1271 = ORIENTED_EDGE('',*,*,#1246,.F.);
#1272 = ORIENTED_EDGE('',*,*,#1273,.F.);
#1273 = EDGE_CURVE('',#1274,#1226,#1276,.T.);
#1274 = VERTEX_POINT('',#1275);
#1275 = CARTESIAN_POINT('',(-22.62763160139,-13.01960941064,
    5.162187927159));
#1276 = SURFACE_CURVE('',#1277,(#1281,#1287),.PCURVE_S1.);
#1277 = LINE('',#1278,#1279);
#1278 = CARTESIAN_POINT('',(-15.59612702395,-12.596835215,5.894454314139
    ));
#1279 = VECTOR('',#1280,1.);
#1280 = DIRECTION('',(-0.992847278932,-5.969564623362E-02,
    -0.103395892267));
#1281 = PCURVE('',#749,#1282);
#1282 = DEFINITIONAL_REPRESENTATION('',(#1283),#1286);
#1283 = B_SPLINE_CURVE_WITH_KNOTS('',1,(#1284,#1285),.UNSPECIFIED.,.F.,
  .F.,(2,2),(7.082161301791,17.396185218309),.PIECEWISE_BEZIER_KNOTS.);
#1284 = CARTESIAN_POINT('',(10.295630140987,-13.01960941064));
#1285 = CARTESIAN_POINT('',(-1.937666954464E-15,-13.63531173361));
#1286 = ( GEOMETRIC_REPRESENTATION_CONTEXT(2) 
PARAMETRIC_REPRESENTATION_CONTEXT() REPRESENTATION_CONTEXT('2D SPACE',''
  ) );
#1287 = PCURVE('',#929,#1288);
#1288 = DEFINITIONAL_REPRESENTATION('',(#1289),#1292);
#1289 = B_SPLINE_CURVE_WITH_KNOTS('',1,(#1290,#1291),.UNSPECIFIED.,.F.,
  .F.,(2,2),(7.082161301791,17.396185218309),.PIECEWISE_BEZIER_KNOTS.);
#1290 = CARTESIAN_POINT('',(10.039218821294,-22.62763160139));
#1291 = CARTESIAN_POINT('',(11.270623467225,-32.86788218175));
#1292 = ( GEOMETRIC_REPRESENTATION_CONTEXT(2) 
PARAMETRIC_REPRESENTATION_CONTEXT() REPRESENTATION_CONTEXT('2D SPACE',''
  ) );
#1293 = ORIENTED_EDGE('',*,*,#1294,.T.);
#1294 = EDGE_CURVE('',#1274,#709,#1295,.T.);
#1295 = SURFACE_CURVE('',#1296,(#1300,#1307),.PCURVE_S1.);
#1296 = LINE('',#1297,#1298);
#1297 = CARTESIAN_POINT('',(-22.62763160139,-21.,5.162187927159));
#1298 = VECTOR('',#1299,1.);
#1299 = DIRECTION('',(0.,1.,0.));
#1300 = PCURVE('',#749,#1301);
#1301 = DEFINITIONAL_REPRESENTATION('',(#1302),#1306);
#1302 = LINE('',#1303,#1304);
#1303 = CARTESIAN_POINT('',(10.295630140987,-21.));
#1304 = VECTOR('',#1305,1.);
#1305 = DIRECTION('',(0.,1.));
#1306 = ( GEOMETRIC_REPRESENTATION_CONTEXT(2) 
PARAMETRIC_REPRESENTATION_CONTEXT() REPRESENTATION_CONTEXT('2D SPACE',''
  ) );
#1307 = PCURVE('',#723,#1308);
#1308 = DEFINITIONAL_REPRESENTATION('',(#1309),#1313);
#1309 = LINE('',#1310,#1311);
#1310 = CARTESIAN_POINT('',(0.,-21.));
#1311 = VECTOR('',#1312,1.);
#1312 = DIRECTION('',(-0.,1.));
#1313 = ( GEOMETRIC_REPRESENTATION_CONTEXT(2) 
PARAMETRIC_REPRESENTATION_CONTEXT() REPRESENTATION_CONTEXT('2D SPACE',''
  ) );
#1314 = ORIENTED_EDGE('',*,*,#734,.F.);
#1315 = ADVANCED_FACE('',(#1316),#723,.F.);
#1316 = FACE_BOUND('',#1317,.F.);
#1317 = EDGE_LOOP('',(#1318,#1319,#1340,#1359));
#1318 = ORIENTED_EDGE('',*,*,#1294,.F.);
#1319 = ORIENTED_EDGE('',*,*,#1320,.F.);
#1320 = EDGE_CURVE('',#1321,#1274,#1323,.T.);
#1321 = VERTEX_POINT('',#1322);
#1322 = CARTESIAN_POINT('',(-23.13354228058,-13.61992925713,
    4.122403452248));
#1323 = SURFACE_CURVE('',#1324,(#1328,#1334),.PCURVE_S1.);
#1324 = LINE('',#1325,#1326);
#1325 = CARTESIAN_POINT('',(-17.96083727314,-7.481933749707,
    14.753723527745));
#1326 = VECTOR('',#1327,1.);
#1327 = DIRECTION('',(0.388303539431,0.46076576513,0.798069715594));
#1328 = PCURVE('',#723,#1329);
#1329 = DEFINITIONAL_REPRESENTATION('',(#1330),#1333);
#1330 = B_SPLINE_CURVE_WITH_KNOTS('',1,(#1331,#1332),.UNSPECIFIED.,.F.,
  .F.,(2,2),(-18.48676029106,-12.01841820729),.PIECEWISE_BEZIER_KNOTS.);
#1331 = CARTESIAN_POINT('',(5.740794478776,-16.));
#1332 = CARTESIAN_POINT('',(9.153585986856E-16,-13.01960941064));
#1333 = ( GEOMETRIC_REPRESENTATION_CONTEXT(2) 
PARAMETRIC_REPRESENTATION_CONTEXT() REPRESENTATION_CONTEXT('2D SPACE',''
  ) );
#1334 = PCURVE('',#929,#1335);
#1335 = DEFINITIONAL_REPRESENTATION('',(#1336),#1339);
#1336 = B_SPLINE_CURVE_WITH_KNOTS('',1,(#1337,#1338),.UNSPECIFIED.,.F.,
  .F.,(2,2),(-18.48676029106,-12.01841820729),.PIECEWISE_BEZIER_KNOTS.);
#1337 = CARTESIAN_POINT('',(16.,-25.13931172678));
#1338 = CARTESIAN_POINT('',(10.039218821294,-22.62763160139));
#1339 = ( GEOMETRIC_REPRESENTATION_CONTEXT(2) 
PARAMETRIC_REPRESENTATION_CONTEXT() REPRESENTATION_CONTEXT('2D SPACE',''
  ) );
#1340 = ORIENTED_EDGE('',*,*,#1341,.F.);
#1341 = EDGE_CURVE('',#683,#1321,#1342,.T.);
#1342 = SURFACE_CURVE('',#1343,(#1347,#1353),.PCURVE_S1.);
#1343 = LINE('',#1344,#1345);
#1344 = CARTESIAN_POINT('',(-23.13354228058,0.,4.122403452248));
#1345 = VECTOR('',#1346,1.);
#1346 = DIRECTION('',(0.,-1.,0.));
#1347 = PCURVE('',#723,#1348);
#1348 = DEFINITIONAL_REPRESENTATION('',(#1349),#1352);
#1349 = B_SPLINE_CURVE_WITH_KNOTS('',1,(#1350,#1351),.UNSPECIFIED.,.F.,
  .F.,(2,2),(-16.,16.),.PIECEWISE_BEZIER_KNOTS.);
#1350 = CARTESIAN_POINT('',(1.15632926521,16.));
#1351 = CARTESIAN_POINT('',(1.15632926521,-16.));
#1352 = ( GEOMETRIC_REPRESENTATION_CONTEXT(2) 
PARAMETRIC_REPRESENTATION_CONTEXT() REPRESENTATION_CONTEXT('2D SPACE',''
  ) );
#1353 = PCURVE('',#697,#1354);
#1354 = DEFINITIONAL_REPRESENTATION('',(#1355),#1358);
#1355 = B_SPLINE_CURVE_WITH_KNOTS('',1,(#1356,#1357),.UNSPECIFIED.,.F.,
  .F.,(2,2),(-16.,16.),.PIECEWISE_BEZIER_KNOTS.);
#1356 = CARTESIAN_POINT('',(2.100813277265,16.));
#1357 = CARTESIAN_POINT('',(2.100813277265,-16.));
#1358 = ( GEOMETRIC_REPRESENTATION_CONTEXT(2) 
PARAMETRIC_REPRESENTATION_CONTEXT() REPRESENTATION_CONTEXT('2D SPACE',''
  ) );
#1359 = ORIENTED_EDGE('',*,*,#708,.F.);
#1360 = ADVANCED_FACE('',(#1361),#697,.F.);
#1361 = FACE_BOUND('',#1362,.F.);
#1362 = EDGE_LOOP('',(#1363,#1384,#1403,#1404));
#1363 = ORIENTED_EDGE('',*,*,#1364,.F.);
#1364 = EDGE_CURVE('',#1365,#1321,#1367,.T.);
#1365 = VERTEX_POINT('',#1366);
#1366 = CARTESIAN_POINT('',(-15.88342820251,-13.03204670075,
    5.14064590878));
#1367 = SURFACE_CURVE('',#1368,(#1372,#1378),.PCURVE_S1.);
#1368 = LINE('',#1369,#1370);
#1369 = CARTESIAN_POINT('',(-11.47063079056,-12.67423072774,
    5.760401353801));
#1370 = VECTOR('',#1371,1.);
#1371 = DIRECTION('',(-0.987103951637,-8.004028464251E-02,
    -0.138633839653));
#1372 = PCURVE('',#697,#1373);
#1373 = DEFINITIONAL_REPRESENTATION('',(#1374),#1377);
#1374 = B_SPLINE_CURVE_WITH_KNOTS('',1,(#1375,#1376),.UNSPECIFIED.,.F.,
  .F.,(2,2),(4.458510835845,13.922857096329),.PIECEWISE_BEZIER_KNOTS.);
#1375 = CARTESIAN_POINT('',(9.433981132057,-13.03109120412));
#1376 = CARTESIAN_POINT('',(-1.268210490253E-15,-13.78862017277));
#1377 = ( GEOMETRIC_REPRESENTATION_CONTEXT(2) 
PARAMETRIC_REPRESENTATION_CONTEXT() REPRESENTATION_CONTEXT('2D SPACE',''
  ) );
#1378 = PCURVE('',#929,#1379);
#1379 = DEFINITIONAL_REPRESENTATION('',(#1380),#1383);
#1380 = B_SPLINE_CURVE_WITH_KNOTS('',1,(#1381,#1382),.UNSPECIFIED.,.F.,
  .F.,(2,2),(4.458510835845,13.922857096329),.PIECEWISE_BEZIER_KNOTS.);
#1381 = CARTESIAN_POINT('',(10.062182408252,-15.87164445504));
#1382 = CARTESIAN_POINT('',(11.57724034554,-25.21393804843));
#1383 = ( GEOMETRIC_REPRESENTATION_CONTEXT(2) 
PARAMETRIC_REPRESENTATION_CONTEXT() REPRESENTATION_CONTEXT('2D SPACE',''
  ) );
#1384 = ORIENTED_EDGE('',*,*,#1385,.F.);
#1385 = EDGE_CURVE('',#657,#1365,#1386,.T.);
#1386 = SURFACE_CURVE('',#1387,(#1391,#1397),.PCURVE_S1.);
#1387 = LINE('',#1388,#1389);
#1388 = CARTESIAN_POINT('',(-15.88342820251,0.,5.14064590878));
#1389 = VECTOR('',#1390,1.);
#1390 = DIRECTION('',(0.,-1.,0.));
#1391 = PCURVE('',#697,#1392);
#1392 = DEFINITIONAL_REPRESENTATION('',(#1393),#1396);
#1393 = B_SPLINE_CURVE_WITH_KNOTS('',1,(#1394,#1395),.UNSPECIFIED.,.F.,
  .F.,(2,2),(-13.61992925713,13.619929257136),.PIECEWISE_BEZIER_KNOTS.);
#1394 = CARTESIAN_POINT('',(9.422081736035,13.619929257136));
#1395 = CARTESIAN_POINT('',(9.422081736035,-13.61992925713));
#1396 = ( GEOMETRIC_REPRESENTATION_CONTEXT(2) 
PARAMETRIC_REPRESENTATION_CONTEXT() REPRESENTATION_CONTEXT('2D SPACE',''
  ) );
#1397 = PCURVE('',#671,#1398);
#1398 = DEFINITIONAL_REPRESENTATION('',(#1399),#1402);
#1399 = B_SPLINE_CURVE_WITH_KNOTS('',1,(#1400,#1401),.UNSPECIFIED.,.F.,
  .F.,(2,2),(-13.61992925713,13.619929257136),.PIECEWISE_BEZIER_KNOTS.);
#1400 = CARTESIAN_POINT('',(9.033162006688,13.619929257136));
#1401 = CARTESIAN_POINT('',(9.033162006688,-13.61992925713));
#1402 = ( GEOMETRIC_REPRESENTATION_CONTEXT(2) 
PARAMETRIC_REPRESENTATION_CONTEXT() REPRESENTATION_CONTEXT('2D SPACE',''
  ) );
#1403 = ORIENTED_EDGE('',*,*,#682,.F.);
#1404 = ORIENTED_EDGE('',*,*,#1341,.T.);
#1405 = ADVANCED_FACE('',(#1406),#671,.F.);
#1406 = FACE_BOUND('',#1407,.F.);
#1407 = EDGE_LOOP('',(#1408,#1429,#1450,#1451));
#1408 = ORIENTED_EDGE('',*,*,#1409,.F.);
#1409 = EDGE_CURVE('',#1410,#1365,#1412,.T.);
#1410 = VERTEX_POINT('',#1411);
#1411 = CARTESIAN_POINT('',(-15.2474701449,-12.61159731645,
    5.868885604403));
#1412 = SURFACE_CURVE('',#1413,(#1417,#1423),.PCURVE_S1.);
#1413 = LINE('',#1414,#1415);
#1414 = CARTESIAN_POINT('',(-11.50379867048,-10.13655301497,
    10.155788085552));
#1415 = VECTOR('',#1416,1.);
#1416 = DIRECTION('',(-0.603202746706,-0.398793946283,-0.690731376713));
#1417 = PCURVE('',#671,#1418);
#1418 = DEFINITIONAL_REPRESENTATION('',(#1419),#1422);
#1419 = B_SPLINE_CURVE_WITH_KNOTS('',1,(#1420,#1421),.UNSPECIFIED.,.F.,
  .F.,(2,2),(6.206323652984,14.702948827788),.PIECEWISE_BEZIER_KNOTS.);
#1420 = CARTESIAN_POINT('',(10.,-12.61159731645));
#1421 = CARTESIAN_POINT('',(2.20825009287,-16.));
#1422 = ( GEOMETRIC_REPRESENTATION_CONTEXT(2) 
PARAMETRIC_REPRESENTATION_CONTEXT() REPRESENTATION_CONTEXT('2D SPACE',''
  ) );
#1423 = PCURVE('',#929,#1424);
#1424 = DEFINITIONAL_REPRESENTATION('',(#1425),#1428);
#1425 = B_SPLINE_CURVE_WITH_KNOTS('',1,(#1426,#1427),.UNSPECIFIED.,.F.,
  .F.,(2,2),(6.206323652984,14.702948827788),.PIECEWISE_BEZIER_KNOTS.);
#1426 = CARTESIAN_POINT('',(9.22319463291,-15.2474701449));
#1427 = CARTESIAN_POINT('',(16.,-20.37265778807));
#1428 = ( GEOMETRIC_REPRESENTATION_CONTEXT(2) 
PARAMETRIC_REPRESENTATION_CONTEXT() REPRESENTATION_CONTEXT('2D SPACE',''
  ) );
#1429 = ORIENTED_EDGE('',*,*,#1430,.T.);
#1430 = EDGE_CURVE('',#1410,#631,#1431,.T.);
#1431 = SURFACE_CURVE('',#1432,(#1436,#1443),.PCURVE_S1.);
#1432 = LINE('',#1433,#1434);
#1433 = CARTESIAN_POINT('',(-15.2474701449,-21.,5.868885604403));
#1434 = VECTOR('',#1435,1.);
#1435 = DIRECTION('',(0.,1.,0.));
#1436 = PCURVE('',#671,#1437);
#1437 = DEFINITIONAL_REPRESENTATION('',(#1438),#1442);
#1438 = LINE('',#1439,#1440);
#1439 = CARTESIAN_POINT('',(10.,-21.));
#1440 = VECTOR('',#1441,1.);
#1441 = DIRECTION('',(0.,1.));
#1442 = ( GEOMETRIC_REPRESENTATION_CONTEXT(2) 
PARAMETRIC_REPRESENTATION_CONTEXT() REPRESENTATION_CONTEXT('2D SPACE',''
  ) );
#1443 = PCURVE('',#645,#1444);
#1444 = DEFINITIONAL_REPRESENTATION('',(#1445),#1449);
#1445 = LINE('',#1446,#1447);
#1446 = CARTESIAN_POINT('',(0.,-21.));
#1447 = VECTOR('',#1448,1.);
#1448 = DIRECTION('',(0.,1.));
#1449 = ( GEOMETRIC_REPRESENTATION_CONTEXT(2) 
PARAMETRIC_REPRESENTATION_CONTEXT() REPRESENTATION_CONTEXT('2D SPACE',''
  ) );
#1450 = ORIENTED_EDGE('',*,*,#656,.F.);
#1451 = ORIENTED_EDGE('',*,*,#1385,.T.);
#1452 = ADVANCED_FACE('',(#1453),#645,.F.);
#1453 = FACE_BOUND('',#1454,.F.);
#1454 = EDGE_LOOP('',(#1455,#1456,#1477,#1496));
#1455 = ORIENTED_EDGE('',*,*,#1430,.F.);
#1456 = ORIENTED_EDGE('',*,*,#1457,.F.);
#1457 = EDGE_CURVE('',#1458,#1410,#1460,.T.);
#1458 = VERTEX_POINT('',#1459);
#1459 = CARTESIAN_POINT('',(-11.32295690583,-13.66190880113,
    4.049692749165));
#1460 = SURFACE_CURVE('',#1461,(#1465,#1471),.PCURVE_S1.);
#1461 = LINE('',#1462,#1463);
#1462 = CARTESIAN_POINT('',(-12.55199068932,-13.33298436663,
    4.619406581577));
#1463 = VECTOR('',#1464,1.);
#1464 = DIRECTION('',(-0.881647753209,0.235954041744,0.408684388552));
#1465 = PCURVE('',#645,#1466);
#1466 = DEFINITIONAL_REPRESENTATION('',(#1467),#1470);
#1467 = B_SPLINE_CURVE_WITH_KNOTS('',1,(#1468,#1469),.UNSPECIFIED.,.F.,
  .F.,(2,2),(-7.233241929088,3.057320166434),.PIECEWISE_BEZIER_KNOTS.);
#1468 = CARTESIAN_POINT('',(10.,-15.03969703471));
#1469 = CARTESIAN_POINT('',(-3.548565401453E-16,-12.61159731645));
#1470 = ( GEOMETRIC_REPRESENTATION_CONTEXT(2) 
PARAMETRIC_REPRESENTATION_CONTEXT() REPRESENTATION_CONTEXT('2D SPACE',''
  ) );
#1471 = PCURVE('',#929,#1472);
#1472 = DEFINITIONAL_REPRESENTATION('',(#1473),#1476);
#1473 = B_SPLINE_CURVE_WITH_KNOTS('',1,(#1474,#1475),.UNSPECIFIED.,.F.,
  .F.,(2,2),(-7.233241929088,3.057320166434),.PIECEWISE_BEZIER_KNOTS.);
#1474 = CARTESIAN_POINT('',(14.079394069419,-6.17481919413));
#1475 = CARTESIAN_POINT('',(9.22319463291,-15.2474701449));
#1476 = ( GEOMETRIC_REPRESENTATION_CONTEXT(2) 
PARAMETRIC_REPRESENTATION_CONTEXT() REPRESENTATION_CONTEXT('2D SPACE',''
  ) );
#1477 = ORIENTED_EDGE('',*,*,#1478,.F.);
#1478 = EDGE_CURVE('',#605,#1458,#1479,.T.);
#1479 = SURFACE_CURVE('',#1480,(#1484,#1490),.PCURVE_S1.);
#1480 = LINE('',#1481,#1482);
#1481 = CARTESIAN_POINT('',(-11.32295690583,0.,4.049692749165));
#1482 = VECTOR('',#1483,1.);
#1483 = DIRECTION('',(-0.,-1.,0.));
#1484 = PCURVE('',#645,#1485);
#1485 = DEFINITIONAL_REPRESENTATION('',(#1486),#1489);
#1486 = B_SPLINE_CURVE_WITH_KNOTS('',1,(#1487,#1488),.UNSPECIFIED.,.F.,
  .F.,(2,2),(-15.03969703471,15.03969703471),.PIECEWISE_BEZIER_KNOTS.);
#1487 = CARTESIAN_POINT('',(4.325652182993,15.03969703471));
#1488 = CARTESIAN_POINT('',(4.325652182993,-15.03969703471));
#1489 = ( GEOMETRIC_REPRESENTATION_CONTEXT(2) 
PARAMETRIC_REPRESENTATION_CONTEXT() REPRESENTATION_CONTEXT('2D SPACE',''
  ) );
#1490 = PCURVE('',#619,#1491);
#1491 = DEFINITIONAL_REPRESENTATION('',(#1492),#1495);
#1492 = B_SPLINE_CURVE_WITH_KNOTS('',1,(#1493,#1494),.UNSPECIFIED.,.F.,
  .F.,(2,2),(-15.03969703471,15.03969703471),.PIECEWISE_BEZIER_KNOTS.);
#1493 = CARTESIAN_POINT('',(9.447956176666,15.03969703471));
#1494 = CARTESIAN_POINT('',(9.447956176666,-15.03969703471));
#1495 = ( GEOMETRIC_REPRESENTATION_CONTEXT(2) 
PARAMETRIC_REPRESENTATION_CONTEXT() REPRESENTATION_CONTEXT('2D SPACE',''
  ) );
#1496 = ORIENTED_EDGE('',*,*,#630,.F.);
#1497 = ADVANCED_FACE('',(#1498),#619,.F.);
#1498 = FACE_BOUND('',#1499,.F.);
#1499 = EDGE_LOOP('',(#1500,#1521,#1542,#1543));
#1500 = ORIENTED_EDGE('',*,*,#1501,.F.);
#1501 = EDGE_CURVE('',#1502,#1458,#1504,.T.);
#1502 = VERTEX_POINT('',#1503);
#1503 = CARTESIAN_POINT('',(-11.36231110183,-13.40220480361,
    4.499513267806));
#1504 = SURFACE_CURVE('',#1505,(#1509,#1515),.PCURVE_S1.);
#1505 = LINE('',#1506,#1507);
#1506 = CARTESIAN_POINT('',(-11.66510692511,-11.40401163166,
    7.960485364954));
#1507 = VECTOR('',#1508,1.);
#1508 = DIRECTION('',(7.555085810113E-02,-0.498570974847,-0.863550259614
    ));
#1509 = PCURVE('',#619,#1510);
#1510 = DEFINITIONAL_REPRESENTATION('',(#1511),#1514);
#1511 = B_SPLINE_CURVE_WITH_KNOTS('',1,(#1512,#1513),.UNSPECIFIED.,.F.,
  .F.,(2,2),(4.00784095496,9.218323168021),.PIECEWISE_BEZIER_KNOTS.);
#1512 = CARTESIAN_POINT('',(9.899494936612,-13.40220480361));
#1513 = CARTESIAN_POINT('',(5.382794259099,-16.));
#1514 = ( GEOMETRIC_REPRESENTATION_CONTEXT(2) 
PARAMETRIC_REPRESENTATION_CONTEXT() REPRESENTATION_CONTEXT('2D SPACE',''
  ) );
#1515 = PCURVE('',#929,#1516);
#1516 = DEFINITIONAL_REPRESENTATION('',(#1517),#1520);
#1517 = B_SPLINE_CURVE_WITH_KNOTS('',1,(#1518,#1519),.UNSPECIFIED.,.F.,
  .F.,(2,2),(4.00784095496,9.218323168021),.PIECEWISE_BEZIER_KNOTS.);
#1518 = CARTESIAN_POINT('',(10.80440960722,-11.36231110183));
#1519 = CARTESIAN_POINT('',(16.,-10.96865469951));
#1520 = ( GEOMETRIC_REPRESENTATION_CONTEXT(2) 
PARAMETRIC_REPRESENTATION_CONTEXT() REPRESENTATION_CONTEXT('2D SPACE',''
  ) );
#1521 = ORIENTED_EDGE('',*,*,#1522,.F.);
#1522 = EDGE_CURVE('',#579,#1502,#1523,.T.);
#1523 = SURFACE_CURVE('',#1524,(#1528,#1535),.PCURVE_S1.);
#1524 = LINE('',#1525,#1526);
#1525 = CARTESIAN_POINT('',(-11.36231110183,21.,4.499513267806));
#1526 = VECTOR('',#1527,1.);
#1527 = DIRECTION('',(0.,-1.,0.));
#1528 = PCURVE('',#619,#1529);
#1529 = DEFINITIONAL_REPRESENTATION('',(#1530),#1534);
#1530 = LINE('',#1531,#1532);
#1531 = CARTESIAN_POINT('',(9.899494936612,21.));
#1532 = VECTOR('',#1533,1.);
#1533 = DIRECTION('',(0.,-1.));
#1534 = ( GEOMETRIC_REPRESENTATION_CONTEXT(2) 
PARAMETRIC_REPRESENTATION_CONTEXT() REPRESENTATION_CONTEXT('2D SPACE',''
  ) );
#1535 = PCURVE('',#593,#1536);
#1536 = DEFINITIONAL_REPRESENTATION('',(#1537),#1541);
#1537 = LINE('',#1538,#1539);
#1538 = CARTESIAN_POINT('',(0.,21.));
#1539 = VECTOR('',#1540,1.);
#1540 = DIRECTION('',(0.,-1.));
#1541 = ( GEOMETRIC_REPRESENTATION_CONTEXT(2) 
PARAMETRIC_REPRESENTATION_CONTEXT() REPRESENTATION_CONTEXT('2D SPACE',''
  ) );
#1542 = ORIENTED_EDGE('',*,*,#604,.F.);
#1543 = ORIENTED_EDGE('',*,*,#1478,.T.);
#1544 = ADVANCED_FACE('',(#1545),#593,.F.);
#1545 = FACE_BOUND('',#1546,.F.);
#1546 = EDGE_LOOP('',(#1547,#1548,#1549,#1570));
#1547 = ORIENTED_EDGE('',*,*,#578,.F.);
#1548 = ORIENTED_EDGE('',*,*,#1522,.T.);
#1549 = ORIENTED_EDGE('',*,*,#1550,.F.);
#1550 = EDGE_CURVE('',#1551,#1502,#1553,.T.);
#1551 = VERTEX_POINT('',#1552);
#1552 = CARTESIAN_POINT('',(-2.028477352101,-12.93073789469,
    5.316117908143));
#1553 = SURFACE_CURVE('',#1554,(#1558,#1564),.PCURVE_S1.);
#1554 = LINE('',#1555,#1556);
#1555 = CARTESIAN_POINT('',(-4.863251447594,-13.07392687963,
    5.06810731113));
#1556 = VECTOR('',#1557,1.);
#1557 = DIRECTION('',(-0.994935885121,-5.02558068752E-02,
    -8.704561088321E-02));
#1558 = PCURVE('',#593,#1559);
#1559 = DEFINITIONAL_REPRESENTATION('',(#1560),#1563);
#1560 = B_SPLINE_CURVE_WITH_KNOTS('',1,(#1561,#1562),.UNSPECIFIED.,.F.,
  .F.,(2,2),(-3.379880820151,6.532139157337),.PIECEWISE_BEZIER_KNOTS.);
#1561 = CARTESIAN_POINT('',(9.899494936612,-12.90406824187));
#1562 = CARTESIAN_POINT('',(-2.517992697111E-16,-13.40220480361));
#1563 = ( GEOMETRIC_REPRESENTATION_CONTEXT(2) 
PARAMETRIC_REPRESENTATION_CONTEXT() REPRESENTATION_CONTEXT('2D SPACE',''
  ) );
#1564 = PCURVE('',#929,#1565);
#1565 = DEFINITIONAL_REPRESENTATION('',(#1566),#1569);
#1566 = B_SPLINE_CURVE_WITH_KNOTS('',1,(#1567,#1568),.UNSPECIFIED.,.F.,
  .F.,(2,2),(-3.379880820151,6.532139157337),.PIECEWISE_BEZIER_KNOTS.);
#1567 = CARTESIAN_POINT('',(9.808136483757,-1.500486732194));
#1568 = CARTESIAN_POINT('',(10.80440960722,-11.36231110183));
#1569 = ( GEOMETRIC_REPRESENTATION_CONTEXT(2) 
PARAMETRIC_REPRESENTATION_CONTEXT() REPRESENTATION_CONTEXT('2D SPACE',''
  ) );
#1570 = ORIENTED_EDGE('',*,*,#1571,.F.);
#1571 = EDGE_CURVE('',#553,#1551,#1572,.T.);
#1572 = SURFACE_CURVE('',#1573,(#1577,#1583),.PCURVE_S1.);
#1573 = LINE('',#1574,#1575);
#1574 = CARTESIAN_POINT('',(-2.028477352101,0.,5.316117908143));
#1575 = VECTOR('',#1576,1.);
#1576 = DIRECTION('',(0.,-1.,0.));
#1577 = PCURVE('',#593,#1578);
#1578 = DEFINITIONAL_REPRESENTATION('',(#1579),#1582);
#1579 = B_SPLINE_CURVE_WITH_KNOTS('',1,(#1580,#1581),.UNSPECIFIED.,.F.,
  .F.,(2,2),(-13.40220480361,13.40220480361),.PIECEWISE_BEZIER_KNOTS.);
#1580 = CARTESIAN_POINT('',(9.369487478312,13.40220480361));
#1581 = CARTESIAN_POINT('',(9.369487478312,-13.40220480361));
#1582 = ( GEOMETRIC_REPRESENTATION_CONTEXT(2) 
PARAMETRIC_REPRESENTATION_CONTEXT() REPRESENTATION_CONTEXT('2D SPACE',''
  ) );
#1583 = PCURVE('',#567,#1584);
#1584 = DEFINITIONAL_REPRESENTATION('',(#1585),#1588);
#1585 = B_SPLINE_CURVE_WITH_KNOTS('',1,(#1586,#1587),.UNSPECIFIED.,.F.,
  .F.,(2,2),(-13.40220480361,13.40220480361),.PIECEWISE_BEZIER_KNOTS.);
#1586 = CARTESIAN_POINT('',(8.231386335609,13.40220480361));
#1587 = CARTESIAN_POINT('',(8.231386335609,-13.40220480361));
#1588 = ( GEOMETRIC_REPRESENTATION_CONTEXT(2) 
PARAMETRIC_REPRESENTATION_CONTEXT() REPRESENTATION_CONTEXT('2D SPACE',''
  ) );
#1589 = ADVANCED_FACE('',(#1590),#567,.F.);
#1590 = FACE_BOUND('',#1591,.F.);
#1591 = EDGE_LOOP('',(#1592,#1613,#1634,#1635));
#1592 = ORIENTED_EDGE('',*,*,#1593,.F.);
#1593 = EDGE_CURVE('',#1594,#1551,#1596,.T.);
#1594 = VERTEX_POINT('',#1595);
#1595 = CARTESIAN_POINT('',(-1.755772502287,-11.92183975666,
    7.063580742871));
#1596 = SURFACE_CURVE('',#1597,(#1601,#1607),.PCURVE_S1.);
#1597 = LINE('',#1598,#1599);
#1598 = CARTESIAN_POINT('',(-1.405588337126,-10.62629934937,
    9.307522551557));
#1599 = VECTOR('',#1600,1.);
#1600 = DIRECTION('',(-0.133932209898,-0.495495247997,-0.85822294444));
#1601 = PCURVE('',#567,#1602);
#1602 = DEFINITIONAL_REPRESENTATION('',(#1603),#1606);
#1603 = B_SPLINE_CURVE_WITH_KNOTS('',1,(#1604,#1605),.UNSPECIFIED.,.F.,
  .F.,(2,2),(2.614637400716,10.845110366546),.PIECEWISE_BEZIER_KNOTS.);
#1604 = CARTESIAN_POINT('',(10.,-11.92183975666));
#1605 = CARTESIAN_POINT('',(2.850923537203,-16.));
#1606 = ( GEOMETRIC_REPRESENTATION_CONTEXT(2) 
PARAMETRIC_REPRESENTATION_CONTEXT() REPRESENTATION_CONTEXT('2D SPACE',''
  ) );
#1607 = PCURVE('',#929,#1608);
#1608 = DEFINITIONAL_REPRESENTATION('',(#1609),#1612);
#1609 = B_SPLINE_CURVE_WITH_KNOTS('',1,(#1610,#1611),.UNSPECIFIED.,.F.,
  .F.,(2,2),(2.614637400716,10.845110366546),.PIECEWISE_BEZIER_KNOTS.);
#1610 = CARTESIAN_POINT('',(7.843679513321,-1.755772502287));
#1611 = CARTESIAN_POINT('',(16.,-2.85809793511));
#1612 = ( GEOMETRIC_REPRESENTATION_CONTEXT(2) 
PARAMETRIC_REPRESENTATION_CONTEXT() REPRESENTATION_CONTEXT('2D SPACE',''
  ) );
#1613 = ORIENTED_EDGE('',*,*,#1614,.T.);
#1614 = EDGE_CURVE('',#1594,#527,#1615,.T.);
#1615 = SURFACE_CURVE('',#1616,(#1620,#1627),.PCURVE_S1.);
#1616 = LINE('',#1617,#1618);
#1617 = CARTESIAN_POINT('',(-1.755772502287,-21.,7.063580742871));
#1618 = VECTOR('',#1619,1.);
#1619 = DIRECTION('',(0.,1.,0.));
#1620 = PCURVE('',#567,#1621);
#1621 = DEFINITIONAL_REPRESENTATION('',(#1622),#1626);
#1622 = LINE('',#1623,#1624);
#1623 = CARTESIAN_POINT('',(10.,-21.));
#1624 = VECTOR('',#1625,1.);
#1625 = DIRECTION('',(0.,1.));
#1626 = ( GEOMETRIC_REPRESENTATION_CONTEXT(2) 
PARAMETRIC_REPRESENTATION_CONTEXT() REPRESENTATION_CONTEXT('2D SPACE',''
  ) );
#1627 = PCURVE('',#541,#1628);
#1628 = DEFINITIONAL_REPRESENTATION('',(#1629),#1633);
#1629 = LINE('',#1630,#1631);
#1630 = CARTESIAN_POINT('',(0.,-21.));
#1631 = VECTOR('',#1632,1.);
#1632 = DIRECTION('',(0.,1.));
#1633 = ( GEOMETRIC_REPRESENTATION_CONTEXT(2) 
PARAMETRIC_REPRESENTATION_CONTEXT() REPRESENTATION_CONTEXT('2D SPACE',''
  ) );
#1634 = ORIENTED_EDGE('',*,*,#552,.F.);
#1635 = ORIENTED_EDGE('',*,*,#1571,.T.);
#1636 = ADVANCED_FACE('',(#1637),#541,.F.);
#1637 = FACE_BOUND('',#1638,.F.);
#1638 = EDGE_LOOP('',(#1639,#1640,#1661,#1680));
#1639 = ORIENTED_EDGE('',*,*,#1614,.F.);
#1640 = ORIENTED_EDGE('',*,*,#1641,.F.);
#1641 = EDGE_CURVE('',#1642,#1594,#1644,.T.);
#1642 = VERTEX_POINT('',#1643);
#1643 = CARTESIAN_POINT('',(5.184284926647,-13.80135035079,
    3.808172900473));
#1644 = SURFACE_CURVE('',#1645,(#1649,#1655),.PCURVE_S1.);
#1645 = LINE('',#1646,#1647);
#1646 = CARTESIAN_POINT('',(-3.967569792237,-11.32283946291,
    8.101079685384));
#1647 = VECTOR('',#1648,1.);
#1648 = DIRECTION('',(-0.87930133613,0.238132925212,0.412458325422));
#1649 = PCURVE('',#541,#1650);
#1650 = DEFINITIONAL_REPRESENTATION('',(#1651),#1654);
#1651 = B_SPLINE_CURVE_WITH_KNOTS('',1,(#1652,#1653),.UNSPECIFIED.,.F.,
  .F.,(2,2),(-12.81159812513,-2.51540308091),.PIECEWISE_BEZIER_KNOTS.);
#1652 = CARTESIAN_POINT('',(10.,-14.37370280109));
#1653 = CARTESIAN_POINT('',(4.670407436481E-16,-11.92183975666));
#1654 = ( GEOMETRIC_REPRESENTATION_CONTEXT(2) 
PARAMETRIC_REPRESENTATION_CONTEXT() REPRESENTATION_CONTEXT('2D SPACE',''
  ) );
#1655 = PCURVE('',#929,#1656);
#1656 = DEFINITIONAL_REPRESENTATION('',(#1657),#1660);
#1657 = B_SPLINE_CURVE_WITH_KNOTS('',1,(#1658,#1659),.UNSPECIFIED.,.F.,
  .F.,(2,2),(-12.81159812513,-2.51540308091),.PIECEWISE_BEZIER_KNOTS.);
#1658 = CARTESIAN_POINT('',(12.747405602184,7.297685557154));
#1659 = CARTESIAN_POINT('',(7.843679513321,-1.755772502287));
#1660 = ( GEOMETRIC_REPRESENTATION_CONTEXT(2) 
PARAMETRIC_REPRESENTATION_CONTEXT() REPRESENTATION_CONTEXT('2D SPACE',''
  ) );
#1661 = ORIENTED_EDGE('',*,*,#1662,.F.);
#1662 = EDGE_CURVE('',#501,#1642,#1663,.T.);
#1663 = SURFACE_CURVE('',#1664,(#1668,#1674),.PCURVE_S1.);
#1664 = LINE('',#1665,#1666);
#1665 = CARTESIAN_POINT('',(5.184284926647,0.,3.808172900473));
#1666 = VECTOR('',#1667,1.);
#1667 = DIRECTION('',(0.,-1.,0.));
#1668 = PCURVE('',#541,#1669);
#1669 = DEFINITIONAL_REPRESENTATION('',(#1670),#1673);
#1670 = B_SPLINE_CURVE_WITH_KNOTS('',1,(#1671,#1672),.UNSPECIFIED.,.F.,
  .F.,(2,2),(-14.37370280109,14.373702801092),.PIECEWISE_BEZIER_KNOTS.);
#1671 = CARTESIAN_POINT('',(7.665642656507,14.373702801092));
#1672 = CARTESIAN_POINT('',(7.665642656507,-14.37370280109));
#1673 = ( GEOMETRIC_REPRESENTATION_CONTEXT(2) 
PARAMETRIC_REPRESENTATION_CONTEXT() REPRESENTATION_CONTEXT('2D SPACE',''
  ) );
#1674 = PCURVE('',#515,#1675);
#1675 = DEFINITIONAL_REPRESENTATION('',(#1676),#1679);
#1676 = B_SPLINE_CURVE_WITH_KNOTS('',1,(#1677,#1678),.UNSPECIFIED.,.F.,
  .F.,(2,2),(-14.37370280109,14.373702801092),.PIECEWISE_BEZIER_KNOTS.);
#1677 = CARTESIAN_POINT('',(3.555859046555,14.373702801092));
#1678 = CARTESIAN_POINT('',(3.555859046555,-14.37370280109));
#1679 = ( GEOMETRIC_REPRESENTATION_CONTEXT(2) 
PARAMETRIC_REPRESENTATION_CONTEXT() REPRESENTATION_CONTEXT('2D SPACE',''
  ) );
#1680 = ORIENTED_EDGE('',*,*,#526,.F.);
#1681 = ADVANCED_FACE('',(#1682),#515,.F.);
#1682 = FACE_BOUND('',#1683,.F.);
#1683 = EDGE_LOOP('',(#1684,#1705,#1726,#1727));
#1684 = ORIENTED_EDGE('',*,*,#1685,.F.);
#1685 = EDGE_CURVE('',#1686,#1642,#1688,.T.);
#1686 = VERTEX_POINT('',#1687);
#1687 = CARTESIAN_POINT('',(11.87303296708,-13.32345075988,
    4.635919272834));
#1688 = SURFACE_CURVE('',#1689,(#1693,#1699),.PCURVE_S1.);
#1689 = LINE('',#1690,#1691);
#1690 = CARTESIAN_POINT('',(2.183950193869,-14.01571912843,
    3.436875286044));
#1691 = VECTOR('',#1692,1.);
#1692 = DIRECTION('',(-0.989944028023,-7.072980521164E-02,
    -0.122507616236));
#1693 = PCURVE('',#515,#1694);
#1694 = DEFINITIONAL_REPRESENTATION('',(#1695),#1698);
#1695 = B_SPLINE_CURVE_WITH_KNOTS('',1,(#1696,#1697),.UNSPECIFIED.,.F.,
  .F.,(2,2),(-9.787505655808,0.533974517756),.PIECEWISE_BEZIER_KNOTS.);
#1696 = CARTESIAN_POINT('',(10.295630140987,-13.32345075988));
#1697 = CARTESIAN_POINT('',(-2.530966418221E-16,-14.05348704206));
#1698 = ( GEOMETRIC_REPRESENTATION_CONTEXT(2) 
PARAMETRIC_REPRESENTATION_CONTEXT() REPRESENTATION_CONTEXT('2D SPACE',''
  ) );
#1699 = PCURVE('',#929,#1700);
#1700 = DEFINITIONAL_REPRESENTATION('',(#1701),#1704);
#1701 = B_SPLINE_CURVE_WITH_KNOTS('',1,(#1702,#1703),.UNSPECIFIED.,.F.,
  .F.,(2,2),(-9.787505655808,0.533974517756),.PIECEWISE_BEZIER_KNOTS.);
#1702 = CARTESIAN_POINT('',(10.646901519776,11.87303296708));
#1703 = CARTESIAN_POINT('',(12.10697408412,1.655345308899));
#1704 = ( GEOMETRIC_REPRESENTATION_CONTEXT(2) 
PARAMETRIC_REPRESENTATION_CONTEXT() REPRESENTATION_CONTEXT('2D SPACE',''
  ) );
#1705 = ORIENTED_EDGE('',*,*,#1706,.T.);
#1706 = EDGE_CURVE('',#1686,#475,#1707,.T.);
#1707 = SURFACE_CURVE('',#1708,(#1712,#1719),.PCURVE_S1.);
#1708 = LINE('',#1709,#1710);
#1709 = CARTESIAN_POINT('',(11.87303296708,-21.,4.635919272834));
#1710 = VECTOR('',#1711,1.);
#1711 = DIRECTION('',(0.,1.,0.));
#1712 = PCURVE('',#515,#1713);
#1713 = DEFINITIONAL_REPRESENTATION('',(#1714),#1718);
#1714 = LINE('',#1715,#1716);
#1715 = CARTESIAN_POINT('',(10.295630140987,-21.));
#1716 = VECTOR('',#1717,1.);
#1717 = DIRECTION('',(0.,1.));
#1718 = ( GEOMETRIC_REPRESENTATION_CONTEXT(2) 
PARAMETRIC_REPRESENTATION_CONTEXT() REPRESENTATION_CONTEXT('2D SPACE',''
  ) );
#1719 = PCURVE('',#489,#1720);
#1720 = DEFINITIONAL_REPRESENTATION('',(#1721),#1725);
#1721 = LINE('',#1722,#1723);
#1722 = CARTESIAN_POINT('',(0.,-21.));
#1723 = VECTOR('',#1724,1.);
#1724 = DIRECTION('',(0.,1.));
#1725 = ( GEOMETRIC_REPRESENTATION_CONTEXT(2) 
PARAMETRIC_REPRESENTATION_CONTEXT() REPRESENTATION_CONTEXT('2D SPACE',''
  ) );
#1726 = ORIENTED_EDGE('',*,*,#500,.F.);
#1727 = ORIENTED_EDGE('',*,*,#1662,.T.);
#1728 = ADVANCED_FACE('',(#1729),#489,.F.);
#1729 = FACE_BOUND('',#1730,.F.);
#1730 = EDGE_LOOP('',(#1731,#1732,#1753,#1772));
#1731 = ORIENTED_EDGE('',*,*,#1706,.F.);
#1732 = ORIENTED_EDGE('',*,*,#1733,.F.);
#1733 = EDGE_CURVE('',#1734,#1686,#1736,.T.);
#1734 = VERTEX_POINT('',#1735);
#1735 = CARTESIAN_POINT('',(13.160709337827,-14.24331415839,
    3.042669130593));
#1736 = SURFACE_CURVE('',#1737,(#1741,#1747),.PCURVE_S1.);
#1737 = LINE('',#1738,#1739);
#1738 = CARTESIAN_POINT('',(5.855383370624,-9.0246877053,12.081595293081
    ));
#1739 = VECTOR('',#1740,1.);
#1740 = DIRECTION('',(-0.573422777177,0.409629808063,0.70949963986));
#1741 = PCURVE('',#489,#1742);
#1742 = DEFINITIONAL_REPRESENTATION('',(#1743),#1746);
#1743 = B_SPLINE_CURVE_WITH_KNOTS('',1,(#1744,#1745),.UNSPECIFIED.,.F.,
  .F.,(2,2),(-17.02833181912,-10.49426328351),.PIECEWISE_BEZIER_KNOTS.);
#1744 = CARTESIAN_POINT('',(5.960716047027,-16.));
#1745 = CARTESIAN_POINT('',(3.700898781846E-16,-13.32345075988));
#1746 = ( GEOMETRIC_REPRESENTATION_CONTEXT(2) 
PARAMETRIC_REPRESENTATION_CONTEXT() REPRESENTATION_CONTEXT('2D SPACE',''
  ) );
#1747 = PCURVE('',#929,#1748);
#1748 = DEFINITIONAL_REPRESENTATION('',(#1749),#1752);
#1749 = B_SPLINE_CURVE_WITH_KNOTS('',1,(#1750,#1751),.UNSPECIFIED.,.F.,
  .F.,(2,2),(-17.02833181912,-10.49426328351),.PIECEWISE_BEZIER_KNOTS.);
#1750 = CARTESIAN_POINT('',(16.,15.619816693031));
#1751 = CARTESIAN_POINT('',(10.646901519776,11.87303296708));
#1752 = ( GEOMETRIC_REPRESENTATION_CONTEXT(2) 
PARAMETRIC_REPRESENTATION_CONTEXT() REPRESENTATION_CONTEXT('2D SPACE',''
  ) );
#1753 = ORIENTED_EDGE('',*,*,#1754,.F.);
#1754 = EDGE_CURVE('',#449,#1734,#1755,.T.);
#1755 = SURFACE_CURVE('',#1756,(#1760,#1766),.PCURVE_S1.);
#1756 = LINE('',#1757,#1758);
#1757 = CARTESIAN_POINT('',(13.160709337827,0.,3.042669130593));
#1758 = VECTOR('',#1759,1.);
#1759 = DIRECTION('',(-0.,-1.,0.));
#1760 = PCURVE('',#489,#1761);
#1761 = DEFINITIONAL_REPRESENTATION('',(#1762),#1765);
#1762 = B_SPLINE_CURVE_WITH_KNOTS('',1,(#1763,#1764),.UNSPECIFIED.,.F.,
  .F.,(2,2),(-16.,16.),.PIECEWISE_BEZIER_KNOTS.);
#1763 = CARTESIAN_POINT('',(2.048549841115,16.));
#1764 = CARTESIAN_POINT('',(2.048549841115,-16.));
#1765 = ( GEOMETRIC_REPRESENTATION_CONTEXT(2) 
PARAMETRIC_REPRESENTATION_CONTEXT() REPRESENTATION_CONTEXT('2D SPACE',''
  ) );
#1766 = PCURVE('',#463,#1767);
#1767 = DEFINITIONAL_REPRESENTATION('',(#1768),#1771);
#1768 = B_SPLINE_CURVE_WITH_KNOTS('',1,(#1769,#1770),.UNSPECIFIED.,.F.,
  .F.,(2,2),(-16.,16.),.PIECEWISE_BEZIER_KNOTS.);
#1769 = CARTESIAN_POINT('',(6.921476200955,16.));
#1770 = CARTESIAN_POINT('',(6.921476200955,-16.));
#1771 = ( GEOMETRIC_REPRESENTATION_CONTEXT(2) 
PARAMETRIC_REPRESENTATION_CONTEXT() REPRESENTATION_CONTEXT('2D SPACE',''
  ) );
#1772 = ORIENTED_EDGE('',*,*,#474,.F.);
#1773 = ADVANCED_FACE('',(#1774),#463,.F.);
#1774 = FACE_BOUND('',#1775,.F.);
#1775 = EDGE_LOOP('',(#1776,#1797,#1818,#1819));
#1776 = ORIENTED_EDGE('',*,*,#1777,.F.);
#1777 = EDGE_CURVE('',#1778,#1734,#1780,.T.);
#1778 = VERTEX_POINT('',#1779);
#1779 = CARTESIAN_POINT('',(12.797986221658,-13.29574085007,
    4.683914244512));
#1780 = SURFACE_CURVE('',#1781,(#1785,#1791),.PCURVE_S1.);
#1781 = LINE('',#1782,#1783);
#1782 = CARTESIAN_POINT('',(11.68472429701,-10.38746939464,
    9.721188167503));
#1783 = VECTOR('',#1784,1.);
#1784 = DIRECTION('',(0.187983633389,-0.491086080432,-0.850586042199));
#1785 = PCURVE('',#463,#1786);
#1786 = DEFINITIONAL_REPRESENTATION('',(#1787),#1790);
#1787 = B_SPLINE_CURVE_WITH_KNOTS('',1,(#1788,#1789),.UNSPECIFIED.,.F.,
  .F.,(2,2),(5.922121541013,11.428812236764),.PIECEWISE_BEZIER_KNOTS.);
#1788 = CARTESIAN_POINT('',(8.602325267043,-13.29574085007));
#1789 = CARTESIAN_POINT('',(3.805386152494,-16.));
#1790 = ( GEOMETRIC_REPRESENTATION_CONTEXT(2) 
PARAMETRIC_REPRESENTATION_CONTEXT() REPRESENTATION_CONTEXT('2D SPACE',''
  ) );
#1791 = PCURVE('',#929,#1792);
#1792 = DEFINITIONAL_REPRESENTATION('',(#1793),#1796);
#1793 = B_SPLINE_CURVE_WITH_KNOTS('',1,(#1794,#1795),.UNSPECIFIED.,.F.,
  .F.,(2,2),(5.922121541013,11.428812236764),.PIECEWISE_BEZIER_KNOTS.);
#1794 = CARTESIAN_POINT('',(10.59148170014,12.797986221658));
#1795 = CARTESIAN_POINT('',(16.,13.833153946592));
#1796 = ( GEOMETRIC_REPRESENTATION_CONTEXT(2) 
PARAMETRIC_REPRESENTATION_CONTEXT() REPRESENTATION_CONTEXT('2D SPACE',''
  ) );
#1797 = ORIENTED_EDGE('',*,*,#1798,.T.);
#1798 = EDGE_CURVE('',#1778,#423,#1799,.T.);
#1799 = SURFACE_CURVE('',#1800,(#1804,#1811),.PCURVE_S1.);
#1800 = LINE('',#1801,#1802);
#1801 = CARTESIAN_POINT('',(12.797986221658,-21.,4.683914244512));
#1802 = VECTOR('',#1803,1.);
#1803 = DIRECTION('',(0.,1.,0.));
#1804 = PCURVE('',#463,#1805);
#1805 = DEFINITIONAL_REPRESENTATION('',(#1806),#1810);
#1806 = LINE('',#1807,#1808);
#1807 = CARTESIAN_POINT('',(8.602325267043,-21.));
#1808 = VECTOR('',#1809,1.);
#1809 = DIRECTION('',(0.,1.));
#1810 = ( GEOMETRIC_REPRESENTATION_CONTEXT(2) 
PARAMETRIC_REPRESENTATION_CONTEXT() REPRESENTATION_CONTEXT('2D SPACE',''
  ) );
#1811 = PCURVE('',#437,#1812);
#1812 = DEFINITIONAL_REPRESENTATION('',(#1813),#1817);
#1813 = LINE('',#1814,#1815);
#1814 = CARTESIAN_POINT('',(0.,-21.));
#1815 = VECTOR('',#1816,1.);
#1816 = DIRECTION('',(0.,1.));
#1817 = ( GEOMETRIC_REPRESENTATION_CONTEXT(2) 
PARAMETRIC_REPRESENTATION_CONTEXT() REPRESENTATION_CONTEXT('2D SPACE',''
  ) );
#1818 = ORIENTED_EDGE('',*,*,#448,.F.);
#1819 = ORIENTED_EDGE('',*,*,#1754,.T.);
#1820 = ADVANCED_FACE('',(#1821),#437,.F.);
#1821 = FACE_BOUND('',#1822,.F.);
#1822 = EDGE_LOOP('',(#1823,#1824,#1845,#1866));
#1823 = ORIENTED_EDGE('',*,*,#1798,.F.);
#1824 = ORIENTED_EDGE('',*,*,#1825,.F.);
#1825 = EDGE_CURVE('',#1826,#1778,#1828,.T.);
#1826 = VERTEX_POINT('',#1827);
#1827 = CARTESIAN_POINT('',(21.345653031794,-13.85472567481,
    3.715724127387));
#1828 = SURFACE_CURVE('',#1829,(#1833,#1839),.PCURVE_S1.);
#1829 = LINE('',#1830,#1831);
#1830 = CARTESIAN_POINT('',(5.398190876335,-12.8118224433,5.522085511739
    ));
#1831 = VECTOR('',#1832,1.);
#1832 = DIRECTION('',(-0.991554874887,6.484390890278E-02,0.112312944781)
  );
#1833 = PCURVE('',#437,#1834);
#1834 = DEFINITIONAL_REPRESENTATION('',(#1835),#1838);
#1835 = B_SPLINE_CURVE_WITH_KNOTS('',1,(#1836,#1837),.UNSPECIFIED.,.F.,
  .F.,(2,2),(-16.08328753088,-7.462819792161),.PIECEWISE_BEZIER_KNOTS.);
#1836 = CARTESIAN_POINT('',(8.602325267043,-13.85472567481));
#1837 = CARTESIAN_POINT('',(4.0135547698E-16,-13.29574085007));
#1838 = ( GEOMETRIC_REPRESENTATION_CONTEXT(2) 
PARAMETRIC_REPRESENTATION_CONTEXT() REPRESENTATION_CONTEXT('2D SPACE',''
  ) );
#1839 = PCURVE('',#929,#1840);
#1840 = DEFINITIONAL_REPRESENTATION('',(#1841),#1844);
#1841 = B_SPLINE_CURVE_WITH_KNOTS('',1,(#1842,#1843),.UNSPECIFIED.,.F.,
  .F.,(2,2),(-16.08328753088,-7.462819792161),.PIECEWISE_BEZIER_KNOTS.);
#1842 = CARTESIAN_POINT('',(11.709451349637,21.345653031794));
#1843 = CARTESIAN_POINT('',(10.59148170014,12.797986221658));
#1844 = ( GEOMETRIC_REPRESENTATION_CONTEXT(2) 
PARAMETRIC_REPRESENTATION_CONTEXT() REPRESENTATION_CONTEXT('2D SPACE',''
  ) );
#1845 = ORIENTED_EDGE('',*,*,#1846,.T.);
#1846 = EDGE_CURVE('',#1826,#397,#1847,.T.);
#1847 = SURFACE_CURVE('',#1848,(#1852,#1859),.PCURVE_S1.);
#1848 = LINE('',#1849,#1850);
#1849 = CARTESIAN_POINT('',(21.345653031794,-21.,3.715724127387));
#1850 = VECTOR('',#1851,1.);
#1851 = DIRECTION('',(0.,1.,0.));
#1852 = PCURVE('',#437,#1853);
#1853 = DEFINITIONAL_REPRESENTATION('',(#1854),#1858);
#1854 = LINE('',#1855,#1856);
#1855 = CARTESIAN_POINT('',(8.602325267043,-21.));
#1856 = VECTOR('',#1857,1.);
#1857 = DIRECTION('',(0.,1.));
#1858 = ( GEOMETRIC_REPRESENTATION_CONTEXT(2) 
PARAMETRIC_REPRESENTATION_CONTEXT() REPRESENTATION_CONTEXT('2D SPACE',''
  ) );
#1859 = PCURVE('',#411,#1860);
#1860 = DEFINITIONAL_REPRESENTATION('',(#1861),#1865);
#1861 = LINE('',#1862,#1863);
#1862 = CARTESIAN_POINT('',(0.,-21.));
#1863 = VECTOR('',#1864,1.);
#1864 = DIRECTION('',(-0.,1.));
#1865 = ( GEOMETRIC_REPRESENTATION_CONTEXT(2) 
PARAMETRIC_REPRESENTATION_CONTEXT() REPRESENTATION_CONTEXT('2D SPACE',''
  ) );
#1866 = ORIENTED_EDGE('',*,*,#422,.F.);
#1867 = ADVANCED_FACE('',(#1868),#411,.F.);
#1868 = FACE_BOUND('',#1869,.F.);
#1869 = EDGE_LOOP('',(#1870,#1871,#1892,#1911));
#1870 = ORIENTED_EDGE('',*,*,#1846,.F.);
#1871 = ORIENTED_EDGE('',*,*,#1872,.F.);
#1872 = EDGE_CURVE('',#1873,#1826,#1875,.T.);
#1873 = VERTEX_POINT('',#1874);
#1874 = CARTESIAN_POINT('',(21.440545613962,-14.10262186343,
    3.286355333707));
#1875 = SURFACE_CURVE('',#1876,(#1880,#1886),.PCURVE_S1.);
#1876 = LINE('',#1877,#1878);
#1877 = CARTESIAN_POINT('',(19.248019473496,-8.374894139702,
    13.207070763127));
#1878 = VECTOR('',#1879,1.);
#1879 = DIRECTION('',(-0.187983633389,0.491086080432,0.850586042199));
#1880 = PCURVE('',#411,#1881);
#1881 = DEFINITIONAL_REPRESENTATION('',(#1882),#1885);
#1882 = B_SPLINE_CURVE_WITH_KNOTS('',1,(#1883,#1884),.UNSPECIFIED.,.F.,
  .F.,(2,2),(-15.52702502498,-11.15859673784),.PIECEWISE_BEZIER_KNOTS.);
#1883 = CARTESIAN_POINT('',(3.805386152494,-16.));
#1884 = CARTESIAN_POINT('',(-1.732577182965E-16,-13.85472567481));
#1885 = ( GEOMETRIC_REPRESENTATION_CONTEXT(2) 
PARAMETRIC_REPRESENTATION_CONTEXT() REPRESENTATION_CONTEXT('2D SPACE',''
  ) );
#1886 = PCURVE('',#929,#1887);
#1887 = DEFINITIONAL_REPRESENTATION('',(#1888),#1891);
#1888 = B_SPLINE_CURVE_WITH_KNOTS('',1,(#1889,#1890),.UNSPECIFIED.,.F.,
  .F.,(2,2),(-15.52702502498,-11.15859673784),.PIECEWISE_BEZIER_KNOTS.);
#1889 = CARTESIAN_POINT('',(16.,22.166846053408));
#1890 = CARTESIAN_POINT('',(11.709451349637,21.345653031794));
#1891 = ( GEOMETRIC_REPRESENTATION_CONTEXT(2) 
PARAMETRIC_REPRESENTATION_CONTEXT() REPRESENTATION_CONTEXT('2D SPACE',''
  ) );
#1892 = ORIENTED_EDGE('',*,*,#1893,.F.);
#1893 = EDGE_CURVE('',#371,#1873,#1894,.T.);
#1894 = SURFACE_CURVE('',#1895,(#1899,#1905),.PCURVE_S1.);
#1895 = LINE('',#1896,#1897);
#1896 = CARTESIAN_POINT('',(21.440545613962,0.,3.286355333707));
#1897 = VECTOR('',#1898,1.);
#1898 = DIRECTION('',(0.,-1.,0.));
#1899 = PCURVE('',#411,#1900);
#1900 = DEFINITIONAL_REPRESENTATION('',(#1901),#1904);
#1901 = B_SPLINE_CURVE_WITH_KNOTS('',1,(#1902,#1903),.UNSPECIFIED.,.F.,
  .F.,(2,2),(-16.,16.),.PIECEWISE_BEZIER_KNOTS.);
#1902 = CARTESIAN_POINT('',(0.43972964778,16.));
#1903 = CARTESIAN_POINT('',(0.43972964778,-16.));
#1904 = ( GEOMETRIC_REPRESENTATION_CONTEXT(2) 
PARAMETRIC_REPRESENTATION_CONTEXT() REPRESENTATION_CONTEXT('2D SPACE',''
  ) );
#1905 = PCURVE('',#385,#1906);
#1906 = DEFINITIONAL_REPRESENTATION('',(#1907),#1910);
#1907 = B_SPLINE_CURVE_WITH_KNOTS('',1,(#1908,#1909),.UNSPECIFIED.,.F.,
  .F.,(2,2),(-16.,16.),.PIECEWISE_BEZIER_KNOTS.);
#1908 = CARTESIAN_POINT('',(3.476174478915,16.));
#1909 = CARTESIAN_POINT('',(3.476174478915,-16.));
#1910 = ( GEOMETRIC_REPRESENTATION_CONTEXT(2) 
PARAMETRIC_REPRESENTATION_CONTEXT() REPRESENTATION_CONTEXT('2D SPACE',''
  ) );
#1911 = ORIENTED_EDGE('',*,*,#396,.F.);
#1912 = ADVANCED_FACE('',(#1913),#385,.F.);
#1913 = FACE_BOUND('',#1914,.F.);
#1914 = EDGE_LOOP('',(#1915,#1936,#1957,#1958));
#1915 = ORIENTED_EDGE('',*,*,#1916,.F.);
#1916 = EDGE_CURVE('',#1917,#1873,#1919,.T.);
#1917 = VERTEX_POINT('',#1918);
#1918 = CARTESIAN_POINT('',(27.451531373598,-12.63879700744,
    5.821774357656));
#1919 = SURFACE_CURVE('',#1920,(#1924,#1930),.PCURVE_S1.);
#1920 = LINE('',#1921,#1922);
#1921 = CARTESIAN_POINT('',(15.041349685386,-15.66098557167,
    0.587190214362));
#1922 = VECTOR('',#1923,1.);
#1923 = DIRECTION('',(-0.899035752572,-0.218937614172,-0.379211071433));
#1924 = PCURVE('',#385,#1925);
#1925 = DEFINITIONAL_REPRESENTATION('',(#1926),#1929);
#1926 = B_SPLINE_CURVE_WITH_KNOTS('',1,(#1927,#1928),.UNSPECIFIED.,.F.,
  .F.,(2,2),(-13.80388004893,-3.55523625758),.PIECEWISE_BEZIER_KNOTS.);
#1927 = CARTESIAN_POINT('',(10.,-12.63879700744));
#1928 = CARTESIAN_POINT('',(-1.284617263995E-16,-14.88261062762));
#1929 = ( GEOMETRIC_REPRESENTATION_CONTEXT(2) 
PARAMETRIC_REPRESENTATION_CONTEXT() REPRESENTATION_CONTEXT('2D SPACE',''
  ) );
#1930 = PCURVE('',#929,#1931);
#1931 = DEFINITIONAL_REPRESENTATION('',(#1932),#1935);
#1932 = B_SPLINE_CURVE_WITH_KNOTS('',1,(#1933,#1934),.UNSPECIFIED.,.F.,
  .F.,(2,2),(-13.80388004893,-3.55523625758),.PIECEWISE_BEZIER_KNOTS.);
#1933 = CARTESIAN_POINT('',(9.277594014892,27.451531373598));
#1934 = CARTESIAN_POINT('',(13.765221255243,18.237634189792));
#1935 = ( GEOMETRIC_REPRESENTATION_CONTEXT(2) 
PARAMETRIC_REPRESENTATION_CONTEXT() REPRESENTATION_CONTEXT('2D SPACE',''
  ) );
#1936 = ORIENTED_EDGE('',*,*,#1937,.T.);
#1937 = EDGE_CURVE('',#1917,#345,#1938,.T.);
#1938 = SURFACE_CURVE('',#1939,(#1943,#1950),.PCURVE_S1.);
#1939 = LINE('',#1940,#1941);
#1940 = CARTESIAN_POINT('',(27.451531373598,-21.,5.821774357656));
#1941 = VECTOR('',#1942,1.);
#1942 = DIRECTION('',(0.,1.,0.));
#1943 = PCURVE('',#385,#1944);
#1944 = DEFINITIONAL_REPRESENTATION('',(#1945),#1949);
#1945 = LINE('',#1946,#1947);
#1946 = CARTESIAN_POINT('',(10.,-21.));
#1947 = VECTOR('',#1948,1.);
#1948 = DIRECTION('',(0.,1.));
#1949 = ( GEOMETRIC_REPRESENTATION_CONTEXT(2) 
PARAMETRIC_REPRESENTATION_CONTEXT() REPRESENTATION_CONTEXT('2D SPACE',''
  ) );
#1950 = PCURVE('',#359,#1951);
#1951 = DEFINITIONAL_REPRESENTATION('',(#1952),#1956);
#1952 = LINE('',#1953,#1954);
#1953 = CARTESIAN_POINT('',(0.,-21.));
#1954 = VECTOR('',#1955,1.);
#1955 = DIRECTION('',(0.,1.));
#1956 = ( GEOMETRIC_REPRESENTATION_CONTEXT(2) 
PARAMETRIC_REPRESENTATION_CONTEXT() REPRESENTATION_CONTEXT('2D SPACE',''
  ) );
#1957 = ORIENTED_EDGE('',*,*,#370,.F.);
#1958 = ORIENTED_EDGE('',*,*,#1893,.T.);
#1959 = ADVANCED_FACE('',(#1960),#359,.F.);
#1960 = FACE_BOUND('',#1961,.F.);
#1961 = EDGE_LOOP('',(#1962,#1963,#1984,#2003));
#1962 = ORIENTED_EDGE('',*,*,#1937,.F.);
#1963 = ORIENTED_EDGE('',*,*,#1964,.F.);
#1964 = EDGE_CURVE('',#1965,#1917,#1967,.T.);
#1965 = VERTEX_POINT('',#1966);
#1966 = CARTESIAN_POINT('',(30.098580842426,-14.51732125963,
    2.568074909622));
#1967 = SURFACE_CURVE('',#1968,(#1972,#1978),.PCURVE_S1.);
#1968 = LINE('',#1969,#1970);
#1969 = CARTESIAN_POINT('',(19.226500519226,-6.801762181745,
    15.931815241319));
#1970 = VECTOR('',#1971,1.);
#1971 = DIRECTION('',(-0.575959061182,0.408739268924,0.707957180825));
#1972 = PCURVE('',#359,#1973);
#1973 = DEFINITIONAL_REPRESENTATION('',(#1974),#1977);
#1974 = B_SPLINE_CURVE_WITH_KNOTS('',1,(#1975,#1976),.UNSPECIFIED.,.F.,
  .F.,(2,2),(-22.5039249164,-14.28058243844),.PIECEWISE_BEZIER_KNOTS.);
#1975 = CARTESIAN_POINT('',(7.505043367805,-16.));
#1976 = CARTESIAN_POINT('',(1.780071732124E-15,-12.63879700744));
#1977 = ( GEOMETRIC_REPRESENTATION_CONTEXT(2) 
PARAMETRIC_REPRESENTATION_CONTEXT() REPRESENTATION_CONTEXT('2D SPACE',''
  ) );
#1978 = PCURVE('',#929,#1979);
#1979 = DEFINITIONAL_REPRESENTATION('',(#1980),#1983);
#1980 = B_SPLINE_CURVE_WITH_KNOTS('',1,(#1981,#1982),.UNSPECIFIED.,.F.,
  .F.,(2,2),(-22.5039249164,-14.28058243844),.PIECEWISE_BEZIER_KNOTS.);
#1981 = CARTESIAN_POINT('',(16.,32.187839986978));
#1982 = CARTESIAN_POINT('',(9.277594014892,27.451531373598));
#1983 = ( GEOMETRIC_REPRESENTATION_CONTEXT(2) 
PARAMETRIC_REPRESENTATION_CONTEXT() REPRESENTATION_CONTEXT('2D SPACE',''
  ) );
#1984 = ORIENTED_EDGE('',*,*,#1985,.F.);
#1985 = EDGE_CURVE('',#319,#1965,#1986,.T.);
#1986 = SURFACE_CURVE('',#1987,(#1991,#1997),.PCURVE_S1.);
#1987 = LINE('',#1988,#1989);
#1988 = CARTESIAN_POINT('',(30.098580842426,0.,2.568074909622));
#1989 = VECTOR('',#1990,1.);
#1990 = DIRECTION('',(0.,-1.,0.));
#1991 = PCURVE('',#359,#1992);
#1992 = DEFINITIONAL_REPRESENTATION('',(#1993),#1996);
#1993 = B_SPLINE_CURVE_WITH_KNOTS('',1,(#1994,#1995),.UNSPECIFIED.,.F.,
  .F.,(2,2),(-16.,16.),.PIECEWISE_BEZIER_KNOTS.);
#1994 = CARTESIAN_POINT('',(4.194452406281,16.));
#1995 = CARTESIAN_POINT('',(4.194452406281,-16.));
#1996 = ( GEOMETRIC_REPRESENTATION_CONTEXT(2) 
PARAMETRIC_REPRESENTATION_CONTEXT() REPRESENTATION_CONTEXT('2D SPACE',''
  ) );
#1997 = PCURVE('',#333,#1998);
#1998 = DEFINITIONAL_REPRESENTATION('',(#1999),#2002);
#1999 = B_SPLINE_CURVE_WITH_KNOTS('',1,(#2000,#2001),.UNSPECIFIED.,.F.,
  .F.,(2,2),(-16.,16.),.PIECEWISE_BEZIER_KNOTS.);
#2000 = CARTESIAN_POINT('',(4.935834564981,16.));
#2001 = CARTESIAN_POINT('',(4.935834564981,-16.));
#2002 = ( GEOMETRIC_REPRESENTATION_CONTEXT(2) 
PARAMETRIC_REPRESENTATION_CONTEXT() REPRESENTATION_CONTEXT('2D SPACE',''
  ) );
#2003 = ORIENTED_EDGE('',*,*,#344,.F.);
#2004 = ADVANCED_FACE('',(#2005),#333,.F.);
#2005 = FACE_BOUND('',#2006,.F.);
#2006 = EDGE_LOOP('',(#2007,#2028,#2049,#2050));
#2007 = ORIENTED_EDGE('',*,*,#2008,.F.);
#2008 = EDGE_CURVE('',#2009,#1965,#2011,.T.);
#2009 = VERTEX_POINT('',#2010);
#2010 = CARTESIAN_POINT('',(31.60585899672,-12.20227748703,
    6.577848345501));
#2011 = SURFACE_CURVE('',#2012,(#2016,#2022),.PCURVE_S1.);
#2012 = LINE('',#2013,#2014);
#2013 = CARTESIAN_POINT('',(30.97108633841,-13.17723123757,
    4.889178914539));
#2014 = VECTOR('',#2015,1.);
#2015 = DIRECTION('',(-0.309550356482,-0.475441525532,-0.82348887825));
#2016 = PCURVE('',#333,#2017);
#2017 = DEFINITIONAL_REPRESENTATION('',(#2018),#2021);
#2018 = B_SPLINE_CURVE_WITH_KNOTS('',1,(#2019,#2020),.UNSPECIFIED.,.F.,
  .F.,(2,2),(-2.050628096583,5.937152332803),.PIECEWISE_BEZIER_KNOTS.);
#2019 = CARTESIAN_POINT('',(9.219544457293,-12.20227748703));
#2020 = CARTESIAN_POINT('',(2.192315992058,-16.));
#2021 = ( GEOMETRIC_REPRESENTATION_CONTEXT(2) 
PARAMETRIC_REPRESENTATION_CONTEXT() REPRESENTATION_CONTEXT('2D SPACE',''
  ) );
#2022 = PCURVE('',#929,#2023);
#2023 = DEFINITIONAL_REPRESENTATION('',(#2024),#2027);
#2024 = B_SPLINE_CURVE_WITH_KNOTS('',1,(#2025,#2026),.UNSPECIFIED.,.F.,
  .F.,(2,2),(-2.050628096583,5.937152332803),.PIECEWISE_BEZIER_KNOTS.);
#2025 = CARTESIAN_POINT('',(8.404554974073,31.60585899672));
#2026 = CARTESIAN_POINT('',(16.,29.1332387173));
#2027 = ( GEOMETRIC_REPRESENTATION_CONTEXT(2) 
PARAMETRIC_REPRESENTATION_CONTEXT() REPRESENTATION_CONTEXT('2D SPACE',''
  ) );
#2028 = ORIENTED_EDGE('',*,*,#2029,.T.);
#2029 = EDGE_CURVE('',#2009,#293,#2030,.T.);
#2030 = SURFACE_CURVE('',#2031,(#2035,#2042),.PCURVE_S1.);
#2031 = LINE('',#2032,#2033);
#2032 = CARTESIAN_POINT('',(31.60585899672,-21.,6.577848345501));
#2033 = VECTOR('',#2034,1.);
#2034 = DIRECTION('',(0.,1.,0.));
#2035 = PCURVE('',#333,#2036);
#2036 = DEFINITIONAL_REPRESENTATION('',(#2037),#2041);
#2037 = LINE('',#2038,#2039);
#2038 = CARTESIAN_POINT('',(9.219544457293,-21.));
#2039 = VECTOR('',#2040,1.);
#2040 = DIRECTION('',(0.,1.));
#2041 = ( GEOMETRIC_REPRESENTATION_CONTEXT(2) 
PARAMETRIC_REPRESENTATION_CONTEXT() REPRESENTATION_CONTEXT('2D SPACE',''
  ) );
#2042 = PCURVE('',#307,#2043);
#2043 = DEFINITIONAL_REPRESENTATION('',(#2044),#2048);
#2044 = LINE('',#2045,#2046);
#2045 = CARTESIAN_POINT('',(0.,-21.));
#2046 = VECTOR('',#2047,1.);
#2047 = DIRECTION('',(0.,1.));
#2048 = ( GEOMETRIC_REPRESENTATION_CONTEXT(2) 
PARAMETRIC_REPRESENTATION_CONTEXT() REPRESENTATION_CONTEXT('2D SPACE',''
  ) );
#2049 = ORIENTED_EDGE('',*,*,#318,.F.);
#2050 = ORIENTED_EDGE('',*,*,#1985,.T.);
#2051 = ADVANCED_FACE('',(#2052),#307,.F.);
#2052 = FACE_BOUND('',#2053,.F.);
#2053 = EDGE_LOOP('',(#2054,#2055,#2076,#2097));
#2054 = ORIENTED_EDGE('',*,*,#2029,.F.);
#2055 = ORIENTED_EDGE('',*,*,#2056,.F.);
#2056 = EDGE_CURVE('',#2057,#2009,#2059,.T.);
#2057 = VERTEX_POINT('',#2058);
#2058 = CARTESIAN_POINT('',(39.638155724715,-14.81520746909,
    2.052120859954));
#2059 = SURFACE_CURVE('',#2060,(#2064,#2070),.PCURVE_S1.);
#2060 = LINE('',#2061,#2062);
#2061 = CARTESIAN_POINT('',(17.187362206536,-7.511897657318,
    14.70182451737));
#2062 = VECTOR('',#2063,1.);
#2063 = DIRECTION('',(-0.838211456709,0.27267267641,0.472282929378));
#2064 = PCURVE('',#307,#2065);
#2065 = DEFINITIONAL_REPRESENTATION('',(#2066),#2069);
#2066 = B_SPLINE_CURVE_WITH_KNOTS('',1,(#2067,#2068),.UNSPECIFIED.,.F.,
  .F.,(2,2),(-26.78416447125,-17.20150288424),.PIECEWISE_BEZIER_KNOTS.);
#2067 = CARTESIAN_POINT('',(9.219544457293,-14.81520746909));
#2068 = CARTESIAN_POINT('',(1.359315195999E-15,-12.20227748703));
#2069 = ( GEOMETRIC_REPRESENTATION_CONTEXT(2) 
PARAMETRIC_REPRESENTATION_CONTEXT() REPRESENTATION_CONTEXT('2D SPACE',''
  ) );
#2070 = PCURVE('',#929,#2071);
#2071 = DEFINITIONAL_REPRESENTATION('',(#2072),#2075);
#2072 = B_SPLINE_CURVE_WITH_KNOTS('',1,(#2073,#2074),.UNSPECIFIED.,.F.,
  .F.,(2,2),(-26.78416447125,-17.20150288424),.PIECEWISE_BEZIER_KNOTS.);
#2073 = CARTESIAN_POINT('',(13.630414938192,39.638155724715));
#2074 = CARTESIAN_POINT('',(8.404554974073,31.60585899672));
#2075 = ( GEOMETRIC_REPRESENTATION_CONTEXT(2) 
PARAMETRIC_REPRESENTATION_CONTEXT() REPRESENTATION_CONTEXT('2D SPACE',''
  ) );
#2076 = ORIENTED_EDGE('',*,*,#2077,.T.);
#2077 = EDGE_CURVE('',#2057,#267,#2078,.T.);
#2078 = SURFACE_CURVE('',#2079,(#2083,#2090),.PCURVE_S1.);
#2079 = LINE('',#2080,#2081);
#2080 = CARTESIAN_POINT('',(39.638155724715,-21.,2.052120859954));
#2081 = VECTOR('',#2082,1.);
#2082 = DIRECTION('',(0.,1.,0.));
#2083 = PCURVE('',#307,#2084);
#2084 = DEFINITIONAL_REPRESENTATION('',(#2085),#2089);
#2085 = LINE('',#2086,#2087);
#2086 = CARTESIAN_POINT('',(9.219544457293,-21.));
#2087 = VECTOR('',#2088,1.);
#2088 = DIRECTION('',(0.,1.));
#2089 = ( GEOMETRIC_REPRESENTATION_CONTEXT(2) 
PARAMETRIC_REPRESENTATION_CONTEXT() REPRESENTATION_CONTEXT('2D SPACE',''
  ) );
#2090 = PCURVE('',#281,#2091);
#2091 = DEFINITIONAL_REPRESENTATION('',(#2092),#2096);
#2092 = LINE('',#2093,#2094);
#2093 = CARTESIAN_POINT('',(0.,-21.));
#2094 = VECTOR('',#2095,1.);
#2095 = DIRECTION('',(-0.,1.));
#2096 = ( GEOMETRIC_REPRESENTATION_CONTEXT(2) 
PARAMETRIC_REPRESENTATION_CONTEXT() REPRESENTATION_CONTEXT('2D SPACE',''
  ) );
#2097 = ORIENTED_EDGE('',*,*,#292,.F.);
#2098 = ADVANCED_FACE('',(#2099),#281,.F.);
#2099 = FACE_BOUND('',#2100,.F.);
#2100 = EDGE_LOOP('',(#2101,#2102,#2123,#2144,#2172,#2191));
#2101 = ORIENTED_EDGE('',*,*,#2077,.F.);
#2102 = ORIENTED_EDGE('',*,*,#2103,.F.);
#2103 = EDGE_CURVE('',#2104,#2057,#2106,.T.);
#2104 = VERTEX_POINT('',#2105);
#2105 = CARTESIAN_POINT('',(38.8667612827,-16.,1.959434878636E-15));
#2106 = SURFACE_CURVE('',#2107,(#2111,#2117),.PCURVE_S1.);
#2107 = LINE('',#2108,#2109);
#2108 = CARTESIAN_POINT('',(40.835293771166,-12.97651102711,
    5.236836517156));
#2109 = VECTOR('',#2110,1.);
#2110 = DIRECTION('',(0.309550356482,0.475441525532,0.82348887825));
#2111 = PCURVE('',#281,#2112);
#2112 = DEFINITIONAL_REPRESENTATION('',(#2113),#2116);
#2113 = B_SPLINE_CURVE_WITH_KNOTS('',1,(#2114,#2115),.UNSPECIFIED.,.F.,
  .F.,(2,2),(-6.35932877234,-3.867345074497),.PIECEWISE_BEZIER_KNOTS.);
#2114 = CARTESIAN_POINT('',(2.192315992058,-16.));
#2115 = CARTESIAN_POINT('',(-2.231638485193E-16,-14.81520746909));
#2116 = ( GEOMETRIC_REPRESENTATION_CONTEXT(2) 
PARAMETRIC_REPRESENTATION_CONTEXT() REPRESENTATION_CONTEXT('2D SPACE',''
  ) );
#2117 = PCURVE('',#929,#2118);
#2118 = DEFINITIONAL_REPRESENTATION('',(#2119),#2122);
#2119 = B_SPLINE_CURVE_WITH_KNOTS('',1,(#2120,#2121),.UNSPECIFIED.,.F.,
  .F.,(2,2),(-6.35932877234,-3.867345074497),.PIECEWISE_BEZIER_KNOTS.);
#2120 = CARTESIAN_POINT('',(16.,38.8667612827));
#2121 = CARTESIAN_POINT('',(13.630414938192,39.638155724715));
#2122 = ( GEOMETRIC_REPRESENTATION_CONTEXT(2) 
PARAMETRIC_REPRESENTATION_CONTEXT() REPRESENTATION_CONTEXT('2D SPACE',''
  ) );
#2123 = ORIENTED_EDGE('',*,*,#2124,.F.);
#2124 = EDGE_CURVE('',#2125,#2104,#2127,.T.);
#2125 = VERTEX_POINT('',#2126);
#2126 = CARTESIAN_POINT('',(36.39414100328,-12.20227748703,
    -6.577848345501));
#2127 = SURFACE_CURVE('',#2128,(#2132,#2138),.PCURVE_S1.);
#2128 = LINE('',#2129,#2130);
#2129 = CARTESIAN_POINT('',(36.125754772285,-11.79006035846,
    -7.291829355929));
#2130 = VECTOR('',#2131,1.);
#2131 = DIRECTION('',(0.309550356482,-0.475441525532,0.82348887825));
#2132 = PCURVE('',#281,#2133);
#2133 = DEFINITIONAL_REPRESENTATION('',(#2134),#2137);
#2134 = B_SPLINE_CURVE_WITH_KNOTS('',1,(#2135,#2136),.UNSPECIFIED.,.F.,
  .F.,(2,2),(0.867019615305,8.854800044691),.PIECEWISE_BEZIER_KNOTS.);
#2135 = CARTESIAN_POINT('',(9.219544457293,-12.20227748703));
#2136 = CARTESIAN_POINT('',(2.192315992058,-16.));
#2137 = ( GEOMETRIC_REPRESENTATION_CONTEXT(2) 
PARAMETRIC_REPRESENTATION_CONTEXT() REPRESENTATION_CONTEXT('2D SPACE',''
  ) );
#2138 = PCURVE('',#903,#2139);
#2139 = DEFINITIONAL_REPRESENTATION('',(#2140),#2143);
#2140 = B_SPLINE_CURVE_WITH_KNOTS('',1,(#2141,#2142),.UNSPECIFIED.,.F.,
  .F.,(2,2),(0.867019615305,8.854800044691),.PIECEWISE_BEZIER_KNOTS.);
#2141 = CARTESIAN_POINT('',(7.595445025927,36.39414100328));
#2142 = CARTESIAN_POINT('',(-2.13342591494E-15,38.8667612827));
#2143 = ( GEOMETRIC_REPRESENTATION_CONTEXT(2) 
PARAMETRIC_REPRESENTATION_CONTEXT() REPRESENTATION_CONTEXT('2D SPACE',''
  ) );
#2144 = ORIENTED_EDGE('',*,*,#2145,.F.);
#2145 = EDGE_CURVE('',#2146,#2125,#2148,.T.);
#2146 = VERTEX_POINT('',#2147);
#2147 = CARTESIAN_POINT('',(36.39414100328,12.202277487036,
    -6.577848345501));
#2148 = SURFACE_CURVE('',#2149,(#2153,#2160),.PCURVE_S1.);
#2149 = LINE('',#2150,#2151);
#2150 = CARTESIAN_POINT('',(36.39414100328,21.,-6.577848345501));
#2151 = VECTOR('',#2152,1.);
#2152 = DIRECTION('',(0.,-1.,0.));
#2153 = PCURVE('',#281,#2154);
#2154 = DEFINITIONAL_REPRESENTATION('',(#2155),#2159);
#2155 = LINE('',#2156,#2157);
#2156 = CARTESIAN_POINT('',(9.219544457293,21.));
#2157 = VECTOR('',#2158,1.);
#2158 = DIRECTION('',(0.,-1.));
#2159 = ( GEOMETRIC_REPRESENTATION_CONTEXT(2) 
PARAMETRIC_REPRESENTATION_CONTEXT() REPRESENTATION_CONTEXT('2D SPACE',''
  ) );
#2160 = PCURVE('',#2161,#2166);
#2161 = PLANE('',#2162);
#2162 = AXIS2_PLACEMENT_3D('',#2163,#2164,#2165);
#2163 = CARTESIAN_POINT('',(36.39414100328,0.,-6.577848345501));
#2164 = DIRECTION('',(-0.490884067701,0.,-0.87122490327));
#2165 = DIRECTION('',(-0.87122490327,0.,0.490884067701));
#2166 = DEFINITIONAL_REPRESENTATION('',(#2167),#2171);
#2167 = LINE('',#2168,#2169);
#2168 = CARTESIAN_POINT('',(0.,21.));
#2169 = VECTOR('',#2170,1.);
#2170 = DIRECTION('',(0.,-1.));
#2171 = ( GEOMETRIC_REPRESENTATION_CONTEXT(2) 
PARAMETRIC_REPRESENTATION_CONTEXT() REPRESENTATION_CONTEXT('2D SPACE',''
  ) );
#2172 = ORIENTED_EDGE('',*,*,#2173,.F.);
#2173 = EDGE_CURVE('',#244,#2146,#2174,.T.);
#2174 = SURFACE_CURVE('',#2175,(#2179,#2185),.PCURVE_S1.);
#2175 = LINE('',#2176,#2177);
#2176 = CARTESIAN_POINT('',(33.770985272844,8.173346051263,
    -13.55616229247));
#2177 = VECTOR('',#2178,1.);
#2178 = DIRECTION('',(-0.309550356482,-0.475441525532,-0.82348887825));
#2179 = PCURVE('',#281,#2180);
#2180 = DEFINITIONAL_REPRESENTATION('',(#2181),#2184);
#2181 = B_SPLINE_CURVE_WITH_KNOTS('',1,(#2182,#2183),.UNSPECIFIED.,.F.,
  .F.,(2,2),(-16.4618644532,-8.47408402382),.PIECEWISE_BEZIER_KNOTS.);
#2182 = CARTESIAN_POINT('',(2.192315992058,16.));
#2183 = CARTESIAN_POINT('',(9.219544457293,12.202277487036));
#2184 = ( GEOMETRIC_REPRESENTATION_CONTEXT(2) 
PARAMETRIC_REPRESENTATION_CONTEXT() REPRESENTATION_CONTEXT('2D SPACE',''
  ) );
#2185 = PCURVE('',#70,#2186);
#2186 = DEFINITIONAL_REPRESENTATION('',(#2187),#2190);
#2187 = B_SPLINE_CURVE_WITH_KNOTS('',1,(#2188,#2189),.UNSPECIFIED.,.F.,
  .F.,(2,2),(-16.4618644532,-8.47408402382),.PIECEWISE_BEZIER_KNOTS.);
#2188 = CARTESIAN_POINT('',(16.,38.8667612827));
#2189 = CARTESIAN_POINT('',(8.404554974073,36.39414100328));
#2190 = ( GEOMETRIC_REPRESENTATION_CONTEXT(2) 
PARAMETRIC_REPRESENTATION_CONTEXT() REPRESENTATION_CONTEXT('2D SPACE',''
  ) );
#2191 = ORIENTED_EDGE('',*,*,#266,.F.);
#2192 = ADVANCED_FACE('',(#2193),#70,.T.);
#2193 = FACE_BOUND('',#2194,.T.);
#2194 = EDGE_LOOP('',(#2195,#2225,#2253,#2281,#2309,#2310,#2311,#2332,
    #2358,#2384,#2410,#2436,#2462,#2488,#2514,#2540,#2566,#2592,#2618,
    #2644,#2670,#2696,#2722,#2748,#2774,#2800,#2819,#2820,#2821));
#2195 = ORIENTED_EDGE('',*,*,#2196,.F.);
#2196 = EDGE_CURVE('',#2197,#2199,#2201,.T.);
#2197 = VERTEX_POINT('',#2198);
#2198 = CARTESIAN_POINT('',(60.,8.,-13.85640646055));
#2199 = VERTEX_POINT('',#2200);
#2200 = CARTESIAN_POINT('',(60.,9.418206931238,-11.4));
#2201 = SURFACE_CURVE('',#2202,(#2206,#2213),.PCURVE_S1.);
#2202 = LINE('',#2203,#2204);
#2203 = CARTESIAN_POINT('',(60.,8.,-13.85640646055));
#2204 = VECTOR('',#2205,1.);
#2205 = DIRECTION('',(0.,0.5,0.866025403784));
#2206 = PCURVE('',#70,#2207);
#2207 = DEFINITIONAL_REPRESENTATION('',(#2208),#2212);
#2208 = LINE('',#2209,#2210);
#2209 = CARTESIAN_POINT('',(0.,60.));
#2210 = VECTOR('',#2211,1.);
#2211 = DIRECTION('',(1.,0.));
#2212 = ( GEOMETRIC_REPRESENTATION_CONTEXT(2) 
PARAMETRIC_REPRESENTATION_CONTEXT() REPRESENTATION_CONTEXT('2D SPACE',''
  ) );
#2213 = PCURVE('',#2214,#2219);
#2214 = PLANE('',#2215);
#2215 = AXIS2_PLACEMENT_3D('',#2216,#2217,#2218);
#2216 = CARTESIAN_POINT('',(60.,1.480297366167E-16,9.080106438912E-16));
#2217 = DIRECTION('',(1.,0.,0.));
#2218 = DIRECTION('',(0.,1.,0.));
#2219 = DEFINITIONAL_REPRESENTATION('',(#2220),#2224);
#2220 = LINE('',#2221,#2222);
#2221 = CARTESIAN_POINT('',(8.,-13.85640646055));
#2222 = VECTOR('',#2223,1.);
#2223 = DIRECTION('',(0.5,0.866025403784));
#2224 = ( GEOMETRIC_REPRESENTATION_CONTEXT(2) 
PARAMETRIC_REPRESENTATION_CONTEXT() REPRESENTATION_CONTEXT('2D SPACE',''
  ) );
#2225 = ORIENTED_EDGE('',*,*,#2226,.T.);
#2226 = EDGE_CURVE('',#2197,#2227,#2229,.T.);
#2227 = VERTEX_POINT('',#2228);
#2228 = CARTESIAN_POINT('',(-60.,8.,-13.85640646055));
#2229 = SURFACE_CURVE('',#2230,(#2234,#2241),.PCURVE_S1.);
#2230 = LINE('',#2231,#2232);
#2231 = CARTESIAN_POINT('',(60.,8.,-13.85640646055));
#2232 = VECTOR('',#2233,1.);
#2233 = DIRECTION('',(-1.,0.,0.));
#2234 = PCURVE('',#70,#2235);
#2235 = DEFINITIONAL_REPRESENTATION('',(#2236),#2240);
#2236 = LINE('',#2237,#2238);
#2237 = CARTESIAN_POINT('',(0.,60.));
#2238 = VECTOR('',#2239,1.);
#2239 = DIRECTION('',(0.,-1.));
#2240 = ( GEOMETRIC_REPRESENTATION_CONTEXT(2) 
PARAMETRIC_REPRESENTATION_CONTEXT() REPRESENTATION_CONTEXT('2D SPACE',''
  ) );
#2241 = PCURVE('',#2242,#2247);
#2242 = PLANE('',#2243);
#2243 = AXIS2_PLACEMENT_3D('',#2244,#2245,#2246);
#2244 = CARTESIAN_POINT('',(0.,-8.,-13.85640646055));
#2245 = DIRECTION('',(0.,-2.22044604925E-16,-1.));
#2246 = DIRECTION('',(0.,1.,-2.22044604925E-16));
#2247 = DEFINITIONAL_REPRESENTATION('',(#2248),#2252);
#2248 = LINE('',#2249,#2250);
#2249 = CARTESIAN_POINT('',(16.,60.));
#2250 = VECTOR('',#2251,1.);
#2251 = DIRECTION('',(0.,-1.));
#2252 = ( GEOMETRIC_REPRESENTATION_CONTEXT(2) 
PARAMETRIC_REPRESENTATION_CONTEXT() REPRESENTATION_CONTEXT('2D SPACE',''
  ) );
#2253 = ORIENTED_EDGE('',*,*,#2254,.T.);
#2254 = EDGE_CURVE('',#2227,#2255,#2257,.T.);
#2255 = VERTEX_POINT('',#2256);
#2256 = CARTESIAN_POINT('',(-60.,9.418206931238,-11.4));
#2257 = SURFACE_CURVE('',#2258,(#2262,#2269),.PCURVE_S1.);
#2258 = LINE('',#2259,#2260);
#2259 = CARTESIAN_POINT('',(-60.,8.,-13.85640646055));
#2260 = VECTOR('',#2261,1.);
#2261 = DIRECTION('',(0.,0.5,0.866025403784));
#2262 = PCURVE('',#70,#2263);
#2263 = DEFINITIONAL_REPRESENTATION('',(#2264),#2268);
#2264 = LINE('',#2265,#2266);
#2265 = CARTESIAN_POINT('',(0.,-60.));
#2266 = VECTOR('',#2267,1.);
#2267 = DIRECTION('',(1.,0.));
#2268 = ( GEOMETRIC_REPRESENTATION_CONTEXT(2) 
PARAMETRIC_REPRESENTATION_CONTEXT() REPRESENTATION_CONTEXT('2D SPACE',''
  ) );
#2269 = PCURVE('',#2270,#2275);
#2270 = PLANE('',#2271);
#2271 = AXIS2_PLACEMENT_3D('',#2272,#2273,#2274);
#2272 = CARTESIAN_POINT('',(-60.,1.480297366167E-16,9.080106438912E-16)
  );
#2273 = DIRECTION('',(1.,0.,0.));
#2274 = DIRECTION('',(0.,1.,0.));
#2275 = DEFINITIONAL_REPRESENTATION('',(#2276),#2280);
#2276 = LINE('',#2277,#2278);
#2277 = CARTESIAN_POINT('',(8.,-13.85640646055));
#2278 = VECTOR('',#2279,1.);
#2279 = DIRECTION('',(0.5,0.866025403784));
#2280 = ( GEOMETRIC_REPRESENTATION_CONTEXT(2) 
PARAMETRIC_REPRESENTATION_CONTEXT() REPRESENTATION_CONTEXT('2D SPACE',''
  ) );
#2281 = ORIENTED_EDGE('',*,*,#2282,.F.);
#2282 = EDGE_CURVE('',#55,#2255,#2283,.T.);
#2283 = SURFACE_CURVE('',#2284,(#2289,#2296),.PCURVE_S1.);
#2284 = ELLIPSE('',#2285,13.163586137523,11.4);
#2285 = AXIS2_PLACEMENT_3D('',#2286,#2287,#2288);
#2286 = CARTESIAN_POINT('',(-60.,16.,-3.5527136788E-15));
#2287 = DIRECTION('',(0.,0.866025403784,-0.5));
#2288 = DIRECTION('',(0.,-0.5,-0.866025403784));
#2289 = PCURVE('',#70,#2290);
#2290 = DEFINITIONAL_REPRESENTATION('',(#2291),#2295);
#2291 = ELLIPSE('',#2292,13.163586137523,11.4);
#2292 = AXIS2_PLACEMENT_2D('',#2293,#2294);
#2293 = CARTESIAN_POINT('',(16.,-60.));
#2294 = DIRECTION('',(-1.,0.));
#2295 = ( GEOMETRIC_REPRESENTATION_CONTEXT(2) 
PARAMETRIC_REPRESENTATION_CONTEXT() REPRESENTATION_CONTEXT('2D SPACE',''
  ) );
#2296 = PCURVE('',#99,#2297);
#2297 = DEFINITIONAL_REPRESENTATION('',(#2298),#2308);
#2298 = B_SPLINE_CURVE_WITH_KNOTS('',8,(#2299,#2300,#2301,#2302,#2303,
    #2304,#2305,#2306,#2307),.UNSPECIFIED.,.F.,.F.,(9,9),(4.712388980385
    ,6.28318530718),.PIECEWISE_BEZIER_KNOTS.);
#2299 = CARTESIAN_POINT('',(6.28318530718,3.));
#2300 = CARTESIAN_POINT('',(6.08683576633,4.292332047017));
#2301 = CARTESIAN_POINT('',(5.890486225482,5.584664483485));
#2302 = CARTESIAN_POINT('',(5.694136684631,6.801072398068));
#2303 = CARTESIAN_POINT('',(5.497787143786,7.865648832969));
#2304 = CARTESIAN_POINT('',(5.301437602933,8.711798143706));
#2305 = CARTESIAN_POINT('',(5.105088062084,9.291794445631));
#2306 = CARTESIAN_POINT('',(4.908738521234,9.581793035213));
#2307 = CARTESIAN_POINT('',(4.712388980385,9.58179306175));
#2308 = ( GEOMETRIC_REPRESENTATION_CONTEXT(2) 
PARAMETRIC_REPRESENTATION_CONTEXT() REPRESENTATION_CONTEXT('2D SPACE',''
  ) );
#2309 = ORIENTED_EDGE('',*,*,#54,.F.);
#2310 = ORIENTED_EDGE('',*,*,#839,.F.);
#2311 = ORIENTED_EDGE('',*,*,#2312,.F.);
#2312 = EDGE_CURVE('',#2313,#840,#2315,.T.);
#2313 = VERTEX_POINT('',#2314);
#2314 = CARTESIAN_POINT('',(-37.22828437937,13.190581283472,
    -4.866055956761));
#2315 = SURFACE_CURVE('',#2316,(#2320,#2326),.PCURVE_S1.);
#2316 = LINE('',#2317,#2318);
#2317 = CARTESIAN_POINT('',(-26.52621884271,16.961969949973,
    1.666180828708));
#2318 = VECTOR('',#2319,1.);
#2319 = DIRECTION('',(-0.817385842423,-0.288045302256,-0.498909098389));
#2320 = PCURVE('',#70,#2321);
#2321 = DEFINITIONAL_REPRESENTATION('',(#2322),#2325);
#2322 = B_SPLINE_CURVE_WITH_KNOTS('',1,(#2323,#2324),.UNSPECIFIED.,.F.,
  .F.,(2,2),(7.055960306848,16.683553115492),.PIECEWISE_BEZIER_KNOTS.);
#2323 = CARTESIAN_POINT('',(13.859067461361,-32.29366090222));
#2324 = CARTESIAN_POINT('',(8.312701700234,-40.16311896062));
#2325 = ( GEOMETRIC_REPRESENTATION_CONTEXT(2) 
PARAMETRIC_REPRESENTATION_CONTEXT() REPRESENTATION_CONTEXT('2D SPACE',''
  ) );
#2326 = PCURVE('',#876,#2327);
#2327 = DEFINITIONAL_REPRESENTATION('',(#2328),#2331);
#2328 = B_SPLINE_CURVE_WITH_KNOTS('',1,(#2329,#2330),.UNSPECIFIED.,.F.,
  .F.,(2,2),(7.055960306848,16.683553115492),.PIECEWISE_BEZIER_KNOTS.);
#2329 = CARTESIAN_POINT('',(3.219839354984E-16,14.929533730681));
#2330 = CARTESIAN_POINT('',(9.219544457293,12.156350850117));
#2331 = ( GEOMETRIC_REPRESENTATION_CONTEXT(2) 
PARAMETRIC_REPRESENTATION_CONTEXT() REPRESENTATION_CONTEXT('2D SPACE',''
  ) );
#2332 = ORIENTED_EDGE('',*,*,#2333,.F.);
#2333 = EDGE_CURVE('',#2334,#2313,#2336,.T.);
#2334 = VERTEX_POINT('',#2335);
#2335 = CARTESIAN_POINT('',(-37.3723683986,13.019609410647,
    -5.162187927159));
#2336 = SURFACE_CURVE('',#2337,(#2341,#2347),.PCURVE_S1.);
#2337 = LINE('',#2338,#2339);
#2338 = CARTESIAN_POINT('',(-37.5157735648,12.849443073177,
    -5.456924669395));
#2339 = VECTOR('',#2340,1.);
#2340 = DIRECTION('',(0.388303539431,0.46076576513,0.798069715594));
#2341 = PCURVE('',#70,#2342);
#2342 = DEFINITIONAL_REPRESENTATION('',(#2343),#2346);
#2343 = B_SPLINE_CURVE_WITH_KNOTS('',1,(#2344,#2345),.UNSPECIFIED.,.F.,
  .F.,(2,2),(0.369312024346,6.837654108115),.PIECEWISE_BEZIER_KNOTS.);
#2344 = CARTESIAN_POINT('',(10.039218821294,-37.3723683986));
#2345 = CARTESIAN_POINT('',(16.,-34.86068827322));
#2346 = ( GEOMETRIC_REPRESENTATION_CONTEXT(2) 
PARAMETRIC_REPRESENTATION_CONTEXT() REPRESENTATION_CONTEXT('2D SPACE',''
  ) );
#2347 = PCURVE('',#2348,#2353);
#2348 = PLANE('',#2349);
#2349 = AXIS2_PLACEMENT_3D('',#2350,#2351,#2352);
#2350 = CARTESIAN_POINT('',(-37.3723683986,0.,-5.162187927159));
#2351 = DIRECTION('',(-0.899211415118,0.,0.437514377961));
#2352 = DIRECTION('',(0.437514377961,0.,0.899211415118));
#2353 = DEFINITIONAL_REPRESENTATION('',(#2354),#2357);
#2354 = B_SPLINE_CURVE_WITH_KNOTS('',1,(#2355,#2356),.UNSPECIFIED.,.F.,
  .F.,(2,2),(0.369312024346,6.837654108115),.PIECEWISE_BEZIER_KNOTS.);
#2355 = CARTESIAN_POINT('',(-6.451696031591E-17,13.019609410647));
#2356 = CARTESIAN_POINT('',(5.740794478776,16.));
#2357 = ( GEOMETRIC_REPRESENTATION_CONTEXT(2) 
PARAMETRIC_REPRESENTATION_CONTEXT() REPRESENTATION_CONTEXT('2D SPACE',''
  ) );
#2358 = ORIENTED_EDGE('',*,*,#2359,.F.);
#2359 = EDGE_CURVE('',#2360,#2334,#2362,.T.);
#2360 = VERTEX_POINT('',#2361);
#2361 = CARTESIAN_POINT('',(-27.81140037963,13.594469388231,
    -4.166501238747));
#2362 = SURFACE_CURVE('',#2363,(#2367,#2373),.PCURVE_S1.);
#2363 = LINE('',#2364,#2365);
#2364 = CARTESIAN_POINT('',(-14.83150139755,14.37489501282,
    -2.814764405429));
#2365 = VECTOR('',#2366,1.);
#2366 = DIRECTION('',(-0.992847278932,-5.969564623362E-02,
    -0.103395892267));
#2367 = PCURVE('',#70,#2368);
#2368 = DEFINITIONAL_REPRESENTATION('',(#2369),#2372);
#2369 = B_SPLINE_CURVE_WITH_KNOTS('',1,(#2370,#2371),.UNSPECIFIED.,.F.,
  .F.,(2,2),(12.389233149656,22.703257066174),.PIECEWISE_BEZIER_KNOTS.);
#2370 = CARTESIAN_POINT('',(11.270623467225,-27.13211781824));
#2371 = CARTESIAN_POINT('',(10.039218821294,-37.3723683986));
#2372 = ( GEOMETRIC_REPRESENTATION_CONTEXT(2) 
PARAMETRIC_REPRESENTATION_CONTEXT() REPRESENTATION_CONTEXT('2D SPACE',''
  ) );
#2373 = PCURVE('',#2374,#2379);
#2374 = PLANE('',#2375);
#2375 = AXIS2_PLACEMENT_3D('',#2376,#2377,#2378);
#2376 = CARTESIAN_POINT('',(-27.13211781824,0.,-4.095760221445));
#2377 = DIRECTION('',(0.103580615379,0.,-0.99462106157));
#2378 = DIRECTION('',(-0.99462106157,0.,-0.103580615379));
#2379 = DEFINITIONAL_REPRESENTATION('',(#2380),#2383);
#2380 = B_SPLINE_CURVE_WITH_KNOTS('',1,(#2381,#2382),.UNSPECIFIED.,.F.,
  .F.,(2,2),(12.389233149656,22.703257066174),.PIECEWISE_BEZIER_KNOTS.);
#2381 = CARTESIAN_POINT('',(8.067692686344E-16,13.635311733613));
#2382 = CARTESIAN_POINT('',(10.295630140987,13.019609410647));
#2383 = ( GEOMETRIC_REPRESENTATION_CONTEXT(2) 
PARAMETRIC_REPRESENTATION_CONTEXT() REPRESENTATION_CONTEXT('2D SPACE',''
  ) );
#2384 = ORIENTED_EDGE('',*,*,#2385,.F.);
#2385 = EDGE_CURVE('',#2386,#2360,#2388,.T.);
#2386 = VERTEX_POINT('',#2387);
#2387 = CARTESIAN_POINT('',(-28.12835554495,13.031091204126,
    -5.142300877492));
#2388 = SURFACE_CURVE('',#2389,(#2393,#2399),.PCURVE_S1.);
#2389 = LINE('',#2390,#2391);
#2390 = CARTESIAN_POINT('',(-29.25775060356,11.023625774031,
    -8.619332996855));
#2391 = VECTOR('',#2392,1.);
#2392 = DIRECTION('',(0.270789071106,0.481319353177,0.833669574368));
#2393 = PCURVE('',#70,#2394);
#2394 = DEFINITIONAL_REPRESENTATION('',(#2395),#2398);
#2395 = B_SPLINE_CURVE_WITH_KNOTS('',1,(#2396,#2397),.UNSPECIFIED.,.F.,
  .F.,(2,2),(4.170755688185,10.339027909694),.PIECEWISE_BEZIER_KNOTS.);
#2396 = CARTESIAN_POINT('',(10.062182408252,-28.12835554495));
#2397 = CARTESIAN_POINT('',(16.,-26.45805483976));
#2398 = ( GEOMETRIC_REPRESENTATION_CONTEXT(2) 
PARAMETRIC_REPRESENTATION_CONTEXT() REPRESENTATION_CONTEXT('2D SPACE',''
  ) );
#2399 = PCURVE('',#2400,#2405);
#2400 = PLANE('',#2401);
#2401 = AXIS2_PLACEMENT_3D('',#2402,#2403,#2404);
#2402 = CARTESIAN_POINT('',(-28.12835554495,0.,-5.142300877492));
#2403 = DIRECTION('',(-0.951085545698,0.,0.308927636776));
#2404 = DIRECTION('',(0.308927636776,0.,0.951085545698));
#2405 = DEFINITIONAL_REPRESENTATION('',(#2406),#2409);
#2406 = B_SPLINE_CURVE_WITH_KNOTS('',1,(#2407,#2408),.UNSPECIFIED.,.F.,
  .F.,(2,2),(4.170755688185,10.339027909694),.PIECEWISE_BEZIER_KNOTS.);
#2407 = CARTESIAN_POINT('',(6.95705646565E-16,13.031091204126));
#2408 = CARTESIAN_POINT('',(5.406770085774,16.));
#2409 = ( GEOMETRIC_REPRESENTATION_CONTEXT(2) 
PARAMETRIC_REPRESENTATION_CONTEXT() REPRESENTATION_CONTEXT('2D SPACE',''
  ) );
#2410 = ORIENTED_EDGE('',*,*,#2411,.F.);
#2411 = EDGE_CURVE('',#2412,#2386,#2414,.T.);
#2412 = VERTEX_POINT('',#2413);
#2413 = CARTESIAN_POINT('',(-18.78606195156,13.78862017277,
    -3.830222215595));
#2414 = SURFACE_CURVE('',#2415,(#2419,#2425),.PCURVE_S1.);
#2415 = LINE('',#2416,#2417);
#2416 = CARTESIAN_POINT('',(-11.09313656,14.41240851548,-2.749789112852)
  );
#2417 = VECTOR('',#2418,1.);
#2418 = DIRECTION('',(-0.987103951637,-8.004028464251E-02,
    -0.138633839653));
#2419 = PCURVE('',#70,#2420);
#2420 = DEFINITIONAL_REPRESENTATION('',(#2421),#2424);
#2421 = B_SPLINE_CURVE_WITH_KNOTS('',1,(#2422,#2423),.UNSPECIFIED.,.F.,
  .F.,(2,2),(7.793429839685,17.257776100169),.PIECEWISE_BEZIER_KNOTS.);
#2422 = CARTESIAN_POINT('',(11.57724034554,-18.78606195156));
#2423 = CARTESIAN_POINT('',(10.062182408252,-28.12835554495));
#2424 = ( GEOMETRIC_REPRESENTATION_CONTEXT(2) 
PARAMETRIC_REPRESENTATION_CONTEXT() REPRESENTATION_CONTEXT('2D SPACE',''
  ) );
#2425 = PCURVE('',#2426,#2431);
#2426 = PLANE('',#2427);
#2427 = AXIS2_PLACEMENT_3D('',#2428,#2429,#2430);
#2428 = CARTESIAN_POINT('',(-18.78606195156,0.,-3.830222215595));
#2429 = DIRECTION('',(0.139080060001,0.,-0.990281140338));
#2430 = DIRECTION('',(-0.990281140338,-0.,-0.139080060001));
#2431 = DEFINITIONAL_REPRESENTATION('',(#2432),#2435);
#2432 = B_SPLINE_CURVE_WITH_KNOTS('',1,(#2433,#2434),.UNSPECIFIED.,.F.,
  .F.,(2,2),(7.793429839685,17.257776100169),.PIECEWISE_BEZIER_KNOTS.);
#2433 = CARTESIAN_POINT('',(9.121604736466E-16,13.78862017277));
#2434 = CARTESIAN_POINT('',(9.433981132057,13.031091204126));
#2435 = ( GEOMETRIC_REPRESENTATION_CONTEXT(2) 
PARAMETRIC_REPRESENTATION_CONTEXT() REPRESENTATION_CONTEXT('2D SPACE',''
  ) );
#2436 = ORIENTED_EDGE('',*,*,#2437,.F.);
#2437 = EDGE_CURVE('',#2438,#2412,#2440,.T.);
#2438 = VERTEX_POINT('',#2439);
#2439 = CARTESIAN_POINT('',(-18.57202717191,14.169060495853,
    -3.171280246768));
#2440 = SURFACE_CURVE('',#2441,(#2445,#2451),.PCURVE_S1.);
#2441 = LINE('',#2442,#2443);
#2442 = CARTESIAN_POINT('',(-19.38519052026,12.723687330479,
    -5.674740005091));
#2443 = VECTOR('',#2444,1.);
#2444 = DIRECTION('',(-0.270789071106,-0.481319353177,-0.833669574368));
#2445 = PCURVE('',#70,#2446);
#2446 = DEFINITIONAL_REPRESENTATION('',(#2447),#2450);
#2447 = B_SPLINE_CURVE_WITH_KNOTS('',1,(#2448,#2449),.UNSPECIFIED.,.F.,
  .F.,(2,2),(-6.806941478454,-2.212528615902),.PIECEWISE_BEZIER_KNOTS.);
#2448 = CARTESIAN_POINT('',(16.,-17.54194516024));
#2449 = CARTESIAN_POINT('',(11.57724034554,-18.78606195156));
#2450 = ( GEOMETRIC_REPRESENTATION_CONTEXT(2) 
PARAMETRIC_REPRESENTATION_CONTEXT() REPRESENTATION_CONTEXT('2D SPACE',''
  ) );
#2451 = PCURVE('',#2452,#2457);
#2452 = PLANE('',#2453);
#2453 = AXIS2_PLACEMENT_3D('',#2454,#2455,#2456);
#2454 = CARTESIAN_POINT('',(-15.87164445504,0.,5.142300877492));
#2455 = DIRECTION('',(0.951085545698,0.,-0.308927636776));
#2456 = DIRECTION('',(-0.308927636776,0.,-0.951085545698));
#2457 = DEFINITIONAL_REPRESENTATION('',(#2458),#2461);
#2458 = B_SPLINE_CURVE_WITH_KNOTS('',1,(#2459,#2460),.UNSPECIFIED.,.F.,
  .F.,(2,2),(-6.806941478454,-2.212528615902),.PIECEWISE_BEZIER_KNOTS.);
#2459 = CARTESIAN_POINT('',(5.406770085774,16.));
#2460 = CARTESIAN_POINT('',(9.433981132057,13.78862017277));
#2461 = ( GEOMETRIC_REPRESENTATION_CONTEXT(2) 
PARAMETRIC_REPRESENTATION_CONTEXT() REPRESENTATION_CONTEXT('2D SPACE',''
  ) );
#2462 = ORIENTED_EDGE('',*,*,#2463,.F.);
#2463 = EDGE_CURVE('',#2464,#2438,#2466,.T.);
#2464 = VERTEX_POINT('',#2465);
#2465 = CARTESIAN_POINT('',(-12.75252985509,12.611597316455,
    -5.868885604403));
#2466 = SURFACE_CURVE('',#2467,(#2471,#2477),.PCURVE_S1.);
#2467 = LINE('',#2468,#2469);
#2468 = CARTESIAN_POINT('',(-4.565770660326,10.420587455932,
    -9.663826002713));
#2469 = VECTOR('',#2470,1.);
#2470 = DIRECTION('',(-0.881647753209,0.235954041744,0.408684388552));
#2471 = PCURVE('',#70,#2472);
#2472 = DEFINITIONAL_REPRESENTATION('',(#2473),#2476);
#2473 = B_SPLINE_CURVE_WITH_KNOTS('',1,(#2474,#2475),.UNSPECIFIED.,.F.,
  .F.,(2,2),(9.285748378496,19.576310474018),.PIECEWISE_BEZIER_KNOTS.);
#2474 = CARTESIAN_POINT('',(9.22319463291,-12.75252985509));
#2475 = CARTESIAN_POINT('',(14.079394069419,-21.82518080587));
#2476 = ( GEOMETRIC_REPRESENTATION_CONTEXT(2) 
PARAMETRIC_REPRESENTATION_CONTEXT() REPRESENTATION_CONTEXT('2D SPACE',''
  ) );
#2477 = PCURVE('',#2478,#2483);
#2478 = PLANE('',#2479);
#2479 = AXIS2_PLACEMENT_3D('',#2480,#2481,#2482);
#2480 = CARTESIAN_POINT('',(-12.75252985509,0.,-5.868885604403));
#2481 = DIRECTION('',(-0.420559207786,0.,-0.907265095078));
#2482 = DIRECTION('',(-0.907265095078,0.,0.420559207786));
#2483 = DEFINITIONAL_REPRESENTATION('',(#2484),#2487);
#2484 = B_SPLINE_CURVE_WITH_KNOTS('',1,(#2485,#2486),.UNSPECIFIED.,.F.,
  .F.,(2,2),(9.285748378496,19.576310474018),.PIECEWISE_BEZIER_KNOTS.);
#2485 = CARTESIAN_POINT('',(5.090235330584E-16,12.611597316455));
#2486 = CARTESIAN_POINT('',(10.,15.03969703471));
#2487 = ( GEOMETRIC_REPRESENTATION_CONTEXT(2) 
PARAMETRIC_REPRESENTATION_CONTEXT() REPRESENTATION_CONTEXT('2D SPACE',''
  ) );
#2488 = ORIENTED_EDGE('',*,*,#2489,.F.);
#2489 = EDGE_CURVE('',#2490,#2464,#2492,.T.);
#2490 = VERTEX_POINT('',#2491);
#2491 = CARTESIAN_POINT('',(-10.66439145632,13.992123113092,
    -3.477744783469));
#2492 = SURFACE_CURVE('',#2493,(#2497,#2503),.PCURVE_S1.);
#2493 = LINE('',#2494,#2495);
#2494 = CARTESIAN_POINT('',(-11.40225157865,13.504303467716,
    -4.32267319419));
#2495 = VECTOR('',#2496,1.);
#2496 = DIRECTION('',(-0.603202746706,-0.398793946283,-0.690731376713));
#2497 = PCURVE('',#70,#2498);
#2498 = DEFINITIONAL_REPRESENTATION('',(#2499),#2502);
#2499 = B_SPLINE_CURVE_WITH_KNOTS('',1,(#2500,#2501),.UNSPECIFIED.,.F.,
  .F.,(2,2),(-6.258110373911,2.238514800894),.PIECEWISE_BEZIER_KNOTS.);
#2500 = CARTESIAN_POINT('',(16.,-7.627342211924));
#2501 = CARTESIAN_POINT('',(9.22319463291,-12.75252985509));
#2502 = ( GEOMETRIC_REPRESENTATION_CONTEXT(2) 
PARAMETRIC_REPRESENTATION_CONTEXT() REPRESENTATION_CONTEXT('2D SPACE',''
  ) );
#2503 = PCURVE('',#2504,#2509);
#2504 = PLANE('',#2505);
#2505 = AXIS2_PLACEMENT_3D('',#2506,#2507,#2508);
#2506 = CARTESIAN_POINT('',(-6.17481919413,0.,1.663293526542));
#2507 = DIRECTION('',(0.753217913094,0.,-0.657771066096));
#2508 = DIRECTION('',(-0.657771066096,0.,-0.753217913094));
#2509 = DEFINITIONAL_REPRESENTATION('',(#2510),#2513);
#2510 = B_SPLINE_CURVE_WITH_KNOTS('',1,(#2511,#2512),.UNSPECIFIED.,.F.,
  .F.,(2,2),(-6.258110373911,2.238514800894),.PIECEWISE_BEZIER_KNOTS.);
#2511 = CARTESIAN_POINT('',(2.20825009287,16.));
#2512 = CARTESIAN_POINT('',(10.,12.611597316455));
#2513 = ( GEOMETRIC_REPRESENTATION_CONTEXT(2) 
PARAMETRIC_REPRESENTATION_CONTEXT() REPRESENTATION_CONTEXT('2D SPACE',''
  ) );
#2514 = ORIENTED_EDGE('',*,*,#2515,.F.);
#2515 = EDGE_CURVE('',#2516,#2490,#2518,.T.);
#2516 = VERTEX_POINT('',#2517);
#2517 = CARTESIAN_POINT('',(-10.4995132678,12.904068241878,
    -5.362311101833));
#2518 = SURFACE_CURVE('',#2519,(#2523,#2529),.PCURVE_S1.);
#2519 = LINE('',#2520,#2521);
#2520 = CARTESIAN_POINT('',(-9.85706860636,8.664483554254,
    -12.70548718378));
#2521 = VECTOR('',#2522,1.);
#2522 = DIRECTION('',(-7.555085810113E-02,0.498570974847,0.863550259614)
  );
#2523 = PCURVE('',#70,#2524);
#2524 = DEFINITIONAL_REPRESENTATION('',(#2525),#2528);
#2525 = B_SPLINE_CURVE_WITH_KNOTS('',1,(#2526,#2527),.UNSPECIFIED.,.F.,
  .F.,(2,2),(8.503472728078,14.713083624642),.PIECEWISE_BEZIER_KNOTS.);
#2526 = CARTESIAN_POINT('',(9.808136483757,-10.4995132678));
#2527 = CARTESIAN_POINT('',(16.,-10.96865469951));
#2528 = ( GEOMETRIC_REPRESENTATION_CONTEXT(2) 
PARAMETRIC_REPRESENTATION_CONTEXT() REPRESENTATION_CONTEXT('2D SPACE',''
  ) );
#2529 = PCURVE('',#2530,#2535);
#2530 = PLANE('',#2531);
#2531 = AXIS2_PLACEMENT_3D('',#2532,#2533,#2534);
#2532 = CARTESIAN_POINT('',(-10.4995132678,0.,-5.362311101833));
#2533 = DIRECTION('',(-0.996194698092,0.,-8.715574274766E-02));
#2534 = DIRECTION('',(-8.715574274766E-02,0.,0.996194698092));
#2535 = DEFINITIONAL_REPRESENTATION('',(#2536),#2539);
#2536 = B_SPLINE_CURVE_WITH_KNOTS('',1,(#2537,#2538),.UNSPECIFIED.,.F.,
  .F.,(2,2),(8.503472728078,14.713083624642),.PIECEWISE_BEZIER_KNOTS.);
#2537 = CARTESIAN_POINT('',(-9.495341629354E-16,12.904068241878));
#2538 = CARTESIAN_POINT('',(5.382794259099,16.));
#2539 = ( GEOMETRIC_REPRESENTATION_CONTEXT(2) 
PARAMETRIC_REPRESENTATION_CONTEXT() REPRESENTATION_CONTEXT('2D SPACE',''
  ) );
#2540 = ORIENTED_EDGE('',*,*,#2541,.F.);
#2541 = EDGE_CURVE('',#2542,#2516,#2544,.T.);
#2542 = VERTEX_POINT('',#2543);
#2543 = CARTESIAN_POINT('',(-0.637688898167,13.40220480361,
    -4.499513267806));
#2544 = SURFACE_CURVE('',#2545,(#2549,#2555),.PCURVE_S1.);
#2545 = LINE('',#2546,#2547);
#2546 = CARTESIAN_POINT('',(-1.197364059398,13.373934713812,
    -4.548478499671));
#2547 = VECTOR('',#2548,1.);
#2548 = DIRECTION('',(-0.994935885121,-5.02558068752E-02,
    -8.704561088321E-02));
#2549 = PCURVE('',#70,#2550);
#2550 = DEFINITIONAL_REPRESENTATION('',(#2551),#2554);
#2551 = B_SPLINE_CURVE_WITH_KNOTS('',1,(#2552,#2553),.UNSPECIFIED.,.F.,
  .F.,(2,2),(-0.562523846612,9.349496130877),.PIECEWISE_BEZIER_KNOTS.);
#2552 = CARTESIAN_POINT('',(10.80440960722,-0.637688898167));
#2553 = CARTESIAN_POINT('',(9.808136483757,-10.4995132678));
#2554 = ( GEOMETRIC_REPRESENTATION_CONTEXT(2) 
PARAMETRIC_REPRESENTATION_CONTEXT() REPRESENTATION_CONTEXT('2D SPACE',''
  ) );
#2555 = PCURVE('',#2556,#2561);
#2556 = PLANE('',#2557);
#2557 = AXIS2_PLACEMENT_3D('',#2558,#2559,#2560);
#2558 = CARTESIAN_POINT('',(-0.637688898167,0.,-4.499513267806));
#2559 = DIRECTION('',(8.715574274766E-02,0.,-0.996194698092));
#2560 = DIRECTION('',(-0.996194698092,-0.,-8.715574274766E-02));
#2561 = DEFINITIONAL_REPRESENTATION('',(#2562),#2565);
#2562 = B_SPLINE_CURVE_WITH_KNOTS('',1,(#2563,#2564),.UNSPECIFIED.,.F.,
  .F.,(2,2),(-0.562523846612,9.349496130877),.PIECEWISE_BEZIER_KNOTS.);
#2563 = CARTESIAN_POINT('',(-8.501301467176E-17,13.40220480361));
#2564 = CARTESIAN_POINT('',(9.899494936612,12.904068241878));
#2565 = ( GEOMETRIC_REPRESENTATION_CONTEXT(2) 
PARAMETRIC_REPRESENTATION_CONTEXT() REPRESENTATION_CONTEXT('2D SPACE',''
  ) );
#2566 = ORIENTED_EDGE('',*,*,#2567,.F.);
#2567 = EDGE_CURVE('',#2568,#2542,#2570,.T.);
#2568 = VERTEX_POINT('',#2569);
#2569 = CARTESIAN_POINT('',(-0.67737019608,13.664067393672,
    -4.045953957217));
#2570 = SURFACE_CURVE('',#2571,(#2575,#2581),.PCURVE_S1.);
#2571 = LINE('',#2572,#2573);
#2572 = CARTESIAN_POINT('',(-0.300645481928,11.178006841819,
    -8.351937143718));
#2573 = VECTOR('',#2574,1.);
#2574 = DIRECTION('',(7.555085810113E-02,-0.498570974847,-0.863550259614
    ));
#2575 = PCURVE('',#70,#2576);
#2576 = DEFINITIONAL_REPRESENTATION('',(#2577),#2580);
#2577 = B_SPLINE_CURVE_WITH_KNOTS('',1,(#2578,#2579),.UNSPECIFIED.,.F.,
  .F.,(2,2),(-9.671628316628,-4.461146103566),.PIECEWISE_BEZIER_KNOTS.);
#2578 = CARTESIAN_POINT('',(16.,-1.031345300485));
#2579 = CARTESIAN_POINT('',(10.80440960722,-0.637688898167));
#2580 = ( GEOMETRIC_REPRESENTATION_CONTEXT(2) 
PARAMETRIC_REPRESENTATION_CONTEXT() REPRESENTATION_CONTEXT('2D SPACE',''
  ) );
#2581 = PCURVE('',#2582,#2587);
#2582 = PLANE('',#2583);
#2583 = AXIS2_PLACEMENT_3D('',#2584,#2585,#2586);
#2584 = CARTESIAN_POINT('',(-1.500486732194,0.,5.362311101833));
#2585 = DIRECTION('',(0.996194698092,0.,8.715574274766E-02));
#2586 = DIRECTION('',(8.715574274766E-02,0.,-0.996194698092));
#2587 = DEFINITIONAL_REPRESENTATION('',(#2588),#2591);
#2588 = B_SPLINE_CURVE_WITH_KNOTS('',1,(#2589,#2590),.UNSPECIFIED.,.F.,
  .F.,(2,2),(-9.671628316628,-4.461146103566),.PIECEWISE_BEZIER_KNOTS.);
#2589 = CARTESIAN_POINT('',(5.382794259099,16.));
#2590 = CARTESIAN_POINT('',(9.899494936612,13.40220480361));
#2591 = ( GEOMETRIC_REPRESENTATION_CONTEXT(2) 
PARAMETRIC_REPRESENTATION_CONTEXT() REPRESENTATION_CONTEXT('2D SPACE',''
  ) );
#2592 = ORIENTED_EDGE('',*,*,#2593,.F.);
#2593 = EDGE_CURVE('',#2594,#2568,#2596,.T.);
#2594 = VERTEX_POINT('',#2595);
#2595 = CARTESIAN_POINT('',(5.755772502287,11.921839756661,
    -7.063580742871));
#2596 = SURFACE_CURVE('',#2597,(#2601,#2607),.PCURVE_S1.);
#2597 = LINE('',#2598,#2599);
#2598 = CARTESIAN_POINT('',(6.421228112797,11.741620661547,
    -7.375729372102));
#2599 = VECTOR('',#2600,1.);
#2600 = DIRECTION('',(-0.87930133613,0.238132925212,0.412458325422));
#2601 = PCURVE('',#70,#2602);
#2602 = DEFINITIONAL_REPRESENTATION('',(#2603),#2606);
#2603 = B_SPLINE_CURVE_WITH_KNOTS('',1,(#2604,#2605),.UNSPECIFIED.,.F.,
  .F.,(2,2),(0.75680040865,11.052995452871),.PIECEWISE_BEZIER_KNOTS.);
#2604 = CARTESIAN_POINT('',(7.843679513321,5.755772502287));
#2605 = CARTESIAN_POINT('',(12.747405602184,-3.297685557154));
#2606 = ( GEOMETRIC_REPRESENTATION_CONTEXT(2) 
PARAMETRIC_REPRESENTATION_CONTEXT() REPRESENTATION_CONTEXT('2D SPACE',''
  ) );
#2607 = PCURVE('',#2608,#2613);
#2608 = PLANE('',#2609);
#2609 = AXIS2_PLACEMENT_3D('',#2610,#2611,#2612);
#2610 = CARTESIAN_POINT('',(5.755772502287,0.,-7.063580742871));
#2611 = DIRECTION('',(-0.424675136616,0.,-0.905345805944));
#2612 = DIRECTION('',(-0.905345805944,0.,0.424675136616));
#2613 = DEFINITIONAL_REPRESENTATION('',(#2614),#2617);
#2614 = B_SPLINE_CURVE_WITH_KNOTS('',1,(#2615,#2616),.UNSPECIFIED.,.F.,
  .F.,(2,2),(0.75680040865,11.052995452871),.PIECEWISE_BEZIER_KNOTS.);
#2615 = CARTESIAN_POINT('',(3.306198971881E-16,11.921839756661));
#2616 = CARTESIAN_POINT('',(10.,14.373702801092));
#2617 = ( GEOMETRIC_REPRESENTATION_CONTEXT(2) 
PARAMETRIC_REPRESENTATION_CONTEXT() REPRESENTATION_CONTEXT('2D SPACE',''
  ) );
#2618 = ORIENTED_EDGE('',*,*,#2619,.F.);
#2619 = EDGE_CURVE('',#2620,#2594,#2622,.T.);
#2620 = VERTEX_POINT('',#2621);
#2621 = CARTESIAN_POINT('',(6.457069743888,14.516357168942,
    -2.569744763678));
#2622 = SURFACE_CURVE('',#2623,(#2627,#2633),.PCURVE_S1.);
#2623 = LINE('',#2624,#2625);
#2624 = CARTESIAN_POINT('',(5.36971266343,10.493573802253,
    -9.537409942626));
#2625 = VECTOR('',#2626,1.);
#2626 = DIRECTION('',(-0.133932209898,-0.495495247997,-0.85822294444));
#2627 = PCURVE('',#70,#2628);
#2628 = DEFINITIONAL_REPRESENTATION('',(#2629),#2632);
#2629 = B_SPLINE_CURVE_WITH_KNOTS('',1,(#2630,#2631),.UNSPECIFIED.,.F.,
  .F.,(2,2),(-11.11297478634,-2.882501820512),.PIECEWISE_BEZIER_KNOTS.);
#2630 = CARTESIAN_POINT('',(16.,6.85809793511));
#2631 = CARTESIAN_POINT('',(7.843679513321,5.755772502287));
#2632 = ( GEOMETRIC_REPRESENTATION_CONTEXT(2) 
PARAMETRIC_REPRESENTATION_CONTEXT() REPRESENTATION_CONTEXT('2D SPACE',''
  ) );
#2633 = PCURVE('',#2634,#2639);
#2634 = PLANE('',#2635);
#2635 = AXIS2_PLACEMENT_3D('',#2636,#2637,#2638);
#2636 = CARTESIAN_POINT('',(7.297685557154,0.,2.816829376715));
#2637 = DIRECTION('',(0.988041011959,0.,-0.154191305487));
#2638 = DIRECTION('',(-0.154191305487,0.,-0.988041011959));
#2639 = DEFINITIONAL_REPRESENTATION('',(#2640),#2643);
#2640 = B_SPLINE_CURVE_WITH_KNOTS('',1,(#2641,#2642),.UNSPECIFIED.,.F.,
  .F.,(2,2),(-11.11297478634,-2.882501820512),.PIECEWISE_BEZIER_KNOTS.);
#2641 = CARTESIAN_POINT('',(2.850923537203,16.));
#2642 = CARTESIAN_POINT('',(10.,11.921839756661));
#2643 = ( GEOMETRIC_REPRESENTATION_CONTEXT(2) 
PARAMETRIC_REPRESENTATION_CONTEXT() REPRESENTATION_CONTEXT('2D SPACE',''
  ) );
#2644 = ORIENTED_EDGE('',*,*,#2645,.F.);
#2645 = EDGE_CURVE('',#2646,#2620,#2648,.T.);
#2646 = VERTEX_POINT('',#2647);
#2647 = CARTESIAN_POINT('',(8.12696703292,13.323450759888,
    -4.635919272834));
#2648 = SURFACE_CURVE('',#2649,(#2653,#2659),.PCURVE_S1.);
#2649 = LINE('',#2650,#2651);
#2650 = CARTESIAN_POINT('',(10.856479815526,11.373598326838,
    -8.013162754138));
#2651 = VECTOR('',#2652,1.);
#2652 = DIRECTION('',(-0.573422777177,0.409629808063,0.70949963986));
#2653 = PCURVE('',#70,#2654);
#2654 = DEFINITIONAL_REPRESENTATION('',(#2655),#2658);
#2655 = B_SPLINE_CURVE_WITH_KNOTS('',1,(#2656,#2657),.UNSPECIFIED.,.F.,
  .F.,(2,2),(4.760035511747,11.294104047355),.PIECEWISE_BEZIER_KNOTS.);
#2656 = CARTESIAN_POINT('',(10.646901519776,8.12696703292));
#2657 = CARTESIAN_POINT('',(16.,4.380183306969));
#2658 = ( GEOMETRIC_REPRESENTATION_CONTEXT(2) 
PARAMETRIC_REPRESENTATION_CONTEXT() REPRESENTATION_CONTEXT('2D SPACE',''
  ) );
#2659 = PCURVE('',#2660,#2665);
#2660 = PLANE('',#2661);
#2661 = AXIS2_PLACEMENT_3D('',#2662,#2663,#2664);
#2662 = CARTESIAN_POINT('',(8.12696703292,0.,-4.635919272834));
#2663 = DIRECTION('',(-0.777745364191,0.,-0.628579468707));
#2664 = DIRECTION('',(-0.628579468707,0.,0.777745364191));
#2665 = DEFINITIONAL_REPRESENTATION('',(#2666),#2669);
#2666 = B_SPLINE_CURVE_WITH_KNOTS('',1,(#2667,#2668),.UNSPECIFIED.,.F.,
  .F.,(2,2),(4.760035511747,11.294104047355),.PIECEWISE_BEZIER_KNOTS.);
#2667 = CARTESIAN_POINT('',(-1.750709255545E-16,13.323450759888));
#2668 = CARTESIAN_POINT('',(5.960716047027,16.));
#2669 = ( GEOMETRIC_REPRESENTATION_CONTEXT(2) 
PARAMETRIC_REPRESENTATION_CONTEXT() REPRESENTATION_CONTEXT('2D SPACE',''
  ) );
#2670 = ORIENTED_EDGE('',*,*,#2671,.F.);
#2671 = EDGE_CURVE('',#2672,#2646,#2674,.T.);
#2672 = VERTEX_POINT('',#2673);
#2673 = CARTESIAN_POINT('',(15.128643052941,13.823708518945,
    -3.769447417266));
#2674 = SURFACE_CURVE('',#2675,(#2679,#2685),.PCURVE_S1.);
#2675 = LINE('',#2676,#2677);
#2676 = CARTESIAN_POINT('',(8.016158019943,13.315533645706,
    -4.649632116846));
#2677 = VECTOR('',#2678,1.);
#2678 = DIRECTION('',(-0.989944028023,-7.072980521164E-02,
    -0.122507616236));
#2679 = PCURVE('',#70,#2680);
#2680 = DEFINITIONAL_REPRESENTATION('',(#2681),#2684);
#2681 = B_SPLINE_CURVE_WITH_KNOTS('',1,(#2682,#2683),.UNSPECIFIED.,.F.,
  .F.,(2,2),(-10.43341479798,-0.111934624424),.PIECEWISE_BEZIER_KNOTS.);
#2682 = CARTESIAN_POINT('',(12.10697408412,18.344654691101));
#2683 = CARTESIAN_POINT('',(10.646901519776,8.12696703292));
#2684 = ( GEOMETRIC_REPRESENTATION_CONTEXT(2) 
PARAMETRIC_REPRESENTATION_CONTEXT() REPRESENTATION_CONTEXT('2D SPACE',''
  ) );
#2685 = PCURVE('',#2686,#2691);
#2686 = PLANE('',#2687);
#2687 = AXIS2_PLACEMENT_3D('',#2688,#2689,#2690);
#2688 = CARTESIAN_POINT('',(18.344654691101,0.,-3.371459340743));
#2689 = DIRECTION('',(0.122815205556,0.,-0.992429556837));
#2690 = DIRECTION('',(-0.992429556837,-0.,-0.122815205556));
#2691 = DEFINITIONAL_REPRESENTATION('',(#2692),#2695);
#2692 = B_SPLINE_CURVE_WITH_KNOTS('',1,(#2693,#2694),.UNSPECIFIED.,.F.,
  .F.,(2,2),(-10.43341479798,-0.111934624424),.PIECEWISE_BEZIER_KNOTS.);
#2693 = CARTESIAN_POINT('',(-4.13791122527E-15,14.05348704206));
#2694 = CARTESIAN_POINT('',(10.295630140987,13.323450759888));
#2695 = ( GEOMETRIC_REPRESENTATION_CONTEXT(2) 
PARAMETRIC_REPRESENTATION_CONTEXT() REPRESENTATION_CONTEXT('2D SPACE',''
  ) );
#2696 = ORIENTED_EDGE('',*,*,#2697,.F.);
#2697 = EDGE_CURVE('',#2698,#2672,#2700,.T.);
#2698 = VERTEX_POINT('',#2699);
#2699 = CARTESIAN_POINT('',(23.202013778342,13.29574085007,
    -4.683914244512));
#2700 = SURFACE_CURVE('',#2701,(#2705,#2711),.PCURVE_S1.);
#2701 = LINE('',#2702,#2703);
#2702 = CARTESIAN_POINT('',(12.904549865234,13.969155734937,
    -3.51752544935));
#2703 = VECTOR('',#2704,1.);
#2704 = DIRECTION('',(-0.991554874887,6.484390890278E-02,0.112312944781)
  );
#2705 = PCURVE('',#70,#2706);
#2706 = DEFINITIONAL_REPRESENTATION('',(#2707),#2710);
#2707 = B_SPLINE_CURVE_WITH_KNOTS('',1,(#2708,#2709),.UNSPECIFIED.,.F.,
  .F.,(2,2),(-10.38516795581,-1.764700217092),.PIECEWISE_BEZIER_KNOTS.);
#2708 = CARTESIAN_POINT('',(10.59148170014,23.202013778342));
#2709 = CARTESIAN_POINT('',(11.709451349637,14.654346968206));
#2710 = ( GEOMETRIC_REPRESENTATION_CONTEXT(2) 
PARAMETRIC_REPRESENTATION_CONTEXT() REPRESENTATION_CONTEXT('2D SPACE',''
  ) );
#2711 = PCURVE('',#2712,#2717);
#2712 = PLANE('',#2713);
#2713 = AXIS2_PLACEMENT_3D('',#2714,#2715,#2716);
#2714 = CARTESIAN_POINT('',(23.202013778342,0.,-4.683914244512));
#2715 = DIRECTION('',(-0.112549814971,0.,-0.993646083447));
#2716 = DIRECTION('',(-0.993646083447,0.,0.112549814971));
#2717 = DEFINITIONAL_REPRESENTATION('',(#2718),#2721);
#2718 = B_SPLINE_CURVE_WITH_KNOTS('',1,(#2719,#2720),.UNSPECIFIED.,.F.,
  .F.,(2,2),(-10.38516795581,-1.764700217092),.PIECEWISE_BEZIER_KNOTS.);
#2719 = CARTESIAN_POINT('',(-3.400830490423E-18,13.29574085007));
#2720 = CARTESIAN_POINT('',(8.602325267043,13.854725674819));
#2721 = ( GEOMETRIC_REPRESENTATION_CONTEXT(2) 
PARAMETRIC_REPRESENTATION_CONTEXT() REPRESENTATION_CONTEXT('2D SPACE',''
  ) );
#2722 = ORIENTED_EDGE('',*,*,#2723,.F.);
#2723 = EDGE_CURVE('',#2724,#2698,#2726,.T.);
#2724 = VERTEX_POINT('',#2725);
#2725 = CARTESIAN_POINT('',(23.045085274989,13.705698899238,
    -3.973846074381));
#2726 = SURFACE_CURVE('',#2727,(#2731,#2737),.PCURVE_S1.);
#2727 = LINE('',#2728,#2729);
#2728 = CARTESIAN_POINT('',(23.679194467395,12.049160017361,
    -6.843055582505));
#2729 = VECTOR('',#2730,1.);
#2730 = DIRECTION('',(0.187983633389,-0.491086080432,-0.850586042199));
#2731 = PCURVE('',#70,#2732);
#2732 = DEFINITIONAL_REPRESENTATION('',(#2733),#2736);
#2733 = B_SPLINE_CURVE_WITH_KNOTS('',1,(#2734,#2735),.UNSPECIFIED.,.F.,
  .F.,(2,2),(-8.045106835771,-2.53841614002),.PIECEWISE_BEZIER_KNOTS.);
#2734 = CARTESIAN_POINT('',(16.,22.166846053408));
#2735 = CARTESIAN_POINT('',(10.59148170014,23.202013778342));
#2736 = ( GEOMETRIC_REPRESENTATION_CONTEXT(2) 
PARAMETRIC_REPRESENTATION_CONTEXT() REPRESENTATION_CONTEXT('2D SPACE',''
  ) );
#2737 = PCURVE('',#2738,#2743);
#2738 = PLANE('',#2739);
#2739 = AXIS2_PLACEMENT_3D('',#2740,#2741,#2742);
#2740 = CARTESIAN_POINT('',(21.345653031794,0.,3.715724127387));
#2741 = DIRECTION('',(0.976438127035,0.,0.215797553443));
#2742 = DIRECTION('',(0.215797553443,0.,-0.976438127035));
#2743 = DEFINITIONAL_REPRESENTATION('',(#2744),#2747);
#2744 = B_SPLINE_CURVE_WITH_KNOTS('',1,(#2745,#2746),.UNSPECIFIED.,.F.,
  .F.,(2,2),(-8.045106835771,-2.53841614002),.PIECEWISE_BEZIER_KNOTS.);
#2745 = CARTESIAN_POINT('',(3.805386152494,16.));
#2746 = CARTESIAN_POINT('',(8.602325267043,13.29574085007));
#2747 = ( GEOMETRIC_REPRESENTATION_CONTEXT(2) 
PARAMETRIC_REPRESENTATION_CONTEXT() REPRESENTATION_CONTEXT('2D SPACE',''
  ) );
#2748 = ORIENTED_EDGE('',*,*,#2749,.F.);
#2749 = EDGE_CURVE('',#2750,#2724,#2752,.T.);
#2750 = VERTEX_POINT('',#2751);
#2751 = CARTESIAN_POINT('',(24.548468626402,12.638797007446,
    -5.821774357656));
#2752 = SURFACE_CURVE('',#2753,(#2757,#2763),.PCURVE_S1.);
#2753 = LINE('',#2754,#2755);
#2754 = CARTESIAN_POINT('',(24.148549636687,12.922606407284,
    -5.330202057471));
#2755 = VECTOR('',#2756,1.);
#2756 = DIRECTION('',(-0.575959061182,0.408739268924,0.707957180825));
#2757 = PCURVE('',#70,#2758);
#2758 = DEFINITIONAL_REPRESENTATION('',(#2759),#2762);
#2759 = B_SPLINE_CURVE_WITH_KNOTS('',1,(#2760,#2761),.UNSPECIFIED.,.F.,
  .F.,(2,2),(-0.694353152279,7.528989325679),.PIECEWISE_BEZIER_KNOTS.);
#2760 = CARTESIAN_POINT('',(9.277594014892,24.548468626402));
#2761 = CARTESIAN_POINT('',(16.,19.812160013023));
#2762 = ( GEOMETRIC_REPRESENTATION_CONTEXT(2) 
PARAMETRIC_REPRESENTATION_CONTEXT() REPRESENTATION_CONTEXT('2D SPACE',''
  ) );
#2763 = PCURVE('',#2764,#2769);
#2764 = PLANE('',#2765);
#2765 = AXIS2_PLACEMENT_3D('',#2766,#2767,#2768);
#2766 = CARTESIAN_POINT('',(24.548468626402,0.,-5.821774357656));
#2767 = DIRECTION('',(-0.775714952245,0.,-0.631083443661));
#2768 = DIRECTION('',(-0.631083443661,0.,0.775714952245));
#2769 = DEFINITIONAL_REPRESENTATION('',(#2770),#2773);
#2770 = B_SPLINE_CURVE_WITH_KNOTS('',1,(#2771,#2772),.UNSPECIFIED.,.F.,
  .F.,(2,2),(-0.694353152279,7.528989325679),.PIECEWISE_BEZIER_KNOTS.);
#2771 = CARTESIAN_POINT('',(5.350285260278E-17,12.638797007446));
#2772 = CARTESIAN_POINT('',(7.505043367805,16.));
#2773 = ( GEOMETRIC_REPRESENTATION_CONTEXT(2) 
PARAMETRIC_REPRESENTATION_CONTEXT() REPRESENTATION_CONTEXT('2D SPACE',''
  ) );
#2774 = ORIENTED_EDGE('',*,*,#2775,.F.);
#2775 = EDGE_CURVE('',#2776,#2750,#2778,.T.);
#2776 = VERTEX_POINT('',#2777);
#2777 = CARTESIAN_POINT('',(30.55540484763,14.101635699895,
    -3.288063419057));
#2778 = SURFACE_CURVE('',#2779,(#2783,#2789),.PCURVE_S1.);
#2779 = LINE('',#2780,#2781);
#2780 = CARTESIAN_POINT('',(15.943752920132,10.543334260868,
    -9.451222300097));
#2781 = VECTOR('',#2782,1.);
#2782 = DIRECTION('',(-0.899035752572,-0.218937614172,-0.379211071433));
#2783 = PCURVE('',#70,#2784);
#2784 = DEFINITIONAL_REPRESENTATION('',(#2785),#2788);
#2785 = B_SPLINE_CURVE_WITH_KNOTS('',1,(#2786,#2787),.UNSPECIFIED.,.F.,
  .F.,(2,2),(-19.81969330929,-9.571049517943),.PIECEWISE_BEZIER_KNOTS.);
#2786 = CARTESIAN_POINT('',(13.765221255243,33.762365810208));
#2787 = CARTESIAN_POINT('',(9.277594014892,24.548468626402));
#2788 = ( GEOMETRIC_REPRESENTATION_CONTEXT(2) 
PARAMETRIC_REPRESENTATION_CONTEXT() REPRESENTATION_CONTEXT('2D SPACE',''
  ) );
#2789 = PCURVE('',#2790,#2795);
#2790 = PLANE('',#2791);
#2791 = AXIS2_PLACEMENT_3D('',#2792,#2793,#2794);
#2792 = CARTESIAN_POINT('',(33.762365810208,0.,-1.935375164797));
#2793 = DIRECTION('',(0.388639919286,0.,-0.921389718381));
#2794 = DIRECTION('',(-0.921389718381,-0.,-0.388639919286));
#2795 = DEFINITIONAL_REPRESENTATION('',(#2796),#2799);
#2796 = B_SPLINE_CURVE_WITH_KNOTS('',1,(#2797,#2798),.UNSPECIFIED.,.F.,
  .F.,(2,2),(-19.81969330929,-9.571049517943),.PIECEWISE_BEZIER_KNOTS.);
#2797 = CARTESIAN_POINT('',(1.325092859666E-15,14.882610627621));
#2798 = CARTESIAN_POINT('',(10.,12.638797007446));
#2799 = ( GEOMETRIC_REPRESENTATION_CONTEXT(2) 
PARAMETRIC_REPRESENTATION_CONTEXT() REPRESENTATION_CONTEXT('2D SPACE',''
  ) );
#2800 = ORIENTED_EDGE('',*,*,#2801,.F.);
#2801 = EDGE_CURVE('',#2146,#2776,#2802,.T.);
#2802 = SURFACE_CURVE('',#2803,(#2807,#2813),.PCURVE_S1.);
#2803 = LINE('',#2804,#2805);
#2804 = CARTESIAN_POINT('',(26.924290624093,15.282847941456,
    -1.24214380215));
#2805 = VECTOR('',#2806,1.);
#2806 = DIRECTION('',(-0.838211456709,0.27267267641,0.472282929378));
#2807 = PCURVE('',#70,#2808);
#2808 = DEFINITIONAL_REPRESENTATION('',(#2809),#2812);
#2809 = B_SPLINE_CURVE_WITH_KNOTS('',1,(#2810,#2811),.UNSPECIFIED.,.F.,
  .F.,(2,2),(-11.29768664385,-1.715025056847),.PIECEWISE_BEZIER_KNOTS.);
#2810 = CARTESIAN_POINT('',(8.404554974073,36.39414100328));
#2811 = CARTESIAN_POINT('',(13.630414938192,28.361844275285));
#2812 = ( GEOMETRIC_REPRESENTATION_CONTEXT(2) 
PARAMETRIC_REPRESENTATION_CONTEXT() REPRESENTATION_CONTEXT('2D SPACE',''
  ) );
#2813 = PCURVE('',#2161,#2814);
#2814 = DEFINITIONAL_REPRESENTATION('',(#2815),#2818);
#2815 = B_SPLINE_CURVE_WITH_KNOTS('',1,(#2816,#2817),.UNSPECIFIED.,.F.,
  .F.,(2,2),(-11.29768664385,-1.715025056847),.PIECEWISE_BEZIER_KNOTS.);
#2816 = CARTESIAN_POINT('',(-2.434915625565E-15,12.202277487036));
#2817 = CARTESIAN_POINT('',(9.219544457293,14.815207469096));
#2818 = ( GEOMETRIC_REPRESENTATION_CONTEXT(2) 
PARAMETRIC_REPRESENTATION_CONTEXT() REPRESENTATION_CONTEXT('2D SPACE',''
  ) );
#2819 = ORIENTED_EDGE('',*,*,#2173,.F.);
#2820 = ORIENTED_EDGE('',*,*,#243,.F.);
#2821 = ORIENTED_EDGE('',*,*,#2822,.F.);
#2822 = EDGE_CURVE('',#2199,#202,#2823,.T.);
#2823 = SURFACE_CURVE('',#2824,(#2829,#2836),.PCURVE_S1.);
#2824 = ELLIPSE('',#2825,13.163586137523,11.4);
#2825 = AXIS2_PLACEMENT_3D('',#2826,#2827,#2828);
#2826 = CARTESIAN_POINT('',(60.,16.,-3.5527136788E-15));
#2827 = DIRECTION('',(0.,0.866025403784,-0.5));
#2828 = DIRECTION('',(0.,-0.5,-0.866025403784));
#2829 = PCURVE('',#70,#2830);
#2830 = DEFINITIONAL_REPRESENTATION('',(#2831),#2835);
#2831 = ELLIPSE('',#2832,13.163586137523,11.4);
#2832 = AXIS2_PLACEMENT_2D('',#2833,#2834);
#2833 = CARTESIAN_POINT('',(16.,60.));
#2834 = DIRECTION('',(-1.,0.));
#2835 = ( GEOMETRIC_REPRESENTATION_CONTEXT(2) 
PARAMETRIC_REPRESENTATION_CONTEXT() REPRESENTATION_CONTEXT('2D SPACE',''
  ) );
#2836 = PCURVE('',#218,#2837);
#2837 = DEFINITIONAL_REPRESENTATION('',(#2838),#2855);
#2838 = B_SPLINE_CURVE_WITH_KNOTS('',8,(#2839,#2840,#2841,#2842,#2843,
    #2844,#2845,#2846,#2847,#2848,#2849,#2850,#2851,#2852,#2853,#2854),
  .UNSPECIFIED.,.F.,.F.,(9,7,9),(4.712388980385,6.344109666294,
    7.975830352203),.UNSPECIFIED.);
#2839 = CARTESIAN_POINT('',(6.28318530718,3.));
#2840 = CARTESIAN_POINT('',(6.079220221441,4.342455987584));
#2841 = CARTESIAN_POINT('',(5.875255135703,5.684912395415));
#2842 = CARTESIAN_POINT('',(5.671290049964,6.942262843107));
#2843 = CARTESIAN_POINT('',(5.467324964227,8.029421855447));
#2844 = CARTESIAN_POINT('',(5.263359878486,8.872565798052));
#2845 = CARTESIAN_POINT('',(5.059394792748,9.420706889261));
#2846 = CARTESIAN_POINT('',(4.855429707009,9.651319454205));
#2847 = CARTESIAN_POINT('',(4.447499535532,9.487844087349));
#2848 = CARTESIAN_POINT('',(4.243534449796,9.093756104378));
#2849 = CARTESIAN_POINT('',(4.039569364047,8.392503233258));
#2850 = CARTESIAN_POINT('',(3.835604278333,7.416972292496));
#2851 = CARTESIAN_POINT('',(3.63163919257,6.227140815182));
#2852 = CARTESIAN_POINT('',(3.427674106842,4.903041388917));
#2853 = CARTESIAN_POINT('',(3.2237090211,3.532502515807));
#2854 = CARTESIAN_POINT('',(3.019743935361,2.2));
#2855 = ( GEOMETRIC_REPRESENTATION_CONTEXT(2) 
PARAMETRIC_REPRESENTATION_CONTEXT() REPRESENTATION_CONTEXT('2D SPACE',''
  ) );
#2856 = ADVANCED_FACE('',(#2857),#218,.F.);
#2857 = FACE_BOUND('',#2858,.F.);
#2858 = EDGE_LOOP('',(#2859,#2860,#2861,#2882,#2919,#2956));
#2859 = ORIENTED_EDGE('',*,*,#201,.F.);
#2860 = ORIENTED_EDGE('',*,*,#2822,.F.);
#2861 = ORIENTED_EDGE('',*,*,#2862,.T.);
#2862 = EDGE_CURVE('',#2199,#2863,#2865,.T.);
#2863 = VERTEX_POINT('',#2864);
#2864 = CARTESIAN_POINT('',(60.,-9.418206931238,-11.4));
#2865 = SURFACE_CURVE('',#2866,(#2870,#2876),.PCURVE_S1.);
#2866 = LINE('',#2867,#2868);
#2867 = CARTESIAN_POINT('',(60.,19.,-11.4));
#2868 = VECTOR('',#2869,1.);
#2869 = DIRECTION('',(0.,-1.,2.22044604925E-16));
#2870 = PCURVE('',#218,#2871);
#2871 = DEFINITIONAL_REPRESENTATION('',(#2872),#2875);
#2872 = B_SPLINE_CURVE_WITH_KNOTS('',1,(#2873,#2874),.UNSPECIFIED.,.F.,
  .F.,(2,2),(-5.999999999062E-07,38.0000006),.PIECEWISE_BEZIER_KNOTS.);
#2873 = CARTESIAN_POINT('',(4.712388980385,-5.999999988848E-07));
#2874 = CARTESIAN_POINT('',(4.712388980385,38.0000006));
#2875 = ( GEOMETRIC_REPRESENTATION_CONTEXT(2) 
PARAMETRIC_REPRESENTATION_CONTEXT() REPRESENTATION_CONTEXT('2D SPACE',''
  ) );
#2876 = PCURVE('',#2214,#2877);
#2877 = DEFINITIONAL_REPRESENTATION('',(#2878),#2881);
#2878 = B_SPLINE_CURVE_WITH_KNOTS('',1,(#2879,#2880),.UNSPECIFIED.,.F.,
  .F.,(2,2),(-5.999999999062E-07,38.0000006),.PIECEWISE_BEZIER_KNOTS.);
#2879 = CARTESIAN_POINT('',(19.0000006,-11.4));
#2880 = CARTESIAN_POINT('',(-19.0000006,-11.4));
#2881 = ( GEOMETRIC_REPRESENTATION_CONTEXT(2) 
PARAMETRIC_REPRESENTATION_CONTEXT() REPRESENTATION_CONTEXT('2D SPACE',''
  ) );
#2882 = ORIENTED_EDGE('',*,*,#2883,.F.);
#2883 = EDGE_CURVE('',#2884,#2863,#2886,.T.);
#2884 = VERTEX_POINT('',#2885);
#2885 = CARTESIAN_POINT('',(48.6,-16.,1.959434878636E-15));
#2886 = SURFACE_CURVE('',#2887,(#2892,#2912),.PCURVE_S1.);
#2887 = ELLIPSE('',#2888,13.163586137523,11.4);
#2888 = AXIS2_PLACEMENT_3D('',#2889,#2890,#2891);
#2889 = CARTESIAN_POINT('',(60.,-16.,3.5527136788E-15));
#2890 = DIRECTION('',(0.,-0.866025403784,-0.5));
#2891 = DIRECTION('',(0.,-0.5,0.866025403784));
#2892 = PCURVE('',#218,#2893);
#2893 = DEFINITIONAL_REPRESENTATION('',(#2894),#2911);
#2894 = B_SPLINE_CURVE_WITH_KNOTS('',8,(#2895,#2896,#2897,#2898,#2899,
    #2900,#2901,#2902,#2903,#2904,#2905,#2906,#2907,#2908,#2909,#2910),
  .UNSPECIFIED.,.F.,.F.,(9,7,9),(1.448947608566,3.080668294475,
    4.712388980385),.UNSPECIFIED.);
#2895 = CARTESIAN_POINT('',(3.019743935361,35.8));
#2896 = CARTESIAN_POINT('',(3.2237090211,34.467497484193));
#2897 = CARTESIAN_POINT('',(3.427674106835,33.096958611076));
#2898 = CARTESIAN_POINT('',(3.631639192576,31.772859184705));
#2899 = CARTESIAN_POINT('',(3.835604278307,30.583027707484));
#2900 = CARTESIAN_POINT('',(4.039569364052,29.607496766673));
#2901 = CARTESIAN_POINT('',(4.243534449789,28.906243895605));
#2902 = CARTESIAN_POINT('',(4.447499535532,28.512155912651));
#2903 = CARTESIAN_POINT('',(4.855429707009,28.348680545795));
#2904 = CARTESIAN_POINT('',(5.05939479275,28.579293110712));
#2905 = CARTESIAN_POINT('',(5.263359878465,29.127434201929));
#2906 = CARTESIAN_POINT('',(5.467324964242,29.970578144466));
#2907 = CARTESIAN_POINT('',(5.671290049937,31.057737156907));
#2908 = CARTESIAN_POINT('',(5.875255135706,32.315087604557));
#2909 = CARTESIAN_POINT('',(6.079220221441,33.657544012416));
#2910 = CARTESIAN_POINT('',(6.28318530718,35.));
#2911 = ( GEOMETRIC_REPRESENTATION_CONTEXT(2) 
PARAMETRIC_REPRESENTATION_CONTEXT() REPRESENTATION_CONTEXT('2D SPACE',''
  ) );
#2912 = PCURVE('',#903,#2913);
#2913 = DEFINITIONAL_REPRESENTATION('',(#2914),#2918);
#2914 = ELLIPSE('',#2915,13.163586137523,11.4);
#2915 = AXIS2_PLACEMENT_2D('',#2916,#2917);
#2916 = CARTESIAN_POINT('',(2.172893762547E-15,60.));
#2917 = DIRECTION('',(-1.,0.));
#2918 = ( GEOMETRIC_REPRESENTATION_CONTEXT(2) 
PARAMETRIC_REPRESENTATION_CONTEXT() REPRESENTATION_CONTEXT('2D SPACE',''
  ) );
#2919 = ORIENTED_EDGE('',*,*,#2920,.F.);
#2920 = EDGE_CURVE('',#2921,#2884,#2923,.T.);
#2921 = VERTEX_POINT('',#2922);
#2922 = CARTESIAN_POINT('',(60.,-9.418206931238,11.4));
#2923 = SURFACE_CURVE('',#2924,(#2929,#2949),.PCURVE_S1.);
#2924 = ELLIPSE('',#2925,13.163586137523,11.4);
#2925 = AXIS2_PLACEMENT_3D('',#2926,#2927,#2928);
#2926 = CARTESIAN_POINT('',(60.,-16.,3.552713678801E-15));
#2927 = DIRECTION('',(0.,-0.866025403784,0.5));
#2928 = DIRECTION('',(0.,-0.5,-0.866025403784));
#2929 = PCURVE('',#218,#2930);
#2930 = DEFINITIONAL_REPRESENTATION('',(#2931),#2948);
#2931 = B_SPLINE_CURVE_WITH_KNOTS('',8,(#2932,#2933,#2934,#2935,#2936,
    #2937,#2938,#2939,#2940,#2941,#2942,#2943,#2944,#2945,#2946,#2947),
  .UNSPECIFIED.,.F.,.F.,(9,7,9),(1.570796326795,3.202517012704,
    4.834237698614),.UNSPECIFIED.);
#2932 = CARTESIAN_POINT('',(0.,35.));
#2933 = CARTESIAN_POINT('',(0.203965085739,33.657544012416));
#2934 = CARTESIAN_POINT('',(0.407930171477,32.315087604592));
#2935 = CARTESIAN_POINT('',(0.611895257216,31.057737156795));
#2936 = CARTESIAN_POINT('',(0.815860342951,29.970578144578));
#2937 = CARTESIAN_POINT('',(1.019825428694,29.127434201866));
#2938 = CARTESIAN_POINT('',(1.223790514431,28.579293110742));
#2939 = CARTESIAN_POINT('',(1.427755600171,28.348680545796));
#2940 = CARTESIAN_POINT('',(1.835685771648,28.512155912651));
#2941 = CARTESIAN_POINT('',(2.039650857384,28.90624389562));
#2942 = CARTESIAN_POINT('',(2.243615943129,29.6074967667));
#2943 = CARTESIAN_POINT('',(2.447581028855,30.583027707509));
#2944 = CARTESIAN_POINT('',(2.651546114608,31.772859184782));
#2945 = CARTESIAN_POINT('',(2.855511200339,33.096958611069));
#2946 = CARTESIAN_POINT('',(3.05947628608,34.467497484193));
#2947 = CARTESIAN_POINT('',(3.263441371819,35.8));
#2948 = ( GEOMETRIC_REPRESENTATION_CONTEXT(2) 
PARAMETRIC_REPRESENTATION_CONTEXT() REPRESENTATION_CONTEXT('2D SPACE',''
  ) );
#2949 = PCURVE('',#929,#2950);
#2950 = DEFINITIONAL_REPRESENTATION('',(#2951),#2955);
#2951 = ELLIPSE('',#2952,13.163586137523,11.4);
#2952 = AXIS2_PLACEMENT_2D('',#2953,#2954);
#2953 = CARTESIAN_POINT('',(16.,60.));
#2954 = DIRECTION('',(1.,0.));
#2955 = ( GEOMETRIC_REPRESENTATION_CONTEXT(2) 
PARAMETRIC_REPRESENTATION_CONTEXT() REPRESENTATION_CONTEXT('2D SPACE',''
  ) );
#2956 = ORIENTED_EDGE('',*,*,#2957,.F.);
#2957 = EDGE_CURVE('',#174,#2921,#2958,.T.);
#2958 = SURFACE_CURVE('',#2959,(#2963,#2969),.PCURVE_S1.);
#2959 = LINE('',#2960,#2961);
#2960 = CARTESIAN_POINT('',(60.,19.,11.4));
#2961 = VECTOR('',#2962,1.);
#2962 = DIRECTION('',(0.,-1.,2.22044604925E-16));
#2963 = PCURVE('',#218,#2964);
#2964 = DEFINITIONAL_REPRESENTATION('',(#2965),#2968);
#2965 = B_SPLINE_CURVE_WITH_KNOTS('',1,(#2966,#2967),.UNSPECIFIED.,.F.,
  .F.,(2,2),(-5.999999999062E-07,38.0000006),.PIECEWISE_BEZIER_KNOTS.);
#2966 = CARTESIAN_POINT('',(1.570796326795,-6.000000009276E-07));
#2967 = CARTESIAN_POINT('',(1.570796326795,38.0000006));
#2968 = ( GEOMETRIC_REPRESENTATION_CONTEXT(2) 
PARAMETRIC_REPRESENTATION_CONTEXT() REPRESENTATION_CONTEXT('2D SPACE',''
  ) );
#2969 = PCURVE('',#189,#2970);
#2970 = DEFINITIONAL_REPRESENTATION('',(#2971),#2974);
#2971 = B_SPLINE_CURVE_WITH_KNOTS('',1,(#2972,#2973),.UNSPECIFIED.,.F.,
  .F.,(2,2),(-5.999999999062E-07,38.0000006),.PIECEWISE_BEZIER_KNOTS.);
#2972 = CARTESIAN_POINT('',(19.0000006,11.4));
#2973 = CARTESIAN_POINT('',(-19.0000006,11.4));
#2974 = ( GEOMETRIC_REPRESENTATION_CONTEXT(2) 
PARAMETRIC_REPRESENTATION_CONTEXT() REPRESENTATION_CONTEXT('2D SPACE',''
  ) );
#2975 = ADVANCED_FACE('',(#2976),#189,.T.);
#2976 = FACE_BOUND('',#2977,.T.);
#2977 = EDGE_LOOP('',(#2978,#2979,#2980,#3003));
#2978 = ORIENTED_EDGE('',*,*,#2957,.F.);
#2979 = ORIENTED_EDGE('',*,*,#173,.T.);
#2980 = ORIENTED_EDGE('',*,*,#2981,.T.);
#2981 = EDGE_CURVE('',#146,#2982,#2984,.T.);
#2982 = VERTEX_POINT('',#2983);
#2983 = CARTESIAN_POINT('',(60.,-8.,13.856406460551));
#2984 = SURFACE_CURVE('',#2985,(#2989,#2996),.PCURVE_S1.);
#2985 = LINE('',#2986,#2987);
#2986 = CARTESIAN_POINT('',(60.,8.,13.856406460551));
#2987 = VECTOR('',#2988,1.);
#2988 = DIRECTION('',(0.,-1.,1.110223024625E-16));
#2989 = PCURVE('',#189,#2990);
#2990 = DEFINITIONAL_REPRESENTATION('',(#2991),#2995);
#2991 = LINE('',#2992,#2993);
#2992 = CARTESIAN_POINT('',(8.,13.856406460551));
#2993 = VECTOR('',#2994,1.);
#2994 = DIRECTION('',(-1.,1.110223024625E-16));
#2995 = ( GEOMETRIC_REPRESENTATION_CONTEXT(2) 
PARAMETRIC_REPRESENTATION_CONTEXT() REPRESENTATION_CONTEXT('2D SPACE',''
  ) );
#2996 = PCURVE('',#161,#2997);
#2997 = DEFINITIONAL_REPRESENTATION('',(#2998),#3002);
#2998 = LINE('',#2999,#3000);
#2999 = CARTESIAN_POINT('',(0.,60.));
#3000 = VECTOR('',#3001,1.);
#3001 = DIRECTION('',(1.,0.));
#3002 = ( GEOMETRIC_REPRESENTATION_CONTEXT(2) 
PARAMETRIC_REPRESENTATION_CONTEXT() REPRESENTATION_CONTEXT('2D SPACE',''
  ) );
#3003 = ORIENTED_EDGE('',*,*,#3004,.T.);
#3004 = EDGE_CURVE('',#2982,#2921,#3005,.T.);
#3005 = SURFACE_CURVE('',#3006,(#3010,#3017),.PCURVE_S1.);
#3006 = LINE('',#3007,#3008);
#3007 = CARTESIAN_POINT('',(60.,-8.,13.856406460551));
#3008 = VECTOR('',#3009,1.);
#3009 = DIRECTION('',(0.,-0.5,-0.866025403784));
#3010 = PCURVE('',#189,#3011);
#3011 = DEFINITIONAL_REPRESENTATION('',(#3012),#3016);
#3012 = LINE('',#3013,#3014);
#3013 = CARTESIAN_POINT('',(-8.,13.856406460551));
#3014 = VECTOR('',#3015,1.);
#3015 = DIRECTION('',(-0.5,-0.866025403784));
#3016 = ( GEOMETRIC_REPRESENTATION_CONTEXT(2) 
PARAMETRIC_REPRESENTATION_CONTEXT() REPRESENTATION_CONTEXT('2D SPACE',''
  ) );
#3017 = PCURVE('',#929,#3018);
#3018 = DEFINITIONAL_REPRESENTATION('',(#3019),#3023);
#3019 = LINE('',#3020,#3021);
#3020 = CARTESIAN_POINT('',(0.,60.));
#3021 = VECTOR('',#3022,1.);
#3022 = DIRECTION('',(1.,0.));
#3023 = ( GEOMETRIC_REPRESENTATION_CONTEXT(2) 
PARAMETRIC_REPRESENTATION_CONTEXT() REPRESENTATION_CONTEXT('2D SPACE',''
  ) );
#3024 = ADVANCED_FACE('',(#3025,#3073,#3164),#161,.T.);
#3025 = FACE_BOUND('',#3026,.T.);
#3026 = EDGE_LOOP('',(#3027,#3028,#3051,#3072));
#3027 = ORIENTED_EDGE('',*,*,#145,.F.);
#3028 = ORIENTED_EDGE('',*,*,#3029,.T.);
#3029 = EDGE_CURVE('',#118,#3030,#3032,.T.);
#3030 = VERTEX_POINT('',#3031);
#3031 = CARTESIAN_POINT('',(-60.,-8.,13.856406460551));
#3032 = SURFACE_CURVE('',#3033,(#3037,#3044),.PCURVE_S1.);
#3033 = LINE('',#3034,#3035);
#3034 = CARTESIAN_POINT('',(-60.,8.,13.856406460551));
#3035 = VECTOR('',#3036,1.);
#3036 = DIRECTION('',(0.,-1.,1.110223024625E-16));
#3037 = PCURVE('',#161,#3038);
#3038 = DEFINITIONAL_REPRESENTATION('',(#3039),#3043);
#3039 = LINE('',#3040,#3041);
#3040 = CARTESIAN_POINT('',(0.,-60.));
#3041 = VECTOR('',#3042,1.);
#3042 = DIRECTION('',(1.,0.));
#3043 = ( GEOMETRIC_REPRESENTATION_CONTEXT(2) 
PARAMETRIC_REPRESENTATION_CONTEXT() REPRESENTATION_CONTEXT('2D SPACE',''
  ) );
#3044 = PCURVE('',#133,#3045);
#3045 = DEFINITIONAL_REPRESENTATION('',(#3046),#3050);
#3046 = LINE('',#3047,#3048);
#3047 = CARTESIAN_POINT('',(8.,13.856406460551));
#3048 = VECTOR('',#3049,1.);
#3049 = DIRECTION('',(-1.,1.110223024625E-16));
#3050 = ( GEOMETRIC_REPRESENTATION_CONTEXT(2) 
PARAMETRIC_REPRESENTATION_CONTEXT() REPRESENTATION_CONTEXT('2D SPACE',''
  ) );
#3051 = ORIENTED_EDGE('',*,*,#3052,.T.);
#3052 = EDGE_CURVE('',#3030,#2982,#3053,.T.);
#3053 = SURFACE_CURVE('',#3054,(#3058,#3065),.PCURVE_S1.);
#3054 = LINE('',#3055,#3056);
#3055 = CARTESIAN_POINT('',(-60.,-8.,13.856406460551));
#3056 = VECTOR('',#3057,1.);
#3057 = DIRECTION('',(1.,0.,0.));
#3058 = PCURVE('',#161,#3059);
#3059 = DEFINITIONAL_REPRESENTATION('',(#3060),#3064);
#3060 = LINE('',#3061,#3062);
#3061 = CARTESIAN_POINT('',(16.,-60.));
#3062 = VECTOR('',#3063,1.);
#3063 = DIRECTION('',(0.,1.));
#3064 = ( GEOMETRIC_REPRESENTATION_CONTEXT(2) 
PARAMETRIC_REPRESENTATION_CONTEXT() REPRESENTATION_CONTEXT('2D SPACE',''
  ) );
#3065 = PCURVE('',#929,#3066);
#3066 = DEFINITIONAL_REPRESENTATION('',(#3067),#3071);
#3067 = LINE('',#3068,#3069);
#3068 = CARTESIAN_POINT('',(-0.,-60.));
#3069 = VECTOR('',#3070,1.);
#3070 = DIRECTION('',(0.,1.));
#3071 = ( GEOMETRIC_REPRESENTATION_CONTEXT(2) 
PARAMETRIC_REPRESENTATION_CONTEXT() REPRESENTATION_CONTEXT('2D SPACE',''
  ) );
#3072 = ORIENTED_EDGE('',*,*,#2981,.F.);
#3073 = FACE_BOUND('',#3074,.T.);
#3074 = EDGE_LOOP('',(#3075,#3098,#3124,#3145));
#3075 = ORIENTED_EDGE('',*,*,#3076,.T.);
#3076 = EDGE_CURVE('',#3077,#3079,#3081,.T.);
#3077 = VERTEX_POINT('',#3078);
#3078 = CARTESIAN_POINT('',(-42.5,-3.,13.856406460551));
#3079 = VERTEX_POINT('',#3080);
#3080 = CARTESIAN_POINT('',(-45.5,-3.,13.856406460551));
#3081 = SURFACE_CURVE('',#3082,(#3086,#3092),.PCURVE_S1.);
#3082 = LINE('',#3083,#3084);
#3083 = CARTESIAN_POINT('',(-22.75,-3.,13.856406460551));
#3084 = VECTOR('',#3085,1.);
#3085 = DIRECTION('',(-1.,0.,-0.));
#3086 = PCURVE('',#161,#3087);
#3087 = DEFINITIONAL_REPRESENTATION('',(#3088),#3091);
#3088 = B_SPLINE_CURVE_WITH_KNOTS('',1,(#3089,#3090),.UNSPECIFIED.,.F.,
  .F.,(2,2),(19.75,22.75),.PIECEWISE_BEZIER_KNOTS.);
#3089 = CARTESIAN_POINT('',(11.,-42.5));
#3090 = CARTESIAN_POINT('',(11.,-45.5));
#3091 = ( GEOMETRIC_REPRESENTATION_CONTEXT(2) 
PARAMETRIC_REPRESENTATION_CONTEXT() REPRESENTATION_CONTEXT('2D SPACE',''
  ) );
#3092 = PCURVE('',#978,#3093);
#3093 = DEFINITIONAL_REPRESENTATION('',(#3094),#3097);
#3094 = B_SPLINE_CURVE_WITH_KNOTS('',1,(#3095,#3096),.UNSPECIFIED.,.F.,
  .F.,(2,2),(19.75,22.75),.PIECEWISE_BEZIER_KNOTS.);
#3095 = CARTESIAN_POINT('',(32.856406460551,3.));
#3096 = CARTESIAN_POINT('',(32.856406460551,0.));
#3097 = ( GEOMETRIC_REPRESENTATION_CONTEXT(2) 
PARAMETRIC_REPRESENTATION_CONTEXT() REPRESENTATION_CONTEXT('2D SPACE',''
  ) );
#3098 = ORIENTED_EDGE('',*,*,#3099,.T.);
#3099 = EDGE_CURVE('',#3079,#3100,#3102,.T.);
#3100 = VERTEX_POINT('',#3101);
#3101 = CARTESIAN_POINT('',(-45.5,3.,13.856406460551));
#3102 = SURFACE_CURVE('',#3103,(#3107,#3113),.PCURVE_S1.);
#3103 = LINE('',#3104,#3105);
#3104 = CARTESIAN_POINT('',(-45.5,2.5,13.856406460551));
#3105 = VECTOR('',#3106,1.);
#3106 = DIRECTION('',(0.,1.,-1.110223024625E-16));
#3107 = PCURVE('',#161,#3108);
#3108 = DEFINITIONAL_REPRESENTATION('',(#3109),#3112);
#3109 = B_SPLINE_CURVE_WITH_KNOTS('',1,(#3110,#3111),.UNSPECIFIED.,.F.,
  .F.,(2,2),(-5.5,0.5),.PIECEWISE_BEZIER_KNOTS.);
#3110 = CARTESIAN_POINT('',(11.,-45.5));
#3111 = CARTESIAN_POINT('',(5.,-45.5));
#3112 = ( GEOMETRIC_REPRESENTATION_CONTEXT(2) 
PARAMETRIC_REPRESENTATION_CONTEXT() REPRESENTATION_CONTEXT('2D SPACE',''
  ) );
#3113 = PCURVE('',#3114,#3119);
#3114 = PLANE('',#3115);
#3115 = AXIS2_PLACEMENT_3D('',#3116,#3117,#3118);
#3116 = CARTESIAN_POINT('',(-45.5,-3.,-19.));
#3117 = DIRECTION('',(1.,0.,0.));
#3118 = DIRECTION('',(0.,0.,1.));
#3119 = DEFINITIONAL_REPRESENTATION('',(#3120),#3123);
#3120 = B_SPLINE_CURVE_WITH_KNOTS('',1,(#3121,#3122),.UNSPECIFIED.,.F.,
  .F.,(2,2),(-5.5,0.5),.PIECEWISE_BEZIER_KNOTS.);
#3121 = CARTESIAN_POINT('',(32.856406460551,0.));
#3122 = CARTESIAN_POINT('',(32.856406460551,-6.));
#3123 = ( GEOMETRIC_REPRESENTATION_CONTEXT(2) 
PARAMETRIC_REPRESENTATION_CONTEXT() REPRESENTATION_CONTEXT('2D SPACE',''
  ) );
#3124 = ORIENTED_EDGE('',*,*,#3125,.F.);
#3125 = EDGE_CURVE('',#3126,#3100,#3128,.T.);
#3126 = VERTEX_POINT('',#3127);
#3127 = CARTESIAN_POINT('',(-42.5,3.,13.856406460551));
#3128 = SURFACE_CURVE('',#3129,(#3133,#3139),.PCURVE_S1.);
#3129 = LINE('',#3130,#3131);
#3130 = CARTESIAN_POINT('',(-22.75,3.,13.856406460551));
#3131 = VECTOR('',#3132,1.);
#3132 = DIRECTION('',(-1.,0.,-0.));
#3133 = PCURVE('',#161,#3134);
#3134 = DEFINITIONAL_REPRESENTATION('',(#3135),#3138);
#3135 = B_SPLINE_CURVE_WITH_KNOTS('',1,(#3136,#3137),.UNSPECIFIED.,.F.,
  .F.,(2,2),(19.75,22.75),.PIECEWISE_BEZIER_KNOTS.);
#3136 = CARTESIAN_POINT('',(5.,-42.5));
#3137 = CARTESIAN_POINT('',(5.,-45.5));
#3138 = ( GEOMETRIC_REPRESENTATION_CONTEXT(2) 
PARAMETRIC_REPRESENTATION_CONTEXT() REPRESENTATION_CONTEXT('2D SPACE',''
  ) );
#3139 = PCURVE('',#1030,#3140);
#3140 = DEFINITIONAL_REPRESENTATION('',(#3141),#3144);
#3141 = B_SPLINE_CURVE_WITH_KNOTS('',1,(#3142,#3143),.UNSPECIFIED.,.F.,
  .F.,(2,2),(19.75,22.75),.PIECEWISE_BEZIER_KNOTS.);
#3142 = CARTESIAN_POINT('',(32.856406460551,3.));
#3143 = CARTESIAN_POINT('',(32.856406460551,0.));
#3144 = ( GEOMETRIC_REPRESENTATION_CONTEXT(2) 
PARAMETRIC_REPRESENTATION_CONTEXT() REPRESENTATION_CONTEXT('2D SPACE',''
  ) );
#3145 = ORIENTED_EDGE('',*,*,#3146,.F.);
#3146 = EDGE_CURVE('',#3077,#3126,#3147,.T.);
#3147 = SURFACE_CURVE('',#3148,(#3152,#3158),.PCURVE_S1.);
#3148 = LINE('',#3149,#3150);
#3149 = CARTESIAN_POINT('',(-42.5,2.5,13.856406460551));
#3150 = VECTOR('',#3151,1.);
#3151 = DIRECTION('',(0.,1.,-1.110223024625E-16));
#3152 = PCURVE('',#161,#3153);
#3153 = DEFINITIONAL_REPRESENTATION('',(#3154),#3157);
#3154 = B_SPLINE_CURVE_WITH_KNOTS('',1,(#3155,#3156),.UNSPECIFIED.,.F.,
  .F.,(2,2),(-5.5,0.5),.PIECEWISE_BEZIER_KNOTS.);
#3155 = CARTESIAN_POINT('',(11.,-42.5));
#3156 = CARTESIAN_POINT('',(5.,-42.5));
#3157 = ( GEOMETRIC_REPRESENTATION_CONTEXT(2) 
PARAMETRIC_REPRESENTATION_CONTEXT() REPRESENTATION_CONTEXT('2D SPACE',''
  ) );
#3158 = PCURVE('',#1104,#3159);
#3159 = DEFINITIONAL_REPRESENTATION('',(#3160),#3163);
#3160 = B_SPLINE_CURVE_WITH_KNOTS('',1,(#3161,#3162),.UNSPECIFIED.,.F.,
  .F.,(2,2),(-5.5,0.5),.PIECEWISE_BEZIER_KNOTS.);
#3161 = CARTESIAN_POINT('',(32.856406460551,0.));
#3162 = CARTESIAN_POINT('',(32.856406460551,-6.));
#3163 = ( GEOMETRIC_REPRESENTATION_CONTEXT(2) 
PARAMETRIC_REPRESENTATION_CONTEXT() REPRESENTATION_CONTEXT('2D SPACE',''
  ) );
#3164 = FACE_BOUND('',#3165,.T.);
#3165 = EDGE_LOOP('',(#3166,#3194,#3220,#3246));
#3166 = ORIENTED_EDGE('',*,*,#3167,.T.);
#3167 = EDGE_CURVE('',#3168,#3170,#3172,.T.);
#3168 = VERTEX_POINT('',#3169);
#3169 = CARTESIAN_POINT('',(45.5,-3.,13.856406460551));
#3170 = VERTEX_POINT('',#3171);
#3171 = CARTESIAN_POINT('',(42.5,-3.,13.856406460551));
#3172 = SURFACE_CURVE('',#3173,(#3177,#3183),.PCURVE_S1.);
#3173 = LINE('',#3174,#3175);
#3174 = CARTESIAN_POINT('',(21.25,-3.,13.856406460551));
#3175 = VECTOR('',#3176,1.);
#3176 = DIRECTION('',(-1.,0.,-0.));
#3177 = PCURVE('',#161,#3178);
#3178 = DEFINITIONAL_REPRESENTATION('',(#3179),#3182);
#3179 = B_SPLINE_CURVE_WITH_KNOTS('',1,(#3180,#3181),.UNSPECIFIED.,.F.,
  .F.,(2,2),(-24.25,-21.25),.PIECEWISE_BEZIER_KNOTS.);
#3180 = CARTESIAN_POINT('',(11.,45.5));
#3181 = CARTESIAN_POINT('',(11.,42.5));
#3182 = ( GEOMETRIC_REPRESENTATION_CONTEXT(2) 
PARAMETRIC_REPRESENTATION_CONTEXT() REPRESENTATION_CONTEXT('2D SPACE',''
  ) );
#3183 = PCURVE('',#3184,#3189);
#3184 = PLANE('',#3185);
#3185 = AXIS2_PLACEMENT_3D('',#3186,#3187,#3188);
#3186 = CARTESIAN_POINT('',(42.5,-3.,-19.));
#3187 = DIRECTION('',(0.,1.,0.));
#3188 = DIRECTION('',(0.,0.,1.));
#3189 = DEFINITIONAL_REPRESENTATION('',(#3190),#3193);
#3190 = B_SPLINE_CURVE_WITH_KNOTS('',1,(#3191,#3192),.UNSPECIFIED.,.F.,
  .F.,(2,2),(-24.25,-21.25),.PIECEWISE_BEZIER_KNOTS.);
#3191 = CARTESIAN_POINT('',(32.856406460551,3.));
#3192 = CARTESIAN_POINT('',(32.856406460551,0.));
#3193 = ( GEOMETRIC_REPRESENTATION_CONTEXT(2) 
PARAMETRIC_REPRESENTATION_CONTEXT() REPRESENTATION_CONTEXT('2D SPACE',''
  ) );
#3194 = ORIENTED_EDGE('',*,*,#3195,.T.);
#3195 = EDGE_CURVE('',#3170,#3196,#3198,.T.);
#3196 = VERTEX_POINT('',#3197);
#3197 = CARTESIAN_POINT('',(42.5,3.,13.856406460551));
#3198 = SURFACE_CURVE('',#3199,(#3203,#3209),.PCURVE_S1.);
#3199 = LINE('',#3200,#3201);
#3200 = CARTESIAN_POINT('',(42.5,2.5,13.856406460551));
#3201 = VECTOR('',#3202,1.);
#3202 = DIRECTION('',(0.,1.,-1.110223024625E-16));
#3203 = PCURVE('',#161,#3204);
#3204 = DEFINITIONAL_REPRESENTATION('',(#3205),#3208);
#3205 = B_SPLINE_CURVE_WITH_KNOTS('',1,(#3206,#3207),.UNSPECIFIED.,.F.,
  .F.,(2,2),(-5.5,0.5),.PIECEWISE_BEZIER_KNOTS.);
#3206 = CARTESIAN_POINT('',(11.,42.5));
#3207 = CARTESIAN_POINT('',(5.,42.5));
#3208 = ( GEOMETRIC_REPRESENTATION_CONTEXT(2) 
PARAMETRIC_REPRESENTATION_CONTEXT() REPRESENTATION_CONTEXT('2D SPACE',''
  ) );
#3209 = PCURVE('',#3210,#3215);
#3210 = PLANE('',#3211);
#3211 = AXIS2_PLACEMENT_3D('',#3212,#3213,#3214);
#3212 = CARTESIAN_POINT('',(42.5,-3.,-19.));
#3213 = DIRECTION('',(1.,0.,0.));
#3214 = DIRECTION('',(0.,0.,1.));
#3215 = DEFINITIONAL_REPRESENTATION('',(#3216),#3219);
#3216 = B_SPLINE_CURVE_WITH_KNOTS('',1,(#3217,#3218),.UNSPECIFIED.,.F.,
  .F.,(2,2),(-5.5,0.5),.PIECEWISE_BEZIER_KNOTS.);
#3217 = CARTESIAN_POINT('',(32.856406460551,0.));
#3218 = CARTESIAN_POINT('',(32.856406460551,-6.));
#3219 = ( GEOMETRIC_REPRESENTATION_CONTEXT(2) 
PARAMETRIC_REPRESENTATION_CONTEXT() REPRESENTATION_CONTEXT('2D SPACE',''
  ) );
#3220 = ORIENTED_EDGE('',*,*,#3221,.F.);
#3221 = EDGE_CURVE('',#3222,#3196,#3224,.T.);
#3222 = VERTEX_POINT('',#3223);
#3223 = CARTESIAN_POINT('',(45.5,3.,13.856406460551));
#3224 = SURFACE_CURVE('',#3225,(#3229,#3235),.PCURVE_S1.);
#3225 = LINE('',#3226,#3227);
#3226 = CARTESIAN_POINT('',(21.25,3.,13.856406460551));
#3227 = VECTOR('',#3228,1.);
#3228 = DIRECTION('',(-1.,0.,-0.));
#3229 = PCURVE('',#161,#3230);
#3230 = DEFINITIONAL_REPRESENTATION('',(#3231),#3234);
#3231 = B_SPLINE_CURVE_WITH_KNOTS('',1,(#3232,#3233),.UNSPECIFIED.,.F.,
  .F.,(2,2),(-24.25,-21.25),.PIECEWISE_BEZIER_KNOTS.);
#3232 = CARTESIAN_POINT('',(5.,45.5));
#3233 = CARTESIAN_POINT('',(5.,42.5));
#3234 = ( GEOMETRIC_REPRESENTATION_CONTEXT(2) 
PARAMETRIC_REPRESENTATION_CONTEXT() REPRESENTATION_CONTEXT('2D SPACE',''
  ) );
#3235 = PCURVE('',#3236,#3241);
#3236 = PLANE('',#3237);
#3237 = AXIS2_PLACEMENT_3D('',#3238,#3239,#3240);
#3238 = CARTESIAN_POINT('',(42.5,3.,-19.));
#3239 = DIRECTION('',(0.,1.,0.));
#3240 = DIRECTION('',(0.,0.,1.));
#3241 = DEFINITIONAL_REPRESENTATION('',(#3242),#3245);
#3242 = B_SPLINE_CURVE_WITH_KNOTS('',1,(#3243,#3244),.UNSPECIFIED.,.F.,
  .F.,(2,2),(-24.25,-21.25),.PIECEWISE_BEZIER_KNOTS.);
#3243 = CARTESIAN_POINT('',(32.856406460551,3.));
#3244 = CARTESIAN_POINT('',(32.856406460551,0.));
#3245 = ( GEOMETRIC_REPRESENTATION_CONTEXT(2) 
PARAMETRIC_REPRESENTATION_CONTEXT() REPRESENTATION_CONTEXT('2D SPACE',''
  ) );
#3246 = ORIENTED_EDGE('',*,*,#3247,.F.);
#3247 = EDGE_CURVE('',#3168,#3222,#3248,.T.);
#3248 = SURFACE_CURVE('',#3249,(#3253,#3259),.PCURVE_S1.);
#3249 = LINE('',#3250,#3251);
#3250 = CARTESIAN_POINT('',(45.5,2.5,13.856406460551));
#3251 = VECTOR('',#3252,1.);
#3252 = DIRECTION('',(0.,1.,-1.110223024625E-16));
#3253 = PCURVE('',#161,#3254);
#3254 = DEFINITIONAL_REPRESENTATION('',(#3255),#3258);
#3255 = B_SPLINE_CURVE_WITH_KNOTS('',1,(#3256,#3257),.UNSPECIFIED.,.F.,
  .F.,(2,2),(-5.5,0.5),.PIECEWISE_BEZIER_KNOTS.);
#3256 = CARTESIAN_POINT('',(11.,45.5));
#3257 = CARTESIAN_POINT('',(5.,45.5));
#3258 = ( GEOMETRIC_REPRESENTATION_CONTEXT(2) 
PARAMETRIC_REPRESENTATION_CONTEXT() REPRESENTATION_CONTEXT('2D SPACE',''
  ) );
#3259 = PCURVE('',#3260,#3265);
#3260 = PLANE('',#3261);
#3261 = AXIS2_PLACEMENT_3D('',#3262,#3263,#3264);
#3262 = CARTESIAN_POINT('',(45.5,-3.,-19.));
#3263 = DIRECTION('',(1.,0.,0.));
#3264 = DIRECTION('',(0.,0.,1.));
#3265 = DEFINITIONAL_REPRESENTATION('',(#3266),#3269);
#3266 = B_SPLINE_CURVE_WITH_KNOTS('',1,(#3267,#3268),.UNSPECIFIED.,.F.,
  .F.,(2,2),(-5.5,0.5),.PIECEWISE_BEZIER_KNOTS.);
#3267 = CARTESIAN_POINT('',(32.856406460551,0.));
#3268 = CARTESIAN_POINT('',(32.856406460551,-6.));
#3269 = ( GEOMETRIC_REPRESENTATION_CONTEXT(2) 
PARAMETRIC_REPRESENTATION_CONTEXT() REPRESENTATION_CONTEXT('2D SPACE',''
  ) );
#3270 = ADVANCED_FACE('',(#3271),#133,.F.);
#3271 = FACE_BOUND('',#3272,.F.);
#3272 = EDGE_LOOP('',(#3273,#3294,#3295,#3296));
#3273 = ORIENTED_EDGE('',*,*,#3274,.F.);
#3274 = EDGE_CURVE('',#83,#3275,#3277,.T.);
#3275 = VERTEX_POINT('',#3276);
#3276 = CARTESIAN_POINT('',(-60.,-9.418206931238,11.4));
#3277 = SURFACE_CURVE('',#3278,(#3282,#3288),.PCURVE_S1.);
#3278 = LINE('',#3279,#3280);
#3279 = CARTESIAN_POINT('',(-60.,19.,11.4));
#3280 = VECTOR('',#3281,1.);
#3281 = DIRECTION('',(0.,-1.,2.22044604925E-16));
#3282 = PCURVE('',#133,#3283);
#3283 = DEFINITIONAL_REPRESENTATION('',(#3284),#3287);
#3284 = B_SPLINE_CURVE_WITH_KNOTS('',1,(#3285,#3286),.UNSPECIFIED.,.F.,
  .F.,(2,2),(-5.999999999062E-07,38.0000006),.PIECEWISE_BEZIER_KNOTS.);
#3285 = CARTESIAN_POINT('',(19.0000006,11.4));
#3286 = CARTESIAN_POINT('',(-19.0000006,11.4));
#3287 = ( GEOMETRIC_REPRESENTATION_CONTEXT(2) 
PARAMETRIC_REPRESENTATION_CONTEXT() REPRESENTATION_CONTEXT('2D SPACE',''
  ) );
#3288 = PCURVE('',#99,#3289);
#3289 = DEFINITIONAL_REPRESENTATION('',(#3290),#3293);
#3290 = B_SPLINE_CURVE_WITH_KNOTS('',1,(#3291,#3292),.UNSPECIFIED.,.F.,
  .F.,(2,2),(9.581793068762,28.418206931238),.PIECEWISE_BEZIER_KNOTS.);
#3291 = CARTESIAN_POINT('',(7.853981633974,9.581793068762));
#3292 = CARTESIAN_POINT('',(7.853981633974,28.418206931238));
#3293 = ( GEOMETRIC_REPRESENTATION_CONTEXT(2) 
PARAMETRIC_REPRESENTATION_CONTEXT() REPRESENTATION_CONTEXT('2D SPACE',''
  ) );
#3294 = ORIENTED_EDGE('',*,*,#117,.T.);
#3295 = ORIENTED_EDGE('',*,*,#3029,.T.);
#3296 = ORIENTED_EDGE('',*,*,#3297,.T.);
#3297 = EDGE_CURVE('',#3030,#3275,#3298,.T.);
#3298 = SURFACE_CURVE('',#3299,(#3303,#3310),.PCURVE_S1.);
#3299 = LINE('',#3300,#3301);
#3300 = CARTESIAN_POINT('',(-60.,-8.,13.856406460551));
#3301 = VECTOR('',#3302,1.);
#3302 = DIRECTION('',(0.,-0.5,-0.866025403784));
#3303 = PCURVE('',#133,#3304);
#3304 = DEFINITIONAL_REPRESENTATION('',(#3305),#3309);
#3305 = LINE('',#3306,#3307);
#3306 = CARTESIAN_POINT('',(-8.,13.856406460551));
#3307 = VECTOR('',#3308,1.);
#3308 = DIRECTION('',(-0.5,-0.866025403784));
#3309 = ( GEOMETRIC_REPRESENTATION_CONTEXT(2) 
PARAMETRIC_REPRESENTATION_CONTEXT() REPRESENTATION_CONTEXT('2D SPACE',''
  ) );
#3310 = PCURVE('',#929,#3311);
#3311 = DEFINITIONAL_REPRESENTATION('',(#3312),#3316);
#3312 = LINE('',#3313,#3314);
#3313 = CARTESIAN_POINT('',(-0.,-60.));
#3314 = VECTOR('',#3315,1.);
#3315 = DIRECTION('',(1.,0.));
#3316 = ( GEOMETRIC_REPRESENTATION_CONTEXT(2) 
PARAMETRIC_REPRESENTATION_CONTEXT() REPRESENTATION_CONTEXT('2D SPACE',''
  ) );
#3317 = ADVANCED_FACE('',(#3318),#99,.F.);
#3318 = FACE_BOUND('',#3319,.F.);
#3319 = EDGE_LOOP('',(#3320,#3350,#3380,#3399,#3400,#3401));
#3320 = ORIENTED_EDGE('',*,*,#3321,.F.);
#3321 = EDGE_CURVE('',#3322,#3275,#3324,.T.);
#3322 = VERTEX_POINT('',#3323);
#3323 = CARTESIAN_POINT('',(-48.6,-16.,1.35997692769E-15));
#3324 = SURFACE_CURVE('',#3325,(#3330,#3343),.PCURVE_S1.);
#3325 = ELLIPSE('',#3326,13.163586137523,11.4);
#3326 = AXIS2_PLACEMENT_3D('',#3327,#3328,#3329);
#3327 = CARTESIAN_POINT('',(-60.,-16.,3.552713678801E-15));
#3328 = DIRECTION('',(0.,-0.866025403784,0.5));
#3329 = DIRECTION('',(0.,-0.5,-0.866025403784));
#3330 = PCURVE('',#99,#3331);
#3331 = DEFINITIONAL_REPRESENTATION('',(#3332),#3342);
#3332 = B_SPLINE_CURVE_WITH_KNOTS('',8,(#3333,#3334,#3335,#3336,#3337,
    #3338,#3339,#3340,#3341),.UNSPECIFIED.,.F.,.F.,(9,9),(1.570796326795
    ,3.14159265359),.PIECEWISE_BEZIER_KNOTS.);
#3333 = CARTESIAN_POINT('',(6.28318530718,35.));
#3334 = CARTESIAN_POINT('',(6.479534848029,33.707667952983));
#3335 = CARTESIAN_POINT('',(6.675884388878,32.415335516522));
#3336 = CARTESIAN_POINT('',(6.872233929727,31.198927601845));
#3337 = CARTESIAN_POINT('',(7.068583470574,30.13435116704));
#3338 = CARTESIAN_POINT('',(7.264933011426,29.288201856229));
#3339 = CARTESIAN_POINT('',(7.461282552275,28.708205554357));
#3340 = CARTESIAN_POINT('',(7.657632093125,28.418206964786));
#3341 = CARTESIAN_POINT('',(7.853981633974,28.41820693825));
#3342 = ( GEOMETRIC_REPRESENTATION_CONTEXT(2) 
PARAMETRIC_REPRESENTATION_CONTEXT() REPRESENTATION_CONTEXT('2D SPACE',''
  ) );
#3343 = PCURVE('',#929,#3344);
#3344 = DEFINITIONAL_REPRESENTATION('',(#3345),#3349);
#3345 = ELLIPSE('',#3346,13.163586137523,11.4);
#3346 = AXIS2_PLACEMENT_2D('',#3347,#3348);
#3347 = CARTESIAN_POINT('',(16.,-60.));
#3348 = DIRECTION('',(1.,0.));
#3349 = ( GEOMETRIC_REPRESENTATION_CONTEXT(2) 
PARAMETRIC_REPRESENTATION_CONTEXT() REPRESENTATION_CONTEXT('2D SPACE',''
  ) );
#3350 = ORIENTED_EDGE('',*,*,#3351,.F.);
#3351 = EDGE_CURVE('',#3352,#3322,#3354,.T.);
#3352 = VERTEX_POINT('',#3353);
#3353 = CARTESIAN_POINT('',(-60.,-9.418206931238,-11.4));
#3354 = SURFACE_CURVE('',#3355,(#3360,#3373),.PCURVE_S1.);
#3355 = ELLIPSE('',#3356,13.163586137523,11.4);
#3356 = AXIS2_PLACEMENT_3D('',#3357,#3358,#3359);
#3357 = CARTESIAN_POINT('',(-60.,-16.,3.5527136788E-15));
#3358 = DIRECTION('',(0.,-0.866025403784,-0.5));
#3359 = DIRECTION('',(0.,-0.5,0.866025403784));
#3360 = PCURVE('',#99,#3361);
#3361 = DEFINITIONAL_REPRESENTATION('',(#3362),#3372);
#3362 = B_SPLINE_CURVE_WITH_KNOTS('',8,(#3363,#3364,#3365,#3366,#3367,
    #3368,#3369,#3370,#3371),.UNSPECIFIED.,.F.,.F.,(9,9),(3.14159265359,
    4.712388980385),.PIECEWISE_BEZIER_KNOTS.);
#3363 = CARTESIAN_POINT('',(4.712388980385,28.418206938249));
#3364 = CARTESIAN_POINT('',(4.908738521234,28.418206964781));
#3365 = CARTESIAN_POINT('',(5.105088062082,28.708205554343));
#3366 = CARTESIAN_POINT('',(5.301437602918,29.288201856264));
#3367 = CARTESIAN_POINT('',(5.497787143793,30.134351166958));
#3368 = CARTESIAN_POINT('',(5.694136684609,31.198927601941));
#3369 = CARTESIAN_POINT('',(5.890486225484,32.415335516489));
#3370 = CARTESIAN_POINT('',(6.08683576633,33.707667952983));
#3371 = CARTESIAN_POINT('',(6.28318530718,35.));
#3372 = ( GEOMETRIC_REPRESENTATION_CONTEXT(2) 
PARAMETRIC_REPRESENTATION_CONTEXT() REPRESENTATION_CONTEXT('2D SPACE',''
  ) );
#3373 = PCURVE('',#903,#3374);
#3374 = DEFINITIONAL_REPRESENTATION('',(#3375),#3379);
#3375 = ELLIPSE('',#3376,13.163586137523,11.4);
#3376 = AXIS2_PLACEMENT_2D('',#3377,#3378);
#3377 = CARTESIAN_POINT('',(2.172893762547E-15,-60.));
#3378 = DIRECTION('',(-1.,0.));
#3379 = ( GEOMETRIC_REPRESENTATION_CONTEXT(2) 
PARAMETRIC_REPRESENTATION_CONTEXT() REPRESENTATION_CONTEXT('2D SPACE',''
  ) );
#3380 = ORIENTED_EDGE('',*,*,#3381,.F.);
#3381 = EDGE_CURVE('',#2255,#3352,#3382,.T.);
#3382 = SURFACE_CURVE('',#3383,(#3387,#3393),.PCURVE_S1.);
#3383 = LINE('',#3384,#3385);
#3384 = CARTESIAN_POINT('',(-60.,19.,-11.4));
#3385 = VECTOR('',#3386,1.);
#3386 = DIRECTION('',(0.,-1.,2.22044604925E-16));
#3387 = PCURVE('',#99,#3388);
#3388 = DEFINITIONAL_REPRESENTATION('',(#3389),#3392);
#3389 = B_SPLINE_CURVE_WITH_KNOTS('',1,(#3390,#3391),.UNSPECIFIED.,.F.,
  .F.,(2,2),(9.581793068762,28.418206931238),.PIECEWISE_BEZIER_KNOTS.);
#3390 = CARTESIAN_POINT('',(4.712388980385,9.581793068762));
#3391 = CARTESIAN_POINT('',(4.712388980385,28.418206931238));
#3392 = ( GEOMETRIC_REPRESENTATION_CONTEXT(2) 
PARAMETRIC_REPRESENTATION_CONTEXT() REPRESENTATION_CONTEXT('2D SPACE',''
  ) );
#3393 = PCURVE('',#2270,#3394);
#3394 = DEFINITIONAL_REPRESENTATION('',(#3395),#3398);
#3395 = B_SPLINE_CURVE_WITH_KNOTS('',1,(#3396,#3397),.UNSPECIFIED.,.F.,
  .F.,(2,2),(-5.999999999062E-07,38.0000006),.PIECEWISE_BEZIER_KNOTS.);
#3396 = CARTESIAN_POINT('',(19.0000006,-11.4));
#3397 = CARTESIAN_POINT('',(-19.0000006,-11.4));
#3398 = ( GEOMETRIC_REPRESENTATION_CONTEXT(2) 
PARAMETRIC_REPRESENTATION_CONTEXT() REPRESENTATION_CONTEXT('2D SPACE',''
  ) );
#3399 = ORIENTED_EDGE('',*,*,#2282,.F.);
#3400 = ORIENTED_EDGE('',*,*,#82,.F.);
#3401 = ORIENTED_EDGE('',*,*,#3274,.T.);
#3402 = ADVANCED_FACE('',(#3403),#1030,.F.);
#3403 = FACE_BOUND('',#3404,.F.);
#3404 = EDGE_LOOP('',(#3405,#3428,#3449,#3470,#3471,#3492,#3493));
#3405 = ORIENTED_EDGE('',*,*,#3406,.F.);
#3406 = EDGE_CURVE('',#3407,#990,#3409,.T.);
#3407 = VERTEX_POINT('',#3408);
#3408 = CARTESIAN_POINT('',(-42.5,3.,-13.85640646055));
#3409 = SURFACE_CURVE('',#3410,(#3414,#3421),.PCURVE_S1.);
#3410 = LINE('',#3411,#3412);
#3411 = CARTESIAN_POINT('',(-42.5,3.,-19.));
#3412 = VECTOR('',#3413,1.);
#3413 = DIRECTION('',(0.,0.,1.));
#3414 = PCURVE('',#1030,#3415);
#3415 = DEFINITIONAL_REPRESENTATION('',(#3416),#3420);
#3416 = LINE('',#3417,#3418);
#3417 = CARTESIAN_POINT('',(0.,3.));
#3418 = VECTOR('',#3419,1.);
#3419 = DIRECTION('',(1.,0.));
#3420 = ( GEOMETRIC_REPRESENTATION_CONTEXT(2) 
PARAMETRIC_REPRESENTATION_CONTEXT() REPRESENTATION_CONTEXT('2D SPACE',''
  ) );
#3421 = PCURVE('',#1004,#3422);
#3422 = DEFINITIONAL_REPRESENTATION('',(#3423),#3427);
#3423 = LINE('',#3424,#3425);
#3424 = CARTESIAN_POINT('',(0.,-6.));
#3425 = VECTOR('',#3426,1.);
#3426 = DIRECTION('',(1.,0.));
#3427 = ( GEOMETRIC_REPRESENTATION_CONTEXT(2) 
PARAMETRIC_REPRESENTATION_CONTEXT() REPRESENTATION_CONTEXT('2D SPACE',''
  ) );
#3428 = ORIENTED_EDGE('',*,*,#3429,.F.);
#3429 = EDGE_CURVE('',#3430,#3407,#3432,.T.);
#3430 = VERTEX_POINT('',#3431);
#3431 = CARTESIAN_POINT('',(-45.5,3.,-13.85640646055));
#3432 = SURFACE_CURVE('',#3433,(#3437,#3443),.PCURVE_S1.);
#3433 = LINE('',#3434,#3435);
#3434 = CARTESIAN_POINT('',(-22.75,3.,-13.85640646055));
#3435 = VECTOR('',#3436,1.);
#3436 = DIRECTION('',(1.,-0.,0.));
#3437 = PCURVE('',#1030,#3438);
#3438 = DEFINITIONAL_REPRESENTATION('',(#3439),#3442);
#3439 = B_SPLINE_CURVE_WITH_KNOTS('',1,(#3440,#3441),.UNSPECIFIED.,.F.,
  .F.,(2,2),(-22.75,-19.75),.PIECEWISE_BEZIER_KNOTS.);
#3440 = CARTESIAN_POINT('',(5.143593539449,0.));
#3441 = CARTESIAN_POINT('',(5.143593539449,3.));
#3442 = ( GEOMETRIC_REPRESENTATION_CONTEXT(2) 
PARAMETRIC_REPRESENTATION_CONTEXT() REPRESENTATION_CONTEXT('2D SPACE',''
  ) );
#3443 = PCURVE('',#2242,#3444);
#3444 = DEFINITIONAL_REPRESENTATION('',(#3445),#3448);
#3445 = B_SPLINE_CURVE_WITH_KNOTS('',1,(#3446,#3447),.UNSPECIFIED.,.F.,
  .F.,(2,2),(-22.75,-19.75),.PIECEWISE_BEZIER_KNOTS.);
#3446 = CARTESIAN_POINT('',(11.,-45.5));
#3447 = CARTESIAN_POINT('',(11.,-42.5));
#3448 = ( GEOMETRIC_REPRESENTATION_CONTEXT(2) 
PARAMETRIC_REPRESENTATION_CONTEXT() REPRESENTATION_CONTEXT('2D SPACE',''
  ) );
#3449 = ORIENTED_EDGE('',*,*,#3450,.T.);
#3450 = EDGE_CURVE('',#3430,#3100,#3451,.T.);
#3451 = SURFACE_CURVE('',#3452,(#3456,#3463),.PCURVE_S1.);
#3452 = LINE('',#3453,#3454);
#3453 = CARTESIAN_POINT('',(-45.5,3.,-19.));
#3454 = VECTOR('',#3455,1.);
#3455 = DIRECTION('',(0.,0.,1.));
#3456 = PCURVE('',#1030,#3457);
#3457 = DEFINITIONAL_REPRESENTATION('',(#3458),#3462);
#3458 = LINE('',#3459,#3460);
#3459 = CARTESIAN_POINT('',(0.,0.));
#3460 = VECTOR('',#3461,1.);
#3461 = DIRECTION('',(1.,0.));
#3462 = ( GEOMETRIC_REPRESENTATION_CONTEXT(2) 
PARAMETRIC_REPRESENTATION_CONTEXT() REPRESENTATION_CONTEXT('2D SPACE',''
  ) );
#3463 = PCURVE('',#3114,#3464);
#3464 = DEFINITIONAL_REPRESENTATION('',(#3465),#3469);
#3465 = LINE('',#3466,#3467);
#3466 = CARTESIAN_POINT('',(0.,-6.));
#3467 = VECTOR('',#3468,1.);
#3468 = DIRECTION('',(1.,0.));
#3469 = ( GEOMETRIC_REPRESENTATION_CONTEXT(2) 
PARAMETRIC_REPRESENTATION_CONTEXT() REPRESENTATION_CONTEXT('2D SPACE',''
  ) );
#3470 = ORIENTED_EDGE('',*,*,#3125,.F.);
#3471 = ORIENTED_EDGE('',*,*,#3472,.F.);
#3472 = EDGE_CURVE('',#1069,#3126,#3473,.T.);
#3473 = SURFACE_CURVE('',#3474,(#3478,#3485),.PCURVE_S1.);
#3474 = LINE('',#3475,#3476);
#3475 = CARTESIAN_POINT('',(-42.5,3.,-19.));
#3476 = VECTOR('',#3477,1.);
#3477 = DIRECTION('',(0.,0.,1.));
#3478 = PCURVE('',#1030,#3479);
#3479 = DEFINITIONAL_REPRESENTATION('',(#3480),#3484);
#3480 = LINE('',#3481,#3482);
#3481 = CARTESIAN_POINT('',(0.,3.));
#3482 = VECTOR('',#3483,1.);
#3483 = DIRECTION('',(1.,0.));
#3484 = ( GEOMETRIC_REPRESENTATION_CONTEXT(2) 
PARAMETRIC_REPRESENTATION_CONTEXT() REPRESENTATION_CONTEXT('2D SPACE',''
  ) );
#3485 = PCURVE('',#1104,#3486);
#3486 = DEFINITIONAL_REPRESENTATION('',(#3487),#3491);
#3487 = LINE('',#3488,#3489);
#3488 = CARTESIAN_POINT('',(0.,-6.));
#3489 = VECTOR('',#3490,1.);
#3490 = DIRECTION('',(1.,0.));
#3491 = ( GEOMETRIC_REPRESENTATION_CONTEXT(2) 
PARAMETRIC_REPRESENTATION_CONTEXT() REPRESENTATION_CONTEXT('2D SPACE',''
  ) );
#3492 = ORIENTED_EDGE('',*,*,#1068,.T.);
#3493 = ORIENTED_EDGE('',*,*,#1015,.T.);
#3494 = ADVANCED_FACE('',(#3495),#1004,.F.);
#3495 = FACE_BOUND('',#3496,.F.);
#3496 = EDGE_LOOP('',(#3497,#3520,#3539,#3540));
#3497 = ORIENTED_EDGE('',*,*,#3498,.F.);
#3498 = EDGE_CURVE('',#3499,#964,#3501,.T.);
#3499 = VERTEX_POINT('',#3500);
#3500 = CARTESIAN_POINT('',(-42.5,-3.,-13.85640646055));
#3501 = SURFACE_CURVE('',#3502,(#3506,#3513),.PCURVE_S1.);
#3502 = LINE('',#3503,#3504);
#3503 = CARTESIAN_POINT('',(-42.5,-3.,-19.));
#3504 = VECTOR('',#3505,1.);
#3505 = DIRECTION('',(0.,0.,1.));
#3506 = PCURVE('',#1004,#3507);
#3507 = DEFINITIONAL_REPRESENTATION('',(#3508),#3512);
#3508 = LINE('',#3509,#3510);
#3509 = CARTESIAN_POINT('',(0.,0.));
#3510 = VECTOR('',#3511,1.);
#3511 = DIRECTION('',(1.,0.));
#3512 = ( GEOMETRIC_REPRESENTATION_CONTEXT(2) 
PARAMETRIC_REPRESENTATION_CONTEXT() REPRESENTATION_CONTEXT('2D SPACE',''
  ) );
#3513 = PCURVE('',#978,#3514);
#3514 = DEFINITIONAL_REPRESENTATION('',(#3515),#3519);
#3515 = LINE('',#3516,#3517);
#3516 = CARTESIAN_POINT('',(0.,3.));
#3517 = VECTOR('',#3518,1.);
#3518 = DIRECTION('',(1.,0.));
#3519 = ( GEOMETRIC_REPRESENTATION_CONTEXT(2) 
PARAMETRIC_REPRESENTATION_CONTEXT() REPRESENTATION_CONTEXT('2D SPACE',''
  ) );
#3520 = ORIENTED_EDGE('',*,*,#3521,.F.);
#3521 = EDGE_CURVE('',#3407,#3499,#3522,.T.);
#3522 = SURFACE_CURVE('',#3523,(#3527,#3533),.PCURVE_S1.);
#3523 = LINE('',#3524,#3525);
#3524 = CARTESIAN_POINT('',(-42.5,-5.5,-13.85640646055));
#3525 = VECTOR('',#3526,1.);
#3526 = DIRECTION('',(0.,-1.,2.22044604925E-16));
#3527 = PCURVE('',#1004,#3528);
#3528 = DEFINITIONAL_REPRESENTATION('',(#3529),#3532);
#3529 = B_SPLINE_CURVE_WITH_KNOTS('',1,(#3530,#3531),.UNSPECIFIED.,.F.,
  .F.,(2,2),(-8.5,-2.5),.PIECEWISE_BEZIER_KNOTS.);
#3530 = CARTESIAN_POINT('',(5.143593539449,-6.));
#3531 = CARTESIAN_POINT('',(5.143593539449,0.));
#3532 = ( GEOMETRIC_REPRESENTATION_CONTEXT(2) 
PARAMETRIC_REPRESENTATION_CONTEXT() REPRESENTATION_CONTEXT('2D SPACE',''
  ) );
#3533 = PCURVE('',#2242,#3534);
#3534 = DEFINITIONAL_REPRESENTATION('',(#3535),#3538);
#3535 = B_SPLINE_CURVE_WITH_KNOTS('',1,(#3536,#3537),.UNSPECIFIED.,.F.,
  .F.,(2,2),(-8.5,-2.5),.PIECEWISE_BEZIER_KNOTS.);
#3536 = CARTESIAN_POINT('',(11.,-42.5));
#3537 = CARTESIAN_POINT('',(5.,-42.5));
#3538 = ( GEOMETRIC_REPRESENTATION_CONTEXT(2) 
PARAMETRIC_REPRESENTATION_CONTEXT() REPRESENTATION_CONTEXT('2D SPACE',''
  ) );
#3539 = ORIENTED_EDGE('',*,*,#3406,.T.);
#3540 = ORIENTED_EDGE('',*,*,#989,.T.);
#3541 = ADVANCED_FACE('',(#3542),#978,.T.);
#3542 = FACE_BOUND('',#3543,.T.);
#3543 = EDGE_LOOP('',(#3544,#3545,#3566,#3587,#3588,#3609,#3610));
#3544 = ORIENTED_EDGE('',*,*,#3498,.F.);
#3545 = ORIENTED_EDGE('',*,*,#3546,.F.);
#3546 = EDGE_CURVE('',#3547,#3499,#3549,.T.);
#3547 = VERTEX_POINT('',#3548);
#3548 = CARTESIAN_POINT('',(-45.5,-3.,-13.85640646055));
#3549 = SURFACE_CURVE('',#3550,(#3554,#3560),.PCURVE_S1.);
#3550 = LINE('',#3551,#3552);
#3551 = CARTESIAN_POINT('',(-22.75,-3.,-13.85640646055));
#3552 = VECTOR('',#3553,1.);
#3553 = DIRECTION('',(1.,-0.,0.));
#3554 = PCURVE('',#978,#3555);
#3555 = DEFINITIONAL_REPRESENTATION('',(#3556),#3559);
#3556 = B_SPLINE_CURVE_WITH_KNOTS('',1,(#3557,#3558),.UNSPECIFIED.,.F.,
  .F.,(2,2),(-22.75,-19.75),.PIECEWISE_BEZIER_KNOTS.);
#3557 = CARTESIAN_POINT('',(5.143593539449,0.));
#3558 = CARTESIAN_POINT('',(5.143593539449,3.));
#3559 = ( GEOMETRIC_REPRESENTATION_CONTEXT(2) 
PARAMETRIC_REPRESENTATION_CONTEXT() REPRESENTATION_CONTEXT('2D SPACE',''
  ) );
#3560 = PCURVE('',#2242,#3561);
#3561 = DEFINITIONAL_REPRESENTATION('',(#3562),#3565);
#3562 = B_SPLINE_CURVE_WITH_KNOTS('',1,(#3563,#3564),.UNSPECIFIED.,.F.,
  .F.,(2,2),(-22.75,-19.75),.PIECEWISE_BEZIER_KNOTS.);
#3563 = CARTESIAN_POINT('',(5.,-45.5));
#3564 = CARTESIAN_POINT('',(5.,-42.5));
#3565 = ( GEOMETRIC_REPRESENTATION_CONTEXT(2) 
PARAMETRIC_REPRESENTATION_CONTEXT() REPRESENTATION_CONTEXT('2D SPACE',''
  ) );
#3566 = ORIENTED_EDGE('',*,*,#3567,.T.);
#3567 = EDGE_CURVE('',#3547,#3079,#3568,.T.);
#3568 = SURFACE_CURVE('',#3569,(#3573,#3580),.PCURVE_S1.);
#3569 = LINE('',#3570,#3571);
#3570 = CARTESIAN_POINT('',(-45.5,-3.,-19.));
#3571 = VECTOR('',#3572,1.);
#3572 = DIRECTION('',(0.,0.,1.));
#3573 = PCURVE('',#978,#3574);
#3574 = DEFINITIONAL_REPRESENTATION('',(#3575),#3579);
#3575 = LINE('',#3576,#3577);
#3576 = CARTESIAN_POINT('',(0.,0.));
#3577 = VECTOR('',#3578,1.);
#3578 = DIRECTION('',(1.,0.));
#3579 = ( GEOMETRIC_REPRESENTATION_CONTEXT(2) 
PARAMETRIC_REPRESENTATION_CONTEXT() REPRESENTATION_CONTEXT('2D SPACE',''
  ) );
#3580 = PCURVE('',#3114,#3581);
#3581 = DEFINITIONAL_REPRESENTATION('',(#3582),#3586);
#3582 = LINE('',#3583,#3584);
#3583 = CARTESIAN_POINT('',(0.,0.));
#3584 = VECTOR('',#3585,1.);
#3585 = DIRECTION('',(1.,0.));
#3586 = ( GEOMETRIC_REPRESENTATION_CONTEXT(2) 
PARAMETRIC_REPRESENTATION_CONTEXT() REPRESENTATION_CONTEXT('2D SPACE',''
  ) );
#3587 = ORIENTED_EDGE('',*,*,#3076,.F.);
#3588 = ORIENTED_EDGE('',*,*,#3589,.F.);
#3589 = EDGE_CURVE('',#1090,#3077,#3590,.T.);
#3590 = SURFACE_CURVE('',#3591,(#3595,#3602),.PCURVE_S1.);
#3591 = LINE('',#3592,#3593);
#3592 = CARTESIAN_POINT('',(-42.5,-3.,-19.));
#3593 = VECTOR('',#3594,1.);
#3594 = DIRECTION('',(0.,0.,1.));
#3595 = PCURVE('',#978,#3596);
#3596 = DEFINITIONAL_REPRESENTATION('',(#3597),#3601);
#3597 = LINE('',#3598,#3599);
#3598 = CARTESIAN_POINT('',(0.,3.));
#3599 = VECTOR('',#3600,1.);
#3600 = DIRECTION('',(1.,0.));
#3601 = ( GEOMETRIC_REPRESENTATION_CONTEXT(2) 
PARAMETRIC_REPRESENTATION_CONTEXT() REPRESENTATION_CONTEXT('2D SPACE',''
  ) );
#3602 = PCURVE('',#1104,#3603);
#3603 = DEFINITIONAL_REPRESENTATION('',(#3604),#3608);
#3604 = LINE('',#3605,#3606);
#3605 = CARTESIAN_POINT('',(0.,0.));
#3606 = VECTOR('',#3607,1.);
#3607 = DIRECTION('',(1.,0.));
#3608 = ( GEOMETRIC_REPRESENTATION_CONTEXT(2) 
PARAMETRIC_REPRESENTATION_CONTEXT() REPRESENTATION_CONTEXT('2D SPACE',''
  ) );
#3609 = ORIENTED_EDGE('',*,*,#1115,.T.);
#3610 = ORIENTED_EDGE('',*,*,#963,.T.);
#3611 = ADVANCED_FACE('',(#3612),#929,.T.);
#3612 = FACE_BOUND('',#3613,.T.);
#3613 = EDGE_LOOP('',(#3614,#3615,#3616,#3617,#3638,#3639,#3640,#3641,
    #3642,#3643,#3644,#3645,#3646,#3647,#3648,#3649,#3650,#3651,#3652,
    #3653,#3654,#3655,#3656,#3657,#3658,#3659,#3660,#3661,#3682,#3683));
#3614 = ORIENTED_EDGE('',*,*,#3052,.F.);
#3615 = ORIENTED_EDGE('',*,*,#3297,.T.);
#3616 = ORIENTED_EDGE('',*,*,#3321,.F.);
#3617 = ORIENTED_EDGE('',*,*,#3618,.T.);
#3618 = EDGE_CURVE('',#3322,#889,#3619,.T.);
#3619 = SURFACE_CURVE('',#3620,(#3624,#3631),.PCURVE_S1.);
#3620 = LINE('',#3621,#3622);
#3621 = CARTESIAN_POINT('',(-60.,-16.,1.959434878636E-15));
#3622 = VECTOR('',#3623,1.);
#3623 = DIRECTION('',(1.,0.,0.));
#3624 = PCURVE('',#929,#3625);
#3625 = DEFINITIONAL_REPRESENTATION('',(#3626),#3630);
#3626 = LINE('',#3627,#3628);
#3627 = CARTESIAN_POINT('',(16.,-60.));
#3628 = VECTOR('',#3629,1.);
#3629 = DIRECTION('',(0.,1.));
#3630 = ( GEOMETRIC_REPRESENTATION_CONTEXT(2) 
PARAMETRIC_REPRESENTATION_CONTEXT() REPRESENTATION_CONTEXT('2D SPACE',''
  ) );
#3631 = PCURVE('',#903,#3632);
#3632 = DEFINITIONAL_REPRESENTATION('',(#3633),#3637);
#3633 = LINE('',#3634,#3635);
#3634 = CARTESIAN_POINT('',(0.,-60.));
#3635 = VECTOR('',#3636,1.);
#3636 = DIRECTION('',(0.,1.));
#3637 = ( GEOMETRIC_REPRESENTATION_CONTEXT(2) 
PARAMETRIC_REPRESENTATION_CONTEXT() REPRESENTATION_CONTEXT('2D SPACE',''
  ) );
#3638 = ORIENTED_EDGE('',*,*,#914,.F.);
#3639 = ORIENTED_EDGE('',*,*,#1135,.F.);
#3640 = ORIENTED_EDGE('',*,*,#1181,.F.);
#3641 = ORIENTED_EDGE('',*,*,#1225,.F.);
#3642 = ORIENTED_EDGE('',*,*,#1273,.F.);
#3643 = ORIENTED_EDGE('',*,*,#1320,.F.);
#3644 = ORIENTED_EDGE('',*,*,#1364,.F.);
#3645 = ORIENTED_EDGE('',*,*,#1409,.F.);
#3646 = ORIENTED_EDGE('',*,*,#1457,.F.);
#3647 = ORIENTED_EDGE('',*,*,#1501,.F.);
#3648 = ORIENTED_EDGE('',*,*,#1550,.F.);
#3649 = ORIENTED_EDGE('',*,*,#1593,.F.);
#3650 = ORIENTED_EDGE('',*,*,#1641,.F.);
#3651 = ORIENTED_EDGE('',*,*,#1685,.F.);
#3652 = ORIENTED_EDGE('',*,*,#1733,.F.);
#3653 = ORIENTED_EDGE('',*,*,#1777,.F.);
#3654 = ORIENTED_EDGE('',*,*,#1825,.F.);
#3655 = ORIENTED_EDGE('',*,*,#1872,.F.);
#3656 = ORIENTED_EDGE('',*,*,#1916,.F.);
#3657 = ORIENTED_EDGE('',*,*,#1964,.F.);
#3658 = ORIENTED_EDGE('',*,*,#2008,.F.);
#3659 = ORIENTED_EDGE('',*,*,#2056,.F.);
#3660 = ORIENTED_EDGE('',*,*,#2103,.F.);
#3661 = ORIENTED_EDGE('',*,*,#3662,.T.);
#3662 = EDGE_CURVE('',#2104,#2884,#3663,.T.);
#3663 = SURFACE_CURVE('',#3664,(#3668,#3675),.PCURVE_S1.);
#3664 = LINE('',#3665,#3666);
#3665 = CARTESIAN_POINT('',(-60.,-16.,1.959434878636E-15));
#3666 = VECTOR('',#3667,1.);
#3667 = DIRECTION('',(1.,0.,0.));
#3668 = PCURVE('',#929,#3669);
#3669 = DEFINITIONAL_REPRESENTATION('',(#3670),#3674);
#3670 = LINE('',#3671,#3672);
#3671 = CARTESIAN_POINT('',(16.,-60.));
#3672 = VECTOR('',#3673,1.);
#3673 = DIRECTION('',(0.,1.));
#3674 = ( GEOMETRIC_REPRESENTATION_CONTEXT(2) 
PARAMETRIC_REPRESENTATION_CONTEXT() REPRESENTATION_CONTEXT('2D SPACE',''
  ) );
#3675 = PCURVE('',#903,#3676);
#3676 = DEFINITIONAL_REPRESENTATION('',(#3677),#3681);
#3677 = LINE('',#3678,#3679);
#3678 = CARTESIAN_POINT('',(0.,-60.));
#3679 = VECTOR('',#3680,1.);
#3680 = DIRECTION('',(0.,1.));
#3681 = ( GEOMETRIC_REPRESENTATION_CONTEXT(2) 
PARAMETRIC_REPRESENTATION_CONTEXT() REPRESENTATION_CONTEXT('2D SPACE',''
  ) );
#3682 = ORIENTED_EDGE('',*,*,#2920,.F.);
#3683 = ORIENTED_EDGE('',*,*,#3004,.F.);
#3684 = ADVANCED_FACE('',(#3685),#903,.T.);
#3685 = FACE_BOUND('',#3686,.T.);
#3686 = EDGE_LOOP('',(#3687,#3688,#3689,#3712,#3735,#3756,#3757,#3758,
    #3759,#3780,#3801,#3822,#3843,#3864,#3885,#3906,#3927,#3948,#3969,
    #3990,#4011,#4032,#4053,#4074,#4095,#4116,#4137,#4158,#4177));
#3687 = ORIENTED_EDGE('',*,*,#3618,.F.);
#3688 = ORIENTED_EDGE('',*,*,#3351,.F.);
#3689 = ORIENTED_EDGE('',*,*,#3690,.T.);
#3690 = EDGE_CURVE('',#3352,#3691,#3693,.T.);
#3691 = VERTEX_POINT('',#3692);
#3692 = CARTESIAN_POINT('',(-60.,-8.,-13.85640646055));
#3693 = SURFACE_CURVE('',#3694,(#3698,#3705),.PCURVE_S1.);
#3694 = LINE('',#3695,#3696);
#3695 = CARTESIAN_POINT('',(-60.,-16.,1.959434878636E-15));
#3696 = VECTOR('',#3697,1.);
#3697 = DIRECTION('',(0.,0.5,-0.866025403784));
#3698 = PCURVE('',#903,#3699);
#3699 = DEFINITIONAL_REPRESENTATION('',(#3700),#3704);
#3700 = LINE('',#3701,#3702);
#3701 = CARTESIAN_POINT('',(0.,-60.));
#3702 = VECTOR('',#3703,1.);
#3703 = DIRECTION('',(1.,0.));
#3704 = ( GEOMETRIC_REPRESENTATION_CONTEXT(2) 
PARAMETRIC_REPRESENTATION_CONTEXT() REPRESENTATION_CONTEXT('2D SPACE',''
  ) );
#3705 = PCURVE('',#2270,#3706);
#3706 = DEFINITIONAL_REPRESENTATION('',(#3707),#3711);
#3707 = LINE('',#3708,#3709);
#3708 = CARTESIAN_POINT('',(-16.,1.051424234745E-15));
#3709 = VECTOR('',#3710,1.);
#3710 = DIRECTION('',(0.5,-0.866025403784));
#3711 = ( GEOMETRIC_REPRESENTATION_CONTEXT(2) 
PARAMETRIC_REPRESENTATION_CONTEXT() REPRESENTATION_CONTEXT('2D SPACE',''
  ) );
#3712 = ORIENTED_EDGE('',*,*,#3713,.F.);
#3713 = EDGE_CURVE('',#3714,#3691,#3716,.T.);
#3714 = VERTEX_POINT('',#3715);
#3715 = CARTESIAN_POINT('',(60.,-8.,-13.85640646055));
#3716 = SURFACE_CURVE('',#3717,(#3721,#3728),.PCURVE_S1.);
#3717 = LINE('',#3718,#3719);
#3718 = CARTESIAN_POINT('',(60.,-8.,-13.85640646055));
#3719 = VECTOR('',#3720,1.);
#3720 = DIRECTION('',(-1.,0.,0.));
#3721 = PCURVE('',#903,#3722);
#3722 = DEFINITIONAL_REPRESENTATION('',(#3723),#3727);
#3723 = LINE('',#3724,#3725);
#3724 = CARTESIAN_POINT('',(16.,60.));
#3725 = VECTOR('',#3726,1.);
#3726 = DIRECTION('',(0.,-1.));
#3727 = ( GEOMETRIC_REPRESENTATION_CONTEXT(2) 
PARAMETRIC_REPRESENTATION_CONTEXT() REPRESENTATION_CONTEXT('2D SPACE',''
  ) );
#3728 = PCURVE('',#2242,#3729);
#3729 = DEFINITIONAL_REPRESENTATION('',(#3730),#3734);
#3730 = LINE('',#3731,#3732);
#3731 = CARTESIAN_POINT('',(0.,60.));
#3732 = VECTOR('',#3733,1.);
#3733 = DIRECTION('',(0.,-1.));
#3734 = ( GEOMETRIC_REPRESENTATION_CONTEXT(2) 
PARAMETRIC_REPRESENTATION_CONTEXT() REPRESENTATION_CONTEXT('2D SPACE',''
  ) );
#3735 = ORIENTED_EDGE('',*,*,#3736,.F.);
#3736 = EDGE_CURVE('',#2863,#3714,#3737,.T.);
#3737 = SURFACE_CURVE('',#3738,(#3742,#3749),.PCURVE_S1.);
#3738 = LINE('',#3739,#3740);
#3739 = CARTESIAN_POINT('',(60.,-16.,1.959434878636E-15));
#3740 = VECTOR('',#3741,1.);
#3741 = DIRECTION('',(0.,0.5,-0.866025403784));
#3742 = PCURVE('',#903,#3743);
#3743 = DEFINITIONAL_REPRESENTATION('',(#3744),#3748);
#3744 = LINE('',#3745,#3746);
#3745 = CARTESIAN_POINT('',(0.,60.));
#3746 = VECTOR('',#3747,1.);
#3747 = DIRECTION('',(1.,0.));
#3748 = ( GEOMETRIC_REPRESENTATION_CONTEXT(2) 
PARAMETRIC_REPRESENTATION_CONTEXT() REPRESENTATION_CONTEXT('2D SPACE',''
  ) );
#3749 = PCURVE('',#2214,#3750);
#3750 = DEFINITIONAL_REPRESENTATION('',(#3751),#3755);
#3751 = LINE('',#3752,#3753);
#3752 = CARTESIAN_POINT('',(-16.,1.051424234745E-15));
#3753 = VECTOR('',#3754,1.);
#3754 = DIRECTION('',(0.5,-0.866025403784));
#3755 = ( GEOMETRIC_REPRESENTATION_CONTEXT(2) 
PARAMETRIC_REPRESENTATION_CONTEXT() REPRESENTATION_CONTEXT('2D SPACE',''
  ) );
#3756 = ORIENTED_EDGE('',*,*,#2883,.F.);
#3757 = ORIENTED_EDGE('',*,*,#3662,.F.);
#3758 = ORIENTED_EDGE('',*,*,#2124,.F.);
#3759 = ORIENTED_EDGE('',*,*,#3760,.F.);
#3760 = EDGE_CURVE('',#3761,#2125,#3763,.T.);
#3761 = VERTEX_POINT('',#3762);
#3762 = CARTESIAN_POINT('',(30.55540484763,-14.10163569989,
    -3.288063419057));
#3763 = SURFACE_CURVE('',#3764,(#3768,#3774),.PCURVE_S1.);
#3764 = LINE('',#3765,#3766);
#3765 = CARTESIAN_POINT('',(23.267372843322,-16.47245415682,
    0.818314603867));
#3766 = VECTOR('',#3767,1.);
#3767 = DIRECTION('',(0.838211456709,0.27267267641,-0.472282929378));
#3768 = PCURVE('',#903,#3769);
#3769 = DEFINITIONAL_REPRESENTATION('',(#3770),#3773);
#3770 = B_SPLINE_CURVE_WITH_KNOTS('',1,(#3771,#3772),.UNSPECIFIED.,.F.,
  .F.,(2,2),(6.077787879404,15.660449466414),.PIECEWISE_BEZIER_KNOTS.);
#3771 = CARTESIAN_POINT('',(2.369585061808,28.361844275285));
#3772 = CARTESIAN_POINT('',(7.595445025927,36.39414100328));
#3773 = ( GEOMETRIC_REPRESENTATION_CONTEXT(2) 
PARAMETRIC_REPRESENTATION_CONTEXT() REPRESENTATION_CONTEXT('2D SPACE',''
  ) );
#3774 = PCURVE('',#2161,#3775);
#3775 = DEFINITIONAL_REPRESENTATION('',(#3776),#3779);
#3776 = B_SPLINE_CURVE_WITH_KNOTS('',1,(#3777,#3778),.UNSPECIFIED.,.F.,
  .F.,(2,2),(6.077787879404,15.660449466414),.PIECEWISE_BEZIER_KNOTS.);
#3777 = CARTESIAN_POINT('',(9.219544457293,-14.81520746909));
#3778 = CARTESIAN_POINT('',(9.583420378304E-17,-12.20227748703));
#3779 = ( GEOMETRIC_REPRESENTATION_CONTEXT(2) 
PARAMETRIC_REPRESENTATION_CONTEXT() REPRESENTATION_CONTEXT('2D SPACE',''
  ) );
#3780 = ORIENTED_EDGE('',*,*,#3781,.F.);
#3781 = EDGE_CURVE('',#3782,#3761,#3784,.T.);
#3782 = VERTEX_POINT('',#3783);
#3783 = CARTESIAN_POINT('',(24.548468626402,-12.63879700744,
    -5.821774357656));
#3784 = SURFACE_CURVE('',#3785,(#3789,#3795),.PCURVE_S1.);
#3785 = LINE('',#3786,#3787);
#3786 = CARTESIAN_POINT('',(19.093076803704,-11.31027312325,
    -8.122845224143));
#3787 = VECTOR('',#3788,1.);
#3788 = DIRECTION('',(0.899035752572,-0.218937614172,0.379211071433));
#3789 = PCURVE('',#903,#3790);
#3790 = DEFINITIONAL_REPRESENTATION('',(#3791),#3794);
#3791 = B_SPLINE_CURVE_WITH_KNOTS('',1,(#3792,#3793),.UNSPECIFIED.,.F.,
  .F.,(2,2),(6.068047691195,16.31669148255),.PIECEWISE_BEZIER_KNOTS.);
#3792 = CARTESIAN_POINT('',(6.722405985108,24.548468626402));
#3793 = CARTESIAN_POINT('',(2.234778744757,33.762365810208));
#3794 = ( GEOMETRIC_REPRESENTATION_CONTEXT(2) 
PARAMETRIC_REPRESENTATION_CONTEXT() REPRESENTATION_CONTEXT('2D SPACE',''
  ) );
#3795 = PCURVE('',#2790,#3796);
#3796 = DEFINITIONAL_REPRESENTATION('',(#3797),#3800);
#3797 = B_SPLINE_CURVE_WITH_KNOTS('',1,(#3798,#3799),.UNSPECIFIED.,.F.,
  .F.,(2,2),(6.068047691195,16.31669148255),.PIECEWISE_BEZIER_KNOTS.);
#3798 = CARTESIAN_POINT('',(10.,-12.63879700744));
#3799 = CARTESIAN_POINT('',(-6.286483448144E-16,-14.88261062762));
#3800 = ( GEOMETRIC_REPRESENTATION_CONTEXT(2) 
PARAMETRIC_REPRESENTATION_CONTEXT() REPRESENTATION_CONTEXT('2D SPACE',''
  ) );
#3801 = ORIENTED_EDGE('',*,*,#3802,.F.);
#3802 = EDGE_CURVE('',#3803,#3782,#3805,.T.);
#3803 = VERTEX_POINT('',#3804);
#3804 = CARTESIAN_POINT('',(23.045085274989,-13.70569889923,
    -3.973846074381));
#3805 = SURFACE_CURVE('',#3806,(#3810,#3816),.PCURVE_S1.);
#3806 = LINE('',#3807,#3808);
#3807 = CARTESIAN_POINT('',(20.381876267124,-15.59569104665,
    -0.700283649148));
#3808 = VECTOR('',#3809,1.);
#3809 = DIRECTION('',(0.575959061182,0.408739268924,-0.707957180825));
#3810 = PCURVE('',#903,#3811);
#3811 = DEFINITIONAL_REPRESENTATION('',(#3812),#3815);
#3812 = B_SPLINE_CURVE_WITH_KNOTS('',1,(#3813,#3814),.UNSPECIFIED.,.F.,
  .F.,(2,2),(-0.989161022891,7.234181455067),.PIECEWISE_BEZIER_KNOTS.);
#3813 = CARTESIAN_POINT('',(-2.140556287594E-15,19.812160013023));
#3814 = CARTESIAN_POINT('',(6.722405985108,24.548468626402));
#3815 = ( GEOMETRIC_REPRESENTATION_CONTEXT(2) 
PARAMETRIC_REPRESENTATION_CONTEXT() REPRESENTATION_CONTEXT('2D SPACE',''
  ) );
#3816 = PCURVE('',#2764,#3817);
#3817 = DEFINITIONAL_REPRESENTATION('',(#3818),#3821);
#3818 = B_SPLINE_CURVE_WITH_KNOTS('',1,(#3819,#3820),.UNSPECIFIED.,.F.,
  .F.,(2,2),(-0.989161022891,7.234181455067),.PIECEWISE_BEZIER_KNOTS.);
#3819 = CARTESIAN_POINT('',(7.505043367805,-16.));
#3820 = CARTESIAN_POINT('',(-1.215445417392E-15,-12.63879700744));
#3821 = ( GEOMETRIC_REPRESENTATION_CONTEXT(2) 
PARAMETRIC_REPRESENTATION_CONTEXT() REPRESENTATION_CONTEXT('2D SPACE',''
  ) );
#3822 = ORIENTED_EDGE('',*,*,#3823,.F.);
#3823 = EDGE_CURVE('',#3824,#3803,#3826,.T.);
#3824 = VERTEX_POINT('',#3825);
#3825 = CARTESIAN_POINT('',(23.202013778342,-13.29574085007,
    -4.683914244512));
#3826 = SURFACE_CURVE('',#3827,(#3831,#3837),.PCURVE_S1.);
#3827 = LINE('',#3828,#3829);
#3828 = CARTESIAN_POINT('',(22.202136136095,-15.90780863167,
    -0.159680133961));
#3829 = VECTOR('',#3830,1.);
#3830 = DIRECTION('',(-0.187983633389,-0.491086080432,0.850586042199));
#3831 = PCURVE('',#903,#3832);
#3832 = DEFINITIONAL_REPRESENTATION('',(#3833),#3836);
#3833 = B_SPLINE_CURVE_WITH_KNOTS('',1,(#3834,#3835),.UNSPECIFIED.,.F.,
  .F.,(2,2),(-5.318961146899,0.187729548851),.PIECEWISE_BEZIER_KNOTS.);
#3834 = CARTESIAN_POINT('',(5.40851829986,23.202013778342));
#3835 = CARTESIAN_POINT('',(-1.282714514386E-15,22.166846053408));
#3836 = ( GEOMETRIC_REPRESENTATION_CONTEXT(2) 
PARAMETRIC_REPRESENTATION_CONTEXT() REPRESENTATION_CONTEXT('2D SPACE',''
  ) );
#3837 = PCURVE('',#2738,#3838);
#3838 = DEFINITIONAL_REPRESENTATION('',(#3839),#3842);
#3839 = B_SPLINE_CURVE_WITH_KNOTS('',1,(#3840,#3841),.UNSPECIFIED.,.F.,
  .F.,(2,2),(-5.318961146899,0.187729548851),.PIECEWISE_BEZIER_KNOTS.);
#3840 = CARTESIAN_POINT('',(8.602325267043,-13.29574085007));
#3841 = CARTESIAN_POINT('',(3.805386152494,-16.));
#3842 = ( GEOMETRIC_REPRESENTATION_CONTEXT(2) 
PARAMETRIC_REPRESENTATION_CONTEXT() REPRESENTATION_CONTEXT('2D SPACE',''
  ) );
#3843 = ORIENTED_EDGE('',*,*,#3844,.F.);
#3844 = EDGE_CURVE('',#3845,#3824,#3847,.T.);
#3845 = VERTEX_POINT('',#3846);
#3846 = CARTESIAN_POINT('',(15.128643052941,-13.82370851894,
    -3.769447417266));
#3847 = SURFACE_CURVE('',#3848,(#3852,#3858),.PCURVE_S1.);
#3848 = LINE('',#3849,#3850);
#3849 = CARTESIAN_POINT('',(11.875809161565,-14.03643145528,
    -3.40100048359));
#3850 = VECTOR('',#3851,1.);
#3851 = DIRECTION('',(0.991554874887,6.484390890278E-02,-0.112312944781)
  );
#3852 = PCURVE('',#903,#3853);
#3853 = DEFINITIONAL_REPRESENTATION('',(#3854),#3857);
#3854 = B_SPLINE_CURVE_WITH_KNOTS('',1,(#3855,#3856),.UNSPECIFIED.,.F.,
  .F.,(2,2),(2.802202759536,11.422670498256),.PIECEWISE_BEZIER_KNOTS.);
#3855 = CARTESIAN_POINT('',(4.290548650363,14.654346968206));
#3856 = CARTESIAN_POINT('',(5.40851829986,23.202013778342));
#3857 = ( GEOMETRIC_REPRESENTATION_CONTEXT(2) 
PARAMETRIC_REPRESENTATION_CONTEXT() REPRESENTATION_CONTEXT('2D SPACE',''
  ) );
#3858 = PCURVE('',#2712,#3859);
#3859 = DEFINITIONAL_REPRESENTATION('',(#3860),#3863);
#3860 = B_SPLINE_CURVE_WITH_KNOTS('',1,(#3861,#3862),.UNSPECIFIED.,.F.,
  .F.,(2,2),(2.802202759536,11.422670498256),.PIECEWISE_BEZIER_KNOTS.);
#3861 = CARTESIAN_POINT('',(8.602325267043,-13.85472567481));
#3862 = CARTESIAN_POINT('',(-2.905973956531E-15,-13.29574085007));
#3863 = ( GEOMETRIC_REPRESENTATION_CONTEXT(2) 
PARAMETRIC_REPRESENTATION_CONTEXT() REPRESENTATION_CONTEXT('2D SPACE',''
  ) );
#3864 = ORIENTED_EDGE('',*,*,#3865,.F.);
#3865 = EDGE_CURVE('',#3866,#3845,#3868,.T.);
#3866 = VERTEX_POINT('',#3867);
#3867 = CARTESIAN_POINT('',(8.12696703292,-13.32345075988,
    -4.635919272834));
#3868 = SURFACE_CURVE('',#3869,(#3873,#3879),.PCURVE_S1.);
#3869 = LINE('',#3870,#3871);
#3870 = CARTESIAN_POINT('',(9.136454792303,-13.39557693123,
    -4.510993079513));
#3871 = VECTOR('',#3872,1.);
#3872 = DIRECTION('',(0.989944028023,-7.072980521164E-02,0.122507616236)
  );
#3873 = PCURVE('',#903,#3874);
#3874 = DEFINITIONAL_REPRESENTATION('',(#3875),#3878);
#3875 = B_SPLINE_CURVE_WITH_KNOTS('',1,(#3876,#3877),.UNSPECIFIED.,.F.,
  .F.,(2,2),(-1.019742258962,9.301737914603),.PIECEWISE_BEZIER_KNOTS.);
#3876 = CARTESIAN_POINT('',(5.353098480224,8.12696703292));
#3877 = CARTESIAN_POINT('',(3.89302591588,18.344654691101));
#3878 = ( GEOMETRIC_REPRESENTATION_CONTEXT(2) 
PARAMETRIC_REPRESENTATION_CONTEXT() REPRESENTATION_CONTEXT('2D SPACE',''
  ) );
#3879 = PCURVE('',#2686,#3880);
#3880 = DEFINITIONAL_REPRESENTATION('',(#3881),#3884);
#3881 = B_SPLINE_CURVE_WITH_KNOTS('',1,(#3882,#3883),.UNSPECIFIED.,.F.,
  .F.,(2,2),(-1.019742258962,9.301737914603),.PIECEWISE_BEZIER_KNOTS.);
#3882 = CARTESIAN_POINT('',(10.295630140987,-13.32345075988));
#3883 = CARTESIAN_POINT('',(-8.599288920477E-16,-14.05348704206));
#3884 = ( GEOMETRIC_REPRESENTATION_CONTEXT(2) 
PARAMETRIC_REPRESENTATION_CONTEXT() REPRESENTATION_CONTEXT('2D SPACE',''
  ) );
#3885 = ORIENTED_EDGE('',*,*,#3886,.F.);
#3886 = EDGE_CURVE('',#3887,#3866,#3889,.T.);
#3887 = VERTEX_POINT('',#3888);
#3888 = CARTESIAN_POINT('',(6.457069743888,-14.51635716894,
    -2.569744763678));
#3889 = SURFACE_CURVE('',#3890,(#3894,#3900),.PCURVE_S1.);
#3890 = LINE('',#3891,#3892);
#3891 = CARTESIAN_POINT('',(7.098222821064,-14.05834360129,
    -3.363047533393));
#3892 = VECTOR('',#3893,1.);
#3893 = DIRECTION('',(0.573422777177,0.409629808063,-0.70949963986));
#3894 = PCURVE('',#903,#3895);
#3895 = DEFINITIONAL_REPRESENTATION('',(#3896),#3899);
#3896 = B_SPLINE_CURVE_WITH_KNOTS('',1,(#3897,#3898),.UNSPECIFIED.,.F.,
  .F.,(2,2),(-4.740027118347,1.794041417262),.PIECEWISE_BEZIER_KNOTS.);
#3897 = CARTESIAN_POINT('',(-3.75024332783E-15,4.380183306969));
#3898 = CARTESIAN_POINT('',(5.353098480224,8.12696703292));
#3899 = ( GEOMETRIC_REPRESENTATION_CONTEXT(2) 
PARAMETRIC_REPRESENTATION_CONTEXT() REPRESENTATION_CONTEXT('2D SPACE',''
  ) );
#3900 = PCURVE('',#2660,#3901);
#3901 = DEFINITIONAL_REPRESENTATION('',(#3902),#3905);
#3902 = B_SPLINE_CURVE_WITH_KNOTS('',1,(#3903,#3904),.UNSPECIFIED.,.F.,
  .F.,(2,2),(-4.740027118347,1.794041417262),.PIECEWISE_BEZIER_KNOTS.);
#3903 = CARTESIAN_POINT('',(5.960716047027,-16.));
#3904 = CARTESIAN_POINT('',(-8.841996161857E-16,-13.32345075988));
#3905 = ( GEOMETRIC_REPRESENTATION_CONTEXT(2) 
PARAMETRIC_REPRESENTATION_CONTEXT() REPRESENTATION_CONTEXT('2D SPACE',''
  ) );
#3906 = ORIENTED_EDGE('',*,*,#3907,.F.);
#3907 = EDGE_CURVE('',#3908,#3887,#3910,.T.);
#3908 = VERTEX_POINT('',#3909);
#3909 = CARTESIAN_POINT('',(5.755772502287,-11.92183975666,
    -7.063580742871));
#3910 = SURFACE_CURVE('',#3911,(#3915,#3921),.PCURVE_S1.);
#3911 = LINE('',#3912,#3913);
#3912 = CARTESIAN_POINT('',(6.431517040365,-14.42182245486,
    -2.733483691547));
#3913 = VECTOR('',#3914,1.);
#3914 = DIRECTION('',(0.133932209898,-0.495495247997,0.85822294444));
#3915 = PCURVE('',#903,#3916);
#3916 = DEFINITIONAL_REPRESENTATION('',(#3917),#3920);
#3917 = B_SPLINE_CURVE_WITH_KNOTS('',1,(#3918,#3919),.UNSPECIFIED.,.F.,
  .F.,(2,2),(-5.045422147445,3.185050818385),.PIECEWISE_BEZIER_KNOTS.);
#3918 = CARTESIAN_POINT('',(8.156320486679,5.755772502287));
#3919 = CARTESIAN_POINT('',(-2.738550753424E-15,6.85809793511));
#3920 = ( GEOMETRIC_REPRESENTATION_CONTEXT(2) 
PARAMETRIC_REPRESENTATION_CONTEXT() REPRESENTATION_CONTEXT('2D SPACE',''
  ) );
#3921 = PCURVE('',#2634,#3922);
#3922 = DEFINITIONAL_REPRESENTATION('',(#3923),#3926);
#3923 = B_SPLINE_CURVE_WITH_KNOTS('',1,(#3924,#3925),.UNSPECIFIED.,.F.,
  .F.,(2,2),(-5.045422147445,3.185050818385),.PIECEWISE_BEZIER_KNOTS.);
#3924 = CARTESIAN_POINT('',(10.,-11.92183975666));
#3925 = CARTESIAN_POINT('',(2.850923537203,-16.));
#3926 = ( GEOMETRIC_REPRESENTATION_CONTEXT(2) 
PARAMETRIC_REPRESENTATION_CONTEXT() REPRESENTATION_CONTEXT('2D SPACE',''
  ) );
#3927 = ORIENTED_EDGE('',*,*,#3928,.F.);
#3928 = EDGE_CURVE('',#3929,#3908,#3931,.T.);
#3929 = VERTEX_POINT('',#3930);
#3930 = CARTESIAN_POINT('',(-0.67737019608,-13.66406739367,
    -4.045953957217));
#3931 = SURFACE_CURVE('',#3932,(#3936,#3942),.PCURVE_S1.);
#3932 = LINE('',#3933,#3934);
#3933 = CARTESIAN_POINT('',(3.070978523752,-12.64893730266,
    -5.804210851131));
#3934 = VECTOR('',#3935,1.);
#3935 = DIRECTION('',(0.87930133613,0.238132925212,-0.412458325422));
#3936 = PCURVE('',#903,#3937);
#3937 = DEFINITIONAL_REPRESENTATION('',(#3938),#3941);
#3938 = B_SPLINE_CURVE_WITH_KNOTS('',1,(#3939,#3940),.UNSPECIFIED.,.F.,
  .F.,(2,2),(-7.242868649482,3.053326394739),.PIECEWISE_BEZIER_KNOTS.);
#3939 = CARTESIAN_POINT('',(3.252594397816,-3.297685557154));
#3940 = CARTESIAN_POINT('',(8.156320486679,5.755772502287));
#3941 = ( GEOMETRIC_REPRESENTATION_CONTEXT(2) 
PARAMETRIC_REPRESENTATION_CONTEXT() REPRESENTATION_CONTEXT('2D SPACE',''
  ) );
#3942 = PCURVE('',#2608,#3943);
#3943 = DEFINITIONAL_REPRESENTATION('',(#3944),#3947);
#3944 = B_SPLINE_CURVE_WITH_KNOTS('',1,(#3945,#3946),.UNSPECIFIED.,.F.,
  .F.,(2,2),(-7.242868649482,3.053326394739),.PIECEWISE_BEZIER_KNOTS.);
#3945 = CARTESIAN_POINT('',(10.,-14.37370280109));
#3946 = CARTESIAN_POINT('',(5.079590628863E-16,-11.92183975666));
#3947 = ( GEOMETRIC_REPRESENTATION_CONTEXT(2) 
PARAMETRIC_REPRESENTATION_CONTEXT() REPRESENTATION_CONTEXT('2D SPACE',''
  ) );
#3948 = ORIENTED_EDGE('',*,*,#3949,.F.);
#3949 = EDGE_CURVE('',#3950,#3929,#3952,.T.);
#3950 = VERTEX_POINT('',#3951);
#3951 = CARTESIAN_POINT('',(-0.637688898167,-13.40220480361,
    -4.499513267806));
#3952 = SURFACE_CURVE('',#3953,(#3957,#3963),.PCURVE_S1.);
#3953 = LINE('',#3954,#3955);
#3954 = CARTESIAN_POINT('',(-0.903324921513,-15.15517511318,
    -1.463279627471));
#3955 = VECTOR('',#3956,1.);
#3956 = DIRECTION('',(-7.555085810113E-02,-0.498570974847,0.863550259614
    ));
#3957 = PCURVE('',#903,#3958);
#3958 = DEFINITIONAL_REPRESENTATION('',(#3959),#3962);
#3959 = B_SPLINE_CURVE_WITH_KNOTS('',1,(#3960,#3961),.UNSPECIFIED.,.F.,
  .F.,(2,2),(-3.515989493988,1.694492719074),.PIECEWISE_BEZIER_KNOTS.);
#3960 = CARTESIAN_POINT('',(5.19559039278,-0.637688898167));
#3961 = CARTESIAN_POINT('',(-2.666669093212E-15,-1.031345300485));
#3962 = ( GEOMETRIC_REPRESENTATION_CONTEXT(2) 
PARAMETRIC_REPRESENTATION_CONTEXT() REPRESENTATION_CONTEXT('2D SPACE',''
  ) );
#3963 = PCURVE('',#2582,#3964);
#3964 = DEFINITIONAL_REPRESENTATION('',(#3965),#3968);
#3965 = B_SPLINE_CURVE_WITH_KNOTS('',1,(#3966,#3967),.UNSPECIFIED.,.F.,
  .F.,(2,2),(-3.515989493988,1.694492719074),.PIECEWISE_BEZIER_KNOTS.);
#3966 = CARTESIAN_POINT('',(9.899494936612,-13.40220480361));
#3967 = CARTESIAN_POINT('',(5.382794259099,-16.));
#3968 = ( GEOMETRIC_REPRESENTATION_CONTEXT(2) 
PARAMETRIC_REPRESENTATION_CONTEXT() REPRESENTATION_CONTEXT('2D SPACE',''
  ) );
#3969 = ORIENTED_EDGE('',*,*,#3970,.F.);
#3970 = EDGE_CURVE('',#3971,#3950,#3973,.T.);
#3971 = VERTEX_POINT('',#3972);
#3972 = CARTESIAN_POINT('',(-10.4995132678,-12.90406824187,
    -5.362311101833));
#3973 = SURFACE_CURVE('',#3974,(#3978,#3984),.PCURVE_S1.);
#3974 = LINE('',#3975,#3976);
#3975 = CARTESIAN_POINT('',(-0.397343168264,-13.4143450518,
    -4.478485741112));
#3976 = VECTOR('',#3977,1.);
#3977 = DIRECTION('',(0.994935885121,-5.02558068752E-02,
    8.704561088321E-02));
#3978 = PCURVE('',#903,#3979);
#3979 = DEFINITIONAL_REPRESENTATION('',(#3980),#3983);
#3980 = B_SPLINE_CURVE_WITH_KNOTS('',1,(#3981,#3982),.UNSPECIFIED.,.F.,
  .F.,(2,2),(-10.15358904088,-0.241569063391),.PIECEWISE_BEZIER_KNOTS.);
#3981 = CARTESIAN_POINT('',(6.191863516243,-10.4995132678));
#3982 = CARTESIAN_POINT('',(5.19559039278,-0.637688898167));
#3983 = ( GEOMETRIC_REPRESENTATION_CONTEXT(2) 
PARAMETRIC_REPRESENTATION_CONTEXT() REPRESENTATION_CONTEXT('2D SPACE',''
  ) );
#3984 = PCURVE('',#2556,#3985);
#3985 = DEFINITIONAL_REPRESENTATION('',(#3986),#3989);
#3986 = B_SPLINE_CURVE_WITH_KNOTS('',1,(#3987,#3988),.UNSPECIFIED.,.F.,
  .F.,(2,2),(-10.15358904088,-0.241569063391),.PIECEWISE_BEZIER_KNOTS.);
#3987 = CARTESIAN_POINT('',(9.899494936612,-12.90406824187));
#3988 = CARTESIAN_POINT('',(3.170369218402E-17,-13.40220480361));
#3989 = ( GEOMETRIC_REPRESENTATION_CONTEXT(2) 
PARAMETRIC_REPRESENTATION_CONTEXT() REPRESENTATION_CONTEXT('2D SPACE',''
  ) );
#3990 = ORIENTED_EDGE('',*,*,#3991,.F.);
#3991 = EDGE_CURVE('',#3992,#3971,#3994,.T.);
#3992 = VERTEX_POINT('',#3993);
#3993 = CARTESIAN_POINT('',(-10.66439145632,-13.99212311309,
    -3.477744783469));
#3994 = SURFACE_CURVE('',#3995,(#3999,#4005),.PCURVE_S1.);
#3995 = LINE('',#3996,#3997);
#3996 = CARTESIAN_POINT('',(-10.45974804594,-12.64165182561,
    -5.816829667541));
#3997 = VECTOR('',#3998,1.);
#3998 = DIRECTION('',(7.555085810113E-02,0.498570974847,-0.863550259614)
  );
#3999 = PCURVE('',#903,#4000);
#4000 = DEFINITIONAL_REPRESENTATION('',(#4001),#4004);
#4001 = B_SPLINE_CURVE_WITH_KNOTS('',1,(#4002,#4003),.UNSPECIFIED.,.F.,
  .F.,(2,2),(-6.735948027088,-0.526337130523),.PIECEWISE_BEZIER_KNOTS.);
#4002 = CARTESIAN_POINT('',(-3.840495499969E-15,-10.96865469951));
#4003 = CARTESIAN_POINT('',(6.191863516243,-10.4995132678));
#4004 = ( GEOMETRIC_REPRESENTATION_CONTEXT(2) 
PARAMETRIC_REPRESENTATION_CONTEXT() REPRESENTATION_CONTEXT('2D SPACE',''
  ) );
#4005 = PCURVE('',#2530,#4006);
#4006 = DEFINITIONAL_REPRESENTATION('',(#4007),#4010);
#4007 = B_SPLINE_CURVE_WITH_KNOTS('',1,(#4008,#4009),.UNSPECIFIED.,.F.,
  .F.,(2,2),(-6.735948027088,-0.526337130523),.PIECEWISE_BEZIER_KNOTS.);
#4008 = CARTESIAN_POINT('',(5.382794259099,-16.));
#4009 = CARTESIAN_POINT('',(1.80926665916E-16,-12.90406824187));
#4010 = ( GEOMETRIC_REPRESENTATION_CONTEXT(2) 
PARAMETRIC_REPRESENTATION_CONTEXT() REPRESENTATION_CONTEXT('2D SPACE',''
  ) );
#4011 = ORIENTED_EDGE('',*,*,#4012,.F.);
#4012 = EDGE_CURVE('',#4013,#3992,#4015,.T.);
#4013 = VERTEX_POINT('',#4014);
#4014 = CARTESIAN_POINT('',(-12.75252985509,-12.61159731645,
    -5.868885604403));
#4015 = SURFACE_CURVE('',#4016,(#4020,#4026),.PCURVE_S1.);
#4016 = LINE('',#4017,#4018);
#4017 = CARTESIAN_POINT('',(-7.553393918377,-16.04888925318,
    8.467867045713E-02));
#4018 = VECTOR('',#4019,1.);
#4019 = DIRECTION('',(0.603202746706,-0.398793946283,0.690731376713));
#4020 = PCURVE('',#903,#4021);
#4021 = DEFINITIONAL_REPRESENTATION('',(#4022),#4025);
#4022 = B_SPLINE_CURVE_WITH_KNOTS('',1,(#4023,#4024),.UNSPECIFIED.,.F.,
  .F.,(2,2),(-8.619217941417,-0.122592766612),.PIECEWISE_BEZIER_KNOTS.);
#4023 = CARTESIAN_POINT('',(6.77680536709,-12.75252985509));
#4024 = CARTESIAN_POINT('',(-2.436871611494E-15,-7.627342211924));
#4025 = ( GEOMETRIC_REPRESENTATION_CONTEXT(2) 
PARAMETRIC_REPRESENTATION_CONTEXT() REPRESENTATION_CONTEXT('2D SPACE',''
  ) );
#4026 = PCURVE('',#2504,#4027);
#4027 = DEFINITIONAL_REPRESENTATION('',(#4028),#4031);
#4028 = B_SPLINE_CURVE_WITH_KNOTS('',1,(#4029,#4030),.UNSPECIFIED.,.F.,
  .F.,(2,2),(-8.619217941417,-0.122592766612),.PIECEWISE_BEZIER_KNOTS.);
#4029 = CARTESIAN_POINT('',(10.,-12.61159731645));
#4030 = CARTESIAN_POINT('',(2.20825009287,-16.));
#4031 = ( GEOMETRIC_REPRESENTATION_CONTEXT(2) 
PARAMETRIC_REPRESENTATION_CONTEXT() REPRESENTATION_CONTEXT('2D SPACE',''
  ) );
#4032 = ORIENTED_EDGE('',*,*,#4033,.F.);
#4033 = EDGE_CURVE('',#4034,#4013,#4036,.T.);
#4034 = VERTEX_POINT('',#4035);
#4035 = CARTESIAN_POINT('',(-18.57202717191,-14.16906049585,
    -3.171280246768));
#4036 = SURFACE_CURVE('',#4037,(#4041,#4047),.PCURVE_S1.);
#4037 = LINE('',#4038,#4039);
#4038 = CARTESIAN_POINT('',(-7.894224272552,-11.31137641297,
    -8.120934270291));
#4039 = VECTOR('',#4040,1.);
#4040 = DIRECTION('',(0.881647753209,0.235954041744,-0.408684388552));
#4041 = PCURVE('',#903,#4042);
#4042 = DEFINITIONAL_REPRESENTATION('',(#4043),#4046);
#4043 = B_SPLINE_CURVE_WITH_KNOTS('',1,(#4044,#4045),.UNSPECIFIED.,.F.,
  .F.,(2,2),(-15.80104580611,-5.510483710594),.PIECEWISE_BEZIER_KNOTS.);
#4044 = CARTESIAN_POINT('',(1.920605930581,-21.82518080587));
#4045 = CARTESIAN_POINT('',(6.77680536709,-12.75252985509));
#4046 = ( GEOMETRIC_REPRESENTATION_CONTEXT(2) 
PARAMETRIC_REPRESENTATION_CONTEXT() REPRESENTATION_CONTEXT('2D SPACE',''
  ) );
#4047 = PCURVE('',#2478,#4048);
#4048 = DEFINITIONAL_REPRESENTATION('',(#4049),#4052);
#4049 = B_SPLINE_CURVE_WITH_KNOTS('',1,(#4050,#4051),.UNSPECIFIED.,.F.,
  .F.,(2,2),(-15.80104580611,-5.510483710594),.PIECEWISE_BEZIER_KNOTS.);
#4050 = CARTESIAN_POINT('',(10.,-15.03969703471));
#4051 = CARTESIAN_POINT('',(6.054184612235E-16,-12.61159731645));
#4052 = ( GEOMETRIC_REPRESENTATION_CONTEXT(2) 
PARAMETRIC_REPRESENTATION_CONTEXT() REPRESENTATION_CONTEXT('2D SPACE',''
  ) );
#4053 = ORIENTED_EDGE('',*,*,#4054,.F.);
#4054 = EDGE_CURVE('',#4055,#4034,#4057,.T.);
#4055 = VERTEX_POINT('',#4056);
#4056 = CARTESIAN_POINT('',(-18.78606195156,-13.78862017277,
    -3.830222215595));
#4057 = SURFACE_CURVE('',#4058,(#4062,#4068),.PCURVE_S1.);
#4058 = LINE('',#4059,#4060);
#4059 = CARTESIAN_POINT('',(-17.29981419143,-16.43038044635,
    0.745440799676));
#4060 = VECTOR('',#4061,1.);
#4061 = DIRECTION('',(0.270789071106,-0.481319353177,0.833669574368));
#4062 = PCURVE('',#903,#4063);
#4063 = DEFINITIONAL_REPRESENTATION('',(#4064),#4067);
#4064 = B_SPLINE_CURVE_WITH_KNOTS('',1,(#4065,#4066),.UNSPECIFIED.,.F.,
  .F.,(2,2),(-5.488581034924,-0.894168172373),.PIECEWISE_BEZIER_KNOTS.);
#4065 = CARTESIAN_POINT('',(4.42275965446,-18.78606195156));
#4066 = CARTESIAN_POINT('',(-2.430095381912E-15,-17.54194516024));
#4067 = ( GEOMETRIC_REPRESENTATION_CONTEXT(2) 
PARAMETRIC_REPRESENTATION_CONTEXT() REPRESENTATION_CONTEXT('2D SPACE',''
  ) );
#4068 = PCURVE('',#2452,#4069);
#4069 = DEFINITIONAL_REPRESENTATION('',(#4070),#4073);
#4070 = B_SPLINE_CURVE_WITH_KNOTS('',1,(#4071,#4072),.UNSPECIFIED.,.F.,
  .F.,(2,2),(-5.488581034924,-0.894168172373),.PIECEWISE_BEZIER_KNOTS.);
#4071 = CARTESIAN_POINT('',(9.433981132057,-13.78862017277));
#4072 = CARTESIAN_POINT('',(5.406770085774,-16.));
#4073 = ( GEOMETRIC_REPRESENTATION_CONTEXT(2) 
PARAMETRIC_REPRESENTATION_CONTEXT() REPRESENTATION_CONTEXT('2D SPACE',''
  ) );
#4074 = ORIENTED_EDGE('',*,*,#4075,.F.);
#4075 = EDGE_CURVE('',#4076,#4055,#4078,.T.);
#4076 = VERTEX_POINT('',#4077);
#4077 = CARTESIAN_POINT('',(-28.12835554495,-13.03109120412,
    -5.142300877492));
#4078 = SURFACE_CURVE('',#4079,(#4083,#4089),.PCURVE_S1.);
#4079 = LINE('',#4080,#4081);
#4080 = CARTESIAN_POINT('',(-9.829007259836,-14.51491167013,
    -2.572248441062));
#4081 = VECTOR('',#4082,1.);
#4082 = DIRECTION('',(0.987103951637,-8.004028464251E-02,0.138633839653)
  );
#4083 = PCURVE('',#903,#4084);
#4084 = DEFINITIONAL_REPRESENTATION('',(#4085),#4088);
#4085 = B_SPLINE_CURVE_WITH_KNOTS('',1,(#4086,#4087),.UNSPECIFIED.,.F.,
  .F.,(2,2),(-18.53842065444,-9.074074393965),.PIECEWISE_BEZIER_KNOTS.);
#4086 = CARTESIAN_POINT('',(5.937817591748,-28.12835554495));
#4087 = CARTESIAN_POINT('',(4.42275965446,-18.78606195156));
#4088 = ( GEOMETRIC_REPRESENTATION_CONTEXT(2) 
PARAMETRIC_REPRESENTATION_CONTEXT() REPRESENTATION_CONTEXT('2D SPACE',''
  ) );
#4089 = PCURVE('',#2426,#4090);
#4090 = DEFINITIONAL_REPRESENTATION('',(#4091),#4094);
#4091 = B_SPLINE_CURVE_WITH_KNOTS('',1,(#4092,#4093),.UNSPECIFIED.,.F.,
  .F.,(2,2),(-18.53842065444,-9.074074393965),.PIECEWISE_BEZIER_KNOTS.);
#4092 = CARTESIAN_POINT('',(9.433981132057,-13.03109120412));
#4093 = CARTESIAN_POINT('',(7.408914740231E-16,-13.78862017277));
#4094 = ( GEOMETRIC_REPRESENTATION_CONTEXT(2) 
PARAMETRIC_REPRESENTATION_CONTEXT() REPRESENTATION_CONTEXT('2D SPACE',''
  ) );
#4095 = ORIENTED_EDGE('',*,*,#4096,.F.);
#4096 = EDGE_CURVE('',#4097,#4076,#4099,.T.);
#4097 = VERTEX_POINT('',#4098);
#4098 = CARTESIAN_POINT('',(-27.81140037963,-13.59446938823,
    -4.166501238747));
#4099 = SURFACE_CURVE('',#4100,(#4104,#4110),.PCURVE_S1.);
#4100 = LINE('',#4101,#4102);
#4101 = CARTESIAN_POINT('',(-27.17237427473,-14.7303188899,
    -2.199152192088));
#4102 = VECTOR('',#4103,1.);
#4103 = DIRECTION('',(-0.270789071106,0.481319353177,-0.833669574368));
#4104 = PCURVE('',#903,#4105);
#4105 = DEFINITIONAL_REPRESENTATION('',(#4106),#4109);
#4106 = B_SPLINE_CURVE_WITH_KNOTS('',1,(#4107,#4108),.UNSPECIFIED.,.F.,
  .F.,(2,2),(-2.637918258867,3.530353962642),.PIECEWISE_BEZIER_KNOTS.);
#4107 = CARTESIAN_POINT('',(-8.460260488127E-16,-26.45805483976));
#4108 = CARTESIAN_POINT('',(5.937817591748,-28.12835554495));
#4109 = ( GEOMETRIC_REPRESENTATION_CONTEXT(2) 
PARAMETRIC_REPRESENTATION_CONTEXT() REPRESENTATION_CONTEXT('2D SPACE',''
  ) );
#4110 = PCURVE('',#2400,#4111);
#4111 = DEFINITIONAL_REPRESENTATION('',(#4112),#4115);
#4112 = B_SPLINE_CURVE_WITH_KNOTS('',1,(#4113,#4114),.UNSPECIFIED.,.F.,
  .F.,(2,2),(-2.637918258867,3.530353962642),.PIECEWISE_BEZIER_KNOTS.);
#4113 = CARTESIAN_POINT('',(5.406770085774,-16.));
#4114 = CARTESIAN_POINT('',(-4.945933354114E-16,-13.03109120412));
#4115 = ( GEOMETRIC_REPRESENTATION_CONTEXT(2) 
PARAMETRIC_REPRESENTATION_CONTEXT() REPRESENTATION_CONTEXT('2D SPACE',''
  ) );
#4116 = ORIENTED_EDGE('',*,*,#4117,.F.);
#4117 = EDGE_CURVE('',#4118,#4097,#4120,.T.);
#4118 = VERTEX_POINT('',#4119);
#4119 = CARTESIAN_POINT('',(-37.3723683986,-13.01960941064,
    -5.162187927159));
#4120 = SURFACE_CURVE('',#4121,(#4125,#4131),.PCURVE_S1.);
#4121 = LINE('',#4122,#4123);
#4122 = CARTESIAN_POINT('',(-13.88320283871,-14.43191213568,
    -2.71600785172));
#4123 = VECTOR('',#4124,1.);
#4124 = DIRECTION('',(0.992847278932,-5.969564623362E-02,0.103395892267)
  );
#4125 = PCURVE('',#903,#4126);
#4126 = DEFINITIONAL_REPRESENTATION('',(#4127),#4130);
#4127 = B_SPLINE_CURVE_WITH_KNOTS('',1,(#4128,#4129),.UNSPECIFIED.,.F.,
  .F.,(2,2),(-23.65838740591,-13.34436348939),.PIECEWISE_BEZIER_KNOTS.);
#4128 = CARTESIAN_POINT('',(5.960781178706,-37.3723683986));
#4129 = CARTESIAN_POINT('',(4.729376532775,-27.13211781824));
#4130 = ( GEOMETRIC_REPRESENTATION_CONTEXT(2) 
PARAMETRIC_REPRESENTATION_CONTEXT() REPRESENTATION_CONTEXT('2D SPACE',''
  ) );
#4131 = PCURVE('',#2374,#4132);
#4132 = DEFINITIONAL_REPRESENTATION('',(#4133),#4136);
#4133 = B_SPLINE_CURVE_WITH_KNOTS('',1,(#4134,#4135),.UNSPECIFIED.,.F.,
  .F.,(2,2),(-23.65838740591,-13.34436348939),.PIECEWISE_BEZIER_KNOTS.);
#4134 = CARTESIAN_POINT('',(10.295630140987,-13.01960941064));
#4135 = CARTESIAN_POINT('',(1.877946797346E-15,-13.63531173361));
#4136 = ( GEOMETRIC_REPRESENTATION_CONTEXT(2) 
PARAMETRIC_REPRESENTATION_CONTEXT() REPRESENTATION_CONTEXT('2D SPACE',''
  ) );
#4137 = ORIENTED_EDGE('',*,*,#4138,.F.);
#4138 = EDGE_CURVE('',#4139,#4118,#4141,.T.);
#4139 = VERTEX_POINT('',#4140);
#4140 = CARTESIAN_POINT('',(-37.22828437937,-13.19058128347,
    -4.866055956761));
#4141 = SURFACE_CURVE('',#4142,(#4146,#4152),.PCURVE_S1.);
#4142 = LINE('',#4143,#4144);
#4143 = CARTESIAN_POINT('',(-34.65310192562,-16.24632451823,
    0.426646580737));
#4144 = VECTOR('',#4145,1.);
#4145 = DIRECTION('',(-0.388303539431,0.46076576513,-0.798069715594));
#4146 = PCURVE('',#903,#4147);
#4147 = DEFINITIONAL_REPRESENTATION('',(#4148),#4151);
#4148 = B_SPLINE_CURVE_WITH_KNOTS('',1,(#4149,#4150),.UNSPECIFIED.,.F.,
  .F.,(2,2),(0.534598133972,7.002940217741),.PIECEWISE_BEZIER_KNOTS.);
#4149 = CARTESIAN_POINT('',(-1.746641676699E-15,-34.86068827322));
#4150 = CARTESIAN_POINT('',(5.960781178706,-37.3723683986));
#4151 = ( GEOMETRIC_REPRESENTATION_CONTEXT(2) 
PARAMETRIC_REPRESENTATION_CONTEXT() REPRESENTATION_CONTEXT('2D SPACE',''
  ) );
#4152 = PCURVE('',#2348,#4153);
#4153 = DEFINITIONAL_REPRESENTATION('',(#4154),#4157);
#4154 = B_SPLINE_CURVE_WITH_KNOTS('',1,(#4155,#4156),.UNSPECIFIED.,.F.,
  .F.,(2,2),(0.534598133972,7.002940217741),.PIECEWISE_BEZIER_KNOTS.);
#4155 = CARTESIAN_POINT('',(5.740794478776,-16.));
#4156 = CARTESIAN_POINT('',(-6.520848209303E-16,-13.01960941064));
#4157 = ( GEOMETRIC_REPRESENTATION_CONTEXT(2) 
PARAMETRIC_REPRESENTATION_CONTEXT() REPRESENTATION_CONTEXT('2D SPACE',''
  ) );
#4158 = ORIENTED_EDGE('',*,*,#4159,.F.);
#4159 = EDGE_CURVE('',#861,#4139,#4160,.T.);
#4160 = SURFACE_CURVE('',#4161,(#4165,#4171),.PCURVE_S1.);
#4161 = LINE('',#4162,#4163);
#4162 = CARTESIAN_POINT('',(-22.75911241006,-18.2894914884,
    3.965515581407));
#4163 = VECTOR('',#4164,1.);
#4164 = DIRECTION('',(0.817385842423,-0.288045302256,0.498909098389));
#4165 = PCURVE('',#903,#4166);
#4166 = DEFINITIONAL_REPRESENTATION('',(#4167),#4170);
#4167 = B_SPLINE_CURVE_WITH_KNOTS('',1,(#4168,#4169),.UNSPECIFIED.,.F.,
  .F.,(2,2),(-21.29227795158,-11.66468514294),.PIECEWISE_BEZIER_KNOTS.);
#4168 = CARTESIAN_POINT('',(7.687298299766,-40.16311896062));
#4169 = CARTESIAN_POINT('',(2.140932538639,-32.29366090222));
#4170 = ( GEOMETRIC_REPRESENTATION_CONTEXT(2) 
PARAMETRIC_REPRESENTATION_CONTEXT() REPRESENTATION_CONTEXT('2D SPACE',''
  ) );
#4171 = PCURVE('',#876,#4172);
#4172 = DEFINITIONAL_REPRESENTATION('',(#4173),#4176);
#4173 = B_SPLINE_CURVE_WITH_KNOTS('',1,(#4174,#4175),.UNSPECIFIED.,.F.,
  .F.,(2,2),(-21.29227795158,-11.66468514294),.PIECEWISE_BEZIER_KNOTS.);
#4174 = CARTESIAN_POINT('',(9.219544457293,-12.15635085011));
#4175 = CARTESIAN_POINT('',(1.645608618035E-16,-14.92953373068));
#4176 = ( GEOMETRIC_REPRESENTATION_CONTEXT(2) 
PARAMETRIC_REPRESENTATION_CONTEXT() REPRESENTATION_CONTEXT('2D SPACE',''
  ) );
#4177 = ORIENTED_EDGE('',*,*,#888,.F.);
#4178 = ADVANCED_FACE('',(#4179),#876,.F.);
#4179 = FACE_BOUND('',#4180,.F.);
#4180 = EDGE_LOOP('',(#4181,#4200,#4201,#4202));
#4181 = ORIENTED_EDGE('',*,*,#4182,.F.);
#4182 = EDGE_CURVE('',#4139,#2313,#4183,.T.);
#4183 = SURFACE_CURVE('',#4184,(#4188,#4194),.PCURVE_S1.);
#4184 = LINE('',#4185,#4186);
#4185 = CARTESIAN_POINT('',(-37.22828437937,0.,-4.866055956761));
#4186 = VECTOR('',#4187,1.);
#4187 = DIRECTION('',(0.,1.,0.));
#4188 = PCURVE('',#876,#4189);
#4189 = DEFINITIONAL_REPRESENTATION('',(#4190),#4193);
#4190 = B_SPLINE_CURVE_WITH_KNOTS('',1,(#4191,#4192),.UNSPECIFIED.,.F.,
  .F.,(2,2),(-14.92953373068,14.929533730681),.PIECEWISE_BEZIER_KNOTS.);
#4191 = CARTESIAN_POINT('',(5.781208844365,-14.92953373068));
#4192 = CARTESIAN_POINT('',(5.781208844365,14.929533730681));
#4193 = ( GEOMETRIC_REPRESENTATION_CONTEXT(2) 
PARAMETRIC_REPRESENTATION_CONTEXT() REPRESENTATION_CONTEXT('2D SPACE',''
  ) );
#4194 = PCURVE('',#2348,#4195);
#4195 = DEFINITIONAL_REPRESENTATION('',(#4196),#4199);
#4196 = B_SPLINE_CURVE_WITH_KNOTS('',1,(#4197,#4198),.UNSPECIFIED.,.F.,
  .F.,(2,2),(-14.92953373068,14.929533730681),.PIECEWISE_BEZIER_KNOTS.);
#4197 = CARTESIAN_POINT('',(0.329324078209,-14.92953373068));
#4198 = CARTESIAN_POINT('',(0.329324078209,14.929533730681));
#4199 = ( GEOMETRIC_REPRESENTATION_CONTEXT(2) 
PARAMETRIC_REPRESENTATION_CONTEXT() REPRESENTATION_CONTEXT('2D SPACE',''
  ) );
#4200 = ORIENTED_EDGE('',*,*,#4159,.F.);
#4201 = ORIENTED_EDGE('',*,*,#860,.F.);
#4202 = ORIENTED_EDGE('',*,*,#2312,.F.);
#4203 = ADVANCED_FACE('',(#4204),#1104,.F.);
#4204 = FACE_BOUND('',#4205,.F.);
#4205 = EDGE_LOOP('',(#4206,#4207,#4208,#4209));
#4206 = ORIENTED_EDGE('',*,*,#3589,.F.);
#4207 = ORIENTED_EDGE('',*,*,#1089,.T.);
#4208 = ORIENTED_EDGE('',*,*,#3472,.T.);
#4209 = ORIENTED_EDGE('',*,*,#3146,.F.);
#4210 = ADVANCED_FACE('',(#4211),#2161,.F.);
#4211 = FACE_BOUND('',#4212,.F.);
#4212 = EDGE_LOOP('',(#4213,#4214,#4215,#4234));
#4213 = ORIENTED_EDGE('',*,*,#2145,.T.);
#4214 = ORIENTED_EDGE('',*,*,#3760,.F.);
#4215 = ORIENTED_EDGE('',*,*,#4216,.T.);
#4216 = EDGE_CURVE('',#3761,#2776,#4217,.T.);
#4217 = SURFACE_CURVE('',#4218,(#4222,#4228),.PCURVE_S1.);
#4218 = LINE('',#4219,#4220);
#4219 = CARTESIAN_POINT('',(30.55540484763,0.,-3.288063419057));
#4220 = VECTOR('',#4221,1.);
#4221 = DIRECTION('',(0.,1.,0.));
#4222 = PCURVE('',#2161,#4223);
#4223 = DEFINITIONAL_REPRESENTATION('',(#4224),#4227);
#4224 = B_SPLINE_CURVE_WITH_KNOTS('',1,(#4225,#4226),.UNSPECIFIED.,.F.,
  .F.,(2,2),(-14.88261062762,14.882610627621),.PIECEWISE_BEZIER_KNOTS.);
#4225 = CARTESIAN_POINT('',(6.701755348978,-14.88261062762));
#4226 = CARTESIAN_POINT('',(6.701755348978,14.882610627621));
#4227 = ( GEOMETRIC_REPRESENTATION_CONTEXT(2) 
PARAMETRIC_REPRESENTATION_CONTEXT() REPRESENTATION_CONTEXT('2D SPACE',''
  ) );
#4228 = PCURVE('',#2790,#4229);
#4229 = DEFINITIONAL_REPRESENTATION('',(#4230),#4233);
#4230 = B_SPLINE_CURVE_WITH_KNOTS('',1,(#4231,#4232),.UNSPECIFIED.,.F.,
  .F.,(2,2),(-14.88261062762,14.882610627621),.PIECEWISE_BEZIER_KNOTS.);
#4231 = CARTESIAN_POINT('',(3.480569512122,-14.88261062762));
#4232 = CARTESIAN_POINT('',(3.480569512122,14.882610627621));
#4233 = ( GEOMETRIC_REPRESENTATION_CONTEXT(2) 
PARAMETRIC_REPRESENTATION_CONTEXT() REPRESENTATION_CONTEXT('2D SPACE',''
  ) );
#4234 = ORIENTED_EDGE('',*,*,#2801,.F.);
#4235 = ADVANCED_FACE('',(#4236),#2214,.T.);
#4236 = FACE_BOUND('',#4237,.T.);
#4237 = EDGE_LOOP('',(#4238,#4239,#4240,#4241));
#4238 = ORIENTED_EDGE('',*,*,#2196,.T.);
#4239 = ORIENTED_EDGE('',*,*,#2862,.T.);
#4240 = ORIENTED_EDGE('',*,*,#3736,.T.);
#4241 = ORIENTED_EDGE('',*,*,#4242,.T.);
#4242 = EDGE_CURVE('',#3714,#2197,#4243,.T.);
#4243 = SURFACE_CURVE('',#4244,(#4248,#4255),.PCURVE_S1.);
#4244 = LINE('',#4245,#4246);
#4245 = CARTESIAN_POINT('',(60.,-8.,-13.85640646055));
#4246 = VECTOR('',#4247,1.);
#4247 = DIRECTION('',(0.,1.,-2.22044604925E-16));
#4248 = PCURVE('',#2214,#4249);
#4249 = DEFINITIONAL_REPRESENTATION('',(#4250),#4254);
#4250 = LINE('',#4251,#4252);
#4251 = CARTESIAN_POINT('',(-8.,-13.85640646055));
#4252 = VECTOR('',#4253,1.);
#4253 = DIRECTION('',(1.,-2.22044604925E-16));
#4254 = ( GEOMETRIC_REPRESENTATION_CONTEXT(2) 
PARAMETRIC_REPRESENTATION_CONTEXT() REPRESENTATION_CONTEXT('2D SPACE',''
  ) );
#4255 = PCURVE('',#2242,#4256);
#4256 = DEFINITIONAL_REPRESENTATION('',(#4257),#4261);
#4257 = LINE('',#4258,#4259);
#4258 = CARTESIAN_POINT('',(0.,60.));
#4259 = VECTOR('',#4260,1.);
#4260 = DIRECTION('',(1.,0.));
#4261 = ( GEOMETRIC_REPRESENTATION_CONTEXT(2) 
PARAMETRIC_REPRESENTATION_CONTEXT() REPRESENTATION_CONTEXT('2D SPACE',''
  ) );
#4262 = ADVANCED_FACE('',(#4263),#2790,.F.);
#4263 = FACE_BOUND('',#4264,.F.);
#4264 = EDGE_LOOP('',(#4265,#4266,#4267,#4288));
#4265 = ORIENTED_EDGE('',*,*,#4216,.F.);
#4266 = ORIENTED_EDGE('',*,*,#3781,.F.);
#4267 = ORIENTED_EDGE('',*,*,#4268,.F.);
#4268 = EDGE_CURVE('',#2750,#3782,#4269,.T.);
#4269 = SURFACE_CURVE('',#4270,(#4274,#4281),.PCURVE_S1.);
#4270 = LINE('',#4271,#4272);
#4271 = CARTESIAN_POINT('',(24.548468626402,21.,-5.821774357656));
#4272 = VECTOR('',#4273,1.);
#4273 = DIRECTION('',(0.,-1.,0.));
#4274 = PCURVE('',#2790,#4275);
#4275 = DEFINITIONAL_REPRESENTATION('',(#4276),#4280);
#4276 = LINE('',#4277,#4278);
#4277 = CARTESIAN_POINT('',(10.,21.));
#4278 = VECTOR('',#4279,1.);
#4279 = DIRECTION('',(0.,-1.));
#4280 = ( GEOMETRIC_REPRESENTATION_CONTEXT(2) 
PARAMETRIC_REPRESENTATION_CONTEXT() REPRESENTATION_CONTEXT('2D SPACE',''
  ) );
#4281 = PCURVE('',#2764,#4282);
#4282 = DEFINITIONAL_REPRESENTATION('',(#4283),#4287);
#4283 = LINE('',#4284,#4285);
#4284 = CARTESIAN_POINT('',(0.,21.));
#4285 = VECTOR('',#4286,1.);
#4286 = DIRECTION('',(0.,-1.));
#4287 = ( GEOMETRIC_REPRESENTATION_CONTEXT(2) 
PARAMETRIC_REPRESENTATION_CONTEXT() REPRESENTATION_CONTEXT('2D SPACE',''
  ) );
#4288 = ORIENTED_EDGE('',*,*,#2775,.F.);
#4289 = ADVANCED_FACE('',(#4290),#2764,.F.);
#4290 = FACE_BOUND('',#4291,.F.);
#4291 = EDGE_LOOP('',(#4292,#4293,#4294,#4313));
#4292 = ORIENTED_EDGE('',*,*,#4268,.T.);
#4293 = ORIENTED_EDGE('',*,*,#3802,.F.);
#4294 = ORIENTED_EDGE('',*,*,#4295,.T.);
#4295 = EDGE_CURVE('',#3803,#2724,#4296,.T.);
#4296 = SURFACE_CURVE('',#4297,(#4301,#4307),.PCURVE_S1.);
#4297 = LINE('',#4298,#4299);
#4298 = CARTESIAN_POINT('',(23.045085274989,0.,-3.973846074381));
#4299 = VECTOR('',#4300,1.);
#4300 = DIRECTION('',(-0.,1.,0.));
#4301 = PCURVE('',#2764,#4302);
#4302 = DEFINITIONAL_REPRESENTATION('',(#4303),#4306);
#4303 = B_SPLINE_CURVE_WITH_KNOTS('',1,(#4304,#4305),.UNSPECIFIED.,.F.,
  .F.,(2,2),(-16.,16.),.PIECEWISE_BEZIER_KNOTS.);
#4304 = CARTESIAN_POINT('',(2.382225942565,-16.));
#4305 = CARTESIAN_POINT('',(2.382225942565,16.));
#4306 = ( GEOMETRIC_REPRESENTATION_CONTEXT(2) 
PARAMETRIC_REPRESENTATION_CONTEXT() REPRESENTATION_CONTEXT('2D SPACE',''
  ) );
#4307 = PCURVE('',#2738,#4308);
#4308 = DEFINITIONAL_REPRESENTATION('',(#4309),#4312);
#4309 = B_SPLINE_CURVE_WITH_KNOTS('',1,(#4310,#4311),.UNSPECIFIED.,.F.,
  .F.,(2,2),(-16.,16.),.PIECEWISE_BEZIER_KNOTS.);
#4310 = CARTESIAN_POINT('',(7.875122845844,-16.));
#4311 = CARTESIAN_POINT('',(7.875122845844,16.));
#4312 = ( GEOMETRIC_REPRESENTATION_CONTEXT(2) 
PARAMETRIC_REPRESENTATION_CONTEXT() REPRESENTATION_CONTEXT('2D SPACE',''
  ) );
#4313 = ORIENTED_EDGE('',*,*,#2749,.F.);
#4314 = ADVANCED_FACE('',(#4315),#2738,.F.);
#4315 = FACE_BOUND('',#4316,.F.);
#4316 = EDGE_LOOP('',(#4317,#4318,#4319,#4340));
#4317 = ORIENTED_EDGE('',*,*,#4295,.F.);
#4318 = ORIENTED_EDGE('',*,*,#3823,.F.);
#4319 = ORIENTED_EDGE('',*,*,#4320,.F.);
#4320 = EDGE_CURVE('',#2698,#3824,#4321,.T.);
#4321 = SURFACE_CURVE('',#4322,(#4326,#4333),.PCURVE_S1.);
#4322 = LINE('',#4323,#4324);
#4323 = CARTESIAN_POINT('',(23.202013778342,21.,-4.683914244512));
#4324 = VECTOR('',#4325,1.);
#4325 = DIRECTION('',(0.,-1.,0.));
#4326 = PCURVE('',#2738,#4327);
#4327 = DEFINITIONAL_REPRESENTATION('',(#4328),#4332);
#4328 = LINE('',#4329,#4330);
#4329 = CARTESIAN_POINT('',(8.602325267043,21.));
#4330 = VECTOR('',#4331,1.);
#4331 = DIRECTION('',(0.,-1.));
#4332 = ( GEOMETRIC_REPRESENTATION_CONTEXT(2) 
PARAMETRIC_REPRESENTATION_CONTEXT() REPRESENTATION_CONTEXT('2D SPACE',''
  ) );
#4333 = PCURVE('',#2712,#4334);
#4334 = DEFINITIONAL_REPRESENTATION('',(#4335),#4339);
#4335 = LINE('',#4336,#4337);
#4336 = CARTESIAN_POINT('',(0.,21.));
#4337 = VECTOR('',#4338,1.);
#4338 = DIRECTION('',(0.,-1.));
#4339 = ( GEOMETRIC_REPRESENTATION_CONTEXT(2) 
PARAMETRIC_REPRESENTATION_CONTEXT() REPRESENTATION_CONTEXT('2D SPACE',''
  ) );
#4340 = ORIENTED_EDGE('',*,*,#2723,.F.);
#4341 = ADVANCED_FACE('',(#4342),#2712,.F.);
#4342 = FACE_BOUND('',#4343,.F.);
#4343 = EDGE_LOOP('',(#4344,#4345,#4346,#4365));
#4344 = ORIENTED_EDGE('',*,*,#4320,.T.);
#4345 = ORIENTED_EDGE('',*,*,#3844,.F.);
#4346 = ORIENTED_EDGE('',*,*,#4347,.T.);
#4347 = EDGE_CURVE('',#3845,#2672,#4348,.T.);
#4348 = SURFACE_CURVE('',#4349,(#4353,#4359),.PCURVE_S1.);
#4349 = LINE('',#4350,#4351);
#4350 = CARTESIAN_POINT('',(15.128643052941,0.,-3.769447417266));
#4351 = VECTOR('',#4352,1.);
#4352 = DIRECTION('',(0.,1.,0.));
#4353 = PCURVE('',#2712,#4354);
#4354 = DEFINITIONAL_REPRESENTATION('',(#4355),#4358);
#4355 = B_SPLINE_CURVE_WITH_KNOTS('',1,(#4356,#4357),.UNSPECIFIED.,.F.,
  .F.,(2,2),(-14.05348704206,14.05348704206),.PIECEWISE_BEZIER_KNOTS.);
#4356 = CARTESIAN_POINT('',(8.124996273716,-14.05348704206));
#4357 = CARTESIAN_POINT('',(8.124996273716,14.05348704206));
#4358 = ( GEOMETRIC_REPRESENTATION_CONTEXT(2) 
PARAMETRIC_REPRESENTATION_CONTEXT() REPRESENTATION_CONTEXT('2D SPACE',''
  ) );
#4359 = PCURVE('',#2686,#4360);
#4360 = DEFINITIONAL_REPRESENTATION('',(#4361),#4364);
#4361 = B_SPLINE_CURVE_WITH_KNOTS('',1,(#4362,#4363),.UNSPECIFIED.,.F.,
  .F.,(2,2),(-14.05348704206,14.05348704206),.PIECEWISE_BEZIER_KNOTS.);
#4362 = CARTESIAN_POINT('',(3.24054399227,-14.05348704206));
#4363 = CARTESIAN_POINT('',(3.24054399227,14.05348704206));
#4364 = ( GEOMETRIC_REPRESENTATION_CONTEXT(2) 
PARAMETRIC_REPRESENTATION_CONTEXT() REPRESENTATION_CONTEXT('2D SPACE',''
  ) );
#4365 = ORIENTED_EDGE('',*,*,#2697,.F.);
#4366 = ADVANCED_FACE('',(#4367),#2686,.F.);
#4367 = FACE_BOUND('',#4368,.F.);
#4368 = EDGE_LOOP('',(#4369,#4370,#4371,#4392));
#4369 = ORIENTED_EDGE('',*,*,#4347,.F.);
#4370 = ORIENTED_EDGE('',*,*,#3865,.F.);
#4371 = ORIENTED_EDGE('',*,*,#4372,.F.);
#4372 = EDGE_CURVE('',#2646,#3866,#4373,.T.);
#4373 = SURFACE_CURVE('',#4374,(#4378,#4385),.PCURVE_S1.);
#4374 = LINE('',#4375,#4376);
#4375 = CARTESIAN_POINT('',(8.12696703292,21.,-4.635919272834));
#4376 = VECTOR('',#4377,1.);
#4377 = DIRECTION('',(0.,-1.,0.));
#4378 = PCURVE('',#2686,#4379);
#4379 = DEFINITIONAL_REPRESENTATION('',(#4380),#4384);
#4380 = LINE('',#4381,#4382);
#4381 = CARTESIAN_POINT('',(10.295630140987,21.));
#4382 = VECTOR('',#4383,1.);
#4383 = DIRECTION('',(0.,-1.));
#4384 = ( GEOMETRIC_REPRESENTATION_CONTEXT(2) 
PARAMETRIC_REPRESENTATION_CONTEXT() REPRESENTATION_CONTEXT('2D SPACE',''
  ) );
#4385 = PCURVE('',#2660,#4386);
#4386 = DEFINITIONAL_REPRESENTATION('',(#4387),#4391);
#4387 = LINE('',#4388,#4389);
#4388 = CARTESIAN_POINT('',(0.,21.));
#4389 = VECTOR('',#4390,1.);
#4390 = DIRECTION('',(0.,-1.));
#4391 = ( GEOMETRIC_REPRESENTATION_CONTEXT(2) 
PARAMETRIC_REPRESENTATION_CONTEXT() REPRESENTATION_CONTEXT('2D SPACE',''
  ) );
#4392 = ORIENTED_EDGE('',*,*,#2671,.F.);
#4393 = ADVANCED_FACE('',(#4394),#2660,.F.);
#4394 = FACE_BOUND('',#4395,.F.);
#4395 = EDGE_LOOP('',(#4396,#4397,#4398,#4417));
#4396 = ORIENTED_EDGE('',*,*,#4372,.T.);
#4397 = ORIENTED_EDGE('',*,*,#3886,.F.);
#4398 = ORIENTED_EDGE('',*,*,#4399,.T.);
#4399 = EDGE_CURVE('',#3887,#2620,#4400,.T.);
#4400 = SURFACE_CURVE('',#4401,(#4405,#4411),.PCURVE_S1.);
#4401 = LINE('',#4402,#4403);
#4402 = CARTESIAN_POINT('',(6.457069743888,0.,-2.569744763678));
#4403 = VECTOR('',#4404,1.);
#4404 = DIRECTION('',(0.,1.,0.));
#4405 = PCURVE('',#2660,#4406);
#4406 = DEFINITIONAL_REPRESENTATION('',(#4407),#4410);
#4407 = B_SPLINE_CURVE_WITH_KNOTS('',1,(#4408,#4409),.UNSPECIFIED.,.F.,
  .F.,(2,2),(-16.,16.),.PIECEWISE_BEZIER_KNOTS.);
#4408 = CARTESIAN_POINT('',(2.65662079684,-16.));
#4409 = CARTESIAN_POINT('',(2.65662079684,16.));
#4410 = ( GEOMETRIC_REPRESENTATION_CONTEXT(2) 
PARAMETRIC_REPRESENTATION_CONTEXT() REPRESENTATION_CONTEXT('2D SPACE',''
  ) );
#4411 = PCURVE('',#2634,#4412);
#4412 = DEFINITIONAL_REPRESENTATION('',(#4413),#4416);
#4413 = B_SPLINE_CURVE_WITH_KNOTS('',1,(#4414,#4415),.UNSPECIFIED.,.F.,
  .F.,(2,2),(-16.,16.),.PIECEWISE_BEZIER_KNOTS.);
#4414 = CARTESIAN_POINT('',(5.451771814325,-16.));
#4415 = CARTESIAN_POINT('',(5.451771814325,16.));
#4416 = ( GEOMETRIC_REPRESENTATION_CONTEXT(2) 
PARAMETRIC_REPRESENTATION_CONTEXT() REPRESENTATION_CONTEXT('2D SPACE',''
  ) );
#4417 = ORIENTED_EDGE('',*,*,#2645,.F.);
#4418 = ADVANCED_FACE('',(#4419),#2634,.F.);
#4419 = FACE_BOUND('',#4420,.F.);
#4420 = EDGE_LOOP('',(#4421,#4422,#4423,#4444));
#4421 = ORIENTED_EDGE('',*,*,#4399,.F.);
#4422 = ORIENTED_EDGE('',*,*,#3907,.F.);
#4423 = ORIENTED_EDGE('',*,*,#4424,.F.);
#4424 = EDGE_CURVE('',#2594,#3908,#4425,.T.);
#4425 = SURFACE_CURVE('',#4426,(#4430,#4437),.PCURVE_S1.);
#4426 = LINE('',#4427,#4428);
#4427 = CARTESIAN_POINT('',(5.755772502287,21.,-7.063580742871));
#4428 = VECTOR('',#4429,1.);
#4429 = DIRECTION('',(0.,-1.,0.));
#4430 = PCURVE('',#2634,#4431);
#4431 = DEFINITIONAL_REPRESENTATION('',(#4432),#4436);
#4432 = LINE('',#4433,#4434);
#4433 = CARTESIAN_POINT('',(10.,21.));
#4434 = VECTOR('',#4435,1.);
#4435 = DIRECTION('',(0.,-1.));
#4436 = ( GEOMETRIC_REPRESENTATION_CONTEXT(2) 
PARAMETRIC_REPRESENTATION_CONTEXT() REPRESENTATION_CONTEXT('2D SPACE',''
  ) );
#4437 = PCURVE('',#2608,#4438);
#4438 = DEFINITIONAL_REPRESENTATION('',(#4439),#4443);
#4439 = LINE('',#4440,#4441);
#4440 = CARTESIAN_POINT('',(0.,21.));
#4441 = VECTOR('',#4442,1.);
#4442 = DIRECTION('',(0.,-1.));
#4443 = ( GEOMETRIC_REPRESENTATION_CONTEXT(2) 
PARAMETRIC_REPRESENTATION_CONTEXT() REPRESENTATION_CONTEXT('2D SPACE',''
  ) );
#4444 = ORIENTED_EDGE('',*,*,#2619,.F.);
#4445 = ADVANCED_FACE('',(#4446),#2608,.F.);
#4446 = FACE_BOUND('',#4447,.F.);
#4447 = EDGE_LOOP('',(#4448,#4449,#4450,#4469));
#4448 = ORIENTED_EDGE('',*,*,#4424,.T.);
#4449 = ORIENTED_EDGE('',*,*,#3928,.F.);
#4450 = ORIENTED_EDGE('',*,*,#4451,.T.);
#4451 = EDGE_CURVE('',#3929,#2568,#4452,.T.);
#4452 = SURFACE_CURVE('',#4453,(#4457,#4463),.PCURVE_S1.);
#4453 = LINE('',#4454,#4455);
#4454 = CARTESIAN_POINT('',(-0.67737019608,0.,-4.045953957217));
#4455 = VECTOR('',#4456,1.);
#4456 = DIRECTION('',(-0.,1.,0.));
#4457 = PCURVE('',#2608,#4458);
#4458 = DEFINITIONAL_REPRESENTATION('',(#4459),#4462);
#4459 = B_SPLINE_CURVE_WITH_KNOTS('',1,(#4460,#4461),.UNSPECIFIED.,.F.,
  .F.,(2,2),(-16.,16.),.PIECEWISE_BEZIER_KNOTS.);
#4460 = CARTESIAN_POINT('',(7.105729828459,-16.));
#4461 = CARTESIAN_POINT('',(7.105729828459,16.));
#4462 = ( GEOMETRIC_REPRESENTATION_CONTEXT(2) 
PARAMETRIC_REPRESENTATION_CONTEXT() REPRESENTATION_CONTEXT('2D SPACE',''
  ) );
#4463 = PCURVE('',#2582,#4464);
#4464 = DEFINITIONAL_REPRESENTATION('',(#4465),#4468);
#4465 = B_SPLINE_CURVE_WITH_KNOTS('',1,(#4466,#4467),.UNSPECIFIED.,.F.,
  .F.,(2,2),(-16.,16.),.PIECEWISE_BEZIER_KNOTS.);
#4466 = CARTESIAN_POINT('',(9.44420310314,-16.));
#4467 = CARTESIAN_POINT('',(9.44420310314,16.));
#4468 = ( GEOMETRIC_REPRESENTATION_CONTEXT(2) 
PARAMETRIC_REPRESENTATION_CONTEXT() REPRESENTATION_CONTEXT('2D SPACE',''
  ) );
#4469 = ORIENTED_EDGE('',*,*,#2593,.F.);
#4470 = ADVANCED_FACE('',(#4471),#2582,.F.);
#4471 = FACE_BOUND('',#4472,.F.);
#4472 = EDGE_LOOP('',(#4473,#4474,#4475,#4496));
#4473 = ORIENTED_EDGE('',*,*,#4451,.F.);
#4474 = ORIENTED_EDGE('',*,*,#3949,.F.);
#4475 = ORIENTED_EDGE('',*,*,#4476,.T.);
#4476 = EDGE_CURVE('',#3950,#2542,#4477,.T.);
#4477 = SURFACE_CURVE('',#4478,(#4482,#4489),.PCURVE_S1.);
#4478 = LINE('',#4479,#4480);
#4479 = CARTESIAN_POINT('',(-0.637688898167,-21.,-4.499513267806));
#4480 = VECTOR('',#4481,1.);
#4481 = DIRECTION('',(0.,1.,0.));
#4482 = PCURVE('',#2582,#4483);
#4483 = DEFINITIONAL_REPRESENTATION('',(#4484),#4488);
#4484 = LINE('',#4485,#4486);
#4485 = CARTESIAN_POINT('',(9.899494936612,-21.));
#4486 = VECTOR('',#4487,1.);
#4487 = DIRECTION('',(0.,1.));
#4488 = ( GEOMETRIC_REPRESENTATION_CONTEXT(2) 
PARAMETRIC_REPRESENTATION_CONTEXT() REPRESENTATION_CONTEXT('2D SPACE',''
  ) );
#4489 = PCURVE('',#2556,#4490);
#4490 = DEFINITIONAL_REPRESENTATION('',(#4491),#4495);
#4491 = LINE('',#4492,#4493);
#4492 = CARTESIAN_POINT('',(0.,-21.));
#4493 = VECTOR('',#4494,1.);
#4494 = DIRECTION('',(-0.,1.));
#4495 = ( GEOMETRIC_REPRESENTATION_CONTEXT(2) 
PARAMETRIC_REPRESENTATION_CONTEXT() REPRESENTATION_CONTEXT('2D SPACE',''
  ) );
#4496 = ORIENTED_EDGE('',*,*,#2567,.F.);
#4497 = ADVANCED_FACE('',(#4498),#2556,.F.);
#4498 = FACE_BOUND('',#4499,.F.);
#4499 = EDGE_LOOP('',(#4500,#4501,#4502,#4523));
#4500 = ORIENTED_EDGE('',*,*,#4476,.F.);
#4501 = ORIENTED_EDGE('',*,*,#3970,.F.);
#4502 = ORIENTED_EDGE('',*,*,#4503,.F.);
#4503 = EDGE_CURVE('',#2516,#3971,#4504,.T.);
#4504 = SURFACE_CURVE('',#4505,(#4509,#4516),.PCURVE_S1.);
#4505 = LINE('',#4506,#4507);
#4506 = CARTESIAN_POINT('',(-10.4995132678,21.,-5.362311101833));
#4507 = VECTOR('',#4508,1.);
#4508 = DIRECTION('',(0.,-1.,0.));
#4509 = PCURVE('',#2556,#4510);
#4510 = DEFINITIONAL_REPRESENTATION('',(#4511),#4515);
#4511 = LINE('',#4512,#4513);
#4512 = CARTESIAN_POINT('',(9.899494936612,21.));
#4513 = VECTOR('',#4514,1.);
#4514 = DIRECTION('',(0.,-1.));
#4515 = ( GEOMETRIC_REPRESENTATION_CONTEXT(2) 
PARAMETRIC_REPRESENTATION_CONTEXT() REPRESENTATION_CONTEXT('2D SPACE',''
  ) );
#4516 = PCURVE('',#2530,#4517);
#4517 = DEFINITIONAL_REPRESENTATION('',(#4518),#4522);
#4518 = LINE('',#4519,#4520);
#4519 = CARTESIAN_POINT('',(0.,21.));
#4520 = VECTOR('',#4521,1.);
#4521 = DIRECTION('',(0.,-1.));
#4522 = ( GEOMETRIC_REPRESENTATION_CONTEXT(2) 
PARAMETRIC_REPRESENTATION_CONTEXT() REPRESENTATION_CONTEXT('2D SPACE',''
  ) );
#4523 = ORIENTED_EDGE('',*,*,#2541,.F.);
#4524 = ADVANCED_FACE('',(#4525),#2530,.F.);
#4525 = FACE_BOUND('',#4526,.F.);
#4526 = EDGE_LOOP('',(#4527,#4528,#4529,#4548));
#4527 = ORIENTED_EDGE('',*,*,#4503,.T.);
#4528 = ORIENTED_EDGE('',*,*,#3991,.F.);
#4529 = ORIENTED_EDGE('',*,*,#4530,.T.);
#4530 = EDGE_CURVE('',#3992,#2490,#4531,.T.);
#4531 = SURFACE_CURVE('',#4532,(#4536,#4542),.PCURVE_S1.);
#4532 = LINE('',#4533,#4534);
#4533 = CARTESIAN_POINT('',(-10.66439145632,0.,-3.477744783469));
#4534 = VECTOR('',#4535,1.);
#4535 = DIRECTION('',(0.,1.,0.));
#4536 = PCURVE('',#2530,#4537);
#4537 = DEFINITIONAL_REPRESENTATION('',(#4538),#4541);
#4538 = B_SPLINE_CURVE_WITH_KNOTS('',1,(#4539,#4540),.UNSPECIFIED.,.F.,
  .F.,(2,2),(-16.,16.),.PIECEWISE_BEZIER_KNOTS.);
#4539 = CARTESIAN_POINT('',(1.89176505554,-16.));
#4540 = CARTESIAN_POINT('',(1.89176505554,16.));
#4541 = ( GEOMETRIC_REPRESENTATION_CONTEXT(2) 
PARAMETRIC_REPRESENTATION_CONTEXT() REPRESENTATION_CONTEXT('2D SPACE',''
  ) );
#4542 = PCURVE('',#2504,#4543);
#4543 = DEFINITIONAL_REPRESENTATION('',(#4544),#4547);
#4544 = B_SPLINE_CURVE_WITH_KNOTS('',1,(#4545,#4546),.UNSPECIFIED.,.F.,
  .F.,(2,2),(-16.,16.),.PIECEWISE_BEZIER_KNOTS.);
#4545 = CARTESIAN_POINT('',(6.825432880226,-16.));
#4546 = CARTESIAN_POINT('',(6.825432880226,16.));
#4547 = ( GEOMETRIC_REPRESENTATION_CONTEXT(2) 
PARAMETRIC_REPRESENTATION_CONTEXT() REPRESENTATION_CONTEXT('2D SPACE',''
  ) );
#4548 = ORIENTED_EDGE('',*,*,#2515,.F.);
#4549 = ADVANCED_FACE('',(#4550),#2504,.F.);
#4550 = FACE_BOUND('',#4551,.F.);
#4551 = EDGE_LOOP('',(#4552,#4553,#4554,#4575));
#4552 = ORIENTED_EDGE('',*,*,#4530,.F.);
#4553 = ORIENTED_EDGE('',*,*,#4012,.F.);
#4554 = ORIENTED_EDGE('',*,*,#4555,.F.);
#4555 = EDGE_CURVE('',#2464,#4013,#4556,.T.);
#4556 = SURFACE_CURVE('',#4557,(#4561,#4568),.PCURVE_S1.);
#4557 = LINE('',#4558,#4559);
#4558 = CARTESIAN_POINT('',(-12.75252985509,21.,-5.868885604403));
#4559 = VECTOR('',#4560,1.);
#4560 = DIRECTION('',(0.,-1.,0.));
#4561 = PCURVE('',#2504,#4562);
#4562 = DEFINITIONAL_REPRESENTATION('',(#4563),#4567);
#4563 = LINE('',#4564,#4565);
#4564 = CARTESIAN_POINT('',(10.,21.));
#4565 = VECTOR('',#4566,1.);
#4566 = DIRECTION('',(0.,-1.));
#4567 = ( GEOMETRIC_REPRESENTATION_CONTEXT(2) 
PARAMETRIC_REPRESENTATION_CONTEXT() REPRESENTATION_CONTEXT('2D SPACE',''
  ) );
#4568 = PCURVE('',#2478,#4569);
#4569 = DEFINITIONAL_REPRESENTATION('',(#4570),#4574);
#4570 = LINE('',#4571,#4572);
#4571 = CARTESIAN_POINT('',(0.,21.));
#4572 = VECTOR('',#4573,1.);
#4573 = DIRECTION('',(0.,-1.));
#4574 = ( GEOMETRIC_REPRESENTATION_CONTEXT(2) 
PARAMETRIC_REPRESENTATION_CONTEXT() REPRESENTATION_CONTEXT('2D SPACE',''
  ) );
#4575 = ORIENTED_EDGE('',*,*,#2489,.F.);
#4576 = ADVANCED_FACE('',(#4577),#2478,.F.);
#4577 = FACE_BOUND('',#4578,.F.);
#4578 = EDGE_LOOP('',(#4579,#4580,#4581,#4600));
#4579 = ORIENTED_EDGE('',*,*,#4555,.T.);
#4580 = ORIENTED_EDGE('',*,*,#4033,.F.);
#4581 = ORIENTED_EDGE('',*,*,#4582,.T.);
#4582 = EDGE_CURVE('',#4034,#2438,#4583,.T.);
#4583 = SURFACE_CURVE('',#4584,(#4588,#4594),.PCURVE_S1.);
#4584 = LINE('',#4585,#4586);
#4585 = CARTESIAN_POINT('',(-18.57202717191,0.,-3.171280246768));
#4586 = VECTOR('',#4587,1.);
#4587 = DIRECTION('',(0.,1.,0.));
#4588 = PCURVE('',#2478,#4589);
#4589 = DEFINITIONAL_REPRESENTATION('',(#4590),#4593);
#4590 = B_SPLINE_CURVE_WITH_KNOTS('',1,(#4591,#4592),.UNSPECIFIED.,.F.,
  .F.,(2,2),(-16.,16.),.PIECEWISE_BEZIER_KNOTS.);
#4591 = CARTESIAN_POINT('',(6.414329558578,-16.));
#4592 = CARTESIAN_POINT('',(6.414329558578,16.));
#4593 = ( GEOMETRIC_REPRESENTATION_CONTEXT(2) 
PARAMETRIC_REPRESENTATION_CONTEXT() REPRESENTATION_CONTEXT('2D SPACE',''
  ) );
#4594 = PCURVE('',#2452,#4595);
#4595 = DEFINITIONAL_REPRESENTATION('',(#4596),#4599);
#4596 = B_SPLINE_CURVE_WITH_KNOTS('',1,(#4597,#4598),.UNSPECIFIED.,.F.,
  .F.,(2,2),(-16.,16.),.PIECEWISE_BEZIER_KNOTS.);
#4597 = CARTESIAN_POINT('',(8.741149691386,-16.));
#4598 = CARTESIAN_POINT('',(8.741149691386,16.));
#4599 = ( GEOMETRIC_REPRESENTATION_CONTEXT(2) 
PARAMETRIC_REPRESENTATION_CONTEXT() REPRESENTATION_CONTEXT('2D SPACE',''
  ) );
#4600 = ORIENTED_EDGE('',*,*,#2463,.F.);
#4601 = ADVANCED_FACE('',(#4602),#2452,.F.);
#4602 = FACE_BOUND('',#4603,.F.);
#4603 = EDGE_LOOP('',(#4604,#4605,#4606,#4627));
#4604 = ORIENTED_EDGE('',*,*,#4582,.F.);
#4605 = ORIENTED_EDGE('',*,*,#4054,.F.);
#4606 = ORIENTED_EDGE('',*,*,#4607,.T.);
#4607 = EDGE_CURVE('',#4055,#2412,#4608,.T.);
#4608 = SURFACE_CURVE('',#4609,(#4613,#4620),.PCURVE_S1.);
#4609 = LINE('',#4610,#4611);
#4610 = CARTESIAN_POINT('',(-18.78606195156,-21.,-3.830222215595));
#4611 = VECTOR('',#4612,1.);
#4612 = DIRECTION('',(0.,1.,0.));
#4613 = PCURVE('',#2452,#4614);
#4614 = DEFINITIONAL_REPRESENTATION('',(#4615),#4619);
#4615 = LINE('',#4616,#4617);
#4616 = CARTESIAN_POINT('',(9.433981132057,-21.));
#4617 = VECTOR('',#4618,1.);
#4618 = DIRECTION('',(0.,1.));
#4619 = ( GEOMETRIC_REPRESENTATION_CONTEXT(2) 
PARAMETRIC_REPRESENTATION_CONTEXT() REPRESENTATION_CONTEXT('2D SPACE',''
  ) );
#4620 = PCURVE('',#2426,#4621);
#4621 = DEFINITIONAL_REPRESENTATION('',(#4622),#4626);
#4622 = LINE('',#4623,#4624);
#4623 = CARTESIAN_POINT('',(0.,-21.));
#4624 = VECTOR('',#4625,1.);
#4625 = DIRECTION('',(-0.,1.));
#4626 = ( GEOMETRIC_REPRESENTATION_CONTEXT(2) 
PARAMETRIC_REPRESENTATION_CONTEXT() REPRESENTATION_CONTEXT('2D SPACE',''
  ) );
#4627 = ORIENTED_EDGE('',*,*,#2437,.F.);
#4628 = ADVANCED_FACE('',(#4629),#2426,.F.);
#4629 = FACE_BOUND('',#4630,.F.);
#4630 = EDGE_LOOP('',(#4631,#4632,#4633,#4654));
#4631 = ORIENTED_EDGE('',*,*,#4607,.F.);
#4632 = ORIENTED_EDGE('',*,*,#4075,.F.);
#4633 = ORIENTED_EDGE('',*,*,#4634,.F.);
#4634 = EDGE_CURVE('',#2386,#4076,#4635,.T.);
#4635 = SURFACE_CURVE('',#4636,(#4640,#4647),.PCURVE_S1.);
#4636 = LINE('',#4637,#4638);
#4637 = CARTESIAN_POINT('',(-28.12835554495,21.,-5.142300877492));
#4638 = VECTOR('',#4639,1.);
#4639 = DIRECTION('',(0.,-1.,0.));
#4640 = PCURVE('',#2426,#4641);
#4641 = DEFINITIONAL_REPRESENTATION('',(#4642),#4646);
#4642 = LINE('',#4643,#4644);
#4643 = CARTESIAN_POINT('',(9.433981132057,21.));
#4644 = VECTOR('',#4645,1.);
#4645 = DIRECTION('',(0.,-1.));
#4646 = ( GEOMETRIC_REPRESENTATION_CONTEXT(2) 
PARAMETRIC_REPRESENTATION_CONTEXT() REPRESENTATION_CONTEXT('2D SPACE',''
  ) );
#4647 = PCURVE('',#2400,#4648);
#4648 = DEFINITIONAL_REPRESENTATION('',(#4649),#4653);
#4649 = LINE('',#4650,#4651);
#4650 = CARTESIAN_POINT('',(0.,21.));
#4651 = VECTOR('',#4652,1.);
#4652 = DIRECTION('',(0.,-1.));
#4653 = ( GEOMETRIC_REPRESENTATION_CONTEXT(2) 
PARAMETRIC_REPRESENTATION_CONTEXT() REPRESENTATION_CONTEXT('2D SPACE',''
  ) );
#4654 = ORIENTED_EDGE('',*,*,#2411,.F.);
#4655 = ADVANCED_FACE('',(#4656),#2400,.F.);
#4656 = FACE_BOUND('',#4657,.F.);
#4657 = EDGE_LOOP('',(#4658,#4659,#4660,#4679));
#4658 = ORIENTED_EDGE('',*,*,#4634,.T.);
#4659 = ORIENTED_EDGE('',*,*,#4096,.F.);
#4660 = ORIENTED_EDGE('',*,*,#4661,.T.);
#4661 = EDGE_CURVE('',#4097,#2360,#4662,.T.);
#4662 = SURFACE_CURVE('',#4663,(#4667,#4673),.PCURVE_S1.);
#4663 = LINE('',#4664,#4665);
#4664 = CARTESIAN_POINT('',(-27.81140037963,0.,-4.166501238747));
#4665 = VECTOR('',#4666,1.);
#4666 = DIRECTION('',(0.,1.,0.));
#4667 = PCURVE('',#2400,#4668);
#4668 = DEFINITIONAL_REPRESENTATION('',(#4669),#4672);
#4669 = B_SPLINE_CURVE_WITH_KNOTS('',1,(#4670,#4671),.UNSPECIFIED.,.F.,
  .F.,(2,2),(-13.63531173361,13.635311733613),.PIECEWISE_BEZIER_KNOTS.);
#4670 = CARTESIAN_POINT('',(1.025985142093,-13.63531173361));
#4671 = CARTESIAN_POINT('',(1.025985142093,13.635311733613));
#4672 = ( GEOMETRIC_REPRESENTATION_CONTEXT(2) 
PARAMETRIC_REPRESENTATION_CONTEXT() REPRESENTATION_CONTEXT('2D SPACE',''
  ) );
#4673 = PCURVE('',#2374,#4674);
#4674 = DEFINITIONAL_REPRESENTATION('',(#4675),#4678);
#4675 = B_SPLINE_CURVE_WITH_KNOTS('',1,(#4676,#4677),.UNSPECIFIED.,.F.,
  .F.,(2,2),(-13.63531173361,13.635311733613),.PIECEWISE_BEZIER_KNOTS.);
#4676 = CARTESIAN_POINT('',(0.682956140423,-13.63531173361));
#4677 = CARTESIAN_POINT('',(0.682956140423,13.635311733613));
#4678 = ( GEOMETRIC_REPRESENTATION_CONTEXT(2) 
PARAMETRIC_REPRESENTATION_CONTEXT() REPRESENTATION_CONTEXT('2D SPACE',''
  ) );
#4679 = ORIENTED_EDGE('',*,*,#2385,.F.);
#4680 = ADVANCED_FACE('',(#4681),#2374,.F.);
#4681 = FACE_BOUND('',#4682,.F.);
#4682 = EDGE_LOOP('',(#4683,#4684,#4685,#4686));
#4683 = ORIENTED_EDGE('',*,*,#2359,.F.);
#4684 = ORIENTED_EDGE('',*,*,#4661,.F.);
#4685 = ORIENTED_EDGE('',*,*,#4117,.F.);
#4686 = ORIENTED_EDGE('',*,*,#4687,.F.);
#4687 = EDGE_CURVE('',#2334,#4118,#4688,.T.);
#4688 = SURFACE_CURVE('',#4689,(#4693,#4700),.PCURVE_S1.);
#4689 = LINE('',#4690,#4691);
#4690 = CARTESIAN_POINT('',(-37.3723683986,21.,-5.162187927159));
#4691 = VECTOR('',#4692,1.);
#4692 = DIRECTION('',(0.,-1.,0.));
#4693 = PCURVE('',#2374,#4694);
#4694 = DEFINITIONAL_REPRESENTATION('',(#4695),#4699);
#4695 = LINE('',#4696,#4697);
#4696 = CARTESIAN_POINT('',(10.295630140987,21.));
#4697 = VECTOR('',#4698,1.);
#4698 = DIRECTION('',(0.,-1.));
#4699 = ( GEOMETRIC_REPRESENTATION_CONTEXT(2) 
PARAMETRIC_REPRESENTATION_CONTEXT() REPRESENTATION_CONTEXT('2D SPACE',''
  ) );
#4700 = PCURVE('',#2348,#4701);
#4701 = DEFINITIONAL_REPRESENTATION('',(#4702),#4706);
#4702 = LINE('',#4703,#4704);
#4703 = CARTESIAN_POINT('',(0.,21.));
#4704 = VECTOR('',#4705,1.);
#4705 = DIRECTION('',(0.,-1.));
#4706 = ( GEOMETRIC_REPRESENTATION_CONTEXT(2) 
PARAMETRIC_REPRESENTATION_CONTEXT() REPRESENTATION_CONTEXT('2D SPACE',''
  ) );
#4707 = ADVANCED_FACE('',(#4708),#2348,.F.);
#4708 = FACE_BOUND('',#4709,.F.);
#4709 = EDGE_LOOP('',(#4710,#4711,#4712,#4713));
#4710 = ORIENTED_EDGE('',*,*,#4687,.T.);
#4711 = ORIENTED_EDGE('',*,*,#4138,.F.);
#4712 = ORIENTED_EDGE('',*,*,#4182,.T.);
#4713 = ORIENTED_EDGE('',*,*,#2333,.F.);
#4714 = ADVANCED_FACE('',(#4715),#2270,.F.);
#4715 = FACE_BOUND('',#4716,.F.);
#4716 = EDGE_LOOP('',(#4717,#4718,#4719,#4720));
#4717 = ORIENTED_EDGE('',*,*,#2254,.T.);
#4718 = ORIENTED_EDGE('',*,*,#3381,.T.);
#4719 = ORIENTED_EDGE('',*,*,#3690,.T.);
#4720 = ORIENTED_EDGE('',*,*,#4721,.T.);
#4721 = EDGE_CURVE('',#3691,#2227,#4722,.T.);
#4722 = SURFACE_CURVE('',#4723,(#4727,#4734),.PCURVE_S1.);
#4723 = LINE('',#4724,#4725);
#4724 = CARTESIAN_POINT('',(-60.,-8.,-13.85640646055));
#4725 = VECTOR('',#4726,1.);
#4726 = DIRECTION('',(0.,1.,-2.22044604925E-16));
#4727 = PCURVE('',#2270,#4728);
#4728 = DEFINITIONAL_REPRESENTATION('',(#4729),#4733);
#4729 = LINE('',#4730,#4731);
#4730 = CARTESIAN_POINT('',(-8.,-13.85640646055));
#4731 = VECTOR('',#4732,1.);
#4732 = DIRECTION('',(1.,-2.22044604925E-16));
#4733 = ( GEOMETRIC_REPRESENTATION_CONTEXT(2) 
PARAMETRIC_REPRESENTATION_CONTEXT() REPRESENTATION_CONTEXT('2D SPACE',''
  ) );
#4734 = PCURVE('',#2242,#4735);
#4735 = DEFINITIONAL_REPRESENTATION('',(#4736),#4740);
#4736 = LINE('',#4737,#4738);
#4737 = CARTESIAN_POINT('',(0.,-60.));
#4738 = VECTOR('',#4739,1.);
#4739 = DIRECTION('',(1.,0.));
#4740 = ( GEOMETRIC_REPRESENTATION_CONTEXT(2) 
PARAMETRIC_REPRESENTATION_CONTEXT() REPRESENTATION_CONTEXT('2D SPACE',''
  ) );
#4741 = ADVANCED_FACE('',(#4742,#4748,#4772,#4878,#4984),#2242,.T.);
#4742 = FACE_BOUND('',#4743,.T.);
#4743 = EDGE_LOOP('',(#4744,#4745,#4746,#4747));
#4744 = ORIENTED_EDGE('',*,*,#4721,.T.);
#4745 = ORIENTED_EDGE('',*,*,#2226,.F.);
#4746 = ORIENTED_EDGE('',*,*,#4242,.F.);
#4747 = ORIENTED_EDGE('',*,*,#3713,.T.);
#4748 = FACE_BOUND('',#4749,.T.);
#4749 = EDGE_LOOP('',(#4750,#4751,#4770,#4771));
#4750 = ORIENTED_EDGE('',*,*,#3429,.F.);
#4751 = ORIENTED_EDGE('',*,*,#4752,.T.);
#4752 = EDGE_CURVE('',#3430,#3547,#4753,.T.);
#4753 = SURFACE_CURVE('',#4754,(#4758,#4764),.PCURVE_S1.);
#4754 = LINE('',#4755,#4756);
#4755 = CARTESIAN_POINT('',(-45.5,-5.5,-13.85640646055));
#4756 = VECTOR('',#4757,1.);
#4757 = DIRECTION('',(0.,-1.,2.22044604925E-16));
#4758 = PCURVE('',#2242,#4759);
#4759 = DEFINITIONAL_REPRESENTATION('',(#4760),#4763);
#4760 = B_SPLINE_CURVE_WITH_KNOTS('',1,(#4761,#4762),.UNSPECIFIED.,.F.,
  .F.,(2,2),(-8.5,-2.5),.PIECEWISE_BEZIER_KNOTS.);
#4761 = CARTESIAN_POINT('',(11.,-45.5));
#4762 = CARTESIAN_POINT('',(5.,-45.5));
#4763 = ( GEOMETRIC_REPRESENTATION_CONTEXT(2) 
PARAMETRIC_REPRESENTATION_CONTEXT() REPRESENTATION_CONTEXT('2D SPACE',''
  ) );
#4764 = PCURVE('',#3114,#4765);
#4765 = DEFINITIONAL_REPRESENTATION('',(#4766),#4769);
#4766 = B_SPLINE_CURVE_WITH_KNOTS('',1,(#4767,#4768),.UNSPECIFIED.,.F.,
  .F.,(2,2),(-8.5,-2.5),.PIECEWISE_BEZIER_KNOTS.);
#4767 = CARTESIAN_POINT('',(5.143593539449,-6.));
#4768 = CARTESIAN_POINT('',(5.143593539449,0.));
#4769 = ( GEOMETRIC_REPRESENTATION_CONTEXT(2) 
PARAMETRIC_REPRESENTATION_CONTEXT() REPRESENTATION_CONTEXT('2D SPACE',''
  ) );
#4770 = ORIENTED_EDGE('',*,*,#3546,.T.);
#4771 = ORIENTED_EDGE('',*,*,#3521,.F.);
#4772 = FACE_BOUND('',#4773,.T.);
#4773 = EDGE_LOOP('',(#4774,#4802,#4828,#4854));
#4774 = ORIENTED_EDGE('',*,*,#4775,.F.);
#4775 = EDGE_CURVE('',#4776,#4778,#4780,.T.);
#4776 = VERTEX_POINT('',#4777);
#4777 = CARTESIAN_POINT('',(-4.5,7.5,-13.85640646055));
#4778 = VERTEX_POINT('',#4779);
#4779 = CARTESIAN_POINT('',(-1.5,7.5,-13.85640646055));
#4780 = SURFACE_CURVE('',#4781,(#4785,#4791),.PCURVE_S1.);
#4781 = LINE('',#4782,#4783);
#4782 = CARTESIAN_POINT('',(-2.25,7.5,-13.85640646055));
#4783 = VECTOR('',#4784,1.);
#4784 = DIRECTION('',(1.,-0.,0.));
#4785 = PCURVE('',#2242,#4786);
#4786 = DEFINITIONAL_REPRESENTATION('',(#4787),#4790);
#4787 = B_SPLINE_CURVE_WITH_KNOTS('',1,(#4788,#4789),.UNSPECIFIED.,.F.,
  .F.,(2,2),(-2.25,0.75),.PIECEWISE_BEZIER_KNOTS.);
#4788 = CARTESIAN_POINT('',(15.5,-4.5));
#4789 = CARTESIAN_POINT('',(15.5,-1.5));
#4790 = ( GEOMETRIC_REPRESENTATION_CONTEXT(2) 
PARAMETRIC_REPRESENTATION_CONTEXT() REPRESENTATION_CONTEXT('2D SPACE',''
  ) );
#4791 = PCURVE('',#4792,#4797);
#4792 = PLANE('',#4793);
#4793 = AXIS2_PLACEMENT_3D('',#4794,#4795,#4796);
#4794 = CARTESIAN_POINT('',(-4.5,7.5,-28.));
#4795 = DIRECTION('',(0.,1.,0.));
#4796 = DIRECTION('',(0.,0.,1.));
#4797 = DEFINITIONAL_REPRESENTATION('',(#4798),#4801);
#4798 = B_SPLINE_CURVE_WITH_KNOTS('',1,(#4799,#4800),.UNSPECIFIED.,.F.,
  .F.,(2,2),(-2.25,0.75),.PIECEWISE_BEZIER_KNOTS.);
#4799 = CARTESIAN_POINT('',(14.143593539449,0.));
#4800 = CARTESIAN_POINT('',(14.143593539449,3.));
#4801 = ( GEOMETRIC_REPRESENTATION_CONTEXT(2) 
PARAMETRIC_REPRESENTATION_CONTEXT() REPRESENTATION_CONTEXT('2D SPACE',''
  ) );
#4802 = ORIENTED_EDGE('',*,*,#4803,.T.);
#4803 = EDGE_CURVE('',#4776,#4804,#4806,.T.);
#4804 = VERTEX_POINT('',#4805);
#4805 = CARTESIAN_POINT('',(-4.5,-7.5,-13.85640646055));
#4806 = SURFACE_CURVE('',#4807,(#4811,#4817),.PCURVE_S1.);
#4807 = LINE('',#4808,#4809);
#4808 = CARTESIAN_POINT('',(-4.5,-7.75,-13.85640646055));
#4809 = VECTOR('',#4810,1.);
#4810 = DIRECTION('',(0.,-1.,2.22044604925E-16));
#4811 = PCURVE('',#2242,#4812);
#4812 = DEFINITIONAL_REPRESENTATION('',(#4813),#4816);
#4813 = B_SPLINE_CURVE_WITH_KNOTS('',1,(#4814,#4815),.UNSPECIFIED.,.F.,
  .F.,(2,2),(-15.25,-0.25),.PIECEWISE_BEZIER_KNOTS.);
#4814 = CARTESIAN_POINT('',(15.5,-4.5));
#4815 = CARTESIAN_POINT('',(0.5,-4.5));
#4816 = ( GEOMETRIC_REPRESENTATION_CONTEXT(2) 
PARAMETRIC_REPRESENTATION_CONTEXT() REPRESENTATION_CONTEXT('2D SPACE',''
  ) );
#4817 = PCURVE('',#4818,#4823);
#4818 = PLANE('',#4819);
#4819 = AXIS2_PLACEMENT_3D('',#4820,#4821,#4822);
#4820 = CARTESIAN_POINT('',(-4.5,-7.5,-28.));
#4821 = DIRECTION('',(1.,0.,0.));
#4822 = DIRECTION('',(0.,0.,1.));
#4823 = DEFINITIONAL_REPRESENTATION('',(#4824),#4827);
#4824 = B_SPLINE_CURVE_WITH_KNOTS('',1,(#4825,#4826),.UNSPECIFIED.,.F.,
  .F.,(2,2),(-15.25,-0.25),.PIECEWISE_BEZIER_KNOTS.);
#4825 = CARTESIAN_POINT('',(14.143593539449,-15.));
#4826 = CARTESIAN_POINT('',(14.143593539449,0.));
#4827 = ( GEOMETRIC_REPRESENTATION_CONTEXT(2) 
PARAMETRIC_REPRESENTATION_CONTEXT() REPRESENTATION_CONTEXT('2D SPACE',''
  ) );
#4828 = ORIENTED_EDGE('',*,*,#4829,.T.);
#4829 = EDGE_CURVE('',#4804,#4830,#4832,.T.);
#4830 = VERTEX_POINT('',#4831);
#4831 = CARTESIAN_POINT('',(-1.5,-7.5,-13.85640646055));
#4832 = SURFACE_CURVE('',#4833,(#4837,#4843),.PCURVE_S1.);
#4833 = LINE('',#4834,#4835);
#4834 = CARTESIAN_POINT('',(-2.25,-7.5,-13.85640646055));
#4835 = VECTOR('',#4836,1.);
#4836 = DIRECTION('',(1.,-0.,0.));
#4837 = PCURVE('',#2242,#4838);
#4838 = DEFINITIONAL_REPRESENTATION('',(#4839),#4842);
#4839 = B_SPLINE_CURVE_WITH_KNOTS('',1,(#4840,#4841),.UNSPECIFIED.,.F.,
  .F.,(2,2),(-2.25,0.75),.PIECEWISE_BEZIER_KNOTS.);
#4840 = CARTESIAN_POINT('',(0.5,-4.5));
#4841 = CARTESIAN_POINT('',(0.5,-1.5));
#4842 = ( GEOMETRIC_REPRESENTATION_CONTEXT(2) 
PARAMETRIC_REPRESENTATION_CONTEXT() REPRESENTATION_CONTEXT('2D SPACE',''
  ) );
#4843 = PCURVE('',#4844,#4849);
#4844 = PLANE('',#4845);
#4845 = AXIS2_PLACEMENT_3D('',#4846,#4847,#4848);
#4846 = CARTESIAN_POINT('',(-4.5,-7.5,-28.));
#4847 = DIRECTION('',(0.,1.,0.));
#4848 = DIRECTION('',(0.,0.,1.));
#4849 = DEFINITIONAL_REPRESENTATION('',(#4850),#4853);
#4850 = B_SPLINE_CURVE_WITH_KNOTS('',1,(#4851,#4852),.UNSPECIFIED.,.F.,
  .F.,(2,2),(-2.25,0.75),.PIECEWISE_BEZIER_KNOTS.);
#4851 = CARTESIAN_POINT('',(14.143593539449,0.));
#4852 = CARTESIAN_POINT('',(14.143593539449,3.));
#4853 = ( GEOMETRIC_REPRESENTATION_CONTEXT(2) 
PARAMETRIC_REPRESENTATION_CONTEXT() REPRESENTATION_CONTEXT('2D SPACE',''
  ) );
#4854 = ORIENTED_EDGE('',*,*,#4855,.F.);
#4855 = EDGE_CURVE('',#4778,#4830,#4856,.T.);
#4856 = SURFACE_CURVE('',#4857,(#4861,#4867),.PCURVE_S1.);
#4857 = LINE('',#4858,#4859);
#4858 = CARTESIAN_POINT('',(-1.5,-7.75,-13.85640646055));
#4859 = VECTOR('',#4860,1.);
#4860 = DIRECTION('',(0.,-1.,2.22044604925E-16));
#4861 = PCURVE('',#2242,#4862);
#4862 = DEFINITIONAL_REPRESENTATION('',(#4863),#4866);
#4863 = B_SPLINE_CURVE_WITH_KNOTS('',1,(#4864,#4865),.UNSPECIFIED.,.F.,
  .F.,(2,2),(-15.25,-0.25),.PIECEWISE_BEZIER_KNOTS.);
#4864 = CARTESIAN_POINT('',(15.5,-1.5));
#4865 = CARTESIAN_POINT('',(0.5,-1.5));
#4866 = ( GEOMETRIC_REPRESENTATION_CONTEXT(2) 
PARAMETRIC_REPRESENTATION_CONTEXT() REPRESENTATION_CONTEXT('2D SPACE',''
  ) );
#4867 = PCURVE('',#4868,#4873);
#4868 = PLANE('',#4869);
#4869 = AXIS2_PLACEMENT_3D('',#4870,#4871,#4872);
#4870 = CARTESIAN_POINT('',(-1.5,-7.5,-28.));
#4871 = DIRECTION('',(1.,0.,0.));
#4872 = DIRECTION('',(0.,0.,1.));
#4873 = DEFINITIONAL_REPRESENTATION('',(#4874),#4877);
#4874 = B_SPLINE_CURVE_WITH_KNOTS('',1,(#4875,#4876),.UNSPECIFIED.,.F.,
  .F.,(2,2),(-15.25,-0.25),.PIECEWISE_BEZIER_KNOTS.);
#4875 = CARTESIAN_POINT('',(14.143593539449,-15.));
#4876 = CARTESIAN_POINT('',(14.143593539449,0.));
#4877 = ( GEOMETRIC_REPRESENTATION_CONTEXT(2) 
PARAMETRIC_REPRESENTATION_CONTEXT() REPRESENTATION_CONTEXT('2D SPACE',''
  ) );
#4878 = FACE_BOUND('',#4879,.T.);
#4879 = EDGE_LOOP('',(#4880,#4908,#4934,#4960));
#4880 = ORIENTED_EDGE('',*,*,#4881,.F.);
#4881 = EDGE_CURVE('',#4882,#4884,#4886,.T.);
#4882 = VERTEX_POINT('',#4883);
#4883 = CARTESIAN_POINT('',(1.5,7.5,-13.85640646055));
#4884 = VERTEX_POINT('',#4885);
#4885 = CARTESIAN_POINT('',(4.5,7.5,-13.85640646055));
#4886 = SURFACE_CURVE('',#4887,(#4891,#4897),.PCURVE_S1.);
#4887 = LINE('',#4888,#4889);
#4888 = CARTESIAN_POINT('',(0.75,7.5,-13.85640646055));
#4889 = VECTOR('',#4890,1.);
#4890 = DIRECTION('',(1.,-0.,0.));
#4891 = PCURVE('',#2242,#4892);
#4892 = DEFINITIONAL_REPRESENTATION('',(#4893),#4896);
#4893 = B_SPLINE_CURVE_WITH_KNOTS('',1,(#4894,#4895),.UNSPECIFIED.,.F.,
  .F.,(2,2),(0.75,3.75),.PIECEWISE_BEZIER_KNOTS.);
#4894 = CARTESIAN_POINT('',(15.5,1.5));
#4895 = CARTESIAN_POINT('',(15.5,4.5));
#4896 = ( GEOMETRIC_REPRESENTATION_CONTEXT(2) 
PARAMETRIC_REPRESENTATION_CONTEXT() REPRESENTATION_CONTEXT('2D SPACE',''
  ) );
#4897 = PCURVE('',#4898,#4903);
#4898 = PLANE('',#4899);
#4899 = AXIS2_PLACEMENT_3D('',#4900,#4901,#4902);
#4900 = CARTESIAN_POINT('',(1.5,7.5,-28.));
#4901 = DIRECTION('',(0.,1.,0.));
#4902 = DIRECTION('',(0.,0.,1.));
#4903 = DEFINITIONAL_REPRESENTATION('',(#4904),#4907);
#4904 = B_SPLINE_CURVE_WITH_KNOTS('',1,(#4905,#4906),.UNSPECIFIED.,.F.,
  .F.,(2,2),(0.75,3.75),.PIECEWISE_BEZIER_KNOTS.);
#4905 = CARTESIAN_POINT('',(14.143593539449,0.));
#4906 = CARTESIAN_POINT('',(14.143593539449,3.));
#4907 = ( GEOMETRIC_REPRESENTATION_CONTEXT(2) 
PARAMETRIC_REPRESENTATION_CONTEXT() REPRESENTATION_CONTEXT('2D SPACE',''
  ) );
#4908 = ORIENTED_EDGE('',*,*,#4909,.T.);
#4909 = EDGE_CURVE('',#4882,#4910,#4912,.T.);
#4910 = VERTEX_POINT('',#4911);
#4911 = CARTESIAN_POINT('',(1.5,-7.5,-13.85640646055));
#4912 = SURFACE_CURVE('',#4913,(#4917,#4923),.PCURVE_S1.);
#4913 = LINE('',#4914,#4915);
#4914 = CARTESIAN_POINT('',(1.5,-7.75,-13.85640646055));
#4915 = VECTOR('',#4916,1.);
#4916 = DIRECTION('',(0.,-1.,2.22044604925E-16));
#4917 = PCURVE('',#2242,#4918);
#4918 = DEFINITIONAL_REPRESENTATION('',(#4919),#4922);
#4919 = B_SPLINE_CURVE_WITH_KNOTS('',1,(#4920,#4921),.UNSPECIFIED.,.F.,
  .F.,(2,2),(-15.25,-0.25),.PIECEWISE_BEZIER_KNOTS.);
#4920 = CARTESIAN_POINT('',(15.5,1.5));
#4921 = CARTESIAN_POINT('',(0.5,1.5));
#4922 = ( GEOMETRIC_REPRESENTATION_CONTEXT(2) 
PARAMETRIC_REPRESENTATION_CONTEXT() REPRESENTATION_CONTEXT('2D SPACE',''
  ) );
#4923 = PCURVE('',#4924,#4929);
#4924 = PLANE('',#4925);
#4925 = AXIS2_PLACEMENT_3D('',#4926,#4927,#4928);
#4926 = CARTESIAN_POINT('',(1.5,-7.5,-28.));
#4927 = DIRECTION('',(1.,0.,0.));
#4928 = DIRECTION('',(0.,0.,1.));
#4929 = DEFINITIONAL_REPRESENTATION('',(#4930),#4933);
#4930 = B_SPLINE_CURVE_WITH_KNOTS('',1,(#4931,#4932),.UNSPECIFIED.,.F.,
  .F.,(2,2),(-15.25,-0.25),.PIECEWISE_BEZIER_KNOTS.);
#4931 = CARTESIAN_POINT('',(14.143593539449,-15.));
#4932 = CARTESIAN_POINT('',(14.143593539449,0.));
#4933 = ( GEOMETRIC_REPRESENTATION_CONTEXT(2) 
PARAMETRIC_REPRESENTATION_CONTEXT() REPRESENTATION_CONTEXT('2D SPACE',''
  ) );
#4934 = ORIENTED_EDGE('',*,*,#4935,.T.);
#4935 = EDGE_CURVE('',#4910,#4936,#4938,.T.);
#4936 = VERTEX_POINT('',#4937);
#4937 = CARTESIAN_POINT('',(4.5,-7.5,-13.85640646055));
#4938 = SURFACE_CURVE('',#4939,(#4943,#4949),.PCURVE_S1.);
#4939 = LINE('',#4940,#4941);
#4940 = CARTESIAN_POINT('',(0.75,-7.5,-13.85640646055));
#4941 = VECTOR('',#4942,1.);
#4942 = DIRECTION('',(1.,-0.,0.));
#4943 = PCURVE('',#2242,#4944);
#4944 = DEFINITIONAL_REPRESENTATION('',(#4945),#4948);
#4945 = B_SPLINE_CURVE_WITH_KNOTS('',1,(#4946,#4947),.UNSPECIFIED.,.F.,
  .F.,(2,2),(0.75,3.75),.PIECEWISE_BEZIER_KNOTS.);
#4946 = CARTESIAN_POINT('',(0.5,1.5));
#4947 = CARTESIAN_POINT('',(0.5,4.5));
#4948 = ( GEOMETRIC_REPRESENTATION_CONTEXT(2) 
PARAMETRIC_REPRESENTATION_CONTEXT() REPRESENTATION_CONTEXT('2D SPACE',''
  ) );
#4949 = PCURVE('',#4950,#4955);
#4950 = PLANE('',#4951);
#4951 = AXIS2_PLACEMENT_3D('',#4952,#4953,#4954);
#4952 = CARTESIAN_POINT('',(1.5,-7.5,-28.));
#4953 = DIRECTION('',(0.,1.,0.));
#4954 = DIRECTION('',(0.,0.,1.));
#4955 = DEFINITIONAL_REPRESENTATION('',(#4956),#4959);
#4956 = B_SPLINE_CURVE_WITH_KNOTS('',1,(#4957,#4958),.UNSPECIFIED.,.F.,
  .F.,(2,2),(0.75,3.75),.PIECEWISE_BEZIER_KNOTS.);
#4957 = CARTESIAN_POINT('',(14.143593539449,0.));
#4958 = CARTESIAN_POINT('',(14.143593539449,3.));
#4959 = ( GEOMETRIC_REPRESENTATION_CONTEXT(2) 
PARAMETRIC_REPRESENTATION_CONTEXT() REPRESENTATION_CONTEXT('2D SPACE',''
  ) );
#4960 = ORIENTED_EDGE('',*,*,#4961,.F.);
#4961 = EDGE_CURVE('',#4884,#4936,#4962,.T.);
#4962 = SURFACE_CURVE('',#4963,(#4967,#4973),.PCURVE_S1.);
#4963 = LINE('',#4964,#4965);
#4964 = CARTESIAN_POINT('',(4.5,-7.75,-13.85640646055));
#4965 = VECTOR('',#4966,1.);
#4966 = DIRECTION('',(0.,-1.,2.22044604925E-16));
#4967 = PCURVE('',#2242,#4968);
#4968 = DEFINITIONAL_REPRESENTATION('',(#4969),#4972);
#4969 = B_SPLINE_CURVE_WITH_KNOTS('',1,(#4970,#4971),.UNSPECIFIED.,.F.,
  .F.,(2,2),(-15.25,-0.25),.PIECEWISE_BEZIER_KNOTS.);
#4970 = CARTESIAN_POINT('',(15.5,4.5));
#4971 = CARTESIAN_POINT('',(0.5,4.5));
#4972 = ( GEOMETRIC_REPRESENTATION_CONTEXT(2) 
PARAMETRIC_REPRESENTATION_CONTEXT() REPRESENTATION_CONTEXT('2D SPACE',''
  ) );
#4973 = PCURVE('',#4974,#4979);
#4974 = PLANE('',#4975);
#4975 = AXIS2_PLACEMENT_3D('',#4976,#4977,#4978);
#4976 = CARTESIAN_POINT('',(4.5,-7.5,-28.));
#4977 = DIRECTION('',(1.,0.,0.));
#4978 = DIRECTION('',(0.,0.,1.));
#4979 = DEFINITIONAL_REPRESENTATION('',(#4980),#4983);
#4980 = B_SPLINE_CURVE_WITH_KNOTS('',1,(#4981,#4982),.UNSPECIFIED.,.F.,
  .F.,(2,2),(-15.25,-0.25),.PIECEWISE_BEZIER_KNOTS.);
#4981 = CARTESIAN_POINT('',(14.143593539449,-15.));
#4982 = CARTESIAN_POINT('',(14.143593539449,0.));
#4983 = ( GEOMETRIC_REPRESENTATION_CONTEXT(2) 
PARAMETRIC_REPRESENTATION_CONTEXT() REPRESENTATION_CONTEXT('2D SPACE',''
  ) );
#4984 = FACE_BOUND('',#4985,.T.);
#4985 = EDGE_LOOP('',(#4986,#5009,#5030,#5051));
#4986 = ORIENTED_EDGE('',*,*,#4987,.F.);
#4987 = EDGE_CURVE('',#4988,#4990,#4992,.T.);
#4988 = VERTEX_POINT('',#4989);
#4989 = CARTESIAN_POINT('',(42.5,3.,-13.85640646055));
#4990 = VERTEX_POINT('',#4991);
#4991 = CARTESIAN_POINT('',(45.5,3.,-13.85640646055));
#4992 = SURFACE_CURVE('',#4993,(#4997,#5003),.PCURVE_S1.);
#4993 = LINE('',#4994,#4995);
#4994 = CARTESIAN_POINT('',(21.25,3.,-13.85640646055));
#4995 = VECTOR('',#4996,1.);
#4996 = DIRECTION('',(1.,-0.,0.));
#4997 = PCURVE('',#2242,#4998);
#4998 = DEFINITIONAL_REPRESENTATION('',(#4999),#5002);
#4999 = B_SPLINE_CURVE_WITH_KNOTS('',1,(#5000,#5001),.UNSPECIFIED.,.F.,
  .F.,(2,2),(21.25,24.25),.PIECEWISE_BEZIER_KNOTS.);
#5000 = CARTESIAN_POINT('',(11.,42.5));
#5001 = CARTESIAN_POINT('',(11.,45.5));
#5002 = ( GEOMETRIC_REPRESENTATION_CONTEXT(2) 
PARAMETRIC_REPRESENTATION_CONTEXT() REPRESENTATION_CONTEXT('2D SPACE',''
  ) );
#5003 = PCURVE('',#3236,#5004);
#5004 = DEFINITIONAL_REPRESENTATION('',(#5005),#5008);
#5005 = B_SPLINE_CURVE_WITH_KNOTS('',1,(#5006,#5007),.UNSPECIFIED.,.F.,
  .F.,(2,2),(21.25,24.25),.PIECEWISE_BEZIER_KNOTS.);
#5006 = CARTESIAN_POINT('',(5.143593539449,0.));
#5007 = CARTESIAN_POINT('',(5.143593539449,3.));
#5008 = ( GEOMETRIC_REPRESENTATION_CONTEXT(2) 
PARAMETRIC_REPRESENTATION_CONTEXT() REPRESENTATION_CONTEXT('2D SPACE',''
  ) );
#5009 = ORIENTED_EDGE('',*,*,#5010,.T.);
#5010 = EDGE_CURVE('',#4988,#5011,#5013,.T.);
#5011 = VERTEX_POINT('',#5012);
#5012 = CARTESIAN_POINT('',(42.5,-3.,-13.85640646055));
#5013 = SURFACE_CURVE('',#5014,(#5018,#5024),.PCURVE_S1.);
#5014 = LINE('',#5015,#5016);
#5015 = CARTESIAN_POINT('',(42.5,-5.5,-13.85640646055));
#5016 = VECTOR('',#5017,1.);
#5017 = DIRECTION('',(0.,-1.,2.22044604925E-16));
#5018 = PCURVE('',#2242,#5019);
#5019 = DEFINITIONAL_REPRESENTATION('',(#5020),#5023);
#5020 = B_SPLINE_CURVE_WITH_KNOTS('',1,(#5021,#5022),.UNSPECIFIED.,.F.,
  .F.,(2,2),(-8.5,-2.5),.PIECEWISE_BEZIER_KNOTS.);
#5021 = CARTESIAN_POINT('',(11.,42.5));
#5022 = CARTESIAN_POINT('',(5.,42.5));
#5023 = ( GEOMETRIC_REPRESENTATION_CONTEXT(2) 
PARAMETRIC_REPRESENTATION_CONTEXT() REPRESENTATION_CONTEXT('2D SPACE',''
  ) );
#5024 = PCURVE('',#3210,#5025);
#5025 = DEFINITIONAL_REPRESENTATION('',(#5026),#5029);
#5026 = B_SPLINE_CURVE_WITH_KNOTS('',1,(#5027,#5028),.UNSPECIFIED.,.F.,
  .F.,(2,2),(-8.5,-2.5),.PIECEWISE_BEZIER_KNOTS.);
#5027 = CARTESIAN_POINT('',(5.143593539449,-6.));
#5028 = CARTESIAN_POINT('',(5.143593539449,0.));
#5029 = ( GEOMETRIC_REPRESENTATION_CONTEXT(2) 
PARAMETRIC_REPRESENTATION_CONTEXT() REPRESENTATION_CONTEXT('2D SPACE',''
  ) );
#5030 = ORIENTED_EDGE('',*,*,#5031,.T.);
#5031 = EDGE_CURVE('',#5011,#5032,#5034,.T.);
#5032 = VERTEX_POINT('',#5033);
#5033 = CARTESIAN_POINT('',(45.5,-3.,-13.85640646055));
#5034 = SURFACE_CURVE('',#5035,(#5039,#5045),.PCURVE_S1.);
#5035 = LINE('',#5036,#5037);
#5036 = CARTESIAN_POINT('',(21.25,-3.,-13.85640646055));
#5037 = VECTOR('',#5038,1.);
#5038 = DIRECTION('',(1.,-0.,0.));
#5039 = PCURVE('',#2242,#5040);
#5040 = DEFINITIONAL_REPRESENTATION('',(#5041),#5044);
#5041 = B_SPLINE_CURVE_WITH_KNOTS('',1,(#5042,#5043),.UNSPECIFIED.,.F.,
  .F.,(2,2),(21.25,24.25),.PIECEWISE_BEZIER_KNOTS.);
#5042 = CARTESIAN_POINT('',(5.,42.5));
#5043 = CARTESIAN_POINT('',(5.,45.5));
#5044 = ( GEOMETRIC_REPRESENTATION_CONTEXT(2) 
PARAMETRIC_REPRESENTATION_CONTEXT() REPRESENTATION_CONTEXT('2D SPACE',''
  ) );
#5045 = PCURVE('',#3184,#5046);
#5046 = DEFINITIONAL_REPRESENTATION('',(#5047),#5050);
#5047 = B_SPLINE_CURVE_WITH_KNOTS('',1,(#5048,#5049),.UNSPECIFIED.,.F.,
  .F.,(2,2),(21.25,24.25),.PIECEWISE_BEZIER_KNOTS.);
#5048 = CARTESIAN_POINT('',(5.143593539449,0.));
#5049 = CARTESIAN_POINT('',(5.143593539449,3.));
#5050 = ( GEOMETRIC_REPRESENTATION_CONTEXT(2) 
PARAMETRIC_REPRESENTATION_CONTEXT() REPRESENTATION_CONTEXT('2D SPACE',''
  ) );
#5051 = ORIENTED_EDGE('',*,*,#5052,.F.);
#5052 = EDGE_CURVE('',#4990,#5032,#5053,.T.);
#5053 = SURFACE_CURVE('',#5054,(#5058,#5064),.PCURVE_S1.);
#5054 = LINE('',#5055,#5056);
#5055 = CARTESIAN_POINT('',(45.5,-5.5,-13.85640646055));
#5056 = VECTOR('',#5057,1.);
#5057 = DIRECTION('',(0.,-1.,2.22044604925E-16));
#5058 = PCURVE('',#2242,#5059);
#5059 = DEFINITIONAL_REPRESENTATION('',(#5060),#5063);
#5060 = B_SPLINE_CURVE_WITH_KNOTS('',1,(#5061,#5062),.UNSPECIFIED.,.F.,
  .F.,(2,2),(-8.5,-2.5),.PIECEWISE_BEZIER_KNOTS.);
#5061 = CARTESIAN_POINT('',(11.,45.5));
#5062 = CARTESIAN_POINT('',(5.,45.5));
#5063 = ( GEOMETRIC_REPRESENTATION_CONTEXT(2) 
PARAMETRIC_REPRESENTATION_CONTEXT() REPRESENTATION_CONTEXT('2D SPACE',''
  ) );
#5064 = PCURVE('',#3260,#5065);
#5065 = DEFINITIONAL_REPRESENTATION('',(#5066),#5069);
#5066 = B_SPLINE_CURVE_WITH_KNOTS('',1,(#5067,#5068),.UNSPECIFIED.,.F.,
  .F.,(2,2),(-8.5,-2.5),.PIECEWISE_BEZIER_KNOTS.);
#5067 = CARTESIAN_POINT('',(5.143593539449,-6.));
#5068 = CARTESIAN_POINT('',(5.143593539449,0.));
#5069 = ( GEOMETRIC_REPRESENTATION_CONTEXT(2) 
PARAMETRIC_REPRESENTATION_CONTEXT() REPRESENTATION_CONTEXT('2D SPACE',''
  ) );
#5070 = ADVANCED_FACE('',(#5071),#3114,.T.);
#5071 = FACE_BOUND('',#5072,.T.);
#5072 = EDGE_LOOP('',(#5073,#5074,#5075,#5076));
#5073 = ORIENTED_EDGE('',*,*,#3567,.F.);
#5074 = ORIENTED_EDGE('',*,*,#4752,.F.);
#5075 = ORIENTED_EDGE('',*,*,#3450,.T.);
#5076 = ORIENTED_EDGE('',*,*,#3099,.F.);
#5077 = ADVANCED_FACE('',(#5078),#3184,.T.);
#5078 = FACE_BOUND('',#5079,.T.);
#5079 = EDGE_LOOP('',(#5080,#5101,#5102,#5123));
#5080 = ORIENTED_EDGE('',*,*,#5081,.F.);
#5081 = EDGE_CURVE('',#5032,#3168,#5082,.T.);
#5082 = SURFACE_CURVE('',#5083,(#5087,#5094),.PCURVE_S1.);
#5083 = LINE('',#5084,#5085);
#5084 = CARTESIAN_POINT('',(45.5,-3.,-19.));
#5085 = VECTOR('',#5086,1.);
#5086 = DIRECTION('',(0.,0.,1.));
#5087 = PCURVE('',#3184,#5088);
#5088 = DEFINITIONAL_REPRESENTATION('',(#5089),#5093);
#5089 = LINE('',#5090,#5091);
#5090 = CARTESIAN_POINT('',(0.,3.));
#5091 = VECTOR('',#5092,1.);
#5092 = DIRECTION('',(1.,0.));
#5093 = ( GEOMETRIC_REPRESENTATION_CONTEXT(2) 
PARAMETRIC_REPRESENTATION_CONTEXT() REPRESENTATION_CONTEXT('2D SPACE',''
  ) );
#5094 = PCURVE('',#3260,#5095);
#5095 = DEFINITIONAL_REPRESENTATION('',(#5096),#5100);
#5096 = LINE('',#5097,#5098);
#5097 = CARTESIAN_POINT('',(0.,0.));
#5098 = VECTOR('',#5099,1.);
#5099 = DIRECTION('',(1.,0.));
#5100 = ( GEOMETRIC_REPRESENTATION_CONTEXT(2) 
PARAMETRIC_REPRESENTATION_CONTEXT() REPRESENTATION_CONTEXT('2D SPACE',''
  ) );
#5101 = ORIENTED_EDGE('',*,*,#5031,.F.);
#5102 = ORIENTED_EDGE('',*,*,#5103,.T.);
#5103 = EDGE_CURVE('',#5011,#3170,#5104,.T.);
#5104 = SURFACE_CURVE('',#5105,(#5109,#5116),.PCURVE_S1.);
#5105 = LINE('',#5106,#5107);
#5106 = CARTESIAN_POINT('',(42.5,-3.,-19.));
#5107 = VECTOR('',#5108,1.);
#5108 = DIRECTION('',(0.,0.,1.));
#5109 = PCURVE('',#3184,#5110);
#5110 = DEFINITIONAL_REPRESENTATION('',(#5111),#5115);
#5111 = LINE('',#5112,#5113);
#5112 = CARTESIAN_POINT('',(0.,0.));
#5113 = VECTOR('',#5114,1.);
#5114 = DIRECTION('',(1.,0.));
#5115 = ( GEOMETRIC_REPRESENTATION_CONTEXT(2) 
PARAMETRIC_REPRESENTATION_CONTEXT() REPRESENTATION_CONTEXT('2D SPACE',''
  ) );
#5116 = PCURVE('',#3210,#5117);
#5117 = DEFINITIONAL_REPRESENTATION('',(#5118),#5122);
#5118 = LINE('',#5119,#5120);
#5119 = CARTESIAN_POINT('',(0.,0.));
#5120 = VECTOR('',#5121,1.);
#5121 = DIRECTION('',(1.,0.));
#5122 = ( GEOMETRIC_REPRESENTATION_CONTEXT(2) 
PARAMETRIC_REPRESENTATION_CONTEXT() REPRESENTATION_CONTEXT('2D SPACE',''
  ) );
#5123 = ORIENTED_EDGE('',*,*,#3167,.F.);
#5124 = ADVANCED_FACE('',(#5125),#3260,.F.);
#5125 = FACE_BOUND('',#5126,.F.);
#5126 = EDGE_LOOP('',(#5127,#5128,#5129,#5150));
#5127 = ORIENTED_EDGE('',*,*,#5081,.F.);
#5128 = ORIENTED_EDGE('',*,*,#5052,.F.);
#5129 = ORIENTED_EDGE('',*,*,#5130,.T.);
#5130 = EDGE_CURVE('',#4990,#3222,#5131,.T.);
#5131 = SURFACE_CURVE('',#5132,(#5136,#5143),.PCURVE_S1.);
#5132 = LINE('',#5133,#5134);
#5133 = CARTESIAN_POINT('',(45.5,3.,-19.));
#5134 = VECTOR('',#5135,1.);
#5135 = DIRECTION('',(0.,0.,1.));
#5136 = PCURVE('',#3260,#5137);
#5137 = DEFINITIONAL_REPRESENTATION('',(#5138),#5142);
#5138 = LINE('',#5139,#5140);
#5139 = CARTESIAN_POINT('',(0.,-6.));
#5140 = VECTOR('',#5141,1.);
#5141 = DIRECTION('',(1.,0.));
#5142 = ( GEOMETRIC_REPRESENTATION_CONTEXT(2) 
PARAMETRIC_REPRESENTATION_CONTEXT() REPRESENTATION_CONTEXT('2D SPACE',''
  ) );
#5143 = PCURVE('',#3236,#5144);
#5144 = DEFINITIONAL_REPRESENTATION('',(#5145),#5149);
#5145 = LINE('',#5146,#5147);
#5146 = CARTESIAN_POINT('',(0.,3.));
#5147 = VECTOR('',#5148,1.);
#5148 = DIRECTION('',(1.,0.));
#5149 = ( GEOMETRIC_REPRESENTATION_CONTEXT(2) 
PARAMETRIC_REPRESENTATION_CONTEXT() REPRESENTATION_CONTEXT('2D SPACE',''
  ) );
#5150 = ORIENTED_EDGE('',*,*,#3247,.F.);
#5151 = ADVANCED_FACE('',(#5152),#3236,.F.);
#5152 = FACE_BOUND('',#5153,.F.);
#5153 = EDGE_LOOP('',(#5154,#5155,#5156,#5177));
#5154 = ORIENTED_EDGE('',*,*,#5130,.F.);
#5155 = ORIENTED_EDGE('',*,*,#4987,.F.);
#5156 = ORIENTED_EDGE('',*,*,#5157,.T.);
#5157 = EDGE_CURVE('',#4988,#3196,#5158,.T.);
#5158 = SURFACE_CURVE('',#5159,(#5163,#5170),.PCURVE_S1.);
#5159 = LINE('',#5160,#5161);
#5160 = CARTESIAN_POINT('',(42.5,3.,-19.));
#5161 = VECTOR('',#5162,1.);
#5162 = DIRECTION('',(0.,0.,1.));
#5163 = PCURVE('',#3236,#5164);
#5164 = DEFINITIONAL_REPRESENTATION('',(#5165),#5169);
#5165 = LINE('',#5166,#5167);
#5166 = CARTESIAN_POINT('',(0.,0.));
#5167 = VECTOR('',#5168,1.);
#5168 = DIRECTION('',(1.,0.));
#5169 = ( GEOMETRIC_REPRESENTATION_CONTEXT(2) 
PARAMETRIC_REPRESENTATION_CONTEXT() REPRESENTATION_CONTEXT('2D SPACE',''
  ) );
#5170 = PCURVE('',#3210,#5171);
#5171 = DEFINITIONAL_REPRESENTATION('',(#5172),#5176);
#5172 = LINE('',#5173,#5174);
#5173 = CARTESIAN_POINT('',(0.,-6.));
#5174 = VECTOR('',#5175,1.);
#5175 = DIRECTION('',(1.,0.));
#5176 = ( GEOMETRIC_REPRESENTATION_CONTEXT(2) 
PARAMETRIC_REPRESENTATION_CONTEXT() REPRESENTATION_CONTEXT('2D SPACE',''
  ) );
#5177 = ORIENTED_EDGE('',*,*,#3221,.F.);
#5178 = ADVANCED_FACE('',(#5179),#3210,.T.);
#5179 = FACE_BOUND('',#5180,.T.);
#5180 = EDGE_LOOP('',(#5181,#5182,#5183,#5184));
#5181 = ORIENTED_EDGE('',*,*,#5103,.F.);
#5182 = ORIENTED_EDGE('',*,*,#5010,.F.);
#5183 = ORIENTED_EDGE('',*,*,#5157,.T.);
#5184 = ORIENTED_EDGE('',*,*,#3195,.F.);
#5185 = ADVANCED_FACE('',(#5186),#4792,.T.);
#5186 = FACE_BOUND('',#5187,.T.);
#5187 = EDGE_LOOP('',(#5188,#5211,#5238,#5259));
#5188 = ORIENTED_EDGE('',*,*,#5189,.F.);
#5189 = EDGE_CURVE('',#5190,#4778,#5192,.T.);
#5190 = VERTEX_POINT('',#5191);
#5191 = CARTESIAN_POINT('',(-1.5,7.5,-28.));
#5192 = SURFACE_CURVE('',#5193,(#5197,#5204),.PCURVE_S1.);
#5193 = LINE('',#5194,#5195);
#5194 = CARTESIAN_POINT('',(-1.5,7.5,-28.));
#5195 = VECTOR('',#5196,1.);
#5196 = DIRECTION('',(0.,0.,1.));
#5197 = PCURVE('',#4792,#5198);
#5198 = DEFINITIONAL_REPRESENTATION('',(#5199),#5203);
#5199 = LINE('',#5200,#5201);
#5200 = CARTESIAN_POINT('',(0.,3.));
#5201 = VECTOR('',#5202,1.);
#5202 = DIRECTION('',(1.,0.));
#5203 = ( GEOMETRIC_REPRESENTATION_CONTEXT(2) 
PARAMETRIC_REPRESENTATION_CONTEXT() REPRESENTATION_CONTEXT('2D SPACE',''
  ) );
#5204 = PCURVE('',#4868,#5205);
#5205 = DEFINITIONAL_REPRESENTATION('',(#5206),#5210);
#5206 = LINE('',#5207,#5208);
#5207 = CARTESIAN_POINT('',(0.,-15.));
#5208 = VECTOR('',#5209,1.);
#5209 = DIRECTION('',(1.,0.));
#5210 = ( GEOMETRIC_REPRESENTATION_CONTEXT(2) 
PARAMETRIC_REPRESENTATION_CONTEXT() REPRESENTATION_CONTEXT('2D SPACE',''
  ) );
#5211 = ORIENTED_EDGE('',*,*,#5212,.F.);
#5212 = EDGE_CURVE('',#5213,#5190,#5215,.T.);
#5213 = VERTEX_POINT('',#5214);
#5214 = CARTESIAN_POINT('',(-4.5,7.5,-28.));
#5215 = SURFACE_CURVE('',#5216,(#5220,#5227),.PCURVE_S1.);
#5216 = LINE('',#5217,#5218);
#5217 = CARTESIAN_POINT('',(-4.5,7.5,-28.));
#5218 = VECTOR('',#5219,1.);
#5219 = DIRECTION('',(1.,0.,0.));
#5220 = PCURVE('',#4792,#5221);
#5221 = DEFINITIONAL_REPRESENTATION('',(#5222),#5226);
#5222 = LINE('',#5223,#5224);
#5223 = CARTESIAN_POINT('',(0.,0.));
#5224 = VECTOR('',#5225,1.);
#5225 = DIRECTION('',(0.,1.));
#5226 = ( GEOMETRIC_REPRESENTATION_CONTEXT(2) 
PARAMETRIC_REPRESENTATION_CONTEXT() REPRESENTATION_CONTEXT('2D SPACE',''
  ) );
#5227 = PCURVE('',#5228,#5233);
#5228 = CYLINDRICAL_SURFACE('',#5229,7.5);
#5229 = AXIS2_PLACEMENT_3D('',#5230,#5231,#5232);
#5230 = CARTESIAN_POINT('',(-4.5,0.,-28.));
#5231 = DIRECTION('',(1.,0.,2.22044604925E-16));
#5232 = DIRECTION('',(2.22044604925E-16,0.,-1.));
#5233 = DEFINITIONAL_REPRESENTATION('',(#5234),#5237);
#5234 = B_SPLINE_CURVE_WITH_KNOTS('',1,(#5235,#5236),.UNSPECIFIED.,.F.,
  .F.,(2,2),(0.,3.),.PIECEWISE_BEZIER_KNOTS.);
#5235 = CARTESIAN_POINT('',(7.853981633974,0.));
#5236 = CARTESIAN_POINT('',(7.853981633974,3.));
#5237 = ( GEOMETRIC_REPRESENTATION_CONTEXT(2) 
PARAMETRIC_REPRESENTATION_CONTEXT() REPRESENTATION_CONTEXT('2D SPACE',''
  ) );
#5238 = ORIENTED_EDGE('',*,*,#5239,.T.);
#5239 = EDGE_CURVE('',#5213,#4776,#5240,.T.);
#5240 = SURFACE_CURVE('',#5241,(#5245,#5252),.PCURVE_S1.);
#5241 = LINE('',#5242,#5243);
#5242 = CARTESIAN_POINT('',(-4.5,7.5,-28.));
#5243 = VECTOR('',#5244,1.);
#5244 = DIRECTION('',(0.,0.,1.));
#5245 = PCURVE('',#4792,#5246);
#5246 = DEFINITIONAL_REPRESENTATION('',(#5247),#5251);
#5247 = LINE('',#5248,#5249);
#5248 = CARTESIAN_POINT('',(0.,0.));
#5249 = VECTOR('',#5250,1.);
#5250 = DIRECTION('',(1.,0.));
#5251 = ( GEOMETRIC_REPRESENTATION_CONTEXT(2) 
PARAMETRIC_REPRESENTATION_CONTEXT() REPRESENTATION_CONTEXT('2D SPACE',''
  ) );
#5252 = PCURVE('',#4818,#5253);
#5253 = DEFINITIONAL_REPRESENTATION('',(#5254),#5258);
#5254 = LINE('',#5255,#5256);
#5255 = CARTESIAN_POINT('',(0.,-15.));
#5256 = VECTOR('',#5257,1.);
#5257 = DIRECTION('',(1.,0.));
#5258 = ( GEOMETRIC_REPRESENTATION_CONTEXT(2) 
PARAMETRIC_REPRESENTATION_CONTEXT() REPRESENTATION_CONTEXT('2D SPACE',''
  ) );
#5259 = ORIENTED_EDGE('',*,*,#4775,.T.);
#5260 = ADVANCED_FACE('',(#5261,#5310),#4868,.T.);
#5261 = FACE_BOUND('',#5262,.T.);
#5262 = EDGE_LOOP('',(#5263,#5264,#5265,#5288));
#5263 = ORIENTED_EDGE('',*,*,#5189,.T.);
#5264 = ORIENTED_EDGE('',*,*,#4855,.T.);
#5265 = ORIENTED_EDGE('',*,*,#5266,.F.);
#5266 = EDGE_CURVE('',#5267,#4830,#5269,.T.);
#5267 = VERTEX_POINT('',#5268);
#5268 = CARTESIAN_POINT('',(-1.5,-7.5,-28.));
#5269 = SURFACE_CURVE('',#5270,(#5274,#5281),.PCURVE_S1.);
#5270 = LINE('',#5271,#5272);
#5271 = CARTESIAN_POINT('',(-1.5,-7.5,-28.));
#5272 = VECTOR('',#5273,1.);
#5273 = DIRECTION('',(0.,0.,1.));
#5274 = PCURVE('',#4868,#5275);
#5275 = DEFINITIONAL_REPRESENTATION('',(#5276),#5280);
#5276 = LINE('',#5277,#5278);
#5277 = CARTESIAN_POINT('',(0.,0.));
#5278 = VECTOR('',#5279,1.);
#5279 = DIRECTION('',(1.,0.));
#5280 = ( GEOMETRIC_REPRESENTATION_CONTEXT(2) 
PARAMETRIC_REPRESENTATION_CONTEXT() REPRESENTATION_CONTEXT('2D SPACE',''
  ) );
#5281 = PCURVE('',#4844,#5282);
#5282 = DEFINITIONAL_REPRESENTATION('',(#5283),#5287);
#5283 = LINE('',#5284,#5285);
#5284 = CARTESIAN_POINT('',(0.,3.));
#5285 = VECTOR('',#5286,1.);
#5286 = DIRECTION('',(1.,0.));
#5287 = ( GEOMETRIC_REPRESENTATION_CONTEXT(2) 
PARAMETRIC_REPRESENTATION_CONTEXT() REPRESENTATION_CONTEXT('2D SPACE',''
  ) );
#5288 = ORIENTED_EDGE('',*,*,#5289,.T.);
#5289 = EDGE_CURVE('',#5267,#5190,#5290,.T.);
#5290 = SURFACE_CURVE('',#5291,(#5296,#5303),.PCURVE_S1.);
#5291 = CIRCLE('',#5292,7.5);
#5292 = AXIS2_PLACEMENT_3D('',#5293,#5294,#5295);
#5293 = CARTESIAN_POINT('',(-1.5,0.,-28.));
#5294 = DIRECTION('',(1.,0.,2.368475785867E-16));
#5295 = DIRECTION('',(0.,-1.,0.));
#5296 = PCURVE('',#4868,#5297);
#5297 = DEFINITIONAL_REPRESENTATION('',(#5298),#5302);
#5298 = CIRCLE('',#5299,7.5);
#5299 = AXIS2_PLACEMENT_2D('',#5300,#5301);
#5300 = CARTESIAN_POINT('',(0.,-7.5));
#5301 = DIRECTION('',(0.,1.));
#5302 = ( GEOMETRIC_REPRESENTATION_CONTEXT(2) 
PARAMETRIC_REPRESENTATION_CONTEXT() REPRESENTATION_CONTEXT('2D SPACE',''
  ) );
#5303 = PCURVE('',#5228,#5304);
#5304 = DEFINITIONAL_REPRESENTATION('',(#5305),#5309);
#5305 = LINE('',#5306,#5307);
#5306 = CARTESIAN_POINT('',(4.712388980385,3.));
#5307 = VECTOR('',#5308,1.);
#5308 = DIRECTION('',(1.,0.));
#5309 = ( GEOMETRIC_REPRESENTATION_CONTEXT(2) 
PARAMETRIC_REPRESENTATION_CONTEXT() REPRESENTATION_CONTEXT('2D SPACE',''
  ) );
#5310 = FACE_BOUND('',#5311,.T.);
#5311 = EDGE_LOOP('',(#5312));
#5312 = ORIENTED_EDGE('',*,*,#5313,.F.);
#5313 = EDGE_CURVE('',#5314,#5314,#5316,.T.);
#5314 = VERTEX_POINT('',#5315);
#5315 = CARTESIAN_POINT('',(-1.5,-6.123233995737E-16,-30.5));
#5316 = SURFACE_CURVE('',#5317,(#5322,#5329),.PCURVE_S1.);
#5317 = CIRCLE('',#5318,2.5);
#5318 = AXIS2_PLACEMENT_3D('',#5319,#5320,#5321);
#5319 = CARTESIAN_POINT('',(-1.5,0.,-28.));
#5320 = DIRECTION('',(1.,0.,2.22044604925E-16));
#5321 = DIRECTION('',(2.22044604925E-16,0.,-1.));
#5322 = PCURVE('',#4868,#5323);
#5323 = DEFINITIONAL_REPRESENTATION('',(#5324),#5328);
#5324 = CIRCLE('',#5325,2.5);
#5325 = AXIS2_PLACEMENT_2D('',#5326,#5327);
#5326 = CARTESIAN_POINT('',(0.,-7.5));
#5327 = DIRECTION('',(-1.,0.));
#5328 = ( GEOMETRIC_REPRESENTATION_CONTEXT(2) 
PARAMETRIC_REPRESENTATION_CONTEXT() REPRESENTATION_CONTEXT('2D SPACE',''
  ) );
#5329 = PCURVE('',#5330,#5335);
#5330 = CYLINDRICAL_SURFACE('',#5331,2.5);
#5331 = AXIS2_PLACEMENT_3D('',#5332,#5333,#5334);
#5332 = CARTESIAN_POINT('',(-5.5,0.,-28.));
#5333 = DIRECTION('',(1.,0.,2.22044604925E-16));
#5334 = DIRECTION('',(2.22044604925E-16,0.,-1.));
#5335 = DEFINITIONAL_REPRESENTATION('',(#5336),#5340);
#5336 = LINE('',#5337,#5338);
#5337 = CARTESIAN_POINT('',(0.,4.));
#5338 = VECTOR('',#5339,1.);
#5339 = DIRECTION('',(1.,0.));
#5340 = ( GEOMETRIC_REPRESENTATION_CONTEXT(2) 
PARAMETRIC_REPRESENTATION_CONTEXT() REPRESENTATION_CONTEXT('2D SPACE',''
  ) );
#5341 = ADVANCED_FACE('',(#5342),#4844,.F.);
#5342 = FACE_BOUND('',#5343,.F.);
#5343 = EDGE_LOOP('',(#5344,#5345,#5367,#5388));
#5344 = ORIENTED_EDGE('',*,*,#5266,.F.);
#5345 = ORIENTED_EDGE('',*,*,#5346,.F.);
#5346 = EDGE_CURVE('',#5347,#5267,#5349,.T.);
#5347 = VERTEX_POINT('',#5348);
#5348 = CARTESIAN_POINT('',(-4.5,-7.5,-28.));
#5349 = SURFACE_CURVE('',#5350,(#5354,#5361),.PCURVE_S1.);
#5350 = LINE('',#5351,#5352);
#5351 = CARTESIAN_POINT('',(-4.5,-7.5,-28.));
#5352 = VECTOR('',#5353,1.);
#5353 = DIRECTION('',(1.,0.,0.));
#5354 = PCURVE('',#4844,#5355);
#5355 = DEFINITIONAL_REPRESENTATION('',(#5356),#5360);
#5356 = LINE('',#5357,#5358);
#5357 = CARTESIAN_POINT('',(0.,0.));
#5358 = VECTOR('',#5359,1.);
#5359 = DIRECTION('',(0.,1.));
#5360 = ( GEOMETRIC_REPRESENTATION_CONTEXT(2) 
PARAMETRIC_REPRESENTATION_CONTEXT() REPRESENTATION_CONTEXT('2D SPACE',''
  ) );
#5361 = PCURVE('',#5228,#5362);
#5362 = DEFINITIONAL_REPRESENTATION('',(#5363),#5366);
#5363 = B_SPLINE_CURVE_WITH_KNOTS('',1,(#5364,#5365),.UNSPECIFIED.,.F.,
  .F.,(2,2),(0.,3.),.PIECEWISE_BEZIER_KNOTS.);
#5364 = CARTESIAN_POINT('',(4.712388980385,0.));
#5365 = CARTESIAN_POINT('',(4.712388980385,3.));
#5366 = ( GEOMETRIC_REPRESENTATION_CONTEXT(2) 
PARAMETRIC_REPRESENTATION_CONTEXT() REPRESENTATION_CONTEXT('2D SPACE',''
  ) );
#5367 = ORIENTED_EDGE('',*,*,#5368,.T.);
#5368 = EDGE_CURVE('',#5347,#4804,#5369,.T.);
#5369 = SURFACE_CURVE('',#5370,(#5374,#5381),.PCURVE_S1.);
#5370 = LINE('',#5371,#5372);
#5371 = CARTESIAN_POINT('',(-4.5,-7.5,-28.));
#5372 = VECTOR('',#5373,1.);
#5373 = DIRECTION('',(0.,0.,1.));
#5374 = PCURVE('',#4844,#5375);
#5375 = DEFINITIONAL_REPRESENTATION('',(#5376),#5380);
#5376 = LINE('',#5377,#5378);
#5377 = CARTESIAN_POINT('',(0.,0.));
#5378 = VECTOR('',#5379,1.);
#5379 = DIRECTION('',(1.,0.));
#5380 = ( GEOMETRIC_REPRESENTATION_CONTEXT(2) 
PARAMETRIC_REPRESENTATION_CONTEXT() REPRESENTATION_CONTEXT('2D SPACE',''
  ) );
#5381 = PCURVE('',#4818,#5382);
#5382 = DEFINITIONAL_REPRESENTATION('',(#5383),#5387);
#5383 = LINE('',#5384,#5385);
#5384 = CARTESIAN_POINT('',(0.,0.));
#5385 = VECTOR('',#5386,1.);
#5386 = DIRECTION('',(1.,0.));
#5387 = ( GEOMETRIC_REPRESENTATION_CONTEXT(2) 
PARAMETRIC_REPRESENTATION_CONTEXT() REPRESENTATION_CONTEXT('2D SPACE',''
  ) );
#5388 = ORIENTED_EDGE('',*,*,#4829,.T.);
#5389 = ADVANCED_FACE('',(#5390,#5421),#4818,.F.);
#5390 = FACE_BOUND('',#5391,.F.);
#5391 = EDGE_LOOP('',(#5392,#5393,#5394,#5395));
#5392 = ORIENTED_EDGE('',*,*,#5239,.T.);
#5393 = ORIENTED_EDGE('',*,*,#4803,.T.);
#5394 = ORIENTED_EDGE('',*,*,#5368,.F.);
#5395 = ORIENTED_EDGE('',*,*,#5396,.F.);
#5396 = EDGE_CURVE('',#5213,#5347,#5397,.T.);
#5397 = SURFACE_CURVE('',#5398,(#5403,#5414),.PCURVE_S1.);
#5398 = CIRCLE('',#5399,7.5);
#5399 = AXIS2_PLACEMENT_3D('',#5400,#5401,#5402);
#5400 = CARTESIAN_POINT('',(-4.5,0.,-28.));
#5401 = DIRECTION('',(-1.,0.,-2.368475785867E-16));
#5402 = DIRECTION('',(0.,1.,0.));
#5403 = PCURVE('',#4818,#5404);
#5404 = DEFINITIONAL_REPRESENTATION('',(#5405),#5413);
#5405 = ( BOUNDED_CURVE() B_SPLINE_CURVE(2,(#5406,#5407,#5408,#5409,
#5410,#5411,#5412),.UNSPECIFIED.,.T.,.F.) B_SPLINE_CURVE_WITH_KNOTS((1,2
    ,2,2,2,1),(-2.094395102393,0.,2.094395102393,4.188790204786,
6.28318530718,8.377580409573),.UNSPECIFIED.) CURVE() 
GEOMETRIC_REPRESENTATION_ITEM() RATIONAL_B_SPLINE_CURVE((1.,0.5,1.,0.5,
1.,0.5,1.)) REPRESENTATION_ITEM('') );
#5406 = CARTESIAN_POINT('',(0.,-15.));
#5407 = CARTESIAN_POINT('',(-12.99038105676,-15.));
#5408 = CARTESIAN_POINT('',(-6.495190528383,-3.75));
#5409 = CARTESIAN_POINT('',(-1.836970198721E-15,7.5));
#5410 = CARTESIAN_POINT('',(6.495190528383,-3.75));
#5411 = CARTESIAN_POINT('',(12.990381056767,-15.));
#5412 = CARTESIAN_POINT('',(0.,-15.));
#5413 = ( GEOMETRIC_REPRESENTATION_CONTEXT(2) 
PARAMETRIC_REPRESENTATION_CONTEXT() REPRESENTATION_CONTEXT('2D SPACE',''
  ) );
#5414 = PCURVE('',#5228,#5415);
#5415 = DEFINITIONAL_REPRESENTATION('',(#5416),#5420);
#5416 = LINE('',#5417,#5418);
#5417 = CARTESIAN_POINT('',(7.853981633974,0.));
#5418 = VECTOR('',#5419,1.);
#5419 = DIRECTION('',(-1.,-0.));
#5420 = ( GEOMETRIC_REPRESENTATION_CONTEXT(2) 
PARAMETRIC_REPRESENTATION_CONTEXT() REPRESENTATION_CONTEXT('2D SPACE',''
  ) );
#5421 = FACE_BOUND('',#5422,.F.);
#5422 = EDGE_LOOP('',(#5423));
#5423 = ORIENTED_EDGE('',*,*,#5424,.F.);
#5424 = EDGE_CURVE('',#5425,#5425,#5427,.T.);
#5425 = VERTEX_POINT('',#5426);
#5426 = CARTESIAN_POINT('',(-4.5,-6.123233995737E-16,-30.5));
#5427 = SURFACE_CURVE('',#5428,(#5433,#5440),.PCURVE_S1.);
#5428 = CIRCLE('',#5429,2.5);
#5429 = AXIS2_PLACEMENT_3D('',#5430,#5431,#5432);
#5430 = CARTESIAN_POINT('',(-4.5,0.,-28.));
#5431 = DIRECTION('',(1.,0.,2.22044604925E-16));
#5432 = DIRECTION('',(2.22044604925E-16,0.,-1.));
#5433 = PCURVE('',#4818,#5434);
#5434 = DEFINITIONAL_REPRESENTATION('',(#5435),#5439);
#5435 = CIRCLE('',#5436,2.5);
#5436 = AXIS2_PLACEMENT_2D('',#5437,#5438);
#5437 = CARTESIAN_POINT('',(0.,-7.5));
#5438 = DIRECTION('',(-1.,0.));
#5439 = ( GEOMETRIC_REPRESENTATION_CONTEXT(2) 
PARAMETRIC_REPRESENTATION_CONTEXT() REPRESENTATION_CONTEXT('2D SPACE',''
  ) );
#5440 = PCURVE('',#5330,#5441);
#5441 = DEFINITIONAL_REPRESENTATION('',(#5442),#5446);
#5442 = LINE('',#5443,#5444);
#5443 = CARTESIAN_POINT('',(0.,1.));
#5444 = VECTOR('',#5445,1.);
#5445 = DIRECTION('',(1.,0.));
#5446 = ( GEOMETRIC_REPRESENTATION_CONTEXT(2) 
PARAMETRIC_REPRESENTATION_CONTEXT() REPRESENTATION_CONTEXT('2D SPACE',''
  ) );
#5447 = ADVANCED_FACE('',(#5448),#4898,.T.);
#5448 = FACE_BOUND('',#5449,.T.);
#5449 = EDGE_LOOP('',(#5450,#5473,#5500,#5521));
#5450 = ORIENTED_EDGE('',*,*,#5451,.F.);
#5451 = EDGE_CURVE('',#5452,#4884,#5454,.T.);
#5452 = VERTEX_POINT('',#5453);
#5453 = CARTESIAN_POINT('',(4.5,7.5,-28.));
#5454 = SURFACE_CURVE('',#5455,(#5459,#5466),.PCURVE_S1.);
#5455 = LINE('',#5456,#5457);
#5456 = CARTESIAN_POINT('',(4.5,7.5,-28.));
#5457 = VECTOR('',#5458,1.);
#5458 = DIRECTION('',(0.,0.,1.));
#5459 = PCURVE('',#4898,#5460);
#5460 = DEFINITIONAL_REPRESENTATION('',(#5461),#5465);
#5461 = LINE('',#5462,#5463);
#5462 = CARTESIAN_POINT('',(0.,3.));
#5463 = VECTOR('',#5464,1.);
#5464 = DIRECTION('',(1.,0.));
#5465 = ( GEOMETRIC_REPRESENTATION_CONTEXT(2) 
PARAMETRIC_REPRESENTATION_CONTEXT() REPRESENTATION_CONTEXT('2D SPACE',''
  ) );
#5466 = PCURVE('',#4974,#5467);
#5467 = DEFINITIONAL_REPRESENTATION('',(#5468),#5472);
#5468 = LINE('',#5469,#5470);
#5469 = CARTESIAN_POINT('',(0.,-15.));
#5470 = VECTOR('',#5471,1.);
#5471 = DIRECTION('',(1.,0.));
#5472 = ( GEOMETRIC_REPRESENTATION_CONTEXT(2) 
PARAMETRIC_REPRESENTATION_CONTEXT() REPRESENTATION_CONTEXT('2D SPACE',''
  ) );
#5473 = ORIENTED_EDGE('',*,*,#5474,.F.);
#5474 = EDGE_CURVE('',#5475,#5452,#5477,.T.);
#5475 = VERTEX_POINT('',#5476);
#5476 = CARTESIAN_POINT('',(1.5,7.5,-28.));
#5477 = SURFACE_CURVE('',#5478,(#5482,#5489),.PCURVE_S1.);
#5478 = LINE('',#5479,#5480);
#5479 = CARTESIAN_POINT('',(1.5,7.5,-28.));
#5480 = VECTOR('',#5481,1.);
#5481 = DIRECTION('',(1.,0.,0.));
#5482 = PCURVE('',#4898,#5483);
#5483 = DEFINITIONAL_REPRESENTATION('',(#5484),#5488);
#5484 = LINE('',#5485,#5486);
#5485 = CARTESIAN_POINT('',(0.,0.));
#5486 = VECTOR('',#5487,1.);
#5487 = DIRECTION('',(0.,1.));
#5488 = ( GEOMETRIC_REPRESENTATION_CONTEXT(2) 
PARAMETRIC_REPRESENTATION_CONTEXT() REPRESENTATION_CONTEXT('2D SPACE',''
  ) );
#5489 = PCURVE('',#5490,#5495);
#5490 = CYLINDRICAL_SURFACE('',#5491,7.5);
#5491 = AXIS2_PLACEMENT_3D('',#5492,#5493,#5494);
#5492 = CARTESIAN_POINT('',(1.5,0.,-28.));
#5493 = DIRECTION('',(1.,0.,2.22044604925E-16));
#5494 = DIRECTION('',(2.22044604925E-16,0.,-1.));
#5495 = DEFINITIONAL_REPRESENTATION('',(#5496),#5499);
#5496 = B_SPLINE_CURVE_WITH_KNOTS('',1,(#5497,#5498),.UNSPECIFIED.,.F.,
  .F.,(2,2),(0.,3.),.PIECEWISE_BEZIER_KNOTS.);
#5497 = CARTESIAN_POINT('',(7.853981633974,0.));
#5498 = CARTESIAN_POINT('',(7.853981633974,3.));
#5499 = ( GEOMETRIC_REPRESENTATION_CONTEXT(2) 
PARAMETRIC_REPRESENTATION_CONTEXT() REPRESENTATION_CONTEXT('2D SPACE',''
  ) );
#5500 = ORIENTED_EDGE('',*,*,#5501,.T.);
#5501 = EDGE_CURVE('',#5475,#4882,#5502,.T.);
#5502 = SURFACE_CURVE('',#5503,(#5507,#5514),.PCURVE_S1.);
#5503 = LINE('',#5504,#5505);
#5504 = CARTESIAN_POINT('',(1.5,7.5,-28.));
#5505 = VECTOR('',#5506,1.);
#5506 = DIRECTION('',(0.,0.,1.));
#5507 = PCURVE('',#4898,#5508);
#5508 = DEFINITIONAL_REPRESENTATION('',(#5509),#5513);
#5509 = LINE('',#5510,#5511);
#5510 = CARTESIAN_POINT('',(0.,0.));
#5511 = VECTOR('',#5512,1.);
#5512 = DIRECTION('',(1.,0.));
#5513 = ( GEOMETRIC_REPRESENTATION_CONTEXT(2) 
PARAMETRIC_REPRESENTATION_CONTEXT() REPRESENTATION_CONTEXT('2D SPACE',''
  ) );
#5514 = PCURVE('',#4924,#5515);
#5515 = DEFINITIONAL_REPRESENTATION('',(#5516),#5520);
#5516 = LINE('',#5517,#5518);
#5517 = CARTESIAN_POINT('',(0.,-15.));
#5518 = VECTOR('',#5519,1.);
#5519 = DIRECTION('',(1.,0.));
#5520 = ( GEOMETRIC_REPRESENTATION_CONTEXT(2) 
PARAMETRIC_REPRESENTATION_CONTEXT() REPRESENTATION_CONTEXT('2D SPACE',''
  ) );
#5521 = ORIENTED_EDGE('',*,*,#4881,.T.);
#5522 = ADVANCED_FACE('',(#5523,#5572),#4974,.T.);
#5523 = FACE_BOUND('',#5524,.T.);
#5524 = EDGE_LOOP('',(#5525,#5526,#5527,#5550));
#5525 = ORIENTED_EDGE('',*,*,#5451,.T.);
#5526 = ORIENTED_EDGE('',*,*,#4961,.T.);
#5527 = ORIENTED_EDGE('',*,*,#5528,.F.);
#5528 = EDGE_CURVE('',#5529,#4936,#5531,.T.);
#5529 = VERTEX_POINT('',#5530);
#5530 = CARTESIAN_POINT('',(4.5,-7.5,-28.));
#5531 = SURFACE_CURVE('',#5532,(#5536,#5543),.PCURVE_S1.);
#5532 = LINE('',#5533,#5534);
#5533 = CARTESIAN_POINT('',(4.5,-7.5,-28.));
#5534 = VECTOR('',#5535,1.);
#5535 = DIRECTION('',(0.,0.,1.));
#5536 = PCURVE('',#4974,#5537);
#5537 = DEFINITIONAL_REPRESENTATION('',(#5538),#5542);
#5538 = LINE('',#5539,#5540);
#5539 = CARTESIAN_POINT('',(0.,0.));
#5540 = VECTOR('',#5541,1.);
#5541 = DIRECTION('',(1.,0.));
#5542 = ( GEOMETRIC_REPRESENTATION_CONTEXT(2) 
PARAMETRIC_REPRESENTATION_CONTEXT() REPRESENTATION_CONTEXT('2D SPACE',''
  ) );
#5543 = PCURVE('',#4950,#5544);
#5544 = DEFINITIONAL_REPRESENTATION('',(#5545),#5549);
#5545 = LINE('',#5546,#5547);
#5546 = CARTESIAN_POINT('',(0.,3.));
#5547 = VECTOR('',#5548,1.);
#5548 = DIRECTION('',(1.,0.));
#5549 = ( GEOMETRIC_REPRESENTATION_CONTEXT(2) 
PARAMETRIC_REPRESENTATION_CONTEXT() REPRESENTATION_CONTEXT('2D SPACE',''
  ) );
#5550 = ORIENTED_EDGE('',*,*,#5551,.T.);
#5551 = EDGE_CURVE('',#5529,#5452,#5552,.T.);
#5552 = SURFACE_CURVE('',#5553,(#5558,#5565),.PCURVE_S1.);
#5553 = CIRCLE('',#5554,7.5);
#5554 = AXIS2_PLACEMENT_3D('',#5555,#5556,#5557);
#5555 = CARTESIAN_POINT('',(4.5,0.,-28.));
#5556 = DIRECTION('',(1.,0.,2.368475785867E-16));
#5557 = DIRECTION('',(0.,-1.,0.));
#5558 = PCURVE('',#4974,#5559);
#5559 = DEFINITIONAL_REPRESENTATION('',(#5560),#5564);
#5560 = CIRCLE('',#5561,7.5);
#5561 = AXIS2_PLACEMENT_2D('',#5562,#5563);
#5562 = CARTESIAN_POINT('',(0.,-7.5));
#5563 = DIRECTION('',(0.,1.));
#5564 = ( GEOMETRIC_REPRESENTATION_CONTEXT(2) 
PARAMETRIC_REPRESENTATION_CONTEXT() REPRESENTATION_CONTEXT('2D SPACE',''
  ) );
#5565 = PCURVE('',#5490,#5566);
#5566 = DEFINITIONAL_REPRESENTATION('',(#5567),#5571);
#5567 = LINE('',#5568,#5569);
#5568 = CARTESIAN_POINT('',(4.712388980385,3.));
#5569 = VECTOR('',#5570,1.);
#5570 = DIRECTION('',(1.,0.));
#5571 = ( GEOMETRIC_REPRESENTATION_CONTEXT(2) 
PARAMETRIC_REPRESENTATION_CONTEXT() REPRESENTATION_CONTEXT('2D SPACE',''
  ) );
#5572 = FACE_BOUND('',#5573,.T.);
#5573 = EDGE_LOOP('',(#5574));
#5574 = ORIENTED_EDGE('',*,*,#5575,.F.);
#5575 = EDGE_CURVE('',#5576,#5576,#5578,.T.);
#5576 = VERTEX_POINT('',#5577);
#5577 = CARTESIAN_POINT('',(4.5,-6.123233995737E-16,-30.5));
#5578 = SURFACE_CURVE('',#5579,(#5584,#5591),.PCURVE_S1.);
#5579 = CIRCLE('',#5580,2.5);
#5580 = AXIS2_PLACEMENT_3D('',#5581,#5582,#5583);
#5581 = CARTESIAN_POINT('',(4.5,0.,-28.));
#5582 = DIRECTION('',(1.,0.,2.22044604925E-16));
#5583 = DIRECTION('',(2.22044604925E-16,0.,-1.));
#5584 = PCURVE('',#4974,#5585);
#5585 = DEFINITIONAL_REPRESENTATION('',(#5586),#5590);
#5586 = CIRCLE('',#5587,2.5);
#5587 = AXIS2_PLACEMENT_2D('',#5588,#5589);
#5588 = CARTESIAN_POINT('',(0.,-7.5));
#5589 = DIRECTION('',(-1.,0.));
#5590 = ( GEOMETRIC_REPRESENTATION_CONTEXT(2) 
PARAMETRIC_REPRESENTATION_CONTEXT() REPRESENTATION_CONTEXT('2D SPACE',''
  ) );
#5591 = PCURVE('',#5592,#5597);
#5592 = CYLINDRICAL_SURFACE('',#5593,2.5);
#5593 = AXIS2_PLACEMENT_3D('',#5594,#5595,#5596);
#5594 = CARTESIAN_POINT('',(0.5,0.,-28.));
#5595 = DIRECTION('',(1.,0.,2.22044604925E-16));
#5596 = DIRECTION('',(2.22044604925E-16,0.,-1.));
#5597 = DEFINITIONAL_REPRESENTATION('',(#5598),#5602);
#5598 = LINE('',#5599,#5600);
#5599 = CARTESIAN_POINT('',(0.,4.));
#5600 = VECTOR('',#5601,1.);
#5601 = DIRECTION('',(1.,0.));
#5602 = ( GEOMETRIC_REPRESENTATION_CONTEXT(2) 
PARAMETRIC_REPRESENTATION_CONTEXT() REPRESENTATION_CONTEXT('2D SPACE',''
  ) );
#5603 = ADVANCED_FACE('',(#5604),#4950,.F.);
#5604 = FACE_BOUND('',#5605,.F.);
#5605 = EDGE_LOOP('',(#5606,#5607,#5629,#5650));
#5606 = ORIENTED_EDGE('',*,*,#5528,.F.);
#5607 = ORIENTED_EDGE('',*,*,#5608,.F.);
#5608 = EDGE_CURVE('',#5609,#5529,#5611,.T.);
#5609 = VERTEX_POINT('',#5610);
#5610 = CARTESIAN_POINT('',(1.5,-7.5,-28.));
#5611 = SURFACE_CURVE('',#5612,(#5616,#5623),.PCURVE_S1.);
#5612 = LINE('',#5613,#5614);
#5613 = CARTESIAN_POINT('',(1.5,-7.5,-28.));
#5614 = VECTOR('',#5615,1.);
#5615 = DIRECTION('',(1.,0.,0.));
#5616 = PCURVE('',#4950,#5617);
#5617 = DEFINITIONAL_REPRESENTATION('',(#5618),#5622);
#5618 = LINE('',#5619,#5620);
#5619 = CARTESIAN_POINT('',(0.,0.));
#5620 = VECTOR('',#5621,1.);
#5621 = DIRECTION('',(0.,1.));
#5622 = ( GEOMETRIC_REPRESENTATION_CONTEXT(2) 
PARAMETRIC_REPRESENTATION_CONTEXT() REPRESENTATION_CONTEXT('2D SPACE',''
  ) );
#5623 = PCURVE('',#5490,#5624);
#5624 = DEFINITIONAL_REPRESENTATION('',(#5625),#5628);
#5625 = B_SPLINE_CURVE_WITH_KNOTS('',1,(#5626,#5627),.UNSPECIFIED.,.F.,
  .F.,(2,2),(0.,3.),.PIECEWISE_BEZIER_KNOTS.);
#5626 = CARTESIAN_POINT('',(4.712388980385,0.));
#5627 = CARTESIAN_POINT('',(4.712388980385,3.));
#5628 = ( GEOMETRIC_REPRESENTATION_CONTEXT(2) 
PARAMETRIC_REPRESENTATION_CONTEXT() REPRESENTATION_CONTEXT('2D SPACE',''
  ) );
#5629 = ORIENTED_EDGE('',*,*,#5630,.T.);
#5630 = EDGE_CURVE('',#5609,#4910,#5631,.T.);
#5631 = SURFACE_CURVE('',#5632,(#5636,#5643),.PCURVE_S1.);
#5632 = LINE('',#5633,#5634);
#5633 = CARTESIAN_POINT('',(1.5,-7.5,-28.));
#5634 = VECTOR('',#5635,1.);
#5635 = DIRECTION('',(0.,0.,1.));
#5636 = PCURVE('',#4950,#5637);
#5637 = DEFINITIONAL_REPRESENTATION('',(#5638),#5642);
#5638 = LINE('',#5639,#5640);
#5639 = CARTESIAN_POINT('',(0.,0.));
#5640 = VECTOR('',#5641,1.);
#5641 = DIRECTION('',(1.,0.));
#5642 = ( GEOMETRIC_REPRESENTATION_CONTEXT(2) 
PARAMETRIC_REPRESENTATION_CONTEXT() REPRESENTATION_CONTEXT('2D SPACE',''
  ) );
#5643 = PCURVE('',#4924,#5644);
#5644 = DEFINITIONAL_REPRESENTATION('',(#5645),#5649);
#5645 = LINE('',#5646,#5647);
#5646 = CARTESIAN_POINT('',(0.,0.));
#5647 = VECTOR('',#5648,1.);
#5648 = DIRECTION('',(1.,0.));
#5649 = ( GEOMETRIC_REPRESENTATION_CONTEXT(2) 
PARAMETRIC_REPRESENTATION_CONTEXT() REPRESENTATION_CONTEXT('2D SPACE',''
  ) );
#5650 = ORIENTED_EDGE('',*,*,#4935,.T.);
#5651 = ADVANCED_FACE('',(#5652,#5683),#4924,.F.);
#5652 = FACE_BOUND('',#5653,.F.);
#5653 = EDGE_LOOP('',(#5654,#5655,#5656,#5657));
#5654 = ORIENTED_EDGE('',*,*,#5501,.T.);
#5655 = ORIENTED_EDGE('',*,*,#4909,.T.);
#5656 = ORIENTED_EDGE('',*,*,#5630,.F.);
#5657 = ORIENTED_EDGE('',*,*,#5658,.F.);
#5658 = EDGE_CURVE('',#5475,#5609,#5659,.T.);
#5659 = SURFACE_CURVE('',#5660,(#5665,#5676),.PCURVE_S1.);
#5660 = CIRCLE('',#5661,7.5);
#5661 = AXIS2_PLACEMENT_3D('',#5662,#5663,#5664);
#5662 = CARTESIAN_POINT('',(1.5,0.,-28.));
#5663 = DIRECTION('',(-1.,0.,-2.368475785867E-16));
#5664 = DIRECTION('',(0.,1.,0.));
#5665 = PCURVE('',#4924,#5666);
#5666 = DEFINITIONAL_REPRESENTATION('',(#5667),#5675);
#5667 = ( BOUNDED_CURVE() B_SPLINE_CURVE(2,(#5668,#5669,#5670,#5671,
#5672,#5673,#5674),.UNSPECIFIED.,.T.,.F.) B_SPLINE_CURVE_WITH_KNOTS((1,2
    ,2,2,2,1),(-2.094395102393,0.,2.094395102393,4.188790204786,
6.28318530718,8.377580409573),.UNSPECIFIED.) CURVE() 
GEOMETRIC_REPRESENTATION_ITEM() RATIONAL_B_SPLINE_CURVE((1.,0.5,1.,0.5,
1.,0.5,1.)) REPRESENTATION_ITEM('') );
#5668 = CARTESIAN_POINT('',(0.,-15.));
#5669 = CARTESIAN_POINT('',(-12.99038105676,-15.));
#5670 = CARTESIAN_POINT('',(-6.495190528383,-3.75));
#5671 = CARTESIAN_POINT('',(-1.836970198721E-15,7.5));
#5672 = CARTESIAN_POINT('',(6.495190528383,-3.75));
#5673 = CARTESIAN_POINT('',(12.990381056767,-15.));
#5674 = CARTESIAN_POINT('',(0.,-15.));
#5675 = ( GEOMETRIC_REPRESENTATION_CONTEXT(2) 
PARAMETRIC_REPRESENTATION_CONTEXT() REPRESENTATION_CONTEXT('2D SPACE',''
  ) );
#5676 = PCURVE('',#5490,#5677);
#5677 = DEFINITIONAL_REPRESENTATION('',(#5678),#5682);
#5678 = LINE('',#5679,#5680);
#5679 = CARTESIAN_POINT('',(7.853981633974,0.));
#5680 = VECTOR('',#5681,1.);
#5681 = DIRECTION('',(-1.,-0.));
#5682 = ( GEOMETRIC_REPRESENTATION_CONTEXT(2) 
PARAMETRIC_REPRESENTATION_CONTEXT() REPRESENTATION_CONTEXT('2D SPACE',''
  ) );
#5683 = FACE_BOUND('',#5684,.F.);
#5684 = EDGE_LOOP('',(#5685));
#5685 = ORIENTED_EDGE('',*,*,#5686,.F.);
#5686 = EDGE_CURVE('',#5687,#5687,#5689,.T.);
#5687 = VERTEX_POINT('',#5688);
#5688 = CARTESIAN_POINT('',(1.5,-6.123233995737E-16,-30.5));
#5689 = SURFACE_CURVE('',#5690,(#5695,#5702),.PCURVE_S1.);
#5690 = CIRCLE('',#5691,2.5);
#5691 = AXIS2_PLACEMENT_3D('',#5692,#5693,#5694);
#5692 = CARTESIAN_POINT('',(1.5,0.,-28.));
#5693 = DIRECTION('',(1.,0.,2.22044604925E-16));
#5694 = DIRECTION('',(2.22044604925E-16,0.,-1.));
#5695 = PCURVE('',#4924,#5696);
#5696 = DEFINITIONAL_REPRESENTATION('',(#5697),#5701);
#5697 = CIRCLE('',#5698,2.5);
#5698 = AXIS2_PLACEMENT_2D('',#5699,#5700);
#5699 = CARTESIAN_POINT('',(0.,-7.5));
#5700 = DIRECTION('',(-1.,0.));
#5701 = ( GEOMETRIC_REPRESENTATION_CONTEXT(2) 
PARAMETRIC_REPRESENTATION_CONTEXT() REPRESENTATION_CONTEXT('2D SPACE',''
  ) );
#5702 = PCURVE('',#5592,#5703);
#5703 = DEFINITIONAL_REPRESENTATION('',(#5704),#5708);
#5704 = LINE('',#5705,#5706);
#5705 = CARTESIAN_POINT('',(0.,1.));
#5706 = VECTOR('',#5707,1.);
#5707 = DIRECTION('',(1.,0.));
#5708 = ( GEOMETRIC_REPRESENTATION_CONTEXT(2) 
PARAMETRIC_REPRESENTATION_CONTEXT() REPRESENTATION_CONTEXT('2D SPACE',''
  ) );
#5709 = ADVANCED_FACE('',(#5710),#5228,.T.);
#5710 = FACE_BOUND('',#5711,.T.);
#5711 = EDGE_LOOP('',(#5712,#5713,#5714,#5715));
#5712 = ORIENTED_EDGE('',*,*,#5289,.F.);
#5713 = ORIENTED_EDGE('',*,*,#5346,.F.);
#5714 = ORIENTED_EDGE('',*,*,#5396,.F.);
#5715 = ORIENTED_EDGE('',*,*,#5212,.T.);
#5716 = ADVANCED_FACE('',(#5717),#5330,.F.);
#5717 = FACE_BOUND('',#5718,.F.);
#5718 = EDGE_LOOP('',(#5719,#5720,#5741,#5742));
#5719 = ORIENTED_EDGE('',*,*,#5313,.F.);
#5720 = ORIENTED_EDGE('',*,*,#5721,.F.);
#5721 = EDGE_CURVE('',#5425,#5314,#5722,.T.);
#5722 = SEAM_CURVE('',#5723,(#5727,#5734),.PCURVE_S1.);
#5723 = LINE('',#5724,#5725);
#5724 = CARTESIAN_POINT('',(-5.5,-6.123233995737E-16,-30.5));
#5725 = VECTOR('',#5726,1.);
#5726 = DIRECTION('',(1.,0.,2.22044604925E-16));
#5727 = PCURVE('',#5330,#5728);
#5728 = DEFINITIONAL_REPRESENTATION('',(#5729),#5733);
#5729 = LINE('',#5730,#5731);
#5730 = CARTESIAN_POINT('',(6.28318530718,-0.));
#5731 = VECTOR('',#5732,1.);
#5732 = DIRECTION('',(0.,1.));
#5733 = ( GEOMETRIC_REPRESENTATION_CONTEXT(2) 
PARAMETRIC_REPRESENTATION_CONTEXT() REPRESENTATION_CONTEXT('2D SPACE',''
  ) );
#5734 = PCURVE('',#5330,#5735);
#5735 = DEFINITIONAL_REPRESENTATION('',(#5736),#5740);
#5736 = LINE('',#5737,#5738);
#5737 = CARTESIAN_POINT('',(0.,-0.));
#5738 = VECTOR('',#5739,1.);
#5739 = DIRECTION('',(0.,1.));
#5740 = ( GEOMETRIC_REPRESENTATION_CONTEXT(2) 
PARAMETRIC_REPRESENTATION_CONTEXT() REPRESENTATION_CONTEXT('2D SPACE',''
  ) );
#5741 = ORIENTED_EDGE('',*,*,#5424,.T.);
#5742 = ORIENTED_EDGE('',*,*,#5721,.T.);
#5743 = ADVANCED_FACE('',(#5744),#5490,.T.);
#5744 = FACE_BOUND('',#5745,.T.);
#5745 = EDGE_LOOP('',(#5746,#5747,#5748,#5749));
#5746 = ORIENTED_EDGE('',*,*,#5551,.F.);
#5747 = ORIENTED_EDGE('',*,*,#5608,.F.);
#5748 = ORIENTED_EDGE('',*,*,#5658,.F.);
#5749 = ORIENTED_EDGE('',*,*,#5474,.T.);
#5750 = ADVANCED_FACE('',(#5751),#5592,.F.);
#5751 = FACE_BOUND('',#5752,.F.);
#5752 = EDGE_LOOP('',(#5753,#5754,#5775,#5776));
#5753 = ORIENTED_EDGE('',*,*,#5575,.F.);
#5754 = ORIENTED_EDGE('',*,*,#5755,.F.);
#5755 = EDGE_CURVE('',#5687,#5576,#5756,.T.);
#5756 = SEAM_CURVE('',#5757,(#5761,#5768),.PCURVE_S1.);
#5757 = LINE('',#5758,#5759);
#5758 = CARTESIAN_POINT('',(0.5,-6.123233995737E-16,-30.5));
#5759 = VECTOR('',#5760,1.);
#5760 = DIRECTION('',(1.,0.,2.22044604925E-16));
#5761 = PCURVE('',#5592,#5762);
#5762 = DEFINITIONAL_REPRESENTATION('',(#5763),#5767);
#5763 = LINE('',#5764,#5765);
#5764 = CARTESIAN_POINT('',(6.28318530718,-0.));
#5765 = VECTOR('',#5766,1.);
#5766 = DIRECTION('',(0.,1.));
#5767 = ( GEOMETRIC_REPRESENTATION_CONTEXT(2) 
PARAMETRIC_REPRESENTATION_CONTEXT() REPRESENTATION_CONTEXT('2D SPACE',''
  ) );
#5768 = PCURVE('',#5592,#5769);
#5769 = DEFINITIONAL_REPRESENTATION('',(#5770),#5774);
#5770 = LINE('',#5771,#5772);
#5771 = CARTESIAN_POINT('',(0.,-0.));
#5772 = VECTOR('',#5773,1.);
#5773 = DIRECTION('',(0.,1.));
#5774 = ( GEOMETRIC_REPRESENTATION_CONTEXT(2) 
PARAMETRIC_REPRESENTATION_CONTEXT() REPRESENTATION_CONTEXT('2D SPACE',''
  ) );
#5775 = ORIENTED_EDGE('',*,*,#5686,.T.);
#5776 = ORIENTED_EDGE('',*,*,#5755,.T.);
#5777 = ( GEOMETRIC_REPRESENTATION_CONTEXT(3) 
GLOBAL_UNCERTAINTY_ASSIGNED_CONTEXT((#5781)) 
GLOBAL_UNIT_ASSIGNED_CONTEXT((#5778,#5779,#5780)) REPRESENTATION_CONTEXT
('Context #1','3D Context with UNIT and UNCERTAINTY') );
#5778 = ( LENGTH_UNIT() NAMED_UNIT(*) SI_UNIT(.MILLI.,.METRE.) );
#5779 = ( NAMED_UNIT(*) PLANE_ANGLE_UNIT() SI_UNIT($,.RADIAN.) );
#5780 = ( NAMED_UNIT(*) SI_UNIT($,.STERADIAN.) SOLID_ANGLE_UNIT() );
#5781 = UNCERTAINTY_MEASURE_WITH_UNIT(LENGTH_MEASURE(2.E-07),#5778,
  'distance_accuracy_value','confusion accuracy');
#5782 = PRODUCT_RELATED_PRODUCT_CATEGORY('part',$,(#7));
ENDSEC;
END-ISO-10303-21;
