ISO-10303-21;
HEADER;
FILE_DESCRIPTION(('Open CASCADE Model'),'2;1');
FILE_NAME('aerobar_crossbar_ribs','2026-06-03T21:49:29',('Author'),(
    'Open CASCADE'),'Open CASCADE STEP processor 7.8','build123d',
  'Unknown');
FILE_SCHEMA(('AUTOMOTIVE_DESIGN { 1 0 10303 214 1 1 1 1 }'));
ENDSEC;
DATA;
#1 = APPLICATION_PROTOCOL_DEFINITION('international standard',
  'automotive_design',2000,#2);
#2 = APPLICATION_CONTEXT(
  'core data for automotive mechanical design processes');
#3 = SHAPE_DEFINITION_REPRESENTATION(#4,#10);
#4 = PRODUCT_DEFINITION_SHAPE('','',#5);
#5 = PRODUCT_DEFINITION('design','',#6,#9);
#6 = PRODUCT_DEFINITION_FORMATION('','',#7);
#7 = PRODUCT('aerobar_crossbar_ribs','aerobar_crossbar_ribs','',(#8));
#8 = PRODUCT_CONTEXT('',#2,'mechanical');
#9 = PRODUCT_DEFINITION_CONTEXT('part definition',#2,'design');
#10 = ADVANCED_BREP_SHAPE_REPRESENTATION('',(#11,#15),#6809);
#11 = AXIS2_PLACEMENT_3D('',#12,#13,#14);
#12 = CARTESIAN_POINT('',(0.,0.,0.));
#13 = DIRECTION('',(0.,0.,1.));
#14 = DIRECTION('',(1.,0.,-0.));
#15 = MANIFOLD_SOLID_BREP('',#16);
#16 = CLOSED_SHELL('',(#17,#105,#279,#453,#564,#648,#803,#938,#1017,
    #1074,#1150,#1199,#1248,#1297,#1346,#1373,#1418,#1425,#1432,#1479,
    #1506,#1533,#1540,#1580,#1635,#1809,#1885,#1934,#1983,#2032,#2081,
    #2108,#2148,#2203,#2377,#2453,#2502,#2551,#2600,#2649,#2676,#2716,
    #2771,#2945,#3021,#3070,#3119,#3380,#3429,#3456,#3496,#3571,#3652,
    #3700,#3758,#3833,#3914,#3962,#4020,#4075,#4082,#4109,#4116,#4143,
    #4317,#4393,#4442,#4491,#4540,#4589,#4616,#4656,#4711,#4885,#4961,
    #5010,#5059,#5108,#5157,#5184,#5224,#5279,#5453,#5529,#5578,#5627,
    #5676,#5725,#5752,#5792,#5847,#6021,#6132,#6216,#6371,#6506,#6585,
    #6642,#6687,#6694,#6701,#6748,#6775,#6802));
#17 = ADVANCED_FACE('',(#18),#31,.T.);
#18 = FACE_BOUND('',#19,.T.);
#19 = EDGE_LOOP('',(#20,#54,#77,#104));
#20 = ORIENTED_EDGE('',*,*,#21,.T.);
#21 = EDGE_CURVE('',#22,#22,#24,.T.);
#22 = VERTEX_POINT('',#23);
#23 = CARTESIAN_POINT('',(-42.,-9.797174393179E-16,-4.));
#24 = SURFACE_CURVE('',#25,(#30,#42),.PCURVE_S1.);
#25 = CIRCLE('',#26,4.);
#26 = AXIS2_PLACEMENT_3D('',#27,#28,#29);
#27 = CARTESIAN_POINT('',(-42.,0.,-9.325873406851E-15));
#28 = DIRECTION('',(1.,0.,2.22044604925E-16));
#29 = DIRECTION('',(2.22044604925E-16,0.,-1.));
#30 = PCURVE('',#31,#36);
#31 = CYLINDRICAL_SURFACE('',#32,4.);
#32 = AXIS2_PLACEMENT_3D('',#33,#34,#35);
#33 = CARTESIAN_POINT('',(-60.,0.,-1.33226762955E-14));
#34 = DIRECTION('',(1.,0.,2.22044604925E-16));
#35 = DIRECTION('',(2.22044604925E-16,0.,-1.));
#36 = DEFINITIONAL_REPRESENTATION('',(#37),#41);
#37 = LINE('',#38,#39);
#38 = CARTESIAN_POINT('',(0.,18.));
#39 = VECTOR('',#40,1.);
#40 = DIRECTION('',(1.,0.));
#41 = ( GEOMETRIC_REPRESENTATION_CONTEXT(2) 
PARAMETRIC_REPRESENTATION_CONTEXT() REPRESENTATION_CONTEXT('2D SPACE',''
  ) );
#42 = PCURVE('',#43,#48);
#43 = PLANE('',#44);
#44 = AXIS2_PLACEMENT_3D('',#45,#46,#47);
#45 = CARTESIAN_POINT('',(-42.,1.480297366167E-16,9.080106438912E-16));
#46 = DIRECTION('',(1.,0.,0.));
#47 = DIRECTION('',(0.,1.,0.));
#48 = DEFINITIONAL_REPRESENTATION('',(#49),#53);
#49 = CIRCLE('',#50,4.);
#50 = AXIS2_PLACEMENT_2D('',#51,#52);
#51 = CARTESIAN_POINT('',(-1.480297366167E-16,-1.023388405074E-14));
#52 = DIRECTION('',(0.,-1.));
#53 = ( GEOMETRIC_REPRESENTATION_CONTEXT(2) 
PARAMETRIC_REPRESENTATION_CONTEXT() REPRESENTATION_CONTEXT('2D SPACE',''
  ) );
#54 = ORIENTED_EDGE('',*,*,#55,.T.);
#55 = EDGE_CURVE('',#22,#56,#58,.T.);
#56 = VERTEX_POINT('',#57);
#57 = CARTESIAN_POINT('',(-35.,-9.797174393179E-16,-4.));
#58 = SEAM_CURVE('',#59,(#63,#70),.PCURVE_S1.);
#59 = LINE('',#60,#61);
#60 = CARTESIAN_POINT('',(-60.,-9.797174393179E-16,-4.));
#61 = VECTOR('',#62,1.);
#62 = DIRECTION('',(1.,0.,2.22044604925E-16));
#63 = PCURVE('',#31,#64);
#64 = DEFINITIONAL_REPRESENTATION('',(#65),#69);
#65 = LINE('',#66,#67);
#66 = CARTESIAN_POINT('',(0.,-0.));
#67 = VECTOR('',#68,1.);
#68 = DIRECTION('',(0.,1.));
#69 = ( GEOMETRIC_REPRESENTATION_CONTEXT(2) 
PARAMETRIC_REPRESENTATION_CONTEXT() REPRESENTATION_CONTEXT('2D SPACE',''
  ) );
#70 = PCURVE('',#31,#71);
#71 = DEFINITIONAL_REPRESENTATION('',(#72),#76);
#72 = LINE('',#73,#74);
#73 = CARTESIAN_POINT('',(6.28318530718,-0.));
#74 = VECTOR('',#75,1.);
#75 = DIRECTION('',(0.,1.));
#76 = ( GEOMETRIC_REPRESENTATION_CONTEXT(2) 
PARAMETRIC_REPRESENTATION_CONTEXT() REPRESENTATION_CONTEXT('2D SPACE',''
  ) );
#77 = ORIENTED_EDGE('',*,*,#78,.F.);
#78 = EDGE_CURVE('',#56,#56,#79,.T.);
#79 = SURFACE_CURVE('',#80,(#85,#92),.PCURVE_S1.);
#80 = CIRCLE('',#81,4.);
#81 = AXIS2_PLACEMENT_3D('',#82,#83,#84);
#82 = CARTESIAN_POINT('',(-35.,0.,-7.771561172376E-15));
#83 = DIRECTION('',(1.,0.,2.22044604925E-16));
#84 = DIRECTION('',(2.22044604925E-16,0.,-1.));
#85 = PCURVE('',#31,#86);
#86 = DEFINITIONAL_REPRESENTATION('',(#87),#91);
#87 = LINE('',#88,#89);
#88 = CARTESIAN_POINT('',(0.,25.));
#89 = VECTOR('',#90,1.);
#90 = DIRECTION('',(1.,0.));
#91 = ( GEOMETRIC_REPRESENTATION_CONTEXT(2) 
PARAMETRIC_REPRESENTATION_CONTEXT() REPRESENTATION_CONTEXT('2D SPACE',''
  ) );
#92 = PCURVE('',#93,#98);
#93 = PLANE('',#94);
#94 = AXIS2_PLACEMENT_3D('',#95,#96,#97);
#95 = CARTESIAN_POINT('',(-35.,1.480297366167E-16,9.080106438912E-16));
#96 = DIRECTION('',(1.,0.,0.));
#97 = DIRECTION('',(0.,1.,0.));
#98 = DEFINITIONAL_REPRESENTATION('',(#99),#103);
#99 = CIRCLE('',#100,4.);
#100 = AXIS2_PLACEMENT_2D('',#101,#102);
#101 = CARTESIAN_POINT('',(-1.480297366167E-16,-8.679571816267E-15));
#102 = DIRECTION('',(0.,-1.));
#103 = ( GEOMETRIC_REPRESENTATION_CONTEXT(2) 
PARAMETRIC_REPRESENTATION_CONTEXT() REPRESENTATION_CONTEXT('2D SPACE',''
  ) );
#104 = ORIENTED_EDGE('',*,*,#55,.F.);
#105 = ADVANCED_FACE('',(#106,#276),#43,.T.);
#106 = FACE_BOUND('',#107,.T.);
#107 = EDGE_LOOP('',(#108,#138,#166,#194,#222,#250));
#108 = ORIENTED_EDGE('',*,*,#109,.T.);
#109 = EDGE_CURVE('',#110,#112,#114,.T.);
#110 = VERTEX_POINT('',#111);
#111 = CARTESIAN_POINT('',(-42.,16.,0.));
#112 = VERTEX_POINT('',#113);
#113 = CARTESIAN_POINT('',(-42.,8.,13.856406460551));
#114 = SURFACE_CURVE('',#115,(#119,#126),.PCURVE_S1.);
#115 = LINE('',#116,#117);
#116 = CARTESIAN_POINT('',(-42.,16.,0.));
#117 = VECTOR('',#118,1.);
#118 = DIRECTION('',(0.,-0.5,0.866025403784));
#119 = PCURVE('',#43,#120);
#120 = DEFINITIONAL_REPRESENTATION('',(#121),#125);
#121 = LINE('',#122,#123);
#122 = CARTESIAN_POINT('',(16.,-9.080106438912E-16));
#123 = VECTOR('',#124,1.);
#124 = DIRECTION('',(-0.5,0.866025403784));
#125 = ( GEOMETRIC_REPRESENTATION_CONTEXT(2) 
PARAMETRIC_REPRESENTATION_CONTEXT() REPRESENTATION_CONTEXT('2D SPACE',''
  ) );
#126 = PCURVE('',#127,#132);
#127 = PLANE('',#128);
#128 = AXIS2_PLACEMENT_3D('',#129,#130,#131);
#129 = CARTESIAN_POINT('',(-51.,16.,0.));
#130 = DIRECTION('',(-0.,0.866025403784,0.5));
#131 = DIRECTION('',(0.,-0.5,0.866025403784));
#132 = DEFINITIONAL_REPRESENTATION('',(#133),#137);
#133 = LINE('',#134,#135);
#134 = CARTESIAN_POINT('',(0.,9.));
#135 = VECTOR('',#136,1.);
#136 = DIRECTION('',(1.,0.));
#137 = ( GEOMETRIC_REPRESENTATION_CONTEXT(2) 
PARAMETRIC_REPRESENTATION_CONTEXT() REPRESENTATION_CONTEXT('2D SPACE',''
  ) );
#138 = ORIENTED_EDGE('',*,*,#139,.T.);
#139 = EDGE_CURVE('',#112,#140,#142,.T.);
#140 = VERTEX_POINT('',#141);
#141 = CARTESIAN_POINT('',(-42.,-8.,13.856406460551));
#142 = SURFACE_CURVE('',#143,(#147,#154),.PCURVE_S1.);
#143 = LINE('',#144,#145);
#144 = CARTESIAN_POINT('',(-42.,8.,13.856406460551));
#145 = VECTOR('',#146,1.);
#146 = DIRECTION('',(0.,-1.,1.110223024625E-16));
#147 = PCURVE('',#43,#148);
#148 = DEFINITIONAL_REPRESENTATION('',(#149),#153);
#149 = LINE('',#150,#151);
#150 = CARTESIAN_POINT('',(8.,13.856406460551));
#151 = VECTOR('',#152,1.);
#152 = DIRECTION('',(-1.,1.110223024625E-16));
#153 = ( GEOMETRIC_REPRESENTATION_CONTEXT(2) 
PARAMETRIC_REPRESENTATION_CONTEXT() REPRESENTATION_CONTEXT('2D SPACE',''
  ) );
#154 = PCURVE('',#155,#160);
#155 = PLANE('',#156);
#156 = AXIS2_PLACEMENT_3D('',#157,#158,#159);
#157 = CARTESIAN_POINT('',(-51.,8.,13.856406460551));
#158 = DIRECTION('',(-0.,1.110223024625E-16,1.));
#159 = DIRECTION('',(0.,-1.,1.110223024625E-16));
#160 = DEFINITIONAL_REPRESENTATION('',(#161),#165);
#161 = LINE('',#162,#163);
#162 = CARTESIAN_POINT('',(0.,9.));
#163 = VECTOR('',#164,1.);
#164 = DIRECTION('',(1.,0.));
#165 = ( GEOMETRIC_REPRESENTATION_CONTEXT(2) 
PARAMETRIC_REPRESENTATION_CONTEXT() REPRESENTATION_CONTEXT('2D SPACE',''
  ) );
#166 = ORIENTED_EDGE('',*,*,#167,.T.);
#167 = EDGE_CURVE('',#140,#168,#170,.T.);
#168 = VERTEX_POINT('',#169);
#169 = CARTESIAN_POINT('',(-42.,-16.,1.959434878636E-15));
#170 = SURFACE_CURVE('',#171,(#175,#182),.PCURVE_S1.);
#171 = LINE('',#172,#173);
#172 = CARTESIAN_POINT('',(-42.,-8.,13.856406460551));
#173 = VECTOR('',#174,1.);
#174 = DIRECTION('',(0.,-0.5,-0.866025403784));
#175 = PCURVE('',#43,#176);
#176 = DEFINITIONAL_REPRESENTATION('',(#177),#181);
#177 = LINE('',#178,#179);
#178 = CARTESIAN_POINT('',(-8.,13.856406460551));
#179 = VECTOR('',#180,1.);
#180 = DIRECTION('',(-0.5,-0.866025403784));
#181 = ( GEOMETRIC_REPRESENTATION_CONTEXT(2) 
PARAMETRIC_REPRESENTATION_CONTEXT() REPRESENTATION_CONTEXT('2D SPACE',''
  ) );
#182 = PCURVE('',#183,#188);
#183 = PLANE('',#184);
#184 = AXIS2_PLACEMENT_3D('',#185,#186,#187);
#185 = CARTESIAN_POINT('',(-51.,-8.,13.856406460551));
#186 = DIRECTION('',(0.,-0.866025403784,0.5));
#187 = DIRECTION('',(0.,-0.5,-0.866025403784));
#188 = DEFINITIONAL_REPRESENTATION('',(#189),#193);
#189 = LINE('',#190,#191);
#190 = CARTESIAN_POINT('',(0.,9.));
#191 = VECTOR('',#192,1.);
#192 = DIRECTION('',(1.,0.));
#193 = ( GEOMETRIC_REPRESENTATION_CONTEXT(2) 
PARAMETRIC_REPRESENTATION_CONTEXT() REPRESENTATION_CONTEXT('2D SPACE',''
  ) );
#194 = ORIENTED_EDGE('',*,*,#195,.T.);
#195 = EDGE_CURVE('',#168,#196,#198,.T.);
#196 = VERTEX_POINT('',#197);
#197 = CARTESIAN_POINT('',(-42.,-8.,-13.85640646055));
#198 = SURFACE_CURVE('',#199,(#203,#210),.PCURVE_S1.);
#199 = LINE('',#200,#201);
#200 = CARTESIAN_POINT('',(-42.,-16.,1.959434878636E-15));
#201 = VECTOR('',#202,1.);
#202 = DIRECTION('',(0.,0.5,-0.866025403784));
#203 = PCURVE('',#43,#204);
#204 = DEFINITIONAL_REPRESENTATION('',(#205),#209);
#205 = LINE('',#206,#207);
#206 = CARTESIAN_POINT('',(-16.,1.051424234745E-15));
#207 = VECTOR('',#208,1.);
#208 = DIRECTION('',(0.5,-0.866025403784));
#209 = ( GEOMETRIC_REPRESENTATION_CONTEXT(2) 
PARAMETRIC_REPRESENTATION_CONTEXT() REPRESENTATION_CONTEXT('2D SPACE',''
  ) );
#210 = PCURVE('',#211,#216);
#211 = PLANE('',#212);
#212 = AXIS2_PLACEMENT_3D('',#213,#214,#215);
#213 = CARTESIAN_POINT('',(-51.,-16.,1.959434878636E-15));
#214 = DIRECTION('',(0.,-0.866025403784,-0.5));
#215 = DIRECTION('',(0.,0.5,-0.866025403784));
#216 = DEFINITIONAL_REPRESENTATION('',(#217),#221);
#217 = LINE('',#218,#219);
#218 = CARTESIAN_POINT('',(0.,9.));
#219 = VECTOR('',#220,1.);
#220 = DIRECTION('',(1.,0.));
#221 = ( GEOMETRIC_REPRESENTATION_CONTEXT(2) 
PARAMETRIC_REPRESENTATION_CONTEXT() REPRESENTATION_CONTEXT('2D SPACE',''
  ) );
#222 = ORIENTED_EDGE('',*,*,#223,.T.);
#223 = EDGE_CURVE('',#196,#224,#226,.T.);
#224 = VERTEX_POINT('',#225);
#225 = CARTESIAN_POINT('',(-42.,8.,-13.85640646055));
#226 = SURFACE_CURVE('',#227,(#231,#238),.PCURVE_S1.);
#227 = LINE('',#228,#229);
#228 = CARTESIAN_POINT('',(-42.,-8.,-13.85640646055));
#229 = VECTOR('',#230,1.);
#230 = DIRECTION('',(0.,1.,-2.22044604925E-16));
#231 = PCURVE('',#43,#232);
#232 = DEFINITIONAL_REPRESENTATION('',(#233),#237);
#233 = LINE('',#234,#235);
#234 = CARTESIAN_POINT('',(-8.,-13.85640646055));
#235 = VECTOR('',#236,1.);
#236 = DIRECTION('',(1.,-2.22044604925E-16));
#237 = ( GEOMETRIC_REPRESENTATION_CONTEXT(2) 
PARAMETRIC_REPRESENTATION_CONTEXT() REPRESENTATION_CONTEXT('2D SPACE',''
  ) );
#238 = PCURVE('',#239,#244);
#239 = PLANE('',#240);
#240 = AXIS2_PLACEMENT_3D('',#241,#242,#243);
#241 = CARTESIAN_POINT('',(-51.,-8.,-13.85640646055));
#242 = DIRECTION('',(0.,-2.22044604925E-16,-1.));
#243 = DIRECTION('',(0.,1.,-2.22044604925E-16));
#244 = DEFINITIONAL_REPRESENTATION('',(#245),#249);
#245 = LINE('',#246,#247);
#246 = CARTESIAN_POINT('',(0.,9.));
#247 = VECTOR('',#248,1.);
#248 = DIRECTION('',(1.,0.));
#249 = ( GEOMETRIC_REPRESENTATION_CONTEXT(2) 
PARAMETRIC_REPRESENTATION_CONTEXT() REPRESENTATION_CONTEXT('2D SPACE',''
  ) );
#250 = ORIENTED_EDGE('',*,*,#251,.T.);
#251 = EDGE_CURVE('',#224,#110,#252,.T.);
#252 = SURFACE_CURVE('',#253,(#257,#264),.PCURVE_S1.);
#253 = LINE('',#254,#255);
#254 = CARTESIAN_POINT('',(-42.,8.,-13.85640646055));
#255 = VECTOR('',#256,1.);
#256 = DIRECTION('',(0.,0.5,0.866025403784));
#257 = PCURVE('',#43,#258);
#258 = DEFINITIONAL_REPRESENTATION('',(#259),#263);
#259 = LINE('',#260,#261);
#260 = CARTESIAN_POINT('',(8.,-13.85640646055));
#261 = VECTOR('',#262,1.);
#262 = DIRECTION('',(0.5,0.866025403784));
#263 = ( GEOMETRIC_REPRESENTATION_CONTEXT(2) 
PARAMETRIC_REPRESENTATION_CONTEXT() REPRESENTATION_CONTEXT('2D SPACE',''
  ) );
#264 = PCURVE('',#265,#270);
#265 = PLANE('',#266);
#266 = AXIS2_PLACEMENT_3D('',#267,#268,#269);
#267 = CARTESIAN_POINT('',(-51.,8.,-13.85640646055));
#268 = DIRECTION('',(0.,0.866025403784,-0.5));
#269 = DIRECTION('',(0.,0.5,0.866025403784));
#270 = DEFINITIONAL_REPRESENTATION('',(#271),#275);
#271 = LINE('',#272,#273);
#272 = CARTESIAN_POINT('',(0.,9.));
#273 = VECTOR('',#274,1.);
#274 = DIRECTION('',(1.,0.));
#275 = ( GEOMETRIC_REPRESENTATION_CONTEXT(2) 
PARAMETRIC_REPRESENTATION_CONTEXT() REPRESENTATION_CONTEXT('2D SPACE',''
  ) );
#276 = FACE_BOUND('',#277,.T.);
#277 = EDGE_LOOP('',(#278));
#278 = ORIENTED_EDGE('',*,*,#21,.F.);
#279 = ADVANCED_FACE('',(#280,#450),#93,.F.);
#280 = FACE_BOUND('',#281,.F.);
#281 = EDGE_LOOP('',(#282,#312,#340,#368,#396,#424));
#282 = ORIENTED_EDGE('',*,*,#283,.T.);
#283 = EDGE_CURVE('',#284,#286,#288,.T.);
#284 = VERTEX_POINT('',#285);
#285 = CARTESIAN_POINT('',(-35.,16.,0.));
#286 = VERTEX_POINT('',#287);
#287 = CARTESIAN_POINT('',(-35.,8.,13.856406460551));
#288 = SURFACE_CURVE('',#289,(#293,#300),.PCURVE_S1.);
#289 = LINE('',#290,#291);
#290 = CARTESIAN_POINT('',(-35.,16.,0.));
#291 = VECTOR('',#292,1.);
#292 = DIRECTION('',(0.,-0.5,0.866025403784));
#293 = PCURVE('',#93,#294);
#294 = DEFINITIONAL_REPRESENTATION('',(#295),#299);
#295 = LINE('',#296,#297);
#296 = CARTESIAN_POINT('',(16.,-9.080106438912E-16));
#297 = VECTOR('',#298,1.);
#298 = DIRECTION('',(-0.5,0.866025403784));
#299 = ( GEOMETRIC_REPRESENTATION_CONTEXT(2) 
PARAMETRIC_REPRESENTATION_CONTEXT() REPRESENTATION_CONTEXT('2D SPACE',''
  ) );
#300 = PCURVE('',#301,#306);
#301 = PLANE('',#302);
#302 = AXIS2_PLACEMENT_3D('',#303,#304,#305);
#303 = CARTESIAN_POINT('',(-33.5,16.,0.));
#304 = DIRECTION('',(-0.,0.866025403784,0.5));
#305 = DIRECTION('',(0.,-0.5,0.866025403784));
#306 = DEFINITIONAL_REPRESENTATION('',(#307),#311);
#307 = LINE('',#308,#309);
#308 = CARTESIAN_POINT('',(0.,-1.5));
#309 = VECTOR('',#310,1.);
#310 = DIRECTION('',(1.,0.));
#311 = ( GEOMETRIC_REPRESENTATION_CONTEXT(2) 
PARAMETRIC_REPRESENTATION_CONTEXT() REPRESENTATION_CONTEXT('2D SPACE',''
  ) );
#312 = ORIENTED_EDGE('',*,*,#313,.T.);
#313 = EDGE_CURVE('',#286,#314,#316,.T.);
#314 = VERTEX_POINT('',#315);
#315 = CARTESIAN_POINT('',(-35.,-8.,13.856406460551));
#316 = SURFACE_CURVE('',#317,(#321,#328),.PCURVE_S1.);
#317 = LINE('',#318,#319);
#318 = CARTESIAN_POINT('',(-35.,8.,13.856406460551));
#319 = VECTOR('',#320,1.);
#320 = DIRECTION('',(0.,-1.,1.110223024625E-16));
#321 = PCURVE('',#93,#322);
#322 = DEFINITIONAL_REPRESENTATION('',(#323),#327);
#323 = LINE('',#324,#325);
#324 = CARTESIAN_POINT('',(8.,13.856406460551));
#325 = VECTOR('',#326,1.);
#326 = DIRECTION('',(-1.,1.110223024625E-16));
#327 = ( GEOMETRIC_REPRESENTATION_CONTEXT(2) 
PARAMETRIC_REPRESENTATION_CONTEXT() REPRESENTATION_CONTEXT('2D SPACE',''
  ) );
#328 = PCURVE('',#329,#334);
#329 = PLANE('',#330);
#330 = AXIS2_PLACEMENT_3D('',#331,#332,#333);
#331 = CARTESIAN_POINT('',(-33.5,8.,13.856406460551));
#332 = DIRECTION('',(-0.,1.110223024625E-16,1.));
#333 = DIRECTION('',(0.,-1.,1.110223024625E-16));
#334 = DEFINITIONAL_REPRESENTATION('',(#335),#339);
#335 = LINE('',#336,#337);
#336 = CARTESIAN_POINT('',(0.,-1.5));
#337 = VECTOR('',#338,1.);
#338 = DIRECTION('',(1.,0.));
#339 = ( GEOMETRIC_REPRESENTATION_CONTEXT(2) 
PARAMETRIC_REPRESENTATION_CONTEXT() REPRESENTATION_CONTEXT('2D SPACE',''
  ) );
#340 = ORIENTED_EDGE('',*,*,#341,.T.);
#341 = EDGE_CURVE('',#314,#342,#344,.T.);
#342 = VERTEX_POINT('',#343);
#343 = CARTESIAN_POINT('',(-35.,-16.,1.959434878636E-15));
#344 = SURFACE_CURVE('',#345,(#349,#356),.PCURVE_S1.);
#345 = LINE('',#346,#347);
#346 = CARTESIAN_POINT('',(-35.,-8.,13.856406460551));
#347 = VECTOR('',#348,1.);
#348 = DIRECTION('',(0.,-0.5,-0.866025403784));
#349 = PCURVE('',#93,#350);
#350 = DEFINITIONAL_REPRESENTATION('',(#351),#355);
#351 = LINE('',#352,#353);
#352 = CARTESIAN_POINT('',(-8.,13.856406460551));
#353 = VECTOR('',#354,1.);
#354 = DIRECTION('',(-0.5,-0.866025403784));
#355 = ( GEOMETRIC_REPRESENTATION_CONTEXT(2) 
PARAMETRIC_REPRESENTATION_CONTEXT() REPRESENTATION_CONTEXT('2D SPACE',''
  ) );
#356 = PCURVE('',#357,#362);
#357 = PLANE('',#358);
#358 = AXIS2_PLACEMENT_3D('',#359,#360,#361);
#359 = CARTESIAN_POINT('',(-33.5,-8.,13.856406460551));
#360 = DIRECTION('',(0.,-0.866025403784,0.5));
#361 = DIRECTION('',(0.,-0.5,-0.866025403784));
#362 = DEFINITIONAL_REPRESENTATION('',(#363),#367);
#363 = LINE('',#364,#365);
#364 = CARTESIAN_POINT('',(-0.,-1.5));
#365 = VECTOR('',#366,1.);
#366 = DIRECTION('',(1.,0.));
#367 = ( GEOMETRIC_REPRESENTATION_CONTEXT(2) 
PARAMETRIC_REPRESENTATION_CONTEXT() REPRESENTATION_CONTEXT('2D SPACE',''
  ) );
#368 = ORIENTED_EDGE('',*,*,#369,.T.);
#369 = EDGE_CURVE('',#342,#370,#372,.T.);
#370 = VERTEX_POINT('',#371);
#371 = CARTESIAN_POINT('',(-35.,-8.,-13.85640646055));
#372 = SURFACE_CURVE('',#373,(#377,#384),.PCURVE_S1.);
#373 = LINE('',#374,#375);
#374 = CARTESIAN_POINT('',(-35.,-16.,1.959434878636E-15));
#375 = VECTOR('',#376,1.);
#376 = DIRECTION('',(0.,0.5,-0.866025403784));
#377 = PCURVE('',#93,#378);
#378 = DEFINITIONAL_REPRESENTATION('',(#379),#383);
#379 = LINE('',#380,#381);
#380 = CARTESIAN_POINT('',(-16.,1.051424234745E-15));
#381 = VECTOR('',#382,1.);
#382 = DIRECTION('',(0.5,-0.866025403784));
#383 = ( GEOMETRIC_REPRESENTATION_CONTEXT(2) 
PARAMETRIC_REPRESENTATION_CONTEXT() REPRESENTATION_CONTEXT('2D SPACE',''
  ) );
#384 = PCURVE('',#385,#390);
#385 = PLANE('',#386);
#386 = AXIS2_PLACEMENT_3D('',#387,#388,#389);
#387 = CARTESIAN_POINT('',(-33.5,-16.,1.959434878636E-15));
#388 = DIRECTION('',(0.,-0.866025403784,-0.5));
#389 = DIRECTION('',(0.,0.5,-0.866025403784));
#390 = DEFINITIONAL_REPRESENTATION('',(#391),#395);
#391 = LINE('',#392,#393);
#392 = CARTESIAN_POINT('',(0.,-1.5));
#393 = VECTOR('',#394,1.);
#394 = DIRECTION('',(1.,0.));
#395 = ( GEOMETRIC_REPRESENTATION_CONTEXT(2) 
PARAMETRIC_REPRESENTATION_CONTEXT() REPRESENTATION_CONTEXT('2D SPACE',''
  ) );
#396 = ORIENTED_EDGE('',*,*,#397,.T.);
#397 = EDGE_CURVE('',#370,#398,#400,.T.);
#398 = VERTEX_POINT('',#399);
#399 = CARTESIAN_POINT('',(-35.,8.,-13.85640646055));
#400 = SURFACE_CURVE('',#401,(#405,#412),.PCURVE_S1.);
#401 = LINE('',#402,#403);
#402 = CARTESIAN_POINT('',(-35.,-8.,-13.85640646055));
#403 = VECTOR('',#404,1.);
#404 = DIRECTION('',(0.,1.,-2.22044604925E-16));
#405 = PCURVE('',#93,#406);
#406 = DEFINITIONAL_REPRESENTATION('',(#407),#411);
#407 = LINE('',#408,#409);
#408 = CARTESIAN_POINT('',(-8.,-13.85640646055));
#409 = VECTOR('',#410,1.);
#410 = DIRECTION('',(1.,-2.22044604925E-16));
#411 = ( GEOMETRIC_REPRESENTATION_CONTEXT(2) 
PARAMETRIC_REPRESENTATION_CONTEXT() REPRESENTATION_CONTEXT('2D SPACE',''
  ) );
#412 = PCURVE('',#413,#418);
#413 = PLANE('',#414);
#414 = AXIS2_PLACEMENT_3D('',#415,#416,#417);
#415 = CARTESIAN_POINT('',(-33.5,-8.,-13.85640646055));
#416 = DIRECTION('',(0.,-2.22044604925E-16,-1.));
#417 = DIRECTION('',(0.,1.,-2.22044604925E-16));
#418 = DEFINITIONAL_REPRESENTATION('',(#419),#423);
#419 = LINE('',#420,#421);
#420 = CARTESIAN_POINT('',(0.,-1.5));
#421 = VECTOR('',#422,1.);
#422 = DIRECTION('',(1.,0.));
#423 = ( GEOMETRIC_REPRESENTATION_CONTEXT(2) 
PARAMETRIC_REPRESENTATION_CONTEXT() REPRESENTATION_CONTEXT('2D SPACE',''
  ) );
#424 = ORIENTED_EDGE('',*,*,#425,.T.);
#425 = EDGE_CURVE('',#398,#284,#426,.T.);
#426 = SURFACE_CURVE('',#427,(#431,#438),.PCURVE_S1.);
#427 = LINE('',#428,#429);
#428 = CARTESIAN_POINT('',(-35.,8.,-13.85640646055));
#429 = VECTOR('',#430,1.);
#430 = DIRECTION('',(0.,0.5,0.866025403784));
#431 = PCURVE('',#93,#432);
#432 = DEFINITIONAL_REPRESENTATION('',(#433),#437);
#433 = LINE('',#434,#435);
#434 = CARTESIAN_POINT('',(8.,-13.85640646055));
#435 = VECTOR('',#436,1.);
#436 = DIRECTION('',(0.5,0.866025403784));
#437 = ( GEOMETRIC_REPRESENTATION_CONTEXT(2) 
PARAMETRIC_REPRESENTATION_CONTEXT() REPRESENTATION_CONTEXT('2D SPACE',''
  ) );
#438 = PCURVE('',#439,#444);
#439 = PLANE('',#440);
#440 = AXIS2_PLACEMENT_3D('',#441,#442,#443);
#441 = CARTESIAN_POINT('',(-33.5,8.,-13.85640646055));
#442 = DIRECTION('',(0.,0.866025403784,-0.5));
#443 = DIRECTION('',(0.,0.5,0.866025403784));
#444 = DEFINITIONAL_REPRESENTATION('',(#445),#449);
#445 = LINE('',#446,#447);
#446 = CARTESIAN_POINT('',(0.,-1.5));
#447 = VECTOR('',#448,1.);
#448 = DIRECTION('',(1.,0.));
#449 = ( GEOMETRIC_REPRESENTATION_CONTEXT(2) 
PARAMETRIC_REPRESENTATION_CONTEXT() REPRESENTATION_CONTEXT('2D SPACE',''
  ) );
#450 = FACE_BOUND('',#451,.F.);
#451 = EDGE_LOOP('',(#452));
#452 = ORIENTED_EDGE('',*,*,#78,.F.);
#453 = ADVANCED_FACE('',(#454),#127,.T.);
#454 = FACE_BOUND('',#455,.T.);
#455 = EDGE_LOOP('',(#456,#493,#521,#542,#543));
#456 = ORIENTED_EDGE('',*,*,#457,.F.);
#457 = EDGE_CURVE('',#458,#460,#462,.T.);
#458 = VERTEX_POINT('',#459);
#459 = CARTESIAN_POINT('',(-60.,9.418206931238,11.4));
#460 = VERTEX_POINT('',#461);
#461 = CARTESIAN_POINT('',(-48.6,16.,-3.172454190428E-15));
#462 = SURFACE_CURVE('',#463,(#468,#475),.PCURVE_S1.);
#463 = ELLIPSE('',#464,13.163586137523,11.4);
#464 = AXIS2_PLACEMENT_3D('',#465,#466,#467);
#465 = CARTESIAN_POINT('',(-60.,16.,-3.552713678801E-15));
#466 = DIRECTION('',(-0.,0.866025403784,0.5));
#467 = DIRECTION('',(0.,-0.5,0.866025403784));
#468 = PCURVE('',#127,#469);
#469 = DEFINITIONAL_REPRESENTATION('',(#470),#474);
#470 = ELLIPSE('',#471,13.163586137523,11.4);
#471 = AXIS2_PLACEMENT_2D('',#472,#473);
#472 = CARTESIAN_POINT('',(-3.076740298214E-15,-9.));
#473 = DIRECTION('',(1.,0.));
#474 = ( GEOMETRIC_REPRESENTATION_CONTEXT(2) 
PARAMETRIC_REPRESENTATION_CONTEXT() REPRESENTATION_CONTEXT('2D SPACE',''
  ) );
#475 = PCURVE('',#476,#481);
#476 = CYLINDRICAL_SURFACE('',#477,11.4);
#477 = AXIS2_PLACEMENT_3D('',#478,#479,#480);
#478 = CARTESIAN_POINT('',(-60.,19.,-4.218847493576E-15));
#479 = DIRECTION('',(0.,-1.,2.22044604925E-16));
#480 = DIRECTION('',(1.,0.,0.));
#481 = DEFINITIONAL_REPRESENTATION('',(#482),#492);
#482 = B_SPLINE_CURVE_WITH_KNOTS('',8,(#483,#484,#485,#486,#487,#488,
    #489,#490,#491),.UNSPECIFIED.,.F.,.F.,(9,9),(6.28318530718,
    7.853981633974),.PIECEWISE_BEZIER_KNOTS.);
#483 = CARTESIAN_POINT('',(7.853981633974,9.581793055257));
#484 = CARTESIAN_POINT('',(7.657632093125,9.581793087942));
#485 = CARTESIAN_POINT('',(7.461282552275,9.291794642895));
#486 = CARTESIAN_POINT('',(7.264933011426,8.711797280358));
#487 = CARTESIAN_POINT('',(7.068583470575,7.865650008938));
#488 = CARTESIAN_POINT('',(6.872233929728,6.801071682842));
#489 = CARTESIAN_POINT('',(6.675884388878,5.584664651499));
#490 = CARTESIAN_POINT('',(6.479534848029,4.292332047017));
#491 = CARTESIAN_POINT('',(6.28318530718,3.));
#492 = ( GEOMETRIC_REPRESENTATION_CONTEXT(2) 
PARAMETRIC_REPRESENTATION_CONTEXT() REPRESENTATION_CONTEXT('2D SPACE',''
  ) );
#493 = ORIENTED_EDGE('',*,*,#494,.T.);
#494 = EDGE_CURVE('',#458,#495,#497,.T.);
#495 = VERTEX_POINT('',#496);
#496 = CARTESIAN_POINT('',(-60.,8.,13.856406460551));
#497 = SURFACE_CURVE('',#498,(#502,#509),.PCURVE_S1.);
#498 = LINE('',#499,#500);
#499 = CARTESIAN_POINT('',(-60.,16.,0.));
#500 = VECTOR('',#501,1.);
#501 = DIRECTION('',(0.,-0.5,0.866025403784));
#502 = PCURVE('',#127,#503);
#503 = DEFINITIONAL_REPRESENTATION('',(#504),#508);
#504 = LINE('',#505,#506);
#505 = CARTESIAN_POINT('',(0.,-9.));
#506 = VECTOR('',#507,1.);
#507 = DIRECTION('',(1.,0.));
#508 = ( GEOMETRIC_REPRESENTATION_CONTEXT(2) 
PARAMETRIC_REPRESENTATION_CONTEXT() REPRESENTATION_CONTEXT('2D SPACE',''
  ) );
#509 = PCURVE('',#510,#515);
#510 = PLANE('',#511);
#511 = AXIS2_PLACEMENT_3D('',#512,#513,#514);
#512 = CARTESIAN_POINT('',(-60.,1.480297366167E-16,9.080106438912E-16));
#513 = DIRECTION('',(1.,0.,0.));
#514 = DIRECTION('',(0.,1.,0.));
#515 = DEFINITIONAL_REPRESENTATION('',(#516),#520);
#516 = LINE('',#517,#518);
#517 = CARTESIAN_POINT('',(16.,-9.080106438912E-16));
#518 = VECTOR('',#519,1.);
#519 = DIRECTION('',(-0.5,0.866025403784));
#520 = ( GEOMETRIC_REPRESENTATION_CONTEXT(2) 
PARAMETRIC_REPRESENTATION_CONTEXT() REPRESENTATION_CONTEXT('2D SPACE',''
  ) );
#521 = ORIENTED_EDGE('',*,*,#522,.T.);
#522 = EDGE_CURVE('',#495,#112,#523,.T.);
#523 = SURFACE_CURVE('',#524,(#528,#535),.PCURVE_S1.);
#524 = LINE('',#525,#526);
#525 = CARTESIAN_POINT('',(-60.,8.,13.856406460551));
#526 = VECTOR('',#527,1.);
#527 = DIRECTION('',(1.,0.,0.));
#528 = PCURVE('',#127,#529);
#529 = DEFINITIONAL_REPRESENTATION('',(#530),#534);
#530 = LINE('',#531,#532);
#531 = CARTESIAN_POINT('',(16.,-9.));
#532 = VECTOR('',#533,1.);
#533 = DIRECTION('',(0.,1.));
#534 = ( GEOMETRIC_REPRESENTATION_CONTEXT(2) 
PARAMETRIC_REPRESENTATION_CONTEXT() REPRESENTATION_CONTEXT('2D SPACE',''
  ) );
#535 = PCURVE('',#155,#536);
#536 = DEFINITIONAL_REPRESENTATION('',(#537),#541);
#537 = LINE('',#538,#539);
#538 = CARTESIAN_POINT('',(0.,-9.));
#539 = VECTOR('',#540,1.);
#540 = DIRECTION('',(0.,1.));
#541 = ( GEOMETRIC_REPRESENTATION_CONTEXT(2) 
PARAMETRIC_REPRESENTATION_CONTEXT() REPRESENTATION_CONTEXT('2D SPACE',''
  ) );
#542 = ORIENTED_EDGE('',*,*,#109,.F.);
#543 = ORIENTED_EDGE('',*,*,#544,.T.);
#544 = EDGE_CURVE('',#110,#460,#545,.T.);
#545 = SURFACE_CURVE('',#546,(#550,#557),.PCURVE_S1.);
#546 = LINE('',#547,#548);
#547 = CARTESIAN_POINT('',(-42.,16.,0.));
#548 = VECTOR('',#549,1.);
#549 = DIRECTION('',(-1.,0.,0.));
#550 = PCURVE('',#127,#551);
#551 = DEFINITIONAL_REPRESENTATION('',(#552),#556);
#552 = LINE('',#553,#554);
#553 = CARTESIAN_POINT('',(0.,9.));
#554 = VECTOR('',#555,1.);
#555 = DIRECTION('',(0.,-1.));
#556 = ( GEOMETRIC_REPRESENTATION_CONTEXT(2) 
PARAMETRIC_REPRESENTATION_CONTEXT() REPRESENTATION_CONTEXT('2D SPACE',''
  ) );
#557 = PCURVE('',#265,#558);
#558 = DEFINITIONAL_REPRESENTATION('',(#559),#563);
#559 = LINE('',#560,#561);
#560 = CARTESIAN_POINT('',(16.,9.));
#561 = VECTOR('',#562,1.);
#562 = DIRECTION('',(0.,-1.));
#563 = ( GEOMETRIC_REPRESENTATION_CONTEXT(2) 
PARAMETRIC_REPRESENTATION_CONTEXT() REPRESENTATION_CONTEXT('2D SPACE',''
  ) );
#564 = ADVANCED_FACE('',(#565),#265,.T.);
#565 = FACE_BOUND('',#566,.T.);
#566 = EDGE_LOOP('',(#567,#590,#618,#646,#647));
#567 = ORIENTED_EDGE('',*,*,#568,.T.);
#568 = EDGE_CURVE('',#224,#569,#571,.T.);
#569 = VERTEX_POINT('',#570);
#570 = CARTESIAN_POINT('',(-60.,8.,-13.85640646055));
#571 = SURFACE_CURVE('',#572,(#576,#583),.PCURVE_S1.);
#572 = LINE('',#573,#574);
#573 = CARTESIAN_POINT('',(-42.,8.,-13.85640646055));
#574 = VECTOR('',#575,1.);
#575 = DIRECTION('',(-1.,0.,0.));
#576 = PCURVE('',#265,#577);
#577 = DEFINITIONAL_REPRESENTATION('',(#578),#582);
#578 = LINE('',#579,#580);
#579 = CARTESIAN_POINT('',(0.,9.));
#580 = VECTOR('',#581,1.);
#581 = DIRECTION('',(0.,-1.));
#582 = ( GEOMETRIC_REPRESENTATION_CONTEXT(2) 
PARAMETRIC_REPRESENTATION_CONTEXT() REPRESENTATION_CONTEXT('2D SPACE',''
  ) );
#583 = PCURVE('',#239,#584);
#584 = DEFINITIONAL_REPRESENTATION('',(#585),#589);
#585 = LINE('',#586,#587);
#586 = CARTESIAN_POINT('',(16.,9.));
#587 = VECTOR('',#588,1.);
#588 = DIRECTION('',(0.,-1.));
#589 = ( GEOMETRIC_REPRESENTATION_CONTEXT(2) 
PARAMETRIC_REPRESENTATION_CONTEXT() REPRESENTATION_CONTEXT('2D SPACE',''
  ) );
#590 = ORIENTED_EDGE('',*,*,#591,.T.);
#591 = EDGE_CURVE('',#569,#592,#594,.T.);
#592 = VERTEX_POINT('',#593);
#593 = CARTESIAN_POINT('',(-60.,9.418206931238,-11.4));
#594 = SURFACE_CURVE('',#595,(#599,#606),.PCURVE_S1.);
#595 = LINE('',#596,#597);
#596 = CARTESIAN_POINT('',(-60.,8.,-13.85640646055));
#597 = VECTOR('',#598,1.);
#598 = DIRECTION('',(0.,0.5,0.866025403784));
#599 = PCURVE('',#265,#600);
#600 = DEFINITIONAL_REPRESENTATION('',(#601),#605);
#601 = LINE('',#602,#603);
#602 = CARTESIAN_POINT('',(0.,-9.));
#603 = VECTOR('',#604,1.);
#604 = DIRECTION('',(1.,0.));
#605 = ( GEOMETRIC_REPRESENTATION_CONTEXT(2) 
PARAMETRIC_REPRESENTATION_CONTEXT() REPRESENTATION_CONTEXT('2D SPACE',''
  ) );
#606 = PCURVE('',#607,#612);
#607 = PLANE('',#608);
#608 = AXIS2_PLACEMENT_3D('',#609,#610,#611);
#609 = CARTESIAN_POINT('',(-60.,1.480297366167E-16,9.080106438912E-16));
#610 = DIRECTION('',(1.,0.,0.));
#611 = DIRECTION('',(0.,1.,0.));
#612 = DEFINITIONAL_REPRESENTATION('',(#613),#617);
#613 = LINE('',#614,#615);
#614 = CARTESIAN_POINT('',(8.,-13.85640646055));
#615 = VECTOR('',#616,1.);
#616 = DIRECTION('',(0.5,0.866025403784));
#617 = ( GEOMETRIC_REPRESENTATION_CONTEXT(2) 
PARAMETRIC_REPRESENTATION_CONTEXT() REPRESENTATION_CONTEXT('2D SPACE',''
  ) );
#618 = ORIENTED_EDGE('',*,*,#619,.F.);
#619 = EDGE_CURVE('',#460,#592,#620,.T.);
#620 = SURFACE_CURVE('',#621,(#626,#633),.PCURVE_S1.);
#621 = ELLIPSE('',#622,13.163586137523,11.4);
#622 = AXIS2_PLACEMENT_3D('',#623,#624,#625);
#623 = CARTESIAN_POINT('',(-60.,16.,-3.5527136788E-15));
#624 = DIRECTION('',(0.,0.866025403784,-0.5));
#625 = DIRECTION('',(0.,-0.5,-0.866025403784));
#626 = PCURVE('',#265,#627);
#627 = DEFINITIONAL_REPRESENTATION('',(#628),#632);
#628 = ELLIPSE('',#629,13.163586137523,11.4);
#629 = AXIS2_PLACEMENT_2D('',#630,#631);
#630 = CARTESIAN_POINT('',(16.,-9.));
#631 = DIRECTION('',(-1.,0.));
#632 = ( GEOMETRIC_REPRESENTATION_CONTEXT(2) 
PARAMETRIC_REPRESENTATION_CONTEXT() REPRESENTATION_CONTEXT('2D SPACE',''
  ) );
#633 = PCURVE('',#476,#634);
#634 = DEFINITIONAL_REPRESENTATION('',(#635),#645);
#635 = B_SPLINE_CURVE_WITH_KNOTS('',8,(#636,#637,#638,#639,#640,#641,
    #642,#643,#644),.UNSPECIFIED.,.F.,.F.,(9,9),(4.712388980385,
    6.28318530718),.PIECEWISE_BEZIER_KNOTS.);
#636 = CARTESIAN_POINT('',(6.28318530718,3.));
#637 = CARTESIAN_POINT('',(6.08683576633,4.292332047017));
#638 = CARTESIAN_POINT('',(5.890486225481,5.584664651494));
#639 = CARTESIAN_POINT('',(5.694136684632,6.801071682874));
#640 = CARTESIAN_POINT('',(5.497787143783,7.865650008925));
#641 = CARTESIAN_POINT('',(5.301437602934,8.711797280375));
#642 = CARTESIAN_POINT('',(5.105088062084,9.291794642902));
#643 = CARTESIAN_POINT('',(4.908738521234,9.581793087943));
#644 = CARTESIAN_POINT('',(4.712388980385,9.581793055257));
#645 = ( GEOMETRIC_REPRESENTATION_CONTEXT(2) 
PARAMETRIC_REPRESENTATION_CONTEXT() REPRESENTATION_CONTEXT('2D SPACE',''
  ) );
#646 = ORIENTED_EDGE('',*,*,#544,.F.);
#647 = ORIENTED_EDGE('',*,*,#251,.F.);
#648 = ADVANCED_FACE('',(#649,#697),#155,.T.);
#649 = FACE_BOUND('',#650,.T.);
#650 = EDGE_LOOP('',(#651,#652,#675,#696));
#651 = ORIENTED_EDGE('',*,*,#522,.F.);
#652 = ORIENTED_EDGE('',*,*,#653,.T.);
#653 = EDGE_CURVE('',#495,#654,#656,.T.);
#654 = VERTEX_POINT('',#655);
#655 = CARTESIAN_POINT('',(-60.,-8.,13.856406460551));
#656 = SURFACE_CURVE('',#657,(#661,#668),.PCURVE_S1.);
#657 = LINE('',#658,#659);
#658 = CARTESIAN_POINT('',(-60.,8.,13.856406460551));
#659 = VECTOR('',#660,1.);
#660 = DIRECTION('',(0.,-1.,1.110223024625E-16));
#661 = PCURVE('',#155,#662);
#662 = DEFINITIONAL_REPRESENTATION('',(#663),#667);
#663 = LINE('',#664,#665);
#664 = CARTESIAN_POINT('',(0.,-9.));
#665 = VECTOR('',#666,1.);
#666 = DIRECTION('',(1.,0.));
#667 = ( GEOMETRIC_REPRESENTATION_CONTEXT(2) 
PARAMETRIC_REPRESENTATION_CONTEXT() REPRESENTATION_CONTEXT('2D SPACE',''
  ) );
#668 = PCURVE('',#510,#669);
#669 = DEFINITIONAL_REPRESENTATION('',(#670),#674);
#670 = LINE('',#671,#672);
#671 = CARTESIAN_POINT('',(8.,13.856406460551));
#672 = VECTOR('',#673,1.);
#673 = DIRECTION('',(-1.,1.110223024625E-16));
#674 = ( GEOMETRIC_REPRESENTATION_CONTEXT(2) 
PARAMETRIC_REPRESENTATION_CONTEXT() REPRESENTATION_CONTEXT('2D SPACE',''
  ) );
#675 = ORIENTED_EDGE('',*,*,#676,.T.);
#676 = EDGE_CURVE('',#654,#140,#677,.T.);
#677 = SURFACE_CURVE('',#678,(#682,#689),.PCURVE_S1.);
#678 = LINE('',#679,#680);
#679 = CARTESIAN_POINT('',(-60.,-8.,13.856406460551));
#680 = VECTOR('',#681,1.);
#681 = DIRECTION('',(1.,0.,0.));
#682 = PCURVE('',#155,#683);
#683 = DEFINITIONAL_REPRESENTATION('',(#684),#688);
#684 = LINE('',#685,#686);
#685 = CARTESIAN_POINT('',(16.,-9.));
#686 = VECTOR('',#687,1.);
#687 = DIRECTION('',(0.,1.));
#688 = ( GEOMETRIC_REPRESENTATION_CONTEXT(2) 
PARAMETRIC_REPRESENTATION_CONTEXT() REPRESENTATION_CONTEXT('2D SPACE',''
  ) );
#689 = PCURVE('',#183,#690);
#690 = DEFINITIONAL_REPRESENTATION('',(#691),#695);
#691 = LINE('',#692,#693);
#692 = CARTESIAN_POINT('',(-0.,-9.));
#693 = VECTOR('',#694,1.);
#694 = DIRECTION('',(0.,1.));
#695 = ( GEOMETRIC_REPRESENTATION_CONTEXT(2) 
PARAMETRIC_REPRESENTATION_CONTEXT() REPRESENTATION_CONTEXT('2D SPACE',''
  ) );
#696 = ORIENTED_EDGE('',*,*,#139,.F.);
#697 = FACE_BOUND('',#698,.T.);
#698 = EDGE_LOOP('',(#699,#727,#753,#779));
#699 = ORIENTED_EDGE('',*,*,#700,.T.);
#700 = EDGE_CURVE('',#701,#703,#705,.T.);
#701 = VERTEX_POINT('',#702);
#702 = CARTESIAN_POINT('',(-42.5,-3.,13.856406460551));
#703 = VERTEX_POINT('',#704);
#704 = CARTESIAN_POINT('',(-45.5,-3.,13.856406460551));
#705 = SURFACE_CURVE('',#706,(#710,#716),.PCURVE_S1.);
#706 = LINE('',#707,#708);
#707 = CARTESIAN_POINT('',(-48.25,-3.,13.856406460551));
#708 = VECTOR('',#709,1.);
#709 = DIRECTION('',(-1.,0.,-0.));
#710 = PCURVE('',#155,#711);
#711 = DEFINITIONAL_REPRESENTATION('',(#712),#715);
#712 = B_SPLINE_CURVE_WITH_KNOTS('',1,(#713,#714),.UNSPECIFIED.,.F.,.F.,
  (2,2),(-5.75,-2.75),.PIECEWISE_BEZIER_KNOTS.);
#713 = CARTESIAN_POINT('',(11.,8.5));
#714 = CARTESIAN_POINT('',(11.,5.5));
#715 = ( GEOMETRIC_REPRESENTATION_CONTEXT(2) 
PARAMETRIC_REPRESENTATION_CONTEXT() REPRESENTATION_CONTEXT('2D SPACE',''
  ) );
#716 = PCURVE('',#717,#722);
#717 = PLANE('',#718);
#718 = AXIS2_PLACEMENT_3D('',#719,#720,#721);
#719 = CARTESIAN_POINT('',(-45.5,-3.,-19.));
#720 = DIRECTION('',(0.,1.,0.));
#721 = DIRECTION('',(0.,0.,1.));
#722 = DEFINITIONAL_REPRESENTATION('',(#723),#726);
#723 = B_SPLINE_CURVE_WITH_KNOTS('',1,(#724,#725),.UNSPECIFIED.,.F.,.F.,
  (2,2),(-5.75,-2.75),.PIECEWISE_BEZIER_KNOTS.);
#724 = CARTESIAN_POINT('',(32.856406460551,3.));
#725 = CARTESIAN_POINT('',(32.856406460551,0.));
#726 = ( GEOMETRIC_REPRESENTATION_CONTEXT(2) 
PARAMETRIC_REPRESENTATION_CONTEXT() REPRESENTATION_CONTEXT('2D SPACE',''
  ) );
#727 = ORIENTED_EDGE('',*,*,#728,.T.);
#728 = EDGE_CURVE('',#703,#729,#731,.T.);
#729 = VERTEX_POINT('',#730);
#730 = CARTESIAN_POINT('',(-45.5,3.,13.856406460551));
#731 = SURFACE_CURVE('',#732,(#736,#742),.PCURVE_S1.);
#732 = LINE('',#733,#734);
#733 = CARTESIAN_POINT('',(-45.5,2.5,13.856406460551));
#734 = VECTOR('',#735,1.);
#735 = DIRECTION('',(0.,1.,-1.110223024625E-16));
#736 = PCURVE('',#155,#737);
#737 = DEFINITIONAL_REPRESENTATION('',(#738),#741);
#738 = B_SPLINE_CURVE_WITH_KNOTS('',1,(#739,#740),.UNSPECIFIED.,.F.,.F.,
  (2,2),(-5.5,0.5),.PIECEWISE_BEZIER_KNOTS.);
#739 = CARTESIAN_POINT('',(11.,5.5));
#740 = CARTESIAN_POINT('',(5.,5.5));
#741 = ( GEOMETRIC_REPRESENTATION_CONTEXT(2) 
PARAMETRIC_REPRESENTATION_CONTEXT() REPRESENTATION_CONTEXT('2D SPACE',''
  ) );
#742 = PCURVE('',#743,#748);
#743 = PLANE('',#744);
#744 = AXIS2_PLACEMENT_3D('',#745,#746,#747);
#745 = CARTESIAN_POINT('',(-45.5,-3.,-19.));
#746 = DIRECTION('',(1.,0.,0.));
#747 = DIRECTION('',(0.,0.,1.));
#748 = DEFINITIONAL_REPRESENTATION('',(#749),#752);
#749 = B_SPLINE_CURVE_WITH_KNOTS('',1,(#750,#751),.UNSPECIFIED.,.F.,.F.,
  (2,2),(-5.5,0.5),.PIECEWISE_BEZIER_KNOTS.);
#750 = CARTESIAN_POINT('',(32.856406460551,0.));
#751 = CARTESIAN_POINT('',(32.856406460551,-6.));
#752 = ( GEOMETRIC_REPRESENTATION_CONTEXT(2) 
PARAMETRIC_REPRESENTATION_CONTEXT() REPRESENTATION_CONTEXT('2D SPACE',''
  ) );
#753 = ORIENTED_EDGE('',*,*,#754,.F.);
#754 = EDGE_CURVE('',#755,#729,#757,.T.);
#755 = VERTEX_POINT('',#756);
#756 = CARTESIAN_POINT('',(-42.5,3.,13.856406460551));
#757 = SURFACE_CURVE('',#758,(#762,#768),.PCURVE_S1.);
#758 = LINE('',#759,#760);
#759 = CARTESIAN_POINT('',(-48.25,3.,13.856406460551));
#760 = VECTOR('',#761,1.);
#761 = DIRECTION('',(-1.,0.,-0.));
#762 = PCURVE('',#155,#763);
#763 = DEFINITIONAL_REPRESENTATION('',(#764),#767);
#764 = B_SPLINE_CURVE_WITH_KNOTS('',1,(#765,#766),.UNSPECIFIED.,.F.,.F.,
  (2,2),(-5.75,-2.75),.PIECEWISE_BEZIER_KNOTS.);
#765 = CARTESIAN_POINT('',(5.,8.5));
#766 = CARTESIAN_POINT('',(5.,5.5));
#767 = ( GEOMETRIC_REPRESENTATION_CONTEXT(2) 
PARAMETRIC_REPRESENTATION_CONTEXT() REPRESENTATION_CONTEXT('2D SPACE',''
  ) );
#768 = PCURVE('',#769,#774);
#769 = PLANE('',#770);
#770 = AXIS2_PLACEMENT_3D('',#771,#772,#773);
#771 = CARTESIAN_POINT('',(-45.5,3.,-19.));
#772 = DIRECTION('',(0.,1.,0.));
#773 = DIRECTION('',(0.,0.,1.));
#774 = DEFINITIONAL_REPRESENTATION('',(#775),#778);
#775 = B_SPLINE_CURVE_WITH_KNOTS('',1,(#776,#777),.UNSPECIFIED.,.F.,.F.,
  (2,2),(-5.75,-2.75),.PIECEWISE_BEZIER_KNOTS.);
#776 = CARTESIAN_POINT('',(32.856406460551,3.));
#777 = CARTESIAN_POINT('',(32.856406460551,0.));
#778 = ( GEOMETRIC_REPRESENTATION_CONTEXT(2) 
PARAMETRIC_REPRESENTATION_CONTEXT() REPRESENTATION_CONTEXT('2D SPACE',''
  ) );
#779 = ORIENTED_EDGE('',*,*,#780,.F.);
#780 = EDGE_CURVE('',#701,#755,#781,.T.);
#781 = SURFACE_CURVE('',#782,(#786,#792),.PCURVE_S1.);
#782 = LINE('',#783,#784);
#783 = CARTESIAN_POINT('',(-42.5,2.5,13.856406460551));
#784 = VECTOR('',#785,1.);
#785 = DIRECTION('',(0.,1.,-1.110223024625E-16));
#786 = PCURVE('',#155,#787);
#787 = DEFINITIONAL_REPRESENTATION('',(#788),#791);
#788 = B_SPLINE_CURVE_WITH_KNOTS('',1,(#789,#790),.UNSPECIFIED.,.F.,.F.,
  (2,2),(-5.5,0.5),.PIECEWISE_BEZIER_KNOTS.);
#789 = CARTESIAN_POINT('',(11.,8.5));
#790 = CARTESIAN_POINT('',(5.,8.5));
#791 = ( GEOMETRIC_REPRESENTATION_CONTEXT(2) 
PARAMETRIC_REPRESENTATION_CONTEXT() REPRESENTATION_CONTEXT('2D SPACE',''
  ) );
#792 = PCURVE('',#793,#798);
#793 = PLANE('',#794);
#794 = AXIS2_PLACEMENT_3D('',#795,#796,#797);
#795 = CARTESIAN_POINT('',(-42.5,-3.,-19.));
#796 = DIRECTION('',(1.,0.,0.));
#797 = DIRECTION('',(0.,0.,1.));
#798 = DEFINITIONAL_REPRESENTATION('',(#799),#802);
#799 = B_SPLINE_CURVE_WITH_KNOTS('',1,(#800,#801),.UNSPECIFIED.,.F.,.F.,
  (2,2),(-5.5,0.5),.PIECEWISE_BEZIER_KNOTS.);
#800 = CARTESIAN_POINT('',(32.856406460551,0.));
#801 = CARTESIAN_POINT('',(32.856406460551,-6.));
#802 = ( GEOMETRIC_REPRESENTATION_CONTEXT(2) 
PARAMETRIC_REPRESENTATION_CONTEXT() REPRESENTATION_CONTEXT('2D SPACE',''
  ) );
#803 = ADVANCED_FACE('',(#804,#852),#239,.T.);
#804 = FACE_BOUND('',#805,.T.);
#805 = EDGE_LOOP('',(#806,#829,#830,#831));
#806 = ORIENTED_EDGE('',*,*,#807,.T.);
#807 = EDGE_CURVE('',#808,#569,#810,.T.);
#808 = VERTEX_POINT('',#809);
#809 = CARTESIAN_POINT('',(-60.,-8.,-13.85640646055));
#810 = SURFACE_CURVE('',#811,(#815,#822),.PCURVE_S1.);
#811 = LINE('',#812,#813);
#812 = CARTESIAN_POINT('',(-60.,-8.,-13.85640646055));
#813 = VECTOR('',#814,1.);
#814 = DIRECTION('',(0.,1.,-2.22044604925E-16));
#815 = PCURVE('',#239,#816);
#816 = DEFINITIONAL_REPRESENTATION('',(#817),#821);
#817 = LINE('',#818,#819);
#818 = CARTESIAN_POINT('',(0.,-9.));
#819 = VECTOR('',#820,1.);
#820 = DIRECTION('',(1.,0.));
#821 = ( GEOMETRIC_REPRESENTATION_CONTEXT(2) 
PARAMETRIC_REPRESENTATION_CONTEXT() REPRESENTATION_CONTEXT('2D SPACE',''
  ) );
#822 = PCURVE('',#607,#823);
#823 = DEFINITIONAL_REPRESENTATION('',(#824),#828);
#824 = LINE('',#825,#826);
#825 = CARTESIAN_POINT('',(-8.,-13.85640646055));
#826 = VECTOR('',#827,1.);
#827 = DIRECTION('',(1.,-2.22044604925E-16));
#828 = ( GEOMETRIC_REPRESENTATION_CONTEXT(2) 
PARAMETRIC_REPRESENTATION_CONTEXT() REPRESENTATION_CONTEXT('2D SPACE',''
  ) );
#829 = ORIENTED_EDGE('',*,*,#568,.F.);
#830 = ORIENTED_EDGE('',*,*,#223,.F.);
#831 = ORIENTED_EDGE('',*,*,#832,.T.);
#832 = EDGE_CURVE('',#196,#808,#833,.T.);
#833 = SURFACE_CURVE('',#834,(#838,#845),.PCURVE_S1.);
#834 = LINE('',#835,#836);
#835 = CARTESIAN_POINT('',(-42.,-8.,-13.85640646055));
#836 = VECTOR('',#837,1.);
#837 = DIRECTION('',(-1.,0.,0.));
#838 = PCURVE('',#239,#839);
#839 = DEFINITIONAL_REPRESENTATION('',(#840),#844);
#840 = LINE('',#841,#842);
#841 = CARTESIAN_POINT('',(0.,9.));
#842 = VECTOR('',#843,1.);
#843 = DIRECTION('',(0.,-1.));
#844 = ( GEOMETRIC_REPRESENTATION_CONTEXT(2) 
PARAMETRIC_REPRESENTATION_CONTEXT() REPRESENTATION_CONTEXT('2D SPACE',''
  ) );
#845 = PCURVE('',#211,#846);
#846 = DEFINITIONAL_REPRESENTATION('',(#847),#851);
#847 = LINE('',#848,#849);
#848 = CARTESIAN_POINT('',(16.,9.));
#849 = VECTOR('',#850,1.);
#850 = DIRECTION('',(0.,-1.));
#851 = ( GEOMETRIC_REPRESENTATION_CONTEXT(2) 
PARAMETRIC_REPRESENTATION_CONTEXT() REPRESENTATION_CONTEXT('2D SPACE',''
  ) );
#852 = FACE_BOUND('',#853,.T.);
#853 = EDGE_LOOP('',(#854,#877,#898,#919));
#854 = ORIENTED_EDGE('',*,*,#855,.F.);
#855 = EDGE_CURVE('',#856,#858,#860,.T.);
#856 = VERTEX_POINT('',#857);
#857 = CARTESIAN_POINT('',(-45.5,3.,-13.85640646055));
#858 = VERTEX_POINT('',#859);
#859 = CARTESIAN_POINT('',(-42.5,3.,-13.85640646055));
#860 = SURFACE_CURVE('',#861,(#865,#871),.PCURVE_S1.);
#861 = LINE('',#862,#863);
#862 = CARTESIAN_POINT('',(-48.25,3.,-13.85640646055));
#863 = VECTOR('',#864,1.);
#864 = DIRECTION('',(1.,-0.,0.));
#865 = PCURVE('',#239,#866);
#866 = DEFINITIONAL_REPRESENTATION('',(#867),#870);
#867 = B_SPLINE_CURVE_WITH_KNOTS('',1,(#868,#869),.UNSPECIFIED.,.F.,.F.,
  (2,2),(2.75,5.75),.PIECEWISE_BEZIER_KNOTS.);
#868 = CARTESIAN_POINT('',(11.,5.5));
#869 = CARTESIAN_POINT('',(11.,8.5));
#870 = ( GEOMETRIC_REPRESENTATION_CONTEXT(2) 
PARAMETRIC_REPRESENTATION_CONTEXT() REPRESENTATION_CONTEXT('2D SPACE',''
  ) );
#871 = PCURVE('',#769,#872);
#872 = DEFINITIONAL_REPRESENTATION('',(#873),#876);
#873 = B_SPLINE_CURVE_WITH_KNOTS('',1,(#874,#875),.UNSPECIFIED.,.F.,.F.,
  (2,2),(2.75,5.75),.PIECEWISE_BEZIER_KNOTS.);
#874 = CARTESIAN_POINT('',(5.143593539449,0.));
#875 = CARTESIAN_POINT('',(5.143593539449,3.));
#876 = ( GEOMETRIC_REPRESENTATION_CONTEXT(2) 
PARAMETRIC_REPRESENTATION_CONTEXT() REPRESENTATION_CONTEXT('2D SPACE',''
  ) );
#877 = ORIENTED_EDGE('',*,*,#878,.T.);
#878 = EDGE_CURVE('',#856,#879,#881,.T.);
#879 = VERTEX_POINT('',#880);
#880 = CARTESIAN_POINT('',(-45.5,-3.,-13.85640646055));
#881 = SURFACE_CURVE('',#882,(#886,#892),.PCURVE_S1.);
#882 = LINE('',#883,#884);
#883 = CARTESIAN_POINT('',(-45.5,-5.5,-13.85640646055));
#884 = VECTOR('',#885,1.);
#885 = DIRECTION('',(0.,-1.,2.22044604925E-16));
#886 = PCURVE('',#239,#887);
#887 = DEFINITIONAL_REPRESENTATION('',(#888),#891);
#888 = B_SPLINE_CURVE_WITH_KNOTS('',1,(#889,#890),.UNSPECIFIED.,.F.,.F.,
  (2,2),(-8.5,-2.5),.PIECEWISE_BEZIER_KNOTS.);
#889 = CARTESIAN_POINT('',(11.,5.5));
#890 = CARTESIAN_POINT('',(5.,5.5));
#891 = ( GEOMETRIC_REPRESENTATION_CONTEXT(2) 
PARAMETRIC_REPRESENTATION_CONTEXT() REPRESENTATION_CONTEXT('2D SPACE',''
  ) );
#892 = PCURVE('',#743,#893);
#893 = DEFINITIONAL_REPRESENTATION('',(#894),#897);
#894 = B_SPLINE_CURVE_WITH_KNOTS('',1,(#895,#896),.UNSPECIFIED.,.F.,.F.,
  (2,2),(-8.5,-2.5),.PIECEWISE_BEZIER_KNOTS.);
#895 = CARTESIAN_POINT('',(5.143593539449,-6.));
#896 = CARTESIAN_POINT('',(5.143593539449,0.));
#897 = ( GEOMETRIC_REPRESENTATION_CONTEXT(2) 
PARAMETRIC_REPRESENTATION_CONTEXT() REPRESENTATION_CONTEXT('2D SPACE',''
  ) );
#898 = ORIENTED_EDGE('',*,*,#899,.T.);
#899 = EDGE_CURVE('',#879,#900,#902,.T.);
#900 = VERTEX_POINT('',#901);
#901 = CARTESIAN_POINT('',(-42.5,-3.,-13.85640646055));
#902 = SURFACE_CURVE('',#903,(#907,#913),.PCURVE_S1.);
#903 = LINE('',#904,#905);
#904 = CARTESIAN_POINT('',(-48.25,-3.,-13.85640646055));
#905 = VECTOR('',#906,1.);
#906 = DIRECTION('',(1.,-0.,0.));
#907 = PCURVE('',#239,#908);
#908 = DEFINITIONAL_REPRESENTATION('',(#909),#912);
#909 = B_SPLINE_CURVE_WITH_KNOTS('',1,(#910,#911),.UNSPECIFIED.,.F.,.F.,
  (2,2),(2.75,5.75),.PIECEWISE_BEZIER_KNOTS.);
#910 = CARTESIAN_POINT('',(5.,5.5));
#911 = CARTESIAN_POINT('',(5.,8.5));
#912 = ( GEOMETRIC_REPRESENTATION_CONTEXT(2) 
PARAMETRIC_REPRESENTATION_CONTEXT() REPRESENTATION_CONTEXT('2D SPACE',''
  ) );
#913 = PCURVE('',#717,#914);
#914 = DEFINITIONAL_REPRESENTATION('',(#915),#918);
#915 = B_SPLINE_CURVE_WITH_KNOTS('',1,(#916,#917),.UNSPECIFIED.,.F.,.F.,
  (2,2),(2.75,5.75),.PIECEWISE_BEZIER_KNOTS.);
#916 = CARTESIAN_POINT('',(5.143593539449,0.));
#917 = CARTESIAN_POINT('',(5.143593539449,3.));
#918 = ( GEOMETRIC_REPRESENTATION_CONTEXT(2) 
PARAMETRIC_REPRESENTATION_CONTEXT() REPRESENTATION_CONTEXT('2D SPACE',''
  ) );
#919 = ORIENTED_EDGE('',*,*,#920,.F.);
#920 = EDGE_CURVE('',#858,#900,#921,.T.);
#921 = SURFACE_CURVE('',#922,(#926,#932),.PCURVE_S1.);
#922 = LINE('',#923,#924);
#923 = CARTESIAN_POINT('',(-42.5,-5.5,-13.85640646055));
#924 = VECTOR('',#925,1.);
#925 = DIRECTION('',(0.,-1.,2.22044604925E-16));
#926 = PCURVE('',#239,#927);
#927 = DEFINITIONAL_REPRESENTATION('',(#928),#931);
#928 = B_SPLINE_CURVE_WITH_KNOTS('',1,(#929,#930),.UNSPECIFIED.,.F.,.F.,
  (2,2),(-8.5,-2.5),.PIECEWISE_BEZIER_KNOTS.);
#929 = CARTESIAN_POINT('',(11.,8.5));
#930 = CARTESIAN_POINT('',(5.,8.5));
#931 = ( GEOMETRIC_REPRESENTATION_CONTEXT(2) 
PARAMETRIC_REPRESENTATION_CONTEXT() REPRESENTATION_CONTEXT('2D SPACE',''
  ) );
#932 = PCURVE('',#793,#933);
#933 = DEFINITIONAL_REPRESENTATION('',(#934),#937);
#934 = B_SPLINE_CURVE_WITH_KNOTS('',1,(#935,#936),.UNSPECIFIED.,.F.,.F.,
  (2,2),(-8.5,-2.5),.PIECEWISE_BEZIER_KNOTS.);
#935 = CARTESIAN_POINT('',(5.143593539449,-6.));
#936 = CARTESIAN_POINT('',(5.143593539449,0.));
#937 = ( GEOMETRIC_REPRESENTATION_CONTEXT(2) 
PARAMETRIC_REPRESENTATION_CONTEXT() REPRESENTATION_CONTEXT('2D SPACE',''
  ) );
#938 = ADVANCED_FACE('',(#939),#183,.T.);
#939 = FACE_BOUND('',#940,.T.);
#940 = EDGE_LOOP('',(#941,#942,#965,#995,#1016));
#941 = ORIENTED_EDGE('',*,*,#676,.F.);
#942 = ORIENTED_EDGE('',*,*,#943,.T.);
#943 = EDGE_CURVE('',#654,#944,#946,.T.);
#944 = VERTEX_POINT('',#945);
#945 = CARTESIAN_POINT('',(-60.,-9.418206931238,11.4));
#946 = SURFACE_CURVE('',#947,(#951,#958),.PCURVE_S1.);
#947 = LINE('',#948,#949);
#948 = CARTESIAN_POINT('',(-60.,-8.,13.856406460551));
#949 = VECTOR('',#950,1.);
#950 = DIRECTION('',(0.,-0.5,-0.866025403784));
#951 = PCURVE('',#183,#952);
#952 = DEFINITIONAL_REPRESENTATION('',(#953),#957);
#953 = LINE('',#954,#955);
#954 = CARTESIAN_POINT('',(-0.,-9.));
#955 = VECTOR('',#956,1.);
#956 = DIRECTION('',(1.,0.));
#957 = ( GEOMETRIC_REPRESENTATION_CONTEXT(2) 
PARAMETRIC_REPRESENTATION_CONTEXT() REPRESENTATION_CONTEXT('2D SPACE',''
  ) );
#958 = PCURVE('',#510,#959);
#959 = DEFINITIONAL_REPRESENTATION('',(#960),#964);
#960 = LINE('',#961,#962);
#961 = CARTESIAN_POINT('',(-8.,13.856406460551));
#962 = VECTOR('',#963,1.);
#963 = DIRECTION('',(-0.5,-0.866025403784));
#964 = ( GEOMETRIC_REPRESENTATION_CONTEXT(2) 
PARAMETRIC_REPRESENTATION_CONTEXT() REPRESENTATION_CONTEXT('2D SPACE',''
  ) );
#965 = ORIENTED_EDGE('',*,*,#966,.F.);
#966 = EDGE_CURVE('',#967,#944,#969,.T.);
#967 = VERTEX_POINT('',#968);
#968 = CARTESIAN_POINT('',(-48.6,-16.,1.35997692769E-15));
#969 = SURFACE_CURVE('',#970,(#975,#982),.PCURVE_S1.);
#970 = ELLIPSE('',#971,13.163586137523,11.4);
#971 = AXIS2_PLACEMENT_3D('',#972,#973,#974);
#972 = CARTESIAN_POINT('',(-60.,-16.,3.552713678801E-15));
#973 = DIRECTION('',(0.,-0.866025403784,0.5));
#974 = DIRECTION('',(0.,-0.5,-0.866025403784));
#975 = PCURVE('',#183,#976);
#976 = DEFINITIONAL_REPRESENTATION('',(#977),#981);
#977 = ELLIPSE('',#978,13.163586137523,11.4);
#978 = AXIS2_PLACEMENT_2D('',#979,#980);
#979 = CARTESIAN_POINT('',(16.,-9.));
#980 = DIRECTION('',(1.,0.));
#981 = ( GEOMETRIC_REPRESENTATION_CONTEXT(2) 
PARAMETRIC_REPRESENTATION_CONTEXT() REPRESENTATION_CONTEXT('2D SPACE',''
  ) );
#982 = PCURVE('',#476,#983);
#983 = DEFINITIONAL_REPRESENTATION('',(#984),#994);
#984 = B_SPLINE_CURVE_WITH_KNOTS('',8,(#985,#986,#987,#988,#989,#990,
    #991,#992,#993),.UNSPECIFIED.,.F.,.F.,(9,9),(1.570796326795,
    3.14159265359),.PIECEWISE_BEZIER_KNOTS.);
#985 = CARTESIAN_POINT('',(6.28318530718,35.));
#986 = CARTESIAN_POINT('',(6.479534848029,33.707667952983));
#987 = CARTESIAN_POINT('',(6.675884388878,32.415335348505));
#988 = CARTESIAN_POINT('',(6.872233929726,31.198928317045));
#989 = CARTESIAN_POINT('',(7.068583470578,30.134349991044));
#990 = CARTESIAN_POINT('',(7.264933011425,29.288202719536));
#991 = CARTESIAN_POINT('',(7.461282552275,28.708205357047));
#992 = CARTESIAN_POINT('',(7.657632093125,28.41820691204));
#993 = CARTESIAN_POINT('',(7.853981633974,28.418206944739));
#994 = ( GEOMETRIC_REPRESENTATION_CONTEXT(2) 
PARAMETRIC_REPRESENTATION_CONTEXT() REPRESENTATION_CONTEXT('2D SPACE',''
  ) );
#995 = ORIENTED_EDGE('',*,*,#996,.T.);
#996 = EDGE_CURVE('',#967,#168,#997,.T.);
#997 = SURFACE_CURVE('',#998,(#1002,#1009),.PCURVE_S1.);
#998 = LINE('',#999,#1000);
#999 = CARTESIAN_POINT('',(-60.,-16.,1.959434878636E-15));
#1000 = VECTOR('',#1001,1.);
#1001 = DIRECTION('',(1.,0.,0.));
#1002 = PCURVE('',#183,#1003);
#1003 = DEFINITIONAL_REPRESENTATION('',(#1004),#1008);
#1004 = LINE('',#1005,#1006);
#1005 = CARTESIAN_POINT('',(16.,-9.));
#1006 = VECTOR('',#1007,1.);
#1007 = DIRECTION('',(0.,1.));
#1008 = ( GEOMETRIC_REPRESENTATION_CONTEXT(2) 
PARAMETRIC_REPRESENTATION_CONTEXT() REPRESENTATION_CONTEXT('2D SPACE',''
  ) );
#1009 = PCURVE('',#211,#1010);
#1010 = DEFINITIONAL_REPRESENTATION('',(#1011),#1015);
#1011 = LINE('',#1012,#1013);
#1012 = CARTESIAN_POINT('',(0.,-9.));
#1013 = VECTOR('',#1014,1.);
#1014 = DIRECTION('',(0.,1.));
#1015 = ( GEOMETRIC_REPRESENTATION_CONTEXT(2) 
PARAMETRIC_REPRESENTATION_CONTEXT() REPRESENTATION_CONTEXT('2D SPACE',''
  ) );
#1016 = ORIENTED_EDGE('',*,*,#167,.F.);
#1017 = ADVANCED_FACE('',(#1018),#211,.T.);
#1018 = FACE_BOUND('',#1019,.T.);
#1019 = EDGE_LOOP('',(#1020,#1021,#1051,#1072,#1073));
#1020 = ORIENTED_EDGE('',*,*,#996,.F.);
#1021 = ORIENTED_EDGE('',*,*,#1022,.F.);
#1022 = EDGE_CURVE('',#1023,#967,#1025,.T.);
#1023 = VERTEX_POINT('',#1024);
#1024 = CARTESIAN_POINT('',(-60.,-9.418206931238,-11.4));
#1025 = SURFACE_CURVE('',#1026,(#1031,#1038),.PCURVE_S1.);
#1026 = ELLIPSE('',#1027,13.163586137523,11.4);
#1027 = AXIS2_PLACEMENT_3D('',#1028,#1029,#1030);
#1028 = CARTESIAN_POINT('',(-60.,-16.,3.5527136788E-15));
#1029 = DIRECTION('',(0.,-0.866025403784,-0.5));
#1030 = DIRECTION('',(0.,-0.5,0.866025403784));
#1031 = PCURVE('',#211,#1032);
#1032 = DEFINITIONAL_REPRESENTATION('',(#1033),#1037);
#1033 = ELLIPSE('',#1034,13.163586137523,11.4);
#1034 = AXIS2_PLACEMENT_2D('',#1035,#1036);
#1035 = CARTESIAN_POINT('',(2.172893762547E-15,-9.));
#1036 = DIRECTION('',(-1.,0.));
#1037 = ( GEOMETRIC_REPRESENTATION_CONTEXT(2) 
PARAMETRIC_REPRESENTATION_CONTEXT() REPRESENTATION_CONTEXT('2D SPACE',''
  ) );
#1038 = PCURVE('',#476,#1039);
#1039 = DEFINITIONAL_REPRESENTATION('',(#1040),#1050);
#1040 = B_SPLINE_CURVE_WITH_KNOTS('',8,(#1041,#1042,#1043,#1044,#1045,
    #1046,#1047,#1048,#1049),.UNSPECIFIED.,.F.,.F.,(9,9),(3.14159265359,
    4.712388980385),.PIECEWISE_BEZIER_KNOTS.);
#1041 = CARTESIAN_POINT('',(4.712388980384,28.41820694474));
#1042 = CARTESIAN_POINT('',(4.908738521232,28.418206912045));
#1043 = CARTESIAN_POINT('',(5.105088062079,28.708205357069));
#1044 = CARTESIAN_POINT('',(5.301437602925,29.288202719584));
#1045 = CARTESIAN_POINT('',(5.497787143771,30.134349991069));
#1046 = CARTESIAN_POINT('',(5.694136684628,31.198928317102));
#1047 = CARTESIAN_POINT('',(5.890486225478,32.415335348491));
#1048 = CARTESIAN_POINT('',(6.08683576633,33.707667952983));
#1049 = CARTESIAN_POINT('',(6.28318530718,35.));
#1050 = ( GEOMETRIC_REPRESENTATION_CONTEXT(2) 
PARAMETRIC_REPRESENTATION_CONTEXT() REPRESENTATION_CONTEXT('2D SPACE',''
  ) );
#1051 = ORIENTED_EDGE('',*,*,#1052,.T.);
#1052 = EDGE_CURVE('',#1023,#808,#1053,.T.);
#1053 = SURFACE_CURVE('',#1054,(#1058,#1065),.PCURVE_S1.);
#1054 = LINE('',#1055,#1056);
#1055 = CARTESIAN_POINT('',(-60.,-16.,1.959434878636E-15));
#1056 = VECTOR('',#1057,1.);
#1057 = DIRECTION('',(0.,0.5,-0.866025403784));
#1058 = PCURVE('',#211,#1059);
#1059 = DEFINITIONAL_REPRESENTATION('',(#1060),#1064);
#1060 = LINE('',#1061,#1062);
#1061 = CARTESIAN_POINT('',(0.,-9.));
#1062 = VECTOR('',#1063,1.);
#1063 = DIRECTION('',(1.,0.));
#1064 = ( GEOMETRIC_REPRESENTATION_CONTEXT(2) 
PARAMETRIC_REPRESENTATION_CONTEXT() REPRESENTATION_CONTEXT('2D SPACE',''
  ) );
#1065 = PCURVE('',#607,#1066);
#1066 = DEFINITIONAL_REPRESENTATION('',(#1067),#1071);
#1067 = LINE('',#1068,#1069);
#1068 = CARTESIAN_POINT('',(-16.,1.051424234745E-15));
#1069 = VECTOR('',#1070,1.);
#1070 = DIRECTION('',(0.5,-0.866025403784));
#1071 = ( GEOMETRIC_REPRESENTATION_CONTEXT(2) 
PARAMETRIC_REPRESENTATION_CONTEXT() REPRESENTATION_CONTEXT('2D SPACE',''
  ) );
#1072 = ORIENTED_EDGE('',*,*,#832,.F.);
#1073 = ORIENTED_EDGE('',*,*,#195,.F.);
#1074 = ADVANCED_FACE('',(#1075),#301,.T.);
#1075 = FACE_BOUND('',#1076,.T.);
#1076 = EDGE_LOOP('',(#1077,#1078,#1101,#1129));
#1077 = ORIENTED_EDGE('',*,*,#283,.T.);
#1078 = ORIENTED_EDGE('',*,*,#1079,.T.);
#1079 = EDGE_CURVE('',#286,#1080,#1082,.T.);
#1080 = VERTEX_POINT('',#1081);
#1081 = CARTESIAN_POINT('',(-32.,8.,13.856406460551));
#1082 = SURFACE_CURVE('',#1083,(#1087,#1094),.PCURVE_S1.);
#1083 = LINE('',#1084,#1085);
#1084 = CARTESIAN_POINT('',(-35.,8.,13.856406460551));
#1085 = VECTOR('',#1086,1.);
#1086 = DIRECTION('',(1.,0.,0.));
#1087 = PCURVE('',#301,#1088);
#1088 = DEFINITIONAL_REPRESENTATION('',(#1089),#1093);
#1089 = LINE('',#1090,#1091);
#1090 = CARTESIAN_POINT('',(16.,-1.5));
#1091 = VECTOR('',#1092,1.);
#1092 = DIRECTION('',(0.,1.));
#1093 = ( GEOMETRIC_REPRESENTATION_CONTEXT(2) 
PARAMETRIC_REPRESENTATION_CONTEXT() REPRESENTATION_CONTEXT('2D SPACE',''
  ) );
#1094 = PCURVE('',#329,#1095);
#1095 = DEFINITIONAL_REPRESENTATION('',(#1096),#1100);
#1096 = LINE('',#1097,#1098);
#1097 = CARTESIAN_POINT('',(0.,-1.5));
#1098 = VECTOR('',#1099,1.);
#1099 = DIRECTION('',(0.,1.));
#1100 = ( GEOMETRIC_REPRESENTATION_CONTEXT(2) 
PARAMETRIC_REPRESENTATION_CONTEXT() REPRESENTATION_CONTEXT('2D SPACE',''
  ) );
#1101 = ORIENTED_EDGE('',*,*,#1102,.F.);
#1102 = EDGE_CURVE('',#1103,#1080,#1105,.T.);
#1103 = VERTEX_POINT('',#1104);
#1104 = CARTESIAN_POINT('',(-32.,16.,0.));
#1105 = SURFACE_CURVE('',#1106,(#1110,#1117),.PCURVE_S1.);
#1106 = LINE('',#1107,#1108);
#1107 = CARTESIAN_POINT('',(-32.,16.,0.));
#1108 = VECTOR('',#1109,1.);
#1109 = DIRECTION('',(0.,-0.5,0.866025403784));
#1110 = PCURVE('',#301,#1111);
#1111 = DEFINITIONAL_REPRESENTATION('',(#1112),#1116);
#1112 = LINE('',#1113,#1114);
#1113 = CARTESIAN_POINT('',(0.,1.5));
#1114 = VECTOR('',#1115,1.);
#1115 = DIRECTION('',(1.,0.));
#1116 = ( GEOMETRIC_REPRESENTATION_CONTEXT(2) 
PARAMETRIC_REPRESENTATION_CONTEXT() REPRESENTATION_CONTEXT('2D SPACE',''
  ) );
#1117 = PCURVE('',#1118,#1123);
#1118 = PLANE('',#1119);
#1119 = AXIS2_PLACEMENT_3D('',#1120,#1121,#1122);
#1120 = CARTESIAN_POINT('',(-32.,1.480297366167E-16,9.080106438912E-16)
  );
#1121 = DIRECTION('',(1.,0.,0.));
#1122 = DIRECTION('',(0.,1.,0.));
#1123 = DEFINITIONAL_REPRESENTATION('',(#1124),#1128);
#1124 = LINE('',#1125,#1126);
#1125 = CARTESIAN_POINT('',(16.,-9.080106438912E-16));
#1126 = VECTOR('',#1127,1.);
#1127 = DIRECTION('',(-0.5,0.866025403784));
#1128 = ( GEOMETRIC_REPRESENTATION_CONTEXT(2) 
PARAMETRIC_REPRESENTATION_CONTEXT() REPRESENTATION_CONTEXT('2D SPACE',''
  ) );
#1129 = ORIENTED_EDGE('',*,*,#1130,.T.);
#1130 = EDGE_CURVE('',#1103,#284,#1131,.T.);
#1131 = SURFACE_CURVE('',#1132,(#1136,#1143),.PCURVE_S1.);
#1132 = LINE('',#1133,#1134);
#1133 = CARTESIAN_POINT('',(-32.,16.,0.));
#1134 = VECTOR('',#1135,1.);
#1135 = DIRECTION('',(-1.,0.,0.));
#1136 = PCURVE('',#301,#1137);
#1137 = DEFINITIONAL_REPRESENTATION('',(#1138),#1142);
#1138 = LINE('',#1139,#1140);
#1139 = CARTESIAN_POINT('',(0.,1.5));
#1140 = VECTOR('',#1141,1.);
#1141 = DIRECTION('',(0.,-1.));
#1142 = ( GEOMETRIC_REPRESENTATION_CONTEXT(2) 
PARAMETRIC_REPRESENTATION_CONTEXT() REPRESENTATION_CONTEXT('2D SPACE',''
  ) );
#1143 = PCURVE('',#439,#1144);
#1144 = DEFINITIONAL_REPRESENTATION('',(#1145),#1149);
#1145 = LINE('',#1146,#1147);
#1146 = CARTESIAN_POINT('',(16.,1.5));
#1147 = VECTOR('',#1148,1.);
#1148 = DIRECTION('',(0.,-1.));
#1149 = ( GEOMETRIC_REPRESENTATION_CONTEXT(2) 
PARAMETRIC_REPRESENTATION_CONTEXT() REPRESENTATION_CONTEXT('2D SPACE',''
  ) );
#1150 = ADVANCED_FACE('',(#1151),#439,.T.);
#1151 = FACE_BOUND('',#1152,.T.);
#1152 = EDGE_LOOP('',(#1153,#1154,#1155,#1178));
#1153 = ORIENTED_EDGE('',*,*,#425,.T.);
#1154 = ORIENTED_EDGE('',*,*,#1130,.F.);
#1155 = ORIENTED_EDGE('',*,*,#1156,.F.);
#1156 = EDGE_CURVE('',#1157,#1103,#1159,.T.);
#1157 = VERTEX_POINT('',#1158);
#1158 = CARTESIAN_POINT('',(-32.,8.,-13.85640646055));
#1159 = SURFACE_CURVE('',#1160,(#1164,#1171),.PCURVE_S1.);
#1160 = LINE('',#1161,#1162);
#1161 = CARTESIAN_POINT('',(-32.,8.,-13.85640646055));
#1162 = VECTOR('',#1163,1.);
#1163 = DIRECTION('',(0.,0.5,0.866025403784));
#1164 = PCURVE('',#439,#1165);
#1165 = DEFINITIONAL_REPRESENTATION('',(#1166),#1170);
#1166 = LINE('',#1167,#1168);
#1167 = CARTESIAN_POINT('',(0.,1.5));
#1168 = VECTOR('',#1169,1.);
#1169 = DIRECTION('',(1.,0.));
#1170 = ( GEOMETRIC_REPRESENTATION_CONTEXT(2) 
PARAMETRIC_REPRESENTATION_CONTEXT() REPRESENTATION_CONTEXT('2D SPACE',''
  ) );
#1171 = PCURVE('',#1118,#1172);
#1172 = DEFINITIONAL_REPRESENTATION('',(#1173),#1177);
#1173 = LINE('',#1174,#1175);
#1174 = CARTESIAN_POINT('',(8.,-13.85640646055));
#1175 = VECTOR('',#1176,1.);
#1176 = DIRECTION('',(0.5,0.866025403784));
#1177 = ( GEOMETRIC_REPRESENTATION_CONTEXT(2) 
PARAMETRIC_REPRESENTATION_CONTEXT() REPRESENTATION_CONTEXT('2D SPACE',''
  ) );
#1178 = ORIENTED_EDGE('',*,*,#1179,.T.);
#1179 = EDGE_CURVE('',#1157,#398,#1180,.T.);
#1180 = SURFACE_CURVE('',#1181,(#1185,#1192),.PCURVE_S1.);
#1181 = LINE('',#1182,#1183);
#1182 = CARTESIAN_POINT('',(-32.,8.,-13.85640646055));
#1183 = VECTOR('',#1184,1.);
#1184 = DIRECTION('',(-1.,0.,0.));
#1185 = PCURVE('',#439,#1186);
#1186 = DEFINITIONAL_REPRESENTATION('',(#1187),#1191);
#1187 = LINE('',#1188,#1189);
#1188 = CARTESIAN_POINT('',(0.,1.5));
#1189 = VECTOR('',#1190,1.);
#1190 = DIRECTION('',(0.,-1.));
#1191 = ( GEOMETRIC_REPRESENTATION_CONTEXT(2) 
PARAMETRIC_REPRESENTATION_CONTEXT() REPRESENTATION_CONTEXT('2D SPACE',''
  ) );
#1192 = PCURVE('',#413,#1193);
#1193 = DEFINITIONAL_REPRESENTATION('',(#1194),#1198);
#1194 = LINE('',#1195,#1196);
#1195 = CARTESIAN_POINT('',(16.,1.5));
#1196 = VECTOR('',#1197,1.);
#1197 = DIRECTION('',(0.,-1.));
#1198 = ( GEOMETRIC_REPRESENTATION_CONTEXT(2) 
PARAMETRIC_REPRESENTATION_CONTEXT() REPRESENTATION_CONTEXT('2D SPACE',''
  ) );
#1199 = ADVANCED_FACE('',(#1200),#329,.T.);
#1200 = FACE_BOUND('',#1201,.T.);
#1201 = EDGE_LOOP('',(#1202,#1203,#1204,#1227));
#1202 = ORIENTED_EDGE('',*,*,#1079,.F.);
#1203 = ORIENTED_EDGE('',*,*,#313,.T.);
#1204 = ORIENTED_EDGE('',*,*,#1205,.T.);
#1205 = EDGE_CURVE('',#314,#1206,#1208,.T.);
#1206 = VERTEX_POINT('',#1207);
#1207 = CARTESIAN_POINT('',(-32.,-8.,13.856406460551));
#1208 = SURFACE_CURVE('',#1209,(#1213,#1220),.PCURVE_S1.);
#1209 = LINE('',#1210,#1211);
#1210 = CARTESIAN_POINT('',(-35.,-8.,13.856406460551));
#1211 = VECTOR('',#1212,1.);
#1212 = DIRECTION('',(1.,0.,0.));
#1213 = PCURVE('',#329,#1214);
#1214 = DEFINITIONAL_REPRESENTATION('',(#1215),#1219);
#1215 = LINE('',#1216,#1217);
#1216 = CARTESIAN_POINT('',(16.,-1.5));
#1217 = VECTOR('',#1218,1.);
#1218 = DIRECTION('',(0.,1.));
#1219 = ( GEOMETRIC_REPRESENTATION_CONTEXT(2) 
PARAMETRIC_REPRESENTATION_CONTEXT() REPRESENTATION_CONTEXT('2D SPACE',''
  ) );
#1220 = PCURVE('',#357,#1221);
#1221 = DEFINITIONAL_REPRESENTATION('',(#1222),#1226);
#1222 = LINE('',#1223,#1224);
#1223 = CARTESIAN_POINT('',(-0.,-1.5));
#1224 = VECTOR('',#1225,1.);
#1225 = DIRECTION('',(0.,1.));
#1226 = ( GEOMETRIC_REPRESENTATION_CONTEXT(2) 
PARAMETRIC_REPRESENTATION_CONTEXT() REPRESENTATION_CONTEXT('2D SPACE',''
  ) );
#1227 = ORIENTED_EDGE('',*,*,#1228,.F.);
#1228 = EDGE_CURVE('',#1080,#1206,#1229,.T.);
#1229 = SURFACE_CURVE('',#1230,(#1234,#1241),.PCURVE_S1.);
#1230 = LINE('',#1231,#1232);
#1231 = CARTESIAN_POINT('',(-32.,8.,13.856406460551));
#1232 = VECTOR('',#1233,1.);
#1233 = DIRECTION('',(0.,-1.,1.110223024625E-16));
#1234 = PCURVE('',#329,#1235);
#1235 = DEFINITIONAL_REPRESENTATION('',(#1236),#1240);
#1236 = LINE('',#1237,#1238);
#1237 = CARTESIAN_POINT('',(0.,1.5));
#1238 = VECTOR('',#1239,1.);
#1239 = DIRECTION('',(1.,0.));
#1240 = ( GEOMETRIC_REPRESENTATION_CONTEXT(2) 
PARAMETRIC_REPRESENTATION_CONTEXT() REPRESENTATION_CONTEXT('2D SPACE',''
  ) );
#1241 = PCURVE('',#1118,#1242);
#1242 = DEFINITIONAL_REPRESENTATION('',(#1243),#1247);
#1243 = LINE('',#1244,#1245);
#1244 = CARTESIAN_POINT('',(8.,13.856406460551));
#1245 = VECTOR('',#1246,1.);
#1246 = DIRECTION('',(-1.,1.110223024625E-16));
#1247 = ( GEOMETRIC_REPRESENTATION_CONTEXT(2) 
PARAMETRIC_REPRESENTATION_CONTEXT() REPRESENTATION_CONTEXT('2D SPACE',''
  ) );
#1248 = ADVANCED_FACE('',(#1249),#413,.T.);
#1249 = FACE_BOUND('',#1250,.T.);
#1250 = EDGE_LOOP('',(#1251,#1252,#1253,#1276));
#1251 = ORIENTED_EDGE('',*,*,#397,.T.);
#1252 = ORIENTED_EDGE('',*,*,#1179,.F.);
#1253 = ORIENTED_EDGE('',*,*,#1254,.F.);
#1254 = EDGE_CURVE('',#1255,#1157,#1257,.T.);
#1255 = VERTEX_POINT('',#1256);
#1256 = CARTESIAN_POINT('',(-32.,-8.,-13.85640646055));
#1257 = SURFACE_CURVE('',#1258,(#1262,#1269),.PCURVE_S1.);
#1258 = LINE('',#1259,#1260);
#1259 = CARTESIAN_POINT('',(-32.,-8.,-13.85640646055));
#1260 = VECTOR('',#1261,1.);
#1261 = DIRECTION('',(0.,1.,-2.22044604925E-16));
#1262 = PCURVE('',#413,#1263);
#1263 = DEFINITIONAL_REPRESENTATION('',(#1264),#1268);
#1264 = LINE('',#1265,#1266);
#1265 = CARTESIAN_POINT('',(0.,1.5));
#1266 = VECTOR('',#1267,1.);
#1267 = DIRECTION('',(1.,0.));
#1268 = ( GEOMETRIC_REPRESENTATION_CONTEXT(2) 
PARAMETRIC_REPRESENTATION_CONTEXT() REPRESENTATION_CONTEXT('2D SPACE',''
  ) );
#1269 = PCURVE('',#1118,#1270);
#1270 = DEFINITIONAL_REPRESENTATION('',(#1271),#1275);
#1271 = LINE('',#1272,#1273);
#1272 = CARTESIAN_POINT('',(-8.,-13.85640646055));
#1273 = VECTOR('',#1274,1.);
#1274 = DIRECTION('',(1.,-2.22044604925E-16));
#1275 = ( GEOMETRIC_REPRESENTATION_CONTEXT(2) 
PARAMETRIC_REPRESENTATION_CONTEXT() REPRESENTATION_CONTEXT('2D SPACE',''
  ) );
#1276 = ORIENTED_EDGE('',*,*,#1277,.T.);
#1277 = EDGE_CURVE('',#1255,#370,#1278,.T.);
#1278 = SURFACE_CURVE('',#1279,(#1283,#1290),.PCURVE_S1.);
#1279 = LINE('',#1280,#1281);
#1280 = CARTESIAN_POINT('',(-32.,-8.,-13.85640646055));
#1281 = VECTOR('',#1282,1.);
#1282 = DIRECTION('',(-1.,0.,0.));
#1283 = PCURVE('',#413,#1284);
#1284 = DEFINITIONAL_REPRESENTATION('',(#1285),#1289);
#1285 = LINE('',#1286,#1287);
#1286 = CARTESIAN_POINT('',(0.,1.5));
#1287 = VECTOR('',#1288,1.);
#1288 = DIRECTION('',(0.,-1.));
#1289 = ( GEOMETRIC_REPRESENTATION_CONTEXT(2) 
PARAMETRIC_REPRESENTATION_CONTEXT() REPRESENTATION_CONTEXT('2D SPACE',''
  ) );
#1290 = PCURVE('',#385,#1291);
#1291 = DEFINITIONAL_REPRESENTATION('',(#1292),#1296);
#1292 = LINE('',#1293,#1294);
#1293 = CARTESIAN_POINT('',(16.,1.5));
#1294 = VECTOR('',#1295,1.);
#1295 = DIRECTION('',(0.,-1.));
#1296 = ( GEOMETRIC_REPRESENTATION_CONTEXT(2) 
PARAMETRIC_REPRESENTATION_CONTEXT() REPRESENTATION_CONTEXT('2D SPACE',''
  ) );
#1297 = ADVANCED_FACE('',(#1298),#357,.T.);
#1298 = FACE_BOUND('',#1299,.T.);
#1299 = EDGE_LOOP('',(#1300,#1301,#1302,#1325));
#1300 = ORIENTED_EDGE('',*,*,#1205,.F.);
#1301 = ORIENTED_EDGE('',*,*,#341,.T.);
#1302 = ORIENTED_EDGE('',*,*,#1303,.T.);
#1303 = EDGE_CURVE('',#342,#1304,#1306,.T.);
#1304 = VERTEX_POINT('',#1305);
#1305 = CARTESIAN_POINT('',(-32.,-16.,1.959434878636E-15));
#1306 = SURFACE_CURVE('',#1307,(#1311,#1318),.PCURVE_S1.);
#1307 = LINE('',#1308,#1309);
#1308 = CARTESIAN_POINT('',(-35.,-16.,1.959434878636E-15));
#1309 = VECTOR('',#1310,1.);
#1310 = DIRECTION('',(1.,0.,0.));
#1311 = PCURVE('',#357,#1312);
#1312 = DEFINITIONAL_REPRESENTATION('',(#1313),#1317);
#1313 = LINE('',#1314,#1315);
#1314 = CARTESIAN_POINT('',(16.,-1.5));
#1315 = VECTOR('',#1316,1.);
#1316 = DIRECTION('',(0.,1.));
#1317 = ( GEOMETRIC_REPRESENTATION_CONTEXT(2) 
PARAMETRIC_REPRESENTATION_CONTEXT() REPRESENTATION_CONTEXT('2D SPACE',''
  ) );
#1318 = PCURVE('',#385,#1319);
#1319 = DEFINITIONAL_REPRESENTATION('',(#1320),#1324);
#1320 = LINE('',#1321,#1322);
#1321 = CARTESIAN_POINT('',(0.,-1.5));
#1322 = VECTOR('',#1323,1.);
#1323 = DIRECTION('',(0.,1.));
#1324 = ( GEOMETRIC_REPRESENTATION_CONTEXT(2) 
PARAMETRIC_REPRESENTATION_CONTEXT() REPRESENTATION_CONTEXT('2D SPACE',''
  ) );
#1325 = ORIENTED_EDGE('',*,*,#1326,.F.);
#1326 = EDGE_CURVE('',#1206,#1304,#1327,.T.);
#1327 = SURFACE_CURVE('',#1328,(#1332,#1339),.PCURVE_S1.);
#1328 = LINE('',#1329,#1330);
#1329 = CARTESIAN_POINT('',(-32.,-8.,13.856406460551));
#1330 = VECTOR('',#1331,1.);
#1331 = DIRECTION('',(0.,-0.5,-0.866025403784));
#1332 = PCURVE('',#357,#1333);
#1333 = DEFINITIONAL_REPRESENTATION('',(#1334),#1338);
#1334 = LINE('',#1335,#1336);
#1335 = CARTESIAN_POINT('',(0.,1.5));
#1336 = VECTOR('',#1337,1.);
#1337 = DIRECTION('',(1.,0.));
#1338 = ( GEOMETRIC_REPRESENTATION_CONTEXT(2) 
PARAMETRIC_REPRESENTATION_CONTEXT() REPRESENTATION_CONTEXT('2D SPACE',''
  ) );
#1339 = PCURVE('',#1118,#1340);
#1340 = DEFINITIONAL_REPRESENTATION('',(#1341),#1345);
#1341 = LINE('',#1342,#1343);
#1342 = CARTESIAN_POINT('',(-8.,13.856406460551));
#1343 = VECTOR('',#1344,1.);
#1344 = DIRECTION('',(-0.5,-0.866025403784));
#1345 = ( GEOMETRIC_REPRESENTATION_CONTEXT(2) 
PARAMETRIC_REPRESENTATION_CONTEXT() REPRESENTATION_CONTEXT('2D SPACE',''
  ) );
#1346 = ADVANCED_FACE('',(#1347),#385,.T.);
#1347 = FACE_BOUND('',#1348,.T.);
#1348 = EDGE_LOOP('',(#1349,#1350,#1351,#1352));
#1349 = ORIENTED_EDGE('',*,*,#1303,.F.);
#1350 = ORIENTED_EDGE('',*,*,#369,.T.);
#1351 = ORIENTED_EDGE('',*,*,#1277,.F.);
#1352 = ORIENTED_EDGE('',*,*,#1353,.F.);
#1353 = EDGE_CURVE('',#1304,#1255,#1354,.T.);
#1354 = SURFACE_CURVE('',#1355,(#1359,#1366),.PCURVE_S1.);
#1355 = LINE('',#1356,#1357);
#1356 = CARTESIAN_POINT('',(-32.,-16.,1.959434878636E-15));
#1357 = VECTOR('',#1358,1.);
#1358 = DIRECTION('',(0.,0.5,-0.866025403784));
#1359 = PCURVE('',#385,#1360);
#1360 = DEFINITIONAL_REPRESENTATION('',(#1361),#1365);
#1361 = LINE('',#1362,#1363);
#1362 = CARTESIAN_POINT('',(0.,1.5));
#1363 = VECTOR('',#1364,1.);
#1364 = DIRECTION('',(1.,0.));
#1365 = ( GEOMETRIC_REPRESENTATION_CONTEXT(2) 
PARAMETRIC_REPRESENTATION_CONTEXT() REPRESENTATION_CONTEXT('2D SPACE',''
  ) );
#1366 = PCURVE('',#1118,#1367);
#1367 = DEFINITIONAL_REPRESENTATION('',(#1368),#1372);
#1368 = LINE('',#1369,#1370);
#1369 = CARTESIAN_POINT('',(-16.,1.051424234745E-15));
#1370 = VECTOR('',#1371,1.);
#1371 = DIRECTION('',(0.5,-0.866025403784));
#1372 = ( GEOMETRIC_REPRESENTATION_CONTEXT(2) 
PARAMETRIC_REPRESENTATION_CONTEXT() REPRESENTATION_CONTEXT('2D SPACE',''
  ) );
#1373 = ADVANCED_FACE('',(#1374),#476,.F.);
#1374 = FACE_BOUND('',#1375,.F.);
#1375 = EDGE_LOOP('',(#1376,#1377,#1378,#1397,#1398,#1399));
#1376 = ORIENTED_EDGE('',*,*,#966,.F.);
#1377 = ORIENTED_EDGE('',*,*,#1022,.F.);
#1378 = ORIENTED_EDGE('',*,*,#1379,.F.);
#1379 = EDGE_CURVE('',#592,#1023,#1380,.T.);
#1380 = SURFACE_CURVE('',#1381,(#1385,#1391),.PCURVE_S1.);
#1381 = LINE('',#1382,#1383);
#1382 = CARTESIAN_POINT('',(-60.,19.,-11.4));
#1383 = VECTOR('',#1384,1.);
#1384 = DIRECTION('',(0.,-1.,2.22044604925E-16));
#1385 = PCURVE('',#476,#1386);
#1386 = DEFINITIONAL_REPRESENTATION('',(#1387),#1390);
#1387 = B_SPLINE_CURVE_WITH_KNOTS('',1,(#1388,#1389),.UNSPECIFIED.,.F.,
  .F.,(2,2),(9.581793068762,28.418206931238),.PIECEWISE_BEZIER_KNOTS.);
#1388 = CARTESIAN_POINT('',(4.712388980385,9.581793068762));
#1389 = CARTESIAN_POINT('',(4.712388980385,28.418206931238));
#1390 = ( GEOMETRIC_REPRESENTATION_CONTEXT(2) 
PARAMETRIC_REPRESENTATION_CONTEXT() REPRESENTATION_CONTEXT('2D SPACE',''
  ) );
#1391 = PCURVE('',#607,#1392);
#1392 = DEFINITIONAL_REPRESENTATION('',(#1393),#1396);
#1393 = B_SPLINE_CURVE_WITH_KNOTS('',1,(#1394,#1395),.UNSPECIFIED.,.F.,
  .F.,(2,2),(-5.999999999062E-07,38.0000006),.PIECEWISE_BEZIER_KNOTS.);
#1394 = CARTESIAN_POINT('',(19.0000006,-11.4));
#1395 = CARTESIAN_POINT('',(-19.0000006,-11.4));
#1396 = ( GEOMETRIC_REPRESENTATION_CONTEXT(2) 
PARAMETRIC_REPRESENTATION_CONTEXT() REPRESENTATION_CONTEXT('2D SPACE',''
  ) );
#1397 = ORIENTED_EDGE('',*,*,#619,.F.);
#1398 = ORIENTED_EDGE('',*,*,#457,.F.);
#1399 = ORIENTED_EDGE('',*,*,#1400,.T.);
#1400 = EDGE_CURVE('',#458,#944,#1401,.T.);
#1401 = SURFACE_CURVE('',#1402,(#1406,#1412),.PCURVE_S1.);
#1402 = LINE('',#1403,#1404);
#1403 = CARTESIAN_POINT('',(-60.,19.,11.4));
#1404 = VECTOR('',#1405,1.);
#1405 = DIRECTION('',(0.,-1.,2.22044604925E-16));
#1406 = PCURVE('',#476,#1407);
#1407 = DEFINITIONAL_REPRESENTATION('',(#1408),#1411);
#1408 = B_SPLINE_CURVE_WITH_KNOTS('',1,(#1409,#1410),.UNSPECIFIED.,.F.,
  .F.,(2,2),(9.581793068762,28.418206931238),.PIECEWISE_BEZIER_KNOTS.);
#1409 = CARTESIAN_POINT('',(7.853981633974,9.581793068762));
#1410 = CARTESIAN_POINT('',(7.853981633974,28.418206931238));
#1411 = ( GEOMETRIC_REPRESENTATION_CONTEXT(2) 
PARAMETRIC_REPRESENTATION_CONTEXT() REPRESENTATION_CONTEXT('2D SPACE',''
  ) );
#1412 = PCURVE('',#510,#1413);
#1413 = DEFINITIONAL_REPRESENTATION('',(#1414),#1417);
#1414 = B_SPLINE_CURVE_WITH_KNOTS('',1,(#1415,#1416),.UNSPECIFIED.,.F.,
  .F.,(2,2),(-5.999999999062E-07,38.0000006),.PIECEWISE_BEZIER_KNOTS.);
#1415 = CARTESIAN_POINT('',(19.0000006,11.4));
#1416 = CARTESIAN_POINT('',(-19.0000006,11.4));
#1417 = ( GEOMETRIC_REPRESENTATION_CONTEXT(2) 
PARAMETRIC_REPRESENTATION_CONTEXT() REPRESENTATION_CONTEXT('2D SPACE',''
  ) );
#1418 = ADVANCED_FACE('',(#1419),#510,.F.);
#1419 = FACE_BOUND('',#1420,.F.);
#1420 = EDGE_LOOP('',(#1421,#1422,#1423,#1424));
#1421 = ORIENTED_EDGE('',*,*,#1400,.F.);
#1422 = ORIENTED_EDGE('',*,*,#494,.T.);
#1423 = ORIENTED_EDGE('',*,*,#653,.T.);
#1424 = ORIENTED_EDGE('',*,*,#943,.T.);
#1425 = ADVANCED_FACE('',(#1426),#607,.F.);
#1426 = FACE_BOUND('',#1427,.F.);
#1427 = EDGE_LOOP('',(#1428,#1429,#1430,#1431));
#1428 = ORIENTED_EDGE('',*,*,#591,.T.);
#1429 = ORIENTED_EDGE('',*,*,#1379,.T.);
#1430 = ORIENTED_EDGE('',*,*,#1052,.T.);
#1431 = ORIENTED_EDGE('',*,*,#807,.T.);
#1432 = ADVANCED_FACE('',(#1433),#717,.T.);
#1433 = FACE_BOUND('',#1434,.T.);
#1434 = EDGE_LOOP('',(#1435,#1456,#1457,#1478));
#1435 = ORIENTED_EDGE('',*,*,#1436,.F.);
#1436 = EDGE_CURVE('',#900,#701,#1437,.T.);
#1437 = SURFACE_CURVE('',#1438,(#1442,#1449),.PCURVE_S1.);
#1438 = LINE('',#1439,#1440);
#1439 = CARTESIAN_POINT('',(-42.5,-3.,-19.));
#1440 = VECTOR('',#1441,1.);
#1441 = DIRECTION('',(0.,0.,1.));
#1442 = PCURVE('',#717,#1443);
#1443 = DEFINITIONAL_REPRESENTATION('',(#1444),#1448);
#1444 = LINE('',#1445,#1446);
#1445 = CARTESIAN_POINT('',(0.,3.));
#1446 = VECTOR('',#1447,1.);
#1447 = DIRECTION('',(1.,0.));
#1448 = ( GEOMETRIC_REPRESENTATION_CONTEXT(2) 
PARAMETRIC_REPRESENTATION_CONTEXT() REPRESENTATION_CONTEXT('2D SPACE',''
  ) );
#1449 = PCURVE('',#793,#1450);
#1450 = DEFINITIONAL_REPRESENTATION('',(#1451),#1455);
#1451 = LINE('',#1452,#1453);
#1452 = CARTESIAN_POINT('',(0.,0.));
#1453 = VECTOR('',#1454,1.);
#1454 = DIRECTION('',(1.,0.));
#1455 = ( GEOMETRIC_REPRESENTATION_CONTEXT(2) 
PARAMETRIC_REPRESENTATION_CONTEXT() REPRESENTATION_CONTEXT('2D SPACE',''
  ) );
#1456 = ORIENTED_EDGE('',*,*,#899,.F.);
#1457 = ORIENTED_EDGE('',*,*,#1458,.T.);
#1458 = EDGE_CURVE('',#879,#703,#1459,.T.);
#1459 = SURFACE_CURVE('',#1460,(#1464,#1471),.PCURVE_S1.);
#1460 = LINE('',#1461,#1462);
#1461 = CARTESIAN_POINT('',(-45.5,-3.,-19.));
#1462 = VECTOR('',#1463,1.);
#1463 = DIRECTION('',(0.,0.,1.));
#1464 = PCURVE('',#717,#1465);
#1465 = DEFINITIONAL_REPRESENTATION('',(#1466),#1470);
#1466 = LINE('',#1467,#1468);
#1467 = CARTESIAN_POINT('',(0.,0.));
#1468 = VECTOR('',#1469,1.);
#1469 = DIRECTION('',(1.,0.));
#1470 = ( GEOMETRIC_REPRESENTATION_CONTEXT(2) 
PARAMETRIC_REPRESENTATION_CONTEXT() REPRESENTATION_CONTEXT('2D SPACE',''
  ) );
#1471 = PCURVE('',#743,#1472);
#1472 = DEFINITIONAL_REPRESENTATION('',(#1473),#1477);
#1473 = LINE('',#1474,#1475);
#1474 = CARTESIAN_POINT('',(0.,0.));
#1475 = VECTOR('',#1476,1.);
#1476 = DIRECTION('',(1.,0.));
#1477 = ( GEOMETRIC_REPRESENTATION_CONTEXT(2) 
PARAMETRIC_REPRESENTATION_CONTEXT() REPRESENTATION_CONTEXT('2D SPACE',''
  ) );
#1478 = ORIENTED_EDGE('',*,*,#700,.F.);
#1479 = ADVANCED_FACE('',(#1480),#793,.F.);
#1480 = FACE_BOUND('',#1481,.F.);
#1481 = EDGE_LOOP('',(#1482,#1483,#1484,#1505));
#1482 = ORIENTED_EDGE('',*,*,#1436,.F.);
#1483 = ORIENTED_EDGE('',*,*,#920,.F.);
#1484 = ORIENTED_EDGE('',*,*,#1485,.T.);
#1485 = EDGE_CURVE('',#858,#755,#1486,.T.);
#1486 = SURFACE_CURVE('',#1487,(#1491,#1498),.PCURVE_S1.);
#1487 = LINE('',#1488,#1489);
#1488 = CARTESIAN_POINT('',(-42.5,3.,-19.));
#1489 = VECTOR('',#1490,1.);
#1490 = DIRECTION('',(0.,0.,1.));
#1491 = PCURVE('',#793,#1492);
#1492 = DEFINITIONAL_REPRESENTATION('',(#1493),#1497);
#1493 = LINE('',#1494,#1495);
#1494 = CARTESIAN_POINT('',(0.,-6.));
#1495 = VECTOR('',#1496,1.);
#1496 = DIRECTION('',(1.,0.));
#1497 = ( GEOMETRIC_REPRESENTATION_CONTEXT(2) 
PARAMETRIC_REPRESENTATION_CONTEXT() REPRESENTATION_CONTEXT('2D SPACE',''
  ) );
#1498 = PCURVE('',#769,#1499);
#1499 = DEFINITIONAL_REPRESENTATION('',(#1500),#1504);
#1500 = LINE('',#1501,#1502);
#1501 = CARTESIAN_POINT('',(0.,3.));
#1502 = VECTOR('',#1503,1.);
#1503 = DIRECTION('',(1.,0.));
#1504 = ( GEOMETRIC_REPRESENTATION_CONTEXT(2) 
PARAMETRIC_REPRESENTATION_CONTEXT() REPRESENTATION_CONTEXT('2D SPACE',''
  ) );
#1505 = ORIENTED_EDGE('',*,*,#780,.F.);
#1506 = ADVANCED_FACE('',(#1507),#769,.F.);
#1507 = FACE_BOUND('',#1508,.F.);
#1508 = EDGE_LOOP('',(#1509,#1510,#1511,#1532));
#1509 = ORIENTED_EDGE('',*,*,#1485,.F.);
#1510 = ORIENTED_EDGE('',*,*,#855,.F.);
#1511 = ORIENTED_EDGE('',*,*,#1512,.T.);
#1512 = EDGE_CURVE('',#856,#729,#1513,.T.);
#1513 = SURFACE_CURVE('',#1514,(#1518,#1525),.PCURVE_S1.);
#1514 = LINE('',#1515,#1516);
#1515 = CARTESIAN_POINT('',(-45.5,3.,-19.));
#1516 = VECTOR('',#1517,1.);
#1517 = DIRECTION('',(0.,0.,1.));
#1518 = PCURVE('',#769,#1519);
#1519 = DEFINITIONAL_REPRESENTATION('',(#1520),#1524);
#1520 = LINE('',#1521,#1522);
#1521 = CARTESIAN_POINT('',(0.,0.));
#1522 = VECTOR('',#1523,1.);
#1523 = DIRECTION('',(1.,0.));
#1524 = ( GEOMETRIC_REPRESENTATION_CONTEXT(2) 
PARAMETRIC_REPRESENTATION_CONTEXT() REPRESENTATION_CONTEXT('2D SPACE',''
  ) );
#1525 = PCURVE('',#743,#1526);
#1526 = DEFINITIONAL_REPRESENTATION('',(#1527),#1531);
#1527 = LINE('',#1528,#1529);
#1528 = CARTESIAN_POINT('',(0.,-6.));
#1529 = VECTOR('',#1530,1.);
#1530 = DIRECTION('',(1.,0.));
#1531 = ( GEOMETRIC_REPRESENTATION_CONTEXT(2) 
PARAMETRIC_REPRESENTATION_CONTEXT() REPRESENTATION_CONTEXT('2D SPACE',''
  ) );
#1532 = ORIENTED_EDGE('',*,*,#754,.F.);
#1533 = ADVANCED_FACE('',(#1534),#743,.T.);
#1534 = FACE_BOUND('',#1535,.T.);
#1535 = EDGE_LOOP('',(#1536,#1537,#1538,#1539));
#1536 = ORIENTED_EDGE('',*,*,#1458,.F.);
#1537 = ORIENTED_EDGE('',*,*,#878,.F.);
#1538 = ORIENTED_EDGE('',*,*,#1512,.T.);
#1539 = ORIENTED_EDGE('',*,*,#728,.F.);
#1540 = ADVANCED_FACE('',(#1541,#1549),#1118,.T.);
#1541 = FACE_BOUND('',#1542,.T.);
#1542 = EDGE_LOOP('',(#1543,#1544,#1545,#1546,#1547,#1548));
#1543 = ORIENTED_EDGE('',*,*,#1102,.T.);
#1544 = ORIENTED_EDGE('',*,*,#1228,.T.);
#1545 = ORIENTED_EDGE('',*,*,#1326,.T.);
#1546 = ORIENTED_EDGE('',*,*,#1353,.T.);
#1547 = ORIENTED_EDGE('',*,*,#1254,.T.);
#1548 = ORIENTED_EDGE('',*,*,#1156,.T.);
#1549 = FACE_BOUND('',#1550,.T.);
#1550 = EDGE_LOOP('',(#1551));
#1551 = ORIENTED_EDGE('',*,*,#1552,.F.);
#1552 = EDGE_CURVE('',#1553,#1553,#1555,.T.);
#1553 = VERTEX_POINT('',#1554);
#1554 = CARTESIAN_POINT('',(-32.,-9.797174393179E-16,-4.));
#1555 = SURFACE_CURVE('',#1556,(#1561,#1568),.PCURVE_S1.);
#1556 = CIRCLE('',#1557,4.);
#1557 = AXIS2_PLACEMENT_3D('',#1558,#1559,#1560);
#1558 = CARTESIAN_POINT('',(-32.,0.,-7.105427357601E-15));
#1559 = DIRECTION('',(1.,0.,2.22044604925E-16));
#1560 = DIRECTION('',(2.22044604925E-16,0.,-1.));
#1561 = PCURVE('',#1118,#1562);
#1562 = DEFINITIONAL_REPRESENTATION('',(#1563),#1567);
#1563 = CIRCLE('',#1564,4.);
#1564 = AXIS2_PLACEMENT_2D('',#1565,#1566);
#1565 = CARTESIAN_POINT('',(-1.480297366167E-16,-8.013438001492E-15));
#1566 = DIRECTION('',(0.,-1.));
#1567 = ( GEOMETRIC_REPRESENTATION_CONTEXT(2) 
PARAMETRIC_REPRESENTATION_CONTEXT() REPRESENTATION_CONTEXT('2D SPACE',''
  ) );
#1568 = PCURVE('',#1569,#1574);
#1569 = CYLINDRICAL_SURFACE('',#1570,4.);
#1570 = AXIS2_PLACEMENT_3D('',#1571,#1572,#1573);
#1571 = CARTESIAN_POINT('',(-60.,0.,-1.33226762955E-14));
#1572 = DIRECTION('',(1.,0.,2.22044604925E-16));
#1573 = DIRECTION('',(2.22044604925E-16,0.,-1.));
#1574 = DEFINITIONAL_REPRESENTATION('',(#1575),#1579);
#1575 = LINE('',#1576,#1577);
#1576 = CARTESIAN_POINT('',(0.,28.));
#1577 = VECTOR('',#1578,1.);
#1578 = DIRECTION('',(1.,0.));
#1579 = ( GEOMETRIC_REPRESENTATION_CONTEXT(2) 
PARAMETRIC_REPRESENTATION_CONTEXT() REPRESENTATION_CONTEXT('2D SPACE',''
  ) );
#1580 = ADVANCED_FACE('',(#1581),#1569,.T.);
#1581 = FACE_BOUND('',#1582,.T.);
#1582 = EDGE_LOOP('',(#1583,#1584,#1607,#1634));
#1583 = ORIENTED_EDGE('',*,*,#1552,.T.);
#1584 = ORIENTED_EDGE('',*,*,#1585,.T.);
#1585 = EDGE_CURVE('',#1553,#1586,#1588,.T.);
#1586 = VERTEX_POINT('',#1587);
#1587 = CARTESIAN_POINT('',(-26.5,-9.797174393179E-16,-4.));
#1588 = SEAM_CURVE('',#1589,(#1593,#1600),.PCURVE_S1.);
#1589 = LINE('',#1590,#1591);
#1590 = CARTESIAN_POINT('',(-60.,-9.797174393179E-16,-4.));
#1591 = VECTOR('',#1592,1.);
#1592 = DIRECTION('',(1.,0.,2.22044604925E-16));
#1593 = PCURVE('',#1569,#1594);
#1594 = DEFINITIONAL_REPRESENTATION('',(#1595),#1599);
#1595 = LINE('',#1596,#1597);
#1596 = CARTESIAN_POINT('',(0.,-0.));
#1597 = VECTOR('',#1598,1.);
#1598 = DIRECTION('',(0.,1.));
#1599 = ( GEOMETRIC_REPRESENTATION_CONTEXT(2) 
PARAMETRIC_REPRESENTATION_CONTEXT() REPRESENTATION_CONTEXT('2D SPACE',''
  ) );
#1600 = PCURVE('',#1569,#1601);
#1601 = DEFINITIONAL_REPRESENTATION('',(#1602),#1606);
#1602 = LINE('',#1603,#1604);
#1603 = CARTESIAN_POINT('',(6.28318530718,-0.));
#1604 = VECTOR('',#1605,1.);
#1605 = DIRECTION('',(0.,1.));
#1606 = ( GEOMETRIC_REPRESENTATION_CONTEXT(2) 
PARAMETRIC_REPRESENTATION_CONTEXT() REPRESENTATION_CONTEXT('2D SPACE',''
  ) );
#1607 = ORIENTED_EDGE('',*,*,#1608,.F.);
#1608 = EDGE_CURVE('',#1586,#1586,#1609,.T.);
#1609 = SURFACE_CURVE('',#1610,(#1615,#1622),.PCURVE_S1.);
#1610 = CIRCLE('',#1611,4.);
#1611 = AXIS2_PLACEMENT_3D('',#1612,#1613,#1614);
#1612 = CARTESIAN_POINT('',(-26.5,0.,-5.884182030513E-15));
#1613 = DIRECTION('',(1.,0.,2.22044604925E-16));
#1614 = DIRECTION('',(2.22044604925E-16,0.,-1.));
#1615 = PCURVE('',#1569,#1616);
#1616 = DEFINITIONAL_REPRESENTATION('',(#1617),#1621);
#1617 = LINE('',#1618,#1619);
#1618 = CARTESIAN_POINT('',(0.,33.5));
#1619 = VECTOR('',#1620,1.);
#1620 = DIRECTION('',(1.,0.));
#1621 = ( GEOMETRIC_REPRESENTATION_CONTEXT(2) 
PARAMETRIC_REPRESENTATION_CONTEXT() REPRESENTATION_CONTEXT('2D SPACE',''
  ) );
#1622 = PCURVE('',#1623,#1628);
#1623 = PLANE('',#1624);
#1624 = AXIS2_PLACEMENT_3D('',#1625,#1626,#1627);
#1625 = CARTESIAN_POINT('',(-26.5,1.480297366167E-16,9.080106438912E-16)
  );
#1626 = DIRECTION('',(1.,0.,0.));
#1627 = DIRECTION('',(0.,1.,0.));
#1628 = DEFINITIONAL_REPRESENTATION('',(#1629),#1633);
#1629 = CIRCLE('',#1630,4.);
#1630 = AXIS2_PLACEMENT_2D('',#1631,#1632);
#1631 = CARTESIAN_POINT('',(-1.480297366167E-16,-6.792192674405E-15));
#1632 = DIRECTION('',(0.,-1.));
#1633 = ( GEOMETRIC_REPRESENTATION_CONTEXT(2) 
PARAMETRIC_REPRESENTATION_CONTEXT() REPRESENTATION_CONTEXT('2D SPACE',''
  ) );
#1634 = ORIENTED_EDGE('',*,*,#1585,.F.);
#1635 = ADVANCED_FACE('',(#1636,#1806),#1623,.F.);
#1636 = FACE_BOUND('',#1637,.F.);
#1637 = EDGE_LOOP('',(#1638,#1668,#1696,#1724,#1752,#1780));
#1638 = ORIENTED_EDGE('',*,*,#1639,.T.);
#1639 = EDGE_CURVE('',#1640,#1642,#1644,.T.);
#1640 = VERTEX_POINT('',#1641);
#1641 = CARTESIAN_POINT('',(-26.5,16.,0.));
#1642 = VERTEX_POINT('',#1643);
#1643 = CARTESIAN_POINT('',(-26.5,8.,13.856406460551));
#1644 = SURFACE_CURVE('',#1645,(#1649,#1656),.PCURVE_S1.);
#1645 = LINE('',#1646,#1647);
#1646 = CARTESIAN_POINT('',(-26.5,16.,0.));
#1647 = VECTOR('',#1648,1.);
#1648 = DIRECTION('',(0.,-0.5,0.866025403784));
#1649 = PCURVE('',#1623,#1650);
#1650 = DEFINITIONAL_REPRESENTATION('',(#1651),#1655);
#1651 = LINE('',#1652,#1653);
#1652 = CARTESIAN_POINT('',(16.,-9.080106438912E-16));
#1653 = VECTOR('',#1654,1.);
#1654 = DIRECTION('',(-0.5,0.866025403784));
#1655 = ( GEOMETRIC_REPRESENTATION_CONTEXT(2) 
PARAMETRIC_REPRESENTATION_CONTEXT() REPRESENTATION_CONTEXT('2D SPACE',''
  ) );
#1656 = PCURVE('',#1657,#1662);
#1657 = PLANE('',#1658);
#1658 = AXIS2_PLACEMENT_3D('',#1659,#1660,#1661);
#1659 = CARTESIAN_POINT('',(-25.,16.,0.));
#1660 = DIRECTION('',(-0.,0.866025403784,0.5));
#1661 = DIRECTION('',(0.,-0.5,0.866025403784));
#1662 = DEFINITIONAL_REPRESENTATION('',(#1663),#1667);
#1663 = LINE('',#1664,#1665);
#1664 = CARTESIAN_POINT('',(0.,-1.5));
#1665 = VECTOR('',#1666,1.);
#1666 = DIRECTION('',(1.,0.));
#1667 = ( GEOMETRIC_REPRESENTATION_CONTEXT(2) 
PARAMETRIC_REPRESENTATION_CONTEXT() REPRESENTATION_CONTEXT('2D SPACE',''
  ) );
#1668 = ORIENTED_EDGE('',*,*,#1669,.T.);
#1669 = EDGE_CURVE('',#1642,#1670,#1672,.T.);
#1670 = VERTEX_POINT('',#1671);
#1671 = CARTESIAN_POINT('',(-26.5,-8.,13.856406460551));
#1672 = SURFACE_CURVE('',#1673,(#1677,#1684),.PCURVE_S1.);
#1673 = LINE('',#1674,#1675);
#1674 = CARTESIAN_POINT('',(-26.5,8.,13.856406460551));
#1675 = VECTOR('',#1676,1.);
#1676 = DIRECTION('',(0.,-1.,1.110223024625E-16));
#1677 = PCURVE('',#1623,#1678);
#1678 = DEFINITIONAL_REPRESENTATION('',(#1679),#1683);
#1679 = LINE('',#1680,#1681);
#1680 = CARTESIAN_POINT('',(8.,13.856406460551));
#1681 = VECTOR('',#1682,1.);
#1682 = DIRECTION('',(-1.,1.110223024625E-16));
#1683 = ( GEOMETRIC_REPRESENTATION_CONTEXT(2) 
PARAMETRIC_REPRESENTATION_CONTEXT() REPRESENTATION_CONTEXT('2D SPACE',''
  ) );
#1684 = PCURVE('',#1685,#1690);
#1685 = PLANE('',#1686);
#1686 = AXIS2_PLACEMENT_3D('',#1687,#1688,#1689);
#1687 = CARTESIAN_POINT('',(-25.,8.,13.856406460551));
#1688 = DIRECTION('',(-0.,1.110223024625E-16,1.));
#1689 = DIRECTION('',(0.,-1.,1.110223024625E-16));
#1690 = DEFINITIONAL_REPRESENTATION('',(#1691),#1695);
#1691 = LINE('',#1692,#1693);
#1692 = CARTESIAN_POINT('',(0.,-1.5));
#1693 = VECTOR('',#1694,1.);
#1694 = DIRECTION('',(1.,0.));
#1695 = ( GEOMETRIC_REPRESENTATION_CONTEXT(2) 
PARAMETRIC_REPRESENTATION_CONTEXT() REPRESENTATION_CONTEXT('2D SPACE',''
  ) );
#1696 = ORIENTED_EDGE('',*,*,#1697,.T.);
#1697 = EDGE_CURVE('',#1670,#1698,#1700,.T.);
#1698 = VERTEX_POINT('',#1699);
#1699 = CARTESIAN_POINT('',(-26.5,-16.,1.959434878636E-15));
#1700 = SURFACE_CURVE('',#1701,(#1705,#1712),.PCURVE_S1.);
#1701 = LINE('',#1702,#1703);
#1702 = CARTESIAN_POINT('',(-26.5,-8.,13.856406460551));
#1703 = VECTOR('',#1704,1.);
#1704 = DIRECTION('',(0.,-0.5,-0.866025403784));
#1705 = PCURVE('',#1623,#1706);
#1706 = DEFINITIONAL_REPRESENTATION('',(#1707),#1711);
#1707 = LINE('',#1708,#1709);
#1708 = CARTESIAN_POINT('',(-8.,13.856406460551));
#1709 = VECTOR('',#1710,1.);
#1710 = DIRECTION('',(-0.5,-0.866025403784));
#1711 = ( GEOMETRIC_REPRESENTATION_CONTEXT(2) 
PARAMETRIC_REPRESENTATION_CONTEXT() REPRESENTATION_CONTEXT('2D SPACE',''
  ) );
#1712 = PCURVE('',#1713,#1718);
#1713 = PLANE('',#1714);
#1714 = AXIS2_PLACEMENT_3D('',#1715,#1716,#1717);
#1715 = CARTESIAN_POINT('',(-25.,-8.,13.856406460551));
#1716 = DIRECTION('',(0.,-0.866025403784,0.5));
#1717 = DIRECTION('',(0.,-0.5,-0.866025403784));
#1718 = DEFINITIONAL_REPRESENTATION('',(#1719),#1723);
#1719 = LINE('',#1720,#1721);
#1720 = CARTESIAN_POINT('',(-0.,-1.5));
#1721 = VECTOR('',#1722,1.);
#1722 = DIRECTION('',(1.,0.));
#1723 = ( GEOMETRIC_REPRESENTATION_CONTEXT(2) 
PARAMETRIC_REPRESENTATION_CONTEXT() REPRESENTATION_CONTEXT('2D SPACE',''
  ) );
#1724 = ORIENTED_EDGE('',*,*,#1725,.T.);
#1725 = EDGE_CURVE('',#1698,#1726,#1728,.T.);
#1726 = VERTEX_POINT('',#1727);
#1727 = CARTESIAN_POINT('',(-26.5,-8.,-13.85640646055));
#1728 = SURFACE_CURVE('',#1729,(#1733,#1740),.PCURVE_S1.);
#1729 = LINE('',#1730,#1731);
#1730 = CARTESIAN_POINT('',(-26.5,-16.,1.959434878636E-15));
#1731 = VECTOR('',#1732,1.);
#1732 = DIRECTION('',(0.,0.5,-0.866025403784));
#1733 = PCURVE('',#1623,#1734);
#1734 = DEFINITIONAL_REPRESENTATION('',(#1735),#1739);
#1735 = LINE('',#1736,#1737);
#1736 = CARTESIAN_POINT('',(-16.,1.051424234745E-15));
#1737 = VECTOR('',#1738,1.);
#1738 = DIRECTION('',(0.5,-0.866025403784));
#1739 = ( GEOMETRIC_REPRESENTATION_CONTEXT(2) 
PARAMETRIC_REPRESENTATION_CONTEXT() REPRESENTATION_CONTEXT('2D SPACE',''
  ) );
#1740 = PCURVE('',#1741,#1746);
#1741 = PLANE('',#1742);
#1742 = AXIS2_PLACEMENT_3D('',#1743,#1744,#1745);
#1743 = CARTESIAN_POINT('',(-25.,-16.,1.959434878636E-15));
#1744 = DIRECTION('',(0.,-0.866025403784,-0.5));
#1745 = DIRECTION('',(0.,0.5,-0.866025403784));
#1746 = DEFINITIONAL_REPRESENTATION('',(#1747),#1751);
#1747 = LINE('',#1748,#1749);
#1748 = CARTESIAN_POINT('',(0.,-1.5));
#1749 = VECTOR('',#1750,1.);
#1750 = DIRECTION('',(1.,0.));
#1751 = ( GEOMETRIC_REPRESENTATION_CONTEXT(2) 
PARAMETRIC_REPRESENTATION_CONTEXT() REPRESENTATION_CONTEXT('2D SPACE',''
  ) );
#1752 = ORIENTED_EDGE('',*,*,#1753,.T.);
#1753 = EDGE_CURVE('',#1726,#1754,#1756,.T.);
#1754 = VERTEX_POINT('',#1755);
#1755 = CARTESIAN_POINT('',(-26.5,8.,-13.85640646055));
#1756 = SURFACE_CURVE('',#1757,(#1761,#1768),.PCURVE_S1.);
#1757 = LINE('',#1758,#1759);
#1758 = CARTESIAN_POINT('',(-26.5,-8.,-13.85640646055));
#1759 = VECTOR('',#1760,1.);
#1760 = DIRECTION('',(0.,1.,-2.22044604925E-16));
#1761 = PCURVE('',#1623,#1762);
#1762 = DEFINITIONAL_REPRESENTATION('',(#1763),#1767);
#1763 = LINE('',#1764,#1765);
#1764 = CARTESIAN_POINT('',(-8.,-13.85640646055));
#1765 = VECTOR('',#1766,1.);
#1766 = DIRECTION('',(1.,-2.22044604925E-16));
#1767 = ( GEOMETRIC_REPRESENTATION_CONTEXT(2) 
PARAMETRIC_REPRESENTATION_CONTEXT() REPRESENTATION_CONTEXT('2D SPACE',''
  ) );
#1768 = PCURVE('',#1769,#1774);
#1769 = PLANE('',#1770);
#1770 = AXIS2_PLACEMENT_3D('',#1771,#1772,#1773);
#1771 = CARTESIAN_POINT('',(-25.,-8.,-13.85640646055));
#1772 = DIRECTION('',(0.,-2.22044604925E-16,-1.));
#1773 = DIRECTION('',(0.,1.,-2.22044604925E-16));
#1774 = DEFINITIONAL_REPRESENTATION('',(#1775),#1779);
#1775 = LINE('',#1776,#1777);
#1776 = CARTESIAN_POINT('',(0.,-1.5));
#1777 = VECTOR('',#1778,1.);
#1778 = DIRECTION('',(1.,0.));
#1779 = ( GEOMETRIC_REPRESENTATION_CONTEXT(2) 
PARAMETRIC_REPRESENTATION_CONTEXT() REPRESENTATION_CONTEXT('2D SPACE',''
  ) );
#1780 = ORIENTED_EDGE('',*,*,#1781,.T.);
#1781 = EDGE_CURVE('',#1754,#1640,#1782,.T.);
#1782 = SURFACE_CURVE('',#1783,(#1787,#1794),.PCURVE_S1.);
#1783 = LINE('',#1784,#1785);
#1784 = CARTESIAN_POINT('',(-26.5,8.,-13.85640646055));
#1785 = VECTOR('',#1786,1.);
#1786 = DIRECTION('',(0.,0.5,0.866025403784));
#1787 = PCURVE('',#1623,#1788);
#1788 = DEFINITIONAL_REPRESENTATION('',(#1789),#1793);
#1789 = LINE('',#1790,#1791);
#1790 = CARTESIAN_POINT('',(8.,-13.85640646055));
#1791 = VECTOR('',#1792,1.);
#1792 = DIRECTION('',(0.5,0.866025403784));
#1793 = ( GEOMETRIC_REPRESENTATION_CONTEXT(2) 
PARAMETRIC_REPRESENTATION_CONTEXT() REPRESENTATION_CONTEXT('2D SPACE',''
  ) );
#1794 = PCURVE('',#1795,#1800);
#1795 = PLANE('',#1796);
#1796 = AXIS2_PLACEMENT_3D('',#1797,#1798,#1799);
#1797 = CARTESIAN_POINT('',(-25.,8.,-13.85640646055));
#1798 = DIRECTION('',(0.,0.866025403784,-0.5));
#1799 = DIRECTION('',(0.,0.5,0.866025403784));
#1800 = DEFINITIONAL_REPRESENTATION('',(#1801),#1805);
#1801 = LINE('',#1802,#1803);
#1802 = CARTESIAN_POINT('',(0.,-1.5));
#1803 = VECTOR('',#1804,1.);
#1804 = DIRECTION('',(1.,0.));
#1805 = ( GEOMETRIC_REPRESENTATION_CONTEXT(2) 
PARAMETRIC_REPRESENTATION_CONTEXT() REPRESENTATION_CONTEXT('2D SPACE',''
  ) );
#1806 = FACE_BOUND('',#1807,.F.);
#1807 = EDGE_LOOP('',(#1808));
#1808 = ORIENTED_EDGE('',*,*,#1608,.F.);
#1809 = ADVANCED_FACE('',(#1810),#1657,.T.);
#1810 = FACE_BOUND('',#1811,.T.);
#1811 = EDGE_LOOP('',(#1812,#1813,#1836,#1864));
#1812 = ORIENTED_EDGE('',*,*,#1639,.T.);
#1813 = ORIENTED_EDGE('',*,*,#1814,.T.);
#1814 = EDGE_CURVE('',#1642,#1815,#1817,.T.);
#1815 = VERTEX_POINT('',#1816);
#1816 = CARTESIAN_POINT('',(-23.5,8.,13.856406460551));
#1817 = SURFACE_CURVE('',#1818,(#1822,#1829),.PCURVE_S1.);
#1818 = LINE('',#1819,#1820);
#1819 = CARTESIAN_POINT('',(-26.5,8.,13.856406460551));
#1820 = VECTOR('',#1821,1.);
#1821 = DIRECTION('',(1.,0.,0.));
#1822 = PCURVE('',#1657,#1823);
#1823 = DEFINITIONAL_REPRESENTATION('',(#1824),#1828);
#1824 = LINE('',#1825,#1826);
#1825 = CARTESIAN_POINT('',(16.,-1.5));
#1826 = VECTOR('',#1827,1.);
#1827 = DIRECTION('',(0.,1.));
#1828 = ( GEOMETRIC_REPRESENTATION_CONTEXT(2) 
PARAMETRIC_REPRESENTATION_CONTEXT() REPRESENTATION_CONTEXT('2D SPACE',''
  ) );
#1829 = PCURVE('',#1685,#1830);
#1830 = DEFINITIONAL_REPRESENTATION('',(#1831),#1835);
#1831 = LINE('',#1832,#1833);
#1832 = CARTESIAN_POINT('',(0.,-1.5));
#1833 = VECTOR('',#1834,1.);
#1834 = DIRECTION('',(0.,1.));
#1835 = ( GEOMETRIC_REPRESENTATION_CONTEXT(2) 
PARAMETRIC_REPRESENTATION_CONTEXT() REPRESENTATION_CONTEXT('2D SPACE',''
  ) );
#1836 = ORIENTED_EDGE('',*,*,#1837,.F.);
#1837 = EDGE_CURVE('',#1838,#1815,#1840,.T.);
#1838 = VERTEX_POINT('',#1839);
#1839 = CARTESIAN_POINT('',(-23.5,16.,0.));
#1840 = SURFACE_CURVE('',#1841,(#1845,#1852),.PCURVE_S1.);
#1841 = LINE('',#1842,#1843);
#1842 = CARTESIAN_POINT('',(-23.5,16.,0.));
#1843 = VECTOR('',#1844,1.);
#1844 = DIRECTION('',(0.,-0.5,0.866025403784));
#1845 = PCURVE('',#1657,#1846);
#1846 = DEFINITIONAL_REPRESENTATION('',(#1847),#1851);
#1847 = LINE('',#1848,#1849);
#1848 = CARTESIAN_POINT('',(0.,1.5));
#1849 = VECTOR('',#1850,1.);
#1850 = DIRECTION('',(1.,0.));
#1851 = ( GEOMETRIC_REPRESENTATION_CONTEXT(2) 
PARAMETRIC_REPRESENTATION_CONTEXT() REPRESENTATION_CONTEXT('2D SPACE',''
  ) );
#1852 = PCURVE('',#1853,#1858);
#1853 = PLANE('',#1854);
#1854 = AXIS2_PLACEMENT_3D('',#1855,#1856,#1857);
#1855 = CARTESIAN_POINT('',(-23.5,1.480297366167E-16,9.080106438912E-16)
  );
#1856 = DIRECTION('',(1.,0.,0.));
#1857 = DIRECTION('',(0.,1.,0.));
#1858 = DEFINITIONAL_REPRESENTATION('',(#1859),#1863);
#1859 = LINE('',#1860,#1861);
#1860 = CARTESIAN_POINT('',(16.,-9.080106438912E-16));
#1861 = VECTOR('',#1862,1.);
#1862 = DIRECTION('',(-0.5,0.866025403784));
#1863 = ( GEOMETRIC_REPRESENTATION_CONTEXT(2) 
PARAMETRIC_REPRESENTATION_CONTEXT() REPRESENTATION_CONTEXT('2D SPACE',''
  ) );
#1864 = ORIENTED_EDGE('',*,*,#1865,.T.);
#1865 = EDGE_CURVE('',#1838,#1640,#1866,.T.);
#1866 = SURFACE_CURVE('',#1867,(#1871,#1878),.PCURVE_S1.);
#1867 = LINE('',#1868,#1869);
#1868 = CARTESIAN_POINT('',(-23.5,16.,0.));
#1869 = VECTOR('',#1870,1.);
#1870 = DIRECTION('',(-1.,0.,0.));
#1871 = PCURVE('',#1657,#1872);
#1872 = DEFINITIONAL_REPRESENTATION('',(#1873),#1877);
#1873 = LINE('',#1874,#1875);
#1874 = CARTESIAN_POINT('',(0.,1.5));
#1875 = VECTOR('',#1876,1.);
#1876 = DIRECTION('',(0.,-1.));
#1877 = ( GEOMETRIC_REPRESENTATION_CONTEXT(2) 
PARAMETRIC_REPRESENTATION_CONTEXT() REPRESENTATION_CONTEXT('2D SPACE',''
  ) );
#1878 = PCURVE('',#1795,#1879);
#1879 = DEFINITIONAL_REPRESENTATION('',(#1880),#1884);
#1880 = LINE('',#1881,#1882);
#1881 = CARTESIAN_POINT('',(16.,1.5));
#1882 = VECTOR('',#1883,1.);
#1883 = DIRECTION('',(0.,-1.));
#1884 = ( GEOMETRIC_REPRESENTATION_CONTEXT(2) 
PARAMETRIC_REPRESENTATION_CONTEXT() REPRESENTATION_CONTEXT('2D SPACE',''
  ) );
#1885 = ADVANCED_FACE('',(#1886),#1795,.T.);
#1886 = FACE_BOUND('',#1887,.T.);
#1887 = EDGE_LOOP('',(#1888,#1889,#1890,#1913));
#1888 = ORIENTED_EDGE('',*,*,#1781,.T.);
#1889 = ORIENTED_EDGE('',*,*,#1865,.F.);
#1890 = ORIENTED_EDGE('',*,*,#1891,.F.);
#1891 = EDGE_CURVE('',#1892,#1838,#1894,.T.);
#1892 = VERTEX_POINT('',#1893);
#1893 = CARTESIAN_POINT('',(-23.5,8.,-13.85640646055));
#1894 = SURFACE_CURVE('',#1895,(#1899,#1906),.PCURVE_S1.);
#1895 = LINE('',#1896,#1897);
#1896 = CARTESIAN_POINT('',(-23.5,8.,-13.85640646055));
#1897 = VECTOR('',#1898,1.);
#1898 = DIRECTION('',(0.,0.5,0.866025403784));
#1899 = PCURVE('',#1795,#1900);
#1900 = DEFINITIONAL_REPRESENTATION('',(#1901),#1905);
#1901 = LINE('',#1902,#1903);
#1902 = CARTESIAN_POINT('',(0.,1.5));
#1903 = VECTOR('',#1904,1.);
#1904 = DIRECTION('',(1.,0.));
#1905 = ( GEOMETRIC_REPRESENTATION_CONTEXT(2) 
PARAMETRIC_REPRESENTATION_CONTEXT() REPRESENTATION_CONTEXT('2D SPACE',''
  ) );
#1906 = PCURVE('',#1853,#1907);
#1907 = DEFINITIONAL_REPRESENTATION('',(#1908),#1912);
#1908 = LINE('',#1909,#1910);
#1909 = CARTESIAN_POINT('',(8.,-13.85640646055));
#1910 = VECTOR('',#1911,1.);
#1911 = DIRECTION('',(0.5,0.866025403784));
#1912 = ( GEOMETRIC_REPRESENTATION_CONTEXT(2) 
PARAMETRIC_REPRESENTATION_CONTEXT() REPRESENTATION_CONTEXT('2D SPACE',''
  ) );
#1913 = ORIENTED_EDGE('',*,*,#1914,.T.);
#1914 = EDGE_CURVE('',#1892,#1754,#1915,.T.);
#1915 = SURFACE_CURVE('',#1916,(#1920,#1927),.PCURVE_S1.);
#1916 = LINE('',#1917,#1918);
#1917 = CARTESIAN_POINT('',(-23.5,8.,-13.85640646055));
#1918 = VECTOR('',#1919,1.);
#1919 = DIRECTION('',(-1.,0.,0.));
#1920 = PCURVE('',#1795,#1921);
#1921 = DEFINITIONAL_REPRESENTATION('',(#1922),#1926);
#1922 = LINE('',#1923,#1924);
#1923 = CARTESIAN_POINT('',(0.,1.5));
#1924 = VECTOR('',#1925,1.);
#1925 = DIRECTION('',(0.,-1.));
#1926 = ( GEOMETRIC_REPRESENTATION_CONTEXT(2) 
PARAMETRIC_REPRESENTATION_CONTEXT() REPRESENTATION_CONTEXT('2D SPACE',''
  ) );
#1927 = PCURVE('',#1769,#1928);
#1928 = DEFINITIONAL_REPRESENTATION('',(#1929),#1933);
#1929 = LINE('',#1930,#1931);
#1930 = CARTESIAN_POINT('',(16.,1.5));
#1931 = VECTOR('',#1932,1.);
#1932 = DIRECTION('',(0.,-1.));
#1933 = ( GEOMETRIC_REPRESENTATION_CONTEXT(2) 
PARAMETRIC_REPRESENTATION_CONTEXT() REPRESENTATION_CONTEXT('2D SPACE',''
  ) );
#1934 = ADVANCED_FACE('',(#1935),#1685,.T.);
#1935 = FACE_BOUND('',#1936,.T.);
#1936 = EDGE_LOOP('',(#1937,#1938,#1939,#1962));
#1937 = ORIENTED_EDGE('',*,*,#1814,.F.);
#1938 = ORIENTED_EDGE('',*,*,#1669,.T.);
#1939 = ORIENTED_EDGE('',*,*,#1940,.T.);
#1940 = EDGE_CURVE('',#1670,#1941,#1943,.T.);
#1941 = VERTEX_POINT('',#1942);
#1942 = CARTESIAN_POINT('',(-23.5,-8.,13.856406460551));
#1943 = SURFACE_CURVE('',#1944,(#1948,#1955),.PCURVE_S1.);
#1944 = LINE('',#1945,#1946);
#1945 = CARTESIAN_POINT('',(-26.5,-8.,13.856406460551));
#1946 = VECTOR('',#1947,1.);
#1947 = DIRECTION('',(1.,0.,0.));
#1948 = PCURVE('',#1685,#1949);
#1949 = DEFINITIONAL_REPRESENTATION('',(#1950),#1954);
#1950 = LINE('',#1951,#1952);
#1951 = CARTESIAN_POINT('',(16.,-1.5));
#1952 = VECTOR('',#1953,1.);
#1953 = DIRECTION('',(0.,1.));
#1954 = ( GEOMETRIC_REPRESENTATION_CONTEXT(2) 
PARAMETRIC_REPRESENTATION_CONTEXT() REPRESENTATION_CONTEXT('2D SPACE',''
  ) );
#1955 = PCURVE('',#1713,#1956);
#1956 = DEFINITIONAL_REPRESENTATION('',(#1957),#1961);
#1957 = LINE('',#1958,#1959);
#1958 = CARTESIAN_POINT('',(-0.,-1.5));
#1959 = VECTOR('',#1960,1.);
#1960 = DIRECTION('',(0.,1.));
#1961 = ( GEOMETRIC_REPRESENTATION_CONTEXT(2) 
PARAMETRIC_REPRESENTATION_CONTEXT() REPRESENTATION_CONTEXT('2D SPACE',''
  ) );
#1962 = ORIENTED_EDGE('',*,*,#1963,.F.);
#1963 = EDGE_CURVE('',#1815,#1941,#1964,.T.);
#1964 = SURFACE_CURVE('',#1965,(#1969,#1976),.PCURVE_S1.);
#1965 = LINE('',#1966,#1967);
#1966 = CARTESIAN_POINT('',(-23.5,8.,13.856406460551));
#1967 = VECTOR('',#1968,1.);
#1968 = DIRECTION('',(0.,-1.,1.110223024625E-16));
#1969 = PCURVE('',#1685,#1970);
#1970 = DEFINITIONAL_REPRESENTATION('',(#1971),#1975);
#1971 = LINE('',#1972,#1973);
#1972 = CARTESIAN_POINT('',(0.,1.5));
#1973 = VECTOR('',#1974,1.);
#1974 = DIRECTION('',(1.,0.));
#1975 = ( GEOMETRIC_REPRESENTATION_CONTEXT(2) 
PARAMETRIC_REPRESENTATION_CONTEXT() REPRESENTATION_CONTEXT('2D SPACE',''
  ) );
#1976 = PCURVE('',#1853,#1977);
#1977 = DEFINITIONAL_REPRESENTATION('',(#1978),#1982);
#1978 = LINE('',#1979,#1980);
#1979 = CARTESIAN_POINT('',(8.,13.856406460551));
#1980 = VECTOR('',#1981,1.);
#1981 = DIRECTION('',(-1.,1.110223024625E-16));
#1982 = ( GEOMETRIC_REPRESENTATION_CONTEXT(2) 
PARAMETRIC_REPRESENTATION_CONTEXT() REPRESENTATION_CONTEXT('2D SPACE',''
  ) );
#1983 = ADVANCED_FACE('',(#1984),#1769,.T.);
#1984 = FACE_BOUND('',#1985,.T.);
#1985 = EDGE_LOOP('',(#1986,#1987,#1988,#2011));
#1986 = ORIENTED_EDGE('',*,*,#1753,.T.);
#1987 = ORIENTED_EDGE('',*,*,#1914,.F.);
#1988 = ORIENTED_EDGE('',*,*,#1989,.F.);
#1989 = EDGE_CURVE('',#1990,#1892,#1992,.T.);
#1990 = VERTEX_POINT('',#1991);
#1991 = CARTESIAN_POINT('',(-23.5,-8.,-13.85640646055));
#1992 = SURFACE_CURVE('',#1993,(#1997,#2004),.PCURVE_S1.);
#1993 = LINE('',#1994,#1995);
#1994 = CARTESIAN_POINT('',(-23.5,-8.,-13.85640646055));
#1995 = VECTOR('',#1996,1.);
#1996 = DIRECTION('',(0.,1.,-2.22044604925E-16));
#1997 = PCURVE('',#1769,#1998);
#1998 = DEFINITIONAL_REPRESENTATION('',(#1999),#2003);
#1999 = LINE('',#2000,#2001);
#2000 = CARTESIAN_POINT('',(0.,1.5));
#2001 = VECTOR('',#2002,1.);
#2002 = DIRECTION('',(1.,0.));
#2003 = ( GEOMETRIC_REPRESENTATION_CONTEXT(2) 
PARAMETRIC_REPRESENTATION_CONTEXT() REPRESENTATION_CONTEXT('2D SPACE',''
  ) );
#2004 = PCURVE('',#1853,#2005);
#2005 = DEFINITIONAL_REPRESENTATION('',(#2006),#2010);
#2006 = LINE('',#2007,#2008);
#2007 = CARTESIAN_POINT('',(-8.,-13.85640646055));
#2008 = VECTOR('',#2009,1.);
#2009 = DIRECTION('',(1.,-2.22044604925E-16));
#2010 = ( GEOMETRIC_REPRESENTATION_CONTEXT(2) 
PARAMETRIC_REPRESENTATION_CONTEXT() REPRESENTATION_CONTEXT('2D SPACE',''
  ) );
#2011 = ORIENTED_EDGE('',*,*,#2012,.T.);
#2012 = EDGE_CURVE('',#1990,#1726,#2013,.T.);
#2013 = SURFACE_CURVE('',#2014,(#2018,#2025),.PCURVE_S1.);
#2014 = LINE('',#2015,#2016);
#2015 = CARTESIAN_POINT('',(-23.5,-8.,-13.85640646055));
#2016 = VECTOR('',#2017,1.);
#2017 = DIRECTION('',(-1.,0.,0.));
#2018 = PCURVE('',#1769,#2019);
#2019 = DEFINITIONAL_REPRESENTATION('',(#2020),#2024);
#2020 = LINE('',#2021,#2022);
#2021 = CARTESIAN_POINT('',(0.,1.5));
#2022 = VECTOR('',#2023,1.);
#2023 = DIRECTION('',(0.,-1.));
#2024 = ( GEOMETRIC_REPRESENTATION_CONTEXT(2) 
PARAMETRIC_REPRESENTATION_CONTEXT() REPRESENTATION_CONTEXT('2D SPACE',''
  ) );
#2025 = PCURVE('',#1741,#2026);
#2026 = DEFINITIONAL_REPRESENTATION('',(#2027),#2031);
#2027 = LINE('',#2028,#2029);
#2028 = CARTESIAN_POINT('',(16.,1.5));
#2029 = VECTOR('',#2030,1.);
#2030 = DIRECTION('',(0.,-1.));
#2031 = ( GEOMETRIC_REPRESENTATION_CONTEXT(2) 
PARAMETRIC_REPRESENTATION_CONTEXT() REPRESENTATION_CONTEXT('2D SPACE',''
  ) );
#2032 = ADVANCED_FACE('',(#2033),#1713,.T.);
#2033 = FACE_BOUND('',#2034,.T.);
#2034 = EDGE_LOOP('',(#2035,#2036,#2037,#2060));
#2035 = ORIENTED_EDGE('',*,*,#1940,.F.);
#2036 = ORIENTED_EDGE('',*,*,#1697,.T.);
#2037 = ORIENTED_EDGE('',*,*,#2038,.T.);
#2038 = EDGE_CURVE('',#1698,#2039,#2041,.T.);
#2039 = VERTEX_POINT('',#2040);
#2040 = CARTESIAN_POINT('',(-23.5,-16.,1.959434878636E-15));
#2041 = SURFACE_CURVE('',#2042,(#2046,#2053),.PCURVE_S1.);
#2042 = LINE('',#2043,#2044);
#2043 = CARTESIAN_POINT('',(-26.5,-16.,1.959434878636E-15));
#2044 = VECTOR('',#2045,1.);
#2045 = DIRECTION('',(1.,0.,0.));
#2046 = PCURVE('',#1713,#2047);
#2047 = DEFINITIONAL_REPRESENTATION('',(#2048),#2052);
#2048 = LINE('',#2049,#2050);
#2049 = CARTESIAN_POINT('',(16.,-1.5));
#2050 = VECTOR('',#2051,1.);
#2051 = DIRECTION('',(0.,1.));
#2052 = ( GEOMETRIC_REPRESENTATION_CONTEXT(2) 
PARAMETRIC_REPRESENTATION_CONTEXT() REPRESENTATION_CONTEXT('2D SPACE',''
  ) );
#2053 = PCURVE('',#1741,#2054);
#2054 = DEFINITIONAL_REPRESENTATION('',(#2055),#2059);
#2055 = LINE('',#2056,#2057);
#2056 = CARTESIAN_POINT('',(0.,-1.5));
#2057 = VECTOR('',#2058,1.);
#2058 = DIRECTION('',(0.,1.));
#2059 = ( GEOMETRIC_REPRESENTATION_CONTEXT(2) 
PARAMETRIC_REPRESENTATION_CONTEXT() REPRESENTATION_CONTEXT('2D SPACE',''
  ) );
#2060 = ORIENTED_EDGE('',*,*,#2061,.F.);
#2061 = EDGE_CURVE('',#1941,#2039,#2062,.T.);
#2062 = SURFACE_CURVE('',#2063,(#2067,#2074),.PCURVE_S1.);
#2063 = LINE('',#2064,#2065);
#2064 = CARTESIAN_POINT('',(-23.5,-8.,13.856406460551));
#2065 = VECTOR('',#2066,1.);
#2066 = DIRECTION('',(0.,-0.5,-0.866025403784));
#2067 = PCURVE('',#1713,#2068);
#2068 = DEFINITIONAL_REPRESENTATION('',(#2069),#2073);
#2069 = LINE('',#2070,#2071);
#2070 = CARTESIAN_POINT('',(0.,1.5));
#2071 = VECTOR('',#2072,1.);
#2072 = DIRECTION('',(1.,0.));
#2073 = ( GEOMETRIC_REPRESENTATION_CONTEXT(2) 
PARAMETRIC_REPRESENTATION_CONTEXT() REPRESENTATION_CONTEXT('2D SPACE',''
  ) );
#2074 = PCURVE('',#1853,#2075);
#2075 = DEFINITIONAL_REPRESENTATION('',(#2076),#2080);
#2076 = LINE('',#2077,#2078);
#2077 = CARTESIAN_POINT('',(-8.,13.856406460551));
#2078 = VECTOR('',#2079,1.);
#2079 = DIRECTION('',(-0.5,-0.866025403784));
#2080 = ( GEOMETRIC_REPRESENTATION_CONTEXT(2) 
PARAMETRIC_REPRESENTATION_CONTEXT() REPRESENTATION_CONTEXT('2D SPACE',''
  ) );
#2081 = ADVANCED_FACE('',(#2082),#1741,.T.);
#2082 = FACE_BOUND('',#2083,.T.);
#2083 = EDGE_LOOP('',(#2084,#2085,#2086,#2087));
#2084 = ORIENTED_EDGE('',*,*,#2038,.F.);
#2085 = ORIENTED_EDGE('',*,*,#1725,.T.);
#2086 = ORIENTED_EDGE('',*,*,#2012,.F.);
#2087 = ORIENTED_EDGE('',*,*,#2088,.F.);
#2088 = EDGE_CURVE('',#2039,#1990,#2089,.T.);
#2089 = SURFACE_CURVE('',#2090,(#2094,#2101),.PCURVE_S1.);
#2090 = LINE('',#2091,#2092);
#2091 = CARTESIAN_POINT('',(-23.5,-16.,1.959434878636E-15));
#2092 = VECTOR('',#2093,1.);
#2093 = DIRECTION('',(0.,0.5,-0.866025403784));
#2094 = PCURVE('',#1741,#2095);
#2095 = DEFINITIONAL_REPRESENTATION('',(#2096),#2100);
#2096 = LINE('',#2097,#2098);
#2097 = CARTESIAN_POINT('',(0.,1.5));
#2098 = VECTOR('',#2099,1.);
#2099 = DIRECTION('',(1.,0.));
#2100 = ( GEOMETRIC_REPRESENTATION_CONTEXT(2) 
PARAMETRIC_REPRESENTATION_CONTEXT() REPRESENTATION_CONTEXT('2D SPACE',''
  ) );
#2101 = PCURVE('',#1853,#2102);
#2102 = DEFINITIONAL_REPRESENTATION('',(#2103),#2107);
#2103 = LINE('',#2104,#2105);
#2104 = CARTESIAN_POINT('',(-16.,1.051424234745E-15));
#2105 = VECTOR('',#2106,1.);
#2106 = DIRECTION('',(0.5,-0.866025403784));
#2107 = ( GEOMETRIC_REPRESENTATION_CONTEXT(2) 
PARAMETRIC_REPRESENTATION_CONTEXT() REPRESENTATION_CONTEXT('2D SPACE',''
  ) );
#2108 = ADVANCED_FACE('',(#2109,#2117),#1853,.T.);
#2109 = FACE_BOUND('',#2110,.T.);
#2110 = EDGE_LOOP('',(#2111,#2112,#2113,#2114,#2115,#2116));
#2111 = ORIENTED_EDGE('',*,*,#1837,.T.);
#2112 = ORIENTED_EDGE('',*,*,#1963,.T.);
#2113 = ORIENTED_EDGE('',*,*,#2061,.T.);
#2114 = ORIENTED_EDGE('',*,*,#2088,.T.);
#2115 = ORIENTED_EDGE('',*,*,#1989,.T.);
#2116 = ORIENTED_EDGE('',*,*,#1891,.T.);
#2117 = FACE_BOUND('',#2118,.T.);
#2118 = EDGE_LOOP('',(#2119));
#2119 = ORIENTED_EDGE('',*,*,#2120,.F.);
#2120 = EDGE_CURVE('',#2121,#2121,#2123,.T.);
#2121 = VERTEX_POINT('',#2122);
#2122 = CARTESIAN_POINT('',(-23.5,-9.797174393179E-16,-4.));
#2123 = SURFACE_CURVE('',#2124,(#2129,#2136),.PCURVE_S1.);
#2124 = CIRCLE('',#2125,4.);
#2125 = AXIS2_PLACEMENT_3D('',#2126,#2127,#2128);
#2126 = CARTESIAN_POINT('',(-23.5,0.,-5.218048215738E-15));
#2127 = DIRECTION('',(1.,0.,2.22044604925E-16));
#2128 = DIRECTION('',(2.22044604925E-16,0.,-1.));
#2129 = PCURVE('',#1853,#2130);
#2130 = DEFINITIONAL_REPRESENTATION('',(#2131),#2135);
#2131 = CIRCLE('',#2132,4.);
#2132 = AXIS2_PLACEMENT_2D('',#2133,#2134);
#2133 = CARTESIAN_POINT('',(-1.480297366167E-16,-6.126058859629E-15));
#2134 = DIRECTION('',(0.,-1.));
#2135 = ( GEOMETRIC_REPRESENTATION_CONTEXT(2) 
PARAMETRIC_REPRESENTATION_CONTEXT() REPRESENTATION_CONTEXT('2D SPACE',''
  ) );
#2136 = PCURVE('',#2137,#2142);
#2137 = CYLINDRICAL_SURFACE('',#2138,4.);
#2138 = AXIS2_PLACEMENT_3D('',#2139,#2140,#2141);
#2139 = CARTESIAN_POINT('',(-60.,0.,-1.33226762955E-14));
#2140 = DIRECTION('',(1.,0.,2.22044604925E-16));
#2141 = DIRECTION('',(2.22044604925E-16,0.,-1.));
#2142 = DEFINITIONAL_REPRESENTATION('',(#2143),#2147);
#2143 = LINE('',#2144,#2145);
#2144 = CARTESIAN_POINT('',(0.,36.5));
#2145 = VECTOR('',#2146,1.);
#2146 = DIRECTION('',(1.,0.));
#2147 = ( GEOMETRIC_REPRESENTATION_CONTEXT(2) 
PARAMETRIC_REPRESENTATION_CONTEXT() REPRESENTATION_CONTEXT('2D SPACE',''
  ) );
#2148 = ADVANCED_FACE('',(#2149),#2137,.T.);
#2149 = FACE_BOUND('',#2150,.T.);
#2150 = EDGE_LOOP('',(#2151,#2152,#2175,#2202));
#2151 = ORIENTED_EDGE('',*,*,#2120,.T.);
#2152 = ORIENTED_EDGE('',*,*,#2153,.T.);
#2153 = EDGE_CURVE('',#2121,#2154,#2156,.T.);
#2154 = VERTEX_POINT('',#2155);
#2155 = CARTESIAN_POINT('',(-18.,-9.797174393179E-16,-4.));
#2156 = SEAM_CURVE('',#2157,(#2161,#2168),.PCURVE_S1.);
#2157 = LINE('',#2158,#2159);
#2158 = CARTESIAN_POINT('',(-60.,-9.797174393179E-16,-4.));
#2159 = VECTOR('',#2160,1.);
#2160 = DIRECTION('',(1.,0.,2.22044604925E-16));
#2161 = PCURVE('',#2137,#2162);
#2162 = DEFINITIONAL_REPRESENTATION('',(#2163),#2167);
#2163 = LINE('',#2164,#2165);
#2164 = CARTESIAN_POINT('',(0.,-0.));
#2165 = VECTOR('',#2166,1.);
#2166 = DIRECTION('',(0.,1.));
#2167 = ( GEOMETRIC_REPRESENTATION_CONTEXT(2) 
PARAMETRIC_REPRESENTATION_CONTEXT() REPRESENTATION_CONTEXT('2D SPACE',''
  ) );
#2168 = PCURVE('',#2137,#2169);
#2169 = DEFINITIONAL_REPRESENTATION('',(#2170),#2174);
#2170 = LINE('',#2171,#2172);
#2171 = CARTESIAN_POINT('',(6.28318530718,-0.));
#2172 = VECTOR('',#2173,1.);
#2173 = DIRECTION('',(0.,1.));
#2174 = ( GEOMETRIC_REPRESENTATION_CONTEXT(2) 
PARAMETRIC_REPRESENTATION_CONTEXT() REPRESENTATION_CONTEXT('2D SPACE',''
  ) );
#2175 = ORIENTED_EDGE('',*,*,#2176,.F.);
#2176 = EDGE_CURVE('',#2154,#2154,#2177,.T.);
#2177 = SURFACE_CURVE('',#2178,(#2183,#2190),.PCURVE_S1.);
#2178 = CIRCLE('',#2179,4.);
#2179 = AXIS2_PLACEMENT_3D('',#2180,#2181,#2182);
#2180 = CARTESIAN_POINT('',(-18.,0.,-3.996802888651E-15));
#2181 = DIRECTION('',(1.,0.,2.22044604925E-16));
#2182 = DIRECTION('',(2.22044604925E-16,0.,-1.));
#2183 = PCURVE('',#2137,#2184);
#2184 = DEFINITIONAL_REPRESENTATION('',(#2185),#2189);
#2185 = LINE('',#2186,#2187);
#2186 = CARTESIAN_POINT('',(0.,42.));
#2187 = VECTOR('',#2188,1.);
#2188 = DIRECTION('',(1.,0.));
#2189 = ( GEOMETRIC_REPRESENTATION_CONTEXT(2) 
PARAMETRIC_REPRESENTATION_CONTEXT() REPRESENTATION_CONTEXT('2D SPACE',''
  ) );
#2190 = PCURVE('',#2191,#2196);
#2191 = PLANE('',#2192);
#2192 = AXIS2_PLACEMENT_3D('',#2193,#2194,#2195);
#2193 = CARTESIAN_POINT('',(-18.,1.480297366167E-16,9.080106438912E-16)
  );
#2194 = DIRECTION('',(1.,0.,0.));
#2195 = DIRECTION('',(0.,1.,0.));
#2196 = DEFINITIONAL_REPRESENTATION('',(#2197),#2201);
#2197 = CIRCLE('',#2198,4.);
#2198 = AXIS2_PLACEMENT_2D('',#2199,#2200);
#2199 = CARTESIAN_POINT('',(-1.480297366167E-16,-4.904813532542E-15));
#2200 = DIRECTION('',(0.,-1.));
#2201 = ( GEOMETRIC_REPRESENTATION_CONTEXT(2) 
PARAMETRIC_REPRESENTATION_CONTEXT() REPRESENTATION_CONTEXT('2D SPACE',''
  ) );
#2202 = ORIENTED_EDGE('',*,*,#2153,.F.);
#2203 = ADVANCED_FACE('',(#2204,#2374),#2191,.F.);
#2204 = FACE_BOUND('',#2205,.F.);
#2205 = EDGE_LOOP('',(#2206,#2236,#2264,#2292,#2320,#2348));
#2206 = ORIENTED_EDGE('',*,*,#2207,.T.);
#2207 = EDGE_CURVE('',#2208,#2210,#2212,.T.);
#2208 = VERTEX_POINT('',#2209);
#2209 = CARTESIAN_POINT('',(-18.,16.,0.));
#2210 = VERTEX_POINT('',#2211);
#2211 = CARTESIAN_POINT('',(-18.,8.,13.856406460551));
#2212 = SURFACE_CURVE('',#2213,(#2217,#2224),.PCURVE_S1.);
#2213 = LINE('',#2214,#2215);
#2214 = CARTESIAN_POINT('',(-18.,16.,0.));
#2215 = VECTOR('',#2216,1.);
#2216 = DIRECTION('',(0.,-0.5,0.866025403784));
#2217 = PCURVE('',#2191,#2218);
#2218 = DEFINITIONAL_REPRESENTATION('',(#2219),#2223);
#2219 = LINE('',#2220,#2221);
#2220 = CARTESIAN_POINT('',(16.,-9.080106438912E-16));
#2221 = VECTOR('',#2222,1.);
#2222 = DIRECTION('',(-0.5,0.866025403784));
#2223 = ( GEOMETRIC_REPRESENTATION_CONTEXT(2) 
PARAMETRIC_REPRESENTATION_CONTEXT() REPRESENTATION_CONTEXT('2D SPACE',''
  ) );
#2224 = PCURVE('',#2225,#2230);
#2225 = PLANE('',#2226);
#2226 = AXIS2_PLACEMENT_3D('',#2227,#2228,#2229);
#2227 = CARTESIAN_POINT('',(-16.5,16.,0.));
#2228 = DIRECTION('',(-0.,0.866025403784,0.5));
#2229 = DIRECTION('',(0.,-0.5,0.866025403784));
#2230 = DEFINITIONAL_REPRESENTATION('',(#2231),#2235);
#2231 = LINE('',#2232,#2233);
#2232 = CARTESIAN_POINT('',(0.,-1.5));
#2233 = VECTOR('',#2234,1.);
#2234 = DIRECTION('',(1.,0.));
#2235 = ( GEOMETRIC_REPRESENTATION_CONTEXT(2) 
PARAMETRIC_REPRESENTATION_CONTEXT() REPRESENTATION_CONTEXT('2D SPACE',''
  ) );
#2236 = ORIENTED_EDGE('',*,*,#2237,.T.);
#2237 = EDGE_CURVE('',#2210,#2238,#2240,.T.);
#2238 = VERTEX_POINT('',#2239);
#2239 = CARTESIAN_POINT('',(-18.,-8.,13.856406460551));
#2240 = SURFACE_CURVE('',#2241,(#2245,#2252),.PCURVE_S1.);
#2241 = LINE('',#2242,#2243);
#2242 = CARTESIAN_POINT('',(-18.,8.,13.856406460551));
#2243 = VECTOR('',#2244,1.);
#2244 = DIRECTION('',(0.,-1.,1.110223024625E-16));
#2245 = PCURVE('',#2191,#2246);
#2246 = DEFINITIONAL_REPRESENTATION('',(#2247),#2251);
#2247 = LINE('',#2248,#2249);
#2248 = CARTESIAN_POINT('',(8.,13.856406460551));
#2249 = VECTOR('',#2250,1.);
#2250 = DIRECTION('',(-1.,1.110223024625E-16));
#2251 = ( GEOMETRIC_REPRESENTATION_CONTEXT(2) 
PARAMETRIC_REPRESENTATION_CONTEXT() REPRESENTATION_CONTEXT('2D SPACE',''
  ) );
#2252 = PCURVE('',#2253,#2258);
#2253 = PLANE('',#2254);
#2254 = AXIS2_PLACEMENT_3D('',#2255,#2256,#2257);
#2255 = CARTESIAN_POINT('',(-16.5,8.,13.856406460551));
#2256 = DIRECTION('',(-0.,1.110223024625E-16,1.));
#2257 = DIRECTION('',(0.,-1.,1.110223024625E-16));
#2258 = DEFINITIONAL_REPRESENTATION('',(#2259),#2263);
#2259 = LINE('',#2260,#2261);
#2260 = CARTESIAN_POINT('',(0.,-1.5));
#2261 = VECTOR('',#2262,1.);
#2262 = DIRECTION('',(1.,0.));
#2263 = ( GEOMETRIC_REPRESENTATION_CONTEXT(2) 
PARAMETRIC_REPRESENTATION_CONTEXT() REPRESENTATION_CONTEXT('2D SPACE',''
  ) );
#2264 = ORIENTED_EDGE('',*,*,#2265,.T.);
#2265 = EDGE_CURVE('',#2238,#2266,#2268,.T.);
#2266 = VERTEX_POINT('',#2267);
#2267 = CARTESIAN_POINT('',(-18.,-16.,1.959434878636E-15));
#2268 = SURFACE_CURVE('',#2269,(#2273,#2280),.PCURVE_S1.);
#2269 = LINE('',#2270,#2271);
#2270 = CARTESIAN_POINT('',(-18.,-8.,13.856406460551));
#2271 = VECTOR('',#2272,1.);
#2272 = DIRECTION('',(0.,-0.5,-0.866025403784));
#2273 = PCURVE('',#2191,#2274);
#2274 = DEFINITIONAL_REPRESENTATION('',(#2275),#2279);
#2275 = LINE('',#2276,#2277);
#2276 = CARTESIAN_POINT('',(-8.,13.856406460551));
#2277 = VECTOR('',#2278,1.);
#2278 = DIRECTION('',(-0.5,-0.866025403784));
#2279 = ( GEOMETRIC_REPRESENTATION_CONTEXT(2) 
PARAMETRIC_REPRESENTATION_CONTEXT() REPRESENTATION_CONTEXT('2D SPACE',''
  ) );
#2280 = PCURVE('',#2281,#2286);
#2281 = PLANE('',#2282);
#2282 = AXIS2_PLACEMENT_3D('',#2283,#2284,#2285);
#2283 = CARTESIAN_POINT('',(-16.5,-8.,13.856406460551));
#2284 = DIRECTION('',(0.,-0.866025403784,0.5));
#2285 = DIRECTION('',(0.,-0.5,-0.866025403784));
#2286 = DEFINITIONAL_REPRESENTATION('',(#2287),#2291);
#2287 = LINE('',#2288,#2289);
#2288 = CARTESIAN_POINT('',(-0.,-1.5));
#2289 = VECTOR('',#2290,1.);
#2290 = DIRECTION('',(1.,0.));
#2291 = ( GEOMETRIC_REPRESENTATION_CONTEXT(2) 
PARAMETRIC_REPRESENTATION_CONTEXT() REPRESENTATION_CONTEXT('2D SPACE',''
  ) );
#2292 = ORIENTED_EDGE('',*,*,#2293,.T.);
#2293 = EDGE_CURVE('',#2266,#2294,#2296,.T.);
#2294 = VERTEX_POINT('',#2295);
#2295 = CARTESIAN_POINT('',(-18.,-8.,-13.85640646055));
#2296 = SURFACE_CURVE('',#2297,(#2301,#2308),.PCURVE_S1.);
#2297 = LINE('',#2298,#2299);
#2298 = CARTESIAN_POINT('',(-18.,-16.,1.959434878636E-15));
#2299 = VECTOR('',#2300,1.);
#2300 = DIRECTION('',(0.,0.5,-0.866025403784));
#2301 = PCURVE('',#2191,#2302);
#2302 = DEFINITIONAL_REPRESENTATION('',(#2303),#2307);
#2303 = LINE('',#2304,#2305);
#2304 = CARTESIAN_POINT('',(-16.,1.051424234745E-15));
#2305 = VECTOR('',#2306,1.);
#2306 = DIRECTION('',(0.5,-0.866025403784));
#2307 = ( GEOMETRIC_REPRESENTATION_CONTEXT(2) 
PARAMETRIC_REPRESENTATION_CONTEXT() REPRESENTATION_CONTEXT('2D SPACE',''
  ) );
#2308 = PCURVE('',#2309,#2314);
#2309 = PLANE('',#2310);
#2310 = AXIS2_PLACEMENT_3D('',#2311,#2312,#2313);
#2311 = CARTESIAN_POINT('',(-16.5,-16.,1.959434878636E-15));
#2312 = DIRECTION('',(0.,-0.866025403784,-0.5));
#2313 = DIRECTION('',(0.,0.5,-0.866025403784));
#2314 = DEFINITIONAL_REPRESENTATION('',(#2315),#2319);
#2315 = LINE('',#2316,#2317);
#2316 = CARTESIAN_POINT('',(0.,-1.5));
#2317 = VECTOR('',#2318,1.);
#2318 = DIRECTION('',(1.,0.));
#2319 = ( GEOMETRIC_REPRESENTATION_CONTEXT(2) 
PARAMETRIC_REPRESENTATION_CONTEXT() REPRESENTATION_CONTEXT('2D SPACE',''
  ) );
#2320 = ORIENTED_EDGE('',*,*,#2321,.T.);
#2321 = EDGE_CURVE('',#2294,#2322,#2324,.T.);
#2322 = VERTEX_POINT('',#2323);
#2323 = CARTESIAN_POINT('',(-18.,8.,-13.85640646055));
#2324 = SURFACE_CURVE('',#2325,(#2329,#2336),.PCURVE_S1.);
#2325 = LINE('',#2326,#2327);
#2326 = CARTESIAN_POINT('',(-18.,-8.,-13.85640646055));
#2327 = VECTOR('',#2328,1.);
#2328 = DIRECTION('',(0.,1.,-2.22044604925E-16));
#2329 = PCURVE('',#2191,#2330);
#2330 = DEFINITIONAL_REPRESENTATION('',(#2331),#2335);
#2331 = LINE('',#2332,#2333);
#2332 = CARTESIAN_POINT('',(-8.,-13.85640646055));
#2333 = VECTOR('',#2334,1.);
#2334 = DIRECTION('',(1.,-2.22044604925E-16));
#2335 = ( GEOMETRIC_REPRESENTATION_CONTEXT(2) 
PARAMETRIC_REPRESENTATION_CONTEXT() REPRESENTATION_CONTEXT('2D SPACE',''
  ) );
#2336 = PCURVE('',#2337,#2342);
#2337 = PLANE('',#2338);
#2338 = AXIS2_PLACEMENT_3D('',#2339,#2340,#2341);
#2339 = CARTESIAN_POINT('',(-16.5,-8.,-13.85640646055));
#2340 = DIRECTION('',(0.,-2.22044604925E-16,-1.));
#2341 = DIRECTION('',(0.,1.,-2.22044604925E-16));
#2342 = DEFINITIONAL_REPRESENTATION('',(#2343),#2347);
#2343 = LINE('',#2344,#2345);
#2344 = CARTESIAN_POINT('',(0.,-1.5));
#2345 = VECTOR('',#2346,1.);
#2346 = DIRECTION('',(1.,0.));
#2347 = ( GEOMETRIC_REPRESENTATION_CONTEXT(2) 
PARAMETRIC_REPRESENTATION_CONTEXT() REPRESENTATION_CONTEXT('2D SPACE',''
  ) );
#2348 = ORIENTED_EDGE('',*,*,#2349,.T.);
#2349 = EDGE_CURVE('',#2322,#2208,#2350,.T.);
#2350 = SURFACE_CURVE('',#2351,(#2355,#2362),.PCURVE_S1.);
#2351 = LINE('',#2352,#2353);
#2352 = CARTESIAN_POINT('',(-18.,8.,-13.85640646055));
#2353 = VECTOR('',#2354,1.);
#2354 = DIRECTION('',(0.,0.5,0.866025403784));
#2355 = PCURVE('',#2191,#2356);
#2356 = DEFINITIONAL_REPRESENTATION('',(#2357),#2361);
#2357 = LINE('',#2358,#2359);
#2358 = CARTESIAN_POINT('',(8.,-13.85640646055));
#2359 = VECTOR('',#2360,1.);
#2360 = DIRECTION('',(0.5,0.866025403784));
#2361 = ( GEOMETRIC_REPRESENTATION_CONTEXT(2) 
PARAMETRIC_REPRESENTATION_CONTEXT() REPRESENTATION_CONTEXT('2D SPACE',''
  ) );
#2362 = PCURVE('',#2363,#2368);
#2363 = PLANE('',#2364);
#2364 = AXIS2_PLACEMENT_3D('',#2365,#2366,#2367);
#2365 = CARTESIAN_POINT('',(-16.5,8.,-13.85640646055));
#2366 = DIRECTION('',(0.,0.866025403784,-0.5));
#2367 = DIRECTION('',(0.,0.5,0.866025403784));
#2368 = DEFINITIONAL_REPRESENTATION('',(#2369),#2373);
#2369 = LINE('',#2370,#2371);
#2370 = CARTESIAN_POINT('',(0.,-1.5));
#2371 = VECTOR('',#2372,1.);
#2372 = DIRECTION('',(1.,0.));
#2373 = ( GEOMETRIC_REPRESENTATION_CONTEXT(2) 
PARAMETRIC_REPRESENTATION_CONTEXT() REPRESENTATION_CONTEXT('2D SPACE',''
  ) );
#2374 = FACE_BOUND('',#2375,.F.);
#2375 = EDGE_LOOP('',(#2376));
#2376 = ORIENTED_EDGE('',*,*,#2176,.F.);
#2377 = ADVANCED_FACE('',(#2378),#2225,.T.);
#2378 = FACE_BOUND('',#2379,.T.);
#2379 = EDGE_LOOP('',(#2380,#2381,#2404,#2432));
#2380 = ORIENTED_EDGE('',*,*,#2207,.T.);
#2381 = ORIENTED_EDGE('',*,*,#2382,.T.);
#2382 = EDGE_CURVE('',#2210,#2383,#2385,.T.);
#2383 = VERTEX_POINT('',#2384);
#2384 = CARTESIAN_POINT('',(-15.,8.,13.856406460551));
#2385 = SURFACE_CURVE('',#2386,(#2390,#2397),.PCURVE_S1.);
#2386 = LINE('',#2387,#2388);
#2387 = CARTESIAN_POINT('',(-18.,8.,13.856406460551));
#2388 = VECTOR('',#2389,1.);
#2389 = DIRECTION('',(1.,0.,0.));
#2390 = PCURVE('',#2225,#2391);
#2391 = DEFINITIONAL_REPRESENTATION('',(#2392),#2396);
#2392 = LINE('',#2393,#2394);
#2393 = CARTESIAN_POINT('',(16.,-1.5));
#2394 = VECTOR('',#2395,1.);
#2395 = DIRECTION('',(0.,1.));
#2396 = ( GEOMETRIC_REPRESENTATION_CONTEXT(2) 
PARAMETRIC_REPRESENTATION_CONTEXT() REPRESENTATION_CONTEXT('2D SPACE',''
  ) );
#2397 = PCURVE('',#2253,#2398);
#2398 = DEFINITIONAL_REPRESENTATION('',(#2399),#2403);
#2399 = LINE('',#2400,#2401);
#2400 = CARTESIAN_POINT('',(0.,-1.5));
#2401 = VECTOR('',#2402,1.);
#2402 = DIRECTION('',(0.,1.));
#2403 = ( GEOMETRIC_REPRESENTATION_CONTEXT(2) 
PARAMETRIC_REPRESENTATION_CONTEXT() REPRESENTATION_CONTEXT('2D SPACE',''
  ) );
#2404 = ORIENTED_EDGE('',*,*,#2405,.F.);
#2405 = EDGE_CURVE('',#2406,#2383,#2408,.T.);
#2406 = VERTEX_POINT('',#2407);
#2407 = CARTESIAN_POINT('',(-15.,16.,0.));
#2408 = SURFACE_CURVE('',#2409,(#2413,#2420),.PCURVE_S1.);
#2409 = LINE('',#2410,#2411);
#2410 = CARTESIAN_POINT('',(-15.,16.,0.));
#2411 = VECTOR('',#2412,1.);
#2412 = DIRECTION('',(0.,-0.5,0.866025403784));
#2413 = PCURVE('',#2225,#2414);
#2414 = DEFINITIONAL_REPRESENTATION('',(#2415),#2419);
#2415 = LINE('',#2416,#2417);
#2416 = CARTESIAN_POINT('',(0.,1.5));
#2417 = VECTOR('',#2418,1.);
#2418 = DIRECTION('',(1.,0.));
#2419 = ( GEOMETRIC_REPRESENTATION_CONTEXT(2) 
PARAMETRIC_REPRESENTATION_CONTEXT() REPRESENTATION_CONTEXT('2D SPACE',''
  ) );
#2420 = PCURVE('',#2421,#2426);
#2421 = PLANE('',#2422);
#2422 = AXIS2_PLACEMENT_3D('',#2423,#2424,#2425);
#2423 = CARTESIAN_POINT('',(-15.,1.480297366167E-16,9.080106438912E-16)
  );
#2424 = DIRECTION('',(1.,0.,0.));
#2425 = DIRECTION('',(0.,1.,0.));
#2426 = DEFINITIONAL_REPRESENTATION('',(#2427),#2431);
#2427 = LINE('',#2428,#2429);
#2428 = CARTESIAN_POINT('',(16.,-9.080106438912E-16));
#2429 = VECTOR('',#2430,1.);
#2430 = DIRECTION('',(-0.5,0.866025403784));
#2431 = ( GEOMETRIC_REPRESENTATION_CONTEXT(2) 
PARAMETRIC_REPRESENTATION_CONTEXT() REPRESENTATION_CONTEXT('2D SPACE',''
  ) );
#2432 = ORIENTED_EDGE('',*,*,#2433,.T.);
#2433 = EDGE_CURVE('',#2406,#2208,#2434,.T.);
#2434 = SURFACE_CURVE('',#2435,(#2439,#2446),.PCURVE_S1.);
#2435 = LINE('',#2436,#2437);
#2436 = CARTESIAN_POINT('',(-15.,16.,0.));
#2437 = VECTOR('',#2438,1.);
#2438 = DIRECTION('',(-1.,0.,0.));
#2439 = PCURVE('',#2225,#2440);
#2440 = DEFINITIONAL_REPRESENTATION('',(#2441),#2445);
#2441 = LINE('',#2442,#2443);
#2442 = CARTESIAN_POINT('',(0.,1.5));
#2443 = VECTOR('',#2444,1.);
#2444 = DIRECTION('',(0.,-1.));
#2445 = ( GEOMETRIC_REPRESENTATION_CONTEXT(2) 
PARAMETRIC_REPRESENTATION_CONTEXT() REPRESENTATION_CONTEXT('2D SPACE',''
  ) );
#2446 = PCURVE('',#2363,#2447);
#2447 = DEFINITIONAL_REPRESENTATION('',(#2448),#2452);
#2448 = LINE('',#2449,#2450);
#2449 = CARTESIAN_POINT('',(16.,1.5));
#2450 = VECTOR('',#2451,1.);
#2451 = DIRECTION('',(0.,-1.));
#2452 = ( GEOMETRIC_REPRESENTATION_CONTEXT(2) 
PARAMETRIC_REPRESENTATION_CONTEXT() REPRESENTATION_CONTEXT('2D SPACE',''
  ) );
#2453 = ADVANCED_FACE('',(#2454),#2363,.T.);
#2454 = FACE_BOUND('',#2455,.T.);
#2455 = EDGE_LOOP('',(#2456,#2457,#2458,#2481));
#2456 = ORIENTED_EDGE('',*,*,#2349,.T.);
#2457 = ORIENTED_EDGE('',*,*,#2433,.F.);
#2458 = ORIENTED_EDGE('',*,*,#2459,.F.);
#2459 = EDGE_CURVE('',#2460,#2406,#2462,.T.);
#2460 = VERTEX_POINT('',#2461);
#2461 = CARTESIAN_POINT('',(-15.,8.,-13.85640646055));
#2462 = SURFACE_CURVE('',#2463,(#2467,#2474),.PCURVE_S1.);
#2463 = LINE('',#2464,#2465);
#2464 = CARTESIAN_POINT('',(-15.,8.,-13.85640646055));
#2465 = VECTOR('',#2466,1.);
#2466 = DIRECTION('',(0.,0.5,0.866025403784));
#2467 = PCURVE('',#2363,#2468);
#2468 = DEFINITIONAL_REPRESENTATION('',(#2469),#2473);
#2469 = LINE('',#2470,#2471);
#2470 = CARTESIAN_POINT('',(0.,1.5));
#2471 = VECTOR('',#2472,1.);
#2472 = DIRECTION('',(1.,0.));
#2473 = ( GEOMETRIC_REPRESENTATION_CONTEXT(2) 
PARAMETRIC_REPRESENTATION_CONTEXT() REPRESENTATION_CONTEXT('2D SPACE',''
  ) );
#2474 = PCURVE('',#2421,#2475);
#2475 = DEFINITIONAL_REPRESENTATION('',(#2476),#2480);
#2476 = LINE('',#2477,#2478);
#2477 = CARTESIAN_POINT('',(8.,-13.85640646055));
#2478 = VECTOR('',#2479,1.);
#2479 = DIRECTION('',(0.5,0.866025403784));
#2480 = ( GEOMETRIC_REPRESENTATION_CONTEXT(2) 
PARAMETRIC_REPRESENTATION_CONTEXT() REPRESENTATION_CONTEXT('2D SPACE',''
  ) );
#2481 = ORIENTED_EDGE('',*,*,#2482,.T.);
#2482 = EDGE_CURVE('',#2460,#2322,#2483,.T.);
#2483 = SURFACE_CURVE('',#2484,(#2488,#2495),.PCURVE_S1.);
#2484 = LINE('',#2485,#2486);
#2485 = CARTESIAN_POINT('',(-15.,8.,-13.85640646055));
#2486 = VECTOR('',#2487,1.);
#2487 = DIRECTION('',(-1.,0.,0.));
#2488 = PCURVE('',#2363,#2489);
#2489 = DEFINITIONAL_REPRESENTATION('',(#2490),#2494);
#2490 = LINE('',#2491,#2492);
#2491 = CARTESIAN_POINT('',(0.,1.5));
#2492 = VECTOR('',#2493,1.);
#2493 = DIRECTION('',(0.,-1.));
#2494 = ( GEOMETRIC_REPRESENTATION_CONTEXT(2) 
PARAMETRIC_REPRESENTATION_CONTEXT() REPRESENTATION_CONTEXT('2D SPACE',''
  ) );
#2495 = PCURVE('',#2337,#2496);
#2496 = DEFINITIONAL_REPRESENTATION('',(#2497),#2501);
#2497 = LINE('',#2498,#2499);
#2498 = CARTESIAN_POINT('',(16.,1.5));
#2499 = VECTOR('',#2500,1.);
#2500 = DIRECTION('',(0.,-1.));
#2501 = ( GEOMETRIC_REPRESENTATION_CONTEXT(2) 
PARAMETRIC_REPRESENTATION_CONTEXT() REPRESENTATION_CONTEXT('2D SPACE',''
  ) );
#2502 = ADVANCED_FACE('',(#2503),#2253,.T.);
#2503 = FACE_BOUND('',#2504,.T.);
#2504 = EDGE_LOOP('',(#2505,#2506,#2507,#2530));
#2505 = ORIENTED_EDGE('',*,*,#2382,.F.);
#2506 = ORIENTED_EDGE('',*,*,#2237,.T.);
#2507 = ORIENTED_EDGE('',*,*,#2508,.T.);
#2508 = EDGE_CURVE('',#2238,#2509,#2511,.T.);
#2509 = VERTEX_POINT('',#2510);
#2510 = CARTESIAN_POINT('',(-15.,-8.,13.856406460551));
#2511 = SURFACE_CURVE('',#2512,(#2516,#2523),.PCURVE_S1.);
#2512 = LINE('',#2513,#2514);
#2513 = CARTESIAN_POINT('',(-18.,-8.,13.856406460551));
#2514 = VECTOR('',#2515,1.);
#2515 = DIRECTION('',(1.,0.,0.));
#2516 = PCURVE('',#2253,#2517);
#2517 = DEFINITIONAL_REPRESENTATION('',(#2518),#2522);
#2518 = LINE('',#2519,#2520);
#2519 = CARTESIAN_POINT('',(16.,-1.5));
#2520 = VECTOR('',#2521,1.);
#2521 = DIRECTION('',(0.,1.));
#2522 = ( GEOMETRIC_REPRESENTATION_CONTEXT(2) 
PARAMETRIC_REPRESENTATION_CONTEXT() REPRESENTATION_CONTEXT('2D SPACE',''
  ) );
#2523 = PCURVE('',#2281,#2524);
#2524 = DEFINITIONAL_REPRESENTATION('',(#2525),#2529);
#2525 = LINE('',#2526,#2527);
#2526 = CARTESIAN_POINT('',(-0.,-1.5));
#2527 = VECTOR('',#2528,1.);
#2528 = DIRECTION('',(0.,1.));
#2529 = ( GEOMETRIC_REPRESENTATION_CONTEXT(2) 
PARAMETRIC_REPRESENTATION_CONTEXT() REPRESENTATION_CONTEXT('2D SPACE',''
  ) );
#2530 = ORIENTED_EDGE('',*,*,#2531,.F.);
#2531 = EDGE_CURVE('',#2383,#2509,#2532,.T.);
#2532 = SURFACE_CURVE('',#2533,(#2537,#2544),.PCURVE_S1.);
#2533 = LINE('',#2534,#2535);
#2534 = CARTESIAN_POINT('',(-15.,8.,13.856406460551));
#2535 = VECTOR('',#2536,1.);
#2536 = DIRECTION('',(0.,-1.,1.110223024625E-16));
#2537 = PCURVE('',#2253,#2538);
#2538 = DEFINITIONAL_REPRESENTATION('',(#2539),#2543);
#2539 = LINE('',#2540,#2541);
#2540 = CARTESIAN_POINT('',(0.,1.5));
#2541 = VECTOR('',#2542,1.);
#2542 = DIRECTION('',(1.,0.));
#2543 = ( GEOMETRIC_REPRESENTATION_CONTEXT(2) 
PARAMETRIC_REPRESENTATION_CONTEXT() REPRESENTATION_CONTEXT('2D SPACE',''
  ) );
#2544 = PCURVE('',#2421,#2545);
#2545 = DEFINITIONAL_REPRESENTATION('',(#2546),#2550);
#2546 = LINE('',#2547,#2548);
#2547 = CARTESIAN_POINT('',(8.,13.856406460551));
#2548 = VECTOR('',#2549,1.);
#2549 = DIRECTION('',(-1.,1.110223024625E-16));
#2550 = ( GEOMETRIC_REPRESENTATION_CONTEXT(2) 
PARAMETRIC_REPRESENTATION_CONTEXT() REPRESENTATION_CONTEXT('2D SPACE',''
  ) );
#2551 = ADVANCED_FACE('',(#2552),#2337,.T.);
#2552 = FACE_BOUND('',#2553,.T.);
#2553 = EDGE_LOOP('',(#2554,#2555,#2556,#2579));
#2554 = ORIENTED_EDGE('',*,*,#2321,.T.);
#2555 = ORIENTED_EDGE('',*,*,#2482,.F.);
#2556 = ORIENTED_EDGE('',*,*,#2557,.F.);
#2557 = EDGE_CURVE('',#2558,#2460,#2560,.T.);
#2558 = VERTEX_POINT('',#2559);
#2559 = CARTESIAN_POINT('',(-15.,-8.,-13.85640646055));
#2560 = SURFACE_CURVE('',#2561,(#2565,#2572),.PCURVE_S1.);
#2561 = LINE('',#2562,#2563);
#2562 = CARTESIAN_POINT('',(-15.,-8.,-13.85640646055));
#2563 = VECTOR('',#2564,1.);
#2564 = DIRECTION('',(0.,1.,-2.22044604925E-16));
#2565 = PCURVE('',#2337,#2566);
#2566 = DEFINITIONAL_REPRESENTATION('',(#2567),#2571);
#2567 = LINE('',#2568,#2569);
#2568 = CARTESIAN_POINT('',(0.,1.5));
#2569 = VECTOR('',#2570,1.);
#2570 = DIRECTION('',(1.,0.));
#2571 = ( GEOMETRIC_REPRESENTATION_CONTEXT(2) 
PARAMETRIC_REPRESENTATION_CONTEXT() REPRESENTATION_CONTEXT('2D SPACE',''
  ) );
#2572 = PCURVE('',#2421,#2573);
#2573 = DEFINITIONAL_REPRESENTATION('',(#2574),#2578);
#2574 = LINE('',#2575,#2576);
#2575 = CARTESIAN_POINT('',(-8.,-13.85640646055));
#2576 = VECTOR('',#2577,1.);
#2577 = DIRECTION('',(1.,-2.22044604925E-16));
#2578 = ( GEOMETRIC_REPRESENTATION_CONTEXT(2) 
PARAMETRIC_REPRESENTATION_CONTEXT() REPRESENTATION_CONTEXT('2D SPACE',''
  ) );
#2579 = ORIENTED_EDGE('',*,*,#2580,.T.);
#2580 = EDGE_CURVE('',#2558,#2294,#2581,.T.);
#2581 = SURFACE_CURVE('',#2582,(#2586,#2593),.PCURVE_S1.);
#2582 = LINE('',#2583,#2584);
#2583 = CARTESIAN_POINT('',(-15.,-8.,-13.85640646055));
#2584 = VECTOR('',#2585,1.);
#2585 = DIRECTION('',(-1.,0.,0.));
#2586 = PCURVE('',#2337,#2587);
#2587 = DEFINITIONAL_REPRESENTATION('',(#2588),#2592);
#2588 = LINE('',#2589,#2590);
#2589 = CARTESIAN_POINT('',(0.,1.5));
#2590 = VECTOR('',#2591,1.);
#2591 = DIRECTION('',(0.,-1.));
#2592 = ( GEOMETRIC_REPRESENTATION_CONTEXT(2) 
PARAMETRIC_REPRESENTATION_CONTEXT() REPRESENTATION_CONTEXT('2D SPACE',''
  ) );
#2593 = PCURVE('',#2309,#2594);
#2594 = DEFINITIONAL_REPRESENTATION('',(#2595),#2599);
#2595 = LINE('',#2596,#2597);
#2596 = CARTESIAN_POINT('',(16.,1.5));
#2597 = VECTOR('',#2598,1.);
#2598 = DIRECTION('',(0.,-1.));
#2599 = ( GEOMETRIC_REPRESENTATION_CONTEXT(2) 
PARAMETRIC_REPRESENTATION_CONTEXT() REPRESENTATION_CONTEXT('2D SPACE',''
  ) );
#2600 = ADVANCED_FACE('',(#2601),#2281,.T.);
#2601 = FACE_BOUND('',#2602,.T.);
#2602 = EDGE_LOOP('',(#2603,#2604,#2605,#2628));
#2603 = ORIENTED_EDGE('',*,*,#2508,.F.);
#2604 = ORIENTED_EDGE('',*,*,#2265,.T.);
#2605 = ORIENTED_EDGE('',*,*,#2606,.T.);
#2606 = EDGE_CURVE('',#2266,#2607,#2609,.T.);
#2607 = VERTEX_POINT('',#2608);
#2608 = CARTESIAN_POINT('',(-15.,-16.,1.959434878636E-15));
#2609 = SURFACE_CURVE('',#2610,(#2614,#2621),.PCURVE_S1.);
#2610 = LINE('',#2611,#2612);
#2611 = CARTESIAN_POINT('',(-18.,-16.,1.959434878636E-15));
#2612 = VECTOR('',#2613,1.);
#2613 = DIRECTION('',(1.,0.,0.));
#2614 = PCURVE('',#2281,#2615);
#2615 = DEFINITIONAL_REPRESENTATION('',(#2616),#2620);
#2616 = LINE('',#2617,#2618);
#2617 = CARTESIAN_POINT('',(16.,-1.5));
#2618 = VECTOR('',#2619,1.);
#2619 = DIRECTION('',(0.,1.));
#2620 = ( GEOMETRIC_REPRESENTATION_CONTEXT(2) 
PARAMETRIC_REPRESENTATION_CONTEXT() REPRESENTATION_CONTEXT('2D SPACE',''
  ) );
#2621 = PCURVE('',#2309,#2622);
#2622 = DEFINITIONAL_REPRESENTATION('',(#2623),#2627);
#2623 = LINE('',#2624,#2625);
#2624 = CARTESIAN_POINT('',(0.,-1.5));
#2625 = VECTOR('',#2626,1.);
#2626 = DIRECTION('',(0.,1.));
#2627 = ( GEOMETRIC_REPRESENTATION_CONTEXT(2) 
PARAMETRIC_REPRESENTATION_CONTEXT() REPRESENTATION_CONTEXT('2D SPACE',''
  ) );
#2628 = ORIENTED_EDGE('',*,*,#2629,.F.);
#2629 = EDGE_CURVE('',#2509,#2607,#2630,.T.);
#2630 = SURFACE_CURVE('',#2631,(#2635,#2642),.PCURVE_S1.);
#2631 = LINE('',#2632,#2633);
#2632 = CARTESIAN_POINT('',(-15.,-8.,13.856406460551));
#2633 = VECTOR('',#2634,1.);
#2634 = DIRECTION('',(0.,-0.5,-0.866025403784));
#2635 = PCURVE('',#2281,#2636);
#2636 = DEFINITIONAL_REPRESENTATION('',(#2637),#2641);
#2637 = LINE('',#2638,#2639);
#2638 = CARTESIAN_POINT('',(0.,1.5));
#2639 = VECTOR('',#2640,1.);
#2640 = DIRECTION('',(1.,0.));
#2641 = ( GEOMETRIC_REPRESENTATION_CONTEXT(2) 
PARAMETRIC_REPRESENTATION_CONTEXT() REPRESENTATION_CONTEXT('2D SPACE',''
  ) );
#2642 = PCURVE('',#2421,#2643);
#2643 = DEFINITIONAL_REPRESENTATION('',(#2644),#2648);
#2644 = LINE('',#2645,#2646);
#2645 = CARTESIAN_POINT('',(-8.,13.856406460551));
#2646 = VECTOR('',#2647,1.);
#2647 = DIRECTION('',(-0.5,-0.866025403784));
#2648 = ( GEOMETRIC_REPRESENTATION_CONTEXT(2) 
PARAMETRIC_REPRESENTATION_CONTEXT() REPRESENTATION_CONTEXT('2D SPACE',''
  ) );
#2649 = ADVANCED_FACE('',(#2650),#2309,.T.);
#2650 = FACE_BOUND('',#2651,.T.);
#2651 = EDGE_LOOP('',(#2652,#2653,#2654,#2655));
#2652 = ORIENTED_EDGE('',*,*,#2606,.F.);
#2653 = ORIENTED_EDGE('',*,*,#2293,.T.);
#2654 = ORIENTED_EDGE('',*,*,#2580,.F.);
#2655 = ORIENTED_EDGE('',*,*,#2656,.F.);
#2656 = EDGE_CURVE('',#2607,#2558,#2657,.T.);
#2657 = SURFACE_CURVE('',#2658,(#2662,#2669),.PCURVE_S1.);
#2658 = LINE('',#2659,#2660);
#2659 = CARTESIAN_POINT('',(-15.,-16.,1.959434878636E-15));
#2660 = VECTOR('',#2661,1.);
#2661 = DIRECTION('',(0.,0.5,-0.866025403784));
#2662 = PCURVE('',#2309,#2663);
#2663 = DEFINITIONAL_REPRESENTATION('',(#2664),#2668);
#2664 = LINE('',#2665,#2666);
#2665 = CARTESIAN_POINT('',(0.,1.5));
#2666 = VECTOR('',#2667,1.);
#2667 = DIRECTION('',(1.,0.));
#2668 = ( GEOMETRIC_REPRESENTATION_CONTEXT(2) 
PARAMETRIC_REPRESENTATION_CONTEXT() REPRESENTATION_CONTEXT('2D SPACE',''
  ) );
#2669 = PCURVE('',#2421,#2670);
#2670 = DEFINITIONAL_REPRESENTATION('',(#2671),#2675);
#2671 = LINE('',#2672,#2673);
#2672 = CARTESIAN_POINT('',(-16.,1.051424234745E-15));
#2673 = VECTOR('',#2674,1.);
#2674 = DIRECTION('',(0.5,-0.866025403784));
#2675 = ( GEOMETRIC_REPRESENTATION_CONTEXT(2) 
PARAMETRIC_REPRESENTATION_CONTEXT() REPRESENTATION_CONTEXT('2D SPACE',''
  ) );
#2676 = ADVANCED_FACE('',(#2677,#2685),#2421,.T.);
#2677 = FACE_BOUND('',#2678,.T.);
#2678 = EDGE_LOOP('',(#2679,#2680,#2681,#2682,#2683,#2684));
#2679 = ORIENTED_EDGE('',*,*,#2405,.T.);
#2680 = ORIENTED_EDGE('',*,*,#2531,.T.);
#2681 = ORIENTED_EDGE('',*,*,#2629,.T.);
#2682 = ORIENTED_EDGE('',*,*,#2656,.T.);
#2683 = ORIENTED_EDGE('',*,*,#2557,.T.);
#2684 = ORIENTED_EDGE('',*,*,#2459,.T.);
#2685 = FACE_BOUND('',#2686,.T.);
#2686 = EDGE_LOOP('',(#2687));
#2687 = ORIENTED_EDGE('',*,*,#2688,.F.);
#2688 = EDGE_CURVE('',#2689,#2689,#2691,.T.);
#2689 = VERTEX_POINT('',#2690);
#2690 = CARTESIAN_POINT('',(-15.,-9.797174393179E-16,-4.));
#2691 = SURFACE_CURVE('',#2692,(#2697,#2704),.PCURVE_S1.);
#2692 = CIRCLE('',#2693,4.);
#2693 = AXIS2_PLACEMENT_3D('',#2694,#2695,#2696);
#2694 = CARTESIAN_POINT('',(-15.,0.,-3.330669073875E-15));
#2695 = DIRECTION('',(1.,0.,2.22044604925E-16));
#2696 = DIRECTION('',(2.22044604925E-16,0.,-1.));
#2697 = PCURVE('',#2421,#2698);
#2698 = DEFINITIONAL_REPRESENTATION('',(#2699),#2703);
#2699 = CIRCLE('',#2700,4.);
#2700 = AXIS2_PLACEMENT_2D('',#2701,#2702);
#2701 = CARTESIAN_POINT('',(-1.480297366167E-16,-4.238679717767E-15));
#2702 = DIRECTION('',(0.,-1.));
#2703 = ( GEOMETRIC_REPRESENTATION_CONTEXT(2) 
PARAMETRIC_REPRESENTATION_CONTEXT() REPRESENTATION_CONTEXT('2D SPACE',''
  ) );
#2704 = PCURVE('',#2705,#2710);
#2705 = CYLINDRICAL_SURFACE('',#2706,4.);
#2706 = AXIS2_PLACEMENT_3D('',#2707,#2708,#2709);
#2707 = CARTESIAN_POINT('',(-60.,0.,-1.33226762955E-14));
#2708 = DIRECTION('',(1.,0.,2.22044604925E-16));
#2709 = DIRECTION('',(2.22044604925E-16,0.,-1.));
#2710 = DEFINITIONAL_REPRESENTATION('',(#2711),#2715);
#2711 = LINE('',#2712,#2713);
#2712 = CARTESIAN_POINT('',(0.,45.));
#2713 = VECTOR('',#2714,1.);
#2714 = DIRECTION('',(1.,0.));
#2715 = ( GEOMETRIC_REPRESENTATION_CONTEXT(2) 
PARAMETRIC_REPRESENTATION_CONTEXT() REPRESENTATION_CONTEXT('2D SPACE',''
  ) );
#2716 = ADVANCED_FACE('',(#2717),#2705,.T.);
#2717 = FACE_BOUND('',#2718,.T.);
#2718 = EDGE_LOOP('',(#2719,#2720,#2743,#2770));
#2719 = ORIENTED_EDGE('',*,*,#2688,.T.);
#2720 = ORIENTED_EDGE('',*,*,#2721,.T.);
#2721 = EDGE_CURVE('',#2689,#2722,#2724,.T.);
#2722 = VERTEX_POINT('',#2723);
#2723 = CARTESIAN_POINT('',(-8.,-9.797174393179E-16,-4.));
#2724 = SEAM_CURVE('',#2725,(#2729,#2736),.PCURVE_S1.);
#2725 = LINE('',#2726,#2727);
#2726 = CARTESIAN_POINT('',(-60.,-9.797174393179E-16,-4.));
#2727 = VECTOR('',#2728,1.);
#2728 = DIRECTION('',(1.,0.,2.22044604925E-16));
#2729 = PCURVE('',#2705,#2730);
#2730 = DEFINITIONAL_REPRESENTATION('',(#2731),#2735);
#2731 = LINE('',#2732,#2733);
#2732 = CARTESIAN_POINT('',(0.,-0.));
#2733 = VECTOR('',#2734,1.);
#2734 = DIRECTION('',(0.,1.));
#2735 = ( GEOMETRIC_REPRESENTATION_CONTEXT(2) 
PARAMETRIC_REPRESENTATION_CONTEXT() REPRESENTATION_CONTEXT('2D SPACE',''
  ) );
#2736 = PCURVE('',#2705,#2737);
#2737 = DEFINITIONAL_REPRESENTATION('',(#2738),#2742);
#2738 = LINE('',#2739,#2740);
#2739 = CARTESIAN_POINT('',(6.28318530718,-0.));
#2740 = VECTOR('',#2741,1.);
#2741 = DIRECTION('',(0.,1.));
#2742 = ( GEOMETRIC_REPRESENTATION_CONTEXT(2) 
PARAMETRIC_REPRESENTATION_CONTEXT() REPRESENTATION_CONTEXT('2D SPACE',''
  ) );
#2743 = ORIENTED_EDGE('',*,*,#2744,.F.);
#2744 = EDGE_CURVE('',#2722,#2722,#2745,.T.);
#2745 = SURFACE_CURVE('',#2746,(#2751,#2758),.PCURVE_S1.);
#2746 = CIRCLE('',#2747,4.);
#2747 = AXIS2_PLACEMENT_3D('',#2748,#2749,#2750);
#2748 = CARTESIAN_POINT('',(-8.,0.,-1.7763568394E-15));
#2749 = DIRECTION('',(1.,0.,2.22044604925E-16));
#2750 = DIRECTION('',(2.22044604925E-16,0.,-1.));
#2751 = PCURVE('',#2705,#2752);
#2752 = DEFINITIONAL_REPRESENTATION('',(#2753),#2757);
#2753 = LINE('',#2754,#2755);
#2754 = CARTESIAN_POINT('',(0.,52.));
#2755 = VECTOR('',#2756,1.);
#2756 = DIRECTION('',(1.,0.));
#2757 = ( GEOMETRIC_REPRESENTATION_CONTEXT(2) 
PARAMETRIC_REPRESENTATION_CONTEXT() REPRESENTATION_CONTEXT('2D SPACE',''
  ) );
#2758 = PCURVE('',#2759,#2764);
#2759 = PLANE('',#2760);
#2760 = AXIS2_PLACEMENT_3D('',#2761,#2762,#2763);
#2761 = CARTESIAN_POINT('',(-8.,1.480297366167E-16,9.080106438912E-16));
#2762 = DIRECTION('',(1.,0.,0.));
#2763 = DIRECTION('',(0.,1.,0.));
#2764 = DEFINITIONAL_REPRESENTATION('',(#2765),#2769);
#2765 = CIRCLE('',#2766,4.);
#2766 = AXIS2_PLACEMENT_2D('',#2767,#2768);
#2767 = CARTESIAN_POINT('',(-1.480297366167E-16,-2.684367483291E-15));
#2768 = DIRECTION('',(0.,-1.));
#2769 = ( GEOMETRIC_REPRESENTATION_CONTEXT(2) 
PARAMETRIC_REPRESENTATION_CONTEXT() REPRESENTATION_CONTEXT('2D SPACE',''
  ) );
#2770 = ORIENTED_EDGE('',*,*,#2721,.F.);
#2771 = ADVANCED_FACE('',(#2772,#2942),#2759,.F.);
#2772 = FACE_BOUND('',#2773,.F.);
#2773 = EDGE_LOOP('',(#2774,#2804,#2832,#2860,#2888,#2916));
#2774 = ORIENTED_EDGE('',*,*,#2775,.T.);
#2775 = EDGE_CURVE('',#2776,#2778,#2780,.T.);
#2776 = VERTEX_POINT('',#2777);
#2777 = CARTESIAN_POINT('',(-8.,16.,0.));
#2778 = VERTEX_POINT('',#2779);
#2779 = CARTESIAN_POINT('',(-8.,8.,13.856406460551));
#2780 = SURFACE_CURVE('',#2781,(#2785,#2792),.PCURVE_S1.);
#2781 = LINE('',#2782,#2783);
#2782 = CARTESIAN_POINT('',(-8.,16.,0.));
#2783 = VECTOR('',#2784,1.);
#2784 = DIRECTION('',(0.,-0.5,0.866025403784));
#2785 = PCURVE('',#2759,#2786);
#2786 = DEFINITIONAL_REPRESENTATION('',(#2787),#2791);
#2787 = LINE('',#2788,#2789);
#2788 = CARTESIAN_POINT('',(16.,-9.080106438912E-16));
#2789 = VECTOR('',#2790,1.);
#2790 = DIRECTION('',(-0.5,0.866025403784));
#2791 = ( GEOMETRIC_REPRESENTATION_CONTEXT(2) 
PARAMETRIC_REPRESENTATION_CONTEXT() REPRESENTATION_CONTEXT('2D SPACE',''
  ) );
#2792 = PCURVE('',#2793,#2798);
#2793 = PLANE('',#2794);
#2794 = AXIS2_PLACEMENT_3D('',#2795,#2796,#2797);
#2795 = CARTESIAN_POINT('',(0.,16.,0.));
#2796 = DIRECTION('',(-0.,0.866025403784,0.5));
#2797 = DIRECTION('',(0.,-0.5,0.866025403784));
#2798 = DEFINITIONAL_REPRESENTATION('',(#2799),#2803);
#2799 = LINE('',#2800,#2801);
#2800 = CARTESIAN_POINT('',(0.,-8.));
#2801 = VECTOR('',#2802,1.);
#2802 = DIRECTION('',(1.,0.));
#2803 = ( GEOMETRIC_REPRESENTATION_CONTEXT(2) 
PARAMETRIC_REPRESENTATION_CONTEXT() REPRESENTATION_CONTEXT('2D SPACE',''
  ) );
#2804 = ORIENTED_EDGE('',*,*,#2805,.T.);
#2805 = EDGE_CURVE('',#2778,#2806,#2808,.T.);
#2806 = VERTEX_POINT('',#2807);
#2807 = CARTESIAN_POINT('',(-8.,-8.,13.856406460551));
#2808 = SURFACE_CURVE('',#2809,(#2813,#2820),.PCURVE_S1.);
#2809 = LINE('',#2810,#2811);
#2810 = CARTESIAN_POINT('',(-8.,8.,13.856406460551));
#2811 = VECTOR('',#2812,1.);
#2812 = DIRECTION('',(0.,-1.,1.110223024625E-16));
#2813 = PCURVE('',#2759,#2814);
#2814 = DEFINITIONAL_REPRESENTATION('',(#2815),#2819);
#2815 = LINE('',#2816,#2817);
#2816 = CARTESIAN_POINT('',(8.,13.856406460551));
#2817 = VECTOR('',#2818,1.);
#2818 = DIRECTION('',(-1.,1.110223024625E-16));
#2819 = ( GEOMETRIC_REPRESENTATION_CONTEXT(2) 
PARAMETRIC_REPRESENTATION_CONTEXT() REPRESENTATION_CONTEXT('2D SPACE',''
  ) );
#2820 = PCURVE('',#2821,#2826);
#2821 = PLANE('',#2822);
#2822 = AXIS2_PLACEMENT_3D('',#2823,#2824,#2825);
#2823 = CARTESIAN_POINT('',(0.,8.,13.856406460551));
#2824 = DIRECTION('',(-0.,1.110223024625E-16,1.));
#2825 = DIRECTION('',(0.,-1.,1.110223024625E-16));
#2826 = DEFINITIONAL_REPRESENTATION('',(#2827),#2831);
#2827 = LINE('',#2828,#2829);
#2828 = CARTESIAN_POINT('',(0.,-8.));
#2829 = VECTOR('',#2830,1.);
#2830 = DIRECTION('',(1.,0.));
#2831 = ( GEOMETRIC_REPRESENTATION_CONTEXT(2) 
PARAMETRIC_REPRESENTATION_CONTEXT() REPRESENTATION_CONTEXT('2D SPACE',''
  ) );
#2832 = ORIENTED_EDGE('',*,*,#2833,.T.);
#2833 = EDGE_CURVE('',#2806,#2834,#2836,.T.);
#2834 = VERTEX_POINT('',#2835);
#2835 = CARTESIAN_POINT('',(-8.,-16.,1.959434878636E-15));
#2836 = SURFACE_CURVE('',#2837,(#2841,#2848),.PCURVE_S1.);
#2837 = LINE('',#2838,#2839);
#2838 = CARTESIAN_POINT('',(-8.,-8.,13.856406460551));
#2839 = VECTOR('',#2840,1.);
#2840 = DIRECTION('',(0.,-0.5,-0.866025403784));
#2841 = PCURVE('',#2759,#2842);
#2842 = DEFINITIONAL_REPRESENTATION('',(#2843),#2847);
#2843 = LINE('',#2844,#2845);
#2844 = CARTESIAN_POINT('',(-8.,13.856406460551));
#2845 = VECTOR('',#2846,1.);
#2846 = DIRECTION('',(-0.5,-0.866025403784));
#2847 = ( GEOMETRIC_REPRESENTATION_CONTEXT(2) 
PARAMETRIC_REPRESENTATION_CONTEXT() REPRESENTATION_CONTEXT('2D SPACE',''
  ) );
#2848 = PCURVE('',#2849,#2854);
#2849 = PLANE('',#2850);
#2850 = AXIS2_PLACEMENT_3D('',#2851,#2852,#2853);
#2851 = CARTESIAN_POINT('',(0.,-8.,13.856406460551));
#2852 = DIRECTION('',(0.,-0.866025403784,0.5));
#2853 = DIRECTION('',(0.,-0.5,-0.866025403784));
#2854 = DEFINITIONAL_REPRESENTATION('',(#2855),#2859);
#2855 = LINE('',#2856,#2857);
#2856 = CARTESIAN_POINT('',(-0.,-8.));
#2857 = VECTOR('',#2858,1.);
#2858 = DIRECTION('',(1.,0.));
#2859 = ( GEOMETRIC_REPRESENTATION_CONTEXT(2) 
PARAMETRIC_REPRESENTATION_CONTEXT() REPRESENTATION_CONTEXT('2D SPACE',''
  ) );
#2860 = ORIENTED_EDGE('',*,*,#2861,.T.);
#2861 = EDGE_CURVE('',#2834,#2862,#2864,.T.);
#2862 = VERTEX_POINT('',#2863);
#2863 = CARTESIAN_POINT('',(-8.,-8.,-13.85640646055));
#2864 = SURFACE_CURVE('',#2865,(#2869,#2876),.PCURVE_S1.);
#2865 = LINE('',#2866,#2867);
#2866 = CARTESIAN_POINT('',(-8.,-16.,1.959434878636E-15));
#2867 = VECTOR('',#2868,1.);
#2868 = DIRECTION('',(0.,0.5,-0.866025403784));
#2869 = PCURVE('',#2759,#2870);
#2870 = DEFINITIONAL_REPRESENTATION('',(#2871),#2875);
#2871 = LINE('',#2872,#2873);
#2872 = CARTESIAN_POINT('',(-16.,1.051424234745E-15));
#2873 = VECTOR('',#2874,1.);
#2874 = DIRECTION('',(0.5,-0.866025403784));
#2875 = ( GEOMETRIC_REPRESENTATION_CONTEXT(2) 
PARAMETRIC_REPRESENTATION_CONTEXT() REPRESENTATION_CONTEXT('2D SPACE',''
  ) );
#2876 = PCURVE('',#2877,#2882);
#2877 = PLANE('',#2878);
#2878 = AXIS2_PLACEMENT_3D('',#2879,#2880,#2881);
#2879 = CARTESIAN_POINT('',(0.,-16.,1.959434878636E-15));
#2880 = DIRECTION('',(0.,-0.866025403784,-0.5));
#2881 = DIRECTION('',(0.,0.5,-0.866025403784));
#2882 = DEFINITIONAL_REPRESENTATION('',(#2883),#2887);
#2883 = LINE('',#2884,#2885);
#2884 = CARTESIAN_POINT('',(0.,-8.));
#2885 = VECTOR('',#2886,1.);
#2886 = DIRECTION('',(1.,0.));
#2887 = ( GEOMETRIC_REPRESENTATION_CONTEXT(2) 
PARAMETRIC_REPRESENTATION_CONTEXT() REPRESENTATION_CONTEXT('2D SPACE',''
  ) );
#2888 = ORIENTED_EDGE('',*,*,#2889,.T.);
#2889 = EDGE_CURVE('',#2862,#2890,#2892,.T.);
#2890 = VERTEX_POINT('',#2891);
#2891 = CARTESIAN_POINT('',(-8.,8.,-13.85640646055));
#2892 = SURFACE_CURVE('',#2893,(#2897,#2904),.PCURVE_S1.);
#2893 = LINE('',#2894,#2895);
#2894 = CARTESIAN_POINT('',(-8.,-8.,-13.85640646055));
#2895 = VECTOR('',#2896,1.);
#2896 = DIRECTION('',(0.,1.,-2.22044604925E-16));
#2897 = PCURVE('',#2759,#2898);
#2898 = DEFINITIONAL_REPRESENTATION('',(#2899),#2903);
#2899 = LINE('',#2900,#2901);
#2900 = CARTESIAN_POINT('',(-8.,-13.85640646055));
#2901 = VECTOR('',#2902,1.);
#2902 = DIRECTION('',(1.,-2.22044604925E-16));
#2903 = ( GEOMETRIC_REPRESENTATION_CONTEXT(2) 
PARAMETRIC_REPRESENTATION_CONTEXT() REPRESENTATION_CONTEXT('2D SPACE',''
  ) );
#2904 = PCURVE('',#2905,#2910);
#2905 = PLANE('',#2906);
#2906 = AXIS2_PLACEMENT_3D('',#2907,#2908,#2909);
#2907 = CARTESIAN_POINT('',(0.,-8.,-13.85640646055));
#2908 = DIRECTION('',(0.,-2.22044604925E-16,-1.));
#2909 = DIRECTION('',(0.,1.,-2.22044604925E-16));
#2910 = DEFINITIONAL_REPRESENTATION('',(#2911),#2915);
#2911 = LINE('',#2912,#2913);
#2912 = CARTESIAN_POINT('',(0.,-8.));
#2913 = VECTOR('',#2914,1.);
#2914 = DIRECTION('',(1.,0.));
#2915 = ( GEOMETRIC_REPRESENTATION_CONTEXT(2) 
PARAMETRIC_REPRESENTATION_CONTEXT() REPRESENTATION_CONTEXT('2D SPACE',''
  ) );
#2916 = ORIENTED_EDGE('',*,*,#2917,.T.);
#2917 = EDGE_CURVE('',#2890,#2776,#2918,.T.);
#2918 = SURFACE_CURVE('',#2919,(#2923,#2930),.PCURVE_S1.);
#2919 = LINE('',#2920,#2921);
#2920 = CARTESIAN_POINT('',(-8.,8.,-13.85640646055));
#2921 = VECTOR('',#2922,1.);
#2922 = DIRECTION('',(0.,0.5,0.866025403784));
#2923 = PCURVE('',#2759,#2924);
#2924 = DEFINITIONAL_REPRESENTATION('',(#2925),#2929);
#2925 = LINE('',#2926,#2927);
#2926 = CARTESIAN_POINT('',(8.,-13.85640646055));
#2927 = VECTOR('',#2928,1.);
#2928 = DIRECTION('',(0.5,0.866025403784));
#2929 = ( GEOMETRIC_REPRESENTATION_CONTEXT(2) 
PARAMETRIC_REPRESENTATION_CONTEXT() REPRESENTATION_CONTEXT('2D SPACE',''
  ) );
#2930 = PCURVE('',#2931,#2936);
#2931 = PLANE('',#2932);
#2932 = AXIS2_PLACEMENT_3D('',#2933,#2934,#2935);
#2933 = CARTESIAN_POINT('',(0.,8.,-13.85640646055));
#2934 = DIRECTION('',(0.,0.866025403784,-0.5));
#2935 = DIRECTION('',(0.,0.5,0.866025403784));
#2936 = DEFINITIONAL_REPRESENTATION('',(#2937),#2941);
#2937 = LINE('',#2938,#2939);
#2938 = CARTESIAN_POINT('',(0.,-8.));
#2939 = VECTOR('',#2940,1.);
#2940 = DIRECTION('',(1.,0.));
#2941 = ( GEOMETRIC_REPRESENTATION_CONTEXT(2) 
PARAMETRIC_REPRESENTATION_CONTEXT() REPRESENTATION_CONTEXT('2D SPACE',''
  ) );
#2942 = FACE_BOUND('',#2943,.F.);
#2943 = EDGE_LOOP('',(#2944));
#2944 = ORIENTED_EDGE('',*,*,#2744,.F.);
#2945 = ADVANCED_FACE('',(#2946),#2793,.T.);
#2946 = FACE_BOUND('',#2947,.T.);
#2947 = EDGE_LOOP('',(#2948,#2949,#2972,#3000));
#2948 = ORIENTED_EDGE('',*,*,#2775,.T.);
#2949 = ORIENTED_EDGE('',*,*,#2950,.T.);
#2950 = EDGE_CURVE('',#2778,#2951,#2953,.T.);
#2951 = VERTEX_POINT('',#2952);
#2952 = CARTESIAN_POINT('',(8.,8.,13.856406460551));
#2953 = SURFACE_CURVE('',#2954,(#2958,#2965),.PCURVE_S1.);
#2954 = LINE('',#2955,#2956);
#2955 = CARTESIAN_POINT('',(-8.,8.,13.856406460551));
#2956 = VECTOR('',#2957,1.);
#2957 = DIRECTION('',(1.,0.,0.));
#2958 = PCURVE('',#2793,#2959);
#2959 = DEFINITIONAL_REPRESENTATION('',(#2960),#2964);
#2960 = LINE('',#2961,#2962);
#2961 = CARTESIAN_POINT('',(16.,-8.));
#2962 = VECTOR('',#2963,1.);
#2963 = DIRECTION('',(0.,1.));
#2964 = ( GEOMETRIC_REPRESENTATION_CONTEXT(2) 
PARAMETRIC_REPRESENTATION_CONTEXT() REPRESENTATION_CONTEXT('2D SPACE',''
  ) );
#2965 = PCURVE('',#2821,#2966);
#2966 = DEFINITIONAL_REPRESENTATION('',(#2967),#2971);
#2967 = LINE('',#2968,#2969);
#2968 = CARTESIAN_POINT('',(0.,-8.));
#2969 = VECTOR('',#2970,1.);
#2970 = DIRECTION('',(0.,1.));
#2971 = ( GEOMETRIC_REPRESENTATION_CONTEXT(2) 
PARAMETRIC_REPRESENTATION_CONTEXT() REPRESENTATION_CONTEXT('2D SPACE',''
  ) );
#2972 = ORIENTED_EDGE('',*,*,#2973,.F.);
#2973 = EDGE_CURVE('',#2974,#2951,#2976,.T.);
#2974 = VERTEX_POINT('',#2975);
#2975 = CARTESIAN_POINT('',(8.,16.,0.));
#2976 = SURFACE_CURVE('',#2977,(#2981,#2988),.PCURVE_S1.);
#2977 = LINE('',#2978,#2979);
#2978 = CARTESIAN_POINT('',(8.,16.,0.));
#2979 = VECTOR('',#2980,1.);
#2980 = DIRECTION('',(0.,-0.5,0.866025403784));
#2981 = PCURVE('',#2793,#2982);
#2982 = DEFINITIONAL_REPRESENTATION('',(#2983),#2987);
#2983 = LINE('',#2984,#2985);
#2984 = CARTESIAN_POINT('',(0.,8.));
#2985 = VECTOR('',#2986,1.);
#2986 = DIRECTION('',(1.,0.));
#2987 = ( GEOMETRIC_REPRESENTATION_CONTEXT(2) 
PARAMETRIC_REPRESENTATION_CONTEXT() REPRESENTATION_CONTEXT('2D SPACE',''
  ) );
#2988 = PCURVE('',#2989,#2994);
#2989 = PLANE('',#2990);
#2990 = AXIS2_PLACEMENT_3D('',#2991,#2992,#2993);
#2991 = CARTESIAN_POINT('',(8.,1.480297366167E-16,9.080106438912E-16));
#2992 = DIRECTION('',(1.,0.,0.));
#2993 = DIRECTION('',(0.,1.,0.));
#2994 = DEFINITIONAL_REPRESENTATION('',(#2995),#2999);
#2995 = LINE('',#2996,#2997);
#2996 = CARTESIAN_POINT('',(16.,-9.080106438912E-16));
#2997 = VECTOR('',#2998,1.);
#2998 = DIRECTION('',(-0.5,0.866025403784));
#2999 = ( GEOMETRIC_REPRESENTATION_CONTEXT(2) 
PARAMETRIC_REPRESENTATION_CONTEXT() REPRESENTATION_CONTEXT('2D SPACE',''
  ) );
#3000 = ORIENTED_EDGE('',*,*,#3001,.T.);
#3001 = EDGE_CURVE('',#2974,#2776,#3002,.T.);
#3002 = SURFACE_CURVE('',#3003,(#3007,#3014),.PCURVE_S1.);
#3003 = LINE('',#3004,#3005);
#3004 = CARTESIAN_POINT('',(8.,16.,0.));
#3005 = VECTOR('',#3006,1.);
#3006 = DIRECTION('',(-1.,0.,0.));
#3007 = PCURVE('',#2793,#3008);
#3008 = DEFINITIONAL_REPRESENTATION('',(#3009),#3013);
#3009 = LINE('',#3010,#3011);
#3010 = CARTESIAN_POINT('',(0.,8.));
#3011 = VECTOR('',#3012,1.);
#3012 = DIRECTION('',(0.,-1.));
#3013 = ( GEOMETRIC_REPRESENTATION_CONTEXT(2) 
PARAMETRIC_REPRESENTATION_CONTEXT() REPRESENTATION_CONTEXT('2D SPACE',''
  ) );
#3014 = PCURVE('',#2931,#3015);
#3015 = DEFINITIONAL_REPRESENTATION('',(#3016),#3020);
#3016 = LINE('',#3017,#3018);
#3017 = CARTESIAN_POINT('',(16.,8.));
#3018 = VECTOR('',#3019,1.);
#3019 = DIRECTION('',(0.,-1.));
#3020 = ( GEOMETRIC_REPRESENTATION_CONTEXT(2) 
PARAMETRIC_REPRESENTATION_CONTEXT() REPRESENTATION_CONTEXT('2D SPACE',''
  ) );
#3021 = ADVANCED_FACE('',(#3022),#2931,.T.);
#3022 = FACE_BOUND('',#3023,.T.);
#3023 = EDGE_LOOP('',(#3024,#3025,#3026,#3049));
#3024 = ORIENTED_EDGE('',*,*,#2917,.T.);
#3025 = ORIENTED_EDGE('',*,*,#3001,.F.);
#3026 = ORIENTED_EDGE('',*,*,#3027,.F.);
#3027 = EDGE_CURVE('',#3028,#2974,#3030,.T.);
#3028 = VERTEX_POINT('',#3029);
#3029 = CARTESIAN_POINT('',(8.,8.,-13.85640646055));
#3030 = SURFACE_CURVE('',#3031,(#3035,#3042),.PCURVE_S1.);
#3031 = LINE('',#3032,#3033);
#3032 = CARTESIAN_POINT('',(8.,8.,-13.85640646055));
#3033 = VECTOR('',#3034,1.);
#3034 = DIRECTION('',(0.,0.5,0.866025403784));
#3035 = PCURVE('',#2931,#3036);
#3036 = DEFINITIONAL_REPRESENTATION('',(#3037),#3041);
#3037 = LINE('',#3038,#3039);
#3038 = CARTESIAN_POINT('',(0.,8.));
#3039 = VECTOR('',#3040,1.);
#3040 = DIRECTION('',(1.,0.));
#3041 = ( GEOMETRIC_REPRESENTATION_CONTEXT(2) 
PARAMETRIC_REPRESENTATION_CONTEXT() REPRESENTATION_CONTEXT('2D SPACE',''
  ) );
#3042 = PCURVE('',#2989,#3043);
#3043 = DEFINITIONAL_REPRESENTATION('',(#3044),#3048);
#3044 = LINE('',#3045,#3046);
#3045 = CARTESIAN_POINT('',(8.,-13.85640646055));
#3046 = VECTOR('',#3047,1.);
#3047 = DIRECTION('',(0.5,0.866025403784));
#3048 = ( GEOMETRIC_REPRESENTATION_CONTEXT(2) 
PARAMETRIC_REPRESENTATION_CONTEXT() REPRESENTATION_CONTEXT('2D SPACE',''
  ) );
#3049 = ORIENTED_EDGE('',*,*,#3050,.T.);
#3050 = EDGE_CURVE('',#3028,#2890,#3051,.T.);
#3051 = SURFACE_CURVE('',#3052,(#3056,#3063),.PCURVE_S1.);
#3052 = LINE('',#3053,#3054);
#3053 = CARTESIAN_POINT('',(8.,8.,-13.85640646055));
#3054 = VECTOR('',#3055,1.);
#3055 = DIRECTION('',(-1.,0.,0.));
#3056 = PCURVE('',#2931,#3057);
#3057 = DEFINITIONAL_REPRESENTATION('',(#3058),#3062);
#3058 = LINE('',#3059,#3060);
#3059 = CARTESIAN_POINT('',(0.,8.));
#3060 = VECTOR('',#3061,1.);
#3061 = DIRECTION('',(0.,-1.));
#3062 = ( GEOMETRIC_REPRESENTATION_CONTEXT(2) 
PARAMETRIC_REPRESENTATION_CONTEXT() REPRESENTATION_CONTEXT('2D SPACE',''
  ) );
#3063 = PCURVE('',#2905,#3064);
#3064 = DEFINITIONAL_REPRESENTATION('',(#3065),#3069);
#3065 = LINE('',#3066,#3067);
#3066 = CARTESIAN_POINT('',(16.,8.));
#3067 = VECTOR('',#3068,1.);
#3068 = DIRECTION('',(0.,-1.));
#3069 = ( GEOMETRIC_REPRESENTATION_CONTEXT(2) 
PARAMETRIC_REPRESENTATION_CONTEXT() REPRESENTATION_CONTEXT('2D SPACE',''
  ) );
#3070 = ADVANCED_FACE('',(#3071),#2821,.T.);
#3071 = FACE_BOUND('',#3072,.T.);
#3072 = EDGE_LOOP('',(#3073,#3074,#3075,#3098));
#3073 = ORIENTED_EDGE('',*,*,#2950,.F.);
#3074 = ORIENTED_EDGE('',*,*,#2805,.T.);
#3075 = ORIENTED_EDGE('',*,*,#3076,.T.);
#3076 = EDGE_CURVE('',#2806,#3077,#3079,.T.);
#3077 = VERTEX_POINT('',#3078);
#3078 = CARTESIAN_POINT('',(8.,-8.,13.856406460551));
#3079 = SURFACE_CURVE('',#3080,(#3084,#3091),.PCURVE_S1.);
#3080 = LINE('',#3081,#3082);
#3081 = CARTESIAN_POINT('',(-8.,-8.,13.856406460551));
#3082 = VECTOR('',#3083,1.);
#3083 = DIRECTION('',(1.,0.,0.));
#3084 = PCURVE('',#2821,#3085);
#3085 = DEFINITIONAL_REPRESENTATION('',(#3086),#3090);
#3086 = LINE('',#3087,#3088);
#3087 = CARTESIAN_POINT('',(16.,-8.));
#3088 = VECTOR('',#3089,1.);
#3089 = DIRECTION('',(0.,1.));
#3090 = ( GEOMETRIC_REPRESENTATION_CONTEXT(2) 
PARAMETRIC_REPRESENTATION_CONTEXT() REPRESENTATION_CONTEXT('2D SPACE',''
  ) );
#3091 = PCURVE('',#2849,#3092);
#3092 = DEFINITIONAL_REPRESENTATION('',(#3093),#3097);
#3093 = LINE('',#3094,#3095);
#3094 = CARTESIAN_POINT('',(-0.,-8.));
#3095 = VECTOR('',#3096,1.);
#3096 = DIRECTION('',(0.,1.));
#3097 = ( GEOMETRIC_REPRESENTATION_CONTEXT(2) 
PARAMETRIC_REPRESENTATION_CONTEXT() REPRESENTATION_CONTEXT('2D SPACE',''
  ) );
#3098 = ORIENTED_EDGE('',*,*,#3099,.F.);
#3099 = EDGE_CURVE('',#2951,#3077,#3100,.T.);
#3100 = SURFACE_CURVE('',#3101,(#3105,#3112),.PCURVE_S1.);
#3101 = LINE('',#3102,#3103);
#3102 = CARTESIAN_POINT('',(8.,8.,13.856406460551));
#3103 = VECTOR('',#3104,1.);
#3104 = DIRECTION('',(0.,-1.,1.110223024625E-16));
#3105 = PCURVE('',#2821,#3106);
#3106 = DEFINITIONAL_REPRESENTATION('',(#3107),#3111);
#3107 = LINE('',#3108,#3109);
#3108 = CARTESIAN_POINT('',(0.,8.));
#3109 = VECTOR('',#3110,1.);
#3110 = DIRECTION('',(1.,0.));
#3111 = ( GEOMETRIC_REPRESENTATION_CONTEXT(2) 
PARAMETRIC_REPRESENTATION_CONTEXT() REPRESENTATION_CONTEXT('2D SPACE',''
  ) );
#3112 = PCURVE('',#2989,#3113);
#3113 = DEFINITIONAL_REPRESENTATION('',(#3114),#3118);
#3114 = LINE('',#3115,#3116);
#3115 = CARTESIAN_POINT('',(8.,13.856406460551));
#3116 = VECTOR('',#3117,1.);
#3117 = DIRECTION('',(-1.,1.110223024625E-16));
#3118 = ( GEOMETRIC_REPRESENTATION_CONTEXT(2) 
PARAMETRIC_REPRESENTATION_CONTEXT() REPRESENTATION_CONTEXT('2D SPACE',''
  ) );
#3119 = ADVANCED_FACE('',(#3120,#3168,#3274),#2905,.T.);
#3120 = FACE_BOUND('',#3121,.T.);
#3121 = EDGE_LOOP('',(#3122,#3123,#3124,#3147));
#3122 = ORIENTED_EDGE('',*,*,#2889,.T.);
#3123 = ORIENTED_EDGE('',*,*,#3050,.F.);
#3124 = ORIENTED_EDGE('',*,*,#3125,.F.);
#3125 = EDGE_CURVE('',#3126,#3028,#3128,.T.);
#3126 = VERTEX_POINT('',#3127);
#3127 = CARTESIAN_POINT('',(8.,-8.,-13.85640646055));
#3128 = SURFACE_CURVE('',#3129,(#3133,#3140),.PCURVE_S1.);
#3129 = LINE('',#3130,#3131);
#3130 = CARTESIAN_POINT('',(8.,-8.,-13.85640646055));
#3131 = VECTOR('',#3132,1.);
#3132 = DIRECTION('',(0.,1.,-2.22044604925E-16));
#3133 = PCURVE('',#2905,#3134);
#3134 = DEFINITIONAL_REPRESENTATION('',(#3135),#3139);
#3135 = LINE('',#3136,#3137);
#3136 = CARTESIAN_POINT('',(0.,8.));
#3137 = VECTOR('',#3138,1.);
#3138 = DIRECTION('',(1.,0.));
#3139 = ( GEOMETRIC_REPRESENTATION_CONTEXT(2) 
PARAMETRIC_REPRESENTATION_CONTEXT() REPRESENTATION_CONTEXT('2D SPACE',''
  ) );
#3140 = PCURVE('',#2989,#3141);
#3141 = DEFINITIONAL_REPRESENTATION('',(#3142),#3146);
#3142 = LINE('',#3143,#3144);
#3143 = CARTESIAN_POINT('',(-8.,-13.85640646055));
#3144 = VECTOR('',#3145,1.);
#3145 = DIRECTION('',(1.,-2.22044604925E-16));
#3146 = ( GEOMETRIC_REPRESENTATION_CONTEXT(2) 
PARAMETRIC_REPRESENTATION_CONTEXT() REPRESENTATION_CONTEXT('2D SPACE',''
  ) );
#3147 = ORIENTED_EDGE('',*,*,#3148,.T.);
#3148 = EDGE_CURVE('',#3126,#2862,#3149,.T.);
#3149 = SURFACE_CURVE('',#3150,(#3154,#3161),.PCURVE_S1.);
#3150 = LINE('',#3151,#3152);
#3151 = CARTESIAN_POINT('',(8.,-8.,-13.85640646055));
#3152 = VECTOR('',#3153,1.);
#3153 = DIRECTION('',(-1.,0.,0.));
#3154 = PCURVE('',#2905,#3155);
#3155 = DEFINITIONAL_REPRESENTATION('',(#3156),#3160);
#3156 = LINE('',#3157,#3158);
#3157 = CARTESIAN_POINT('',(0.,8.));
#3158 = VECTOR('',#3159,1.);
#3159 = DIRECTION('',(0.,-1.));
#3160 = ( GEOMETRIC_REPRESENTATION_CONTEXT(2) 
PARAMETRIC_REPRESENTATION_CONTEXT() REPRESENTATION_CONTEXT('2D SPACE',''
  ) );
#3161 = PCURVE('',#2877,#3162);
#3162 = DEFINITIONAL_REPRESENTATION('',(#3163),#3167);
#3163 = LINE('',#3164,#3165);
#3164 = CARTESIAN_POINT('',(16.,8.));
#3165 = VECTOR('',#3166,1.);
#3166 = DIRECTION('',(0.,-1.));
#3167 = ( GEOMETRIC_REPRESENTATION_CONTEXT(2) 
PARAMETRIC_REPRESENTATION_CONTEXT() REPRESENTATION_CONTEXT('2D SPACE',''
  ) );
#3168 = FACE_BOUND('',#3169,.T.);
#3169 = EDGE_LOOP('',(#3170,#3198,#3224,#3250));
#3170 = ORIENTED_EDGE('',*,*,#3171,.F.);
#3171 = EDGE_CURVE('',#3172,#3174,#3176,.T.);
#3172 = VERTEX_POINT('',#3173);
#3173 = CARTESIAN_POINT('',(-4.5,7.5,-13.85640646055));
#3174 = VERTEX_POINT('',#3175);
#3175 = CARTESIAN_POINT('',(-1.5,7.5,-13.85640646055));
#3176 = SURFACE_CURVE('',#3177,(#3181,#3187),.PCURVE_S1.);
#3177 = LINE('',#3178,#3179);
#3178 = CARTESIAN_POINT('',(-2.25,7.5,-13.85640646055));
#3179 = VECTOR('',#3180,1.);
#3180 = DIRECTION('',(1.,-0.,0.));
#3181 = PCURVE('',#2905,#3182);
#3182 = DEFINITIONAL_REPRESENTATION('',(#3183),#3186);
#3183 = B_SPLINE_CURVE_WITH_KNOTS('',1,(#3184,#3185),.UNSPECIFIED.,.F.,
  .F.,(2,2),(-2.25,0.75),.PIECEWISE_BEZIER_KNOTS.);
#3184 = CARTESIAN_POINT('',(15.5,-4.5));
#3185 = CARTESIAN_POINT('',(15.5,-1.5));
#3186 = ( GEOMETRIC_REPRESENTATION_CONTEXT(2) 
PARAMETRIC_REPRESENTATION_CONTEXT() REPRESENTATION_CONTEXT('2D SPACE',''
  ) );
#3187 = PCURVE('',#3188,#3193);
#3188 = PLANE('',#3189);
#3189 = AXIS2_PLACEMENT_3D('',#3190,#3191,#3192);
#3190 = CARTESIAN_POINT('',(-4.5,7.5,-28.));
#3191 = DIRECTION('',(0.,1.,0.));
#3192 = DIRECTION('',(0.,0.,1.));
#3193 = DEFINITIONAL_REPRESENTATION('',(#3194),#3197);
#3194 = B_SPLINE_CURVE_WITH_KNOTS('',1,(#3195,#3196),.UNSPECIFIED.,.F.,
  .F.,(2,2),(-2.25,0.75),.PIECEWISE_BEZIER_KNOTS.);
#3195 = CARTESIAN_POINT('',(14.143593539449,0.));
#3196 = CARTESIAN_POINT('',(14.143593539449,3.));
#3197 = ( GEOMETRIC_REPRESENTATION_CONTEXT(2) 
PARAMETRIC_REPRESENTATION_CONTEXT() REPRESENTATION_CONTEXT('2D SPACE',''
  ) );
#3198 = ORIENTED_EDGE('',*,*,#3199,.T.);
#3199 = EDGE_CURVE('',#3172,#3200,#3202,.T.);
#3200 = VERTEX_POINT('',#3201);
#3201 = CARTESIAN_POINT('',(-4.5,-7.5,-13.85640646055));
#3202 = SURFACE_CURVE('',#3203,(#3207,#3213),.PCURVE_S1.);
#3203 = LINE('',#3204,#3205);
#3204 = CARTESIAN_POINT('',(-4.5,-7.75,-13.85640646055));
#3205 = VECTOR('',#3206,1.);
#3206 = DIRECTION('',(0.,-1.,2.22044604925E-16));
#3207 = PCURVE('',#2905,#3208);
#3208 = DEFINITIONAL_REPRESENTATION('',(#3209),#3212);
#3209 = B_SPLINE_CURVE_WITH_KNOTS('',1,(#3210,#3211),.UNSPECIFIED.,.F.,
  .F.,(2,2),(-15.25,-0.25),.PIECEWISE_BEZIER_KNOTS.);
#3210 = CARTESIAN_POINT('',(15.5,-4.5));
#3211 = CARTESIAN_POINT('',(0.5,-4.5));
#3212 = ( GEOMETRIC_REPRESENTATION_CONTEXT(2) 
PARAMETRIC_REPRESENTATION_CONTEXT() REPRESENTATION_CONTEXT('2D SPACE',''
  ) );
#3213 = PCURVE('',#3214,#3219);
#3214 = PLANE('',#3215);
#3215 = AXIS2_PLACEMENT_3D('',#3216,#3217,#3218);
#3216 = CARTESIAN_POINT('',(-4.5,-7.5,-28.));
#3217 = DIRECTION('',(1.,0.,0.));
#3218 = DIRECTION('',(0.,0.,1.));
#3219 = DEFINITIONAL_REPRESENTATION('',(#3220),#3223);
#3220 = B_SPLINE_CURVE_WITH_KNOTS('',1,(#3221,#3222),.UNSPECIFIED.,.F.,
  .F.,(2,2),(-15.25,-0.25),.PIECEWISE_BEZIER_KNOTS.);
#3221 = CARTESIAN_POINT('',(14.143593539449,-15.));
#3222 = CARTESIAN_POINT('',(14.143593539449,0.));
#3223 = ( GEOMETRIC_REPRESENTATION_CONTEXT(2) 
PARAMETRIC_REPRESENTATION_CONTEXT() REPRESENTATION_CONTEXT('2D SPACE',''
  ) );
#3224 = ORIENTED_EDGE('',*,*,#3225,.T.);
#3225 = EDGE_CURVE('',#3200,#3226,#3228,.T.);
#3226 = VERTEX_POINT('',#3227);
#3227 = CARTESIAN_POINT('',(-1.5,-7.5,-13.85640646055));
#3228 = SURFACE_CURVE('',#3229,(#3233,#3239),.PCURVE_S1.);
#3229 = LINE('',#3230,#3231);
#3230 = CARTESIAN_POINT('',(-2.25,-7.5,-13.85640646055));
#3231 = VECTOR('',#3232,1.);
#3232 = DIRECTION('',(1.,-0.,0.));
#3233 = PCURVE('',#2905,#3234);
#3234 = DEFINITIONAL_REPRESENTATION('',(#3235),#3238);
#3235 = B_SPLINE_CURVE_WITH_KNOTS('',1,(#3236,#3237),.UNSPECIFIED.,.F.,
  .F.,(2,2),(-2.25,0.75),.PIECEWISE_BEZIER_KNOTS.);
#3236 = CARTESIAN_POINT('',(0.5,-4.5));
#3237 = CARTESIAN_POINT('',(0.5,-1.5));
#3238 = ( GEOMETRIC_REPRESENTATION_CONTEXT(2) 
PARAMETRIC_REPRESENTATION_CONTEXT() REPRESENTATION_CONTEXT('2D SPACE',''
  ) );
#3239 = PCURVE('',#3240,#3245);
#3240 = PLANE('',#3241);
#3241 = AXIS2_PLACEMENT_3D('',#3242,#3243,#3244);
#3242 = CARTESIAN_POINT('',(-4.5,-7.5,-28.));
#3243 = DIRECTION('',(0.,1.,0.));
#3244 = DIRECTION('',(0.,0.,1.));
#3245 = DEFINITIONAL_REPRESENTATION('',(#3246),#3249);
#3246 = B_SPLINE_CURVE_WITH_KNOTS('',1,(#3247,#3248),.UNSPECIFIED.,.F.,
  .F.,(2,2),(-2.25,0.75),.PIECEWISE_BEZIER_KNOTS.);
#3247 = CARTESIAN_POINT('',(14.143593539449,0.));
#3248 = CARTESIAN_POINT('',(14.143593539449,3.));
#3249 = ( GEOMETRIC_REPRESENTATION_CONTEXT(2) 
PARAMETRIC_REPRESENTATION_CONTEXT() REPRESENTATION_CONTEXT('2D SPACE',''
  ) );
#3250 = ORIENTED_EDGE('',*,*,#3251,.F.);
#3251 = EDGE_CURVE('',#3174,#3226,#3252,.T.);
#3252 = SURFACE_CURVE('',#3253,(#3257,#3263),.PCURVE_S1.);
#3253 = LINE('',#3254,#3255);
#3254 = CARTESIAN_POINT('',(-1.5,-7.75,-13.85640646055));
#3255 = VECTOR('',#3256,1.);
#3256 = DIRECTION('',(0.,-1.,2.22044604925E-16));
#3257 = PCURVE('',#2905,#3258);
#3258 = DEFINITIONAL_REPRESENTATION('',(#3259),#3262);
#3259 = B_SPLINE_CURVE_WITH_KNOTS('',1,(#3260,#3261),.UNSPECIFIED.,.F.,
  .F.,(2,2),(-15.25,-0.25),.PIECEWISE_BEZIER_KNOTS.);
#3260 = CARTESIAN_POINT('',(15.5,-1.5));
#3261 = CARTESIAN_POINT('',(0.5,-1.5));
#3262 = ( GEOMETRIC_REPRESENTATION_CONTEXT(2) 
PARAMETRIC_REPRESENTATION_CONTEXT() REPRESENTATION_CONTEXT('2D SPACE',''
  ) );
#3263 = PCURVE('',#3264,#3269);
#3264 = PLANE('',#3265);
#3265 = AXIS2_PLACEMENT_3D('',#3266,#3267,#3268);
#3266 = CARTESIAN_POINT('',(-1.5,-7.5,-28.));
#3267 = DIRECTION('',(1.,0.,0.));
#3268 = DIRECTION('',(0.,0.,1.));
#3269 = DEFINITIONAL_REPRESENTATION('',(#3270),#3273);
#3270 = B_SPLINE_CURVE_WITH_KNOTS('',1,(#3271,#3272),.UNSPECIFIED.,.F.,
  .F.,(2,2),(-15.25,-0.25),.PIECEWISE_BEZIER_KNOTS.);
#3271 = CARTESIAN_POINT('',(14.143593539449,-15.));
#3272 = CARTESIAN_POINT('',(14.143593539449,0.));
#3273 = ( GEOMETRIC_REPRESENTATION_CONTEXT(2) 
PARAMETRIC_REPRESENTATION_CONTEXT() REPRESENTATION_CONTEXT('2D SPACE',''
  ) );
#3274 = FACE_BOUND('',#3275,.T.);
#3275 = EDGE_LOOP('',(#3276,#3304,#3330,#3356));
#3276 = ORIENTED_EDGE('',*,*,#3277,.F.);
#3277 = EDGE_CURVE('',#3278,#3280,#3282,.T.);
#3278 = VERTEX_POINT('',#3279);
#3279 = CARTESIAN_POINT('',(1.5,7.5,-13.85640646055));
#3280 = VERTEX_POINT('',#3281);
#3281 = CARTESIAN_POINT('',(4.5,7.5,-13.85640646055));
#3282 = SURFACE_CURVE('',#3283,(#3287,#3293),.PCURVE_S1.);
#3283 = LINE('',#3284,#3285);
#3284 = CARTESIAN_POINT('',(0.75,7.5,-13.85640646055));
#3285 = VECTOR('',#3286,1.);
#3286 = DIRECTION('',(1.,-0.,0.));
#3287 = PCURVE('',#2905,#3288);
#3288 = DEFINITIONAL_REPRESENTATION('',(#3289),#3292);
#3289 = B_SPLINE_CURVE_WITH_KNOTS('',1,(#3290,#3291),.UNSPECIFIED.,.F.,
  .F.,(2,2),(0.75,3.75),.PIECEWISE_BEZIER_KNOTS.);
#3290 = CARTESIAN_POINT('',(15.5,1.5));
#3291 = CARTESIAN_POINT('',(15.5,4.5));
#3292 = ( GEOMETRIC_REPRESENTATION_CONTEXT(2) 
PARAMETRIC_REPRESENTATION_CONTEXT() REPRESENTATION_CONTEXT('2D SPACE',''
  ) );
#3293 = PCURVE('',#3294,#3299);
#3294 = PLANE('',#3295);
#3295 = AXIS2_PLACEMENT_3D('',#3296,#3297,#3298);
#3296 = CARTESIAN_POINT('',(1.5,7.5,-28.));
#3297 = DIRECTION('',(0.,1.,0.));
#3298 = DIRECTION('',(0.,0.,1.));
#3299 = DEFINITIONAL_REPRESENTATION('',(#3300),#3303);
#3300 = B_SPLINE_CURVE_WITH_KNOTS('',1,(#3301,#3302),.UNSPECIFIED.,.F.,
  .F.,(2,2),(0.75,3.75),.PIECEWISE_BEZIER_KNOTS.);
#3301 = CARTESIAN_POINT('',(14.143593539449,0.));
#3302 = CARTESIAN_POINT('',(14.143593539449,3.));
#3303 = ( GEOMETRIC_REPRESENTATION_CONTEXT(2) 
PARAMETRIC_REPRESENTATION_CONTEXT() REPRESENTATION_CONTEXT('2D SPACE',''
  ) );
#3304 = ORIENTED_EDGE('',*,*,#3305,.T.);
#3305 = EDGE_CURVE('',#3278,#3306,#3308,.T.);
#3306 = VERTEX_POINT('',#3307);
#3307 = CARTESIAN_POINT('',(1.5,-7.5,-13.85640646055));
#3308 = SURFACE_CURVE('',#3309,(#3313,#3319),.PCURVE_S1.);
#3309 = LINE('',#3310,#3311);
#3310 = CARTESIAN_POINT('',(1.5,-7.75,-13.85640646055));
#3311 = VECTOR('',#3312,1.);
#3312 = DIRECTION('',(0.,-1.,2.22044604925E-16));
#3313 = PCURVE('',#2905,#3314);
#3314 = DEFINITIONAL_REPRESENTATION('',(#3315),#3318);
#3315 = B_SPLINE_CURVE_WITH_KNOTS('',1,(#3316,#3317),.UNSPECIFIED.,.F.,
  .F.,(2,2),(-15.25,-0.25),.PIECEWISE_BEZIER_KNOTS.);
#3316 = CARTESIAN_POINT('',(15.5,1.5));
#3317 = CARTESIAN_POINT('',(0.5,1.5));
#3318 = ( GEOMETRIC_REPRESENTATION_CONTEXT(2) 
PARAMETRIC_REPRESENTATION_CONTEXT() REPRESENTATION_CONTEXT('2D SPACE',''
  ) );
#3319 = PCURVE('',#3320,#3325);
#3320 = PLANE('',#3321);
#3321 = AXIS2_PLACEMENT_3D('',#3322,#3323,#3324);
#3322 = CARTESIAN_POINT('',(1.5,-7.5,-28.));
#3323 = DIRECTION('',(1.,0.,0.));
#3324 = DIRECTION('',(0.,0.,1.));
#3325 = DEFINITIONAL_REPRESENTATION('',(#3326),#3329);
#3326 = B_SPLINE_CURVE_WITH_KNOTS('',1,(#3327,#3328),.UNSPECIFIED.,.F.,
  .F.,(2,2),(-15.25,-0.25),.PIECEWISE_BEZIER_KNOTS.);
#3327 = CARTESIAN_POINT('',(14.143593539449,-15.));
#3328 = CARTESIAN_POINT('',(14.143593539449,0.));
#3329 = ( GEOMETRIC_REPRESENTATION_CONTEXT(2) 
PARAMETRIC_REPRESENTATION_CONTEXT() REPRESENTATION_CONTEXT('2D SPACE',''
  ) );
#3330 = ORIENTED_EDGE('',*,*,#3331,.T.);
#3331 = EDGE_CURVE('',#3306,#3332,#3334,.T.);
#3332 = VERTEX_POINT('',#3333);
#3333 = CARTESIAN_POINT('',(4.5,-7.5,-13.85640646055));
#3334 = SURFACE_CURVE('',#3335,(#3339,#3345),.PCURVE_S1.);
#3335 = LINE('',#3336,#3337);
#3336 = CARTESIAN_POINT('',(0.75,-7.5,-13.85640646055));
#3337 = VECTOR('',#3338,1.);
#3338 = DIRECTION('',(1.,-0.,0.));
#3339 = PCURVE('',#2905,#3340);
#3340 = DEFINITIONAL_REPRESENTATION('',(#3341),#3344);
#3341 = B_SPLINE_CURVE_WITH_KNOTS('',1,(#3342,#3343),.UNSPECIFIED.,.F.,
  .F.,(2,2),(0.75,3.75),.PIECEWISE_BEZIER_KNOTS.);
#3342 = CARTESIAN_POINT('',(0.5,1.5));
#3343 = CARTESIAN_POINT('',(0.5,4.5));
#3344 = ( GEOMETRIC_REPRESENTATION_CONTEXT(2) 
PARAMETRIC_REPRESENTATION_CONTEXT() REPRESENTATION_CONTEXT('2D SPACE',''
  ) );
#3345 = PCURVE('',#3346,#3351);
#3346 = PLANE('',#3347);
#3347 = AXIS2_PLACEMENT_3D('',#3348,#3349,#3350);
#3348 = CARTESIAN_POINT('',(1.5,-7.5,-28.));
#3349 = DIRECTION('',(0.,1.,0.));
#3350 = DIRECTION('',(0.,0.,1.));
#3351 = DEFINITIONAL_REPRESENTATION('',(#3352),#3355);
#3352 = B_SPLINE_CURVE_WITH_KNOTS('',1,(#3353,#3354),.UNSPECIFIED.,.F.,
  .F.,(2,2),(0.75,3.75),.PIECEWISE_BEZIER_KNOTS.);
#3353 = CARTESIAN_POINT('',(14.143593539449,0.));
#3354 = CARTESIAN_POINT('',(14.143593539449,3.));
#3355 = ( GEOMETRIC_REPRESENTATION_CONTEXT(2) 
PARAMETRIC_REPRESENTATION_CONTEXT() REPRESENTATION_CONTEXT('2D SPACE',''
  ) );
#3356 = ORIENTED_EDGE('',*,*,#3357,.F.);
#3357 = EDGE_CURVE('',#3280,#3332,#3358,.T.);
#3358 = SURFACE_CURVE('',#3359,(#3363,#3369),.PCURVE_S1.);
#3359 = LINE('',#3360,#3361);
#3360 = CARTESIAN_POINT('',(4.5,-7.75,-13.85640646055));
#3361 = VECTOR('',#3362,1.);
#3362 = DIRECTION('',(0.,-1.,2.22044604925E-16));
#3363 = PCURVE('',#2905,#3364);
#3364 = DEFINITIONAL_REPRESENTATION('',(#3365),#3368);
#3365 = B_SPLINE_CURVE_WITH_KNOTS('',1,(#3366,#3367),.UNSPECIFIED.,.F.,
  .F.,(2,2),(-15.25,-0.25),.PIECEWISE_BEZIER_KNOTS.);
#3366 = CARTESIAN_POINT('',(15.5,4.5));
#3367 = CARTESIAN_POINT('',(0.5,4.5));
#3368 = ( GEOMETRIC_REPRESENTATION_CONTEXT(2) 
PARAMETRIC_REPRESENTATION_CONTEXT() REPRESENTATION_CONTEXT('2D SPACE',''
  ) );
#3369 = PCURVE('',#3370,#3375);
#3370 = PLANE('',#3371);
#3371 = AXIS2_PLACEMENT_3D('',#3372,#3373,#3374);
#3372 = CARTESIAN_POINT('',(4.5,-7.5,-28.));
#3373 = DIRECTION('',(1.,0.,0.));
#3374 = DIRECTION('',(0.,0.,1.));
#3375 = DEFINITIONAL_REPRESENTATION('',(#3376),#3379);
#3376 = B_SPLINE_CURVE_WITH_KNOTS('',1,(#3377,#3378),.UNSPECIFIED.,.F.,
  .F.,(2,2),(-15.25,-0.25),.PIECEWISE_BEZIER_KNOTS.);
#3377 = CARTESIAN_POINT('',(14.143593539449,-15.));
#3378 = CARTESIAN_POINT('',(14.143593539449,0.));
#3379 = ( GEOMETRIC_REPRESENTATION_CONTEXT(2) 
PARAMETRIC_REPRESENTATION_CONTEXT() REPRESENTATION_CONTEXT('2D SPACE',''
  ) );
#3380 = ADVANCED_FACE('',(#3381),#2849,.T.);
#3381 = FACE_BOUND('',#3382,.T.);
#3382 = EDGE_LOOP('',(#3383,#3384,#3385,#3408));
#3383 = ORIENTED_EDGE('',*,*,#3076,.F.);
#3384 = ORIENTED_EDGE('',*,*,#2833,.T.);
#3385 = ORIENTED_EDGE('',*,*,#3386,.T.);
#3386 = EDGE_CURVE('',#2834,#3387,#3389,.T.);
#3387 = VERTEX_POINT('',#3388);
#3388 = CARTESIAN_POINT('',(8.,-16.,1.959434878636E-15));
#3389 = SURFACE_CURVE('',#3390,(#3394,#3401),.PCURVE_S1.);
#3390 = LINE('',#3391,#3392);
#3391 = CARTESIAN_POINT('',(-8.,-16.,1.959434878636E-15));
#3392 = VECTOR('',#3393,1.);
#3393 = DIRECTION('',(1.,0.,0.));
#3394 = PCURVE('',#2849,#3395);
#3395 = DEFINITIONAL_REPRESENTATION('',(#3396),#3400);
#3396 = LINE('',#3397,#3398);
#3397 = CARTESIAN_POINT('',(16.,-8.));
#3398 = VECTOR('',#3399,1.);
#3399 = DIRECTION('',(0.,1.));
#3400 = ( GEOMETRIC_REPRESENTATION_CONTEXT(2) 
PARAMETRIC_REPRESENTATION_CONTEXT() REPRESENTATION_CONTEXT('2D SPACE',''
  ) );
#3401 = PCURVE('',#2877,#3402);
#3402 = DEFINITIONAL_REPRESENTATION('',(#3403),#3407);
#3403 = LINE('',#3404,#3405);
#3404 = CARTESIAN_POINT('',(0.,-8.));
#3405 = VECTOR('',#3406,1.);
#3406 = DIRECTION('',(0.,1.));
#3407 = ( GEOMETRIC_REPRESENTATION_CONTEXT(2) 
PARAMETRIC_REPRESENTATION_CONTEXT() REPRESENTATION_CONTEXT('2D SPACE',''
  ) );
#3408 = ORIENTED_EDGE('',*,*,#3409,.F.);
#3409 = EDGE_CURVE('',#3077,#3387,#3410,.T.);
#3410 = SURFACE_CURVE('',#3411,(#3415,#3422),.PCURVE_S1.);
#3411 = LINE('',#3412,#3413);
#3412 = CARTESIAN_POINT('',(8.,-8.,13.856406460551));
#3413 = VECTOR('',#3414,1.);
#3414 = DIRECTION('',(0.,-0.5,-0.866025403784));
#3415 = PCURVE('',#2849,#3416);
#3416 = DEFINITIONAL_REPRESENTATION('',(#3417),#3421);
#3417 = LINE('',#3418,#3419);
#3418 = CARTESIAN_POINT('',(0.,8.));
#3419 = VECTOR('',#3420,1.);
#3420 = DIRECTION('',(1.,0.));
#3421 = ( GEOMETRIC_REPRESENTATION_CONTEXT(2) 
PARAMETRIC_REPRESENTATION_CONTEXT() REPRESENTATION_CONTEXT('2D SPACE',''
  ) );
#3422 = PCURVE('',#2989,#3423);
#3423 = DEFINITIONAL_REPRESENTATION('',(#3424),#3428);
#3424 = LINE('',#3425,#3426);
#3425 = CARTESIAN_POINT('',(-8.,13.856406460551));
#3426 = VECTOR('',#3427,1.);
#3427 = DIRECTION('',(-0.5,-0.866025403784));
#3428 = ( GEOMETRIC_REPRESENTATION_CONTEXT(2) 
PARAMETRIC_REPRESENTATION_CONTEXT() REPRESENTATION_CONTEXT('2D SPACE',''
  ) );
#3429 = ADVANCED_FACE('',(#3430),#2877,.T.);
#3430 = FACE_BOUND('',#3431,.T.);
#3431 = EDGE_LOOP('',(#3432,#3433,#3434,#3435));
#3432 = ORIENTED_EDGE('',*,*,#3386,.F.);
#3433 = ORIENTED_EDGE('',*,*,#2861,.T.);
#3434 = ORIENTED_EDGE('',*,*,#3148,.F.);
#3435 = ORIENTED_EDGE('',*,*,#3436,.F.);
#3436 = EDGE_CURVE('',#3387,#3126,#3437,.T.);
#3437 = SURFACE_CURVE('',#3438,(#3442,#3449),.PCURVE_S1.);
#3438 = LINE('',#3439,#3440);
#3439 = CARTESIAN_POINT('',(8.,-16.,1.959434878636E-15));
#3440 = VECTOR('',#3441,1.);
#3441 = DIRECTION('',(0.,0.5,-0.866025403784));
#3442 = PCURVE('',#2877,#3443);
#3443 = DEFINITIONAL_REPRESENTATION('',(#3444),#3448);
#3444 = LINE('',#3445,#3446);
#3445 = CARTESIAN_POINT('',(0.,8.));
#3446 = VECTOR('',#3447,1.);
#3447 = DIRECTION('',(1.,0.));
#3448 = ( GEOMETRIC_REPRESENTATION_CONTEXT(2) 
PARAMETRIC_REPRESENTATION_CONTEXT() REPRESENTATION_CONTEXT('2D SPACE',''
  ) );
#3449 = PCURVE('',#2989,#3450);
#3450 = DEFINITIONAL_REPRESENTATION('',(#3451),#3455);
#3451 = LINE('',#3452,#3453);
#3452 = CARTESIAN_POINT('',(-16.,1.051424234745E-15));
#3453 = VECTOR('',#3454,1.);
#3454 = DIRECTION('',(0.5,-0.866025403784));
#3455 = ( GEOMETRIC_REPRESENTATION_CONTEXT(2) 
PARAMETRIC_REPRESENTATION_CONTEXT() REPRESENTATION_CONTEXT('2D SPACE',''
  ) );
#3456 = ADVANCED_FACE('',(#3457,#3465),#2989,.T.);
#3457 = FACE_BOUND('',#3458,.T.);
#3458 = EDGE_LOOP('',(#3459,#3460,#3461,#3462,#3463,#3464));
#3459 = ORIENTED_EDGE('',*,*,#2973,.T.);
#3460 = ORIENTED_EDGE('',*,*,#3099,.T.);
#3461 = ORIENTED_EDGE('',*,*,#3409,.T.);
#3462 = ORIENTED_EDGE('',*,*,#3436,.T.);
#3463 = ORIENTED_EDGE('',*,*,#3125,.T.);
#3464 = ORIENTED_EDGE('',*,*,#3027,.T.);
#3465 = FACE_BOUND('',#3466,.T.);
#3466 = EDGE_LOOP('',(#3467));
#3467 = ORIENTED_EDGE('',*,*,#3468,.F.);
#3468 = EDGE_CURVE('',#3469,#3469,#3471,.T.);
#3469 = VERTEX_POINT('',#3470);
#3470 = CARTESIAN_POINT('',(8.,-9.797174393179E-16,-4.));
#3471 = SURFACE_CURVE('',#3472,(#3477,#3484),.PCURVE_S1.);
#3472 = CIRCLE('',#3473,4.);
#3473 = AXIS2_PLACEMENT_3D('',#3474,#3475,#3476);
#3474 = CARTESIAN_POINT('',(8.,0.,1.7763568394E-15));
#3475 = DIRECTION('',(1.,0.,2.22044604925E-16));
#3476 = DIRECTION('',(2.22044604925E-16,0.,-1.));
#3477 = PCURVE('',#2989,#3478);
#3478 = DEFINITIONAL_REPRESENTATION('',(#3479),#3483);
#3479 = CIRCLE('',#3480,4.);
#3480 = AXIS2_PLACEMENT_2D('',#3481,#3482);
#3481 = CARTESIAN_POINT('',(-1.480297366167E-16,8.68346195509E-16));
#3482 = DIRECTION('',(0.,-1.));
#3483 = ( GEOMETRIC_REPRESENTATION_CONTEXT(2) 
PARAMETRIC_REPRESENTATION_CONTEXT() REPRESENTATION_CONTEXT('2D SPACE',''
  ) );
#3484 = PCURVE('',#3485,#3490);
#3485 = CYLINDRICAL_SURFACE('',#3486,4.);
#3486 = AXIS2_PLACEMENT_3D('',#3487,#3488,#3489);
#3487 = CARTESIAN_POINT('',(-60.,0.,-1.33226762955E-14));
#3488 = DIRECTION('',(1.,0.,2.22044604925E-16));
#3489 = DIRECTION('',(2.22044604925E-16,0.,-1.));
#3490 = DEFINITIONAL_REPRESENTATION('',(#3491),#3495);
#3491 = LINE('',#3492,#3493);
#3492 = CARTESIAN_POINT('',(0.,68.));
#3493 = VECTOR('',#3494,1.);
#3494 = DIRECTION('',(1.,0.));
#3495 = ( GEOMETRIC_REPRESENTATION_CONTEXT(2) 
PARAMETRIC_REPRESENTATION_CONTEXT() REPRESENTATION_CONTEXT('2D SPACE',''
  ) );
#3496 = ADVANCED_FACE('',(#3497),#3188,.T.);
#3497 = FACE_BOUND('',#3498,.T.);
#3498 = EDGE_LOOP('',(#3499,#3522,#3549,#3570));
#3499 = ORIENTED_EDGE('',*,*,#3500,.F.);
#3500 = EDGE_CURVE('',#3501,#3174,#3503,.T.);
#3501 = VERTEX_POINT('',#3502);
#3502 = CARTESIAN_POINT('',(-1.5,7.5,-28.));
#3503 = SURFACE_CURVE('',#3504,(#3508,#3515),.PCURVE_S1.);
#3504 = LINE('',#3505,#3506);
#3505 = CARTESIAN_POINT('',(-1.5,7.5,-28.));
#3506 = VECTOR('',#3507,1.);
#3507 = DIRECTION('',(0.,0.,1.));
#3508 = PCURVE('',#3188,#3509);
#3509 = DEFINITIONAL_REPRESENTATION('',(#3510),#3514);
#3510 = LINE('',#3511,#3512);
#3511 = CARTESIAN_POINT('',(0.,3.));
#3512 = VECTOR('',#3513,1.);
#3513 = DIRECTION('',(1.,0.));
#3514 = ( GEOMETRIC_REPRESENTATION_CONTEXT(2) 
PARAMETRIC_REPRESENTATION_CONTEXT() REPRESENTATION_CONTEXT('2D SPACE',''
  ) );
#3515 = PCURVE('',#3264,#3516);
#3516 = DEFINITIONAL_REPRESENTATION('',(#3517),#3521);
#3517 = LINE('',#3518,#3519);
#3518 = CARTESIAN_POINT('',(0.,-15.));
#3519 = VECTOR('',#3520,1.);
#3520 = DIRECTION('',(1.,0.));
#3521 = ( GEOMETRIC_REPRESENTATION_CONTEXT(2) 
PARAMETRIC_REPRESENTATION_CONTEXT() REPRESENTATION_CONTEXT('2D SPACE',''
  ) );
#3522 = ORIENTED_EDGE('',*,*,#3523,.F.);
#3523 = EDGE_CURVE('',#3524,#3501,#3526,.T.);
#3524 = VERTEX_POINT('',#3525);
#3525 = CARTESIAN_POINT('',(-4.5,7.5,-28.));
#3526 = SURFACE_CURVE('',#3527,(#3531,#3538),.PCURVE_S1.);
#3527 = LINE('',#3528,#3529);
#3528 = CARTESIAN_POINT('',(-4.5,7.5,-28.));
#3529 = VECTOR('',#3530,1.);
#3530 = DIRECTION('',(1.,0.,0.));
#3531 = PCURVE('',#3188,#3532);
#3532 = DEFINITIONAL_REPRESENTATION('',(#3533),#3537);
#3533 = LINE('',#3534,#3535);
#3534 = CARTESIAN_POINT('',(0.,0.));
#3535 = VECTOR('',#3536,1.);
#3536 = DIRECTION('',(0.,1.));
#3537 = ( GEOMETRIC_REPRESENTATION_CONTEXT(2) 
PARAMETRIC_REPRESENTATION_CONTEXT() REPRESENTATION_CONTEXT('2D SPACE',''
  ) );
#3538 = PCURVE('',#3539,#3544);
#3539 = CYLINDRICAL_SURFACE('',#3540,7.5);
#3540 = AXIS2_PLACEMENT_3D('',#3541,#3542,#3543);
#3541 = CARTESIAN_POINT('',(-4.5,0.,-28.));
#3542 = DIRECTION('',(1.,0.,2.22044604925E-16));
#3543 = DIRECTION('',(2.22044604925E-16,0.,-1.));
#3544 = DEFINITIONAL_REPRESENTATION('',(#3545),#3548);
#3545 = B_SPLINE_CURVE_WITH_KNOTS('',1,(#3546,#3547),.UNSPECIFIED.,.F.,
  .F.,(2,2),(0.,3.),.PIECEWISE_BEZIER_KNOTS.);
#3546 = CARTESIAN_POINT('',(7.853981633974,0.));
#3547 = CARTESIAN_POINT('',(7.853981633974,3.));
#3548 = ( GEOMETRIC_REPRESENTATION_CONTEXT(2) 
PARAMETRIC_REPRESENTATION_CONTEXT() REPRESENTATION_CONTEXT('2D SPACE',''
  ) );
#3549 = ORIENTED_EDGE('',*,*,#3550,.T.);
#3550 = EDGE_CURVE('',#3524,#3172,#3551,.T.);
#3551 = SURFACE_CURVE('',#3552,(#3556,#3563),.PCURVE_S1.);
#3552 = LINE('',#3553,#3554);
#3553 = CARTESIAN_POINT('',(-4.5,7.5,-28.));
#3554 = VECTOR('',#3555,1.);
#3555 = DIRECTION('',(0.,0.,1.));
#3556 = PCURVE('',#3188,#3557);
#3557 = DEFINITIONAL_REPRESENTATION('',(#3558),#3562);
#3558 = LINE('',#3559,#3560);
#3559 = CARTESIAN_POINT('',(0.,0.));
#3560 = VECTOR('',#3561,1.);
#3561 = DIRECTION('',(1.,0.));
#3562 = ( GEOMETRIC_REPRESENTATION_CONTEXT(2) 
PARAMETRIC_REPRESENTATION_CONTEXT() REPRESENTATION_CONTEXT('2D SPACE',''
  ) );
#3563 = PCURVE('',#3214,#3564);
#3564 = DEFINITIONAL_REPRESENTATION('',(#3565),#3569);
#3565 = LINE('',#3566,#3567);
#3566 = CARTESIAN_POINT('',(0.,-15.));
#3567 = VECTOR('',#3568,1.);
#3568 = DIRECTION('',(1.,0.));
#3569 = ( GEOMETRIC_REPRESENTATION_CONTEXT(2) 
PARAMETRIC_REPRESENTATION_CONTEXT() REPRESENTATION_CONTEXT('2D SPACE',''
  ) );
#3570 = ORIENTED_EDGE('',*,*,#3171,.T.);
#3571 = ADVANCED_FACE('',(#3572,#3621),#3264,.T.);
#3572 = FACE_BOUND('',#3573,.T.);
#3573 = EDGE_LOOP('',(#3574,#3575,#3576,#3599));
#3574 = ORIENTED_EDGE('',*,*,#3500,.T.);
#3575 = ORIENTED_EDGE('',*,*,#3251,.T.);
#3576 = ORIENTED_EDGE('',*,*,#3577,.F.);
#3577 = EDGE_CURVE('',#3578,#3226,#3580,.T.);
#3578 = VERTEX_POINT('',#3579);
#3579 = CARTESIAN_POINT('',(-1.5,-7.5,-28.));
#3580 = SURFACE_CURVE('',#3581,(#3585,#3592),.PCURVE_S1.);
#3581 = LINE('',#3582,#3583);
#3582 = CARTESIAN_POINT('',(-1.5,-7.5,-28.));
#3583 = VECTOR('',#3584,1.);
#3584 = DIRECTION('',(0.,0.,1.));
#3585 = PCURVE('',#3264,#3586);
#3586 = DEFINITIONAL_REPRESENTATION('',(#3587),#3591);
#3587 = LINE('',#3588,#3589);
#3588 = CARTESIAN_POINT('',(0.,0.));
#3589 = VECTOR('',#3590,1.);
#3590 = DIRECTION('',(1.,0.));
#3591 = ( GEOMETRIC_REPRESENTATION_CONTEXT(2) 
PARAMETRIC_REPRESENTATION_CONTEXT() REPRESENTATION_CONTEXT('2D SPACE',''
  ) );
#3592 = PCURVE('',#3240,#3593);
#3593 = DEFINITIONAL_REPRESENTATION('',(#3594),#3598);
#3594 = LINE('',#3595,#3596);
#3595 = CARTESIAN_POINT('',(0.,3.));
#3596 = VECTOR('',#3597,1.);
#3597 = DIRECTION('',(1.,0.));
#3598 = ( GEOMETRIC_REPRESENTATION_CONTEXT(2) 
PARAMETRIC_REPRESENTATION_CONTEXT() REPRESENTATION_CONTEXT('2D SPACE',''
  ) );
#3599 = ORIENTED_EDGE('',*,*,#3600,.T.);
#3600 = EDGE_CURVE('',#3578,#3501,#3601,.T.);
#3601 = SURFACE_CURVE('',#3602,(#3607,#3614),.PCURVE_S1.);
#3602 = CIRCLE('',#3603,7.5);
#3603 = AXIS2_PLACEMENT_3D('',#3604,#3605,#3606);
#3604 = CARTESIAN_POINT('',(-1.5,0.,-28.));
#3605 = DIRECTION('',(1.,0.,2.368475785867E-16));
#3606 = DIRECTION('',(0.,-1.,0.));
#3607 = PCURVE('',#3264,#3608);
#3608 = DEFINITIONAL_REPRESENTATION('',(#3609),#3613);
#3609 = CIRCLE('',#3610,7.5);
#3610 = AXIS2_PLACEMENT_2D('',#3611,#3612);
#3611 = CARTESIAN_POINT('',(0.,-7.5));
#3612 = DIRECTION('',(0.,1.));
#3613 = ( GEOMETRIC_REPRESENTATION_CONTEXT(2) 
PARAMETRIC_REPRESENTATION_CONTEXT() REPRESENTATION_CONTEXT('2D SPACE',''
  ) );
#3614 = PCURVE('',#3539,#3615);
#3615 = DEFINITIONAL_REPRESENTATION('',(#3616),#3620);
#3616 = LINE('',#3617,#3618);
#3617 = CARTESIAN_POINT('',(4.712388980385,3.));
#3618 = VECTOR('',#3619,1.);
#3619 = DIRECTION('',(1.,0.));
#3620 = ( GEOMETRIC_REPRESENTATION_CONTEXT(2) 
PARAMETRIC_REPRESENTATION_CONTEXT() REPRESENTATION_CONTEXT('2D SPACE',''
  ) );
#3621 = FACE_BOUND('',#3622,.T.);
#3622 = EDGE_LOOP('',(#3623));
#3623 = ORIENTED_EDGE('',*,*,#3624,.F.);
#3624 = EDGE_CURVE('',#3625,#3625,#3627,.T.);
#3625 = VERTEX_POINT('',#3626);
#3626 = CARTESIAN_POINT('',(-1.5,-6.123233995737E-16,-30.5));
#3627 = SURFACE_CURVE('',#3628,(#3633,#3640),.PCURVE_S1.);
#3628 = CIRCLE('',#3629,2.5);
#3629 = AXIS2_PLACEMENT_3D('',#3630,#3631,#3632);
#3630 = CARTESIAN_POINT('',(-1.5,0.,-28.));
#3631 = DIRECTION('',(1.,0.,2.22044604925E-16));
#3632 = DIRECTION('',(2.22044604925E-16,0.,-1.));
#3633 = PCURVE('',#3264,#3634);
#3634 = DEFINITIONAL_REPRESENTATION('',(#3635),#3639);
#3635 = CIRCLE('',#3636,2.5);
#3636 = AXIS2_PLACEMENT_2D('',#3637,#3638);
#3637 = CARTESIAN_POINT('',(0.,-7.5));
#3638 = DIRECTION('',(-1.,0.));
#3639 = ( GEOMETRIC_REPRESENTATION_CONTEXT(2) 
PARAMETRIC_REPRESENTATION_CONTEXT() REPRESENTATION_CONTEXT('2D SPACE',''
  ) );
#3640 = PCURVE('',#3641,#3646);
#3641 = CYLINDRICAL_SURFACE('',#3642,2.5);
#3642 = AXIS2_PLACEMENT_3D('',#3643,#3644,#3645);
#3643 = CARTESIAN_POINT('',(-5.5,0.,-28.));
#3644 = DIRECTION('',(1.,0.,2.22044604925E-16));
#3645 = DIRECTION('',(2.22044604925E-16,0.,-1.));
#3646 = DEFINITIONAL_REPRESENTATION('',(#3647),#3651);
#3647 = LINE('',#3648,#3649);
#3648 = CARTESIAN_POINT('',(0.,4.));
#3649 = VECTOR('',#3650,1.);
#3650 = DIRECTION('',(1.,0.));
#3651 = ( GEOMETRIC_REPRESENTATION_CONTEXT(2) 
PARAMETRIC_REPRESENTATION_CONTEXT() REPRESENTATION_CONTEXT('2D SPACE',''
  ) );
#3652 = ADVANCED_FACE('',(#3653),#3240,.F.);
#3653 = FACE_BOUND('',#3654,.F.);
#3654 = EDGE_LOOP('',(#3655,#3656,#3678,#3699));
#3655 = ORIENTED_EDGE('',*,*,#3577,.F.);
#3656 = ORIENTED_EDGE('',*,*,#3657,.F.);
#3657 = EDGE_CURVE('',#3658,#3578,#3660,.T.);
#3658 = VERTEX_POINT('',#3659);
#3659 = CARTESIAN_POINT('',(-4.5,-7.5,-28.));
#3660 = SURFACE_CURVE('',#3661,(#3665,#3672),.PCURVE_S1.);
#3661 = LINE('',#3662,#3663);
#3662 = CARTESIAN_POINT('',(-4.5,-7.5,-28.));
#3663 = VECTOR('',#3664,1.);
#3664 = DIRECTION('',(1.,0.,0.));
#3665 = PCURVE('',#3240,#3666);
#3666 = DEFINITIONAL_REPRESENTATION('',(#3667),#3671);
#3667 = LINE('',#3668,#3669);
#3668 = CARTESIAN_POINT('',(0.,0.));
#3669 = VECTOR('',#3670,1.);
#3670 = DIRECTION('',(0.,1.));
#3671 = ( GEOMETRIC_REPRESENTATION_CONTEXT(2) 
PARAMETRIC_REPRESENTATION_CONTEXT() REPRESENTATION_CONTEXT('2D SPACE',''
  ) );
#3672 = PCURVE('',#3539,#3673);
#3673 = DEFINITIONAL_REPRESENTATION('',(#3674),#3677);
#3674 = B_SPLINE_CURVE_WITH_KNOTS('',1,(#3675,#3676),.UNSPECIFIED.,.F.,
  .F.,(2,2),(0.,3.),.PIECEWISE_BEZIER_KNOTS.);
#3675 = CARTESIAN_POINT('',(4.712388980385,0.));
#3676 = CARTESIAN_POINT('',(4.712388980385,3.));
#3677 = ( GEOMETRIC_REPRESENTATION_CONTEXT(2) 
PARAMETRIC_REPRESENTATION_CONTEXT() REPRESENTATION_CONTEXT('2D SPACE',''
  ) );
#3678 = ORIENTED_EDGE('',*,*,#3679,.T.);
#3679 = EDGE_CURVE('',#3658,#3200,#3680,.T.);
#3680 = SURFACE_CURVE('',#3681,(#3685,#3692),.PCURVE_S1.);
#3681 = LINE('',#3682,#3683);
#3682 = CARTESIAN_POINT('',(-4.5,-7.5,-28.));
#3683 = VECTOR('',#3684,1.);
#3684 = DIRECTION('',(0.,0.,1.));
#3685 = PCURVE('',#3240,#3686);
#3686 = DEFINITIONAL_REPRESENTATION('',(#3687),#3691);
#3687 = LINE('',#3688,#3689);
#3688 = CARTESIAN_POINT('',(0.,0.));
#3689 = VECTOR('',#3690,1.);
#3690 = DIRECTION('',(1.,0.));
#3691 = ( GEOMETRIC_REPRESENTATION_CONTEXT(2) 
PARAMETRIC_REPRESENTATION_CONTEXT() REPRESENTATION_CONTEXT('2D SPACE',''
  ) );
#3692 = PCURVE('',#3214,#3693);
#3693 = DEFINITIONAL_REPRESENTATION('',(#3694),#3698);
#3694 = LINE('',#3695,#3696);
#3695 = CARTESIAN_POINT('',(0.,0.));
#3696 = VECTOR('',#3697,1.);
#3697 = DIRECTION('',(1.,0.));
#3698 = ( GEOMETRIC_REPRESENTATION_CONTEXT(2) 
PARAMETRIC_REPRESENTATION_CONTEXT() REPRESENTATION_CONTEXT('2D SPACE',''
  ) );
#3699 = ORIENTED_EDGE('',*,*,#3225,.T.);
#3700 = ADVANCED_FACE('',(#3701,#3732),#3214,.F.);
#3701 = FACE_BOUND('',#3702,.F.);
#3702 = EDGE_LOOP('',(#3703,#3704,#3705,#3706));
#3703 = ORIENTED_EDGE('',*,*,#3550,.T.);
#3704 = ORIENTED_EDGE('',*,*,#3199,.T.);
#3705 = ORIENTED_EDGE('',*,*,#3679,.F.);
#3706 = ORIENTED_EDGE('',*,*,#3707,.F.);
#3707 = EDGE_CURVE('',#3524,#3658,#3708,.T.);
#3708 = SURFACE_CURVE('',#3709,(#3714,#3725),.PCURVE_S1.);
#3709 = CIRCLE('',#3710,7.5);
#3710 = AXIS2_PLACEMENT_3D('',#3711,#3712,#3713);
#3711 = CARTESIAN_POINT('',(-4.5,0.,-28.));
#3712 = DIRECTION('',(-1.,0.,-2.368475785867E-16));
#3713 = DIRECTION('',(0.,1.,0.));
#3714 = PCURVE('',#3214,#3715);
#3715 = DEFINITIONAL_REPRESENTATION('',(#3716),#3724);
#3716 = ( BOUNDED_CURVE() B_SPLINE_CURVE(2,(#3717,#3718,#3719,#3720,
#3721,#3722,#3723),.UNSPECIFIED.,.T.,.F.) B_SPLINE_CURVE_WITH_KNOTS((1,2
    ,2,2,2,1),(-2.094395102393,0.,2.094395102393,4.188790204786,
6.28318530718,8.377580409573),.UNSPECIFIED.) CURVE() 
GEOMETRIC_REPRESENTATION_ITEM() RATIONAL_B_SPLINE_CURVE((1.,0.5,1.,0.5,
1.,0.5,1.)) REPRESENTATION_ITEM('') );
#3717 = CARTESIAN_POINT('',(0.,-15.));
#3718 = CARTESIAN_POINT('',(-12.99038105676,-15.));
#3719 = CARTESIAN_POINT('',(-6.495190528383,-3.75));
#3720 = CARTESIAN_POINT('',(-1.836970198721E-15,7.5));
#3721 = CARTESIAN_POINT('',(6.495190528383,-3.75));
#3722 = CARTESIAN_POINT('',(12.990381056767,-15.));
#3723 = CARTESIAN_POINT('',(0.,-15.));
#3724 = ( GEOMETRIC_REPRESENTATION_CONTEXT(2) 
PARAMETRIC_REPRESENTATION_CONTEXT() REPRESENTATION_CONTEXT('2D SPACE',''
  ) );
#3725 = PCURVE('',#3539,#3726);
#3726 = DEFINITIONAL_REPRESENTATION('',(#3727),#3731);
#3727 = LINE('',#3728,#3729);
#3728 = CARTESIAN_POINT('',(7.853981633974,0.));
#3729 = VECTOR('',#3730,1.);
#3730 = DIRECTION('',(-1.,-0.));
#3731 = ( GEOMETRIC_REPRESENTATION_CONTEXT(2) 
PARAMETRIC_REPRESENTATION_CONTEXT() REPRESENTATION_CONTEXT('2D SPACE',''
  ) );
#3732 = FACE_BOUND('',#3733,.F.);
#3733 = EDGE_LOOP('',(#3734));
#3734 = ORIENTED_EDGE('',*,*,#3735,.F.);
#3735 = EDGE_CURVE('',#3736,#3736,#3738,.T.);
#3736 = VERTEX_POINT('',#3737);
#3737 = CARTESIAN_POINT('',(-4.5,-6.123233995737E-16,-30.5));
#3738 = SURFACE_CURVE('',#3739,(#3744,#3751),.PCURVE_S1.);
#3739 = CIRCLE('',#3740,2.5);
#3740 = AXIS2_PLACEMENT_3D('',#3741,#3742,#3743);
#3741 = CARTESIAN_POINT('',(-4.5,0.,-28.));
#3742 = DIRECTION('',(1.,0.,2.22044604925E-16));
#3743 = DIRECTION('',(2.22044604925E-16,0.,-1.));
#3744 = PCURVE('',#3214,#3745);
#3745 = DEFINITIONAL_REPRESENTATION('',(#3746),#3750);
#3746 = CIRCLE('',#3747,2.5);
#3747 = AXIS2_PLACEMENT_2D('',#3748,#3749);
#3748 = CARTESIAN_POINT('',(0.,-7.5));
#3749 = DIRECTION('',(-1.,0.));
#3750 = ( GEOMETRIC_REPRESENTATION_CONTEXT(2) 
PARAMETRIC_REPRESENTATION_CONTEXT() REPRESENTATION_CONTEXT('2D SPACE',''
  ) );
#3751 = PCURVE('',#3641,#3752);
#3752 = DEFINITIONAL_REPRESENTATION('',(#3753),#3757);
#3753 = LINE('',#3754,#3755);
#3754 = CARTESIAN_POINT('',(0.,1.));
#3755 = VECTOR('',#3756,1.);
#3756 = DIRECTION('',(1.,0.));
#3757 = ( GEOMETRIC_REPRESENTATION_CONTEXT(2) 
PARAMETRIC_REPRESENTATION_CONTEXT() REPRESENTATION_CONTEXT('2D SPACE',''
  ) );
#3758 = ADVANCED_FACE('',(#3759),#3294,.T.);
#3759 = FACE_BOUND('',#3760,.T.);
#3760 = EDGE_LOOP('',(#3761,#3784,#3811,#3832));
#3761 = ORIENTED_EDGE('',*,*,#3762,.F.);
#3762 = EDGE_CURVE('',#3763,#3280,#3765,.T.);
#3763 = VERTEX_POINT('',#3764);
#3764 = CARTESIAN_POINT('',(4.5,7.5,-28.));
#3765 = SURFACE_CURVE('',#3766,(#3770,#3777),.PCURVE_S1.);
#3766 = LINE('',#3767,#3768);
#3767 = CARTESIAN_POINT('',(4.5,7.5,-28.));
#3768 = VECTOR('',#3769,1.);
#3769 = DIRECTION('',(0.,0.,1.));
#3770 = PCURVE('',#3294,#3771);
#3771 = DEFINITIONAL_REPRESENTATION('',(#3772),#3776);
#3772 = LINE('',#3773,#3774);
#3773 = CARTESIAN_POINT('',(0.,3.));
#3774 = VECTOR('',#3775,1.);
#3775 = DIRECTION('',(1.,0.));
#3776 = ( GEOMETRIC_REPRESENTATION_CONTEXT(2) 
PARAMETRIC_REPRESENTATION_CONTEXT() REPRESENTATION_CONTEXT('2D SPACE',''
  ) );
#3777 = PCURVE('',#3370,#3778);
#3778 = DEFINITIONAL_REPRESENTATION('',(#3779),#3783);
#3779 = LINE('',#3780,#3781);
#3780 = CARTESIAN_POINT('',(0.,-15.));
#3781 = VECTOR('',#3782,1.);
#3782 = DIRECTION('',(1.,0.));
#3783 = ( GEOMETRIC_REPRESENTATION_CONTEXT(2) 
PARAMETRIC_REPRESENTATION_CONTEXT() REPRESENTATION_CONTEXT('2D SPACE',''
  ) );
#3784 = ORIENTED_EDGE('',*,*,#3785,.F.);
#3785 = EDGE_CURVE('',#3786,#3763,#3788,.T.);
#3786 = VERTEX_POINT('',#3787);
#3787 = CARTESIAN_POINT('',(1.5,7.5,-28.));
#3788 = SURFACE_CURVE('',#3789,(#3793,#3800),.PCURVE_S1.);
#3789 = LINE('',#3790,#3791);
#3790 = CARTESIAN_POINT('',(1.5,7.5,-28.));
#3791 = VECTOR('',#3792,1.);
#3792 = DIRECTION('',(1.,0.,0.));
#3793 = PCURVE('',#3294,#3794);
#3794 = DEFINITIONAL_REPRESENTATION('',(#3795),#3799);
#3795 = LINE('',#3796,#3797);
#3796 = CARTESIAN_POINT('',(0.,0.));
#3797 = VECTOR('',#3798,1.);
#3798 = DIRECTION('',(0.,1.));
#3799 = ( GEOMETRIC_REPRESENTATION_CONTEXT(2) 
PARAMETRIC_REPRESENTATION_CONTEXT() REPRESENTATION_CONTEXT('2D SPACE',''
  ) );
#3800 = PCURVE('',#3801,#3806);
#3801 = CYLINDRICAL_SURFACE('',#3802,7.5);
#3802 = AXIS2_PLACEMENT_3D('',#3803,#3804,#3805);
#3803 = CARTESIAN_POINT('',(1.5,0.,-28.));
#3804 = DIRECTION('',(1.,0.,2.22044604925E-16));
#3805 = DIRECTION('',(2.22044604925E-16,0.,-1.));
#3806 = DEFINITIONAL_REPRESENTATION('',(#3807),#3810);
#3807 = B_SPLINE_CURVE_WITH_KNOTS('',1,(#3808,#3809),.UNSPECIFIED.,.F.,
  .F.,(2,2),(0.,3.),.PIECEWISE_BEZIER_KNOTS.);
#3808 = CARTESIAN_POINT('',(7.853981633974,0.));
#3809 = CARTESIAN_POINT('',(7.853981633974,3.));
#3810 = ( GEOMETRIC_REPRESENTATION_CONTEXT(2) 
PARAMETRIC_REPRESENTATION_CONTEXT() REPRESENTATION_CONTEXT('2D SPACE',''
  ) );
#3811 = ORIENTED_EDGE('',*,*,#3812,.T.);
#3812 = EDGE_CURVE('',#3786,#3278,#3813,.T.);
#3813 = SURFACE_CURVE('',#3814,(#3818,#3825),.PCURVE_S1.);
#3814 = LINE('',#3815,#3816);
#3815 = CARTESIAN_POINT('',(1.5,7.5,-28.));
#3816 = VECTOR('',#3817,1.);
#3817 = DIRECTION('',(0.,0.,1.));
#3818 = PCURVE('',#3294,#3819);
#3819 = DEFINITIONAL_REPRESENTATION('',(#3820),#3824);
#3820 = LINE('',#3821,#3822);
#3821 = CARTESIAN_POINT('',(0.,0.));
#3822 = VECTOR('',#3823,1.);
#3823 = DIRECTION('',(1.,0.));
#3824 = ( GEOMETRIC_REPRESENTATION_CONTEXT(2) 
PARAMETRIC_REPRESENTATION_CONTEXT() REPRESENTATION_CONTEXT('2D SPACE',''
  ) );
#3825 = PCURVE('',#3320,#3826);
#3826 = DEFINITIONAL_REPRESENTATION('',(#3827),#3831);
#3827 = LINE('',#3828,#3829);
#3828 = CARTESIAN_POINT('',(0.,-15.));
#3829 = VECTOR('',#3830,1.);
#3830 = DIRECTION('',(1.,0.));
#3831 = ( GEOMETRIC_REPRESENTATION_CONTEXT(2) 
PARAMETRIC_REPRESENTATION_CONTEXT() REPRESENTATION_CONTEXT('2D SPACE',''
  ) );
#3832 = ORIENTED_EDGE('',*,*,#3277,.T.);
#3833 = ADVANCED_FACE('',(#3834,#3883),#3370,.T.);
#3834 = FACE_BOUND('',#3835,.T.);
#3835 = EDGE_LOOP('',(#3836,#3837,#3838,#3861));
#3836 = ORIENTED_EDGE('',*,*,#3762,.T.);
#3837 = ORIENTED_EDGE('',*,*,#3357,.T.);
#3838 = ORIENTED_EDGE('',*,*,#3839,.F.);
#3839 = EDGE_CURVE('',#3840,#3332,#3842,.T.);
#3840 = VERTEX_POINT('',#3841);
#3841 = CARTESIAN_POINT('',(4.5,-7.5,-28.));
#3842 = SURFACE_CURVE('',#3843,(#3847,#3854),.PCURVE_S1.);
#3843 = LINE('',#3844,#3845);
#3844 = CARTESIAN_POINT('',(4.5,-7.5,-28.));
#3845 = VECTOR('',#3846,1.);
#3846 = DIRECTION('',(0.,0.,1.));
#3847 = PCURVE('',#3370,#3848);
#3848 = DEFINITIONAL_REPRESENTATION('',(#3849),#3853);
#3849 = LINE('',#3850,#3851);
#3850 = CARTESIAN_POINT('',(0.,0.));
#3851 = VECTOR('',#3852,1.);
#3852 = DIRECTION('',(1.,0.));
#3853 = ( GEOMETRIC_REPRESENTATION_CONTEXT(2) 
PARAMETRIC_REPRESENTATION_CONTEXT() REPRESENTATION_CONTEXT('2D SPACE',''
  ) );
#3854 = PCURVE('',#3346,#3855);
#3855 = DEFINITIONAL_REPRESENTATION('',(#3856),#3860);
#3856 = LINE('',#3857,#3858);
#3857 = CARTESIAN_POINT('',(0.,3.));
#3858 = VECTOR('',#3859,1.);
#3859 = DIRECTION('',(1.,0.));
#3860 = ( GEOMETRIC_REPRESENTATION_CONTEXT(2) 
PARAMETRIC_REPRESENTATION_CONTEXT() REPRESENTATION_CONTEXT('2D SPACE',''
  ) );
#3861 = ORIENTED_EDGE('',*,*,#3862,.T.);
#3862 = EDGE_CURVE('',#3840,#3763,#3863,.T.);
#3863 = SURFACE_CURVE('',#3864,(#3869,#3876),.PCURVE_S1.);
#3864 = CIRCLE('',#3865,7.5);
#3865 = AXIS2_PLACEMENT_3D('',#3866,#3867,#3868);
#3866 = CARTESIAN_POINT('',(4.5,0.,-28.));
#3867 = DIRECTION('',(1.,0.,2.368475785867E-16));
#3868 = DIRECTION('',(0.,-1.,0.));
#3869 = PCURVE('',#3370,#3870);
#3870 = DEFINITIONAL_REPRESENTATION('',(#3871),#3875);
#3871 = CIRCLE('',#3872,7.5);
#3872 = AXIS2_PLACEMENT_2D('',#3873,#3874);
#3873 = CARTESIAN_POINT('',(0.,-7.5));
#3874 = DIRECTION('',(0.,1.));
#3875 = ( GEOMETRIC_REPRESENTATION_CONTEXT(2) 
PARAMETRIC_REPRESENTATION_CONTEXT() REPRESENTATION_CONTEXT('2D SPACE',''
  ) );
#3876 = PCURVE('',#3801,#3877);
#3877 = DEFINITIONAL_REPRESENTATION('',(#3878),#3882);
#3878 = LINE('',#3879,#3880);
#3879 = CARTESIAN_POINT('',(4.712388980385,3.));
#3880 = VECTOR('',#3881,1.);
#3881 = DIRECTION('',(1.,0.));
#3882 = ( GEOMETRIC_REPRESENTATION_CONTEXT(2) 
PARAMETRIC_REPRESENTATION_CONTEXT() REPRESENTATION_CONTEXT('2D SPACE',''
  ) );
#3883 = FACE_BOUND('',#3884,.T.);
#3884 = EDGE_LOOP('',(#3885));
#3885 = ORIENTED_EDGE('',*,*,#3886,.F.);
#3886 = EDGE_CURVE('',#3887,#3887,#3889,.T.);
#3887 = VERTEX_POINT('',#3888);
#3888 = CARTESIAN_POINT('',(4.5,-6.123233995737E-16,-30.5));
#3889 = SURFACE_CURVE('',#3890,(#3895,#3902),.PCURVE_S1.);
#3890 = CIRCLE('',#3891,2.5);
#3891 = AXIS2_PLACEMENT_3D('',#3892,#3893,#3894);
#3892 = CARTESIAN_POINT('',(4.5,0.,-28.));
#3893 = DIRECTION('',(1.,0.,2.22044604925E-16));
#3894 = DIRECTION('',(2.22044604925E-16,0.,-1.));
#3895 = PCURVE('',#3370,#3896);
#3896 = DEFINITIONAL_REPRESENTATION('',(#3897),#3901);
#3897 = CIRCLE('',#3898,2.5);
#3898 = AXIS2_PLACEMENT_2D('',#3899,#3900);
#3899 = CARTESIAN_POINT('',(0.,-7.5));
#3900 = DIRECTION('',(-1.,0.));
#3901 = ( GEOMETRIC_REPRESENTATION_CONTEXT(2) 
PARAMETRIC_REPRESENTATION_CONTEXT() REPRESENTATION_CONTEXT('2D SPACE',''
  ) );
#3902 = PCURVE('',#3903,#3908);
#3903 = CYLINDRICAL_SURFACE('',#3904,2.5);
#3904 = AXIS2_PLACEMENT_3D('',#3905,#3906,#3907);
#3905 = CARTESIAN_POINT('',(0.5,0.,-28.));
#3906 = DIRECTION('',(1.,0.,2.22044604925E-16));
#3907 = DIRECTION('',(2.22044604925E-16,0.,-1.));
#3908 = DEFINITIONAL_REPRESENTATION('',(#3909),#3913);
#3909 = LINE('',#3910,#3911);
#3910 = CARTESIAN_POINT('',(0.,4.));
#3911 = VECTOR('',#3912,1.);
#3912 = DIRECTION('',(1.,0.));
#3913 = ( GEOMETRIC_REPRESENTATION_CONTEXT(2) 
PARAMETRIC_REPRESENTATION_CONTEXT() REPRESENTATION_CONTEXT('2D SPACE',''
  ) );
#3914 = ADVANCED_FACE('',(#3915),#3346,.F.);
#3915 = FACE_BOUND('',#3916,.F.);
#3916 = EDGE_LOOP('',(#3917,#3918,#3940,#3961));
#3917 = ORIENTED_EDGE('',*,*,#3839,.F.);
#3918 = ORIENTED_EDGE('',*,*,#3919,.F.);
#3919 = EDGE_CURVE('',#3920,#3840,#3922,.T.);
#3920 = VERTEX_POINT('',#3921);
#3921 = CARTESIAN_POINT('',(1.5,-7.5,-28.));
#3922 = SURFACE_CURVE('',#3923,(#3927,#3934),.PCURVE_S1.);
#3923 = LINE('',#3924,#3925);
#3924 = CARTESIAN_POINT('',(1.5,-7.5,-28.));
#3925 = VECTOR('',#3926,1.);
#3926 = DIRECTION('',(1.,0.,0.));
#3927 = PCURVE('',#3346,#3928);
#3928 = DEFINITIONAL_REPRESENTATION('',(#3929),#3933);
#3929 = LINE('',#3930,#3931);
#3930 = CARTESIAN_POINT('',(0.,0.));
#3931 = VECTOR('',#3932,1.);
#3932 = DIRECTION('',(0.,1.));
#3933 = ( GEOMETRIC_REPRESENTATION_CONTEXT(2) 
PARAMETRIC_REPRESENTATION_CONTEXT() REPRESENTATION_CONTEXT('2D SPACE',''
  ) );
#3934 = PCURVE('',#3801,#3935);
#3935 = DEFINITIONAL_REPRESENTATION('',(#3936),#3939);
#3936 = B_SPLINE_CURVE_WITH_KNOTS('',1,(#3937,#3938),.UNSPECIFIED.,.F.,
  .F.,(2,2),(0.,3.),.PIECEWISE_BEZIER_KNOTS.);
#3937 = CARTESIAN_POINT('',(4.712388980385,0.));
#3938 = CARTESIAN_POINT('',(4.712388980385,3.));
#3939 = ( GEOMETRIC_REPRESENTATION_CONTEXT(2) 
PARAMETRIC_REPRESENTATION_CONTEXT() REPRESENTATION_CONTEXT('2D SPACE',''
  ) );
#3940 = ORIENTED_EDGE('',*,*,#3941,.T.);
#3941 = EDGE_CURVE('',#3920,#3306,#3942,.T.);
#3942 = SURFACE_CURVE('',#3943,(#3947,#3954),.PCURVE_S1.);
#3943 = LINE('',#3944,#3945);
#3944 = CARTESIAN_POINT('',(1.5,-7.5,-28.));
#3945 = VECTOR('',#3946,1.);
#3946 = DIRECTION('',(0.,0.,1.));
#3947 = PCURVE('',#3346,#3948);
#3948 = DEFINITIONAL_REPRESENTATION('',(#3949),#3953);
#3949 = LINE('',#3950,#3951);
#3950 = CARTESIAN_POINT('',(0.,0.));
#3951 = VECTOR('',#3952,1.);
#3952 = DIRECTION('',(1.,0.));
#3953 = ( GEOMETRIC_REPRESENTATION_CONTEXT(2) 
PARAMETRIC_REPRESENTATION_CONTEXT() REPRESENTATION_CONTEXT('2D SPACE',''
  ) );
#3954 = PCURVE('',#3320,#3955);
#3955 = DEFINITIONAL_REPRESENTATION('',(#3956),#3960);
#3956 = LINE('',#3957,#3958);
#3957 = CARTESIAN_POINT('',(0.,0.));
#3958 = VECTOR('',#3959,1.);
#3959 = DIRECTION('',(1.,0.));
#3960 = ( GEOMETRIC_REPRESENTATION_CONTEXT(2) 
PARAMETRIC_REPRESENTATION_CONTEXT() REPRESENTATION_CONTEXT('2D SPACE',''
  ) );
#3961 = ORIENTED_EDGE('',*,*,#3331,.T.);
#3962 = ADVANCED_FACE('',(#3963,#3994),#3320,.F.);
#3963 = FACE_BOUND('',#3964,.F.);
#3964 = EDGE_LOOP('',(#3965,#3966,#3967,#3968));
#3965 = ORIENTED_EDGE('',*,*,#3812,.T.);
#3966 = ORIENTED_EDGE('',*,*,#3305,.T.);
#3967 = ORIENTED_EDGE('',*,*,#3941,.F.);
#3968 = ORIENTED_EDGE('',*,*,#3969,.F.);
#3969 = EDGE_CURVE('',#3786,#3920,#3970,.T.);
#3970 = SURFACE_CURVE('',#3971,(#3976,#3987),.PCURVE_S1.);
#3971 = CIRCLE('',#3972,7.5);
#3972 = AXIS2_PLACEMENT_3D('',#3973,#3974,#3975);
#3973 = CARTESIAN_POINT('',(1.5,0.,-28.));
#3974 = DIRECTION('',(-1.,0.,-2.368475785867E-16));
#3975 = DIRECTION('',(0.,1.,0.));
#3976 = PCURVE('',#3320,#3977);
#3977 = DEFINITIONAL_REPRESENTATION('',(#3978),#3986);
#3978 = ( BOUNDED_CURVE() B_SPLINE_CURVE(2,(#3979,#3980,#3981,#3982,
#3983,#3984,#3985),.UNSPECIFIED.,.T.,.F.) B_SPLINE_CURVE_WITH_KNOTS((1,2
    ,2,2,2,1),(-2.094395102393,0.,2.094395102393,4.188790204786,
6.28318530718,8.377580409573),.UNSPECIFIED.) CURVE() 
GEOMETRIC_REPRESENTATION_ITEM() RATIONAL_B_SPLINE_CURVE((1.,0.5,1.,0.5,
1.,0.5,1.)) REPRESENTATION_ITEM('') );
#3979 = CARTESIAN_POINT('',(0.,-15.));
#3980 = CARTESIAN_POINT('',(-12.99038105676,-15.));
#3981 = CARTESIAN_POINT('',(-6.495190528383,-3.75));
#3982 = CARTESIAN_POINT('',(-1.836970198721E-15,7.5));
#3983 = CARTESIAN_POINT('',(6.495190528383,-3.75));
#3984 = CARTESIAN_POINT('',(12.990381056767,-15.));
#3985 = CARTESIAN_POINT('',(0.,-15.));
#3986 = ( GEOMETRIC_REPRESENTATION_CONTEXT(2) 
PARAMETRIC_REPRESENTATION_CONTEXT() REPRESENTATION_CONTEXT('2D SPACE',''
  ) );
#3987 = PCURVE('',#3801,#3988);
#3988 = DEFINITIONAL_REPRESENTATION('',(#3989),#3993);
#3989 = LINE('',#3990,#3991);
#3990 = CARTESIAN_POINT('',(7.853981633974,0.));
#3991 = VECTOR('',#3992,1.);
#3992 = DIRECTION('',(-1.,-0.));
#3993 = ( GEOMETRIC_REPRESENTATION_CONTEXT(2) 
PARAMETRIC_REPRESENTATION_CONTEXT() REPRESENTATION_CONTEXT('2D SPACE',''
  ) );
#3994 = FACE_BOUND('',#3995,.F.);
#3995 = EDGE_LOOP('',(#3996));
#3996 = ORIENTED_EDGE('',*,*,#3997,.F.);
#3997 = EDGE_CURVE('',#3998,#3998,#4000,.T.);
#3998 = VERTEX_POINT('',#3999);
#3999 = CARTESIAN_POINT('',(1.5,-6.123233995737E-16,-30.5));
#4000 = SURFACE_CURVE('',#4001,(#4006,#4013),.PCURVE_S1.);
#4001 = CIRCLE('',#4002,2.5);
#4002 = AXIS2_PLACEMENT_3D('',#4003,#4004,#4005);
#4003 = CARTESIAN_POINT('',(1.5,0.,-28.));
#4004 = DIRECTION('',(1.,0.,2.22044604925E-16));
#4005 = DIRECTION('',(2.22044604925E-16,0.,-1.));
#4006 = PCURVE('',#3320,#4007);
#4007 = DEFINITIONAL_REPRESENTATION('',(#4008),#4012);
#4008 = CIRCLE('',#4009,2.5);
#4009 = AXIS2_PLACEMENT_2D('',#4010,#4011);
#4010 = CARTESIAN_POINT('',(0.,-7.5));
#4011 = DIRECTION('',(-1.,0.));
#4012 = ( GEOMETRIC_REPRESENTATION_CONTEXT(2) 
PARAMETRIC_REPRESENTATION_CONTEXT() REPRESENTATION_CONTEXT('2D SPACE',''
  ) );
#4013 = PCURVE('',#3903,#4014);
#4014 = DEFINITIONAL_REPRESENTATION('',(#4015),#4019);
#4015 = LINE('',#4016,#4017);
#4016 = CARTESIAN_POINT('',(0.,1.));
#4017 = VECTOR('',#4018,1.);
#4018 = DIRECTION('',(1.,0.));
#4019 = ( GEOMETRIC_REPRESENTATION_CONTEXT(2) 
PARAMETRIC_REPRESENTATION_CONTEXT() REPRESENTATION_CONTEXT('2D SPACE',''
  ) );
#4020 = ADVANCED_FACE('',(#4021),#3485,.T.);
#4021 = FACE_BOUND('',#4022,.T.);
#4022 = EDGE_LOOP('',(#4023,#4046,#4047,#4048));
#4023 = ORIENTED_EDGE('',*,*,#4024,.F.);
#4024 = EDGE_CURVE('',#3469,#4025,#4027,.T.);
#4025 = VERTEX_POINT('',#4026);
#4026 = CARTESIAN_POINT('',(15.,-9.797174393179E-16,-4.));
#4027 = SEAM_CURVE('',#4028,(#4032,#4039),.PCURVE_S1.);
#4028 = LINE('',#4029,#4030);
#4029 = CARTESIAN_POINT('',(-60.,-9.797174393179E-16,-4.));
#4030 = VECTOR('',#4031,1.);
#4031 = DIRECTION('',(1.,0.,2.22044604925E-16));
#4032 = PCURVE('',#3485,#4033);
#4033 = DEFINITIONAL_REPRESENTATION('',(#4034),#4038);
#4034 = LINE('',#4035,#4036);
#4035 = CARTESIAN_POINT('',(0.,-0.));
#4036 = VECTOR('',#4037,1.);
#4037 = DIRECTION('',(0.,1.));
#4038 = ( GEOMETRIC_REPRESENTATION_CONTEXT(2) 
PARAMETRIC_REPRESENTATION_CONTEXT() REPRESENTATION_CONTEXT('2D SPACE',''
  ) );
#4039 = PCURVE('',#3485,#4040);
#4040 = DEFINITIONAL_REPRESENTATION('',(#4041),#4045);
#4041 = LINE('',#4042,#4043);
#4042 = CARTESIAN_POINT('',(6.28318530718,-0.));
#4043 = VECTOR('',#4044,1.);
#4044 = DIRECTION('',(0.,1.));
#4045 = ( GEOMETRIC_REPRESENTATION_CONTEXT(2) 
PARAMETRIC_REPRESENTATION_CONTEXT() REPRESENTATION_CONTEXT('2D SPACE',''
  ) );
#4046 = ORIENTED_EDGE('',*,*,#3468,.T.);
#4047 = ORIENTED_EDGE('',*,*,#4024,.T.);
#4048 = ORIENTED_EDGE('',*,*,#4049,.F.);
#4049 = EDGE_CURVE('',#4025,#4025,#4050,.T.);
#4050 = SURFACE_CURVE('',#4051,(#4056,#4063),.PCURVE_S1.);
#4051 = CIRCLE('',#4052,4.);
#4052 = AXIS2_PLACEMENT_3D('',#4053,#4054,#4055);
#4053 = CARTESIAN_POINT('',(15.,0.,3.330669073875E-15));
#4054 = DIRECTION('',(1.,0.,2.22044604925E-16));
#4055 = DIRECTION('',(2.22044604925E-16,0.,-1.));
#4056 = PCURVE('',#3485,#4057);
#4057 = DEFINITIONAL_REPRESENTATION('',(#4058),#4062);
#4058 = LINE('',#4059,#4060);
#4059 = CARTESIAN_POINT('',(0.,75.));
#4060 = VECTOR('',#4061,1.);
#4061 = DIRECTION('',(1.,0.));
#4062 = ( GEOMETRIC_REPRESENTATION_CONTEXT(2) 
PARAMETRIC_REPRESENTATION_CONTEXT() REPRESENTATION_CONTEXT('2D SPACE',''
  ) );
#4063 = PCURVE('',#4064,#4069);
#4064 = PLANE('',#4065);
#4065 = AXIS2_PLACEMENT_3D('',#4066,#4067,#4068);
#4066 = CARTESIAN_POINT('',(15.,1.480297366167E-16,9.080106438912E-16));
#4067 = DIRECTION('',(1.,0.,0.));
#4068 = DIRECTION('',(0.,1.,0.));
#4069 = DEFINITIONAL_REPRESENTATION('',(#4070),#4074);
#4070 = CIRCLE('',#4071,4.);
#4071 = AXIS2_PLACEMENT_2D('',#4072,#4073);
#4072 = CARTESIAN_POINT('',(-1.480297366167E-16,2.422658429984E-15));
#4073 = DIRECTION('',(0.,-1.));
#4074 = ( GEOMETRIC_REPRESENTATION_CONTEXT(2) 
PARAMETRIC_REPRESENTATION_CONTEXT() REPRESENTATION_CONTEXT('2D SPACE',''
  ) );
#4075 = ADVANCED_FACE('',(#4076),#3539,.T.);
#4076 = FACE_BOUND('',#4077,.T.);
#4077 = EDGE_LOOP('',(#4078,#4079,#4080,#4081));
#4078 = ORIENTED_EDGE('',*,*,#3600,.F.);
#4079 = ORIENTED_EDGE('',*,*,#3657,.F.);
#4080 = ORIENTED_EDGE('',*,*,#3707,.F.);
#4081 = ORIENTED_EDGE('',*,*,#3523,.T.);
#4082 = ADVANCED_FACE('',(#4083),#3641,.F.);
#4083 = FACE_BOUND('',#4084,.F.);
#4084 = EDGE_LOOP('',(#4085,#4086,#4107,#4108));
#4085 = ORIENTED_EDGE('',*,*,#3624,.F.);
#4086 = ORIENTED_EDGE('',*,*,#4087,.F.);
#4087 = EDGE_CURVE('',#3736,#3625,#4088,.T.);
#4088 = SEAM_CURVE('',#4089,(#4093,#4100),.PCURVE_S1.);
#4089 = LINE('',#4090,#4091);
#4090 = CARTESIAN_POINT('',(-5.5,-6.123233995737E-16,-30.5));
#4091 = VECTOR('',#4092,1.);
#4092 = DIRECTION('',(1.,0.,2.22044604925E-16));
#4093 = PCURVE('',#3641,#4094);
#4094 = DEFINITIONAL_REPRESENTATION('',(#4095),#4099);
#4095 = LINE('',#4096,#4097);
#4096 = CARTESIAN_POINT('',(6.28318530718,-0.));
#4097 = VECTOR('',#4098,1.);
#4098 = DIRECTION('',(0.,1.));
#4099 = ( GEOMETRIC_REPRESENTATION_CONTEXT(2) 
PARAMETRIC_REPRESENTATION_CONTEXT() REPRESENTATION_CONTEXT('2D SPACE',''
  ) );
#4100 = PCURVE('',#3641,#4101);
#4101 = DEFINITIONAL_REPRESENTATION('',(#4102),#4106);
#4102 = LINE('',#4103,#4104);
#4103 = CARTESIAN_POINT('',(0.,-0.));
#4104 = VECTOR('',#4105,1.);
#4105 = DIRECTION('',(0.,1.));
#4106 = ( GEOMETRIC_REPRESENTATION_CONTEXT(2) 
PARAMETRIC_REPRESENTATION_CONTEXT() REPRESENTATION_CONTEXT('2D SPACE',''
  ) );
#4107 = ORIENTED_EDGE('',*,*,#3735,.T.);
#4108 = ORIENTED_EDGE('',*,*,#4087,.T.);
#4109 = ADVANCED_FACE('',(#4110),#3801,.T.);
#4110 = FACE_BOUND('',#4111,.T.);
#4111 = EDGE_LOOP('',(#4112,#4113,#4114,#4115));
#4112 = ORIENTED_EDGE('',*,*,#3862,.F.);
#4113 = ORIENTED_EDGE('',*,*,#3919,.F.);
#4114 = ORIENTED_EDGE('',*,*,#3969,.F.);
#4115 = ORIENTED_EDGE('',*,*,#3785,.T.);
#4116 = ADVANCED_FACE('',(#4117),#3903,.F.);
#4117 = FACE_BOUND('',#4118,.F.);
#4118 = EDGE_LOOP('',(#4119,#4120,#4141,#4142));
#4119 = ORIENTED_EDGE('',*,*,#3886,.F.);
#4120 = ORIENTED_EDGE('',*,*,#4121,.F.);
#4121 = EDGE_CURVE('',#3998,#3887,#4122,.T.);
#4122 = SEAM_CURVE('',#4123,(#4127,#4134),.PCURVE_S1.);
#4123 = LINE('',#4124,#4125);
#4124 = CARTESIAN_POINT('',(0.5,-6.123233995737E-16,-30.5));
#4125 = VECTOR('',#4126,1.);
#4126 = DIRECTION('',(1.,0.,2.22044604925E-16));
#4127 = PCURVE('',#3903,#4128);
#4128 = DEFINITIONAL_REPRESENTATION('',(#4129),#4133);
#4129 = LINE('',#4130,#4131);
#4130 = CARTESIAN_POINT('',(6.28318530718,-0.));
#4131 = VECTOR('',#4132,1.);
#4132 = DIRECTION('',(0.,1.));
#4133 = ( GEOMETRIC_REPRESENTATION_CONTEXT(2) 
PARAMETRIC_REPRESENTATION_CONTEXT() REPRESENTATION_CONTEXT('2D SPACE',''
  ) );
#4134 = PCURVE('',#3903,#4135);
#4135 = DEFINITIONAL_REPRESENTATION('',(#4136),#4140);
#4136 = LINE('',#4137,#4138);
#4137 = CARTESIAN_POINT('',(0.,-0.));
#4138 = VECTOR('',#4139,1.);
#4139 = DIRECTION('',(0.,1.));
#4140 = ( GEOMETRIC_REPRESENTATION_CONTEXT(2) 
PARAMETRIC_REPRESENTATION_CONTEXT() REPRESENTATION_CONTEXT('2D SPACE',''
  ) );
#4141 = ORIENTED_EDGE('',*,*,#3997,.T.);
#4142 = ORIENTED_EDGE('',*,*,#4121,.T.);
#4143 = ADVANCED_FACE('',(#4144,#4314),#4064,.F.);
#4144 = FACE_BOUND('',#4145,.F.);
#4145 = EDGE_LOOP('',(#4146,#4176,#4204,#4232,#4260,#4288));
#4146 = ORIENTED_EDGE('',*,*,#4147,.T.);
#4147 = EDGE_CURVE('',#4148,#4150,#4152,.T.);
#4148 = VERTEX_POINT('',#4149);
#4149 = CARTESIAN_POINT('',(15.,16.,0.));
#4150 = VERTEX_POINT('',#4151);
#4151 = CARTESIAN_POINT('',(15.,8.,13.856406460551));
#4152 = SURFACE_CURVE('',#4153,(#4157,#4164),.PCURVE_S1.);
#4153 = LINE('',#4154,#4155);
#4154 = CARTESIAN_POINT('',(15.,16.,0.));
#4155 = VECTOR('',#4156,1.);
#4156 = DIRECTION('',(0.,-0.5,0.866025403784));
#4157 = PCURVE('',#4064,#4158);
#4158 = DEFINITIONAL_REPRESENTATION('',(#4159),#4163);
#4159 = LINE('',#4160,#4161);
#4160 = CARTESIAN_POINT('',(16.,-9.080106438912E-16));
#4161 = VECTOR('',#4162,1.);
#4162 = DIRECTION('',(-0.5,0.866025403784));
#4163 = ( GEOMETRIC_REPRESENTATION_CONTEXT(2) 
PARAMETRIC_REPRESENTATION_CONTEXT() REPRESENTATION_CONTEXT('2D SPACE',''
  ) );
#4164 = PCURVE('',#4165,#4170);
#4165 = PLANE('',#4166);
#4166 = AXIS2_PLACEMENT_3D('',#4167,#4168,#4169);
#4167 = CARTESIAN_POINT('',(16.5,16.,0.));
#4168 = DIRECTION('',(-0.,0.866025403784,0.5));
#4169 = DIRECTION('',(0.,-0.5,0.866025403784));
#4170 = DEFINITIONAL_REPRESENTATION('',(#4171),#4175);
#4171 = LINE('',#4172,#4173);
#4172 = CARTESIAN_POINT('',(0.,-1.5));
#4173 = VECTOR('',#4174,1.);
#4174 = DIRECTION('',(1.,0.));
#4175 = ( GEOMETRIC_REPRESENTATION_CONTEXT(2) 
PARAMETRIC_REPRESENTATION_CONTEXT() REPRESENTATION_CONTEXT('2D SPACE',''
  ) );
#4176 = ORIENTED_EDGE('',*,*,#4177,.T.);
#4177 = EDGE_CURVE('',#4150,#4178,#4180,.T.);
#4178 = VERTEX_POINT('',#4179);
#4179 = CARTESIAN_POINT('',(15.,-8.,13.856406460551));
#4180 = SURFACE_CURVE('',#4181,(#4185,#4192),.PCURVE_S1.);
#4181 = LINE('',#4182,#4183);
#4182 = CARTESIAN_POINT('',(15.,8.,13.856406460551));
#4183 = VECTOR('',#4184,1.);
#4184 = DIRECTION('',(0.,-1.,1.110223024625E-16));
#4185 = PCURVE('',#4064,#4186);
#4186 = DEFINITIONAL_REPRESENTATION('',(#4187),#4191);
#4187 = LINE('',#4188,#4189);
#4188 = CARTESIAN_POINT('',(8.,13.856406460551));
#4189 = VECTOR('',#4190,1.);
#4190 = DIRECTION('',(-1.,1.110223024625E-16));
#4191 = ( GEOMETRIC_REPRESENTATION_CONTEXT(2) 
PARAMETRIC_REPRESENTATION_CONTEXT() REPRESENTATION_CONTEXT('2D SPACE',''
  ) );
#4192 = PCURVE('',#4193,#4198);
#4193 = PLANE('',#4194);
#4194 = AXIS2_PLACEMENT_3D('',#4195,#4196,#4197);
#4195 = CARTESIAN_POINT('',(16.5,8.,13.856406460551));
#4196 = DIRECTION('',(-0.,1.110223024625E-16,1.));
#4197 = DIRECTION('',(0.,-1.,1.110223024625E-16));
#4198 = DEFINITIONAL_REPRESENTATION('',(#4199),#4203);
#4199 = LINE('',#4200,#4201);
#4200 = CARTESIAN_POINT('',(0.,-1.5));
#4201 = VECTOR('',#4202,1.);
#4202 = DIRECTION('',(1.,0.));
#4203 = ( GEOMETRIC_REPRESENTATION_CONTEXT(2) 
PARAMETRIC_REPRESENTATION_CONTEXT() REPRESENTATION_CONTEXT('2D SPACE',''
  ) );
#4204 = ORIENTED_EDGE('',*,*,#4205,.T.);
#4205 = EDGE_CURVE('',#4178,#4206,#4208,.T.);
#4206 = VERTEX_POINT('',#4207);
#4207 = CARTESIAN_POINT('',(15.,-16.,1.959434878636E-15));
#4208 = SURFACE_CURVE('',#4209,(#4213,#4220),.PCURVE_S1.);
#4209 = LINE('',#4210,#4211);
#4210 = CARTESIAN_POINT('',(15.,-8.,13.856406460551));
#4211 = VECTOR('',#4212,1.);
#4212 = DIRECTION('',(0.,-0.5,-0.866025403784));
#4213 = PCURVE('',#4064,#4214);
#4214 = DEFINITIONAL_REPRESENTATION('',(#4215),#4219);
#4215 = LINE('',#4216,#4217);
#4216 = CARTESIAN_POINT('',(-8.,13.856406460551));
#4217 = VECTOR('',#4218,1.);
#4218 = DIRECTION('',(-0.5,-0.866025403784));
#4219 = ( GEOMETRIC_REPRESENTATION_CONTEXT(2) 
PARAMETRIC_REPRESENTATION_CONTEXT() REPRESENTATION_CONTEXT('2D SPACE',''
  ) );
#4220 = PCURVE('',#4221,#4226);
#4221 = PLANE('',#4222);
#4222 = AXIS2_PLACEMENT_3D('',#4223,#4224,#4225);
#4223 = CARTESIAN_POINT('',(16.5,-8.,13.856406460551));
#4224 = DIRECTION('',(0.,-0.866025403784,0.5));
#4225 = DIRECTION('',(0.,-0.5,-0.866025403784));
#4226 = DEFINITIONAL_REPRESENTATION('',(#4227),#4231);
#4227 = LINE('',#4228,#4229);
#4228 = CARTESIAN_POINT('',(-0.,-1.5));
#4229 = VECTOR('',#4230,1.);
#4230 = DIRECTION('',(1.,0.));
#4231 = ( GEOMETRIC_REPRESENTATION_CONTEXT(2) 
PARAMETRIC_REPRESENTATION_CONTEXT() REPRESENTATION_CONTEXT('2D SPACE',''
  ) );
#4232 = ORIENTED_EDGE('',*,*,#4233,.T.);
#4233 = EDGE_CURVE('',#4206,#4234,#4236,.T.);
#4234 = VERTEX_POINT('',#4235);
#4235 = CARTESIAN_POINT('',(15.,-8.,-13.85640646055));
#4236 = SURFACE_CURVE('',#4237,(#4241,#4248),.PCURVE_S1.);
#4237 = LINE('',#4238,#4239);
#4238 = CARTESIAN_POINT('',(15.,-16.,1.959434878636E-15));
#4239 = VECTOR('',#4240,1.);
#4240 = DIRECTION('',(0.,0.5,-0.866025403784));
#4241 = PCURVE('',#4064,#4242);
#4242 = DEFINITIONAL_REPRESENTATION('',(#4243),#4247);
#4243 = LINE('',#4244,#4245);
#4244 = CARTESIAN_POINT('',(-16.,1.051424234745E-15));
#4245 = VECTOR('',#4246,1.);
#4246 = DIRECTION('',(0.5,-0.866025403784));
#4247 = ( GEOMETRIC_REPRESENTATION_CONTEXT(2) 
PARAMETRIC_REPRESENTATION_CONTEXT() REPRESENTATION_CONTEXT('2D SPACE',''
  ) );
#4248 = PCURVE('',#4249,#4254);
#4249 = PLANE('',#4250);
#4250 = AXIS2_PLACEMENT_3D('',#4251,#4252,#4253);
#4251 = CARTESIAN_POINT('',(16.5,-16.,1.959434878636E-15));
#4252 = DIRECTION('',(0.,-0.866025403784,-0.5));
#4253 = DIRECTION('',(0.,0.5,-0.866025403784));
#4254 = DEFINITIONAL_REPRESENTATION('',(#4255),#4259);
#4255 = LINE('',#4256,#4257);
#4256 = CARTESIAN_POINT('',(0.,-1.5));
#4257 = VECTOR('',#4258,1.);
#4258 = DIRECTION('',(1.,0.));
#4259 = ( GEOMETRIC_REPRESENTATION_CONTEXT(2) 
PARAMETRIC_REPRESENTATION_CONTEXT() REPRESENTATION_CONTEXT('2D SPACE',''
  ) );
#4260 = ORIENTED_EDGE('',*,*,#4261,.T.);
#4261 = EDGE_CURVE('',#4234,#4262,#4264,.T.);
#4262 = VERTEX_POINT('',#4263);
#4263 = CARTESIAN_POINT('',(15.,8.,-13.85640646055));
#4264 = SURFACE_CURVE('',#4265,(#4269,#4276),.PCURVE_S1.);
#4265 = LINE('',#4266,#4267);
#4266 = CARTESIAN_POINT('',(15.,-8.,-13.85640646055));
#4267 = VECTOR('',#4268,1.);
#4268 = DIRECTION('',(0.,1.,-2.22044604925E-16));
#4269 = PCURVE('',#4064,#4270);
#4270 = DEFINITIONAL_REPRESENTATION('',(#4271),#4275);
#4271 = LINE('',#4272,#4273);
#4272 = CARTESIAN_POINT('',(-8.,-13.85640646055));
#4273 = VECTOR('',#4274,1.);
#4274 = DIRECTION('',(1.,-2.22044604925E-16));
#4275 = ( GEOMETRIC_REPRESENTATION_CONTEXT(2) 
PARAMETRIC_REPRESENTATION_CONTEXT() REPRESENTATION_CONTEXT('2D SPACE',''
  ) );
#4276 = PCURVE('',#4277,#4282);
#4277 = PLANE('',#4278);
#4278 = AXIS2_PLACEMENT_3D('',#4279,#4280,#4281);
#4279 = CARTESIAN_POINT('',(16.5,-8.,-13.85640646055));
#4280 = DIRECTION('',(0.,-2.22044604925E-16,-1.));
#4281 = DIRECTION('',(0.,1.,-2.22044604925E-16));
#4282 = DEFINITIONAL_REPRESENTATION('',(#4283),#4287);
#4283 = LINE('',#4284,#4285);
#4284 = CARTESIAN_POINT('',(0.,-1.5));
#4285 = VECTOR('',#4286,1.);
#4286 = DIRECTION('',(1.,0.));
#4287 = ( GEOMETRIC_REPRESENTATION_CONTEXT(2) 
PARAMETRIC_REPRESENTATION_CONTEXT() REPRESENTATION_CONTEXT('2D SPACE',''
  ) );
#4288 = ORIENTED_EDGE('',*,*,#4289,.T.);
#4289 = EDGE_CURVE('',#4262,#4148,#4290,.T.);
#4290 = SURFACE_CURVE('',#4291,(#4295,#4302),.PCURVE_S1.);
#4291 = LINE('',#4292,#4293);
#4292 = CARTESIAN_POINT('',(15.,8.,-13.85640646055));
#4293 = VECTOR('',#4294,1.);
#4294 = DIRECTION('',(0.,0.5,0.866025403784));
#4295 = PCURVE('',#4064,#4296);
#4296 = DEFINITIONAL_REPRESENTATION('',(#4297),#4301);
#4297 = LINE('',#4298,#4299);
#4298 = CARTESIAN_POINT('',(8.,-13.85640646055));
#4299 = VECTOR('',#4300,1.);
#4300 = DIRECTION('',(0.5,0.866025403784));
#4301 = ( GEOMETRIC_REPRESENTATION_CONTEXT(2) 
PARAMETRIC_REPRESENTATION_CONTEXT() REPRESENTATION_CONTEXT('2D SPACE',''
  ) );
#4302 = PCURVE('',#4303,#4308);
#4303 = PLANE('',#4304);
#4304 = AXIS2_PLACEMENT_3D('',#4305,#4306,#4307);
#4305 = CARTESIAN_POINT('',(16.5,8.,-13.85640646055));
#4306 = DIRECTION('',(0.,0.866025403784,-0.5));
#4307 = DIRECTION('',(0.,0.5,0.866025403784));
#4308 = DEFINITIONAL_REPRESENTATION('',(#4309),#4313);
#4309 = LINE('',#4310,#4311);
#4310 = CARTESIAN_POINT('',(0.,-1.5));
#4311 = VECTOR('',#4312,1.);
#4312 = DIRECTION('',(1.,0.));
#4313 = ( GEOMETRIC_REPRESENTATION_CONTEXT(2) 
PARAMETRIC_REPRESENTATION_CONTEXT() REPRESENTATION_CONTEXT('2D SPACE',''
  ) );
#4314 = FACE_BOUND('',#4315,.F.);
#4315 = EDGE_LOOP('',(#4316));
#4316 = ORIENTED_EDGE('',*,*,#4049,.F.);
#4317 = ADVANCED_FACE('',(#4318),#4165,.T.);
#4318 = FACE_BOUND('',#4319,.T.);
#4319 = EDGE_LOOP('',(#4320,#4321,#4344,#4372));
#4320 = ORIENTED_EDGE('',*,*,#4147,.T.);
#4321 = ORIENTED_EDGE('',*,*,#4322,.T.);
#4322 = EDGE_CURVE('',#4150,#4323,#4325,.T.);
#4323 = VERTEX_POINT('',#4324);
#4324 = CARTESIAN_POINT('',(18.,8.,13.856406460551));
#4325 = SURFACE_CURVE('',#4326,(#4330,#4337),.PCURVE_S1.);
#4326 = LINE('',#4327,#4328);
#4327 = CARTESIAN_POINT('',(15.,8.,13.856406460551));
#4328 = VECTOR('',#4329,1.);
#4329 = DIRECTION('',(1.,0.,0.));
#4330 = PCURVE('',#4165,#4331);
#4331 = DEFINITIONAL_REPRESENTATION('',(#4332),#4336);
#4332 = LINE('',#4333,#4334);
#4333 = CARTESIAN_POINT('',(16.,-1.5));
#4334 = VECTOR('',#4335,1.);
#4335 = DIRECTION('',(0.,1.));
#4336 = ( GEOMETRIC_REPRESENTATION_CONTEXT(2) 
PARAMETRIC_REPRESENTATION_CONTEXT() REPRESENTATION_CONTEXT('2D SPACE',''
  ) );
#4337 = PCURVE('',#4193,#4338);
#4338 = DEFINITIONAL_REPRESENTATION('',(#4339),#4343);
#4339 = LINE('',#4340,#4341);
#4340 = CARTESIAN_POINT('',(0.,-1.5));
#4341 = VECTOR('',#4342,1.);
#4342 = DIRECTION('',(0.,1.));
#4343 = ( GEOMETRIC_REPRESENTATION_CONTEXT(2) 
PARAMETRIC_REPRESENTATION_CONTEXT() REPRESENTATION_CONTEXT('2D SPACE',''
  ) );
#4344 = ORIENTED_EDGE('',*,*,#4345,.F.);
#4345 = EDGE_CURVE('',#4346,#4323,#4348,.T.);
#4346 = VERTEX_POINT('',#4347);
#4347 = CARTESIAN_POINT('',(18.,16.,0.));
#4348 = SURFACE_CURVE('',#4349,(#4353,#4360),.PCURVE_S1.);
#4349 = LINE('',#4350,#4351);
#4350 = CARTESIAN_POINT('',(18.,16.,0.));
#4351 = VECTOR('',#4352,1.);
#4352 = DIRECTION('',(0.,-0.5,0.866025403784));
#4353 = PCURVE('',#4165,#4354);
#4354 = DEFINITIONAL_REPRESENTATION('',(#4355),#4359);
#4355 = LINE('',#4356,#4357);
#4356 = CARTESIAN_POINT('',(0.,1.5));
#4357 = VECTOR('',#4358,1.);
#4358 = DIRECTION('',(1.,0.));
#4359 = ( GEOMETRIC_REPRESENTATION_CONTEXT(2) 
PARAMETRIC_REPRESENTATION_CONTEXT() REPRESENTATION_CONTEXT('2D SPACE',''
  ) );
#4360 = PCURVE('',#4361,#4366);
#4361 = PLANE('',#4362);
#4362 = AXIS2_PLACEMENT_3D('',#4363,#4364,#4365);
#4363 = CARTESIAN_POINT('',(18.,1.480297366167E-16,9.080106438912E-16));
#4364 = DIRECTION('',(1.,0.,0.));
#4365 = DIRECTION('',(0.,1.,0.));
#4366 = DEFINITIONAL_REPRESENTATION('',(#4367),#4371);
#4367 = LINE('',#4368,#4369);
#4368 = CARTESIAN_POINT('',(16.,-9.080106438912E-16));
#4369 = VECTOR('',#4370,1.);
#4370 = DIRECTION('',(-0.5,0.866025403784));
#4371 = ( GEOMETRIC_REPRESENTATION_CONTEXT(2) 
PARAMETRIC_REPRESENTATION_CONTEXT() REPRESENTATION_CONTEXT('2D SPACE',''
  ) );
#4372 = ORIENTED_EDGE('',*,*,#4373,.T.);
#4373 = EDGE_CURVE('',#4346,#4148,#4374,.T.);
#4374 = SURFACE_CURVE('',#4375,(#4379,#4386),.PCURVE_S1.);
#4375 = LINE('',#4376,#4377);
#4376 = CARTESIAN_POINT('',(18.,16.,0.));
#4377 = VECTOR('',#4378,1.);
#4378 = DIRECTION('',(-1.,0.,0.));
#4379 = PCURVE('',#4165,#4380);
#4380 = DEFINITIONAL_REPRESENTATION('',(#4381),#4385);
#4381 = LINE('',#4382,#4383);
#4382 = CARTESIAN_POINT('',(0.,1.5));
#4383 = VECTOR('',#4384,1.);
#4384 = DIRECTION('',(0.,-1.));
#4385 = ( GEOMETRIC_REPRESENTATION_CONTEXT(2) 
PARAMETRIC_REPRESENTATION_CONTEXT() REPRESENTATION_CONTEXT('2D SPACE',''
  ) );
#4386 = PCURVE('',#4303,#4387);
#4387 = DEFINITIONAL_REPRESENTATION('',(#4388),#4392);
#4388 = LINE('',#4389,#4390);
#4389 = CARTESIAN_POINT('',(16.,1.5));
#4390 = VECTOR('',#4391,1.);
#4391 = DIRECTION('',(0.,-1.));
#4392 = ( GEOMETRIC_REPRESENTATION_CONTEXT(2) 
PARAMETRIC_REPRESENTATION_CONTEXT() REPRESENTATION_CONTEXT('2D SPACE',''
  ) );
#4393 = ADVANCED_FACE('',(#4394),#4303,.T.);
#4394 = FACE_BOUND('',#4395,.T.);
#4395 = EDGE_LOOP('',(#4396,#4397,#4398,#4421));
#4396 = ORIENTED_EDGE('',*,*,#4289,.T.);
#4397 = ORIENTED_EDGE('',*,*,#4373,.F.);
#4398 = ORIENTED_EDGE('',*,*,#4399,.F.);
#4399 = EDGE_CURVE('',#4400,#4346,#4402,.T.);
#4400 = VERTEX_POINT('',#4401);
#4401 = CARTESIAN_POINT('',(18.,8.,-13.85640646055));
#4402 = SURFACE_CURVE('',#4403,(#4407,#4414),.PCURVE_S1.);
#4403 = LINE('',#4404,#4405);
#4404 = CARTESIAN_POINT('',(18.,8.,-13.85640646055));
#4405 = VECTOR('',#4406,1.);
#4406 = DIRECTION('',(0.,0.5,0.866025403784));
#4407 = PCURVE('',#4303,#4408);
#4408 = DEFINITIONAL_REPRESENTATION('',(#4409),#4413);
#4409 = LINE('',#4410,#4411);
#4410 = CARTESIAN_POINT('',(0.,1.5));
#4411 = VECTOR('',#4412,1.);
#4412 = DIRECTION('',(1.,0.));
#4413 = ( GEOMETRIC_REPRESENTATION_CONTEXT(2) 
PARAMETRIC_REPRESENTATION_CONTEXT() REPRESENTATION_CONTEXT('2D SPACE',''
  ) );
#4414 = PCURVE('',#4361,#4415);
#4415 = DEFINITIONAL_REPRESENTATION('',(#4416),#4420);
#4416 = LINE('',#4417,#4418);
#4417 = CARTESIAN_POINT('',(8.,-13.85640646055));
#4418 = VECTOR('',#4419,1.);
#4419 = DIRECTION('',(0.5,0.866025403784));
#4420 = ( GEOMETRIC_REPRESENTATION_CONTEXT(2) 
PARAMETRIC_REPRESENTATION_CONTEXT() REPRESENTATION_CONTEXT('2D SPACE',''
  ) );
#4421 = ORIENTED_EDGE('',*,*,#4422,.T.);
#4422 = EDGE_CURVE('',#4400,#4262,#4423,.T.);
#4423 = SURFACE_CURVE('',#4424,(#4428,#4435),.PCURVE_S1.);
#4424 = LINE('',#4425,#4426);
#4425 = CARTESIAN_POINT('',(18.,8.,-13.85640646055));
#4426 = VECTOR('',#4427,1.);
#4427 = DIRECTION('',(-1.,0.,0.));
#4428 = PCURVE('',#4303,#4429);
#4429 = DEFINITIONAL_REPRESENTATION('',(#4430),#4434);
#4430 = LINE('',#4431,#4432);
#4431 = CARTESIAN_POINT('',(0.,1.5));
#4432 = VECTOR('',#4433,1.);
#4433 = DIRECTION('',(0.,-1.));
#4434 = ( GEOMETRIC_REPRESENTATION_CONTEXT(2) 
PARAMETRIC_REPRESENTATION_CONTEXT() REPRESENTATION_CONTEXT('2D SPACE',''
  ) );
#4435 = PCURVE('',#4277,#4436);
#4436 = DEFINITIONAL_REPRESENTATION('',(#4437),#4441);
#4437 = LINE('',#4438,#4439);
#4438 = CARTESIAN_POINT('',(16.,1.5));
#4439 = VECTOR('',#4440,1.);
#4440 = DIRECTION('',(0.,-1.));
#4441 = ( GEOMETRIC_REPRESENTATION_CONTEXT(2) 
PARAMETRIC_REPRESENTATION_CONTEXT() REPRESENTATION_CONTEXT('2D SPACE',''
  ) );
#4442 = ADVANCED_FACE('',(#4443),#4193,.T.);
#4443 = FACE_BOUND('',#4444,.T.);
#4444 = EDGE_LOOP('',(#4445,#4446,#4447,#4470));
#4445 = ORIENTED_EDGE('',*,*,#4322,.F.);
#4446 = ORIENTED_EDGE('',*,*,#4177,.T.);
#4447 = ORIENTED_EDGE('',*,*,#4448,.T.);
#4448 = EDGE_CURVE('',#4178,#4449,#4451,.T.);
#4449 = VERTEX_POINT('',#4450);
#4450 = CARTESIAN_POINT('',(18.,-8.,13.856406460551));
#4451 = SURFACE_CURVE('',#4452,(#4456,#4463),.PCURVE_S1.);
#4452 = LINE('',#4453,#4454);
#4453 = CARTESIAN_POINT('',(15.,-8.,13.856406460551));
#4454 = VECTOR('',#4455,1.);
#4455 = DIRECTION('',(1.,0.,0.));
#4456 = PCURVE('',#4193,#4457);
#4457 = DEFINITIONAL_REPRESENTATION('',(#4458),#4462);
#4458 = LINE('',#4459,#4460);
#4459 = CARTESIAN_POINT('',(16.,-1.5));
#4460 = VECTOR('',#4461,1.);
#4461 = DIRECTION('',(0.,1.));
#4462 = ( GEOMETRIC_REPRESENTATION_CONTEXT(2) 
PARAMETRIC_REPRESENTATION_CONTEXT() REPRESENTATION_CONTEXT('2D SPACE',''
  ) );
#4463 = PCURVE('',#4221,#4464);
#4464 = DEFINITIONAL_REPRESENTATION('',(#4465),#4469);
#4465 = LINE('',#4466,#4467);
#4466 = CARTESIAN_POINT('',(-0.,-1.5));
#4467 = VECTOR('',#4468,1.);
#4468 = DIRECTION('',(0.,1.));
#4469 = ( GEOMETRIC_REPRESENTATION_CONTEXT(2) 
PARAMETRIC_REPRESENTATION_CONTEXT() REPRESENTATION_CONTEXT('2D SPACE',''
  ) );
#4470 = ORIENTED_EDGE('',*,*,#4471,.F.);
#4471 = EDGE_CURVE('',#4323,#4449,#4472,.T.);
#4472 = SURFACE_CURVE('',#4473,(#4477,#4484),.PCURVE_S1.);
#4473 = LINE('',#4474,#4475);
#4474 = CARTESIAN_POINT('',(18.,8.,13.856406460551));
#4475 = VECTOR('',#4476,1.);
#4476 = DIRECTION('',(0.,-1.,1.110223024625E-16));
#4477 = PCURVE('',#4193,#4478);
#4478 = DEFINITIONAL_REPRESENTATION('',(#4479),#4483);
#4479 = LINE('',#4480,#4481);
#4480 = CARTESIAN_POINT('',(0.,1.5));
#4481 = VECTOR('',#4482,1.);
#4482 = DIRECTION('',(1.,0.));
#4483 = ( GEOMETRIC_REPRESENTATION_CONTEXT(2) 
PARAMETRIC_REPRESENTATION_CONTEXT() REPRESENTATION_CONTEXT('2D SPACE',''
  ) );
#4484 = PCURVE('',#4361,#4485);
#4485 = DEFINITIONAL_REPRESENTATION('',(#4486),#4490);
#4486 = LINE('',#4487,#4488);
#4487 = CARTESIAN_POINT('',(8.,13.856406460551));
#4488 = VECTOR('',#4489,1.);
#4489 = DIRECTION('',(-1.,1.110223024625E-16));
#4490 = ( GEOMETRIC_REPRESENTATION_CONTEXT(2) 
PARAMETRIC_REPRESENTATION_CONTEXT() REPRESENTATION_CONTEXT('2D SPACE',''
  ) );
#4491 = ADVANCED_FACE('',(#4492),#4277,.T.);
#4492 = FACE_BOUND('',#4493,.T.);
#4493 = EDGE_LOOP('',(#4494,#4495,#4496,#4519));
#4494 = ORIENTED_EDGE('',*,*,#4261,.T.);
#4495 = ORIENTED_EDGE('',*,*,#4422,.F.);
#4496 = ORIENTED_EDGE('',*,*,#4497,.F.);
#4497 = EDGE_CURVE('',#4498,#4400,#4500,.T.);
#4498 = VERTEX_POINT('',#4499);
#4499 = CARTESIAN_POINT('',(18.,-8.,-13.85640646055));
#4500 = SURFACE_CURVE('',#4501,(#4505,#4512),.PCURVE_S1.);
#4501 = LINE('',#4502,#4503);
#4502 = CARTESIAN_POINT('',(18.,-8.,-13.85640646055));
#4503 = VECTOR('',#4504,1.);
#4504 = DIRECTION('',(0.,1.,-2.22044604925E-16));
#4505 = PCURVE('',#4277,#4506);
#4506 = DEFINITIONAL_REPRESENTATION('',(#4507),#4511);
#4507 = LINE('',#4508,#4509);
#4508 = CARTESIAN_POINT('',(0.,1.5));
#4509 = VECTOR('',#4510,1.);
#4510 = DIRECTION('',(1.,0.));
#4511 = ( GEOMETRIC_REPRESENTATION_CONTEXT(2) 
PARAMETRIC_REPRESENTATION_CONTEXT() REPRESENTATION_CONTEXT('2D SPACE',''
  ) );
#4512 = PCURVE('',#4361,#4513);
#4513 = DEFINITIONAL_REPRESENTATION('',(#4514),#4518);
#4514 = LINE('',#4515,#4516);
#4515 = CARTESIAN_POINT('',(-8.,-13.85640646055));
#4516 = VECTOR('',#4517,1.);
#4517 = DIRECTION('',(1.,-2.22044604925E-16));
#4518 = ( GEOMETRIC_REPRESENTATION_CONTEXT(2) 
PARAMETRIC_REPRESENTATION_CONTEXT() REPRESENTATION_CONTEXT('2D SPACE',''
  ) );
#4519 = ORIENTED_EDGE('',*,*,#4520,.T.);
#4520 = EDGE_CURVE('',#4498,#4234,#4521,.T.);
#4521 = SURFACE_CURVE('',#4522,(#4526,#4533),.PCURVE_S1.);
#4522 = LINE('',#4523,#4524);
#4523 = CARTESIAN_POINT('',(18.,-8.,-13.85640646055));
#4524 = VECTOR('',#4525,1.);
#4525 = DIRECTION('',(-1.,0.,0.));
#4526 = PCURVE('',#4277,#4527);
#4527 = DEFINITIONAL_REPRESENTATION('',(#4528),#4532);
#4528 = LINE('',#4529,#4530);
#4529 = CARTESIAN_POINT('',(0.,1.5));
#4530 = VECTOR('',#4531,1.);
#4531 = DIRECTION('',(0.,-1.));
#4532 = ( GEOMETRIC_REPRESENTATION_CONTEXT(2) 
PARAMETRIC_REPRESENTATION_CONTEXT() REPRESENTATION_CONTEXT('2D SPACE',''
  ) );
#4533 = PCURVE('',#4249,#4534);
#4534 = DEFINITIONAL_REPRESENTATION('',(#4535),#4539);
#4535 = LINE('',#4536,#4537);
#4536 = CARTESIAN_POINT('',(16.,1.5));
#4537 = VECTOR('',#4538,1.);
#4538 = DIRECTION('',(0.,-1.));
#4539 = ( GEOMETRIC_REPRESENTATION_CONTEXT(2) 
PARAMETRIC_REPRESENTATION_CONTEXT() REPRESENTATION_CONTEXT('2D SPACE',''
  ) );
#4540 = ADVANCED_FACE('',(#4541),#4221,.T.);
#4541 = FACE_BOUND('',#4542,.T.);
#4542 = EDGE_LOOP('',(#4543,#4544,#4545,#4568));
#4543 = ORIENTED_EDGE('',*,*,#4448,.F.);
#4544 = ORIENTED_EDGE('',*,*,#4205,.T.);
#4545 = ORIENTED_EDGE('',*,*,#4546,.T.);
#4546 = EDGE_CURVE('',#4206,#4547,#4549,.T.);
#4547 = VERTEX_POINT('',#4548);
#4548 = CARTESIAN_POINT('',(18.,-16.,1.959434878636E-15));
#4549 = SURFACE_CURVE('',#4550,(#4554,#4561),.PCURVE_S1.);
#4550 = LINE('',#4551,#4552);
#4551 = CARTESIAN_POINT('',(15.,-16.,1.959434878636E-15));
#4552 = VECTOR('',#4553,1.);
#4553 = DIRECTION('',(1.,0.,0.));
#4554 = PCURVE('',#4221,#4555);
#4555 = DEFINITIONAL_REPRESENTATION('',(#4556),#4560);
#4556 = LINE('',#4557,#4558);
#4557 = CARTESIAN_POINT('',(16.,-1.5));
#4558 = VECTOR('',#4559,1.);
#4559 = DIRECTION('',(0.,1.));
#4560 = ( GEOMETRIC_REPRESENTATION_CONTEXT(2) 
PARAMETRIC_REPRESENTATION_CONTEXT() REPRESENTATION_CONTEXT('2D SPACE',''
  ) );
#4561 = PCURVE('',#4249,#4562);
#4562 = DEFINITIONAL_REPRESENTATION('',(#4563),#4567);
#4563 = LINE('',#4564,#4565);
#4564 = CARTESIAN_POINT('',(0.,-1.5));
#4565 = VECTOR('',#4566,1.);
#4566 = DIRECTION('',(0.,1.));
#4567 = ( GEOMETRIC_REPRESENTATION_CONTEXT(2) 
PARAMETRIC_REPRESENTATION_CONTEXT() REPRESENTATION_CONTEXT('2D SPACE',''
  ) );
#4568 = ORIENTED_EDGE('',*,*,#4569,.F.);
#4569 = EDGE_CURVE('',#4449,#4547,#4570,.T.);
#4570 = SURFACE_CURVE('',#4571,(#4575,#4582),.PCURVE_S1.);
#4571 = LINE('',#4572,#4573);
#4572 = CARTESIAN_POINT('',(18.,-8.,13.856406460551));
#4573 = VECTOR('',#4574,1.);
#4574 = DIRECTION('',(0.,-0.5,-0.866025403784));
#4575 = PCURVE('',#4221,#4576);
#4576 = DEFINITIONAL_REPRESENTATION('',(#4577),#4581);
#4577 = LINE('',#4578,#4579);
#4578 = CARTESIAN_POINT('',(0.,1.5));
#4579 = VECTOR('',#4580,1.);
#4580 = DIRECTION('',(1.,0.));
#4581 = ( GEOMETRIC_REPRESENTATION_CONTEXT(2) 
PARAMETRIC_REPRESENTATION_CONTEXT() REPRESENTATION_CONTEXT('2D SPACE',''
  ) );
#4582 = PCURVE('',#4361,#4583);
#4583 = DEFINITIONAL_REPRESENTATION('',(#4584),#4588);
#4584 = LINE('',#4585,#4586);
#4585 = CARTESIAN_POINT('',(-8.,13.856406460551));
#4586 = VECTOR('',#4587,1.);
#4587 = DIRECTION('',(-0.5,-0.866025403784));
#4588 = ( GEOMETRIC_REPRESENTATION_CONTEXT(2) 
PARAMETRIC_REPRESENTATION_CONTEXT() REPRESENTATION_CONTEXT('2D SPACE',''
  ) );
#4589 = ADVANCED_FACE('',(#4590),#4249,.T.);
#4590 = FACE_BOUND('',#4591,.T.);
#4591 = EDGE_LOOP('',(#4592,#4593,#4594,#4595));
#4592 = ORIENTED_EDGE('',*,*,#4546,.F.);
#4593 = ORIENTED_EDGE('',*,*,#4233,.T.);
#4594 = ORIENTED_EDGE('',*,*,#4520,.F.);
#4595 = ORIENTED_EDGE('',*,*,#4596,.F.);
#4596 = EDGE_CURVE('',#4547,#4498,#4597,.T.);
#4597 = SURFACE_CURVE('',#4598,(#4602,#4609),.PCURVE_S1.);
#4598 = LINE('',#4599,#4600);
#4599 = CARTESIAN_POINT('',(18.,-16.,1.959434878636E-15));
#4600 = VECTOR('',#4601,1.);
#4601 = DIRECTION('',(0.,0.5,-0.866025403784));
#4602 = PCURVE('',#4249,#4603);
#4603 = DEFINITIONAL_REPRESENTATION('',(#4604),#4608);
#4604 = LINE('',#4605,#4606);
#4605 = CARTESIAN_POINT('',(0.,1.5));
#4606 = VECTOR('',#4607,1.);
#4607 = DIRECTION('',(1.,0.));
#4608 = ( GEOMETRIC_REPRESENTATION_CONTEXT(2) 
PARAMETRIC_REPRESENTATION_CONTEXT() REPRESENTATION_CONTEXT('2D SPACE',''
  ) );
#4609 = PCURVE('',#4361,#4610);
#4610 = DEFINITIONAL_REPRESENTATION('',(#4611),#4615);
#4611 = LINE('',#4612,#4613);
#4612 = CARTESIAN_POINT('',(-16.,1.051424234745E-15));
#4613 = VECTOR('',#4614,1.);
#4614 = DIRECTION('',(0.5,-0.866025403784));
#4615 = ( GEOMETRIC_REPRESENTATION_CONTEXT(2) 
PARAMETRIC_REPRESENTATION_CONTEXT() REPRESENTATION_CONTEXT('2D SPACE',''
  ) );
#4616 = ADVANCED_FACE('',(#4617,#4625),#4361,.T.);
#4617 = FACE_BOUND('',#4618,.T.);
#4618 = EDGE_LOOP('',(#4619,#4620,#4621,#4622,#4623,#4624));
#4619 = ORIENTED_EDGE('',*,*,#4345,.T.);
#4620 = ORIENTED_EDGE('',*,*,#4471,.T.);
#4621 = ORIENTED_EDGE('',*,*,#4569,.T.);
#4622 = ORIENTED_EDGE('',*,*,#4596,.T.);
#4623 = ORIENTED_EDGE('',*,*,#4497,.T.);
#4624 = ORIENTED_EDGE('',*,*,#4399,.T.);
#4625 = FACE_BOUND('',#4626,.T.);
#4626 = EDGE_LOOP('',(#4627));
#4627 = ORIENTED_EDGE('',*,*,#4628,.F.);
#4628 = EDGE_CURVE('',#4629,#4629,#4631,.T.);
#4629 = VERTEX_POINT('',#4630);
#4630 = CARTESIAN_POINT('',(18.,-9.797174393179E-16,-4.));
#4631 = SURFACE_CURVE('',#4632,(#4637,#4644),.PCURVE_S1.);
#4632 = CIRCLE('',#4633,4.);
#4633 = AXIS2_PLACEMENT_3D('',#4634,#4635,#4636);
#4634 = CARTESIAN_POINT('',(18.,0.,3.996802888651E-15));
#4635 = DIRECTION('',(1.,0.,2.22044604925E-16));
#4636 = DIRECTION('',(2.22044604925E-16,0.,-1.));
#4637 = PCURVE('',#4361,#4638);
#4638 = DEFINITIONAL_REPRESENTATION('',(#4639),#4643);
#4639 = CIRCLE('',#4640,4.);
#4640 = AXIS2_PLACEMENT_2D('',#4641,#4642);
#4641 = CARTESIAN_POINT('',(-1.480297366167E-16,3.088792244759E-15));
#4642 = DIRECTION('',(0.,-1.));
#4643 = ( GEOMETRIC_REPRESENTATION_CONTEXT(2) 
PARAMETRIC_REPRESENTATION_CONTEXT() REPRESENTATION_CONTEXT('2D SPACE',''
  ) );
#4644 = PCURVE('',#4645,#4650);
#4645 = CYLINDRICAL_SURFACE('',#4646,4.);
#4646 = AXIS2_PLACEMENT_3D('',#4647,#4648,#4649);
#4647 = CARTESIAN_POINT('',(-60.,0.,-1.33226762955E-14));
#4648 = DIRECTION('',(1.,0.,2.22044604925E-16));
#4649 = DIRECTION('',(2.22044604925E-16,0.,-1.));
#4650 = DEFINITIONAL_REPRESENTATION('',(#4651),#4655);
#4651 = LINE('',#4652,#4653);
#4652 = CARTESIAN_POINT('',(0.,78.));
#4653 = VECTOR('',#4654,1.);
#4654 = DIRECTION('',(1.,0.));
#4655 = ( GEOMETRIC_REPRESENTATION_CONTEXT(2) 
PARAMETRIC_REPRESENTATION_CONTEXT() REPRESENTATION_CONTEXT('2D SPACE',''
  ) );
#4656 = ADVANCED_FACE('',(#4657),#4645,.T.);
#4657 = FACE_BOUND('',#4658,.T.);
#4658 = EDGE_LOOP('',(#4659,#4682,#4683,#4684));
#4659 = ORIENTED_EDGE('',*,*,#4660,.F.);
#4660 = EDGE_CURVE('',#4629,#4661,#4663,.T.);
#4661 = VERTEX_POINT('',#4662);
#4662 = CARTESIAN_POINT('',(23.5,-9.797174393179E-16,-4.));
#4663 = SEAM_CURVE('',#4664,(#4668,#4675),.PCURVE_S1.);
#4664 = LINE('',#4665,#4666);
#4665 = CARTESIAN_POINT('',(-60.,-9.797174393179E-16,-4.));
#4666 = VECTOR('',#4667,1.);
#4667 = DIRECTION('',(1.,0.,2.22044604925E-16));
#4668 = PCURVE('',#4645,#4669);
#4669 = DEFINITIONAL_REPRESENTATION('',(#4670),#4674);
#4670 = LINE('',#4671,#4672);
#4671 = CARTESIAN_POINT('',(0.,-0.));
#4672 = VECTOR('',#4673,1.);
#4673 = DIRECTION('',(0.,1.));
#4674 = ( GEOMETRIC_REPRESENTATION_CONTEXT(2) 
PARAMETRIC_REPRESENTATION_CONTEXT() REPRESENTATION_CONTEXT('2D SPACE',''
  ) );
#4675 = PCURVE('',#4645,#4676);
#4676 = DEFINITIONAL_REPRESENTATION('',(#4677),#4681);
#4677 = LINE('',#4678,#4679);
#4678 = CARTESIAN_POINT('',(6.28318530718,-0.));
#4679 = VECTOR('',#4680,1.);
#4680 = DIRECTION('',(0.,1.));
#4681 = ( GEOMETRIC_REPRESENTATION_CONTEXT(2) 
PARAMETRIC_REPRESENTATION_CONTEXT() REPRESENTATION_CONTEXT('2D SPACE',''
  ) );
#4682 = ORIENTED_EDGE('',*,*,#4628,.T.);
#4683 = ORIENTED_EDGE('',*,*,#4660,.T.);
#4684 = ORIENTED_EDGE('',*,*,#4685,.F.);
#4685 = EDGE_CURVE('',#4661,#4661,#4686,.T.);
#4686 = SURFACE_CURVE('',#4687,(#4692,#4699),.PCURVE_S1.);
#4687 = CIRCLE('',#4688,4.);
#4688 = AXIS2_PLACEMENT_3D('',#4689,#4690,#4691);
#4689 = CARTESIAN_POINT('',(23.5,0.,5.218048215738E-15));
#4690 = DIRECTION('',(1.,0.,2.22044604925E-16));
#4691 = DIRECTION('',(2.22044604925E-16,0.,-1.));
#4692 = PCURVE('',#4645,#4693);
#4693 = DEFINITIONAL_REPRESENTATION('',(#4694),#4698);
#4694 = LINE('',#4695,#4696);
#4695 = CARTESIAN_POINT('',(0.,83.5));
#4696 = VECTOR('',#4697,1.);
#4697 = DIRECTION('',(1.,0.));
#4698 = ( GEOMETRIC_REPRESENTATION_CONTEXT(2) 
PARAMETRIC_REPRESENTATION_CONTEXT() REPRESENTATION_CONTEXT('2D SPACE',''
  ) );
#4699 = PCURVE('',#4700,#4705);
#4700 = PLANE('',#4701);
#4701 = AXIS2_PLACEMENT_3D('',#4702,#4703,#4704);
#4702 = CARTESIAN_POINT('',(23.5,1.480297366167E-16,9.080106438912E-16)
  );
#4703 = DIRECTION('',(1.,0.,0.));
#4704 = DIRECTION('',(0.,1.,0.));
#4705 = DEFINITIONAL_REPRESENTATION('',(#4706),#4710);
#4706 = CIRCLE('',#4707,4.);
#4707 = AXIS2_PLACEMENT_2D('',#4708,#4709);
#4708 = CARTESIAN_POINT('',(-1.480297366167E-16,4.310037571847E-15));
#4709 = DIRECTION('',(0.,-1.));
#4710 = ( GEOMETRIC_REPRESENTATION_CONTEXT(2) 
PARAMETRIC_REPRESENTATION_CONTEXT() REPRESENTATION_CONTEXT('2D SPACE',''
  ) );
#4711 = ADVANCED_FACE('',(#4712,#4882),#4700,.F.);
#4712 = FACE_BOUND('',#4713,.F.);
#4713 = EDGE_LOOP('',(#4714,#4744,#4772,#4800,#4828,#4856));
#4714 = ORIENTED_EDGE('',*,*,#4715,.T.);
#4715 = EDGE_CURVE('',#4716,#4718,#4720,.T.);
#4716 = VERTEX_POINT('',#4717);
#4717 = CARTESIAN_POINT('',(23.5,16.,0.));
#4718 = VERTEX_POINT('',#4719);
#4719 = CARTESIAN_POINT('',(23.5,8.,13.856406460551));
#4720 = SURFACE_CURVE('',#4721,(#4725,#4732),.PCURVE_S1.);
#4721 = LINE('',#4722,#4723);
#4722 = CARTESIAN_POINT('',(23.5,16.,0.));
#4723 = VECTOR('',#4724,1.);
#4724 = DIRECTION('',(0.,-0.5,0.866025403784));
#4725 = PCURVE('',#4700,#4726);
#4726 = DEFINITIONAL_REPRESENTATION('',(#4727),#4731);
#4727 = LINE('',#4728,#4729);
#4728 = CARTESIAN_POINT('',(16.,-9.080106438912E-16));
#4729 = VECTOR('',#4730,1.);
#4730 = DIRECTION('',(-0.5,0.866025403784));
#4731 = ( GEOMETRIC_REPRESENTATION_CONTEXT(2) 
PARAMETRIC_REPRESENTATION_CONTEXT() REPRESENTATION_CONTEXT('2D SPACE',''
  ) );
#4732 = PCURVE('',#4733,#4738);
#4733 = PLANE('',#4734);
#4734 = AXIS2_PLACEMENT_3D('',#4735,#4736,#4737);
#4735 = CARTESIAN_POINT('',(25.,16.,0.));
#4736 = DIRECTION('',(-0.,0.866025403784,0.5));
#4737 = DIRECTION('',(0.,-0.5,0.866025403784));
#4738 = DEFINITIONAL_REPRESENTATION('',(#4739),#4743);
#4739 = LINE('',#4740,#4741);
#4740 = CARTESIAN_POINT('',(0.,-1.5));
#4741 = VECTOR('',#4742,1.);
#4742 = DIRECTION('',(1.,0.));
#4743 = ( GEOMETRIC_REPRESENTATION_CONTEXT(2) 
PARAMETRIC_REPRESENTATION_CONTEXT() REPRESENTATION_CONTEXT('2D SPACE',''
  ) );
#4744 = ORIENTED_EDGE('',*,*,#4745,.T.);
#4745 = EDGE_CURVE('',#4718,#4746,#4748,.T.);
#4746 = VERTEX_POINT('',#4747);
#4747 = CARTESIAN_POINT('',(23.5,-8.,13.856406460551));
#4748 = SURFACE_CURVE('',#4749,(#4753,#4760),.PCURVE_S1.);
#4749 = LINE('',#4750,#4751);
#4750 = CARTESIAN_POINT('',(23.5,8.,13.856406460551));
#4751 = VECTOR('',#4752,1.);
#4752 = DIRECTION('',(0.,-1.,1.110223024625E-16));
#4753 = PCURVE('',#4700,#4754);
#4754 = DEFINITIONAL_REPRESENTATION('',(#4755),#4759);
#4755 = LINE('',#4756,#4757);
#4756 = CARTESIAN_POINT('',(8.,13.856406460551));
#4757 = VECTOR('',#4758,1.);
#4758 = DIRECTION('',(-1.,1.110223024625E-16));
#4759 = ( GEOMETRIC_REPRESENTATION_CONTEXT(2) 
PARAMETRIC_REPRESENTATION_CONTEXT() REPRESENTATION_CONTEXT('2D SPACE',''
  ) );
#4760 = PCURVE('',#4761,#4766);
#4761 = PLANE('',#4762);
#4762 = AXIS2_PLACEMENT_3D('',#4763,#4764,#4765);
#4763 = CARTESIAN_POINT('',(25.,8.,13.856406460551));
#4764 = DIRECTION('',(-0.,1.110223024625E-16,1.));
#4765 = DIRECTION('',(0.,-1.,1.110223024625E-16));
#4766 = DEFINITIONAL_REPRESENTATION('',(#4767),#4771);
#4767 = LINE('',#4768,#4769);
#4768 = CARTESIAN_POINT('',(0.,-1.5));
#4769 = VECTOR('',#4770,1.);
#4770 = DIRECTION('',(1.,0.));
#4771 = ( GEOMETRIC_REPRESENTATION_CONTEXT(2) 
PARAMETRIC_REPRESENTATION_CONTEXT() REPRESENTATION_CONTEXT('2D SPACE',''
  ) );
#4772 = ORIENTED_EDGE('',*,*,#4773,.T.);
#4773 = EDGE_CURVE('',#4746,#4774,#4776,.T.);
#4774 = VERTEX_POINT('',#4775);
#4775 = CARTESIAN_POINT('',(23.5,-16.,1.959434878636E-15));
#4776 = SURFACE_CURVE('',#4777,(#4781,#4788),.PCURVE_S1.);
#4777 = LINE('',#4778,#4779);
#4778 = CARTESIAN_POINT('',(23.5,-8.,13.856406460551));
#4779 = VECTOR('',#4780,1.);
#4780 = DIRECTION('',(0.,-0.5,-0.866025403784));
#4781 = PCURVE('',#4700,#4782);
#4782 = DEFINITIONAL_REPRESENTATION('',(#4783),#4787);
#4783 = LINE('',#4784,#4785);
#4784 = CARTESIAN_POINT('',(-8.,13.856406460551));
#4785 = VECTOR('',#4786,1.);
#4786 = DIRECTION('',(-0.5,-0.866025403784));
#4787 = ( GEOMETRIC_REPRESENTATION_CONTEXT(2) 
PARAMETRIC_REPRESENTATION_CONTEXT() REPRESENTATION_CONTEXT('2D SPACE',''
  ) );
#4788 = PCURVE('',#4789,#4794);
#4789 = PLANE('',#4790);
#4790 = AXIS2_PLACEMENT_3D('',#4791,#4792,#4793);
#4791 = CARTESIAN_POINT('',(25.,-8.,13.856406460551));
#4792 = DIRECTION('',(0.,-0.866025403784,0.5));
#4793 = DIRECTION('',(0.,-0.5,-0.866025403784));
#4794 = DEFINITIONAL_REPRESENTATION('',(#4795),#4799);
#4795 = LINE('',#4796,#4797);
#4796 = CARTESIAN_POINT('',(-0.,-1.5));
#4797 = VECTOR('',#4798,1.);
#4798 = DIRECTION('',(1.,0.));
#4799 = ( GEOMETRIC_REPRESENTATION_CONTEXT(2) 
PARAMETRIC_REPRESENTATION_CONTEXT() REPRESENTATION_CONTEXT('2D SPACE',''
  ) );
#4800 = ORIENTED_EDGE('',*,*,#4801,.T.);
#4801 = EDGE_CURVE('',#4774,#4802,#4804,.T.);
#4802 = VERTEX_POINT('',#4803);
#4803 = CARTESIAN_POINT('',(23.5,-8.,-13.85640646055));
#4804 = SURFACE_CURVE('',#4805,(#4809,#4816),.PCURVE_S1.);
#4805 = LINE('',#4806,#4807);
#4806 = CARTESIAN_POINT('',(23.5,-16.,1.959434878636E-15));
#4807 = VECTOR('',#4808,1.);
#4808 = DIRECTION('',(0.,0.5,-0.866025403784));
#4809 = PCURVE('',#4700,#4810);
#4810 = DEFINITIONAL_REPRESENTATION('',(#4811),#4815);
#4811 = LINE('',#4812,#4813);
#4812 = CARTESIAN_POINT('',(-16.,1.051424234745E-15));
#4813 = VECTOR('',#4814,1.);
#4814 = DIRECTION('',(0.5,-0.866025403784));
#4815 = ( GEOMETRIC_REPRESENTATION_CONTEXT(2) 
PARAMETRIC_REPRESENTATION_CONTEXT() REPRESENTATION_CONTEXT('2D SPACE',''
  ) );
#4816 = PCURVE('',#4817,#4822);
#4817 = PLANE('',#4818);
#4818 = AXIS2_PLACEMENT_3D('',#4819,#4820,#4821);
#4819 = CARTESIAN_POINT('',(25.,-16.,1.959434878636E-15));
#4820 = DIRECTION('',(0.,-0.866025403784,-0.5));
#4821 = DIRECTION('',(0.,0.5,-0.866025403784));
#4822 = DEFINITIONAL_REPRESENTATION('',(#4823),#4827);
#4823 = LINE('',#4824,#4825);
#4824 = CARTESIAN_POINT('',(0.,-1.5));
#4825 = VECTOR('',#4826,1.);
#4826 = DIRECTION('',(1.,0.));
#4827 = ( GEOMETRIC_REPRESENTATION_CONTEXT(2) 
PARAMETRIC_REPRESENTATION_CONTEXT() REPRESENTATION_CONTEXT('2D SPACE',''
  ) );
#4828 = ORIENTED_EDGE('',*,*,#4829,.T.);
#4829 = EDGE_CURVE('',#4802,#4830,#4832,.T.);
#4830 = VERTEX_POINT('',#4831);
#4831 = CARTESIAN_POINT('',(23.5,8.,-13.85640646055));
#4832 = SURFACE_CURVE('',#4833,(#4837,#4844),.PCURVE_S1.);
#4833 = LINE('',#4834,#4835);
#4834 = CARTESIAN_POINT('',(23.5,-8.,-13.85640646055));
#4835 = VECTOR('',#4836,1.);
#4836 = DIRECTION('',(0.,1.,-2.22044604925E-16));
#4837 = PCURVE('',#4700,#4838);
#4838 = DEFINITIONAL_REPRESENTATION('',(#4839),#4843);
#4839 = LINE('',#4840,#4841);
#4840 = CARTESIAN_POINT('',(-8.,-13.85640646055));
#4841 = VECTOR('',#4842,1.);
#4842 = DIRECTION('',(1.,-2.22044604925E-16));
#4843 = ( GEOMETRIC_REPRESENTATION_CONTEXT(2) 
PARAMETRIC_REPRESENTATION_CONTEXT() REPRESENTATION_CONTEXT('2D SPACE',''
  ) );
#4844 = PCURVE('',#4845,#4850);
#4845 = PLANE('',#4846);
#4846 = AXIS2_PLACEMENT_3D('',#4847,#4848,#4849);
#4847 = CARTESIAN_POINT('',(25.,-8.,-13.85640646055));
#4848 = DIRECTION('',(0.,-2.22044604925E-16,-1.));
#4849 = DIRECTION('',(0.,1.,-2.22044604925E-16));
#4850 = DEFINITIONAL_REPRESENTATION('',(#4851),#4855);
#4851 = LINE('',#4852,#4853);
#4852 = CARTESIAN_POINT('',(0.,-1.5));
#4853 = VECTOR('',#4854,1.);
#4854 = DIRECTION('',(1.,0.));
#4855 = ( GEOMETRIC_REPRESENTATION_CONTEXT(2) 
PARAMETRIC_REPRESENTATION_CONTEXT() REPRESENTATION_CONTEXT('2D SPACE',''
  ) );
#4856 = ORIENTED_EDGE('',*,*,#4857,.T.);
#4857 = EDGE_CURVE('',#4830,#4716,#4858,.T.);
#4858 = SURFACE_CURVE('',#4859,(#4863,#4870),.PCURVE_S1.);
#4859 = LINE('',#4860,#4861);
#4860 = CARTESIAN_POINT('',(23.5,8.,-13.85640646055));
#4861 = VECTOR('',#4862,1.);
#4862 = DIRECTION('',(0.,0.5,0.866025403784));
#4863 = PCURVE('',#4700,#4864);
#4864 = DEFINITIONAL_REPRESENTATION('',(#4865),#4869);
#4865 = LINE('',#4866,#4867);
#4866 = CARTESIAN_POINT('',(8.,-13.85640646055));
#4867 = VECTOR('',#4868,1.);
#4868 = DIRECTION('',(0.5,0.866025403784));
#4869 = ( GEOMETRIC_REPRESENTATION_CONTEXT(2) 
PARAMETRIC_REPRESENTATION_CONTEXT() REPRESENTATION_CONTEXT('2D SPACE',''
  ) );
#4870 = PCURVE('',#4871,#4876);
#4871 = PLANE('',#4872);
#4872 = AXIS2_PLACEMENT_3D('',#4873,#4874,#4875);
#4873 = CARTESIAN_POINT('',(25.,8.,-13.85640646055));
#4874 = DIRECTION('',(0.,0.866025403784,-0.5));
#4875 = DIRECTION('',(0.,0.5,0.866025403784));
#4876 = DEFINITIONAL_REPRESENTATION('',(#4877),#4881);
#4877 = LINE('',#4878,#4879);
#4878 = CARTESIAN_POINT('',(0.,-1.5));
#4879 = VECTOR('',#4880,1.);
#4880 = DIRECTION('',(1.,0.));
#4881 = ( GEOMETRIC_REPRESENTATION_CONTEXT(2) 
PARAMETRIC_REPRESENTATION_CONTEXT() REPRESENTATION_CONTEXT('2D SPACE',''
  ) );
#4882 = FACE_BOUND('',#4883,.F.);
#4883 = EDGE_LOOP('',(#4884));
#4884 = ORIENTED_EDGE('',*,*,#4685,.F.);
#4885 = ADVANCED_FACE('',(#4886),#4733,.T.);
#4886 = FACE_BOUND('',#4887,.T.);
#4887 = EDGE_LOOP('',(#4888,#4889,#4912,#4940));
#4888 = ORIENTED_EDGE('',*,*,#4715,.T.);
#4889 = ORIENTED_EDGE('',*,*,#4890,.T.);
#4890 = EDGE_CURVE('',#4718,#4891,#4893,.T.);
#4891 = VERTEX_POINT('',#4892);
#4892 = CARTESIAN_POINT('',(26.5,8.,13.856406460551));
#4893 = SURFACE_CURVE('',#4894,(#4898,#4905),.PCURVE_S1.);
#4894 = LINE('',#4895,#4896);
#4895 = CARTESIAN_POINT('',(23.5,8.,13.856406460551));
#4896 = VECTOR('',#4897,1.);
#4897 = DIRECTION('',(1.,0.,0.));
#4898 = PCURVE('',#4733,#4899);
#4899 = DEFINITIONAL_REPRESENTATION('',(#4900),#4904);
#4900 = LINE('',#4901,#4902);
#4901 = CARTESIAN_POINT('',(16.,-1.5));
#4902 = VECTOR('',#4903,1.);
#4903 = DIRECTION('',(0.,1.));
#4904 = ( GEOMETRIC_REPRESENTATION_CONTEXT(2) 
PARAMETRIC_REPRESENTATION_CONTEXT() REPRESENTATION_CONTEXT('2D SPACE',''
  ) );
#4905 = PCURVE('',#4761,#4906);
#4906 = DEFINITIONAL_REPRESENTATION('',(#4907),#4911);
#4907 = LINE('',#4908,#4909);
#4908 = CARTESIAN_POINT('',(0.,-1.5));
#4909 = VECTOR('',#4910,1.);
#4910 = DIRECTION('',(0.,1.));
#4911 = ( GEOMETRIC_REPRESENTATION_CONTEXT(2) 
PARAMETRIC_REPRESENTATION_CONTEXT() REPRESENTATION_CONTEXT('2D SPACE',''
  ) );
#4912 = ORIENTED_EDGE('',*,*,#4913,.F.);
#4913 = EDGE_CURVE('',#4914,#4891,#4916,.T.);
#4914 = VERTEX_POINT('',#4915);
#4915 = CARTESIAN_POINT('',(26.5,16.,0.));
#4916 = SURFACE_CURVE('',#4917,(#4921,#4928),.PCURVE_S1.);
#4917 = LINE('',#4918,#4919);
#4918 = CARTESIAN_POINT('',(26.5,16.,0.));
#4919 = VECTOR('',#4920,1.);
#4920 = DIRECTION('',(0.,-0.5,0.866025403784));
#4921 = PCURVE('',#4733,#4922);
#4922 = DEFINITIONAL_REPRESENTATION('',(#4923),#4927);
#4923 = LINE('',#4924,#4925);
#4924 = CARTESIAN_POINT('',(0.,1.5));
#4925 = VECTOR('',#4926,1.);
#4926 = DIRECTION('',(1.,0.));
#4927 = ( GEOMETRIC_REPRESENTATION_CONTEXT(2) 
PARAMETRIC_REPRESENTATION_CONTEXT() REPRESENTATION_CONTEXT('2D SPACE',''
  ) );
#4928 = PCURVE('',#4929,#4934);
#4929 = PLANE('',#4930);
#4930 = AXIS2_PLACEMENT_3D('',#4931,#4932,#4933);
#4931 = CARTESIAN_POINT('',(26.5,1.480297366167E-16,9.080106438912E-16)
  );
#4932 = DIRECTION('',(1.,0.,0.));
#4933 = DIRECTION('',(0.,1.,0.));
#4934 = DEFINITIONAL_REPRESENTATION('',(#4935),#4939);
#4935 = LINE('',#4936,#4937);
#4936 = CARTESIAN_POINT('',(16.,-9.080106438912E-16));
#4937 = VECTOR('',#4938,1.);
#4938 = DIRECTION('',(-0.5,0.866025403784));
#4939 = ( GEOMETRIC_REPRESENTATION_CONTEXT(2) 
PARAMETRIC_REPRESENTATION_CONTEXT() REPRESENTATION_CONTEXT('2D SPACE',''
  ) );
#4940 = ORIENTED_EDGE('',*,*,#4941,.T.);
#4941 = EDGE_CURVE('',#4914,#4716,#4942,.T.);
#4942 = SURFACE_CURVE('',#4943,(#4947,#4954),.PCURVE_S1.);
#4943 = LINE('',#4944,#4945);
#4944 = CARTESIAN_POINT('',(26.5,16.,0.));
#4945 = VECTOR('',#4946,1.);
#4946 = DIRECTION('',(-1.,0.,0.));
#4947 = PCURVE('',#4733,#4948);
#4948 = DEFINITIONAL_REPRESENTATION('',(#4949),#4953);
#4949 = LINE('',#4950,#4951);
#4950 = CARTESIAN_POINT('',(0.,1.5));
#4951 = VECTOR('',#4952,1.);
#4952 = DIRECTION('',(0.,-1.));
#4953 = ( GEOMETRIC_REPRESENTATION_CONTEXT(2) 
PARAMETRIC_REPRESENTATION_CONTEXT() REPRESENTATION_CONTEXT('2D SPACE',''
  ) );
#4954 = PCURVE('',#4871,#4955);
#4955 = DEFINITIONAL_REPRESENTATION('',(#4956),#4960);
#4956 = LINE('',#4957,#4958);
#4957 = CARTESIAN_POINT('',(16.,1.5));
#4958 = VECTOR('',#4959,1.);
#4959 = DIRECTION('',(0.,-1.));
#4960 = ( GEOMETRIC_REPRESENTATION_CONTEXT(2) 
PARAMETRIC_REPRESENTATION_CONTEXT() REPRESENTATION_CONTEXT('2D SPACE',''
  ) );
#4961 = ADVANCED_FACE('',(#4962),#4871,.T.);
#4962 = FACE_BOUND('',#4963,.T.);
#4963 = EDGE_LOOP('',(#4964,#4965,#4966,#4989));
#4964 = ORIENTED_EDGE('',*,*,#4857,.T.);
#4965 = ORIENTED_EDGE('',*,*,#4941,.F.);
#4966 = ORIENTED_EDGE('',*,*,#4967,.F.);
#4967 = EDGE_CURVE('',#4968,#4914,#4970,.T.);
#4968 = VERTEX_POINT('',#4969);
#4969 = CARTESIAN_POINT('',(26.5,8.,-13.85640646055));
#4970 = SURFACE_CURVE('',#4971,(#4975,#4982),.PCURVE_S1.);
#4971 = LINE('',#4972,#4973);
#4972 = CARTESIAN_POINT('',(26.5,8.,-13.85640646055));
#4973 = VECTOR('',#4974,1.);
#4974 = DIRECTION('',(0.,0.5,0.866025403784));
#4975 = PCURVE('',#4871,#4976);
#4976 = DEFINITIONAL_REPRESENTATION('',(#4977),#4981);
#4977 = LINE('',#4978,#4979);
#4978 = CARTESIAN_POINT('',(0.,1.5));
#4979 = VECTOR('',#4980,1.);
#4980 = DIRECTION('',(1.,0.));
#4981 = ( GEOMETRIC_REPRESENTATION_CONTEXT(2) 
PARAMETRIC_REPRESENTATION_CONTEXT() REPRESENTATION_CONTEXT('2D SPACE',''
  ) );
#4982 = PCURVE('',#4929,#4983);
#4983 = DEFINITIONAL_REPRESENTATION('',(#4984),#4988);
#4984 = LINE('',#4985,#4986);
#4985 = CARTESIAN_POINT('',(8.,-13.85640646055));
#4986 = VECTOR('',#4987,1.);
#4987 = DIRECTION('',(0.5,0.866025403784));
#4988 = ( GEOMETRIC_REPRESENTATION_CONTEXT(2) 
PARAMETRIC_REPRESENTATION_CONTEXT() REPRESENTATION_CONTEXT('2D SPACE',''
  ) );
#4989 = ORIENTED_EDGE('',*,*,#4990,.T.);
#4990 = EDGE_CURVE('',#4968,#4830,#4991,.T.);
#4991 = SURFACE_CURVE('',#4992,(#4996,#5003),.PCURVE_S1.);
#4992 = LINE('',#4993,#4994);
#4993 = CARTESIAN_POINT('',(26.5,8.,-13.85640646055));
#4994 = VECTOR('',#4995,1.);
#4995 = DIRECTION('',(-1.,0.,0.));
#4996 = PCURVE('',#4871,#4997);
#4997 = DEFINITIONAL_REPRESENTATION('',(#4998),#5002);
#4998 = LINE('',#4999,#5000);
#4999 = CARTESIAN_POINT('',(0.,1.5));
#5000 = VECTOR('',#5001,1.);
#5001 = DIRECTION('',(0.,-1.));
#5002 = ( GEOMETRIC_REPRESENTATION_CONTEXT(2) 
PARAMETRIC_REPRESENTATION_CONTEXT() REPRESENTATION_CONTEXT('2D SPACE',''
  ) );
#5003 = PCURVE('',#4845,#5004);
#5004 = DEFINITIONAL_REPRESENTATION('',(#5005),#5009);
#5005 = LINE('',#5006,#5007);
#5006 = CARTESIAN_POINT('',(16.,1.5));
#5007 = VECTOR('',#5008,1.);
#5008 = DIRECTION('',(0.,-1.));
#5009 = ( GEOMETRIC_REPRESENTATION_CONTEXT(2) 
PARAMETRIC_REPRESENTATION_CONTEXT() REPRESENTATION_CONTEXT('2D SPACE',''
  ) );
#5010 = ADVANCED_FACE('',(#5011),#4761,.T.);
#5011 = FACE_BOUND('',#5012,.T.);
#5012 = EDGE_LOOP('',(#5013,#5014,#5015,#5038));
#5013 = ORIENTED_EDGE('',*,*,#4890,.F.);
#5014 = ORIENTED_EDGE('',*,*,#4745,.T.);
#5015 = ORIENTED_EDGE('',*,*,#5016,.T.);
#5016 = EDGE_CURVE('',#4746,#5017,#5019,.T.);
#5017 = VERTEX_POINT('',#5018);
#5018 = CARTESIAN_POINT('',(26.5,-8.,13.856406460551));
#5019 = SURFACE_CURVE('',#5020,(#5024,#5031),.PCURVE_S1.);
#5020 = LINE('',#5021,#5022);
#5021 = CARTESIAN_POINT('',(23.5,-8.,13.856406460551));
#5022 = VECTOR('',#5023,1.);
#5023 = DIRECTION('',(1.,0.,0.));
#5024 = PCURVE('',#4761,#5025);
#5025 = DEFINITIONAL_REPRESENTATION('',(#5026),#5030);
#5026 = LINE('',#5027,#5028);
#5027 = CARTESIAN_POINT('',(16.,-1.5));
#5028 = VECTOR('',#5029,1.);
#5029 = DIRECTION('',(0.,1.));
#5030 = ( GEOMETRIC_REPRESENTATION_CONTEXT(2) 
PARAMETRIC_REPRESENTATION_CONTEXT() REPRESENTATION_CONTEXT('2D SPACE',''
  ) );
#5031 = PCURVE('',#4789,#5032);
#5032 = DEFINITIONAL_REPRESENTATION('',(#5033),#5037);
#5033 = LINE('',#5034,#5035);
#5034 = CARTESIAN_POINT('',(-0.,-1.5));
#5035 = VECTOR('',#5036,1.);
#5036 = DIRECTION('',(0.,1.));
#5037 = ( GEOMETRIC_REPRESENTATION_CONTEXT(2) 
PARAMETRIC_REPRESENTATION_CONTEXT() REPRESENTATION_CONTEXT('2D SPACE',''
  ) );
#5038 = ORIENTED_EDGE('',*,*,#5039,.F.);
#5039 = EDGE_CURVE('',#4891,#5017,#5040,.T.);
#5040 = SURFACE_CURVE('',#5041,(#5045,#5052),.PCURVE_S1.);
#5041 = LINE('',#5042,#5043);
#5042 = CARTESIAN_POINT('',(26.5,8.,13.856406460551));
#5043 = VECTOR('',#5044,1.);
#5044 = DIRECTION('',(0.,-1.,1.110223024625E-16));
#5045 = PCURVE('',#4761,#5046);
#5046 = DEFINITIONAL_REPRESENTATION('',(#5047),#5051);
#5047 = LINE('',#5048,#5049);
#5048 = CARTESIAN_POINT('',(0.,1.5));
#5049 = VECTOR('',#5050,1.);
#5050 = DIRECTION('',(1.,0.));
#5051 = ( GEOMETRIC_REPRESENTATION_CONTEXT(2) 
PARAMETRIC_REPRESENTATION_CONTEXT() REPRESENTATION_CONTEXT('2D SPACE',''
  ) );
#5052 = PCURVE('',#4929,#5053);
#5053 = DEFINITIONAL_REPRESENTATION('',(#5054),#5058);
#5054 = LINE('',#5055,#5056);
#5055 = CARTESIAN_POINT('',(8.,13.856406460551));
#5056 = VECTOR('',#5057,1.);
#5057 = DIRECTION('',(-1.,1.110223024625E-16));
#5058 = ( GEOMETRIC_REPRESENTATION_CONTEXT(2) 
PARAMETRIC_REPRESENTATION_CONTEXT() REPRESENTATION_CONTEXT('2D SPACE',''
  ) );
#5059 = ADVANCED_FACE('',(#5060),#4845,.T.);
#5060 = FACE_BOUND('',#5061,.T.);
#5061 = EDGE_LOOP('',(#5062,#5063,#5064,#5087));
#5062 = ORIENTED_EDGE('',*,*,#4829,.T.);
#5063 = ORIENTED_EDGE('',*,*,#4990,.F.);
#5064 = ORIENTED_EDGE('',*,*,#5065,.F.);
#5065 = EDGE_CURVE('',#5066,#4968,#5068,.T.);
#5066 = VERTEX_POINT('',#5067);
#5067 = CARTESIAN_POINT('',(26.5,-8.,-13.85640646055));
#5068 = SURFACE_CURVE('',#5069,(#5073,#5080),.PCURVE_S1.);
#5069 = LINE('',#5070,#5071);
#5070 = CARTESIAN_POINT('',(26.5,-8.,-13.85640646055));
#5071 = VECTOR('',#5072,1.);
#5072 = DIRECTION('',(0.,1.,-2.22044604925E-16));
#5073 = PCURVE('',#4845,#5074);
#5074 = DEFINITIONAL_REPRESENTATION('',(#5075),#5079);
#5075 = LINE('',#5076,#5077);
#5076 = CARTESIAN_POINT('',(0.,1.5));
#5077 = VECTOR('',#5078,1.);
#5078 = DIRECTION('',(1.,0.));
#5079 = ( GEOMETRIC_REPRESENTATION_CONTEXT(2) 
PARAMETRIC_REPRESENTATION_CONTEXT() REPRESENTATION_CONTEXT('2D SPACE',''
  ) );
#5080 = PCURVE('',#4929,#5081);
#5081 = DEFINITIONAL_REPRESENTATION('',(#5082),#5086);
#5082 = LINE('',#5083,#5084);
#5083 = CARTESIAN_POINT('',(-8.,-13.85640646055));
#5084 = VECTOR('',#5085,1.);
#5085 = DIRECTION('',(1.,-2.22044604925E-16));
#5086 = ( GEOMETRIC_REPRESENTATION_CONTEXT(2) 
PARAMETRIC_REPRESENTATION_CONTEXT() REPRESENTATION_CONTEXT('2D SPACE',''
  ) );
#5087 = ORIENTED_EDGE('',*,*,#5088,.T.);
#5088 = EDGE_CURVE('',#5066,#4802,#5089,.T.);
#5089 = SURFACE_CURVE('',#5090,(#5094,#5101),.PCURVE_S1.);
#5090 = LINE('',#5091,#5092);
#5091 = CARTESIAN_POINT('',(26.5,-8.,-13.85640646055));
#5092 = VECTOR('',#5093,1.);
#5093 = DIRECTION('',(-1.,0.,0.));
#5094 = PCURVE('',#4845,#5095);
#5095 = DEFINITIONAL_REPRESENTATION('',(#5096),#5100);
#5096 = LINE('',#5097,#5098);
#5097 = CARTESIAN_POINT('',(0.,1.5));
#5098 = VECTOR('',#5099,1.);
#5099 = DIRECTION('',(0.,-1.));
#5100 = ( GEOMETRIC_REPRESENTATION_CONTEXT(2) 
PARAMETRIC_REPRESENTATION_CONTEXT() REPRESENTATION_CONTEXT('2D SPACE',''
  ) );
#5101 = PCURVE('',#4817,#5102);
#5102 = DEFINITIONAL_REPRESENTATION('',(#5103),#5107);
#5103 = LINE('',#5104,#5105);
#5104 = CARTESIAN_POINT('',(16.,1.5));
#5105 = VECTOR('',#5106,1.);
#5106 = DIRECTION('',(0.,-1.));
#5107 = ( GEOMETRIC_REPRESENTATION_CONTEXT(2) 
PARAMETRIC_REPRESENTATION_CONTEXT() REPRESENTATION_CONTEXT('2D SPACE',''
  ) );
#5108 = ADVANCED_FACE('',(#5109),#4789,.T.);
#5109 = FACE_BOUND('',#5110,.T.);
#5110 = EDGE_LOOP('',(#5111,#5112,#5113,#5136));
#5111 = ORIENTED_EDGE('',*,*,#5016,.F.);
#5112 = ORIENTED_EDGE('',*,*,#4773,.T.);
#5113 = ORIENTED_EDGE('',*,*,#5114,.T.);
#5114 = EDGE_CURVE('',#4774,#5115,#5117,.T.);
#5115 = VERTEX_POINT('',#5116);
#5116 = CARTESIAN_POINT('',(26.5,-16.,1.959434878636E-15));
#5117 = SURFACE_CURVE('',#5118,(#5122,#5129),.PCURVE_S1.);
#5118 = LINE('',#5119,#5120);
#5119 = CARTESIAN_POINT('',(23.5,-16.,1.959434878636E-15));
#5120 = VECTOR('',#5121,1.);
#5121 = DIRECTION('',(1.,0.,0.));
#5122 = PCURVE('',#4789,#5123);
#5123 = DEFINITIONAL_REPRESENTATION('',(#5124),#5128);
#5124 = LINE('',#5125,#5126);
#5125 = CARTESIAN_POINT('',(16.,-1.5));
#5126 = VECTOR('',#5127,1.);
#5127 = DIRECTION('',(0.,1.));
#5128 = ( GEOMETRIC_REPRESENTATION_CONTEXT(2) 
PARAMETRIC_REPRESENTATION_CONTEXT() REPRESENTATION_CONTEXT('2D SPACE',''
  ) );
#5129 = PCURVE('',#4817,#5130);
#5130 = DEFINITIONAL_REPRESENTATION('',(#5131),#5135);
#5131 = LINE('',#5132,#5133);
#5132 = CARTESIAN_POINT('',(0.,-1.5));
#5133 = VECTOR('',#5134,1.);
#5134 = DIRECTION('',(0.,1.));
#5135 = ( GEOMETRIC_REPRESENTATION_CONTEXT(2) 
PARAMETRIC_REPRESENTATION_CONTEXT() REPRESENTATION_CONTEXT('2D SPACE',''
  ) );
#5136 = ORIENTED_EDGE('',*,*,#5137,.F.);
#5137 = EDGE_CURVE('',#5017,#5115,#5138,.T.);
#5138 = SURFACE_CURVE('',#5139,(#5143,#5150),.PCURVE_S1.);
#5139 = LINE('',#5140,#5141);
#5140 = CARTESIAN_POINT('',(26.5,-8.,13.856406460551));
#5141 = VECTOR('',#5142,1.);
#5142 = DIRECTION('',(0.,-0.5,-0.866025403784));
#5143 = PCURVE('',#4789,#5144);
#5144 = DEFINITIONAL_REPRESENTATION('',(#5145),#5149);
#5145 = LINE('',#5146,#5147);
#5146 = CARTESIAN_POINT('',(0.,1.5));
#5147 = VECTOR('',#5148,1.);
#5148 = DIRECTION('',(1.,0.));
#5149 = ( GEOMETRIC_REPRESENTATION_CONTEXT(2) 
PARAMETRIC_REPRESENTATION_CONTEXT() REPRESENTATION_CONTEXT('2D SPACE',''
  ) );
#5150 = PCURVE('',#4929,#5151);
#5151 = DEFINITIONAL_REPRESENTATION('',(#5152),#5156);
#5152 = LINE('',#5153,#5154);
#5153 = CARTESIAN_POINT('',(-8.,13.856406460551));
#5154 = VECTOR('',#5155,1.);
#5155 = DIRECTION('',(-0.5,-0.866025403784));
#5156 = ( GEOMETRIC_REPRESENTATION_CONTEXT(2) 
PARAMETRIC_REPRESENTATION_CONTEXT() REPRESENTATION_CONTEXT('2D SPACE',''
  ) );
#5157 = ADVANCED_FACE('',(#5158),#4817,.T.);
#5158 = FACE_BOUND('',#5159,.T.);
#5159 = EDGE_LOOP('',(#5160,#5161,#5162,#5163));
#5160 = ORIENTED_EDGE('',*,*,#5114,.F.);
#5161 = ORIENTED_EDGE('',*,*,#4801,.T.);
#5162 = ORIENTED_EDGE('',*,*,#5088,.F.);
#5163 = ORIENTED_EDGE('',*,*,#5164,.F.);
#5164 = EDGE_CURVE('',#5115,#5066,#5165,.T.);
#5165 = SURFACE_CURVE('',#5166,(#5170,#5177),.PCURVE_S1.);
#5166 = LINE('',#5167,#5168);
#5167 = CARTESIAN_POINT('',(26.5,-16.,1.959434878636E-15));
#5168 = VECTOR('',#5169,1.);
#5169 = DIRECTION('',(0.,0.5,-0.866025403784));
#5170 = PCURVE('',#4817,#5171);
#5171 = DEFINITIONAL_REPRESENTATION('',(#5172),#5176);
#5172 = LINE('',#5173,#5174);
#5173 = CARTESIAN_POINT('',(0.,1.5));
#5174 = VECTOR('',#5175,1.);
#5175 = DIRECTION('',(1.,0.));
#5176 = ( GEOMETRIC_REPRESENTATION_CONTEXT(2) 
PARAMETRIC_REPRESENTATION_CONTEXT() REPRESENTATION_CONTEXT('2D SPACE',''
  ) );
#5177 = PCURVE('',#4929,#5178);
#5178 = DEFINITIONAL_REPRESENTATION('',(#5179),#5183);
#5179 = LINE('',#5180,#5181);
#5180 = CARTESIAN_POINT('',(-16.,1.051424234745E-15));
#5181 = VECTOR('',#5182,1.);
#5182 = DIRECTION('',(0.5,-0.866025403784));
#5183 = ( GEOMETRIC_REPRESENTATION_CONTEXT(2) 
PARAMETRIC_REPRESENTATION_CONTEXT() REPRESENTATION_CONTEXT('2D SPACE',''
  ) );
#5184 = ADVANCED_FACE('',(#5185,#5193),#4929,.T.);
#5185 = FACE_BOUND('',#5186,.T.);
#5186 = EDGE_LOOP('',(#5187,#5188,#5189,#5190,#5191,#5192));
#5187 = ORIENTED_EDGE('',*,*,#4913,.T.);
#5188 = ORIENTED_EDGE('',*,*,#5039,.T.);
#5189 = ORIENTED_EDGE('',*,*,#5137,.T.);
#5190 = ORIENTED_EDGE('',*,*,#5164,.T.);
#5191 = ORIENTED_EDGE('',*,*,#5065,.T.);
#5192 = ORIENTED_EDGE('',*,*,#4967,.T.);
#5193 = FACE_BOUND('',#5194,.T.);
#5194 = EDGE_LOOP('',(#5195));
#5195 = ORIENTED_EDGE('',*,*,#5196,.F.);
#5196 = EDGE_CURVE('',#5197,#5197,#5199,.T.);
#5197 = VERTEX_POINT('',#5198);
#5198 = CARTESIAN_POINT('',(26.5,-9.797174393179E-16,-4.));
#5199 = SURFACE_CURVE('',#5200,(#5205,#5212),.PCURVE_S1.);
#5200 = CIRCLE('',#5201,4.);
#5201 = AXIS2_PLACEMENT_3D('',#5202,#5203,#5204);
#5202 = CARTESIAN_POINT('',(26.5,0.,5.884182030513E-15));
#5203 = DIRECTION('',(1.,0.,2.22044604925E-16));
#5204 = DIRECTION('',(2.22044604925E-16,0.,-1.));
#5205 = PCURVE('',#4929,#5206);
#5206 = DEFINITIONAL_REPRESENTATION('',(#5207),#5211);
#5207 = CIRCLE('',#5208,4.);
#5208 = AXIS2_PLACEMENT_2D('',#5209,#5210);
#5209 = CARTESIAN_POINT('',(-1.480297366167E-16,4.976171386622E-15));
#5210 = DIRECTION('',(0.,-1.));
#5211 = ( GEOMETRIC_REPRESENTATION_CONTEXT(2) 
PARAMETRIC_REPRESENTATION_CONTEXT() REPRESENTATION_CONTEXT('2D SPACE',''
  ) );
#5212 = PCURVE('',#5213,#5218);
#5213 = CYLINDRICAL_SURFACE('',#5214,4.);
#5214 = AXIS2_PLACEMENT_3D('',#5215,#5216,#5217);
#5215 = CARTESIAN_POINT('',(-60.,0.,-1.33226762955E-14));
#5216 = DIRECTION('',(1.,0.,2.22044604925E-16));
#5217 = DIRECTION('',(2.22044604925E-16,0.,-1.));
#5218 = DEFINITIONAL_REPRESENTATION('',(#5219),#5223);
#5219 = LINE('',#5220,#5221);
#5220 = CARTESIAN_POINT('',(0.,86.5));
#5221 = VECTOR('',#5222,1.);
#5222 = DIRECTION('',(1.,0.));
#5223 = ( GEOMETRIC_REPRESENTATION_CONTEXT(2) 
PARAMETRIC_REPRESENTATION_CONTEXT() REPRESENTATION_CONTEXT('2D SPACE',''
  ) );
#5224 = ADVANCED_FACE('',(#5225),#5213,.T.);
#5225 = FACE_BOUND('',#5226,.T.);
#5226 = EDGE_LOOP('',(#5227,#5250,#5251,#5252));
#5227 = ORIENTED_EDGE('',*,*,#5228,.F.);
#5228 = EDGE_CURVE('',#5197,#5229,#5231,.T.);
#5229 = VERTEX_POINT('',#5230);
#5230 = CARTESIAN_POINT('',(32.,-9.797174393179E-16,-4.));
#5231 = SEAM_CURVE('',#5232,(#5236,#5243),.PCURVE_S1.);
#5232 = LINE('',#5233,#5234);
#5233 = CARTESIAN_POINT('',(-60.,-9.797174393179E-16,-4.));
#5234 = VECTOR('',#5235,1.);
#5235 = DIRECTION('',(1.,0.,2.22044604925E-16));
#5236 = PCURVE('',#5213,#5237);
#5237 = DEFINITIONAL_REPRESENTATION('',(#5238),#5242);
#5238 = LINE('',#5239,#5240);
#5239 = CARTESIAN_POINT('',(0.,-0.));
#5240 = VECTOR('',#5241,1.);
#5241 = DIRECTION('',(0.,1.));
#5242 = ( GEOMETRIC_REPRESENTATION_CONTEXT(2) 
PARAMETRIC_REPRESENTATION_CONTEXT() REPRESENTATION_CONTEXT('2D SPACE',''
  ) );
#5243 = PCURVE('',#5213,#5244);
#5244 = DEFINITIONAL_REPRESENTATION('',(#5245),#5249);
#5245 = LINE('',#5246,#5247);
#5246 = CARTESIAN_POINT('',(6.28318530718,-0.));
#5247 = VECTOR('',#5248,1.);
#5248 = DIRECTION('',(0.,1.));
#5249 = ( GEOMETRIC_REPRESENTATION_CONTEXT(2) 
PARAMETRIC_REPRESENTATION_CONTEXT() REPRESENTATION_CONTEXT('2D SPACE',''
  ) );
#5250 = ORIENTED_EDGE('',*,*,#5196,.T.);
#5251 = ORIENTED_EDGE('',*,*,#5228,.T.);
#5252 = ORIENTED_EDGE('',*,*,#5253,.F.);
#5253 = EDGE_CURVE('',#5229,#5229,#5254,.T.);
#5254 = SURFACE_CURVE('',#5255,(#5260,#5267),.PCURVE_S1.);
#5255 = CIRCLE('',#5256,4.);
#5256 = AXIS2_PLACEMENT_3D('',#5257,#5258,#5259);
#5257 = CARTESIAN_POINT('',(32.,0.,7.105427357601E-15));
#5258 = DIRECTION('',(1.,0.,2.22044604925E-16));
#5259 = DIRECTION('',(2.22044604925E-16,0.,-1.));
#5260 = PCURVE('',#5213,#5261);
#5261 = DEFINITIONAL_REPRESENTATION('',(#5262),#5266);
#5262 = LINE('',#5263,#5264);
#5263 = CARTESIAN_POINT('',(0.,92.));
#5264 = VECTOR('',#5265,1.);
#5265 = DIRECTION('',(1.,0.));
#5266 = ( GEOMETRIC_REPRESENTATION_CONTEXT(2) 
PARAMETRIC_REPRESENTATION_CONTEXT() REPRESENTATION_CONTEXT('2D SPACE',''
  ) );
#5267 = PCURVE('',#5268,#5273);
#5268 = PLANE('',#5269);
#5269 = AXIS2_PLACEMENT_3D('',#5270,#5271,#5272);
#5270 = CARTESIAN_POINT('',(32.,1.480297366167E-16,9.080106438912E-16));
#5271 = DIRECTION('',(1.,0.,0.));
#5272 = DIRECTION('',(0.,1.,0.));
#5273 = DEFINITIONAL_REPRESENTATION('',(#5274),#5278);
#5274 = CIRCLE('',#5275,4.);
#5275 = AXIS2_PLACEMENT_2D('',#5276,#5277);
#5276 = CARTESIAN_POINT('',(-1.480297366167E-16,6.19741671371E-15));
#5277 = DIRECTION('',(0.,-1.));
#5278 = ( GEOMETRIC_REPRESENTATION_CONTEXT(2) 
PARAMETRIC_REPRESENTATION_CONTEXT() REPRESENTATION_CONTEXT('2D SPACE',''
  ) );
#5279 = ADVANCED_FACE('',(#5280,#5450),#5268,.F.);
#5280 = FACE_BOUND('',#5281,.F.);
#5281 = EDGE_LOOP('',(#5282,#5312,#5340,#5368,#5396,#5424));
#5282 = ORIENTED_EDGE('',*,*,#5283,.T.);
#5283 = EDGE_CURVE('',#5284,#5286,#5288,.T.);
#5284 = VERTEX_POINT('',#5285);
#5285 = CARTESIAN_POINT('',(32.,16.,0.));
#5286 = VERTEX_POINT('',#5287);
#5287 = CARTESIAN_POINT('',(32.,8.,13.856406460551));
#5288 = SURFACE_CURVE('',#5289,(#5293,#5300),.PCURVE_S1.);
#5289 = LINE('',#5290,#5291);
#5290 = CARTESIAN_POINT('',(32.,16.,0.));
#5291 = VECTOR('',#5292,1.);
#5292 = DIRECTION('',(0.,-0.5,0.866025403784));
#5293 = PCURVE('',#5268,#5294);
#5294 = DEFINITIONAL_REPRESENTATION('',(#5295),#5299);
#5295 = LINE('',#5296,#5297);
#5296 = CARTESIAN_POINT('',(16.,-9.080106438912E-16));
#5297 = VECTOR('',#5298,1.);
#5298 = DIRECTION('',(-0.5,0.866025403784));
#5299 = ( GEOMETRIC_REPRESENTATION_CONTEXT(2) 
PARAMETRIC_REPRESENTATION_CONTEXT() REPRESENTATION_CONTEXT('2D SPACE',''
  ) );
#5300 = PCURVE('',#5301,#5306);
#5301 = PLANE('',#5302);
#5302 = AXIS2_PLACEMENT_3D('',#5303,#5304,#5305);
#5303 = CARTESIAN_POINT('',(33.5,16.,0.));
#5304 = DIRECTION('',(-0.,0.866025403784,0.5));
#5305 = DIRECTION('',(0.,-0.5,0.866025403784));
#5306 = DEFINITIONAL_REPRESENTATION('',(#5307),#5311);
#5307 = LINE('',#5308,#5309);
#5308 = CARTESIAN_POINT('',(0.,-1.5));
#5309 = VECTOR('',#5310,1.);
#5310 = DIRECTION('',(1.,0.));
#5311 = ( GEOMETRIC_REPRESENTATION_CONTEXT(2) 
PARAMETRIC_REPRESENTATION_CONTEXT() REPRESENTATION_CONTEXT('2D SPACE',''
  ) );
#5312 = ORIENTED_EDGE('',*,*,#5313,.T.);
#5313 = EDGE_CURVE('',#5286,#5314,#5316,.T.);
#5314 = VERTEX_POINT('',#5315);
#5315 = CARTESIAN_POINT('',(32.,-8.,13.856406460551));
#5316 = SURFACE_CURVE('',#5317,(#5321,#5328),.PCURVE_S1.);
#5317 = LINE('',#5318,#5319);
#5318 = CARTESIAN_POINT('',(32.,8.,13.856406460551));
#5319 = VECTOR('',#5320,1.);
#5320 = DIRECTION('',(0.,-1.,1.110223024625E-16));
#5321 = PCURVE('',#5268,#5322);
#5322 = DEFINITIONAL_REPRESENTATION('',(#5323),#5327);
#5323 = LINE('',#5324,#5325);
#5324 = CARTESIAN_POINT('',(8.,13.856406460551));
#5325 = VECTOR('',#5326,1.);
#5326 = DIRECTION('',(-1.,1.110223024625E-16));
#5327 = ( GEOMETRIC_REPRESENTATION_CONTEXT(2) 
PARAMETRIC_REPRESENTATION_CONTEXT() REPRESENTATION_CONTEXT('2D SPACE',''
  ) );
#5328 = PCURVE('',#5329,#5334);
#5329 = PLANE('',#5330);
#5330 = AXIS2_PLACEMENT_3D('',#5331,#5332,#5333);
#5331 = CARTESIAN_POINT('',(33.5,8.,13.856406460551));
#5332 = DIRECTION('',(-0.,1.110223024625E-16,1.));
#5333 = DIRECTION('',(0.,-1.,1.110223024625E-16));
#5334 = DEFINITIONAL_REPRESENTATION('',(#5335),#5339);
#5335 = LINE('',#5336,#5337);
#5336 = CARTESIAN_POINT('',(0.,-1.5));
#5337 = VECTOR('',#5338,1.);
#5338 = DIRECTION('',(1.,0.));
#5339 = ( GEOMETRIC_REPRESENTATION_CONTEXT(2) 
PARAMETRIC_REPRESENTATION_CONTEXT() REPRESENTATION_CONTEXT('2D SPACE',''
  ) );
#5340 = ORIENTED_EDGE('',*,*,#5341,.T.);
#5341 = EDGE_CURVE('',#5314,#5342,#5344,.T.);
#5342 = VERTEX_POINT('',#5343);
#5343 = CARTESIAN_POINT('',(32.,-16.,1.959434878636E-15));
#5344 = SURFACE_CURVE('',#5345,(#5349,#5356),.PCURVE_S1.);
#5345 = LINE('',#5346,#5347);
#5346 = CARTESIAN_POINT('',(32.,-8.,13.856406460551));
#5347 = VECTOR('',#5348,1.);
#5348 = DIRECTION('',(0.,-0.5,-0.866025403784));
#5349 = PCURVE('',#5268,#5350);
#5350 = DEFINITIONAL_REPRESENTATION('',(#5351),#5355);
#5351 = LINE('',#5352,#5353);
#5352 = CARTESIAN_POINT('',(-8.,13.856406460551));
#5353 = VECTOR('',#5354,1.);
#5354 = DIRECTION('',(-0.5,-0.866025403784));
#5355 = ( GEOMETRIC_REPRESENTATION_CONTEXT(2) 
PARAMETRIC_REPRESENTATION_CONTEXT() REPRESENTATION_CONTEXT('2D SPACE',''
  ) );
#5356 = PCURVE('',#5357,#5362);
#5357 = PLANE('',#5358);
#5358 = AXIS2_PLACEMENT_3D('',#5359,#5360,#5361);
#5359 = CARTESIAN_POINT('',(33.5,-8.,13.856406460551));
#5360 = DIRECTION('',(0.,-0.866025403784,0.5));
#5361 = DIRECTION('',(0.,-0.5,-0.866025403784));
#5362 = DEFINITIONAL_REPRESENTATION('',(#5363),#5367);
#5363 = LINE('',#5364,#5365);
#5364 = CARTESIAN_POINT('',(-0.,-1.5));
#5365 = VECTOR('',#5366,1.);
#5366 = DIRECTION('',(1.,0.));
#5367 = ( GEOMETRIC_REPRESENTATION_CONTEXT(2) 
PARAMETRIC_REPRESENTATION_CONTEXT() REPRESENTATION_CONTEXT('2D SPACE',''
  ) );
#5368 = ORIENTED_EDGE('',*,*,#5369,.T.);
#5369 = EDGE_CURVE('',#5342,#5370,#5372,.T.);
#5370 = VERTEX_POINT('',#5371);
#5371 = CARTESIAN_POINT('',(32.,-8.,-13.85640646055));
#5372 = SURFACE_CURVE('',#5373,(#5377,#5384),.PCURVE_S1.);
#5373 = LINE('',#5374,#5375);
#5374 = CARTESIAN_POINT('',(32.,-16.,1.959434878636E-15));
#5375 = VECTOR('',#5376,1.);
#5376 = DIRECTION('',(0.,0.5,-0.866025403784));
#5377 = PCURVE('',#5268,#5378);
#5378 = DEFINITIONAL_REPRESENTATION('',(#5379),#5383);
#5379 = LINE('',#5380,#5381);
#5380 = CARTESIAN_POINT('',(-16.,1.051424234745E-15));
#5381 = VECTOR('',#5382,1.);
#5382 = DIRECTION('',(0.5,-0.866025403784));
#5383 = ( GEOMETRIC_REPRESENTATION_CONTEXT(2) 
PARAMETRIC_REPRESENTATION_CONTEXT() REPRESENTATION_CONTEXT('2D SPACE',''
  ) );
#5384 = PCURVE('',#5385,#5390);
#5385 = PLANE('',#5386);
#5386 = AXIS2_PLACEMENT_3D('',#5387,#5388,#5389);
#5387 = CARTESIAN_POINT('',(33.5,-16.,1.959434878636E-15));
#5388 = DIRECTION('',(0.,-0.866025403784,-0.5));
#5389 = DIRECTION('',(0.,0.5,-0.866025403784));
#5390 = DEFINITIONAL_REPRESENTATION('',(#5391),#5395);
#5391 = LINE('',#5392,#5393);
#5392 = CARTESIAN_POINT('',(0.,-1.5));
#5393 = VECTOR('',#5394,1.);
#5394 = DIRECTION('',(1.,0.));
#5395 = ( GEOMETRIC_REPRESENTATION_CONTEXT(2) 
PARAMETRIC_REPRESENTATION_CONTEXT() REPRESENTATION_CONTEXT('2D SPACE',''
  ) );
#5396 = ORIENTED_EDGE('',*,*,#5397,.T.);
#5397 = EDGE_CURVE('',#5370,#5398,#5400,.T.);
#5398 = VERTEX_POINT('',#5399);
#5399 = CARTESIAN_POINT('',(32.,8.,-13.85640646055));
#5400 = SURFACE_CURVE('',#5401,(#5405,#5412),.PCURVE_S1.);
#5401 = LINE('',#5402,#5403);
#5402 = CARTESIAN_POINT('',(32.,-8.,-13.85640646055));
#5403 = VECTOR('',#5404,1.);
#5404 = DIRECTION('',(0.,1.,-2.22044604925E-16));
#5405 = PCURVE('',#5268,#5406);
#5406 = DEFINITIONAL_REPRESENTATION('',(#5407),#5411);
#5407 = LINE('',#5408,#5409);
#5408 = CARTESIAN_POINT('',(-8.,-13.85640646055));
#5409 = VECTOR('',#5410,1.);
#5410 = DIRECTION('',(1.,-2.22044604925E-16));
#5411 = ( GEOMETRIC_REPRESENTATION_CONTEXT(2) 
PARAMETRIC_REPRESENTATION_CONTEXT() REPRESENTATION_CONTEXT('2D SPACE',''
  ) );
#5412 = PCURVE('',#5413,#5418);
#5413 = PLANE('',#5414);
#5414 = AXIS2_PLACEMENT_3D('',#5415,#5416,#5417);
#5415 = CARTESIAN_POINT('',(33.5,-8.,-13.85640646055));
#5416 = DIRECTION('',(0.,-2.22044604925E-16,-1.));
#5417 = DIRECTION('',(0.,1.,-2.22044604925E-16));
#5418 = DEFINITIONAL_REPRESENTATION('',(#5419),#5423);
#5419 = LINE('',#5420,#5421);
#5420 = CARTESIAN_POINT('',(0.,-1.5));
#5421 = VECTOR('',#5422,1.);
#5422 = DIRECTION('',(1.,0.));
#5423 = ( GEOMETRIC_REPRESENTATION_CONTEXT(2) 
PARAMETRIC_REPRESENTATION_CONTEXT() REPRESENTATION_CONTEXT('2D SPACE',''
  ) );
#5424 = ORIENTED_EDGE('',*,*,#5425,.T.);
#5425 = EDGE_CURVE('',#5398,#5284,#5426,.T.);
#5426 = SURFACE_CURVE('',#5427,(#5431,#5438),.PCURVE_S1.);
#5427 = LINE('',#5428,#5429);
#5428 = CARTESIAN_POINT('',(32.,8.,-13.85640646055));
#5429 = VECTOR('',#5430,1.);
#5430 = DIRECTION('',(0.,0.5,0.866025403784));
#5431 = PCURVE('',#5268,#5432);
#5432 = DEFINITIONAL_REPRESENTATION('',(#5433),#5437);
#5433 = LINE('',#5434,#5435);
#5434 = CARTESIAN_POINT('',(8.,-13.85640646055));
#5435 = VECTOR('',#5436,1.);
#5436 = DIRECTION('',(0.5,0.866025403784));
#5437 = ( GEOMETRIC_REPRESENTATION_CONTEXT(2) 
PARAMETRIC_REPRESENTATION_CONTEXT() REPRESENTATION_CONTEXT('2D SPACE',''
  ) );
#5438 = PCURVE('',#5439,#5444);
#5439 = PLANE('',#5440);
#5440 = AXIS2_PLACEMENT_3D('',#5441,#5442,#5443);
#5441 = CARTESIAN_POINT('',(33.5,8.,-13.85640646055));
#5442 = DIRECTION('',(0.,0.866025403784,-0.5));
#5443 = DIRECTION('',(0.,0.5,0.866025403784));
#5444 = DEFINITIONAL_REPRESENTATION('',(#5445),#5449);
#5445 = LINE('',#5446,#5447);
#5446 = CARTESIAN_POINT('',(0.,-1.5));
#5447 = VECTOR('',#5448,1.);
#5448 = DIRECTION('',(1.,0.));
#5449 = ( GEOMETRIC_REPRESENTATION_CONTEXT(2) 
PARAMETRIC_REPRESENTATION_CONTEXT() REPRESENTATION_CONTEXT('2D SPACE',''
  ) );
#5450 = FACE_BOUND('',#5451,.F.);
#5451 = EDGE_LOOP('',(#5452));
#5452 = ORIENTED_EDGE('',*,*,#5253,.F.);
#5453 = ADVANCED_FACE('',(#5454),#5301,.T.);
#5454 = FACE_BOUND('',#5455,.T.);
#5455 = EDGE_LOOP('',(#5456,#5457,#5480,#5508));
#5456 = ORIENTED_EDGE('',*,*,#5283,.T.);
#5457 = ORIENTED_EDGE('',*,*,#5458,.T.);
#5458 = EDGE_CURVE('',#5286,#5459,#5461,.T.);
#5459 = VERTEX_POINT('',#5460);
#5460 = CARTESIAN_POINT('',(35.,8.,13.856406460551));
#5461 = SURFACE_CURVE('',#5462,(#5466,#5473),.PCURVE_S1.);
#5462 = LINE('',#5463,#5464);
#5463 = CARTESIAN_POINT('',(32.,8.,13.856406460551));
#5464 = VECTOR('',#5465,1.);
#5465 = DIRECTION('',(1.,0.,0.));
#5466 = PCURVE('',#5301,#5467);
#5467 = DEFINITIONAL_REPRESENTATION('',(#5468),#5472);
#5468 = LINE('',#5469,#5470);
#5469 = CARTESIAN_POINT('',(16.,-1.5));
#5470 = VECTOR('',#5471,1.);
#5471 = DIRECTION('',(0.,1.));
#5472 = ( GEOMETRIC_REPRESENTATION_CONTEXT(2) 
PARAMETRIC_REPRESENTATION_CONTEXT() REPRESENTATION_CONTEXT('2D SPACE',''
  ) );
#5473 = PCURVE('',#5329,#5474);
#5474 = DEFINITIONAL_REPRESENTATION('',(#5475),#5479);
#5475 = LINE('',#5476,#5477);
#5476 = CARTESIAN_POINT('',(0.,-1.5));
#5477 = VECTOR('',#5478,1.);
#5478 = DIRECTION('',(0.,1.));
#5479 = ( GEOMETRIC_REPRESENTATION_CONTEXT(2) 
PARAMETRIC_REPRESENTATION_CONTEXT() REPRESENTATION_CONTEXT('2D SPACE',''
  ) );
#5480 = ORIENTED_EDGE('',*,*,#5481,.F.);
#5481 = EDGE_CURVE('',#5482,#5459,#5484,.T.);
#5482 = VERTEX_POINT('',#5483);
#5483 = CARTESIAN_POINT('',(35.,16.,0.));
#5484 = SURFACE_CURVE('',#5485,(#5489,#5496),.PCURVE_S1.);
#5485 = LINE('',#5486,#5487);
#5486 = CARTESIAN_POINT('',(35.,16.,0.));
#5487 = VECTOR('',#5488,1.);
#5488 = DIRECTION('',(0.,-0.5,0.866025403784));
#5489 = PCURVE('',#5301,#5490);
#5490 = DEFINITIONAL_REPRESENTATION('',(#5491),#5495);
#5491 = LINE('',#5492,#5493);
#5492 = CARTESIAN_POINT('',(0.,1.5));
#5493 = VECTOR('',#5494,1.);
#5494 = DIRECTION('',(1.,0.));
#5495 = ( GEOMETRIC_REPRESENTATION_CONTEXT(2) 
PARAMETRIC_REPRESENTATION_CONTEXT() REPRESENTATION_CONTEXT('2D SPACE',''
  ) );
#5496 = PCURVE('',#5497,#5502);
#5497 = PLANE('',#5498);
#5498 = AXIS2_PLACEMENT_3D('',#5499,#5500,#5501);
#5499 = CARTESIAN_POINT('',(35.,1.480297366167E-16,9.080106438912E-16));
#5500 = DIRECTION('',(1.,0.,0.));
#5501 = DIRECTION('',(0.,1.,0.));
#5502 = DEFINITIONAL_REPRESENTATION('',(#5503),#5507);
#5503 = LINE('',#5504,#5505);
#5504 = CARTESIAN_POINT('',(16.,-9.080106438912E-16));
#5505 = VECTOR('',#5506,1.);
#5506 = DIRECTION('',(-0.5,0.866025403784));
#5507 = ( GEOMETRIC_REPRESENTATION_CONTEXT(2) 
PARAMETRIC_REPRESENTATION_CONTEXT() REPRESENTATION_CONTEXT('2D SPACE',''
  ) );
#5508 = ORIENTED_EDGE('',*,*,#5509,.T.);
#5509 = EDGE_CURVE('',#5482,#5284,#5510,.T.);
#5510 = SURFACE_CURVE('',#5511,(#5515,#5522),.PCURVE_S1.);
#5511 = LINE('',#5512,#5513);
#5512 = CARTESIAN_POINT('',(35.,16.,0.));
#5513 = VECTOR('',#5514,1.);
#5514 = DIRECTION('',(-1.,0.,0.));
#5515 = PCURVE('',#5301,#5516);
#5516 = DEFINITIONAL_REPRESENTATION('',(#5517),#5521);
#5517 = LINE('',#5518,#5519);
#5518 = CARTESIAN_POINT('',(0.,1.5));
#5519 = VECTOR('',#5520,1.);
#5520 = DIRECTION('',(0.,-1.));
#5521 = ( GEOMETRIC_REPRESENTATION_CONTEXT(2) 
PARAMETRIC_REPRESENTATION_CONTEXT() REPRESENTATION_CONTEXT('2D SPACE',''
  ) );
#5522 = PCURVE('',#5439,#5523);
#5523 = DEFINITIONAL_REPRESENTATION('',(#5524),#5528);
#5524 = LINE('',#5525,#5526);
#5525 = CARTESIAN_POINT('',(16.,1.5));
#5526 = VECTOR('',#5527,1.);
#5527 = DIRECTION('',(0.,-1.));
#5528 = ( GEOMETRIC_REPRESENTATION_CONTEXT(2) 
PARAMETRIC_REPRESENTATION_CONTEXT() REPRESENTATION_CONTEXT('2D SPACE',''
  ) );
#5529 = ADVANCED_FACE('',(#5530),#5439,.T.);
#5530 = FACE_BOUND('',#5531,.T.);
#5531 = EDGE_LOOP('',(#5532,#5533,#5534,#5557));
#5532 = ORIENTED_EDGE('',*,*,#5425,.T.);
#5533 = ORIENTED_EDGE('',*,*,#5509,.F.);
#5534 = ORIENTED_EDGE('',*,*,#5535,.F.);
#5535 = EDGE_CURVE('',#5536,#5482,#5538,.T.);
#5536 = VERTEX_POINT('',#5537);
#5537 = CARTESIAN_POINT('',(35.,8.,-13.85640646055));
#5538 = SURFACE_CURVE('',#5539,(#5543,#5550),.PCURVE_S1.);
#5539 = LINE('',#5540,#5541);
#5540 = CARTESIAN_POINT('',(35.,8.,-13.85640646055));
#5541 = VECTOR('',#5542,1.);
#5542 = DIRECTION('',(0.,0.5,0.866025403784));
#5543 = PCURVE('',#5439,#5544);
#5544 = DEFINITIONAL_REPRESENTATION('',(#5545),#5549);
#5545 = LINE('',#5546,#5547);
#5546 = CARTESIAN_POINT('',(0.,1.5));
#5547 = VECTOR('',#5548,1.);
#5548 = DIRECTION('',(1.,0.));
#5549 = ( GEOMETRIC_REPRESENTATION_CONTEXT(2) 
PARAMETRIC_REPRESENTATION_CONTEXT() REPRESENTATION_CONTEXT('2D SPACE',''
  ) );
#5550 = PCURVE('',#5497,#5551);
#5551 = DEFINITIONAL_REPRESENTATION('',(#5552),#5556);
#5552 = LINE('',#5553,#5554);
#5553 = CARTESIAN_POINT('',(8.,-13.85640646055));
#5554 = VECTOR('',#5555,1.);
#5555 = DIRECTION('',(0.5,0.866025403784));
#5556 = ( GEOMETRIC_REPRESENTATION_CONTEXT(2) 
PARAMETRIC_REPRESENTATION_CONTEXT() REPRESENTATION_CONTEXT('2D SPACE',''
  ) );
#5557 = ORIENTED_EDGE('',*,*,#5558,.T.);
#5558 = EDGE_CURVE('',#5536,#5398,#5559,.T.);
#5559 = SURFACE_CURVE('',#5560,(#5564,#5571),.PCURVE_S1.);
#5560 = LINE('',#5561,#5562);
#5561 = CARTESIAN_POINT('',(35.,8.,-13.85640646055));
#5562 = VECTOR('',#5563,1.);
#5563 = DIRECTION('',(-1.,0.,0.));
#5564 = PCURVE('',#5439,#5565);
#5565 = DEFINITIONAL_REPRESENTATION('',(#5566),#5570);
#5566 = LINE('',#5567,#5568);
#5567 = CARTESIAN_POINT('',(0.,1.5));
#5568 = VECTOR('',#5569,1.);
#5569 = DIRECTION('',(0.,-1.));
#5570 = ( GEOMETRIC_REPRESENTATION_CONTEXT(2) 
PARAMETRIC_REPRESENTATION_CONTEXT() REPRESENTATION_CONTEXT('2D SPACE',''
  ) );
#5571 = PCURVE('',#5413,#5572);
#5572 = DEFINITIONAL_REPRESENTATION('',(#5573),#5577);
#5573 = LINE('',#5574,#5575);
#5574 = CARTESIAN_POINT('',(16.,1.5));
#5575 = VECTOR('',#5576,1.);
#5576 = DIRECTION('',(0.,-1.));
#5577 = ( GEOMETRIC_REPRESENTATION_CONTEXT(2) 
PARAMETRIC_REPRESENTATION_CONTEXT() REPRESENTATION_CONTEXT('2D SPACE',''
  ) );
#5578 = ADVANCED_FACE('',(#5579),#5329,.T.);
#5579 = FACE_BOUND('',#5580,.T.);
#5580 = EDGE_LOOP('',(#5581,#5582,#5583,#5606));
#5581 = ORIENTED_EDGE('',*,*,#5458,.F.);
#5582 = ORIENTED_EDGE('',*,*,#5313,.T.);
#5583 = ORIENTED_EDGE('',*,*,#5584,.T.);
#5584 = EDGE_CURVE('',#5314,#5585,#5587,.T.);
#5585 = VERTEX_POINT('',#5586);
#5586 = CARTESIAN_POINT('',(35.,-8.,13.856406460551));
#5587 = SURFACE_CURVE('',#5588,(#5592,#5599),.PCURVE_S1.);
#5588 = LINE('',#5589,#5590);
#5589 = CARTESIAN_POINT('',(32.,-8.,13.856406460551));
#5590 = VECTOR('',#5591,1.);
#5591 = DIRECTION('',(1.,0.,0.));
#5592 = PCURVE('',#5329,#5593);
#5593 = DEFINITIONAL_REPRESENTATION('',(#5594),#5598);
#5594 = LINE('',#5595,#5596);
#5595 = CARTESIAN_POINT('',(16.,-1.5));
#5596 = VECTOR('',#5597,1.);
#5597 = DIRECTION('',(0.,1.));
#5598 = ( GEOMETRIC_REPRESENTATION_CONTEXT(2) 
PARAMETRIC_REPRESENTATION_CONTEXT() REPRESENTATION_CONTEXT('2D SPACE',''
  ) );
#5599 = PCURVE('',#5357,#5600);
#5600 = DEFINITIONAL_REPRESENTATION('',(#5601),#5605);
#5601 = LINE('',#5602,#5603);
#5602 = CARTESIAN_POINT('',(-0.,-1.5));
#5603 = VECTOR('',#5604,1.);
#5604 = DIRECTION('',(0.,1.));
#5605 = ( GEOMETRIC_REPRESENTATION_CONTEXT(2) 
PARAMETRIC_REPRESENTATION_CONTEXT() REPRESENTATION_CONTEXT('2D SPACE',''
  ) );
#5606 = ORIENTED_EDGE('',*,*,#5607,.F.);
#5607 = EDGE_CURVE('',#5459,#5585,#5608,.T.);
#5608 = SURFACE_CURVE('',#5609,(#5613,#5620),.PCURVE_S1.);
#5609 = LINE('',#5610,#5611);
#5610 = CARTESIAN_POINT('',(35.,8.,13.856406460551));
#5611 = VECTOR('',#5612,1.);
#5612 = DIRECTION('',(0.,-1.,1.110223024625E-16));
#5613 = PCURVE('',#5329,#5614);
#5614 = DEFINITIONAL_REPRESENTATION('',(#5615),#5619);
#5615 = LINE('',#5616,#5617);
#5616 = CARTESIAN_POINT('',(0.,1.5));
#5617 = VECTOR('',#5618,1.);
#5618 = DIRECTION('',(1.,0.));
#5619 = ( GEOMETRIC_REPRESENTATION_CONTEXT(2) 
PARAMETRIC_REPRESENTATION_CONTEXT() REPRESENTATION_CONTEXT('2D SPACE',''
  ) );
#5620 = PCURVE('',#5497,#5621);
#5621 = DEFINITIONAL_REPRESENTATION('',(#5622),#5626);
#5622 = LINE('',#5623,#5624);
#5623 = CARTESIAN_POINT('',(8.,13.856406460551));
#5624 = VECTOR('',#5625,1.);
#5625 = DIRECTION('',(-1.,1.110223024625E-16));
#5626 = ( GEOMETRIC_REPRESENTATION_CONTEXT(2) 
PARAMETRIC_REPRESENTATION_CONTEXT() REPRESENTATION_CONTEXT('2D SPACE',''
  ) );
#5627 = ADVANCED_FACE('',(#5628),#5413,.T.);
#5628 = FACE_BOUND('',#5629,.T.);
#5629 = EDGE_LOOP('',(#5630,#5631,#5632,#5655));
#5630 = ORIENTED_EDGE('',*,*,#5397,.T.);
#5631 = ORIENTED_EDGE('',*,*,#5558,.F.);
#5632 = ORIENTED_EDGE('',*,*,#5633,.F.);
#5633 = EDGE_CURVE('',#5634,#5536,#5636,.T.);
#5634 = VERTEX_POINT('',#5635);
#5635 = CARTESIAN_POINT('',(35.,-8.,-13.85640646055));
#5636 = SURFACE_CURVE('',#5637,(#5641,#5648),.PCURVE_S1.);
#5637 = LINE('',#5638,#5639);
#5638 = CARTESIAN_POINT('',(35.,-8.,-13.85640646055));
#5639 = VECTOR('',#5640,1.);
#5640 = DIRECTION('',(0.,1.,-2.22044604925E-16));
#5641 = PCURVE('',#5413,#5642);
#5642 = DEFINITIONAL_REPRESENTATION('',(#5643),#5647);
#5643 = LINE('',#5644,#5645);
#5644 = CARTESIAN_POINT('',(0.,1.5));
#5645 = VECTOR('',#5646,1.);
#5646 = DIRECTION('',(1.,0.));
#5647 = ( GEOMETRIC_REPRESENTATION_CONTEXT(2) 
PARAMETRIC_REPRESENTATION_CONTEXT() REPRESENTATION_CONTEXT('2D SPACE',''
  ) );
#5648 = PCURVE('',#5497,#5649);
#5649 = DEFINITIONAL_REPRESENTATION('',(#5650),#5654);
#5650 = LINE('',#5651,#5652);
#5651 = CARTESIAN_POINT('',(-8.,-13.85640646055));
#5652 = VECTOR('',#5653,1.);
#5653 = DIRECTION('',(1.,-2.22044604925E-16));
#5654 = ( GEOMETRIC_REPRESENTATION_CONTEXT(2) 
PARAMETRIC_REPRESENTATION_CONTEXT() REPRESENTATION_CONTEXT('2D SPACE',''
  ) );
#5655 = ORIENTED_EDGE('',*,*,#5656,.T.);
#5656 = EDGE_CURVE('',#5634,#5370,#5657,.T.);
#5657 = SURFACE_CURVE('',#5658,(#5662,#5669),.PCURVE_S1.);
#5658 = LINE('',#5659,#5660);
#5659 = CARTESIAN_POINT('',(35.,-8.,-13.85640646055));
#5660 = VECTOR('',#5661,1.);
#5661 = DIRECTION('',(-1.,0.,0.));
#5662 = PCURVE('',#5413,#5663);
#5663 = DEFINITIONAL_REPRESENTATION('',(#5664),#5668);
#5664 = LINE('',#5665,#5666);
#5665 = CARTESIAN_POINT('',(0.,1.5));
#5666 = VECTOR('',#5667,1.);
#5667 = DIRECTION('',(0.,-1.));
#5668 = ( GEOMETRIC_REPRESENTATION_CONTEXT(2) 
PARAMETRIC_REPRESENTATION_CONTEXT() REPRESENTATION_CONTEXT('2D SPACE',''
  ) );
#5669 = PCURVE('',#5385,#5670);
#5670 = DEFINITIONAL_REPRESENTATION('',(#5671),#5675);
#5671 = LINE('',#5672,#5673);
#5672 = CARTESIAN_POINT('',(16.,1.5));
#5673 = VECTOR('',#5674,1.);
#5674 = DIRECTION('',(0.,-1.));
#5675 = ( GEOMETRIC_REPRESENTATION_CONTEXT(2) 
PARAMETRIC_REPRESENTATION_CONTEXT() REPRESENTATION_CONTEXT('2D SPACE',''
  ) );
#5676 = ADVANCED_FACE('',(#5677),#5357,.T.);
#5677 = FACE_BOUND('',#5678,.T.);
#5678 = EDGE_LOOP('',(#5679,#5680,#5681,#5704));
#5679 = ORIENTED_EDGE('',*,*,#5584,.F.);
#5680 = ORIENTED_EDGE('',*,*,#5341,.T.);
#5681 = ORIENTED_EDGE('',*,*,#5682,.T.);
#5682 = EDGE_CURVE('',#5342,#5683,#5685,.T.);
#5683 = VERTEX_POINT('',#5684);
#5684 = CARTESIAN_POINT('',(35.,-16.,1.959434878636E-15));
#5685 = SURFACE_CURVE('',#5686,(#5690,#5697),.PCURVE_S1.);
#5686 = LINE('',#5687,#5688);
#5687 = CARTESIAN_POINT('',(32.,-16.,1.959434878636E-15));
#5688 = VECTOR('',#5689,1.);
#5689 = DIRECTION('',(1.,0.,0.));
#5690 = PCURVE('',#5357,#5691);
#5691 = DEFINITIONAL_REPRESENTATION('',(#5692),#5696);
#5692 = LINE('',#5693,#5694);
#5693 = CARTESIAN_POINT('',(16.,-1.5));
#5694 = VECTOR('',#5695,1.);
#5695 = DIRECTION('',(0.,1.));
#5696 = ( GEOMETRIC_REPRESENTATION_CONTEXT(2) 
PARAMETRIC_REPRESENTATION_CONTEXT() REPRESENTATION_CONTEXT('2D SPACE',''
  ) );
#5697 = PCURVE('',#5385,#5698);
#5698 = DEFINITIONAL_REPRESENTATION('',(#5699),#5703);
#5699 = LINE('',#5700,#5701);
#5700 = CARTESIAN_POINT('',(0.,-1.5));
#5701 = VECTOR('',#5702,1.);
#5702 = DIRECTION('',(0.,1.));
#5703 = ( GEOMETRIC_REPRESENTATION_CONTEXT(2) 
PARAMETRIC_REPRESENTATION_CONTEXT() REPRESENTATION_CONTEXT('2D SPACE',''
  ) );
#5704 = ORIENTED_EDGE('',*,*,#5705,.F.);
#5705 = EDGE_CURVE('',#5585,#5683,#5706,.T.);
#5706 = SURFACE_CURVE('',#5707,(#5711,#5718),.PCURVE_S1.);
#5707 = LINE('',#5708,#5709);
#5708 = CARTESIAN_POINT('',(35.,-8.,13.856406460551));
#5709 = VECTOR('',#5710,1.);
#5710 = DIRECTION('',(0.,-0.5,-0.866025403784));
#5711 = PCURVE('',#5357,#5712);
#5712 = DEFINITIONAL_REPRESENTATION('',(#5713),#5717);
#5713 = LINE('',#5714,#5715);
#5714 = CARTESIAN_POINT('',(0.,1.5));
#5715 = VECTOR('',#5716,1.);
#5716 = DIRECTION('',(1.,0.));
#5717 = ( GEOMETRIC_REPRESENTATION_CONTEXT(2) 
PARAMETRIC_REPRESENTATION_CONTEXT() REPRESENTATION_CONTEXT('2D SPACE',''
  ) );
#5718 = PCURVE('',#5497,#5719);
#5719 = DEFINITIONAL_REPRESENTATION('',(#5720),#5724);
#5720 = LINE('',#5721,#5722);
#5721 = CARTESIAN_POINT('',(-8.,13.856406460551));
#5722 = VECTOR('',#5723,1.);
#5723 = DIRECTION('',(-0.5,-0.866025403784));
#5724 = ( GEOMETRIC_REPRESENTATION_CONTEXT(2) 
PARAMETRIC_REPRESENTATION_CONTEXT() REPRESENTATION_CONTEXT('2D SPACE',''
  ) );
#5725 = ADVANCED_FACE('',(#5726),#5385,.T.);
#5726 = FACE_BOUND('',#5727,.T.);
#5727 = EDGE_LOOP('',(#5728,#5729,#5730,#5731));
#5728 = ORIENTED_EDGE('',*,*,#5682,.F.);
#5729 = ORIENTED_EDGE('',*,*,#5369,.T.);
#5730 = ORIENTED_EDGE('',*,*,#5656,.F.);
#5731 = ORIENTED_EDGE('',*,*,#5732,.F.);
#5732 = EDGE_CURVE('',#5683,#5634,#5733,.T.);
#5733 = SURFACE_CURVE('',#5734,(#5738,#5745),.PCURVE_S1.);
#5734 = LINE('',#5735,#5736);
#5735 = CARTESIAN_POINT('',(35.,-16.,1.959434878636E-15));
#5736 = VECTOR('',#5737,1.);
#5737 = DIRECTION('',(0.,0.5,-0.866025403784));
#5738 = PCURVE('',#5385,#5739);
#5739 = DEFINITIONAL_REPRESENTATION('',(#5740),#5744);
#5740 = LINE('',#5741,#5742);
#5741 = CARTESIAN_POINT('',(0.,1.5));
#5742 = VECTOR('',#5743,1.);
#5743 = DIRECTION('',(1.,0.));
#5744 = ( GEOMETRIC_REPRESENTATION_CONTEXT(2) 
PARAMETRIC_REPRESENTATION_CONTEXT() REPRESENTATION_CONTEXT('2D SPACE',''
  ) );
#5745 = PCURVE('',#5497,#5746);
#5746 = DEFINITIONAL_REPRESENTATION('',(#5747),#5751);
#5747 = LINE('',#5748,#5749);
#5748 = CARTESIAN_POINT('',(-16.,1.051424234745E-15));
#5749 = VECTOR('',#5750,1.);
#5750 = DIRECTION('',(0.5,-0.866025403784));
#5751 = ( GEOMETRIC_REPRESENTATION_CONTEXT(2) 
PARAMETRIC_REPRESENTATION_CONTEXT() REPRESENTATION_CONTEXT('2D SPACE',''
  ) );
#5752 = ADVANCED_FACE('',(#5753,#5761),#5497,.T.);
#5753 = FACE_BOUND('',#5754,.T.);
#5754 = EDGE_LOOP('',(#5755,#5756,#5757,#5758,#5759,#5760));
#5755 = ORIENTED_EDGE('',*,*,#5481,.T.);
#5756 = ORIENTED_EDGE('',*,*,#5607,.T.);
#5757 = ORIENTED_EDGE('',*,*,#5705,.T.);
#5758 = ORIENTED_EDGE('',*,*,#5732,.T.);
#5759 = ORIENTED_EDGE('',*,*,#5633,.T.);
#5760 = ORIENTED_EDGE('',*,*,#5535,.T.);
#5761 = FACE_BOUND('',#5762,.T.);
#5762 = EDGE_LOOP('',(#5763));
#5763 = ORIENTED_EDGE('',*,*,#5764,.F.);
#5764 = EDGE_CURVE('',#5765,#5765,#5767,.T.);
#5765 = VERTEX_POINT('',#5766);
#5766 = CARTESIAN_POINT('',(35.,-9.797174393179E-16,-4.));
#5767 = SURFACE_CURVE('',#5768,(#5773,#5780),.PCURVE_S1.);
#5768 = CIRCLE('',#5769,4.);
#5769 = AXIS2_PLACEMENT_3D('',#5770,#5771,#5772);
#5770 = CARTESIAN_POINT('',(35.,0.,7.771561172376E-15));
#5771 = DIRECTION('',(1.,0.,2.22044604925E-16));
#5772 = DIRECTION('',(2.22044604925E-16,0.,-1.));
#5773 = PCURVE('',#5497,#5774);
#5774 = DEFINITIONAL_REPRESENTATION('',(#5775),#5779);
#5775 = CIRCLE('',#5776,4.);
#5776 = AXIS2_PLACEMENT_2D('',#5777,#5778);
#5777 = CARTESIAN_POINT('',(-1.480297366167E-16,6.863550528485E-15));
#5778 = DIRECTION('',(0.,-1.));
#5779 = ( GEOMETRIC_REPRESENTATION_CONTEXT(2) 
PARAMETRIC_REPRESENTATION_CONTEXT() REPRESENTATION_CONTEXT('2D SPACE',''
  ) );
#5780 = PCURVE('',#5781,#5786);
#5781 = CYLINDRICAL_SURFACE('',#5782,4.);
#5782 = AXIS2_PLACEMENT_3D('',#5783,#5784,#5785);
#5783 = CARTESIAN_POINT('',(-60.,0.,-1.33226762955E-14));
#5784 = DIRECTION('',(1.,0.,2.22044604925E-16));
#5785 = DIRECTION('',(2.22044604925E-16,0.,-1.));
#5786 = DEFINITIONAL_REPRESENTATION('',(#5787),#5791);
#5787 = LINE('',#5788,#5789);
#5788 = CARTESIAN_POINT('',(0.,95.));
#5789 = VECTOR('',#5790,1.);
#5790 = DIRECTION('',(1.,0.));
#5791 = ( GEOMETRIC_REPRESENTATION_CONTEXT(2) 
PARAMETRIC_REPRESENTATION_CONTEXT() REPRESENTATION_CONTEXT('2D SPACE',''
  ) );
#5792 = ADVANCED_FACE('',(#5793),#5781,.T.);
#5793 = FACE_BOUND('',#5794,.T.);
#5794 = EDGE_LOOP('',(#5795,#5796,#5819,#5846));
#5795 = ORIENTED_EDGE('',*,*,#5764,.T.);
#5796 = ORIENTED_EDGE('',*,*,#5797,.T.);
#5797 = EDGE_CURVE('',#5765,#5798,#5800,.T.);
#5798 = VERTEX_POINT('',#5799);
#5799 = CARTESIAN_POINT('',(42.,-9.797174393179E-16,-4.));
#5800 = SEAM_CURVE('',#5801,(#5805,#5812),.PCURVE_S1.);
#5801 = LINE('',#5802,#5803);
#5802 = CARTESIAN_POINT('',(-60.,-9.797174393179E-16,-4.));
#5803 = VECTOR('',#5804,1.);
#5804 = DIRECTION('',(1.,0.,2.22044604925E-16));
#5805 = PCURVE('',#5781,#5806);
#5806 = DEFINITIONAL_REPRESENTATION('',(#5807),#5811);
#5807 = LINE('',#5808,#5809);
#5808 = CARTESIAN_POINT('',(0.,-0.));
#5809 = VECTOR('',#5810,1.);
#5810 = DIRECTION('',(0.,1.));
#5811 = ( GEOMETRIC_REPRESENTATION_CONTEXT(2) 
PARAMETRIC_REPRESENTATION_CONTEXT() REPRESENTATION_CONTEXT('2D SPACE',''
  ) );
#5812 = PCURVE('',#5781,#5813);
#5813 = DEFINITIONAL_REPRESENTATION('',(#5814),#5818);
#5814 = LINE('',#5815,#5816);
#5815 = CARTESIAN_POINT('',(6.28318530718,-0.));
#5816 = VECTOR('',#5817,1.);
#5817 = DIRECTION('',(0.,1.));
#5818 = ( GEOMETRIC_REPRESENTATION_CONTEXT(2) 
PARAMETRIC_REPRESENTATION_CONTEXT() REPRESENTATION_CONTEXT('2D SPACE',''
  ) );
#5819 = ORIENTED_EDGE('',*,*,#5820,.F.);
#5820 = EDGE_CURVE('',#5798,#5798,#5821,.T.);
#5821 = SURFACE_CURVE('',#5822,(#5827,#5834),.PCURVE_S1.);
#5822 = CIRCLE('',#5823,4.);
#5823 = AXIS2_PLACEMENT_3D('',#5824,#5825,#5826);
#5824 = CARTESIAN_POINT('',(42.,0.,9.325873406851E-15));
#5825 = DIRECTION('',(1.,0.,2.22044604925E-16));
#5826 = DIRECTION('',(2.22044604925E-16,0.,-1.));
#5827 = PCURVE('',#5781,#5828);
#5828 = DEFINITIONAL_REPRESENTATION('',(#5829),#5833);
#5829 = LINE('',#5830,#5831);
#5830 = CARTESIAN_POINT('',(0.,102.));
#5831 = VECTOR('',#5832,1.);
#5832 = DIRECTION('',(1.,0.));
#5833 = ( GEOMETRIC_REPRESENTATION_CONTEXT(2) 
PARAMETRIC_REPRESENTATION_CONTEXT() REPRESENTATION_CONTEXT('2D SPACE',''
  ) );
#5834 = PCURVE('',#5835,#5840);
#5835 = PLANE('',#5836);
#5836 = AXIS2_PLACEMENT_3D('',#5837,#5838,#5839);
#5837 = CARTESIAN_POINT('',(42.,1.480297366167E-16,9.080106438912E-16));
#5838 = DIRECTION('',(1.,0.,0.));
#5839 = DIRECTION('',(0.,1.,0.));
#5840 = DEFINITIONAL_REPRESENTATION('',(#5841),#5845);
#5841 = CIRCLE('',#5842,4.);
#5842 = AXIS2_PLACEMENT_2D('',#5843,#5844);
#5843 = CARTESIAN_POINT('',(-1.480297366167E-16,8.41786276296E-15));
#5844 = DIRECTION('',(0.,-1.));
#5845 = ( GEOMETRIC_REPRESENTATION_CONTEXT(2) 
PARAMETRIC_REPRESENTATION_CONTEXT() REPRESENTATION_CONTEXT('2D SPACE',''
  ) );
#5846 = ORIENTED_EDGE('',*,*,#5797,.F.);
#5847 = ADVANCED_FACE('',(#5848,#6018),#5835,.F.);
#5848 = FACE_BOUND('',#5849,.F.);
#5849 = EDGE_LOOP('',(#5850,#5880,#5908,#5936,#5964,#5992));
#5850 = ORIENTED_EDGE('',*,*,#5851,.T.);
#5851 = EDGE_CURVE('',#5852,#5854,#5856,.T.);
#5852 = VERTEX_POINT('',#5853);
#5853 = CARTESIAN_POINT('',(42.,16.,0.));
#5854 = VERTEX_POINT('',#5855);
#5855 = CARTESIAN_POINT('',(42.,8.,13.856406460551));
#5856 = SURFACE_CURVE('',#5857,(#5861,#5868),.PCURVE_S1.);
#5857 = LINE('',#5858,#5859);
#5858 = CARTESIAN_POINT('',(42.,16.,0.));
#5859 = VECTOR('',#5860,1.);
#5860 = DIRECTION('',(0.,-0.5,0.866025403784));
#5861 = PCURVE('',#5835,#5862);
#5862 = DEFINITIONAL_REPRESENTATION('',(#5863),#5867);
#5863 = LINE('',#5864,#5865);
#5864 = CARTESIAN_POINT('',(16.,-9.080106438912E-16));
#5865 = VECTOR('',#5866,1.);
#5866 = DIRECTION('',(-0.5,0.866025403784));
#5867 = ( GEOMETRIC_REPRESENTATION_CONTEXT(2) 
PARAMETRIC_REPRESENTATION_CONTEXT() REPRESENTATION_CONTEXT('2D SPACE',''
  ) );
#5868 = PCURVE('',#5869,#5874);
#5869 = PLANE('',#5870);
#5870 = AXIS2_PLACEMENT_3D('',#5871,#5872,#5873);
#5871 = CARTESIAN_POINT('',(51.,16.,0.));
#5872 = DIRECTION('',(-0.,0.866025403784,0.5));
#5873 = DIRECTION('',(0.,-0.5,0.866025403784));
#5874 = DEFINITIONAL_REPRESENTATION('',(#5875),#5879);
#5875 = LINE('',#5876,#5877);
#5876 = CARTESIAN_POINT('',(0.,-9.));
#5877 = VECTOR('',#5878,1.);
#5878 = DIRECTION('',(1.,0.));
#5879 = ( GEOMETRIC_REPRESENTATION_CONTEXT(2) 
PARAMETRIC_REPRESENTATION_CONTEXT() REPRESENTATION_CONTEXT('2D SPACE',''
  ) );
#5880 = ORIENTED_EDGE('',*,*,#5881,.T.);
#5881 = EDGE_CURVE('',#5854,#5882,#5884,.T.);
#5882 = VERTEX_POINT('',#5883);
#5883 = CARTESIAN_POINT('',(42.,-8.,13.856406460551));
#5884 = SURFACE_CURVE('',#5885,(#5889,#5896),.PCURVE_S1.);
#5885 = LINE('',#5886,#5887);
#5886 = CARTESIAN_POINT('',(42.,8.,13.856406460551));
#5887 = VECTOR('',#5888,1.);
#5888 = DIRECTION('',(0.,-1.,1.110223024625E-16));
#5889 = PCURVE('',#5835,#5890);
#5890 = DEFINITIONAL_REPRESENTATION('',(#5891),#5895);
#5891 = LINE('',#5892,#5893);
#5892 = CARTESIAN_POINT('',(8.,13.856406460551));
#5893 = VECTOR('',#5894,1.);
#5894 = DIRECTION('',(-1.,1.110223024625E-16));
#5895 = ( GEOMETRIC_REPRESENTATION_CONTEXT(2) 
PARAMETRIC_REPRESENTATION_CONTEXT() REPRESENTATION_CONTEXT('2D SPACE',''
  ) );
#5896 = PCURVE('',#5897,#5902);
#5897 = PLANE('',#5898);
#5898 = AXIS2_PLACEMENT_3D('',#5899,#5900,#5901);
#5899 = CARTESIAN_POINT('',(51.,8.,13.856406460551));
#5900 = DIRECTION('',(-0.,1.110223024625E-16,1.));
#5901 = DIRECTION('',(0.,-1.,1.110223024625E-16));
#5902 = DEFINITIONAL_REPRESENTATION('',(#5903),#5907);
#5903 = LINE('',#5904,#5905);
#5904 = CARTESIAN_POINT('',(0.,-9.));
#5905 = VECTOR('',#5906,1.);
#5906 = DIRECTION('',(1.,0.));
#5907 = ( GEOMETRIC_REPRESENTATION_CONTEXT(2) 
PARAMETRIC_REPRESENTATION_CONTEXT() REPRESENTATION_CONTEXT('2D SPACE',''
  ) );
#5908 = ORIENTED_EDGE('',*,*,#5909,.T.);
#5909 = EDGE_CURVE('',#5882,#5910,#5912,.T.);
#5910 = VERTEX_POINT('',#5911);
#5911 = CARTESIAN_POINT('',(42.,-16.,1.959434878636E-15));
#5912 = SURFACE_CURVE('',#5913,(#5917,#5924),.PCURVE_S1.);
#5913 = LINE('',#5914,#5915);
#5914 = CARTESIAN_POINT('',(42.,-8.,13.856406460551));
#5915 = VECTOR('',#5916,1.);
#5916 = DIRECTION('',(0.,-0.5,-0.866025403784));
#5917 = PCURVE('',#5835,#5918);
#5918 = DEFINITIONAL_REPRESENTATION('',(#5919),#5923);
#5919 = LINE('',#5920,#5921);
#5920 = CARTESIAN_POINT('',(-8.,13.856406460551));
#5921 = VECTOR('',#5922,1.);
#5922 = DIRECTION('',(-0.5,-0.866025403784));
#5923 = ( GEOMETRIC_REPRESENTATION_CONTEXT(2) 
PARAMETRIC_REPRESENTATION_CONTEXT() REPRESENTATION_CONTEXT('2D SPACE',''
  ) );
#5924 = PCURVE('',#5925,#5930);
#5925 = PLANE('',#5926);
#5926 = AXIS2_PLACEMENT_3D('',#5927,#5928,#5929);
#5927 = CARTESIAN_POINT('',(51.,-8.,13.856406460551));
#5928 = DIRECTION('',(0.,-0.866025403784,0.5));
#5929 = DIRECTION('',(0.,-0.5,-0.866025403784));
#5930 = DEFINITIONAL_REPRESENTATION('',(#5931),#5935);
#5931 = LINE('',#5932,#5933);
#5932 = CARTESIAN_POINT('',(-0.,-9.));
#5933 = VECTOR('',#5934,1.);
#5934 = DIRECTION('',(1.,0.));
#5935 = ( GEOMETRIC_REPRESENTATION_CONTEXT(2) 
PARAMETRIC_REPRESENTATION_CONTEXT() REPRESENTATION_CONTEXT('2D SPACE',''
  ) );
#5936 = ORIENTED_EDGE('',*,*,#5937,.T.);
#5937 = EDGE_CURVE('',#5910,#5938,#5940,.T.);
#5938 = VERTEX_POINT('',#5939);
#5939 = CARTESIAN_POINT('',(42.,-8.,-13.85640646055));
#5940 = SURFACE_CURVE('',#5941,(#5945,#5952),.PCURVE_S1.);
#5941 = LINE('',#5942,#5943);
#5942 = CARTESIAN_POINT('',(42.,-16.,1.959434878636E-15));
#5943 = VECTOR('',#5944,1.);
#5944 = DIRECTION('',(0.,0.5,-0.866025403784));
#5945 = PCURVE('',#5835,#5946);
#5946 = DEFINITIONAL_REPRESENTATION('',(#5947),#5951);
#5947 = LINE('',#5948,#5949);
#5948 = CARTESIAN_POINT('',(-16.,1.051424234745E-15));
#5949 = VECTOR('',#5950,1.);
#5950 = DIRECTION('',(0.5,-0.866025403784));
#5951 = ( GEOMETRIC_REPRESENTATION_CONTEXT(2) 
PARAMETRIC_REPRESENTATION_CONTEXT() REPRESENTATION_CONTEXT('2D SPACE',''
  ) );
#5952 = PCURVE('',#5953,#5958);
#5953 = PLANE('',#5954);
#5954 = AXIS2_PLACEMENT_3D('',#5955,#5956,#5957);
#5955 = CARTESIAN_POINT('',(51.,-16.,1.959434878636E-15));
#5956 = DIRECTION('',(0.,-0.866025403784,-0.5));
#5957 = DIRECTION('',(0.,0.5,-0.866025403784));
#5958 = DEFINITIONAL_REPRESENTATION('',(#5959),#5963);
#5959 = LINE('',#5960,#5961);
#5960 = CARTESIAN_POINT('',(0.,-9.));
#5961 = VECTOR('',#5962,1.);
#5962 = DIRECTION('',(1.,0.));
#5963 = ( GEOMETRIC_REPRESENTATION_CONTEXT(2) 
PARAMETRIC_REPRESENTATION_CONTEXT() REPRESENTATION_CONTEXT('2D SPACE',''
  ) );
#5964 = ORIENTED_EDGE('',*,*,#5965,.T.);
#5965 = EDGE_CURVE('',#5938,#5966,#5968,.T.);
#5966 = VERTEX_POINT('',#5967);
#5967 = CARTESIAN_POINT('',(42.,8.,-13.85640646055));
#5968 = SURFACE_CURVE('',#5969,(#5973,#5980),.PCURVE_S1.);
#5969 = LINE('',#5970,#5971);
#5970 = CARTESIAN_POINT('',(42.,-8.,-13.85640646055));
#5971 = VECTOR('',#5972,1.);
#5972 = DIRECTION('',(0.,1.,-2.22044604925E-16));
#5973 = PCURVE('',#5835,#5974);
#5974 = DEFINITIONAL_REPRESENTATION('',(#5975),#5979);
#5975 = LINE('',#5976,#5977);
#5976 = CARTESIAN_POINT('',(-8.,-13.85640646055));
#5977 = VECTOR('',#5978,1.);
#5978 = DIRECTION('',(1.,-2.22044604925E-16));
#5979 = ( GEOMETRIC_REPRESENTATION_CONTEXT(2) 
PARAMETRIC_REPRESENTATION_CONTEXT() REPRESENTATION_CONTEXT('2D SPACE',''
  ) );
#5980 = PCURVE('',#5981,#5986);
#5981 = PLANE('',#5982);
#5982 = AXIS2_PLACEMENT_3D('',#5983,#5984,#5985);
#5983 = CARTESIAN_POINT('',(51.,-8.,-13.85640646055));
#5984 = DIRECTION('',(0.,-2.22044604925E-16,-1.));
#5985 = DIRECTION('',(0.,1.,-2.22044604925E-16));
#5986 = DEFINITIONAL_REPRESENTATION('',(#5987),#5991);
#5987 = LINE('',#5988,#5989);
#5988 = CARTESIAN_POINT('',(0.,-9.));
#5989 = VECTOR('',#5990,1.);
#5990 = DIRECTION('',(1.,0.));
#5991 = ( GEOMETRIC_REPRESENTATION_CONTEXT(2) 
PARAMETRIC_REPRESENTATION_CONTEXT() REPRESENTATION_CONTEXT('2D SPACE',''
  ) );
#5992 = ORIENTED_EDGE('',*,*,#5993,.T.);
#5993 = EDGE_CURVE('',#5966,#5852,#5994,.T.);
#5994 = SURFACE_CURVE('',#5995,(#5999,#6006),.PCURVE_S1.);
#5995 = LINE('',#5996,#5997);
#5996 = CARTESIAN_POINT('',(42.,8.,-13.85640646055));
#5997 = VECTOR('',#5998,1.);
#5998 = DIRECTION('',(0.,0.5,0.866025403784));
#5999 = PCURVE('',#5835,#6000);
#6000 = DEFINITIONAL_REPRESENTATION('',(#6001),#6005);
#6001 = LINE('',#6002,#6003);
#6002 = CARTESIAN_POINT('',(8.,-13.85640646055));
#6003 = VECTOR('',#6004,1.);
#6004 = DIRECTION('',(0.5,0.866025403784));
#6005 = ( GEOMETRIC_REPRESENTATION_CONTEXT(2) 
PARAMETRIC_REPRESENTATION_CONTEXT() REPRESENTATION_CONTEXT('2D SPACE',''
  ) );
#6006 = PCURVE('',#6007,#6012);
#6007 = PLANE('',#6008);
#6008 = AXIS2_PLACEMENT_3D('',#6009,#6010,#6011);
#6009 = CARTESIAN_POINT('',(51.,8.,-13.85640646055));
#6010 = DIRECTION('',(0.,0.866025403784,-0.5));
#6011 = DIRECTION('',(0.,0.5,0.866025403784));
#6012 = DEFINITIONAL_REPRESENTATION('',(#6013),#6017);
#6013 = LINE('',#6014,#6015);
#6014 = CARTESIAN_POINT('',(0.,-9.));
#6015 = VECTOR('',#6016,1.);
#6016 = DIRECTION('',(1.,0.));
#6017 = ( GEOMETRIC_REPRESENTATION_CONTEXT(2) 
PARAMETRIC_REPRESENTATION_CONTEXT() REPRESENTATION_CONTEXT('2D SPACE',''
  ) );
#6018 = FACE_BOUND('',#6019,.F.);
#6019 = EDGE_LOOP('',(#6020));
#6020 = ORIENTED_EDGE('',*,*,#5820,.F.);
#6021 = ADVANCED_FACE('',(#6022),#5869,.T.);
#6022 = FACE_BOUND('',#6023,.T.);
#6023 = EDGE_LOOP('',(#6024,#6047,#6048,#6071,#6099));
#6024 = ORIENTED_EDGE('',*,*,#6025,.T.);
#6025 = EDGE_CURVE('',#6026,#5852,#6028,.T.);
#6026 = VERTEX_POINT('',#6027);
#6027 = CARTESIAN_POINT('',(48.6,16.,0.));
#6028 = SURFACE_CURVE('',#6029,(#6033,#6040),.PCURVE_S1.);
#6029 = LINE('',#6030,#6031);
#6030 = CARTESIAN_POINT('',(60.,16.,0.));
#6031 = VECTOR('',#6032,1.);
#6032 = DIRECTION('',(-1.,0.,0.));
#6033 = PCURVE('',#5869,#6034);
#6034 = DEFINITIONAL_REPRESENTATION('',(#6035),#6039);
#6035 = LINE('',#6036,#6037);
#6036 = CARTESIAN_POINT('',(0.,9.));
#6037 = VECTOR('',#6038,1.);
#6038 = DIRECTION('',(0.,-1.));
#6039 = ( GEOMETRIC_REPRESENTATION_CONTEXT(2) 
PARAMETRIC_REPRESENTATION_CONTEXT() REPRESENTATION_CONTEXT('2D SPACE',''
  ) );
#6040 = PCURVE('',#6007,#6041);
#6041 = DEFINITIONAL_REPRESENTATION('',(#6042),#6046);
#6042 = LINE('',#6043,#6044);
#6043 = CARTESIAN_POINT('',(16.,9.));
#6044 = VECTOR('',#6045,1.);
#6045 = DIRECTION('',(0.,-1.));
#6046 = ( GEOMETRIC_REPRESENTATION_CONTEXT(2) 
PARAMETRIC_REPRESENTATION_CONTEXT() REPRESENTATION_CONTEXT('2D SPACE',''
  ) );
#6047 = ORIENTED_EDGE('',*,*,#5851,.T.);
#6048 = ORIENTED_EDGE('',*,*,#6049,.T.);
#6049 = EDGE_CURVE('',#5854,#6050,#6052,.T.);
#6050 = VERTEX_POINT('',#6051);
#6051 = CARTESIAN_POINT('',(60.,8.,13.856406460551));
#6052 = SURFACE_CURVE('',#6053,(#6057,#6064),.PCURVE_S1.);
#6053 = LINE('',#6054,#6055);
#6054 = CARTESIAN_POINT('',(42.,8.,13.856406460551));
#6055 = VECTOR('',#6056,1.);
#6056 = DIRECTION('',(1.,0.,0.));
#6057 = PCURVE('',#5869,#6058);
#6058 = DEFINITIONAL_REPRESENTATION('',(#6059),#6063);
#6059 = LINE('',#6060,#6061);
#6060 = CARTESIAN_POINT('',(16.,-9.));
#6061 = VECTOR('',#6062,1.);
#6062 = DIRECTION('',(0.,1.));
#6063 = ( GEOMETRIC_REPRESENTATION_CONTEXT(2) 
PARAMETRIC_REPRESENTATION_CONTEXT() REPRESENTATION_CONTEXT('2D SPACE',''
  ) );
#6064 = PCURVE('',#5897,#6065);
#6065 = DEFINITIONAL_REPRESENTATION('',(#6066),#6070);
#6066 = LINE('',#6067,#6068);
#6067 = CARTESIAN_POINT('',(0.,-9.));
#6068 = VECTOR('',#6069,1.);
#6069 = DIRECTION('',(0.,1.));
#6070 = ( GEOMETRIC_REPRESENTATION_CONTEXT(2) 
PARAMETRIC_REPRESENTATION_CONTEXT() REPRESENTATION_CONTEXT('2D SPACE',''
  ) );
#6071 = ORIENTED_EDGE('',*,*,#6072,.F.);
#6072 = EDGE_CURVE('',#6073,#6050,#6075,.T.);
#6073 = VERTEX_POINT('',#6074);
#6074 = CARTESIAN_POINT('',(60.,9.418206931238,11.4));
#6075 = SURFACE_CURVE('',#6076,(#6080,#6087),.PCURVE_S1.);
#6076 = LINE('',#6077,#6078);
#6077 = CARTESIAN_POINT('',(60.,16.,0.));
#6078 = VECTOR('',#6079,1.);
#6079 = DIRECTION('',(0.,-0.5,0.866025403784));
#6080 = PCURVE('',#5869,#6081);
#6081 = DEFINITIONAL_REPRESENTATION('',(#6082),#6086);
#6082 = LINE('',#6083,#6084);
#6083 = CARTESIAN_POINT('',(0.,9.));
#6084 = VECTOR('',#6085,1.);
#6085 = DIRECTION('',(1.,0.));
#6086 = ( GEOMETRIC_REPRESENTATION_CONTEXT(2) 
PARAMETRIC_REPRESENTATION_CONTEXT() REPRESENTATION_CONTEXT('2D SPACE',''
  ) );
#6087 = PCURVE('',#6088,#6093);
#6088 = PLANE('',#6089);
#6089 = AXIS2_PLACEMENT_3D('',#6090,#6091,#6092);
#6090 = CARTESIAN_POINT('',(60.,1.480297366167E-16,9.080106438912E-16));
#6091 = DIRECTION('',(1.,0.,0.));
#6092 = DIRECTION('',(0.,1.,0.));
#6093 = DEFINITIONAL_REPRESENTATION('',(#6094),#6098);
#6094 = LINE('',#6095,#6096);
#6095 = CARTESIAN_POINT('',(16.,-9.080106438912E-16));
#6096 = VECTOR('',#6097,1.);
#6097 = DIRECTION('',(-0.5,0.866025403784));
#6098 = ( GEOMETRIC_REPRESENTATION_CONTEXT(2) 
PARAMETRIC_REPRESENTATION_CONTEXT() REPRESENTATION_CONTEXT('2D SPACE',''
  ) );
#6099 = ORIENTED_EDGE('',*,*,#6100,.F.);
#6100 = EDGE_CURVE('',#6026,#6073,#6101,.T.);
#6101 = SURFACE_CURVE('',#6102,(#6107,#6114),.PCURVE_S1.);
#6102 = ELLIPSE('',#6103,13.163586137523,11.4);
#6103 = AXIS2_PLACEMENT_3D('',#6104,#6105,#6106);
#6104 = CARTESIAN_POINT('',(60.,16.,-3.552713678801E-15));
#6105 = DIRECTION('',(-0.,0.866025403784,0.5));
#6106 = DIRECTION('',(0.,-0.5,0.866025403784));
#6107 = PCURVE('',#5869,#6108);
#6108 = DEFINITIONAL_REPRESENTATION('',(#6109),#6113);
#6109 = ELLIPSE('',#6110,13.163586137523,11.4);
#6110 = AXIS2_PLACEMENT_2D('',#6111,#6112);
#6111 = CARTESIAN_POINT('',(-3.076740298214E-15,9.));
#6112 = DIRECTION('',(1.,0.));
#6113 = ( GEOMETRIC_REPRESENTATION_CONTEXT(2) 
PARAMETRIC_REPRESENTATION_CONTEXT() REPRESENTATION_CONTEXT('2D SPACE',''
  ) );
#6114 = PCURVE('',#6115,#6120);
#6115 = CYLINDRICAL_SURFACE('',#6116,11.4);
#6116 = AXIS2_PLACEMENT_3D('',#6117,#6118,#6119);
#6117 = CARTESIAN_POINT('',(60.,19.,-4.218847493576E-15));
#6118 = DIRECTION('',(0.,-1.,2.22044604925E-16));
#6119 = DIRECTION('',(1.,0.,0.));
#6120 = DEFINITIONAL_REPRESENTATION('',(#6121),#6131);
#6121 = B_SPLINE_CURVE_WITH_KNOTS('',8,(#6122,#6123,#6124,#6125,#6126,
    #6127,#6128,#6129,#6130),.UNSPECIFIED.,.F.,.F.,(9,9),(4.590540262156
    ,6.441743587817),.PIECEWISE_BEZIER_KNOTS.);
#6122 = CARTESIAN_POINT('',(3.263441371819,2.2));
#6123 = CARTESIAN_POINT('',(3.032040956111,3.711737339617));
#6124 = CARTESIAN_POINT('',(2.800640540403,5.272432485982));
#6125 = CARTESIAN_POINT('',(2.569240124691,6.758724344164));
#6126 = CARTESIAN_POINT('',(2.337839708994,8.041725485436));
#6127 = CARTESIAN_POINT('',(2.106439293274,9.007878014902));
#6128 = CARTESIAN_POINT('',(1.875038877573,9.582461947039));
#6129 = CARTESIAN_POINT('',(1.643638461865,9.739709089848));
#6130 = CARTESIAN_POINT('',(1.412238046157,9.499230723709));
#6131 = ( GEOMETRIC_REPRESENTATION_CONTEXT(2) 
PARAMETRIC_REPRESENTATION_CONTEXT() REPRESENTATION_CONTEXT('2D SPACE',''
  ) );
#6132 = ADVANCED_FACE('',(#6133),#6007,.T.);
#6133 = FACE_BOUND('',#6134,.T.);
#6134 = EDGE_LOOP('',(#6135,#6158,#6159,#6160,#6190));
#6135 = ORIENTED_EDGE('',*,*,#6136,.T.);
#6136 = EDGE_CURVE('',#6137,#5966,#6139,.T.);
#6137 = VERTEX_POINT('',#6138);
#6138 = CARTESIAN_POINT('',(60.,8.,-13.85640646055));
#6139 = SURFACE_CURVE('',#6140,(#6144,#6151),.PCURVE_S1.);
#6140 = LINE('',#6141,#6142);
#6141 = CARTESIAN_POINT('',(60.,8.,-13.85640646055));
#6142 = VECTOR('',#6143,1.);
#6143 = DIRECTION('',(-1.,0.,0.));
#6144 = PCURVE('',#6007,#6145);
#6145 = DEFINITIONAL_REPRESENTATION('',(#6146),#6150);
#6146 = LINE('',#6147,#6148);
#6147 = CARTESIAN_POINT('',(0.,9.));
#6148 = VECTOR('',#6149,1.);
#6149 = DIRECTION('',(0.,-1.));
#6150 = ( GEOMETRIC_REPRESENTATION_CONTEXT(2) 
PARAMETRIC_REPRESENTATION_CONTEXT() REPRESENTATION_CONTEXT('2D SPACE',''
  ) );
#6151 = PCURVE('',#5981,#6152);
#6152 = DEFINITIONAL_REPRESENTATION('',(#6153),#6157);
#6153 = LINE('',#6154,#6155);
#6154 = CARTESIAN_POINT('',(16.,9.));
#6155 = VECTOR('',#6156,1.);
#6156 = DIRECTION('',(0.,-1.));
#6157 = ( GEOMETRIC_REPRESENTATION_CONTEXT(2) 
PARAMETRIC_REPRESENTATION_CONTEXT() REPRESENTATION_CONTEXT('2D SPACE',''
  ) );
#6158 = ORIENTED_EDGE('',*,*,#5993,.T.);
#6159 = ORIENTED_EDGE('',*,*,#6025,.F.);
#6160 = ORIENTED_EDGE('',*,*,#6161,.F.);
#6161 = EDGE_CURVE('',#6162,#6026,#6164,.T.);
#6162 = VERTEX_POINT('',#6163);
#6163 = CARTESIAN_POINT('',(60.,9.418206931238,-11.4));
#6164 = SURFACE_CURVE('',#6165,(#6170,#6177),.PCURVE_S1.);
#6165 = ELLIPSE('',#6166,13.163586137523,11.4);
#6166 = AXIS2_PLACEMENT_3D('',#6167,#6168,#6169);
#6167 = CARTESIAN_POINT('',(60.,16.,-3.5527136788E-15));
#6168 = DIRECTION('',(0.,0.866025403784,-0.5));
#6169 = DIRECTION('',(0.,-0.5,-0.866025403784));
#6170 = PCURVE('',#6007,#6171);
#6171 = DEFINITIONAL_REPRESENTATION('',(#6172),#6176);
#6172 = ELLIPSE('',#6173,13.163586137523,11.4);
#6173 = AXIS2_PLACEMENT_2D('',#6174,#6175);
#6174 = CARTESIAN_POINT('',(16.,9.));
#6175 = DIRECTION('',(-1.,0.));
#6176 = ( GEOMETRIC_REPRESENTATION_CONTEXT(2) 
PARAMETRIC_REPRESENTATION_CONTEXT() REPRESENTATION_CONTEXT('2D SPACE',''
  ) );
#6177 = PCURVE('',#6115,#6178);
#6178 = DEFINITIONAL_REPRESENTATION('',(#6179),#6189);
#6179 = B_SPLINE_CURVE_WITH_KNOTS('',8,(#6180,#6181,#6182,#6183,#6184,
    #6185,#6186,#6187,#6188),.UNSPECIFIED.,.F.,.F.,(9,9),(6.124627026542
    ,7.975830352203),.PIECEWISE_BEZIER_KNOTS.);
#6180 = CARTESIAN_POINT('',(4.870947261022,9.499230723709));
#6181 = CARTESIAN_POINT('',(4.639546845315,9.739709089848));
#6182 = CARTESIAN_POINT('',(4.408146429598,9.582461947032));
#6183 = CARTESIAN_POINT('',(4.176746013922,9.007878014928));
#6184 = CARTESIAN_POINT('',(3.94534559815,8.0417254854));
#6185 = CARTESIAN_POINT('',(3.713945182507,6.758724344202));
#6186 = CARTESIAN_POINT('',(3.482544766769,5.272432485977));
#6187 = CARTESIAN_POINT('',(3.251144351069,3.711737339617));
#6188 = CARTESIAN_POINT('',(3.019743935361,2.2));
#6189 = ( GEOMETRIC_REPRESENTATION_CONTEXT(2) 
PARAMETRIC_REPRESENTATION_CONTEXT() REPRESENTATION_CONTEXT('2D SPACE',''
  ) );
#6190 = ORIENTED_EDGE('',*,*,#6191,.F.);
#6191 = EDGE_CURVE('',#6137,#6162,#6192,.T.);
#6192 = SURFACE_CURVE('',#6193,(#6197,#6204),.PCURVE_S1.);
#6193 = LINE('',#6194,#6195);
#6194 = CARTESIAN_POINT('',(60.,8.,-13.85640646055));
#6195 = VECTOR('',#6196,1.);
#6196 = DIRECTION('',(0.,0.5,0.866025403784));
#6197 = PCURVE('',#6007,#6198);
#6198 = DEFINITIONAL_REPRESENTATION('',(#6199),#6203);
#6199 = LINE('',#6200,#6201);
#6200 = CARTESIAN_POINT('',(0.,9.));
#6201 = VECTOR('',#6202,1.);
#6202 = DIRECTION('',(1.,0.));
#6203 = ( GEOMETRIC_REPRESENTATION_CONTEXT(2) 
PARAMETRIC_REPRESENTATION_CONTEXT() REPRESENTATION_CONTEXT('2D SPACE',''
  ) );
#6204 = PCURVE('',#6205,#6210);
#6205 = PLANE('',#6206);
#6206 = AXIS2_PLACEMENT_3D('',#6207,#6208,#6209);
#6207 = CARTESIAN_POINT('',(60.,1.480297366167E-16,9.080106438912E-16));
#6208 = DIRECTION('',(1.,0.,0.));
#6209 = DIRECTION('',(0.,1.,0.));
#6210 = DEFINITIONAL_REPRESENTATION('',(#6211),#6215);
#6211 = LINE('',#6212,#6213);
#6212 = CARTESIAN_POINT('',(8.,-13.85640646055));
#6213 = VECTOR('',#6214,1.);
#6214 = DIRECTION('',(0.5,0.866025403784));
#6215 = ( GEOMETRIC_REPRESENTATION_CONTEXT(2) 
PARAMETRIC_REPRESENTATION_CONTEXT() REPRESENTATION_CONTEXT('2D SPACE',''
  ) );
#6216 = ADVANCED_FACE('',(#6217,#6265),#5897,.T.);
#6217 = FACE_BOUND('',#6218,.T.);
#6218 = EDGE_LOOP('',(#6219,#6220,#6221,#6244));
#6219 = ORIENTED_EDGE('',*,*,#6049,.F.);
#6220 = ORIENTED_EDGE('',*,*,#5881,.T.);
#6221 = ORIENTED_EDGE('',*,*,#6222,.T.);
#6222 = EDGE_CURVE('',#5882,#6223,#6225,.T.);
#6223 = VERTEX_POINT('',#6224);
#6224 = CARTESIAN_POINT('',(60.,-8.,13.856406460551));
#6225 = SURFACE_CURVE('',#6226,(#6230,#6237),.PCURVE_S1.);
#6226 = LINE('',#6227,#6228);
#6227 = CARTESIAN_POINT('',(42.,-8.,13.856406460551));
#6228 = VECTOR('',#6229,1.);
#6229 = DIRECTION('',(1.,0.,0.));
#6230 = PCURVE('',#5897,#6231);
#6231 = DEFINITIONAL_REPRESENTATION('',(#6232),#6236);
#6232 = LINE('',#6233,#6234);
#6233 = CARTESIAN_POINT('',(16.,-9.));
#6234 = VECTOR('',#6235,1.);
#6235 = DIRECTION('',(0.,1.));
#6236 = ( GEOMETRIC_REPRESENTATION_CONTEXT(2) 
PARAMETRIC_REPRESENTATION_CONTEXT() REPRESENTATION_CONTEXT('2D SPACE',''
  ) );
#6237 = PCURVE('',#5925,#6238);
#6238 = DEFINITIONAL_REPRESENTATION('',(#6239),#6243);
#6239 = LINE('',#6240,#6241);
#6240 = CARTESIAN_POINT('',(-0.,-9.));
#6241 = VECTOR('',#6242,1.);
#6242 = DIRECTION('',(0.,1.));
#6243 = ( GEOMETRIC_REPRESENTATION_CONTEXT(2) 
PARAMETRIC_REPRESENTATION_CONTEXT() REPRESENTATION_CONTEXT('2D SPACE',''
  ) );
#6244 = ORIENTED_EDGE('',*,*,#6245,.F.);
#6245 = EDGE_CURVE('',#6050,#6223,#6246,.T.);
#6246 = SURFACE_CURVE('',#6247,(#6251,#6258),.PCURVE_S1.);
#6247 = LINE('',#6248,#6249);
#6248 = CARTESIAN_POINT('',(60.,8.,13.856406460551));
#6249 = VECTOR('',#6250,1.);
#6250 = DIRECTION('',(0.,-1.,1.110223024625E-16));
#6251 = PCURVE('',#5897,#6252);
#6252 = DEFINITIONAL_REPRESENTATION('',(#6253),#6257);
#6253 = LINE('',#6254,#6255);
#6254 = CARTESIAN_POINT('',(0.,9.));
#6255 = VECTOR('',#6256,1.);
#6256 = DIRECTION('',(1.,0.));
#6257 = ( GEOMETRIC_REPRESENTATION_CONTEXT(2) 
PARAMETRIC_REPRESENTATION_CONTEXT() REPRESENTATION_CONTEXT('2D SPACE',''
  ) );
#6258 = PCURVE('',#6088,#6259);
#6259 = DEFINITIONAL_REPRESENTATION('',(#6260),#6264);
#6260 = LINE('',#6261,#6262);
#6261 = CARTESIAN_POINT('',(8.,13.856406460551));
#6262 = VECTOR('',#6263,1.);
#6263 = DIRECTION('',(-1.,1.110223024625E-16));
#6264 = ( GEOMETRIC_REPRESENTATION_CONTEXT(2) 
PARAMETRIC_REPRESENTATION_CONTEXT() REPRESENTATION_CONTEXT('2D SPACE',''
  ) );
#6265 = FACE_BOUND('',#6266,.T.);
#6266 = EDGE_LOOP('',(#6267,#6295,#6321,#6347));
#6267 = ORIENTED_EDGE('',*,*,#6268,.T.);
#6268 = EDGE_CURVE('',#6269,#6271,#6273,.T.);
#6269 = VERTEX_POINT('',#6270);
#6270 = CARTESIAN_POINT('',(45.5,-3.,13.856406460551));
#6271 = VERTEX_POINT('',#6272);
#6272 = CARTESIAN_POINT('',(42.5,-3.,13.856406460551));
#6273 = SURFACE_CURVE('',#6274,(#6278,#6284),.PCURVE_S1.);
#6274 = LINE('',#6275,#6276);
#6275 = CARTESIAN_POINT('',(46.75,-3.,13.856406460551));
#6276 = VECTOR('',#6277,1.);
#6277 = DIRECTION('',(-1.,0.,-0.));
#6278 = PCURVE('',#5897,#6279);
#6279 = DEFINITIONAL_REPRESENTATION('',(#6280),#6283);
#6280 = B_SPLINE_CURVE_WITH_KNOTS('',1,(#6281,#6282),.UNSPECIFIED.,.F.,
  .F.,(2,2),(1.25,4.25),.PIECEWISE_BEZIER_KNOTS.);
#6281 = CARTESIAN_POINT('',(11.,-5.5));
#6282 = CARTESIAN_POINT('',(11.,-8.5));
#6283 = ( GEOMETRIC_REPRESENTATION_CONTEXT(2) 
PARAMETRIC_REPRESENTATION_CONTEXT() REPRESENTATION_CONTEXT('2D SPACE',''
  ) );
#6284 = PCURVE('',#6285,#6290);
#6285 = PLANE('',#6286);
#6286 = AXIS2_PLACEMENT_3D('',#6287,#6288,#6289);
#6287 = CARTESIAN_POINT('',(42.5,-3.,-19.));
#6288 = DIRECTION('',(0.,1.,0.));
#6289 = DIRECTION('',(0.,0.,1.));
#6290 = DEFINITIONAL_REPRESENTATION('',(#6291),#6294);
#6291 = B_SPLINE_CURVE_WITH_KNOTS('',1,(#6292,#6293),.UNSPECIFIED.,.F.,
  .F.,(2,2),(1.25,4.25),.PIECEWISE_BEZIER_KNOTS.);
#6292 = CARTESIAN_POINT('',(32.856406460551,3.));
#6293 = CARTESIAN_POINT('',(32.856406460551,0.));
#6294 = ( GEOMETRIC_REPRESENTATION_CONTEXT(2) 
PARAMETRIC_REPRESENTATION_CONTEXT() REPRESENTATION_CONTEXT('2D SPACE',''
  ) );
#6295 = ORIENTED_EDGE('',*,*,#6296,.T.);
#6296 = EDGE_CURVE('',#6271,#6297,#6299,.T.);
#6297 = VERTEX_POINT('',#6298);
#6298 = CARTESIAN_POINT('',(42.5,3.,13.856406460551));
#6299 = SURFACE_CURVE('',#6300,(#6304,#6310),.PCURVE_S1.);
#6300 = LINE('',#6301,#6302);
#6301 = CARTESIAN_POINT('',(42.5,2.5,13.856406460551));
#6302 = VECTOR('',#6303,1.);
#6303 = DIRECTION('',(0.,1.,-1.110223024625E-16));
#6304 = PCURVE('',#5897,#6305);
#6305 = DEFINITIONAL_REPRESENTATION('',(#6306),#6309);
#6306 = B_SPLINE_CURVE_WITH_KNOTS('',1,(#6307,#6308),.UNSPECIFIED.,.F.,
  .F.,(2,2),(-5.5,0.5),.PIECEWISE_BEZIER_KNOTS.);
#6307 = CARTESIAN_POINT('',(11.,-8.5));
#6308 = CARTESIAN_POINT('',(5.,-8.5));
#6309 = ( GEOMETRIC_REPRESENTATION_CONTEXT(2) 
PARAMETRIC_REPRESENTATION_CONTEXT() REPRESENTATION_CONTEXT('2D SPACE',''
  ) );
#6310 = PCURVE('',#6311,#6316);
#6311 = PLANE('',#6312);
#6312 = AXIS2_PLACEMENT_3D('',#6313,#6314,#6315);
#6313 = CARTESIAN_POINT('',(42.5,-3.,-19.));
#6314 = DIRECTION('',(1.,0.,0.));
#6315 = DIRECTION('',(0.,0.,1.));
#6316 = DEFINITIONAL_REPRESENTATION('',(#6317),#6320);
#6317 = B_SPLINE_CURVE_WITH_KNOTS('',1,(#6318,#6319),.UNSPECIFIED.,.F.,
  .F.,(2,2),(-5.5,0.5),.PIECEWISE_BEZIER_KNOTS.);
#6318 = CARTESIAN_POINT('',(32.856406460551,0.));
#6319 = CARTESIAN_POINT('',(32.856406460551,-6.));
#6320 = ( GEOMETRIC_REPRESENTATION_CONTEXT(2) 
PARAMETRIC_REPRESENTATION_CONTEXT() REPRESENTATION_CONTEXT('2D SPACE',''
  ) );
#6321 = ORIENTED_EDGE('',*,*,#6322,.F.);
#6322 = EDGE_CURVE('',#6323,#6297,#6325,.T.);
#6323 = VERTEX_POINT('',#6324);
#6324 = CARTESIAN_POINT('',(45.5,3.,13.856406460551));
#6325 = SURFACE_CURVE('',#6326,(#6330,#6336),.PCURVE_S1.);
#6326 = LINE('',#6327,#6328);
#6327 = CARTESIAN_POINT('',(46.75,3.,13.856406460551));
#6328 = VECTOR('',#6329,1.);
#6329 = DIRECTION('',(-1.,0.,-0.));
#6330 = PCURVE('',#5897,#6331);
#6331 = DEFINITIONAL_REPRESENTATION('',(#6332),#6335);
#6332 = B_SPLINE_CURVE_WITH_KNOTS('',1,(#6333,#6334),.UNSPECIFIED.,.F.,
  .F.,(2,2),(1.25,4.25),.PIECEWISE_BEZIER_KNOTS.);
#6333 = CARTESIAN_POINT('',(5.,-5.5));
#6334 = CARTESIAN_POINT('',(5.,-8.5));
#6335 = ( GEOMETRIC_REPRESENTATION_CONTEXT(2) 
PARAMETRIC_REPRESENTATION_CONTEXT() REPRESENTATION_CONTEXT('2D SPACE',''
  ) );
#6336 = PCURVE('',#6337,#6342);
#6337 = PLANE('',#6338);
#6338 = AXIS2_PLACEMENT_3D('',#6339,#6340,#6341);
#6339 = CARTESIAN_POINT('',(42.5,3.,-19.));
#6340 = DIRECTION('',(0.,1.,0.));
#6341 = DIRECTION('',(0.,0.,1.));
#6342 = DEFINITIONAL_REPRESENTATION('',(#6343),#6346);
#6343 = B_SPLINE_CURVE_WITH_KNOTS('',1,(#6344,#6345),.UNSPECIFIED.,.F.,
  .F.,(2,2),(1.25,4.25),.PIECEWISE_BEZIER_KNOTS.);
#6344 = CARTESIAN_POINT('',(32.856406460551,3.));
#6345 = CARTESIAN_POINT('',(32.856406460551,0.));
#6346 = ( GEOMETRIC_REPRESENTATION_CONTEXT(2) 
PARAMETRIC_REPRESENTATION_CONTEXT() REPRESENTATION_CONTEXT('2D SPACE',''
  ) );
#6347 = ORIENTED_EDGE('',*,*,#6348,.F.);
#6348 = EDGE_CURVE('',#6269,#6323,#6349,.T.);
#6349 = SURFACE_CURVE('',#6350,(#6354,#6360),.PCURVE_S1.);
#6350 = LINE('',#6351,#6352);
#6351 = CARTESIAN_POINT('',(45.5,2.5,13.856406460551));
#6352 = VECTOR('',#6353,1.);
#6353 = DIRECTION('',(0.,1.,-1.110223024625E-16));
#6354 = PCURVE('',#5897,#6355);
#6355 = DEFINITIONAL_REPRESENTATION('',(#6356),#6359);
#6356 = B_SPLINE_CURVE_WITH_KNOTS('',1,(#6357,#6358),.UNSPECIFIED.,.F.,
  .F.,(2,2),(-5.5,0.5),.PIECEWISE_BEZIER_KNOTS.);
#6357 = CARTESIAN_POINT('',(11.,-5.5));
#6358 = CARTESIAN_POINT('',(5.,-5.5));
#6359 = ( GEOMETRIC_REPRESENTATION_CONTEXT(2) 
PARAMETRIC_REPRESENTATION_CONTEXT() REPRESENTATION_CONTEXT('2D SPACE',''
  ) );
#6360 = PCURVE('',#6361,#6366);
#6361 = PLANE('',#6362);
#6362 = AXIS2_PLACEMENT_3D('',#6363,#6364,#6365);
#6363 = CARTESIAN_POINT('',(45.5,-3.,-19.));
#6364 = DIRECTION('',(1.,0.,0.));
#6365 = DIRECTION('',(0.,0.,1.));
#6366 = DEFINITIONAL_REPRESENTATION('',(#6367),#6370);
#6367 = B_SPLINE_CURVE_WITH_KNOTS('',1,(#6368,#6369),.UNSPECIFIED.,.F.,
  .F.,(2,2),(-5.5,0.5),.PIECEWISE_BEZIER_KNOTS.);
#6368 = CARTESIAN_POINT('',(32.856406460551,0.));
#6369 = CARTESIAN_POINT('',(32.856406460551,-6.));
#6370 = ( GEOMETRIC_REPRESENTATION_CONTEXT(2) 
PARAMETRIC_REPRESENTATION_CONTEXT() REPRESENTATION_CONTEXT('2D SPACE',''
  ) );
#6371 = ADVANCED_FACE('',(#6372,#6420),#5981,.T.);
#6372 = FACE_BOUND('',#6373,.T.);
#6373 = EDGE_LOOP('',(#6374,#6375,#6376,#6399));
#6374 = ORIENTED_EDGE('',*,*,#5965,.T.);
#6375 = ORIENTED_EDGE('',*,*,#6136,.F.);
#6376 = ORIENTED_EDGE('',*,*,#6377,.F.);
#6377 = EDGE_CURVE('',#6378,#6137,#6380,.T.);
#6378 = VERTEX_POINT('',#6379);
#6379 = CARTESIAN_POINT('',(60.,-8.,-13.85640646055));
#6380 = SURFACE_CURVE('',#6381,(#6385,#6392),.PCURVE_S1.);
#6381 = LINE('',#6382,#6383);
#6382 = CARTESIAN_POINT('',(60.,-8.,-13.85640646055));
#6383 = VECTOR('',#6384,1.);
#6384 = DIRECTION('',(0.,1.,-2.22044604925E-16));
#6385 = PCURVE('',#5981,#6386);
#6386 = DEFINITIONAL_REPRESENTATION('',(#6387),#6391);
#6387 = LINE('',#6388,#6389);
#6388 = CARTESIAN_POINT('',(0.,9.));
#6389 = VECTOR('',#6390,1.);
#6390 = DIRECTION('',(1.,0.));
#6391 = ( GEOMETRIC_REPRESENTATION_CONTEXT(2) 
PARAMETRIC_REPRESENTATION_CONTEXT() REPRESENTATION_CONTEXT('2D SPACE',''
  ) );
#6392 = PCURVE('',#6205,#6393);
#6393 = DEFINITIONAL_REPRESENTATION('',(#6394),#6398);
#6394 = LINE('',#6395,#6396);
#6395 = CARTESIAN_POINT('',(-8.,-13.85640646055));
#6396 = VECTOR('',#6397,1.);
#6397 = DIRECTION('',(1.,-2.22044604925E-16));
#6398 = ( GEOMETRIC_REPRESENTATION_CONTEXT(2) 
PARAMETRIC_REPRESENTATION_CONTEXT() REPRESENTATION_CONTEXT('2D SPACE',''
  ) );
#6399 = ORIENTED_EDGE('',*,*,#6400,.T.);
#6400 = EDGE_CURVE('',#6378,#5938,#6401,.T.);
#6401 = SURFACE_CURVE('',#6402,(#6406,#6413),.PCURVE_S1.);
#6402 = LINE('',#6403,#6404);
#6403 = CARTESIAN_POINT('',(60.,-8.,-13.85640646055));
#6404 = VECTOR('',#6405,1.);
#6405 = DIRECTION('',(-1.,0.,0.));
#6406 = PCURVE('',#5981,#6407);
#6407 = DEFINITIONAL_REPRESENTATION('',(#6408),#6412);
#6408 = LINE('',#6409,#6410);
#6409 = CARTESIAN_POINT('',(0.,9.));
#6410 = VECTOR('',#6411,1.);
#6411 = DIRECTION('',(0.,-1.));
#6412 = ( GEOMETRIC_REPRESENTATION_CONTEXT(2) 
PARAMETRIC_REPRESENTATION_CONTEXT() REPRESENTATION_CONTEXT('2D SPACE',''
  ) );
#6413 = PCURVE('',#5953,#6414);
#6414 = DEFINITIONAL_REPRESENTATION('',(#6415),#6419);
#6415 = LINE('',#6416,#6417);
#6416 = CARTESIAN_POINT('',(16.,9.));
#6417 = VECTOR('',#6418,1.);
#6418 = DIRECTION('',(0.,-1.));
#6419 = ( GEOMETRIC_REPRESENTATION_CONTEXT(2) 
PARAMETRIC_REPRESENTATION_CONTEXT() REPRESENTATION_CONTEXT('2D SPACE',''
  ) );
#6420 = FACE_BOUND('',#6421,.T.);
#6421 = EDGE_LOOP('',(#6422,#6445,#6466,#6487));
#6422 = ORIENTED_EDGE('',*,*,#6423,.F.);
#6423 = EDGE_CURVE('',#6424,#6426,#6428,.T.);
#6424 = VERTEX_POINT('',#6425);
#6425 = CARTESIAN_POINT('',(42.5,3.,-13.85640646055));
#6426 = VERTEX_POINT('',#6427);
#6427 = CARTESIAN_POINT('',(45.5,3.,-13.85640646055));
#6428 = SURFACE_CURVE('',#6429,(#6433,#6439),.PCURVE_S1.);
#6429 = LINE('',#6430,#6431);
#6430 = CARTESIAN_POINT('',(46.75,3.,-13.85640646055));
#6431 = VECTOR('',#6432,1.);
#6432 = DIRECTION('',(1.,-0.,0.));
#6433 = PCURVE('',#5981,#6434);
#6434 = DEFINITIONAL_REPRESENTATION('',(#6435),#6438);
#6435 = B_SPLINE_CURVE_WITH_KNOTS('',1,(#6436,#6437),.UNSPECIFIED.,.F.,
  .F.,(2,2),(-4.25,-1.25),.PIECEWISE_BEZIER_KNOTS.);
#6436 = CARTESIAN_POINT('',(11.,-8.5));
#6437 = CARTESIAN_POINT('',(11.,-5.5));
#6438 = ( GEOMETRIC_REPRESENTATION_CONTEXT(2) 
PARAMETRIC_REPRESENTATION_CONTEXT() REPRESENTATION_CONTEXT('2D SPACE',''
  ) );
#6439 = PCURVE('',#6337,#6440);
#6440 = DEFINITIONAL_REPRESENTATION('',(#6441),#6444);
#6441 = B_SPLINE_CURVE_WITH_KNOTS('',1,(#6442,#6443),.UNSPECIFIED.,.F.,
  .F.,(2,2),(-4.25,-1.25),.PIECEWISE_BEZIER_KNOTS.);
#6442 = CARTESIAN_POINT('',(5.143593539449,0.));
#6443 = CARTESIAN_POINT('',(5.143593539449,3.));
#6444 = ( GEOMETRIC_REPRESENTATION_CONTEXT(2) 
PARAMETRIC_REPRESENTATION_CONTEXT() REPRESENTATION_CONTEXT('2D SPACE',''
  ) );
#6445 = ORIENTED_EDGE('',*,*,#6446,.T.);
#6446 = EDGE_CURVE('',#6424,#6447,#6449,.T.);
#6447 = VERTEX_POINT('',#6448);
#6448 = CARTESIAN_POINT('',(42.5,-3.,-13.85640646055));
#6449 = SURFACE_CURVE('',#6450,(#6454,#6460),.PCURVE_S1.);
#6450 = LINE('',#6451,#6452);
#6451 = CARTESIAN_POINT('',(42.5,-5.5,-13.85640646055));
#6452 = VECTOR('',#6453,1.);
#6453 = DIRECTION('',(0.,-1.,2.22044604925E-16));
#6454 = PCURVE('',#5981,#6455);
#6455 = DEFINITIONAL_REPRESENTATION('',(#6456),#6459);
#6456 = B_SPLINE_CURVE_WITH_KNOTS('',1,(#6457,#6458),.UNSPECIFIED.,.F.,
  .F.,(2,2),(-8.5,-2.5),.PIECEWISE_BEZIER_KNOTS.);
#6457 = CARTESIAN_POINT('',(11.,-8.5));
#6458 = CARTESIAN_POINT('',(5.,-8.5));
#6459 = ( GEOMETRIC_REPRESENTATION_CONTEXT(2) 
PARAMETRIC_REPRESENTATION_CONTEXT() REPRESENTATION_CONTEXT('2D SPACE',''
  ) );
#6460 = PCURVE('',#6311,#6461);
#6461 = DEFINITIONAL_REPRESENTATION('',(#6462),#6465);
#6462 = B_SPLINE_CURVE_WITH_KNOTS('',1,(#6463,#6464),.UNSPECIFIED.,.F.,
  .F.,(2,2),(-8.5,-2.5),.PIECEWISE_BEZIER_KNOTS.);
#6463 = CARTESIAN_POINT('',(5.143593539449,-6.));
#6464 = CARTESIAN_POINT('',(5.143593539449,0.));
#6465 = ( GEOMETRIC_REPRESENTATION_CONTEXT(2) 
PARAMETRIC_REPRESENTATION_CONTEXT() REPRESENTATION_CONTEXT('2D SPACE',''
  ) );
#6466 = ORIENTED_EDGE('',*,*,#6467,.T.);
#6467 = EDGE_CURVE('',#6447,#6468,#6470,.T.);
#6468 = VERTEX_POINT('',#6469);
#6469 = CARTESIAN_POINT('',(45.5,-3.,-13.85640646055));
#6470 = SURFACE_CURVE('',#6471,(#6475,#6481),.PCURVE_S1.);
#6471 = LINE('',#6472,#6473);
#6472 = CARTESIAN_POINT('',(46.75,-3.,-13.85640646055));
#6473 = VECTOR('',#6474,1.);
#6474 = DIRECTION('',(1.,-0.,0.));
#6475 = PCURVE('',#5981,#6476);
#6476 = DEFINITIONAL_REPRESENTATION('',(#6477),#6480);
#6477 = B_SPLINE_CURVE_WITH_KNOTS('',1,(#6478,#6479),.UNSPECIFIED.,.F.,
  .F.,(2,2),(-4.25,-1.25),.PIECEWISE_BEZIER_KNOTS.);
#6478 = CARTESIAN_POINT('',(5.,-8.5));
#6479 = CARTESIAN_POINT('',(5.,-5.5));
#6480 = ( GEOMETRIC_REPRESENTATION_CONTEXT(2) 
PARAMETRIC_REPRESENTATION_CONTEXT() REPRESENTATION_CONTEXT('2D SPACE',''
  ) );
#6481 = PCURVE('',#6285,#6482);
#6482 = DEFINITIONAL_REPRESENTATION('',(#6483),#6486);
#6483 = B_SPLINE_CURVE_WITH_KNOTS('',1,(#6484,#6485),.UNSPECIFIED.,.F.,
  .F.,(2,2),(-4.25,-1.25),.PIECEWISE_BEZIER_KNOTS.);
#6484 = CARTESIAN_POINT('',(5.143593539449,0.));
#6485 = CARTESIAN_POINT('',(5.143593539449,3.));
#6486 = ( GEOMETRIC_REPRESENTATION_CONTEXT(2) 
PARAMETRIC_REPRESENTATION_CONTEXT() REPRESENTATION_CONTEXT('2D SPACE',''
  ) );
#6487 = ORIENTED_EDGE('',*,*,#6488,.F.);
#6488 = EDGE_CURVE('',#6426,#6468,#6489,.T.);
#6489 = SURFACE_CURVE('',#6490,(#6494,#6500),.PCURVE_S1.);
#6490 = LINE('',#6491,#6492);
#6491 = CARTESIAN_POINT('',(45.5,-5.5,-13.85640646055));
#6492 = VECTOR('',#6493,1.);
#6493 = DIRECTION('',(0.,-1.,2.22044604925E-16));
#6494 = PCURVE('',#5981,#6495);
#6495 = DEFINITIONAL_REPRESENTATION('',(#6496),#6499);
#6496 = B_SPLINE_CURVE_WITH_KNOTS('',1,(#6497,#6498),.UNSPECIFIED.,.F.,
  .F.,(2,2),(-8.5,-2.5),.PIECEWISE_BEZIER_KNOTS.);
#6497 = CARTESIAN_POINT('',(11.,-5.5));
#6498 = CARTESIAN_POINT('',(5.,-5.5));
#6499 = ( GEOMETRIC_REPRESENTATION_CONTEXT(2) 
PARAMETRIC_REPRESENTATION_CONTEXT() REPRESENTATION_CONTEXT('2D SPACE',''
  ) );
#6500 = PCURVE('',#6361,#6501);
#6501 = DEFINITIONAL_REPRESENTATION('',(#6502),#6505);
#6502 = B_SPLINE_CURVE_WITH_KNOTS('',1,(#6503,#6504),.UNSPECIFIED.,.F.,
  .F.,(2,2),(-8.5,-2.5),.PIECEWISE_BEZIER_KNOTS.);
#6503 = CARTESIAN_POINT('',(5.143593539449,-6.));
#6504 = CARTESIAN_POINT('',(5.143593539449,0.));
#6505 = ( GEOMETRIC_REPRESENTATION_CONTEXT(2) 
PARAMETRIC_REPRESENTATION_CONTEXT() REPRESENTATION_CONTEXT('2D SPACE',''
  ) );
#6506 = ADVANCED_FACE('',(#6507),#5925,.T.);
#6507 = FACE_BOUND('',#6508,.T.);
#6508 = EDGE_LOOP('',(#6509,#6510,#6511,#6534,#6564));
#6509 = ORIENTED_EDGE('',*,*,#6222,.F.);
#6510 = ORIENTED_EDGE('',*,*,#5909,.T.);
#6511 = ORIENTED_EDGE('',*,*,#6512,.T.);
#6512 = EDGE_CURVE('',#5910,#6513,#6515,.T.);
#6513 = VERTEX_POINT('',#6514);
#6514 = CARTESIAN_POINT('',(48.6,-16.,1.959434878636E-15));
#6515 = SURFACE_CURVE('',#6516,(#6520,#6527),.PCURVE_S1.);
#6516 = LINE('',#6517,#6518);
#6517 = CARTESIAN_POINT('',(42.,-16.,1.959434878636E-15));
#6518 = VECTOR('',#6519,1.);
#6519 = DIRECTION('',(1.,0.,0.));
#6520 = PCURVE('',#5925,#6521);
#6521 = DEFINITIONAL_REPRESENTATION('',(#6522),#6526);
#6522 = LINE('',#6523,#6524);
#6523 = CARTESIAN_POINT('',(16.,-9.));
#6524 = VECTOR('',#6525,1.);
#6525 = DIRECTION('',(0.,1.));
#6526 = ( GEOMETRIC_REPRESENTATION_CONTEXT(2) 
PARAMETRIC_REPRESENTATION_CONTEXT() REPRESENTATION_CONTEXT('2D SPACE',''
  ) );
#6527 = PCURVE('',#5953,#6528);
#6528 = DEFINITIONAL_REPRESENTATION('',(#6529),#6533);
#6529 = LINE('',#6530,#6531);
#6530 = CARTESIAN_POINT('',(0.,-9.));
#6531 = VECTOR('',#6532,1.);
#6532 = DIRECTION('',(0.,1.));
#6533 = ( GEOMETRIC_REPRESENTATION_CONTEXT(2) 
PARAMETRIC_REPRESENTATION_CONTEXT() REPRESENTATION_CONTEXT('2D SPACE',''
  ) );
#6534 = ORIENTED_EDGE('',*,*,#6535,.F.);
#6535 = EDGE_CURVE('',#6536,#6513,#6538,.T.);
#6536 = VERTEX_POINT('',#6537);
#6537 = CARTESIAN_POINT('',(60.,-9.418206931238,11.4));
#6538 = SURFACE_CURVE('',#6539,(#6544,#6551),.PCURVE_S1.);
#6539 = ELLIPSE('',#6540,13.163586137523,11.4);
#6540 = AXIS2_PLACEMENT_3D('',#6541,#6542,#6543);
#6541 = CARTESIAN_POINT('',(60.,-16.,3.552713678801E-15));
#6542 = DIRECTION('',(0.,-0.866025403784,0.5));
#6543 = DIRECTION('',(0.,-0.5,-0.866025403784));
#6544 = PCURVE('',#5925,#6545);
#6545 = DEFINITIONAL_REPRESENTATION('',(#6546),#6550);
#6546 = ELLIPSE('',#6547,13.163586137523,11.4);
#6547 = AXIS2_PLACEMENT_2D('',#6548,#6549);
#6548 = CARTESIAN_POINT('',(16.,9.));
#6549 = DIRECTION('',(1.,0.));
#6550 = ( GEOMETRIC_REPRESENTATION_CONTEXT(2) 
PARAMETRIC_REPRESENTATION_CONTEXT() REPRESENTATION_CONTEXT('2D SPACE',''
  ) );
#6551 = PCURVE('',#6115,#6552);
#6552 = DEFINITIONAL_REPRESENTATION('',(#6553),#6563);
#6553 = B_SPLINE_CURVE_WITH_KNOTS('',8,(#6554,#6555,#6556,#6557,#6558,
    #6559,#6560,#6561,#6562),.UNSPECIFIED.,.F.,.F.,(9,9),(2.983034372952
    ,4.834237698614),.PIECEWISE_BEZIER_KNOTS.);
#6554 = CARTESIAN_POINT('',(1.412238046157,28.500769276291));
#6555 = CARTESIAN_POINT('',(1.643638461865,28.260290910152));
#6556 = CARTESIAN_POINT('',(1.875038877572,28.417538052899));
#6557 = CARTESIAN_POINT('',(2.106439293279,28.992121985299));
#6558 = CARTESIAN_POINT('',(2.337839708987,29.958274514219));
#6559 = CARTESIAN_POINT('',(2.569240124693,31.241275655961));
#6560 = CARTESIAN_POINT('',(2.800640540403,32.727567513948));
#6561 = CARTESIAN_POINT('',(3.032040956111,34.288262660383));
#6562 = CARTESIAN_POINT('',(3.263441371819,35.8));
#6563 = ( GEOMETRIC_REPRESENTATION_CONTEXT(2) 
PARAMETRIC_REPRESENTATION_CONTEXT() REPRESENTATION_CONTEXT('2D SPACE',''
  ) );
#6564 = ORIENTED_EDGE('',*,*,#6565,.F.);
#6565 = EDGE_CURVE('',#6223,#6536,#6566,.T.);
#6566 = SURFACE_CURVE('',#6567,(#6571,#6578),.PCURVE_S1.);
#6567 = LINE('',#6568,#6569);
#6568 = CARTESIAN_POINT('',(60.,-8.,13.856406460551));
#6569 = VECTOR('',#6570,1.);
#6570 = DIRECTION('',(0.,-0.5,-0.866025403784));
#6571 = PCURVE('',#5925,#6572);
#6572 = DEFINITIONAL_REPRESENTATION('',(#6573),#6577);
#6573 = LINE('',#6574,#6575);
#6574 = CARTESIAN_POINT('',(0.,9.));
#6575 = VECTOR('',#6576,1.);
#6576 = DIRECTION('',(1.,0.));
#6577 = ( GEOMETRIC_REPRESENTATION_CONTEXT(2) 
PARAMETRIC_REPRESENTATION_CONTEXT() REPRESENTATION_CONTEXT('2D SPACE',''
  ) );
#6578 = PCURVE('',#6088,#6579);
#6579 = DEFINITIONAL_REPRESENTATION('',(#6580),#6584);
#6580 = LINE('',#6581,#6582);
#6581 = CARTESIAN_POINT('',(-8.,13.856406460551));
#6582 = VECTOR('',#6583,1.);
#6583 = DIRECTION('',(-0.5,-0.866025403784));
#6584 = ( GEOMETRIC_REPRESENTATION_CONTEXT(2) 
PARAMETRIC_REPRESENTATION_CONTEXT() REPRESENTATION_CONTEXT('2D SPACE',''
  ) );
#6585 = ADVANCED_FACE('',(#6586),#5953,.T.);
#6586 = FACE_BOUND('',#6587,.T.);
#6587 = EDGE_LOOP('',(#6588,#6589,#6590,#6591,#6614));
#6588 = ORIENTED_EDGE('',*,*,#6512,.F.);
#6589 = ORIENTED_EDGE('',*,*,#5937,.T.);
#6590 = ORIENTED_EDGE('',*,*,#6400,.F.);
#6591 = ORIENTED_EDGE('',*,*,#6592,.F.);
#6592 = EDGE_CURVE('',#6593,#6378,#6595,.T.);
#6593 = VERTEX_POINT('',#6594);
#6594 = CARTESIAN_POINT('',(60.,-9.418206931238,-11.4));
#6595 = SURFACE_CURVE('',#6596,(#6600,#6607),.PCURVE_S1.);
#6596 = LINE('',#6597,#6598);
#6597 = CARTESIAN_POINT('',(60.,-16.,1.959434878636E-15));
#6598 = VECTOR('',#6599,1.);
#6599 = DIRECTION('',(0.,0.5,-0.866025403784));
#6600 = PCURVE('',#5953,#6601);
#6601 = DEFINITIONAL_REPRESENTATION('',(#6602),#6606);
#6602 = LINE('',#6603,#6604);
#6603 = CARTESIAN_POINT('',(0.,9.));
#6604 = VECTOR('',#6605,1.);
#6605 = DIRECTION('',(1.,0.));
#6606 = ( GEOMETRIC_REPRESENTATION_CONTEXT(2) 
PARAMETRIC_REPRESENTATION_CONTEXT() REPRESENTATION_CONTEXT('2D SPACE',''
  ) );
#6607 = PCURVE('',#6205,#6608);
#6608 = DEFINITIONAL_REPRESENTATION('',(#6609),#6613);
#6609 = LINE('',#6610,#6611);
#6610 = CARTESIAN_POINT('',(-16.,1.051424234745E-15));
#6611 = VECTOR('',#6612,1.);
#6612 = DIRECTION('',(0.5,-0.866025403784));
#6613 = ( GEOMETRIC_REPRESENTATION_CONTEXT(2) 
PARAMETRIC_REPRESENTATION_CONTEXT() REPRESENTATION_CONTEXT('2D SPACE',''
  ) );
#6614 = ORIENTED_EDGE('',*,*,#6615,.F.);
#6615 = EDGE_CURVE('',#6513,#6593,#6616,.T.);
#6616 = SURFACE_CURVE('',#6617,(#6622,#6629),.PCURVE_S1.);
#6617 = ELLIPSE('',#6618,13.163586137523,11.4);
#6618 = AXIS2_PLACEMENT_3D('',#6619,#6620,#6621);
#6619 = CARTESIAN_POINT('',(60.,-16.,3.5527136788E-15));
#6620 = DIRECTION('',(0.,-0.866025403784,-0.5));
#6621 = DIRECTION('',(0.,-0.5,0.866025403784));
#6622 = PCURVE('',#5953,#6623);
#6623 = DEFINITIONAL_REPRESENTATION('',(#6624),#6628);
#6624 = ELLIPSE('',#6625,13.163586137523,11.4);
#6625 = AXIS2_PLACEMENT_2D('',#6626,#6627);
#6626 = CARTESIAN_POINT('',(2.172893762547E-15,9.));
#6627 = DIRECTION('',(-1.,0.));
#6628 = ( GEOMETRIC_REPRESENTATION_CONTEXT(2) 
PARAMETRIC_REPRESENTATION_CONTEXT() REPRESENTATION_CONTEXT('2D SPACE',''
  ) );
#6629 = PCURVE('',#6115,#6630);
#6630 = DEFINITIONAL_REPRESENTATION('',(#6631),#6641);
#6631 = B_SPLINE_CURVE_WITH_KNOTS('',8,(#6632,#6633,#6634,#6635,#6636,
    #6637,#6638,#6639,#6640),.UNSPECIFIED.,.F.,.F.,(9,9),(1.448947608566
    ,3.300150934227),.PIECEWISE_BEZIER_KNOTS.);
#6632 = CARTESIAN_POINT('',(3.019743935361,35.8));
#6633 = CARTESIAN_POINT('',(3.251144351069,34.288262660383));
#6634 = CARTESIAN_POINT('',(3.482544766779,32.727567513979));
#6635 = CARTESIAN_POINT('',(3.713945182465,31.241275655859));
#6636 = CARTESIAN_POINT('',(3.945345598204,29.958274514431));
#6637 = CARTESIAN_POINT('',(4.176746013883,28.992121985126));
#6638 = CARTESIAN_POINT('',(4.408146429609,28.417538052923));
#6639 = CARTESIAN_POINT('',(4.639546845315,28.260290910152));
#6640 = CARTESIAN_POINT('',(4.870947261022,28.500769276291));
#6641 = ( GEOMETRIC_REPRESENTATION_CONTEXT(2) 
PARAMETRIC_REPRESENTATION_CONTEXT() REPRESENTATION_CONTEXT('2D SPACE',''
  ) );
#6642 = ADVANCED_FACE('',(#6643),#6115,.F.);
#6643 = FACE_BOUND('',#6644,.F.);
#6644 = EDGE_LOOP('',(#6645,#6646,#6647,#6666,#6667,#6668));
#6645 = ORIENTED_EDGE('',*,*,#6100,.F.);
#6646 = ORIENTED_EDGE('',*,*,#6161,.F.);
#6647 = ORIENTED_EDGE('',*,*,#6648,.T.);
#6648 = EDGE_CURVE('',#6162,#6593,#6649,.T.);
#6649 = SURFACE_CURVE('',#6650,(#6654,#6660),.PCURVE_S1.);
#6650 = LINE('',#6651,#6652);
#6651 = CARTESIAN_POINT('',(60.,19.,-11.4));
#6652 = VECTOR('',#6653,1.);
#6653 = DIRECTION('',(0.,-1.,2.22044604925E-16));
#6654 = PCURVE('',#6115,#6655);
#6655 = DEFINITIONAL_REPRESENTATION('',(#6656),#6659);
#6656 = B_SPLINE_CURVE_WITH_KNOTS('',1,(#6657,#6658),.UNSPECIFIED.,.F.,
  .F.,(2,2),(-5.999999999062E-07,38.0000006),.PIECEWISE_BEZIER_KNOTS.);
#6657 = CARTESIAN_POINT('',(4.712388980385,-5.999999988848E-07));
#6658 = CARTESIAN_POINT('',(4.712388980385,38.0000006));
#6659 = ( GEOMETRIC_REPRESENTATION_CONTEXT(2) 
PARAMETRIC_REPRESENTATION_CONTEXT() REPRESENTATION_CONTEXT('2D SPACE',''
  ) );
#6660 = PCURVE('',#6205,#6661);
#6661 = DEFINITIONAL_REPRESENTATION('',(#6662),#6665);
#6662 = B_SPLINE_CURVE_WITH_KNOTS('',1,(#6663,#6664),.UNSPECIFIED.,.F.,
  .F.,(2,2),(-5.999999999062E-07,38.0000006),.PIECEWISE_BEZIER_KNOTS.);
#6663 = CARTESIAN_POINT('',(19.0000006,-11.4));
#6664 = CARTESIAN_POINT('',(-19.0000006,-11.4));
#6665 = ( GEOMETRIC_REPRESENTATION_CONTEXT(2) 
PARAMETRIC_REPRESENTATION_CONTEXT() REPRESENTATION_CONTEXT('2D SPACE',''
  ) );
#6666 = ORIENTED_EDGE('',*,*,#6615,.F.);
#6667 = ORIENTED_EDGE('',*,*,#6535,.F.);
#6668 = ORIENTED_EDGE('',*,*,#6669,.F.);
#6669 = EDGE_CURVE('',#6073,#6536,#6670,.T.);
#6670 = SURFACE_CURVE('',#6671,(#6675,#6681),.PCURVE_S1.);
#6671 = LINE('',#6672,#6673);
#6672 = CARTESIAN_POINT('',(60.,19.,11.4));
#6673 = VECTOR('',#6674,1.);
#6674 = DIRECTION('',(0.,-1.,2.22044604925E-16));
#6675 = PCURVE('',#6115,#6676);
#6676 = DEFINITIONAL_REPRESENTATION('',(#6677),#6680);
#6677 = B_SPLINE_CURVE_WITH_KNOTS('',1,(#6678,#6679),.UNSPECIFIED.,.F.,
  .F.,(2,2),(-5.999999999062E-07,38.0000006),.PIECEWISE_BEZIER_KNOTS.);
#6678 = CARTESIAN_POINT('',(1.570796326795,-6.000000009276E-07));
#6679 = CARTESIAN_POINT('',(1.570796326795,38.0000006));
#6680 = ( GEOMETRIC_REPRESENTATION_CONTEXT(2) 
PARAMETRIC_REPRESENTATION_CONTEXT() REPRESENTATION_CONTEXT('2D SPACE',''
  ) );
#6681 = PCURVE('',#6088,#6682);
#6682 = DEFINITIONAL_REPRESENTATION('',(#6683),#6686);
#6683 = B_SPLINE_CURVE_WITH_KNOTS('',1,(#6684,#6685),.UNSPECIFIED.,.F.,
  .F.,(2,2),(-5.999999999062E-07,38.0000006),.PIECEWISE_BEZIER_KNOTS.);
#6684 = CARTESIAN_POINT('',(19.0000006,11.4));
#6685 = CARTESIAN_POINT('',(-19.0000006,11.4));
#6686 = ( GEOMETRIC_REPRESENTATION_CONTEXT(2) 
PARAMETRIC_REPRESENTATION_CONTEXT() REPRESENTATION_CONTEXT('2D SPACE',''
  ) );
#6687 = ADVANCED_FACE('',(#6688),#6088,.T.);
#6688 = FACE_BOUND('',#6689,.T.);
#6689 = EDGE_LOOP('',(#6690,#6691,#6692,#6693));
#6690 = ORIENTED_EDGE('',*,*,#6669,.F.);
#6691 = ORIENTED_EDGE('',*,*,#6072,.T.);
#6692 = ORIENTED_EDGE('',*,*,#6245,.T.);
#6693 = ORIENTED_EDGE('',*,*,#6565,.T.);
#6694 = ADVANCED_FACE('',(#6695),#6205,.T.);
#6695 = FACE_BOUND('',#6696,.T.);
#6696 = EDGE_LOOP('',(#6697,#6698,#6699,#6700));
#6697 = ORIENTED_EDGE('',*,*,#6191,.T.);
#6698 = ORIENTED_EDGE('',*,*,#6648,.T.);
#6699 = ORIENTED_EDGE('',*,*,#6592,.T.);
#6700 = ORIENTED_EDGE('',*,*,#6377,.T.);
#6701 = ADVANCED_FACE('',(#6702),#6285,.T.);
#6702 = FACE_BOUND('',#6703,.T.);
#6703 = EDGE_LOOP('',(#6704,#6725,#6726,#6747));
#6704 = ORIENTED_EDGE('',*,*,#6705,.F.);
#6705 = EDGE_CURVE('',#6468,#6269,#6706,.T.);
#6706 = SURFACE_CURVE('',#6707,(#6711,#6718),.PCURVE_S1.);
#6707 = LINE('',#6708,#6709);
#6708 = CARTESIAN_POINT('',(45.5,-3.,-19.));
#6709 = VECTOR('',#6710,1.);
#6710 = DIRECTION('',(0.,0.,1.));
#6711 = PCURVE('',#6285,#6712);
#6712 = DEFINITIONAL_REPRESENTATION('',(#6713),#6717);
#6713 = LINE('',#6714,#6715);
#6714 = CARTESIAN_POINT('',(0.,3.));
#6715 = VECTOR('',#6716,1.);
#6716 = DIRECTION('',(1.,0.));
#6717 = ( GEOMETRIC_REPRESENTATION_CONTEXT(2) 
PARAMETRIC_REPRESENTATION_CONTEXT() REPRESENTATION_CONTEXT('2D SPACE',''
  ) );
#6718 = PCURVE('',#6361,#6719);
#6719 = DEFINITIONAL_REPRESENTATION('',(#6720),#6724);
#6720 = LINE('',#6721,#6722);
#6721 = CARTESIAN_POINT('',(0.,0.));
#6722 = VECTOR('',#6723,1.);
#6723 = DIRECTION('',(1.,0.));
#6724 = ( GEOMETRIC_REPRESENTATION_CONTEXT(2) 
PARAMETRIC_REPRESENTATION_CONTEXT() REPRESENTATION_CONTEXT('2D SPACE',''
  ) );
#6725 = ORIENTED_EDGE('',*,*,#6467,.F.);
#6726 = ORIENTED_EDGE('',*,*,#6727,.T.);
#6727 = EDGE_CURVE('',#6447,#6271,#6728,.T.);
#6728 = SURFACE_CURVE('',#6729,(#6733,#6740),.PCURVE_S1.);
#6729 = LINE('',#6730,#6731);
#6730 = CARTESIAN_POINT('',(42.5,-3.,-19.));
#6731 = VECTOR('',#6732,1.);
#6732 = DIRECTION('',(0.,0.,1.));
#6733 = PCURVE('',#6285,#6734);
#6734 = DEFINITIONAL_REPRESENTATION('',(#6735),#6739);
#6735 = LINE('',#6736,#6737);
#6736 = CARTESIAN_POINT('',(0.,0.));
#6737 = VECTOR('',#6738,1.);
#6738 = DIRECTION('',(1.,0.));
#6739 = ( GEOMETRIC_REPRESENTATION_CONTEXT(2) 
PARAMETRIC_REPRESENTATION_CONTEXT() REPRESENTATION_CONTEXT('2D SPACE',''
  ) );
#6740 = PCURVE('',#6311,#6741);
#6741 = DEFINITIONAL_REPRESENTATION('',(#6742),#6746);
#6742 = LINE('',#6743,#6744);
#6743 = CARTESIAN_POINT('',(0.,0.));
#6744 = VECTOR('',#6745,1.);
#6745 = DIRECTION('',(1.,0.));
#6746 = ( GEOMETRIC_REPRESENTATION_CONTEXT(2) 
PARAMETRIC_REPRESENTATION_CONTEXT() REPRESENTATION_CONTEXT('2D SPACE',''
  ) );
#6747 = ORIENTED_EDGE('',*,*,#6268,.F.);
#6748 = ADVANCED_FACE('',(#6749),#6361,.F.);
#6749 = FACE_BOUND('',#6750,.F.);
#6750 = EDGE_LOOP('',(#6751,#6752,#6753,#6774));
#6751 = ORIENTED_EDGE('',*,*,#6705,.F.);
#6752 = ORIENTED_EDGE('',*,*,#6488,.F.);
#6753 = ORIENTED_EDGE('',*,*,#6754,.T.);
#6754 = EDGE_CURVE('',#6426,#6323,#6755,.T.);
#6755 = SURFACE_CURVE('',#6756,(#6760,#6767),.PCURVE_S1.);
#6756 = LINE('',#6757,#6758);
#6757 = CARTESIAN_POINT('',(45.5,3.,-19.));
#6758 = VECTOR('',#6759,1.);
#6759 = DIRECTION('',(0.,0.,1.));
#6760 = PCURVE('',#6361,#6761);
#6761 = DEFINITIONAL_REPRESENTATION('',(#6762),#6766);
#6762 = LINE('',#6763,#6764);
#6763 = CARTESIAN_POINT('',(0.,-6.));
#6764 = VECTOR('',#6765,1.);
#6765 = DIRECTION('',(1.,0.));
#6766 = ( GEOMETRIC_REPRESENTATION_CONTEXT(2) 
PARAMETRIC_REPRESENTATION_CONTEXT() REPRESENTATION_CONTEXT('2D SPACE',''
  ) );
#6767 = PCURVE('',#6337,#6768);
#6768 = DEFINITIONAL_REPRESENTATION('',(#6769),#6773);
#6769 = LINE('',#6770,#6771);
#6770 = CARTESIAN_POINT('',(0.,3.));
#6771 = VECTOR('',#6772,1.);
#6772 = DIRECTION('',(1.,0.));
#6773 = ( GEOMETRIC_REPRESENTATION_CONTEXT(2) 
PARAMETRIC_REPRESENTATION_CONTEXT() REPRESENTATION_CONTEXT('2D SPACE',''
  ) );
#6774 = ORIENTED_EDGE('',*,*,#6348,.F.);
#6775 = ADVANCED_FACE('',(#6776),#6337,.F.);
#6776 = FACE_BOUND('',#6777,.F.);
#6777 = EDGE_LOOP('',(#6778,#6779,#6780,#6801));
#6778 = ORIENTED_EDGE('',*,*,#6754,.F.);
#6779 = ORIENTED_EDGE('',*,*,#6423,.F.);
#6780 = ORIENTED_EDGE('',*,*,#6781,.T.);
#6781 = EDGE_CURVE('',#6424,#6297,#6782,.T.);
#6782 = SURFACE_CURVE('',#6783,(#6787,#6794),.PCURVE_S1.);
#6783 = LINE('',#6784,#6785);
#6784 = CARTESIAN_POINT('',(42.5,3.,-19.));
#6785 = VECTOR('',#6786,1.);
#6786 = DIRECTION('',(0.,0.,1.));
#6787 = PCURVE('',#6337,#6788);
#6788 = DEFINITIONAL_REPRESENTATION('',(#6789),#6793);
#6789 = LINE('',#6790,#6791);
#6790 = CARTESIAN_POINT('',(0.,0.));
#6791 = VECTOR('',#6792,1.);
#6792 = DIRECTION('',(1.,0.));
#6793 = ( GEOMETRIC_REPRESENTATION_CONTEXT(2) 
PARAMETRIC_REPRESENTATION_CONTEXT() REPRESENTATION_CONTEXT('2D SPACE',''
  ) );
#6794 = PCURVE('',#6311,#6795);
#6795 = DEFINITIONAL_REPRESENTATION('',(#6796),#6800);
#6796 = LINE('',#6797,#6798);
#6797 = CARTESIAN_POINT('',(0.,-6.));
#6798 = VECTOR('',#6799,1.);
#6799 = DIRECTION('',(1.,0.));
#6800 = ( GEOMETRIC_REPRESENTATION_CONTEXT(2) 
PARAMETRIC_REPRESENTATION_CONTEXT() REPRESENTATION_CONTEXT('2D SPACE',''
  ) );
#6801 = ORIENTED_EDGE('',*,*,#6322,.F.);
#6802 = ADVANCED_FACE('',(#6803),#6311,.T.);
#6803 = FACE_BOUND('',#6804,.T.);
#6804 = EDGE_LOOP('',(#6805,#6806,#6807,#6808));
#6805 = ORIENTED_EDGE('',*,*,#6727,.F.);
#6806 = ORIENTED_EDGE('',*,*,#6446,.F.);
#6807 = ORIENTED_EDGE('',*,*,#6781,.T.);
#6808 = ORIENTED_EDGE('',*,*,#6296,.F.);
#6809 = ( GEOMETRIC_REPRESENTATION_CONTEXT(3) 
GLOBAL_UNCERTAINTY_ASSIGNED_CONTEXT((#6813)) 
GLOBAL_UNIT_ASSIGNED_CONTEXT((#6810,#6811,#6812)) REPRESENTATION_CONTEXT
('Context #1','3D Context with UNIT and UNCERTAINTY') );
#6810 = ( LENGTH_UNIT() NAMED_UNIT(*) SI_UNIT(.MILLI.,.METRE.) );
#6811 = ( NAMED_UNIT(*) PLANE_ANGLE_UNIT() SI_UNIT($,.RADIAN.) );
#6812 = ( NAMED_UNIT(*) SI_UNIT($,.STERADIAN.) SOLID_ANGLE_UNIT() );
#6813 = UNCERTAINTY_MEASURE_WITH_UNIT(LENGTH_MEASURE(1.E-07),#6810,
  'distance_accuracy_value','confusion accuracy');
#6814 = PRODUCT_RELATED_PRODUCT_CATEGORY('part',$,(#7));
ENDSEC;
END-ISO-10303-21;
