ISO-10303-21;
HEADER;
FILE_DESCRIPTION(('Open CASCADE Model'),'2;1');
FILE_NAME('aerobar_crossbar_twist','2026-06-03T21:49:28',('Author'),(
    'Open CASCADE'),'Open CASCADE STEP processor 7.8','build123d',
  'Unknown');
FILE_SCHEMA(('AUTOMOTIVE_DESIGN { 1 0 10303 214 1 1 1 1 }'));
ENDSEC;
DATA;
#1 = APPLICATION_PROTOCOL_DEFINITION('international standard',
  'automotive_design',2000,#2);
#2 = APPLICATION_CONTEXT(
  'core data for automotive mechanical design processes');
#3 = SHAPE_DEFINITION_REPRESENTATION(#4,#10);
#4 = PRODUCT_DEFINITION_SHAPE('','',#5);
#5 = PRODUCT_DEFINITION('design','',#6,#9);
#6 = PRODUCT_DEFINITION_FORMATION('','',#7);
#7 = PRODUCT('aerobar_crossbar_twist','aerobar_crossbar_twist','',(#8));
#8 = PRODUCT_CONTEXT('',#2,'mechanical');
#9 = PRODUCT_DEFINITION_CONTEXT('part definition',#2,'design');
#10 = ADVANCED_BREP_SHAPE_REPRESENTATION('',(#11,#15),#4272);
#11 = AXIS2_PLACEMENT_3D('',#12,#13,#14);
#12 = CARTESIAN_POINT('',(0.,0.,0.));
#13 = DIRECTION('',(0.,0.,1.));
#14 = DIRECTION('',(1.,0.,-0.));
#15 = MANIFOLD_SOLID_BREP('',#16);
#16 = CLOSED_SHELL('',(#17,#686,#1355,#1746,#2077,#2122,#2390,#2503,
    #2558,#2649,#2674,#3083,#3410,#3435,#3550,#3599,#3626,#3655,#3662,
    #3669,#3676,#3785,#3833,#3914,#4023,#4071,#4152,#4178,#4204,#4211,
    #4238,#4245));
#17 = ADVANCED_FACE('',(#18),#79,.T.);
#18 = FACE_BOUND('',#19,.T.);
#19 = EDGE_LOOP('',(#20,#218,#244,#304,#344,#378,#418,#451,#477,#628));
#20 = ORIENTED_EDGE('',*,*,#21,.F.);
#21 = EDGE_CURVE('',#22,#24,#26,.T.);
#22 = VERTEX_POINT('',#23);
#23 = CARTESIAN_POINT('',(-60.,9.418206931238,11.4));
#24 = VERTEX_POINT('',#25);
#25 = CARTESIAN_POINT('',(-49.46544857201,15.395348398922,4.356974433162
    ));
#26 = SURFACE_CURVE('',#27,(#78,#159),.PCURVE_S1.);
#27 = B_SPLINE_CURVE_WITH_KNOTS('',7,(#28,#29,#30,#31,#32,#33,#34,#35,
    #36,#37,#38,#39,#40,#41,#42,#43,#44,#45,#46,#47,#48,#49,#50,#51,#52,
    #53,#54,#55,#56,#57,#58,#59,#60,#61,#62,#63,#64,#65,#66,#67,#68,#69,
    #70,#71,#72,#73,#74,#75,#76,#77),.UNSPECIFIED.,.F.,.F.,(8,6,6,6,6,6,
    6,6,8),(0.,8.279977533313E-02,0.126999066033,0.21933585487,
    0.332933042829,0.389526420465,0.499434017131,0.741860991392,1.),
  .UNSPECIFIED.);
#28 = CARTESIAN_POINT('',(-60.,9.418206931238,11.4));
#29 = CARTESIAN_POINT('',(-59.80281595491,9.387427687683,11.4));
#30 = CARTESIAN_POINT('',(-59.6048744221,9.359111047191,11.396020843357)
  );
#31 = CARTESIAN_POINT('',(-59.40629528404,9.333426820992,11.388007690432
    ));
#32 = CARTESIAN_POINT('',(-59.20722096187,9.310551771027,11.37591074604)
  );
#33 = CARTESIAN_POINT('',(-59.00781708138,9.290664799326,11.35968999657)
  );
#34 = CARTESIAN_POINT('',(-58.80827313911,9.27394213738,11.339319947102)
  );
#35 = CARTESIAN_POINT('',(-58.5023242416,9.253405041428,11.30170237109)
  );
#36 = CARTESIAN_POINT('',(-58.39586666166,9.247207294996,11.28742629943)
  );
#37 = CARTESIAN_POINT('',(-58.28946341316,9.241984894931,11.271965292435
    ));
#38 = CARTESIAN_POINT('',(-58.18314930245,9.23776272996,11.255320099575)
  );
#39 = CARTESIAN_POINT('',(-58.07696094425,9.234564656732,11.237493298304
    ));
#40 = CARTESIAN_POINT('',(-57.9709367482,9.232413177734,11.218489521456)
  );
#41 = CARTESIAN_POINT('',(-57.64404855093,9.22906441124,11.156170499043)
  );
#42 = CARTESIAN_POINT('',(-57.4238565622,9.231458164045,11.108915809967)
  );
#43 = CARTESIAN_POINT('',(-57.20492889559,9.238701367298,11.056617510363
    ));
#44 = CARTESIAN_POINT('',(-56.98765868807,9.250950110811,10.99938262934)
  );
#45 = CARTESIAN_POINT('',(-56.77244231003,9.268315785322,10.937362077536
    ));
#46 = CARTESIAN_POINT('',(-56.55967741791,9.290855283305,10.87075339249)
  );
#47 = CARTESIAN_POINT('',(-56.09151167529,9.352646359556,10.712517471672
    ));
#48 = CARTESIAN_POINT('',(-55.83752464125,9.394557338759,10.618644434661
    ));
#49 = CARTESIAN_POINT('',(-55.58856380621,9.444282721022,10.518647114746
    ));
#50 = CARTESIAN_POINT('',(-55.34523911671,9.501678974769,10.41305410556)
  );
#51 = CARTESIAN_POINT('',(-55.10802781476,9.566488330093,10.302430258936
    ));
#52 = CARTESIAN_POINT('',(-54.87729331061,9.63835877678,10.18735476093)
  );
#53 = CARTESIAN_POINT('',(-54.54171050821,9.755978061154,10.009147818325
    ));
#54 = CARTESIAN_POINT('',(-54.43178435438,9.796740213414,9.948923087221)
  );
#55 = CARTESIAN_POINT('',(-54.32355042672,9.83910274132,9.887800840089)
  );
#56 = CARTESIAN_POINT('',(-54.21702707322,9.883013105373,9.825846968315)
  );
#57 = CARTESIAN_POINT('',(-54.11222479184,9.928417061038,9.76312465761)
  );
#58 = CARTESIAN_POINT('',(-54.0091472429,9.975259594233,9.699693946842)
  );
#59 = CARTESIAN_POINT('',(-53.71095505415,10.117144034486,9.511159072843
    ));
#60 = CARTESIAN_POINT('',(-53.52062163974,10.216017723171,9.384252417001
    ));
#61 = CARTESIAN_POINT('',(-53.33676225933,10.319710142566,9.255297598257
    ));
#62 = CARTESIAN_POINT('',(-53.15927220626,10.427825222595,9.124653614085
    ));
#63 = CARTESIAN_POINT('',(-52.9879954232,10.539985339191,8.992628526326)
  );
#64 = CARTESIAN_POINT('',(-52.82274093409,10.655844279555,8.859478056258
    ));
#65 = CARTESIAN_POINT('',(-52.31159034562,11.038131825017,8.429680019286
    ));
#66 = CARTESIAN_POINT('',(-51.9883494446,11.317511688834,8.129652848267)
  );
#67 = CARTESIAN_POINT('',(-51.69089288218,11.610127902333,7.827277255473
    ));
#68 = CARTESIAN_POINT('',(-51.41682513454,11.913374858157,7.523863092204
    ));
#69 = CARTESIAN_POINT('',(-51.16397577134,12.225189356799,7.22021367926)
  );
#70 = CARTESIAN_POINT('',(-50.93037502867,12.544073851559,6.916696405557
    ));
#71 = CARTESIAN_POINT('',(-50.48414003335,13.215195783209,6.290132608061
    ));
#72 = CARTESIAN_POINT('',(-50.27399011344,13.568038121475,5.9672985184)
  );
#73 = CARTESIAN_POINT('',(-50.08176560354,13.926305129949,5.644848725961
    ));
#74 = CARTESIAN_POINT('',(-49.90593241489,14.288932644141,5.322767495126
    ));
#75 = CARTESIAN_POINT('',(-49.74524199566,14.655062840326,5.000933971338
    ));
#76 = CARTESIAN_POINT('',(-49.59868417864,15.024030951905,4.679119392143
    ));
#77 = CARTESIAN_POINT('',(-49.46544857201,15.395348398922,4.356974433162
    ));
#78 = PCURVE('',#79,#106);
#79 = ( BOUNDED_SURFACE() B_SPLINE_SURFACE(1,7,(
    (#80,#81,#82,#83,#84,#85,#86,#87,#88,#89,#90,#91,#92)
    ,(#93,#94,#95,#96,#97,#98,#99,#100,#101,#102,#103,#104,#105
)),.UNSPECIFIED.,.F.,.F.,.F.) B_SPLINE_SURFACE_WITH_KNOTS((2,2),(8,5,8),
(0.,1.),(0.,0.5,1.),.UNSPECIFIED.) GEOMETRIC_REPRESENTATION_ITEM() 
RATIONAL_B_SPLINE_SURFACE((
    (1.,1.,1.,1.,1.,1.,1.,1.,1.,1.,1.,1.,1.)
,(1.,1.,1.,1.,1.,1.,1.,1.,1.,1.,1.,1.,1.
))) REPRESENTATION_ITEM('') SURFACE() );
#80 = CARTESIAN_POINT('',(-60.,16.,0.));
#81 = CARTESIAN_POINT('',(-51.42857142857,16.000014451951,3.590403512965
    ));
#82 = CARTESIAN_POINT('',(-42.85714285714,15.059978568936,7.180735071177
    ));
#83 = CARTESIAN_POINT('',(-34.28571428571,13.180255236103,
    10.475988511521));
#84 = CARTESIAN_POINT('',(-25.71428571428,10.475913276192,
    13.180179773746));
#85 = CARTESIAN_POINT('',(-17.14285714285,7.180779990696,15.060024109968
    ));
#86 = CARTESIAN_POINT('',(6.496604685213E-13,7.589825288561E-13,
    16.939976437975));
#87 = CARTESIAN_POINT('',(17.142857142856,-7.180779990697,
    15.060024109968));
#88 = CARTESIAN_POINT('',(25.714285714289,-10.47591327618,
    13.180179773748));
#89 = CARTESIAN_POINT('',(34.285714285708,-13.1802552361,10.475988511518
    ));
#90 = CARTESIAN_POINT('',(42.857142857148,-15.05997856893,7.180735071178
    ));
#91 = CARTESIAN_POINT('',(51.428571428569,-16.00001445195,3.590403512965
    ));
#92 = CARTESIAN_POINT('',(60.,-16.,1.959434878636E-15));
#93 = CARTESIAN_POINT('',(-60.,8.,13.856406460551));
#94 = CARTESIAN_POINT('',(-51.42857142857,4.890626573911,15.65162073279)
  );
#95 = CARTESIAN_POINT('',(-42.85714285714,1.311290294983,16.632691556737
    ));
#96 = CARTESIAN_POINT('',(-34.28571428571,-2.482344562679,
    16.652430118586));
#97 = CARTESIAN_POINT('',(-25.71428571428,-6.176413872414,
    15.662496911899));
#98 = CARTESIAN_POINT('',(-17.14285714285,-9.451973465491,
    13.748749945913));
#99 = CARTESIAN_POINT('',(6.496604685213E-13,-14.67044993479,
    8.469988218989));
#100 = CARTESIAN_POINT('',(17.142857142856,-16.63275345618,
    1.311274164053));
#101 = CARTESIAN_POINT('',(25.714285714289,-16.6523271486,
    -2.482317138149));
#102 = CARTESIAN_POINT('',(34.285714285708,-15.66259979878,
    -6.17644160707));
#103 = CARTESIAN_POINT('',(42.857142857148,-13.74868827395,
    -9.451956485559));
#104 = CARTESIAN_POINT('',(51.428571428569,-11.10938787804,
    -12.06121721982));
#105 = CARTESIAN_POINT('',(60.,-8.,-13.85640646055));
#106 = DEFINITIONAL_REPRESENTATION('',(#107),#158);
#107 = B_SPLINE_CURVE_WITH_KNOTS('',7,(#108,#109,#110,#111,#112,#113,
    #114,#115,#116,#117,#118,#119,#120,#121,#122,#123,#124,#125,#126,
    #127,#128,#129,#130,#131,#132,#133,#134,#135,#136,#137,#138,#139,
    #140,#141,#142,#143,#144,#145,#146,#147,#148,#149,#150,#151,#152,
    #153,#154,#155,#156,#157),.UNSPECIFIED.,.F.,.F.,(8,6,6,6,6,6,6,6,8),
  (0.,8.279977533313E-02,0.126999066033,0.21933585487,0.332933042829,
    0.389526420465,0.499434017131,0.741860991392,1.),.UNSPECIFIED.);
#108 = CARTESIAN_POINT('',(0.822724133595,0.));
#109 = CARTESIAN_POINT('',(0.819215309727,1.643200375691E-03));
#110 = CARTESIAN_POINT('',(0.81540701313,3.292713149152E-03));
#111 = CARTESIAN_POINT('',(0.811293564877,4.94753929959E-03));
#112 = CARTESIAN_POINT('',(0.806869689083,6.606491984367E-03));
#113 = CARTESIAN_POINT('',(0.80213092192,8.268190988473E-03));
#114 = CARTESIAN_POINT('',(0.797074020626,9.931057174006E-03));
#115 = CARTESIAN_POINT('',(0.78882726771,1.248063131996E-02));
#116 = CARTESIAN_POINT('',(0.785866059529,1.336777781948E-02));
#117 = CARTESIAN_POINT('',(0.782813520403,1.425447155695E-02));
#118 = CARTESIAN_POINT('',(0.779669556822,1.514042247953E-02));
#119 = CARTESIAN_POINT('',(0.776434232014,1.602532546458E-02));
#120 = CARTESIAN_POINT('',(0.773107788629,1.690886043159E-02));
#121 = CARTESIAN_POINT('',(0.762551967921,1.96329287422E-02));
#122 = CARTESIAN_POINT('',(0.755017028439,2.146786198159E-02));
#123 = CARTESIAN_POINT('',(0.747090519817,2.329225920338E-02));
#124 = CARTESIAN_POINT('',(0.738780262586,2.510284426602E-02));
#125 = CARTESIAN_POINT('',(0.730097735807,2.689631408302E-02));
#126 = CARTESIAN_POINT('',(0.721058581932,2.86693548507E-02));
#127 = CARTESIAN_POINT('',(0.700148954237,3.257073603918E-02));
#128 = CARTESIAN_POINT('',(0.688103599121,3.468729465623E-02));
#129 = CARTESIAN_POINT('',(0.675585517111,3.676196828156E-02));
#130 = CARTESIAN_POINT('',(0.66263748778,3.878967402741E-02));
#131 = CARTESIAN_POINT('',(0.649305249896,4.076643487697E-02));
#132 = CARTESIAN_POINT('',(0.635636321601,4.268922241156E-02));
#133 = CARTESIAN_POINT('',(0.614725538959,4.548574576488E-02));
#134 = CARTESIAN_POINT('',(0.607699973255,4.640179704679E-02));
#135 = CARTESIAN_POINT('',(0.600607865679,4.730374644395E-02));
#136 = CARTESIAN_POINT('',(0.593454591075,4.819144105646E-02));
#137 = CARTESIAN_POINT('',(0.586245294667,4.906479340132E-02));
#138 = CARTESIAN_POINT('',(0.578984860072,4.992377297576E-02));
#139 = CARTESIAN_POINT('',(0.557487296234,5.240870788205E-02));
#140 = CARTESIAN_POINT('',(0.543121659969,5.399481966882E-02));
#141 = CARTESIAN_POINT('',(0.528613722995,5.552698117225E-02));
#142 = CARTESIAN_POINT('',(0.513992481019,5.700606494783E-02));
#143 = CARTESIAN_POINT('',(0.499282856619,5.843337147326E-02));
#144 = CARTESIAN_POINT('',(0.484505479166,5.981049221591E-02));
#145 = CARTESIAN_POINT('',(0.436967898755,6.407008045312E-02));
#146 = CARTESIAN_POINT('',(0.404028459751,6.676375462827E-02));
#147 = CARTESIAN_POINT('',(0.371005433807,6.92425593151E-02));
#148 = CARTESIAN_POINT('',(0.33800683391,7.152645721217E-02));
#149 = CARTESIAN_POINT('',(0.305103095117,7.363353523878E-02));
#150 = CARTESIAN_POINT('',(0.272327484464,7.558020809436E-02));
#151 = CARTESIAN_POINT('',(0.204906922495,7.929883305539E-02));
#152 = CARTESIAN_POINT('',(0.170300332049,8.105008238794E-02));
#153 = CARTESIAN_POINT('',(0.13586878753,8.265195330381E-02));
#154 = CARTESIAN_POINT('',(0.101622531868,8.411722987584E-02));
#155 = CARTESIAN_POINT('',(6.756567103255E-02,8.545631670283E-02));
#156 = CARTESIAN_POINT('',(3.369519287697E-02,8.667763184461E-02));
#157 = CARTESIAN_POINT('',(0.,8.778792856651E-02));
#158 = ( GEOMETRIC_REPRESENTATION_CONTEXT(2) 
PARAMETRIC_REPRESENTATION_CONTEXT() REPRESENTATION_CONTEXT('2D SPACE',''
  ) );
#159 = PCURVE('',#160,#165);
#160 = CYLINDRICAL_SURFACE('',#161,11.4);
#161 = AXIS2_PLACEMENT_3D('',#162,#163,#164);
#162 = CARTESIAN_POINT('',(-60.,19.,-4.218847493576E-15));
#163 = DIRECTION('',(0.,-1.,2.22044604925E-16));
#164 = DIRECTION('',(1.,0.,0.));
#165 = DEFINITIONAL_REPRESENTATION('',(#166),#217);
#166 = B_SPLINE_CURVE_WITH_KNOTS('',7,(#167,#168,#169,#170,#171,#172,
    #173,#174,#175,#176,#177,#178,#179,#180,#181,#182,#183,#184,#185,
    #186,#187,#188,#189,#190,#191,#192,#193,#194,#195,#196,#197,#198,
    #199,#200,#201,#202,#203,#204,#205,#206,#207,#208,#209,#210,#211,
    #212,#213,#214,#215,#216),.UNSPECIFIED.,.F.,.F.,(8,6,6,6,6,6,6,6,8),
  (0.,8.279977533313E-02,0.126999066033,0.21933585487,0.332933042829,
    0.389526420465,0.499434017131,0.741860991392,1.),.UNSPECIFIED.);
#167 = CARTESIAN_POINT('',(7.853981633974,9.581793068762));
#168 = CARTESIAN_POINT('',(7.836684787915,9.612572312317));
#169 = CARTESIAN_POINT('',(7.819321489489,9.640888952809));
#170 = CARTESIAN_POINT('',(7.801893825183,9.666573179008));
#171 = CARTESIAN_POINT('',(7.784405517104,9.689448228973));
#172 = CARTESIAN_POINT('',(7.766862084412,9.709335200674));
#173 = CARTESIAN_POINT('',(7.74927100474,9.72605786262));
#174 = CARTESIAN_POINT('',(7.722231282425,9.746594958572));
#175 = CARTESIAN_POINT('',(7.712809872216,9.752792705004));
#176 = CARTESIAN_POINT('',(7.703379147019,9.758015105069));
#177 = CARTESIAN_POINT('',(7.693940769227,9.76223727004));
#178 = CARTESIAN_POINT('',(7.68449657068,9.765435343268));
#179 = CARTESIAN_POINT('',(7.675048561753,9.767586822266));
#180 = CARTESIAN_POINT('',(7.645857725695,9.77093558876));
#181 = CARTESIAN_POINT('',(7.626108086136,9.768541835955));
#182 = CARTESIAN_POINT('',(7.606371982685,9.761298632702));
#183 = CARTESIAN_POINT('',(7.586672416213,9.749049889189));
#184 = CARTESIAN_POINT('',(7.567033727031,9.731684214678));
#185 = CARTESIAN_POINT('',(7.547481894392,9.709144716695));
#186 = CARTESIAN_POINT('',(7.504132425736,9.647353640444));
#187 = CARTESIAN_POINT('',(7.480389206418,9.605442661241));
#188 = CARTESIAN_POINT('',(7.456869310915,9.555717278978));
#189 = CARTESIAN_POINT('',(7.433617391898,9.49832102523));
#190 = CARTESIAN_POINT('',(7.410670712204,9.433511669907));
#191 = CARTESIAN_POINT('',(7.388060658774,9.36164122322));
#192 = CARTESIAN_POINT('',(7.35473038056,9.244021938846));
#193 = CARTESIAN_POINT('',(7.343736346799,9.203259786586));
#194 = CARTESIAN_POINT('',(7.332834264657,9.16089725868));
#195 = CARTESIAN_POINT('',(7.322026207196,9.116986894627));
#196 = CARTESIAN_POINT('',(7.311313693496,9.071582938962));
#197 = CARTESIAN_POINT('',(7.300697747428,9.024740405767));
#198 = CARTESIAN_POINT('',(7.269750858862,8.882855965514));
#199 = CARTESIAN_POINT('',(7.249689914444,8.783982276829));
#200 = CARTESIAN_POINT('',(7.229999030846,8.680289857434));
#201 = CARTESIAN_POINT('',(7.210675620907,8.572174777405));
#202 = CARTESIAN_POINT('',(7.191712978092,8.460014660809));
#203 = CARTESIAN_POINT('',(7.173101109102,8.344155720445));
#204 = CARTESIAN_POINT('',(7.114519243302,7.961868174983));
#205 = CARTESIAN_POINT('',(7.075879458103,7.682488311166));
#206 = CARTESIAN_POINT('',(7.03873150639,7.389872097667));
#207 = CARTESIAN_POINT('',(7.002920645946,7.086625141843));
#208 = CARTESIAN_POINT('',(6.968301141722,6.774810643201));
#209 = CARTESIAN_POINT('',(6.934727362663,6.455926148441));
#210 = CARTESIAN_POINT('',(6.867251441979,5.784804216791));
#211 = CARTESIAN_POINT('',(6.833490844898,5.431961878526));
#212 = CARTESIAN_POINT('',(6.800601082732,5.07369487005));
#213 = CARTESIAN_POINT('',(6.768452470322,4.71106735586));
#214 = CARTESIAN_POINT('',(6.736930701305,4.344937159673));
#215 = CARTESIAN_POINT('',(6.705931006968,3.975969048095));
#216 = CARTESIAN_POINT('',(6.675351161097,3.604651601078));
#217 = ( GEOMETRIC_REPRESENTATION_CONTEXT(2) 
PARAMETRIC_REPRESENTATION_CONTEXT() REPRESENTATION_CONTEXT('2D SPACE',''
  ) );
#218 = ORIENTED_EDGE('',*,*,#219,.T.);
#219 = EDGE_CURVE('',#22,#220,#222,.T.);
#220 = VERTEX_POINT('',#221);
#221 = CARTESIAN_POINT('',(-60.,8.,13.856406460551));
#222 = SURFACE_CURVE('',#223,(#226,#233),.PCURVE_S1.);
#223 = B_SPLINE_CURVE_WITH_KNOTS('',1,(#224,#225),.UNSPECIFIED.,.F.,.F.,
  (2,2),(0.,1.),.PIECEWISE_BEZIER_KNOTS.);
#224 = CARTESIAN_POINT('',(-60.,16.,0.));
#225 = CARTESIAN_POINT('',(-60.,8.,13.856406460551));
#226 = PCURVE('',#79,#227);
#227 = DEFINITIONAL_REPRESENTATION('',(#228),#232);
#228 = LINE('',#229,#230);
#229 = CARTESIAN_POINT('',(0.,0.));
#230 = VECTOR('',#231,1.);
#231 = DIRECTION('',(1.,0.));
#232 = ( GEOMETRIC_REPRESENTATION_CONTEXT(2) 
PARAMETRIC_REPRESENTATION_CONTEXT() REPRESENTATION_CONTEXT('2D SPACE',''
  ) );
#233 = PCURVE('',#234,#239);
#234 = PLANE('',#235);
#235 = AXIS2_PLACEMENT_3D('',#236,#237,#238);
#236 = CARTESIAN_POINT('',(-60.,16.,0.));
#237 = DIRECTION('',(-1.,0.,0.));
#238 = DIRECTION('',(0.,-1.,6.123233995737E-17));
#239 = DEFINITIONAL_REPRESENTATION('',(#240),#243);
#240 = B_SPLINE_CURVE_WITH_KNOTS('',1,(#241,#242),.UNSPECIFIED.,.F.,.F.,
  (2,2),(0.,1.),.PIECEWISE_BEZIER_KNOTS.);
#241 = CARTESIAN_POINT('',(0.,0.));
#242 = CARTESIAN_POINT('',(8.,13.856406460551));
#243 = ( GEOMETRIC_REPRESENTATION_CONTEXT(2) 
PARAMETRIC_REPRESENTATION_CONTEXT() REPRESENTATION_CONTEXT('2D SPACE',''
  ) );
#244 = ORIENTED_EDGE('',*,*,#245,.T.);
#245 = EDGE_CURVE('',#220,#246,#248,.T.);
#246 = VERTEX_POINT('',#247);
#247 = CARTESIAN_POINT('',(-45.5,2.295882022543,15.834421744568));
#248 = SURFACE_CURVE('',#249,(#263,#270),.PCURVE_S1.);
#249 = ( BOUNDED_CURVE() B_SPLINE_CURVE(7,(#250,#251,#252,#253,#254,#255
    ,#256,#257,#258,#259,#260,#261,#262),.UNSPECIFIED.,.F.,.F.) 
B_SPLINE_CURVE_WITH_KNOTS((8,5,8),(0.,0.5,1.),.UNSPECIFIED.) CURVE() 
GEOMETRIC_REPRESENTATION_ITEM() RATIONAL_B_SPLINE_CURVE((1.,1.,1.,1.,1.,
1.,1.,1.,1.,1.,1.,1.,1.)) REPRESENTATION_ITEM('') );
#250 = CARTESIAN_POINT('',(-60.,8.,13.856406460551));
#251 = CARTESIAN_POINT('',(-51.42857142857,4.890626573911,15.65162073279
    ));
#252 = CARTESIAN_POINT('',(-42.85714285714,1.311290294983,
    16.632691556737));
#253 = CARTESIAN_POINT('',(-34.28571428571,-2.482344562679,
    16.652430118586));
#254 = CARTESIAN_POINT('',(-25.71428571428,-6.176413872414,
    15.662496911899));
#255 = CARTESIAN_POINT('',(-17.14285714285,-9.451973465491,
    13.748749945913));
#256 = CARTESIAN_POINT('',(6.496604685213E-13,-14.67044993479,
    8.469988218989));
#257 = CARTESIAN_POINT('',(17.142857142856,-16.63275345618,
    1.311274164053));
#258 = CARTESIAN_POINT('',(25.714285714289,-16.6523271486,
    -2.482317138149));
#259 = CARTESIAN_POINT('',(34.285714285708,-15.66259979878,
    -6.17644160707));
#260 = CARTESIAN_POINT('',(42.857142857148,-13.74868827395,
    -9.451956485559));
#261 = CARTESIAN_POINT('',(51.428571428569,-11.10938787804,
    -12.06121721982));
#262 = CARTESIAN_POINT('',(60.,-8.,-13.85640646055));
#263 = PCURVE('',#79,#264);
#264 = DEFINITIONAL_REPRESENTATION('',(#265),#269);
#265 = LINE('',#266,#267);
#266 = CARTESIAN_POINT('',(1.,0.));
#267 = VECTOR('',#268,1.);
#268 = DIRECTION('',(0.,1.));
#269 = ( GEOMETRIC_REPRESENTATION_CONTEXT(2) 
PARAMETRIC_REPRESENTATION_CONTEXT() REPRESENTATION_CONTEXT('2D SPACE',''
  ) );
#270 = PCURVE('',#271,#298);
#271 = ( BOUNDED_SURFACE() B_SPLINE_SURFACE(1,7,(
    (#272,#273,#274,#275,#276,#277,#278,#279,#280,#281,#282,#283,#284)
    ,(#285,#286,#287,#288,#289,#290,#291,#292,#293,#294,#295,#296,#297
)),.UNSPECIFIED.,.F.,.F.,.F.) B_SPLINE_SURFACE_WITH_KNOTS((2,2),(8,5,8),
(1.,2.),(0.,0.5,1.),.UNSPECIFIED.) GEOMETRIC_REPRESENTATION_ITEM() 
RATIONAL_B_SPLINE_SURFACE((
    (1.,1.,1.,1.,1.,1.,1.,1.,1.,1.,1.,1.,1.)
,(1.,1.,1.,1.,1.,1.,1.,1.,1.,1.,1.,1.,1.
))) REPRESENTATION_ITEM('') SURFACE() );
#272 = CARTESIAN_POINT('',(-60.,8.,13.856406460551));
#273 = CARTESIAN_POINT('',(-51.42857142857,4.890626573911,15.65162073279
    ));
#274 = CARTESIAN_POINT('',(-42.85714285714,1.311290294983,
    16.632691556737));
#275 = CARTESIAN_POINT('',(-34.28571428571,-2.482344562679,
    16.652430118586));
#276 = CARTESIAN_POINT('',(-25.71428571428,-6.176413872414,
    15.662496911899));
#277 = CARTESIAN_POINT('',(-17.14285714285,-9.451973465491,
    13.748749945913));
#278 = CARTESIAN_POINT('',(6.496604685213E-13,-14.67044993479,
    8.469988218989));
#279 = CARTESIAN_POINT('',(17.142857142856,-16.63275345618,
    1.311274164053));
#280 = CARTESIAN_POINT('',(25.714285714289,-16.6523271486,
    -2.482317138149));
#281 = CARTESIAN_POINT('',(34.285714285708,-15.66259979878,
    -6.17644160707));
#282 = CARTESIAN_POINT('',(42.857142857148,-13.74868827395,
    -9.451956485559));
#283 = CARTESIAN_POINT('',(51.428571428569,-11.10938787804,
    -12.06121721982));
#284 = CARTESIAN_POINT('',(60.,-8.,-13.85640646055));
#285 = CARTESIAN_POINT('',(-60.,-8.,13.856406460551));
#286 = CARTESIAN_POINT('',(-51.42857142857,-11.10938787804,
    12.061217219826));
#287 = CARTESIAN_POINT('',(-42.85714285714,-13.74868827395,
    9.451956485558));
#288 = CARTESIAN_POINT('',(-34.28571428571,-15.66259979878,
    6.176441607069));
#289 = CARTESIAN_POINT('',(-25.71428571428,-16.6523271486,2.48231713815)
  );
#290 = CARTESIAN_POINT('',(-17.14285714285,-16.63275345618,
    -1.311274164054));
#291 = CARTESIAN_POINT('',(6.496604685213E-13,-14.67044993479,
    -8.469988218988));
#292 = CARTESIAN_POINT('',(17.142857142856,-9.451973465491,
    -13.74874994591));
#293 = CARTESIAN_POINT('',(25.714285714289,-6.176413872413,
    -15.6624969119));
#294 = CARTESIAN_POINT('',(34.285714285708,-2.482344562681,
    -16.65243011858));
#295 = CARTESIAN_POINT('',(42.857142857148,1.311290294985,
    -16.63269155673));
#296 = CARTESIAN_POINT('',(51.428571428569,4.89062657391,-15.65162073279
    ));
#297 = CARTESIAN_POINT('',(60.,8.,-13.85640646055));
#298 = DEFINITIONAL_REPRESENTATION('',(#299),#303);
#299 = LINE('',#300,#301);
#300 = CARTESIAN_POINT('',(1.,0.));
#301 = VECTOR('',#302,1.);
#302 = DIRECTION('',(0.,1.));
#303 = ( GEOMETRIC_REPRESENTATION_CONTEXT(2) 
PARAMETRIC_REPRESENTATION_CONTEXT() REPRESENTATION_CONTEXT('2D SPACE',''
  ) );
#304 = ORIENTED_EDGE('',*,*,#305,.T.);
#305 = EDGE_CURVE('',#246,#306,#308,.T.);
#306 = VERTEX_POINT('',#307);
#307 = CARTESIAN_POINT('',(-45.5,3.,15.279339879149));
#308 = SURFACE_CURVE('',#309,(#317,#328),.PCURVE_S1.);
#309 = B_SPLINE_CURVE_WITH_KNOTS('',3,(#310,#311,#312,#313,#314,#315,
    #316),.UNSPECIFIED.,.F.,.F.,(4,1,1,1,4),(0.,0.267676814313,
    0.535353628627,0.80303044294,1.),.UNSPECIFIED.);
#310 = CARTESIAN_POINT('',(-45.5,2.295882022543,15.834421744568));
#311 = CARTESIAN_POINT('',(-45.5,2.358707374912,15.784894229429));
#312 = CARTESIAN_POINT('',(-45.5,2.48435807965,15.68583919915));
#313 = CARTESIAN_POINT('',(-45.5,2.672834136756,15.537256653731));
#314 = CARTESIAN_POINT('',(-45.5,2.844714776873,15.401756880398));
#315 = CARTESIAN_POINT('',(-45.5,2.953770064621,15.315784622204));
#316 = CARTESIAN_POINT('',(-45.5,3.,15.279339879149));
#317 = PCURVE('',#79,#318);
#318 = DEFINITIONAL_REPRESENTATION('',(#319),#327);
#319 = B_SPLINE_CURVE_WITH_KNOTS('',3,(#320,#321,#322,#323,#324,#325,
    #326),.UNSPECIFIED.,.F.,.F.,(4,1,1,1,4),(0.,0.267676814313,
    0.535353628627,0.80303044294,1.),.UNSPECIFIED.);
#320 = CARTESIAN_POINT('',(1.,0.120833333333));
#321 = CARTESIAN_POINT('',(0.995,0.120833333333));
#322 = CARTESIAN_POINT('',(0.985,0.120833333333));
#323 = CARTESIAN_POINT('',(0.97,0.120833333333));
#324 = CARTESIAN_POINT('',(0.956320757971,0.120833333333));
#325 = CARTESIAN_POINT('',(0.947641515943,0.120833333333));
#326 = CARTESIAN_POINT('',(0.943962273914,0.120833333333));
#327 = ( GEOMETRIC_REPRESENTATION_CONTEXT(2) 
PARAMETRIC_REPRESENTATION_CONTEXT() REPRESENTATION_CONTEXT('2D SPACE',''
  ) );
#328 = PCURVE('',#329,#334);
#329 = PLANE('',#330);
#330 = AXIS2_PLACEMENT_3D('',#331,#332,#333);
#331 = CARTESIAN_POINT('',(-45.5,-3.,-19.));
#332 = DIRECTION('',(1.,0.,0.));
#333 = DIRECTION('',(0.,0.,1.));
#334 = DEFINITIONAL_REPRESENTATION('',(#335),#343);
#335 = B_SPLINE_CURVE_WITH_KNOTS('',3,(#336,#337,#338,#339,#340,#341,
    #342),.UNSPECIFIED.,.F.,.F.,(4,1,1,1,4),(0.,0.267676814313,
    0.535353628627,0.80303044294,1.),.UNSPECIFIED.);
#336 = CARTESIAN_POINT('',(34.834421744568,-5.295882022543));
#337 = CARTESIAN_POINT('',(34.784894229429,-5.358707374912));
#338 = CARTESIAN_POINT('',(34.68583919915,-5.48435807965));
#339 = CARTESIAN_POINT('',(34.537256653731,-5.672834136756));
#340 = CARTESIAN_POINT('',(34.401756880398,-5.844714776873));
#341 = CARTESIAN_POINT('',(34.315784622204,-5.953770064621));
#342 = CARTESIAN_POINT('',(34.279339879149,-6.));
#343 = ( GEOMETRIC_REPRESENTATION_CONTEXT(2) 
PARAMETRIC_REPRESENTATION_CONTEXT() REPRESENTATION_CONTEXT('2D SPACE',''
  ) );
#344 = ORIENTED_EDGE('',*,*,#345,.T.);
#345 = EDGE_CURVE('',#306,#346,#348,.T.);
#346 = VERTEX_POINT('',#347);
#347 = CARTESIAN_POINT('',(-42.5,3.,14.660422555289));
#348 = SURFACE_CURVE('',#349,(#355,#364),.PCURVE_S1.);
#349 = B_SPLINE_CURVE_WITH_KNOTS('',4,(#350,#351,#352,#353,#354),
  .UNSPECIFIED.,.F.,.F.,(5,5),(0.,1.),.PIECEWISE_BEZIER_KNOTS.);
#350 = CARTESIAN_POINT('',(-45.5,3.,15.279339879149));
#351 = CARTESIAN_POINT('',(-44.75474453358,3.,15.102860241736));
#352 = CARTESIAN_POINT('',(-44.00583868566,3.,14.941710179064));
#353 = CARTESIAN_POINT('',(-43.25408239877,3.,14.794583593931));
#354 = CARTESIAN_POINT('',(-42.5,3.,14.660422555289));
#355 = PCURVE('',#79,#356);
#356 = DEFINITIONAL_REPRESENTATION('',(#357),#363);
#357 = B_SPLINE_CURVE_WITH_KNOTS('',4,(#358,#359,#360,#361,#362),
  .UNSPECIFIED.,.F.,.F.,(5,5),(0.,1.),.PIECEWISE_BEZIER_KNOTS.);
#358 = CARTESIAN_POINT('',(0.943962273914,0.120833333333));
#359 = CARTESIAN_POINT('',(0.920236876325,0.127043795553));
#360 = CARTESIAN_POINT('',(0.89724719111,0.133284677619));
#361 = CARTESIAN_POINT('',(0.874910764975,0.139549313344));
#362 = CARTESIAN_POINT('',(0.853155340884,0.145833333333));
#363 = ( GEOMETRIC_REPRESENTATION_CONTEXT(2) 
PARAMETRIC_REPRESENTATION_CONTEXT() REPRESENTATION_CONTEXT('2D SPACE',''
  ) );
#364 = PCURVE('',#365,#370);
#365 = PLANE('',#366);
#366 = AXIS2_PLACEMENT_3D('',#367,#368,#369);
#367 = CARTESIAN_POINT('',(-45.5,3.,-19.));
#368 = DIRECTION('',(0.,1.,0.));
#369 = DIRECTION('',(0.,0.,1.));
#370 = DEFINITIONAL_REPRESENTATION('',(#371),#377);
#371 = B_SPLINE_CURVE_WITH_KNOTS('',4,(#372,#373,#374,#375,#376),
  .UNSPECIFIED.,.F.,.F.,(5,5),(0.,1.),.PIECEWISE_BEZIER_KNOTS.);
#372 = CARTESIAN_POINT('',(34.279339879149,0.));
#373 = CARTESIAN_POINT('',(34.102860241736,0.745255466418));
#374 = CARTESIAN_POINT('',(33.941710179064,1.494161314336));
#375 = CARTESIAN_POINT('',(33.794583593931,2.245917601229));
#376 = CARTESIAN_POINT('',(33.660422555289,3.));
#377 = ( GEOMETRIC_REPRESENTATION_CONTEXT(2) 
PARAMETRIC_REPRESENTATION_CONTEXT() REPRESENTATION_CONTEXT('2D SPACE',''
  ) );
#378 = ORIENTED_EDGE('',*,*,#379,.F.);
#379 = EDGE_CURVE('',#380,#346,#382,.T.);
#380 = VERTEX_POINT('',#381);
#381 = CARTESIAN_POINT('',(-42.5,1.046450031999,15.965742904198));
#382 = SURFACE_CURVE('',#383,(#391,#402),.PCURVE_S1.);
#383 = B_SPLINE_CURVE_WITH_KNOTS('',6,(#384,#385,#386,#387,#388,#389,
    #390),.UNSPECIFIED.,.F.,.F.,(7,7),(0.,1.),.PIECEWISE_BEZIER_KNOTS.);
#384 = CARTESIAN_POINT('',(-42.5,1.046450031999,15.965742904198));
#385 = CARTESIAN_POINT('',(-42.5,1.446136457773,15.698680974229));
#386 = CARTESIAN_POINT('',(-42.5,1.680270534255,15.542237586851));
#387 = CARTESIAN_POINT('',(-42.5,1.994005990399,15.332606258354));
#388 = CARTESIAN_POINT('',(-42.5,2.45682475524,15.023360648311));
#389 = CARTESIAN_POINT('',(-42.5,2.924684553197,14.710746727647));
#390 = CARTESIAN_POINT('',(-42.5,3.,14.660422555289));
#391 = PCURVE('',#79,#392);
#392 = DEFINITIONAL_REPRESENTATION('',(#393),#401);
#393 = B_SPLINE_CURVE_WITH_KNOTS('',6,(#394,#395,#396,#397,#398,#399,
    #400),.UNSPECIFIED.,.F.,.F.,(7,7),(0.,1.),.PIECEWISE_BEZIER_KNOTS.);
#394 = CARTESIAN_POINT('',(1.,0.145833333333));
#395 = CARTESIAN_POINT('',(0.969956326735,0.145833333333));
#396 = CARTESIAN_POINT('',(0.952356910691,0.145833333333));
#397 = CARTESIAN_POINT('',(0.928774009376,0.145833333333));
#398 = CARTESIAN_POINT('',(0.893984797495,0.145833333333));
#399 = CARTESIAN_POINT('',(0.858816660683,0.145833333333));
#400 = CARTESIAN_POINT('',(0.853155340884,0.145833333333));
#401 = ( GEOMETRIC_REPRESENTATION_CONTEXT(2) 
PARAMETRIC_REPRESENTATION_CONTEXT() REPRESENTATION_CONTEXT('2D SPACE',''
  ) );
#402 = PCURVE('',#403,#408);
#403 = PLANE('',#404);
#404 = AXIS2_PLACEMENT_3D('',#405,#406,#407);
#405 = CARTESIAN_POINT('',(-42.5,-3.,-19.));
#406 = DIRECTION('',(1.,0.,0.));
#407 = DIRECTION('',(0.,0.,1.));
#408 = DEFINITIONAL_REPRESENTATION('',(#409),#417);
#409 = B_SPLINE_CURVE_WITH_KNOTS('',6,(#410,#411,#412,#413,#414,#415,
    #416),.UNSPECIFIED.,.F.,.F.,(7,7),(0.,1.),.PIECEWISE_BEZIER_KNOTS.);
#410 = CARTESIAN_POINT('',(34.965742904198,-4.046450031999));
#411 = CARTESIAN_POINT('',(34.698680974229,-4.446136457773));
#412 = CARTESIAN_POINT('',(34.542237586851,-4.680270534255));
#413 = CARTESIAN_POINT('',(34.332606258354,-4.994005990399));
#414 = CARTESIAN_POINT('',(34.023360648311,-5.45682475524));
#415 = CARTESIAN_POINT('',(33.710746727647,-5.924684553197));
#416 = CARTESIAN_POINT('',(33.660422555289,-6.));
#417 = ( GEOMETRIC_REPRESENTATION_CONTEXT(2) 
PARAMETRIC_REPRESENTATION_CONTEXT() REPRESENTATION_CONTEXT('2D SPACE',''
  ) );
#418 = ORIENTED_EDGE('',*,*,#419,.T.);
#419 = EDGE_CURVE('',#380,#420,#422,.T.);
#420 = VERTEX_POINT('',#421);
#421 = CARTESIAN_POINT('',(60.,-8.,-13.85640646055));
#422 = SURFACE_CURVE('',#423,(#437,#444),.PCURVE_S1.);
#423 = ( BOUNDED_CURVE() B_SPLINE_CURVE(7,(#424,#425,#426,#427,#428,#429
    ,#430,#431,#432,#433,#434,#435,#436),.UNSPECIFIED.,.F.,.F.) 
B_SPLINE_CURVE_WITH_KNOTS((8,5,8),(0.,0.5,1.),.UNSPECIFIED.) CURVE() 
GEOMETRIC_REPRESENTATION_ITEM() RATIONAL_B_SPLINE_CURVE((1.,1.,1.,1.,1.,
1.,1.,1.,1.,1.,1.,1.,1.)) REPRESENTATION_ITEM('') );
#424 = CARTESIAN_POINT('',(-60.,8.,13.856406460551));
#425 = CARTESIAN_POINT('',(-51.42857142857,4.890626573911,15.65162073279
    ));
#426 = CARTESIAN_POINT('',(-42.85714285714,1.311290294983,
    16.632691556737));
#427 = CARTESIAN_POINT('',(-34.28571428571,-2.482344562679,
    16.652430118586));
#428 = CARTESIAN_POINT('',(-25.71428571428,-6.176413872414,
    15.662496911899));
#429 = CARTESIAN_POINT('',(-17.14285714285,-9.451973465491,
    13.748749945913));
#430 = CARTESIAN_POINT('',(6.496604685213E-13,-14.67044993479,
    8.469988218989));
#431 = CARTESIAN_POINT('',(17.142857142856,-16.63275345618,
    1.311274164053));
#432 = CARTESIAN_POINT('',(25.714285714289,-16.6523271486,
    -2.482317138149));
#433 = CARTESIAN_POINT('',(34.285714285708,-15.66259979878,
    -6.17644160707));
#434 = CARTESIAN_POINT('',(42.857142857148,-13.74868827395,
    -9.451956485559));
#435 = CARTESIAN_POINT('',(51.428571428569,-11.10938787804,
    -12.06121721982));
#436 = CARTESIAN_POINT('',(60.,-8.,-13.85640646055));
#437 = PCURVE('',#79,#438);
#438 = DEFINITIONAL_REPRESENTATION('',(#439),#443);
#439 = LINE('',#440,#441);
#440 = CARTESIAN_POINT('',(1.,0.));
#441 = VECTOR('',#442,1.);
#442 = DIRECTION('',(0.,1.));
#443 = ( GEOMETRIC_REPRESENTATION_CONTEXT(2) 
PARAMETRIC_REPRESENTATION_CONTEXT() REPRESENTATION_CONTEXT('2D SPACE',''
  ) );
#444 = PCURVE('',#271,#445);
#445 = DEFINITIONAL_REPRESENTATION('',(#446),#450);
#446 = LINE('',#447,#448);
#447 = CARTESIAN_POINT('',(1.,0.));
#448 = VECTOR('',#449,1.);
#449 = DIRECTION('',(0.,1.));
#450 = ( GEOMETRIC_REPRESENTATION_CONTEXT(2) 
PARAMETRIC_REPRESENTATION_CONTEXT() REPRESENTATION_CONTEXT('2D SPACE',''
  ) );
#451 = ORIENTED_EDGE('',*,*,#452,.F.);
#452 = EDGE_CURVE('',#453,#420,#455,.T.);
#453 = VERTEX_POINT('',#454);
#454 = CARTESIAN_POINT('',(60.,-9.418206931238,-11.4));
#455 = SURFACE_CURVE('',#456,(#459,#466),.PCURVE_S1.);
#456 = B_SPLINE_CURVE_WITH_KNOTS('',1,(#457,#458),.UNSPECIFIED.,.F.,.F.,
  (2,2),(0.,1.),.PIECEWISE_BEZIER_KNOTS.);
#457 = CARTESIAN_POINT('',(60.,-16.,1.959434878636E-15));
#458 = CARTESIAN_POINT('',(60.,-8.,-13.85640646055));
#459 = PCURVE('',#79,#460);
#460 = DEFINITIONAL_REPRESENTATION('',(#461),#465);
#461 = LINE('',#462,#463);
#462 = CARTESIAN_POINT('',(0.,1.));
#463 = VECTOR('',#464,1.);
#464 = DIRECTION('',(1.,0.));
#465 = ( GEOMETRIC_REPRESENTATION_CONTEXT(2) 
PARAMETRIC_REPRESENTATION_CONTEXT() REPRESENTATION_CONTEXT('2D SPACE',''
  ) );
#466 = PCURVE('',#467,#472);
#467 = PLANE('',#468);
#468 = AXIS2_PLACEMENT_3D('',#469,#470,#471);
#469 = CARTESIAN_POINT('',(60.,-16.,1.959434878636E-15));
#470 = DIRECTION('',(-1.,0.,0.));
#471 = DIRECTION('',(0.,1.,-1.836970198721E-16));
#472 = DEFINITIONAL_REPRESENTATION('',(#473),#476);
#473 = B_SPLINE_CURVE_WITH_KNOTS('',1,(#474,#475),.UNSPECIFIED.,.F.,.F.,
  (2,2),(0.,1.),.PIECEWISE_BEZIER_KNOTS.);
#474 = CARTESIAN_POINT('',(0.,0.));
#475 = CARTESIAN_POINT('',(8.,13.856406460551));
#476 = ( GEOMETRIC_REPRESENTATION_CONTEXT(2) 
PARAMETRIC_REPRESENTATION_CONTEXT() REPRESENTATION_CONTEXT('2D SPACE',''
  ) );
#477 = ORIENTED_EDGE('',*,*,#478,.T.);
#478 = EDGE_CURVE('',#453,#479,#481,.T.);
#479 = VERTEX_POINT('',#480);
#480 = CARTESIAN_POINT('',(49.465448572019,-15.39534839892,
    4.356974433162));
#481 = SURFACE_CURVE('',#482,(#527,#575),.PCURVE_S1.);
#482 = B_SPLINE_CURVE_WITH_KNOTS('',7,(#483,#484,#485,#486,#487,#488,
    #489,#490,#491,#492,#493,#494,#495,#496,#497,#498,#499,#500,#501,
    #502,#503,#504,#505,#506,#507,#508,#509,#510,#511,#512,#513,#514,
    #515,#516,#517,#518,#519,#520,#521,#522,#523,#524,#525,#526),
  .UNSPECIFIED.,.F.,.F.,(8,6,6,6,6,6,6,8),(0.,7.125555980739E-02,
    0.286851688742,0.44051314991,0.643440020205,0.747951394468,
    0.933605027222,1.),.UNSPECIFIED.);
#483 = CARTESIAN_POINT('',(60.,-9.418206931238,-11.4));
#484 = CARTESIAN_POINT('',(59.761837400829,-9.455383483751,-11.4));
#485 = CARTESIAN_POINT('',(59.524785612744,-9.496151553141,
    -11.39419512049));
#486 = CARTESIAN_POINT('',(59.289048041572,-9.540211348748,
    -11.38268305402));
#487 = CARTESIAN_POINT('',(59.054795718078,-9.587275430658,
    -11.36557140021));
#488 = CARTESIAN_POINT('',(58.822168880297,-9.637072005987,
    -11.34297174265));
#489 = CARTESIAN_POINT('',(58.591278555861,-9.689348225183,
    -11.31499372577));
#490 = CARTESIAN_POINT('',(57.669115645784,-9.908849145257,
    -11.18112155534));
#491 = CARTESIAN_POINT('',(56.993376979365,-10.09424700467,
    -11.03230019937));
#492 = CARTESIAN_POINT('',(56.336244853764,-10.29383075562,
    -10.83812454802));
#493 = CARTESIAN_POINT('',(55.699256133044,-10.50274732519,
    -10.60075755457));
#494 = CARTESIAN_POINT('',(55.083854903359,-10.71707372854,
    -10.32202697904));
#495 = CARTESIAN_POINT('',(54.491390893857,-10.93376404302,
    -10.0033120445));
#496 = CARTESIAN_POINT('',(53.518193031954,-11.30505949937,
    -9.390169935669));
#497 = CARTESIAN_POINT('',(53.125724547706,-11.45954270245,
    -9.115191214739));
#498 = CARTESIAN_POINT('',(52.746426459929,-11.6131032102,
    -8.820800200742));
#499 = CARTESIAN_POINT('',(52.381110409093,-11.7649711287,-8.50742619625
    ));
#500 = CARTESIAN_POINT('',(52.03070720813,-11.91450414216,
    -8.175557123415));
#501 = CARTESIAN_POINT('',(51.696235637812,-12.06119776614,
    -7.825785340371));
#502 = CARTESIAN_POINT('',(50.959536802406,-12.39422160656,
    -6.974281187864));
#503 = CARTESIAN_POINT('',(50.569886623169,-12.57821701789,
    -6.459689710792));
#504 = CARTESIAN_POINT('',(50.212505656969,-12.75580830281,
    -5.916971195812));
#505 = CARTESIAN_POINT('',(49.890078000505,-12.92664684394,
    -5.348437147795));
#506 = CARTESIAN_POINT('',(49.605188308793,-13.09097692046,
    -4.756910297153));
#507 = CARTESIAN_POINT('',(49.360171211173,-13.2496786359,
    -4.145830726565));
#508 = CARTESIAN_POINT('',(49.052099968603,-13.48364266411,
    -3.196649294919));
#509 = CARTESIAN_POINT('',(48.958420419158,-13.56204895473,
    -2.869868260717));
#510 = CARTESIAN_POINT('',(48.876030754605,-13.63951550937,
    -2.539518515463));
#511 = CARTESIAN_POINT('',(48.805133043466,-13.7162707697,
    -2.206170709072));
#512 = CARTESIAN_POINT('',(48.745884626157,-13.79257505156,
    -1.870418099734));
#513 = CARTESIAN_POINT('',(48.698394195403,-13.86871230455,
    -1.532873575905));
#514 = CARTESIAN_POINT('',(48.599342591166,-14.08046685893,
    -0.592488952539));
#515 = CARTESIAN_POINT('',(48.573241334559,-14.21638256762,
    1.291601861808E-02));
#516 = CARTESIAN_POINT('',(48.584747445189,-14.35438831055,
    0.618466305862));
#517 = CARTESIAN_POINT('',(48.633635324084,-14.49631535313,
    1.220520694278));
#518 = CARTESIAN_POINT('',(48.719110144279,-14.64395958444,
    1.815476942149));
#519 = CARTESIAN_POINT('',(48.839806766121,-14.79888137485,
    2.399865702244));
#520 = CARTESIAN_POINT('',(49.048869414291,-15.02062447805,3.17449359716
    ));
#521 = CARTESIAN_POINT('',(49.108200745641,-15.08011350034,
    3.376785761753));
#522 = CARTESIAN_POINT('',(49.171704849372,-15.14073255217,
    3.577170769276));
#523 = CARTESIAN_POINT('',(49.239286870524,-15.20252862623,
    3.775509904225));
#524 = CARTESIAN_POINT('',(49.310844790927,-15.26554225121,
    3.971671698829));
#525 = CARTESIAN_POINT('',(49.386270117747,-15.32980690017,
    4.165532066144));
#526 = CARTESIAN_POINT('',(49.465448572019,-15.39534839892,
    4.356974433162));
#527 = PCURVE('',#79,#528);
#528 = DEFINITIONAL_REPRESENTATION('',(#529),#574);
#529 = B_SPLINE_CURVE_WITH_KNOTS('',7,(#530,#531,#532,#533,#534,#535,
    #536,#537,#538,#539,#540,#541,#542,#543,#544,#545,#546,#547,#548,
    #549,#550,#551,#552,#553,#554,#555,#556,#557,#558,#559,#560,#561,
    #562,#563,#564,#565,#566,#567,#568,#569,#570,#571,#572,#573),
  .UNSPECIFIED.,.F.,.F.,(8,6,6,6,6,6,6,8),(0.,7.125555980739E-02,
    0.286851688742,0.44051314991,0.643440020205,0.747951394468,
    0.933605027222,1.),.UNSPECIFIED.);
#530 = CARTESIAN_POINT('',(0.822724133595,1.));
#531 = CARTESIAN_POINT('',(0.826962115777,0.998015311674));
#532 = CARTESIAN_POINT('',(0.830763115193,0.996039880106));
#533 = CARTESIAN_POINT('',(0.834137395942,0.994075400346));
#534 = CARTESIAN_POINT('',(0.837095771752,0.992123297651));
#535 = CARTESIAN_POINT('',(0.839649197083,0.990184740669));
#536 = CARTESIAN_POINT('',(0.841808358236,0.988260654632));
#537 = CARTESIAN_POINT('',(0.848953552915,0.980575963715));
#538 = CARTESIAN_POINT('',(0.850800855994,0.974944808161));
#539 = CARTESIAN_POINT('',(0.849423226619,0.969468707115));
#540 = CARTESIAN_POINT('',(0.845016767943,0.964160467775));
#541 = CARTESIAN_POINT('',(0.837724406816,0.959032124195));
#542 = CARTESIAN_POINT('',(0.827636833123,0.954094924115));
#543 = CARTESIAN_POINT('',(0.805625323961,0.945984941933));
#544 = CARTESIAN_POINT('',(0.795065837953,0.942714371231));
#545 = CARTESIAN_POINT('',(0.783124710778,0.939553553833));
#546 = CARTESIAN_POINT('',(0.769813324407,0.936509253409));
#547 = CARTESIAN_POINT('',(0.755140611332,0.933589226734));
#548 = CARTESIAN_POINT('',(0.739117139309,0.930801963648));
#549 = CARTESIAN_POINT('',(0.698835791774,0.924662806687));
#550 = CARTESIAN_POINT('',(0.67358059154,0.92141572186));
#551 = CARTESIAN_POINT('',(0.64603858015,0.918437547141));
#552 = CARTESIAN_POINT('',(0.616272506776,0.915750650004));
#553 = CARTESIAN_POINT('',(0.584373343605,0.91337656924));
#554 = CARTESIAN_POINT('',(0.550472619014,0.911334760093));
#555 = CARTESIAN_POINT('',(0.496358024852,0.908767499738));
#556 = CARTESIAN_POINT('',(0.477478818407,0.907986836826));
#557 = CARTESIAN_POINT('',(0.458140281715,0.907300256288));
#558 = CARTESIAN_POINT('',(0.43836876481,0.906709442029));
#559 = CARTESIAN_POINT('',(0.418192881453,0.906215705218));
#560 = CARTESIAN_POINT('',(0.397643439994,0.905819951628));
#561 = CARTESIAN_POINT('',(0.339644335909,0.904994521593));
#562 = CARTESIAN_POINT('',(0.301456785482,0.904777011121));
#563 = CARTESIAN_POINT('',(0.26237820787,0.904872895377));
#564 = CARTESIAN_POINT('',(0.222611348718,0.905280294367));
#565 = CARTESIAN_POINT('',(0.182367975312,0.905992584536));
#566 = CARTESIAN_POINT('',(0.141863714456,0.906998389718));
#567 = CARTESIAN_POINT('',(8.681223463833E-02,0.908740578452));
#568 = CARTESIAN_POINT('',(7.230429490461E-02,0.909235006214));
#569 = CARTESIAN_POINT('',(5.779980168908E-02,0.909764207078));
#570 = CARTESIAN_POINT('',(4.330814844021E-02,0.910327390588));
#571 = CARTESIAN_POINT('',(2.883845605304E-02,0.910923706591));
#572 = CARTESIAN_POINT('',(1.439956042306E-02,0.911552250981));
#573 = CARTESIAN_POINT('',(0.,0.912212071433));
#574 = ( GEOMETRIC_REPRESENTATION_CONTEXT(2) 
PARAMETRIC_REPRESENTATION_CONTEXT() REPRESENTATION_CONTEXT('2D SPACE',''
  ) );
#575 = PCURVE('',#576,#581);
#576 = CYLINDRICAL_SURFACE('',#577,11.4);
#577 = AXIS2_PLACEMENT_3D('',#578,#579,#580);
#578 = CARTESIAN_POINT('',(60.,19.,-4.218847493576E-15));
#579 = DIRECTION('',(0.,-1.,2.22044604925E-16));
#580 = DIRECTION('',(1.,0.,0.));
#581 = DEFINITIONAL_REPRESENTATION('',(#582),#627);
#582 = B_SPLINE_CURVE_WITH_KNOTS('',7,(#583,#584,#585,#586,#587,#588,
    #589,#590,#591,#592,#593,#594,#595,#596,#597,#598,#599,#600,#601,
    #602,#603,#604,#605,#606,#607,#608,#609,#610,#611,#612,#613,#614,
    #615,#616,#617,#618,#619,#620,#621,#622,#623,#624,#625,#626),
  .UNSPECIFIED.,.F.,.F.,(8,6,6,6,6,6,6,8),(0.,7.125555980739E-02,
    0.286851688742,0.44051314991,0.643440020205,0.747951394468,
    0.933605027222,1.),.UNSPECIFIED.);
#583 = CARTESIAN_POINT('',(4.712388980385,28.418206931238));
#584 = CARTESIAN_POINT('',(4.691497524317,28.455383483751));
#585 = CARTESIAN_POINT('',(4.670703515336,28.496151553141));
#586 = CARTESIAN_POINT('',(4.650009873241,28.540211348748));
#587 = CARTESIAN_POINT('',(4.629417371738,28.587275430658));
#588 = CARTESIAN_POINT('',(4.608924729663,28.637072005987));
#589 = CARTESIAN_POINT('',(4.588528702203,28.689348225183));
#590 = CARTESIAN_POINT('',(4.506789273618,28.908849145257));
#591 = CARTESIAN_POINT('',(4.446253357235,29.094247004673));
#592 = CARTESIAN_POINT('',(4.386382477414,29.293830755621));
#593 = CARTESIAN_POINT('',(4.327007950307,29.502747325196));
#594 = CARTESIAN_POINT('',(4.267967081119,29.717073728548));
#595 = CARTESIAN_POINT('',(4.209092988004,29.933764043026));
#596 = CARTESIAN_POINT('',(4.108194541576,30.305059499376));
#597 = CARTESIAN_POINT('',(4.066208685832,30.459542702454));
#598 = CARTESIAN_POINT('',(4.024171707822,30.613103210205));
#599 = CARTESIAN_POINT('',(3.982043025,30.764971128705));
#600 = CARTESIAN_POINT('',(3.939790885326,30.914504142163));
#601 = CARTESIAN_POINT('',(3.897391409818,31.061197766144));
#602 = CARTESIAN_POINT('',(3.798623044304,31.394221606565));
#603 = CARTESIAN_POINT('',(3.742122948952,31.578217017894));
#604 = CARTESIAN_POINT('',(3.685319005205,31.755808302815));
#605 = CARTESIAN_POINT('',(3.62821487573,31.926646843944));
#606 = CARTESIAN_POINT('',(3.570831117281,32.090976920467));
#607 = CARTESIAN_POINT('',(3.513210817964,32.249678635904));
#608 = CARTESIAN_POINT('',(3.42567358231,32.483642664113));
#609 = CARTESIAN_POINT('',(3.395871856557,32.562048954739));
#610 = CARTESIAN_POINT('',(3.366035084794,32.63951550937));
#611 = CARTESIAN_POINT('',(3.336172708962,32.7162707697));
#612 = CARTESIAN_POINT('',(3.30629477481,32.792575051561));
#613 = CARTESIAN_POINT('',(3.276412132871,32.868712304558));
#614 = CARTESIAN_POINT('',(3.193465919384,33.080466858934));
#615 = CARTESIAN_POINT('',(3.140412551262,33.216382567624));
#616 = CARTESIAN_POINT('',(3.087447913422,33.354388310557));
#617 = CARTESIAN_POINT('',(3.034644201606,33.496315353136));
#618 = CARTESIAN_POINT('',(2.982076630328,33.643959584442));
#619 = CARTESIAN_POINT('',(2.929826533258,33.798881374858));
#620 = CARTESIAN_POINT('',(2.859445498551,34.020624478057));
#621 = CARTESIAN_POINT('',(2.840957436633,34.080113500341));
#622 = CARTESIAN_POINT('',(2.822525104213,34.140732552171));
#623 = CARTESIAN_POINT('',(2.804152273681,34.202528626231));
#624 = CARTESIAN_POINT('',(2.785842591358,34.26554225121));
#625 = CARTESIAN_POINT('',(2.767599606395,34.329806900173));
#626 = CARTESIAN_POINT('',(2.749426799672,34.395348398922));
#627 = ( GEOMETRIC_REPRESENTATION_CONTEXT(2) 
PARAMETRIC_REPRESENTATION_CONTEXT() REPRESENTATION_CONTEXT('2D SPACE',''
  ) );
#628 = ORIENTED_EDGE('',*,*,#629,.F.);
#629 = EDGE_CURVE('',#24,#479,#630,.T.);
#630 = SURFACE_CURVE('',#631,(#645,#652),.PCURVE_S1.);
#631 = ( BOUNDED_CURVE() B_SPLINE_CURVE(7,(#632,#633,#634,#635,#636,#637
    ,#638,#639,#640,#641,#642,#643,#644),.UNSPECIFIED.,.F.,.F.) 
B_SPLINE_CURVE_WITH_KNOTS((8,5,8),(0.,0.5,1.),.UNSPECIFIED.) CURVE() 
GEOMETRIC_REPRESENTATION_ITEM() RATIONAL_B_SPLINE_CURVE((1.,1.,1.,1.,1.,
1.,1.,1.,1.,1.,1.,1.,1.)) REPRESENTATION_ITEM('') );
#632 = CARTESIAN_POINT('',(-60.,16.,0.));
#633 = CARTESIAN_POINT('',(-51.42857142857,16.000014451951,
    3.590403512965));
#634 = CARTESIAN_POINT('',(-42.85714285714,15.059978568936,
    7.180735071177));
#635 = CARTESIAN_POINT('',(-34.28571428571,13.180255236103,
    10.475988511521));
#636 = CARTESIAN_POINT('',(-25.71428571428,10.475913276192,
    13.180179773746));
#637 = CARTESIAN_POINT('',(-17.14285714285,7.180779990696,
    15.060024109968));
#638 = CARTESIAN_POINT('',(6.496604685213E-13,7.589825288561E-13,
    16.939976437975));
#639 = CARTESIAN_POINT('',(17.142857142856,-7.180779990697,
    15.060024109968));
#640 = CARTESIAN_POINT('',(25.714285714289,-10.47591327618,
    13.180179773748));
#641 = CARTESIAN_POINT('',(34.285714285708,-13.1802552361,
    10.475988511518));
#642 = CARTESIAN_POINT('',(42.857142857148,-15.05997856893,
    7.180735071178));
#643 = CARTESIAN_POINT('',(51.428571428569,-16.00001445195,
    3.590403512965));
#644 = CARTESIAN_POINT('',(60.,-16.,1.959434878636E-15));
#645 = PCURVE('',#79,#646);
#646 = DEFINITIONAL_REPRESENTATION('',(#647),#651);
#647 = LINE('',#648,#649);
#648 = CARTESIAN_POINT('',(0.,0.));
#649 = VECTOR('',#650,1.);
#650 = DIRECTION('',(0.,1.));
#651 = ( GEOMETRIC_REPRESENTATION_CONTEXT(2) 
PARAMETRIC_REPRESENTATION_CONTEXT() REPRESENTATION_CONTEXT('2D SPACE',''
  ) );
#652 = PCURVE('',#653,#680);
#653 = ( BOUNDED_SURFACE() B_SPLINE_SURFACE(1,7,(
    (#654,#655,#656,#657,#658,#659,#660,#661,#662,#663,#664,#665,#666)
    ,(#667,#668,#669,#670,#671,#672,#673,#674,#675,#676,#677,#678,#679
)),.UNSPECIFIED.,.F.,.F.,.F.) B_SPLINE_SURFACE_WITH_KNOTS((2,2),(8,5,8),
(5.,6.),(0.,0.5,1.),.UNSPECIFIED.) GEOMETRIC_REPRESENTATION_ITEM() 
RATIONAL_B_SPLINE_SURFACE((
    (1.,1.,1.,1.,1.,1.,1.,1.,1.,1.,1.,1.,1.)
,(1.,1.,1.,1.,1.,1.,1.,1.,1.,1.,1.,1.,1.
))) REPRESENTATION_ITEM('') SURFACE() );
#654 = CARTESIAN_POINT('',(-60.,8.,-13.85640646055));
#655 = CARTESIAN_POINT('',(-51.42857142857,11.10938787804,
    -12.06121721982));
#656 = CARTESIAN_POINT('',(-42.85714285714,13.748688273954,
    -9.451956485557));
#657 = CARTESIAN_POINT('',(-34.28571428571,15.662599798781,
    -6.176441607071));
#658 = CARTESIAN_POINT('',(-25.71428571428,16.652327148607,
    -2.482317138148));
#659 = CARTESIAN_POINT('',(-17.14285714285,16.632753456187,
    1.311274164053));
#660 = CARTESIAN_POINT('',(6.496604685213E-13,14.670449934797,
    8.469988218989));
#661 = CARTESIAN_POINT('',(17.142857142856,9.45197346549,13.748749945913
    ));
#662 = CARTESIAN_POINT('',(25.714285714289,6.176413872415,
    15.662496911901));
#663 = CARTESIAN_POINT('',(34.285714285708,2.482344562679,
    16.652430118584));
#664 = CARTESIAN_POINT('',(42.857142857148,-1.311290294983,
    16.632691556739));
#665 = CARTESIAN_POINT('',(51.428571428569,-4.890626573911,
    15.651620732789));
#666 = CARTESIAN_POINT('',(60.,-8.,13.856406460551));
#667 = CARTESIAN_POINT('',(-60.,16.,2.379866902934E-16));
#668 = CARTESIAN_POINT('',(-51.42857142857,16.000014451951,
    3.590403512965));
#669 = CARTESIAN_POINT('',(-42.85714285714,15.059978568936,
    7.180735071177));
#670 = CARTESIAN_POINT('',(-34.28571428571,13.180255236102,
    10.475988511521));
#671 = CARTESIAN_POINT('',(-25.71428571428,10.475913276193,
    13.180179773746));
#672 = CARTESIAN_POINT('',(-17.14285714285,7.180779990696,
    15.060024109968));
#673 = CARTESIAN_POINT('',(6.496604685213E-13,1.137662898107E-12,
    16.939976437975));
#674 = CARTESIAN_POINT('',(17.142857142856,-7.180779990698,
    15.060024109968));
#675 = CARTESIAN_POINT('',(25.714285714289,-10.47591327618,
    13.180179773748));
#676 = CARTESIAN_POINT('',(34.285714285708,-13.1802552361,
    10.475988511518));
#677 = CARTESIAN_POINT('',(42.857142857148,-15.05997856893,
    7.180735071178));
#678 = CARTESIAN_POINT('',(51.428571428569,-16.00001445195,
    3.590403512965));
#679 = CARTESIAN_POINT('',(60.,-16.,1.721448188342E-15));
#680 = DEFINITIONAL_REPRESENTATION('',(#681),#685);
#681 = LINE('',#682,#683);
#682 = CARTESIAN_POINT('',(6.,0.));
#683 = VECTOR('',#684,1.);
#684 = DIRECTION('',(0.,1.));
#685 = ( GEOMETRIC_REPRESENTATION_CONTEXT(2) 
PARAMETRIC_REPRESENTATION_CONTEXT() REPRESENTATION_CONTEXT('2D SPACE',''
  ) );
#686 = ADVANCED_FACE('',(#687),#160,.F.);
#687 = FACE_BOUND('',#688,.F.);
#688 = EDGE_LOOP('',(#689,#919,#1110,#1136,#1335,#1336));
#689 = ORIENTED_EDGE('',*,*,#690,.F.);
#690 = EDGE_CURVE('',#691,#693,#695,.T.);
#691 = VERTEX_POINT('',#692);
#692 = CARTESIAN_POINT('',(-49.46544857201,-15.39534839892,
    -4.356974433162));
#693 = VERTEX_POINT('',#694);
#694 = CARTESIAN_POINT('',(-60.,-9.418206931238,11.4));
#695 = SURFACE_CURVE('',#696,(#746,#819),.PCURVE_S1.);
#696 = B_SPLINE_CURVE_WITH_KNOTS('',7,(#697,#698,#699,#700,#701,#702,
    #703,#704,#705,#706,#707,#708,#709,#710,#711,#712,#713,#714,#715,
    #716,#717,#718,#719,#720,#721,#722,#723,#724,#725,#726,#727,#728,
    #729,#730,#731,#732,#733,#734,#735,#736,#737,#738,#739,#740,#741,
    #742,#743,#744,#745),.UNSPECIFIED.,.F.,.F.,(8,6,5,6,6,6,6,6,8),(0.,
    0.332705051658,1.,1.263024066458,1.786721159798,2.803569449117,
    3.573553205812,4.653886010294,5.010941209486),.UNSPECIFIED.);
#697 = CARTESIAN_POINT('',(-49.46544857201,-15.39534839892,
    -4.356974433162));
#698 = CARTESIAN_POINT('',(-49.38627011774,-15.32980690017,
    -4.165532066144));
#699 = CARTESIAN_POINT('',(-49.31084479092,-15.26554225121,
    -3.971671698829));
#700 = CARTESIAN_POINT('',(-49.23928687052,-15.20252862623,
    -3.775509904225));
#701 = CARTESIAN_POINT('',(-49.17170484937,-15.14073255217,
    -3.577170769275));
#702 = CARTESIAN_POINT('',(-49.10820074564,-15.08011350034,
    -3.376785761753));
#703 = CARTESIAN_POINT('',(-49.04886941429,-15.02062447805,
    -3.17449359716));
#704 = CARTESIAN_POINT('',(-48.8833427549,-14.84505798908,-2.56117711603
    ));
#705 = CARTESIAN_POINT('',(-48.79001978903,-14.73223245758,
    -2.144815851006));
#706 = CARTESIAN_POINT('',(-48.7145361539,-14.62331509977,
    -1.722543185934));
#707 = CARTESIAN_POINT('',(-48.65745405454,-14.51777342075,
    -1.29561155974));
#708 = CARTESIAN_POINT('',(-48.61918765077,-14.41500031352,
    -0.865321319805));
#709 = CARTESIAN_POINT('',(-48.59243688893,-14.274679135,-0.262600976391
    ));
#710 = CARTESIAN_POINT('',(-48.60298111788,-14.13722998507,
    0.341457334113));
#711 = CARTESIAN_POINT('',(-48.60895016739,-14.09855915097,0.51226734764
    ));
#712 = CARTESIAN_POINT('',(-48.61791037116,-14.06003809146,
    0.683023582722));
#713 = CARTESIAN_POINT('',(-48.62986143735,-14.02162728955,0.85364546445
    ));
#714 = CARTESIAN_POINT('',(-48.64479963621,-13.9832878542,1.024052949036
    ));
#715 = CARTESIAN_POINT('',(-48.6983941954,-13.86871230455,1.532873575909
    ));
#716 = CARTESIAN_POINT('',(-48.74588462615,-13.79257505156,
    1.870418099739));
#717 = CARTESIAN_POINT('',(-48.80513304346,-13.71627076969,
    2.206170709076));
#718 = CARTESIAN_POINT('',(-48.8760307546,-13.63951550936,2.539518515468
    ));
#719 = CARTESIAN_POINT('',(-48.95842041915,-13.56204895473,
    2.869868260721));
#720 = CARTESIAN_POINT('',(-49.0520999686,-13.48364266411,3.196649294924
    ));
#721 = CARTESIAN_POINT('',(-49.36017121117,-13.2496786359,4.14583072657)
  );
#722 = CARTESIAN_POINT('',(-49.60518830879,-13.09097692046,
    4.756910297159));
#723 = CARTESIAN_POINT('',(-49.8900780005,-12.92664684394,5.348437147797
    ));
#724 = CARTESIAN_POINT('',(-50.21250565697,-12.75580830281,
    5.916971195822));
#725 = CARTESIAN_POINT('',(-50.56988662317,-12.57821701789,
    6.459689710794));
#726 = CARTESIAN_POINT('',(-50.95953680241,-12.39422160656,
    6.974281187871));
#727 = CARTESIAN_POINT('',(-51.69623563781,-12.06119776614,
    7.825785340376));
#728 = CARTESIAN_POINT('',(-52.03070720813,-11.91450414216,
    8.175557123421));
#729 = CARTESIAN_POINT('',(-52.38111040909,-11.7649711287,8.507426196255
    ));
#730 = CARTESIAN_POINT('',(-52.74642645993,-11.6131032102,8.820800200748
    ));
#731 = CARTESIAN_POINT('',(-53.12572454771,-11.45954270245,
    9.115191214746));
#732 = CARTESIAN_POINT('',(-53.51819303196,-11.30505949937,
    9.390169935676));
#733 = CARTESIAN_POINT('',(-54.49139089386,-10.93376404302,
    10.003312044508));
#734 = CARTESIAN_POINT('',(-55.08385490336,-10.71707372854,
    10.322026979051));
#735 = CARTESIAN_POINT('',(-55.69925613305,-10.50274732519,
    10.600757554576));
#736 = CARTESIAN_POINT('',(-56.33624485376,-10.29383075562,
    10.838124548023));
#737 = CARTESIAN_POINT('',(-56.99337697937,-10.09424700467,
    11.032300199376));
#738 = CARTESIAN_POINT('',(-57.66911564578,-9.908849145257,
    11.181121555349));
#739 = CARTESIAN_POINT('',(-58.59127855586,-9.689348225183,
    11.314993725773));
#740 = CARTESIAN_POINT('',(-58.82216888029,-9.637072005987,
    11.34297174265));
#741 = CARTESIAN_POINT('',(-59.05479571807,-9.587275430658,
    11.365571400214));
#742 = CARTESIAN_POINT('',(-59.28904804157,-9.540211348748,
    11.382683054023));
#743 = CARTESIAN_POINT('',(-59.52478561274,-9.496151553141,
    11.394195120491));
#744 = CARTESIAN_POINT('',(-59.76183740082,-9.455383483751,11.4));
#745 = CARTESIAN_POINT('',(-60.,-9.418206931238,11.4));
#746 = PCURVE('',#160,#747);
#747 = DEFINITIONAL_REPRESENTATION('',(#748),#818);
#748 = B_SPLINE_CURVE_WITH_KNOTS('',3,(#749,#750,#751,#752,#753,#754,
    #755,#756,#757,#758,#759,#760,#761,#762,#763,#764,#765,#766,#767,
    #768,#769,#770,#771,#772,#773,#774,#775,#776,#777,#778,#779,#780,
    #781,#782,#783,#784,#785,#786,#787,#788,#789,#790,#791,#792,#793,
    #794,#795,#796,#797,#798,#799,#800,#801,#802,#803,#804,#805,#806,
    #807,#808,#809,#810,#811,#812,#813,#814,#815,#816,#817),
  .UNSPECIFIED.,.F.,.F.,(4,1,1,1,1,1,1,1,1,1,1,1,1,1,1,1,1,1,1,1,1,1,1,1
    ,1,1,1,1,1,1,1,1,1,1,1,1,1,1,1,1,1,1,1,1,1,1,1,1,1,1,1,1,1,1,1,1,1,1
    ,1,1,1,1,1,1,1,1,4),(0.,7.592335165888E-02,0.151846703318,
    0.227770054977,0.303693406636,0.379616758294,0.455540109953,
    0.531463461612,0.607386813271,0.68331016493,0.759233516589,
    0.835156868248,0.911080219907,0.987003571565,1.062926923224,
    1.138850274883,1.214773626542,1.290696978201,1.36662032986,
    1.442543681519,1.518467033178,1.594390384837,1.670313736495,
    1.746237088154,1.822160439813,1.898083791472,1.974007143131,
    2.04993049479,2.125853846449,2.201777198108,2.277700549766,
    2.353623901425,2.429547253084,2.505470604743,2.581393956402,
    2.657317308061,2.73324065972,2.809164011379,2.885087363038,
    2.961010714696,3.036934066355,3.112857418014,3.188780769673,
    3.264704121332,3.340627472991,3.41655082465,3.492474176309,
    3.568397527967,3.644320879626,3.720244231285,3.796167582944,
    3.872090934603,3.948014286262,4.023937637921,4.09986098958,
    4.175784341239,4.251707692897,4.327631044556,4.403554396215,
    4.479477747874,4.555401099533,4.631324451192,4.707247802851,
    4.78317115451,4.859094506168,4.935017857827,5.010941209486),
  .QUASI_UNIFORM_KNOTS.);
#749 = CARTESIAN_POINT('',(5.891019453262,34.395348398922));
#750 = CARTESIAN_POINT('',(5.900695856962,34.360448349089));
#751 = CARTESIAN_POINT('',(5.920099893578,34.291584329253));
#752 = CARTESIAN_POINT('',(5.949350635751,34.191005568855));
#753 = CARTESIAN_POINT('',(5.978737158516,34.093059282302));
#754 = CARTESIAN_POINT('',(6.008250227137,33.997639062912));
#755 = CARTESIAN_POINT('',(6.037880357727,33.904625325548));
#756 = CARTESIAN_POINT('',(6.067618328907,33.813882732498));
#757 = CARTESIAN_POINT('',(6.097454177298,33.725265147383));
#758 = CARTESIAN_POINT('',(6.127378362681,33.638612868395));
#759 = CARTESIAN_POINT('',(6.157381498139,33.553755338128));
#760 = CARTESIAN_POINT('',(6.187454385984,33.470512666911));
#761 = CARTESIAN_POINT('',(6.2175879778,33.388697461971));
#762 = CARTESIAN_POINT('',(6.247773353348,33.308116574397));
#763 = CARTESIAN_POINT('',(6.278001727178,33.228572804434));
#764 = CARTESIAN_POINT('',(6.30826435856,33.149866771891));
#765 = CARTESIAN_POINT('',(6.338553458987,33.071796790518));
#766 = CARTESIAN_POINT('',(6.368861147762,32.994163100105));
#767 = CARTESIAN_POINT('',(6.399179708701,32.916768918197));
#768 = CARTESIAN_POINT('',(6.429501826068,32.839421601286));
#769 = CARTESIAN_POINT('',(6.459820201072,32.761934974205));
#770 = CARTESIAN_POINT('',(6.490127895814,32.684130401254));
#771 = CARTESIAN_POINT('',(6.520418263911,32.605838089457));
#772 = CARTESIAN_POINT('',(6.550684909001,32.526898475339));
#773 = CARTESIAN_POINT('',(6.580921711677,32.447163354057));
#774 = CARTESIAN_POINT('',(6.611122579048,32.366497955556));
#775 = CARTESIAN_POINT('',(6.641283221352,32.284776729762));
#776 = CARTESIAN_POINT('',(6.67139746497,32.201894149402));
#777 = CARTESIAN_POINT('',(6.701460257556,32.117757499199));
#778 = CARTESIAN_POINT('',(6.731467199498,32.03228850705));
#779 = CARTESIAN_POINT('',(6.761414600329,31.945423533067));
#780 = CARTESIAN_POINT('',(6.791299400814,31.857113970672));
#781 = CARTESIAN_POINT('',(6.821119136364,31.767326433565));
#782 = CARTESIAN_POINT('',(6.850871896117,31.676042852163));
#783 = CARTESIAN_POINT('',(6.880556282918,31.583260484301));
#784 = CARTESIAN_POINT('',(6.910171397516,31.488991770464));
#785 = CARTESIAN_POINT('',(6.939716747559,31.39326438071));
#786 = CARTESIAN_POINT('',(6.96919245518,31.296120207428));
#787 = CARTESIAN_POINT('',(6.998598367169,31.197618013194));
#788 = CARTESIAN_POINT('',(7.02793731976,31.097822075101));
#789 = CARTESIAN_POINT('',(7.057213936867,30.996805130776));
#790 = CARTESIAN_POINT('',(7.086431940307,30.894657359928));
#791 = CARTESIAN_POINT('',(7.115596176861,30.791479121333));
#792 = CARTESIAN_POINT('',(7.144712064188,30.687382455857));
#793 = CARTESIAN_POINT('',(7.173785752292,30.582490254628));
#794 = CARTESIAN_POINT('',(7.202824066434,30.476936255939));
#795 = CARTESIAN_POINT('',(7.231834674067,30.37086431747));
#796 = CARTESIAN_POINT('',(7.260825641483,30.264430013885));
#797 = CARTESIAN_POINT('',(7.289807275732,30.157793912971));
#798 = CARTESIAN_POINT('',(7.31878550394,30.051146067639));
#799 = CARTESIAN_POINT('',(7.347768306929,29.94468278555));
#800 = CARTESIAN_POINT('',(7.376771303524,29.838586301212));
#801 = CARTESIAN_POINT('',(7.405807428668,29.733063614355));
#802 = CARTESIAN_POINT('',(7.434889814751,29.628336725625));
#803 = CARTESIAN_POINT('',(7.464031162422,29.524645810693));
#804 = CARTESIAN_POINT('',(7.493244050428,29.422248981834));
#805 = CARTESIAN_POINT('',(7.52254099515,29.321423041815));
#806 = CARTESIAN_POINT('',(7.551934581332,29.222464075918));
#807 = CARTESIAN_POINT('',(7.581437583136,29.125688208322));
#808 = CARTESIAN_POINT('',(7.611063095142,29.031432486439));
#809 = CARTESIAN_POINT('',(7.640824694846,28.940055826898));
#810 = CARTESIAN_POINT('',(7.670736551257,28.851940439114));
#811 = CARTESIAN_POINT('',(7.700813820896,28.767492243384));
#812 = CARTESIAN_POINT('',(7.731072073097,28.687145914035));
#813 = CARTESIAN_POINT('',(7.761508967495,28.611409360525));
#814 = CARTESIAN_POINT('',(7.792133189554,28.540785313833));
#815 = CARTESIAN_POINT('',(7.822947390236,28.475814726445));
#816 = CARTESIAN_POINT('',(7.84361594871,28.436654367732));
#817 = CARTESIAN_POINT('',(7.853981633974,28.418206931238));
#818 = ( GEOMETRIC_REPRESENTATION_CONTEXT(2) 
PARAMETRIC_REPRESENTATION_CONTEXT() REPRESENTATION_CONTEXT('2D SPACE',''
  ) );
#819 = PCURVE('',#820,#847);
#820 = ( BOUNDED_SURFACE() B_SPLINE_SURFACE(1,7,(
    (#821,#822,#823,#824,#825,#826,#827,#828,#829,#830,#831,#832,#833)
    ,(#834,#835,#836,#837,#838,#839,#840,#841,#842,#843,#844,#845,#846
)),.UNSPECIFIED.,.F.,.F.,.F.) B_SPLINE_SURFACE_WITH_KNOTS((2,2),(8,5,8),
(2.,3.),(0.,0.5,1.),.UNSPECIFIED.) GEOMETRIC_REPRESENTATION_ITEM() 
RATIONAL_B_SPLINE_SURFACE((
    (1.,1.,1.,1.,1.,1.,1.,1.,1.,1.,1.,1.,1.)
,(1.,1.,1.,1.,1.,1.,1.,1.,1.,1.,1.,1.,1.
))) REPRESENTATION_ITEM('') SURFACE() );
#821 = CARTESIAN_POINT('',(-60.,-8.,13.856406460551));
#822 = CARTESIAN_POINT('',(-51.42857142857,-11.10938787804,
    12.061217219826));
#823 = CARTESIAN_POINT('',(-42.85714285714,-13.74868827395,
    9.451956485558));
#824 = CARTESIAN_POINT('',(-34.28571428571,-15.66259979878,
    6.176441607069));
#825 = CARTESIAN_POINT('',(-25.71428571428,-16.6523271486,2.48231713815)
  );
#826 = CARTESIAN_POINT('',(-17.14285714285,-16.63275345618,
    -1.311274164054));
#827 = CARTESIAN_POINT('',(6.496604685213E-13,-14.67044993479,
    -8.469988218988));
#828 = CARTESIAN_POINT('',(17.142857142856,-9.451973465491,
    -13.74874994591));
#829 = CARTESIAN_POINT('',(25.714285714289,-6.176413872413,
    -15.6624969119));
#830 = CARTESIAN_POINT('',(34.285714285708,-2.482344562681,
    -16.65243011858));
#831 = CARTESIAN_POINT('',(42.857142857148,1.311290294985,
    -16.63269155673));
#832 = CARTESIAN_POINT('',(51.428571428569,4.89062657391,-15.65162073279
    ));
#833 = CARTESIAN_POINT('',(60.,8.,-13.85640646055));
#834 = CARTESIAN_POINT('',(-60.,-16.,1.959434878636E-15));
#835 = CARTESIAN_POINT('',(-51.42857142857,-16.00001445195,
    -3.590403512965));
#836 = CARTESIAN_POINT('',(-42.85714285714,-15.05997856893,
    -7.180735071176));
#837 = CARTESIAN_POINT('',(-34.28571428571,-13.1802552361,
    -10.47598851152));
#838 = CARTESIAN_POINT('',(-25.71428571428,-10.47591327619,
    -13.18017977374));
#839 = CARTESIAN_POINT('',(-17.14285714285,-7.180779990697,
    -15.06002410996));
#840 = CARTESIAN_POINT('',(6.496604685213E-13,-1.866166300136E-13,
    -16.93997643797));
#841 = CARTESIAN_POINT('',(17.142857142856,7.180779990697,
    -15.06002410996));
#842 = CARTESIAN_POINT('',(25.714285714289,10.475913276191,
    -13.18017977374));
#843 = CARTESIAN_POINT('',(34.285714285708,13.180255236104,
    -10.47598851152));
#844 = CARTESIAN_POINT('',(42.857142857148,15.059978568936,
    -7.180735071177));
#845 = CARTESIAN_POINT('',(51.428571428569,16.000014451951,
    -3.590403512965));
#846 = CARTESIAN_POINT('',(60.,16.,-3.918869757272E-15));
#847 = DEFINITIONAL_REPRESENTATION('',(#848),#918);
#848 = B_SPLINE_CURVE_WITH_KNOTS('',3,(#849,#850,#851,#852,#853,#854,
    #855,#856,#857,#858,#859,#860,#861,#862,#863,#864,#865,#866,#867,
    #868,#869,#870,#871,#872,#873,#874,#875,#876,#877,#878,#879,#880,
    #881,#882,#883,#884,#885,#886,#887,#888,#889,#890,#891,#892,#893,
    #894,#895,#896,#897,#898,#899,#900,#901,#902,#903,#904,#905,#906,
    #907,#908,#909,#910,#911,#912,#913,#914,#915,#916,#917),
  .UNSPECIFIED.,.F.,.F.,(4,1,1,1,1,1,1,1,1,1,1,1,1,1,1,1,1,1,1,1,1,1,1,1
    ,1,1,1,1,1,1,1,1,1,1,1,1,1,1,1,1,1,1,1,1,1,1,1,1,1,1,1,1,1,1,1,1,1,1
    ,1,1,1,1,1,1,1,1,4),(0.,7.592335165888E-02,0.151846703318,
    0.227770054977,0.303693406636,0.379616758294,0.455540109953,
    0.531463461612,0.607386813271,0.68331016493,0.759233516589,
    0.835156868248,0.911080219907,0.987003571565,1.062926923224,
    1.138850274883,1.214773626542,1.290696978201,1.36662032986,
    1.442543681519,1.518467033178,1.594390384837,1.670313736495,
    1.746237088154,1.822160439813,1.898083791472,1.974007143131,
    2.04993049479,2.125853846449,2.201777198108,2.277700549766,
    2.353623901425,2.429547253084,2.505470604743,2.581393956402,
    2.657317308061,2.73324065972,2.809164011379,2.885087363038,
    2.961010714696,3.036934066355,3.112857418014,3.188780769673,
    3.264704121332,3.340627472991,3.41655082465,3.492474176309,
    3.568397527967,3.644320879626,3.720244231285,3.796167582944,
    3.872090934603,3.948014286262,4.023937637921,4.09986098958,
    4.175784341239,4.251707692897,4.327631044556,4.403554396215,
    4.479477747874,4.555401099533,4.631324451192,4.707247802851,
    4.78317115451,4.859094506168,4.935017857827,5.010941209486),
  .QUASI_UNIFORM_KNOTS.);
#849 = CARTESIAN_POINT('',(3.,8.778792856651E-02));
#850 = CARTESIAN_POINT('',(2.992332762534,8.813927128932E-02));
#851 = CARTESIAN_POINT('',(2.976969402682,8.88191168579E-02));
#852 = CARTESIAN_POINT('',(2.95386007146,8.976817727859E-02));
#853 = CARTESIAN_POINT('',(2.93070855823,9.064429220758E-02));
#854 = CARTESIAN_POINT('',(2.907537861022,9.14453964898E-02));
#855 = CARTESIAN_POINT('',(2.884371513956,9.216955078912E-02));
#856 = CARTESIAN_POINT('',(2.861233191797,9.281497682049E-02));
#857 = CARTESIAN_POINT('',(2.838147412496,9.338003803202E-02));
#858 = CARTESIAN_POINT('',(2.815138555795,9.386327578477E-02));
#859 = CARTESIAN_POINT('',(2.792231012113,9.426340317625E-02));
#860 = CARTESIAN_POINT('',(2.76944908672,9.457930816534E-02));
#861 = CARTESIAN_POINT('',(2.746816961487,9.481005426651E-02));
#862 = CARTESIAN_POINT('',(2.724358638641,9.495488204787E-02));
#863 = CARTESIAN_POINT('',(2.702097864031,9.501321001649E-02));
#864 = CARTESIAN_POINT('',(2.680058112932,9.498463714703E-02));
#865 = CARTESIAN_POINT('',(2.658261884721,9.486893465171E-02));
#866 = CARTESIAN_POINT('',(2.636731399018,9.466604458021E-02));
#867 = CARTESIAN_POINT('',(2.615488344376,9.437607834742E-02));
#868 = CARTESIAN_POINT('',(2.59455366035,9.399931052995E-02));
#869 = CARTESIAN_POINT('',(2.573947748247,9.353617930936E-02));
#870 = CARTESIAN_POINT('',(2.553690190999,9.298727806561E-02));
#871 = CARTESIAN_POINT('',(2.533799758855,9.235335021133E-02));
#872 = CARTESIAN_POINT('',(2.514294399728,9.163528445546E-02));
#873 = CARTESIAN_POINT('',(2.495191195397,9.083410728515E-02));
#874 = CARTESIAN_POINT('',(2.476506485863,8.99509859922E-02));
#875 = CARTESIAN_POINT('',(2.45825478062,8.898716313845E-02));
#876 = CARTESIAN_POINT('',(2.440451004438,8.79440624718E-02));
#877 = CARTESIAN_POINT('',(2.423108614512,8.6823197159E-02));
#878 = CARTESIAN_POINT('',(2.406239933054,8.562616737471E-02));
#879 = CARTESIAN_POINT('',(2.38985614503,8.435464652677E-02));
#880 = CARTESIAN_POINT('',(2.373967385791,8.301037156277E-02));
#881 = CARTESIAN_POINT('',(2.358582804818,8.159513318926E-02));
#882 = CARTESIAN_POINT('',(2.343710635137,8.011076694837E-02));
#883 = CARTESIAN_POINT('',(2.329358262997,7.855914525367E-02));
#884 = CARTESIAN_POINT('',(2.315532288882,7.694216874481E-02));
#885 = CARTESIAN_POINT('',(2.302238619891,7.526176313344E-02));
#886 = CARTESIAN_POINT('',(2.289482441192,7.35198582077E-02));
#887 = CARTESIAN_POINT('',(2.277268634623,7.171843587573E-02));
#888 = CARTESIAN_POINT('',(2.265600506558,6.985932017838E-02));
#889 = CARTESIAN_POINT('',(2.254480546154,6.794422137909E-02));
#890 = CARTESIAN_POINT('',(2.243911557147,6.597490313198E-02));
#891 = CARTESIAN_POINT('',(2.233895917552,6.395305025372E-02));
#892 = CARTESIAN_POINT('',(2.22443589778,6.188029727246E-02));
#893 = CARTESIAN_POINT('',(2.215533693763,5.975821278236E-02));
#894 = CARTESIAN_POINT('',(2.207191546201,5.758829865196E-02));
#895 = CARTESIAN_POINT('',(2.199411804497,5.537197283742E-02));
#896 = CARTESIAN_POINT('',(2.192197129678,5.311060170826E-02));
#897 = CARTESIAN_POINT('',(2.185550200339,5.080534945223E-02));
#898 = CARTESIAN_POINT('',(2.179475270969,4.845770832701E-02));
#899 = CARTESIAN_POINT('',(2.173976560662,4.606900364273E-02));
#900 = CARTESIAN_POINT('',(2.169057678287,4.363990504044E-02));
#901 = CARTESIAN_POINT('',(2.164723881281,4.117126723497E-02));
#902 = CARTESIAN_POINT('',(2.160981456173,3.866390865702E-02));
#903 = CARTESIAN_POINT('',(2.157837876036,3.611867139177E-02));
#904 = CARTESIAN_POINT('',(2.155301764272,3.353640482608E-02));
#905 = CARTESIAN_POINT('',(2.15338292681,3.091796867688E-02));
#906 = CARTESIAN_POINT('',(2.152092384621,2.826422967042E-02));
#907 = CARTESIAN_POINT('',(2.151442426661,2.557605848146E-02));
#908 = CARTESIAN_POINT('',(2.151446680899,2.285432556695E-02));
#909 = CARTESIAN_POINT('',(2.15212020288,2.009989406703E-02));
#910 = CARTESIAN_POINT('',(2.153479596743,1.731361774169E-02));
#911 = CARTESIAN_POINT('',(2.155543120064,1.449631316543E-02));
#912 = CARTESIAN_POINT('',(2.158330962751,1.16488205663E-02));
#913 = CARTESIAN_POINT('',(2.161862795885,8.773751819804E-03));
#914 = CARTESIAN_POINT('',(2.166160056205,5.872782630309E-03));
#915 = CARTESIAN_POINT('',(2.171244438063,2.948246205571E-03));
#916 = CARTESIAN_POINT('',(2.175173139194,9.847489176382E-04));
#917 = CARTESIAN_POINT('',(2.177275866405,0.));
#918 = ( GEOMETRIC_REPRESENTATION_CONTEXT(2) 
PARAMETRIC_REPRESENTATION_CONTEXT() REPRESENTATION_CONTEXT('2D SPACE',''
  ) );
#919 = ORIENTED_EDGE('',*,*,#920,.F.);
#920 = EDGE_CURVE('',#921,#691,#923,.T.);
#921 = VERTEX_POINT('',#922);
#922 = CARTESIAN_POINT('',(-60.,-9.418206931238,-11.4));
#923 = SURFACE_CURVE('',#924,(#975,#1029),.PCURVE_S1.);
#924 = B_SPLINE_CURVE_WITH_KNOTS('',7,(#925,#926,#927,#928,#929,#930,
    #931,#932,#933,#934,#935,#936,#937,#938,#939,#940,#941,#942,#943,
    #944,#945,#946,#947,#948,#949,#950,#951,#952,#953,#954,#955,#956,
    #957,#958,#959,#960,#961,#962,#963,#964,#965,#966,#967,#968,#969,
    #970,#971,#972,#973,#974),.UNSPECIFIED.,.F.,.F.,(8,6,6,6,6,6,6,6,8),
  (0.,8.279977533308E-02,0.126999066033,0.21933585487,0.332933042829,
    0.389526420465,0.49943401713,0.741860991391,1.),.UNSPECIFIED.);
#925 = CARTESIAN_POINT('',(-60.,-9.418206931238,-11.4));
#926 = CARTESIAN_POINT('',(-59.80281595491,-9.387427687683,-11.4));
#927 = CARTESIAN_POINT('',(-59.6048744221,-9.359111047191,
    -11.39602084335));
#928 = CARTESIAN_POINT('',(-59.40629528404,-9.333426820992,
    -11.38800769043));
#929 = CARTESIAN_POINT('',(-59.20722096187,-9.310551771027,
    -11.37591074604));
#930 = CARTESIAN_POINT('',(-59.00781708138,-9.290664799326,
    -11.35968999657));
#931 = CARTESIAN_POINT('',(-58.80827313911,-9.273942137381,
    -11.3393199471));
#932 = CARTESIAN_POINT('',(-58.5023242416,-9.253405041428,
    -11.30170237109));
#933 = CARTESIAN_POINT('',(-58.39586666166,-9.247207294996,
    -11.28742629943));
#934 = CARTESIAN_POINT('',(-58.28946341316,-9.241984894931,
    -11.27196529243));
#935 = CARTESIAN_POINT('',(-58.18314930245,-9.23776272996,
    -11.25532009957));
#936 = CARTESIAN_POINT('',(-58.07696094425,-9.234564656732,
    -11.2374932983));
#937 = CARTESIAN_POINT('',(-57.9709367482,-9.232413177734,
    -11.21848952145));
#938 = CARTESIAN_POINT('',(-57.64404855093,-9.22906441124,
    -11.15617049904));
#939 = CARTESIAN_POINT('',(-57.4238565622,-9.231458164045,
    -11.10891580996));
#940 = CARTESIAN_POINT('',(-57.20492889559,-9.238701367298,
    -11.05661751036));
#941 = CARTESIAN_POINT('',(-56.98765868807,-9.250950110811,
    -10.99938262934));
#942 = CARTESIAN_POINT('',(-56.77244231003,-9.268315785322,
    -10.93736207753));
#943 = CARTESIAN_POINT('',(-56.55967741791,-9.290855283305,
    -10.87075339249));
#944 = CARTESIAN_POINT('',(-56.09151167529,-9.352646359556,
    -10.71251747167));
#945 = CARTESIAN_POINT('',(-55.83752464125,-9.394557338759,
    -10.61864443466));
#946 = CARTESIAN_POINT('',(-55.58856380621,-9.444282721022,
    -10.51864711474));
#947 = CARTESIAN_POINT('',(-55.34523911671,-9.501678974769,
    -10.41305410556));
#948 = CARTESIAN_POINT('',(-55.10802781476,-9.566488330092,
    -10.30243025893));
#949 = CARTESIAN_POINT('',(-54.87729331061,-9.63835877678,
    -10.18735476093));
#950 = CARTESIAN_POINT('',(-54.54171050821,-9.755978061153,
    -10.00914781832));
#951 = CARTESIAN_POINT('',(-54.43178435438,-9.796740213414,
    -9.948923087221));
#952 = CARTESIAN_POINT('',(-54.32355042672,-9.83910274132,
    -9.887800840089));
#953 = CARTESIAN_POINT('',(-54.21702707322,-9.883013105373,
    -9.825846968316));
#954 = CARTESIAN_POINT('',(-54.11222479184,-9.928417061038,
    -9.763124657611));
#955 = CARTESIAN_POINT('',(-54.0091472429,-9.975259594233,
    -9.699693946842));
#956 = CARTESIAN_POINT('',(-53.71095505415,-10.11714403448,
    -9.511159072843));
#957 = CARTESIAN_POINT('',(-53.52062163974,-10.21601772317,
    -9.384252417001));
#958 = CARTESIAN_POINT('',(-53.33676225933,-10.31971014256,
    -9.255297598257));
#959 = CARTESIAN_POINT('',(-53.15927220626,-10.42782522259,
    -9.124653614085));
#960 = CARTESIAN_POINT('',(-52.9879954232,-10.53998533919,
    -8.992628526327));
#961 = CARTESIAN_POINT('',(-52.82274093409,-10.65584427955,
    -8.859478056258));
#962 = CARTESIAN_POINT('',(-52.31159034562,-11.03813182501,
    -8.429680019286));
#963 = CARTESIAN_POINT('',(-51.9883494446,-11.31751168883,
    -8.129652848268));
#964 = CARTESIAN_POINT('',(-51.69089288218,-11.61012790233,
    -7.827277255473));
#965 = CARTESIAN_POINT('',(-51.41682513454,-11.91337485815,
    -7.523863092205));
#966 = CARTESIAN_POINT('',(-51.16397577134,-12.22518935679,
    -7.220213679261));
#967 = CARTESIAN_POINT('',(-50.93037502867,-12.54407385155,
    -6.916696405558));
#968 = CARTESIAN_POINT('',(-50.48414003335,-13.2151957832,
    -6.290132608061));
#969 = CARTESIAN_POINT('',(-50.27399011344,-13.56803812147,
    -5.967298518402));
#970 = CARTESIAN_POINT('',(-50.08176560354,-13.92630512995,
    -5.644848725958));
#971 = CARTESIAN_POINT('',(-49.90593241489,-14.28893264413,
    -5.322767495129));
#972 = CARTESIAN_POINT('',(-49.74524199566,-14.65506284032,
    -5.000933971336));
#973 = CARTESIAN_POINT('',(-49.59868417864,-15.0240309519,
    -4.679119392144));
#974 = CARTESIAN_POINT('',(-49.46544857201,-15.39534839892,
    -4.356974433162));
#975 = PCURVE('',#160,#976);
#976 = DEFINITIONAL_REPRESENTATION('',(#977),#1028);
#977 = B_SPLINE_CURVE_WITH_KNOTS('',7,(#978,#979,#980,#981,#982,#983,
    #984,#985,#986,#987,#988,#989,#990,#991,#992,#993,#994,#995,#996,
    #997,#998,#999,#1000,#1001,#1002,#1003,#1004,#1005,#1006,#1007,#1008
    ,#1009,#1010,#1011,#1012,#1013,#1014,#1015,#1016,#1017,#1018,#1019,
    #1020,#1021,#1022,#1023,#1024,#1025,#1026,#1027),.UNSPECIFIED.,.F.,
  .F.,(8,6,6,6,6,6,6,6,8),(0.,8.279977533308E-02,0.126999066033,
    0.21933585487,0.332933042829,0.389526420465,0.49943401713,
    0.741860991391,1.),.UNSPECIFIED.);
#978 = CARTESIAN_POINT('',(4.712388980385,28.418206931238));
#979 = CARTESIAN_POINT('',(4.729685826445,28.387427687683));
#980 = CARTESIAN_POINT('',(4.74704912487,28.359111047191));
#981 = CARTESIAN_POINT('',(4.764476789177,28.333426820992));
#982 = CARTESIAN_POINT('',(4.781965097255,28.310551771027));
#983 = CARTESIAN_POINT('',(4.799508529947,28.290664799326));
#984 = CARTESIAN_POINT('',(4.817099609619,28.27394213738));
#985 = CARTESIAN_POINT('',(4.844139331934,28.253405041428));
#986 = CARTESIAN_POINT('',(4.853560742143,28.247207294996));
#987 = CARTESIAN_POINT('',(4.86299146734,28.241984894931));
#988 = CARTESIAN_POINT('',(4.872429845132,28.23776272996));
#989 = CARTESIAN_POINT('',(4.881874043679,28.234564656732));
#990 = CARTESIAN_POINT('',(4.891322052606,28.232413177734));
#991 = CARTESIAN_POINT('',(4.920512888664,28.22906441124));
#992 = CARTESIAN_POINT('',(4.940262528223,28.231458164045));
#993 = CARTESIAN_POINT('',(4.959998631674,28.238701367298));
#994 = CARTESIAN_POINT('',(4.979698198147,28.250950110811));
#995 = CARTESIAN_POINT('',(4.999336887329,28.268315785322));
#996 = CARTESIAN_POINT('',(5.018888719967,28.290855283305));
#997 = CARTESIAN_POINT('',(5.062238188623,28.352646359556));
#998 = CARTESIAN_POINT('',(5.085981407941,28.394557338759));
#999 = CARTESIAN_POINT('',(5.109501303444,28.444282721022));
#1000 = CARTESIAN_POINT('',(5.132753222462,28.501678974769));
#1001 = CARTESIAN_POINT('',(5.155699902155,28.566488330093));
#1002 = CARTESIAN_POINT('',(5.178309955586,28.63835877678));
#1003 = CARTESIAN_POINT('',(5.211640233799,28.755978061153));
#1004 = CARTESIAN_POINT('',(5.22263426756,28.796740213414));
#1005 = CARTESIAN_POINT('',(5.233536349702,28.83910274132));
#1006 = CARTESIAN_POINT('',(5.244344407163,28.883013105373));
#1007 = CARTESIAN_POINT('',(5.255056920863,28.928417061038));
#1008 = CARTESIAN_POINT('',(5.265672866931,28.975259594233));
#1009 = CARTESIAN_POINT('',(5.296619755497,29.117144034485));
#1010 = CARTESIAN_POINT('',(5.316680699915,29.216017723171));
#1011 = CARTESIAN_POINT('',(5.336371583513,29.319710142565));
#1012 = CARTESIAN_POINT('',(5.355694993453,29.427825222594));
#1013 = CARTESIAN_POINT('',(5.374657636267,29.539985339191));
#1014 = CARTESIAN_POINT('',(5.393269505258,29.655844279555));
#1015 = CARTESIAN_POINT('',(5.451851371057,30.038131825017));
#1016 = CARTESIAN_POINT('',(5.490491156256,30.317511688834));
#1017 = CARTESIAN_POINT('',(5.527639107969,30.610127902333));
#1018 = CARTESIAN_POINT('',(5.563449968413,30.913374858157));
#1019 = CARTESIAN_POINT('',(5.598069472637,31.225189356798));
#1020 = CARTESIAN_POINT('',(5.631643251696,31.544073851558));
#1021 = CARTESIAN_POINT('',(5.69911917238,32.215195783209));
#1022 = CARTESIAN_POINT('',(5.732879769461,32.568038121471));
#1023 = CARTESIAN_POINT('',(5.765769531628,32.926305129954));
#1024 = CARTESIAN_POINT('',(5.797918144037,33.288932644135));
#1025 = CARTESIAN_POINT('',(5.829439913054,33.655062840329));
#1026 = CARTESIAN_POINT('',(5.860439607391,34.024030951904));
#1027 = CARTESIAN_POINT('',(5.891019453262,34.395348398922));
#1028 = ( GEOMETRIC_REPRESENTATION_CONTEXT(2) 
PARAMETRIC_REPRESENTATION_CONTEXT() REPRESENTATION_CONTEXT('2D SPACE',''
  ) );
#1029 = PCURVE('',#1030,#1057);
#1030 = ( BOUNDED_SURFACE() B_SPLINE_SURFACE(1,7,(
    (#1031,#1032,#1033,#1034,#1035,#1036,#1037,#1038,#1039,#1040,#1041
      ,#1042,#1043)
    ,(#1044,#1045,#1046,#1047,#1048,#1049,#1050,#1051,#1052,#1053,#1054
      ,#1055,#1056
)),.UNSPECIFIED.,.F.,.F.,.F.) B_SPLINE_SURFACE_WITH_KNOTS((2,2),(8,5,8),
(3.,4.),(0.,0.5,1.),.UNSPECIFIED.) GEOMETRIC_REPRESENTATION_ITEM() 
RATIONAL_B_SPLINE_SURFACE((
    (1.,1.,1.,1.,1.,1.,1.,1.,1.,1.,1.,1.,1.)
,(1.,1.,1.,1.,1.,1.,1.,1.,1.,1.,1.,1.,1.
))) REPRESENTATION_ITEM('') SURFACE() );
#1031 = CARTESIAN_POINT('',(-60.,-16.,1.959434878636E-15));
#1032 = CARTESIAN_POINT('',(-51.42857142857,-16.00001445195,
    -3.590403512965));
#1033 = CARTESIAN_POINT('',(-42.85714285714,-15.05997856893,
    -7.180735071176));
#1034 = CARTESIAN_POINT('',(-34.28571428571,-13.1802552361,
    -10.47598851152));
#1035 = CARTESIAN_POINT('',(-25.71428571428,-10.47591327619,
    -13.18017977374));
#1036 = CARTESIAN_POINT('',(-17.14285714285,-7.180779990697,
    -15.06002410996));
#1037 = CARTESIAN_POINT('',(6.496604685213E-13,-1.866166300136E-13,
    -16.93997643797));
#1038 = CARTESIAN_POINT('',(17.142857142856,7.180779990697,
    -15.06002410996));
#1039 = CARTESIAN_POINT('',(25.714285714289,10.475913276191,
    -13.18017977374));
#1040 = CARTESIAN_POINT('',(34.285714285708,13.180255236104,
    -10.47598851152));
#1041 = CARTESIAN_POINT('',(42.857142857148,15.059978568936,
    -7.180735071177));
#1042 = CARTESIAN_POINT('',(51.428571428569,16.000014451951,
    -3.590403512965));
#1043 = CARTESIAN_POINT('',(60.,16.,-3.918869757272E-15));
#1044 = CARTESIAN_POINT('',(-60.,-8.,-13.85640646055));
#1045 = CARTESIAN_POINT('',(-51.42857142857,-4.890626573911,
    -15.65162073279));
#1046 = CARTESIAN_POINT('',(-42.85714285714,-1.311290294983,
    -16.63269155673));
#1047 = CARTESIAN_POINT('',(-34.28571428571,2.482344562679,
    -16.65243011858));
#1048 = CARTESIAN_POINT('',(-25.71428571428,6.176413872415,
    -15.66249691189));
#1049 = CARTESIAN_POINT('',(-17.14285714285,9.45197346549,
    -13.74874994591));
#1050 = CARTESIAN_POINT('',(6.496604685213E-13,14.670449934797,
    -8.469988218988));
#1051 = CARTESIAN_POINT('',(17.142857142856,16.632753456187,
    -1.311274164053));
#1052 = CARTESIAN_POINT('',(25.714285714289,16.652327148608,
    2.482317138149));
#1053 = CARTESIAN_POINT('',(34.285714285708,15.662599798778,
    6.17644160707));
#1054 = CARTESIAN_POINT('',(42.857142857148,13.748688273956,
    9.451956485558));
#1055 = CARTESIAN_POINT('',(51.428571428569,11.109387878039,
    12.061217219826));
#1056 = CARTESIAN_POINT('',(60.,8.,13.856406460551));
#1057 = DEFINITIONAL_REPRESENTATION('',(#1058),#1109);
#1058 = B_SPLINE_CURVE_WITH_KNOTS('',7,(#1059,#1060,#1061,#1062,#1063,
    #1064,#1065,#1066,#1067,#1068,#1069,#1070,#1071,#1072,#1073,#1074,
    #1075,#1076,#1077,#1078,#1079,#1080,#1081,#1082,#1083,#1084,#1085,
    #1086,#1087,#1088,#1089,#1090,#1091,#1092,#1093,#1094,#1095,#1096,
    #1097,#1098,#1099,#1100,#1101,#1102,#1103,#1104,#1105,#1106,#1107,
    #1108),.UNSPECIFIED.,.F.,.F.,(8,6,6,6,6,6,6,6,8),(0.,
    8.279977533308E-02,0.126999066033,0.21933585487,0.332933042829,
    0.389526420465,0.49943401713,0.741860991391,1.),.UNSPECIFIED.);
#1059 = CARTESIAN_POINT('',(3.822724133595,0.));
#1060 = CARTESIAN_POINT('',(3.819215309727,1.643200375691E-03));
#1061 = CARTESIAN_POINT('',(3.81540701313,3.292713149152E-03));
#1062 = CARTESIAN_POINT('',(3.811293564877,4.94753929959E-03));
#1063 = CARTESIAN_POINT('',(3.806869689083,6.606491984366E-03));
#1064 = CARTESIAN_POINT('',(3.80213092192,8.268190988472E-03));
#1065 = CARTESIAN_POINT('',(3.797074020626,9.931057174005E-03));
#1066 = CARTESIAN_POINT('',(3.78882726771,1.248063131996E-02));
#1067 = CARTESIAN_POINT('',(3.785866059529,1.336777781948E-02));
#1068 = CARTESIAN_POINT('',(3.782813520403,1.425447155695E-02));
#1069 = CARTESIAN_POINT('',(3.779669556822,1.514042247953E-02));
#1070 = CARTESIAN_POINT('',(3.776434232014,1.602532546458E-02));
#1071 = CARTESIAN_POINT('',(3.773107788629,1.690886043159E-02));
#1072 = CARTESIAN_POINT('',(3.762551967921,1.963292874219E-02));
#1073 = CARTESIAN_POINT('',(3.755017028439,2.146786198159E-02));
#1074 = CARTESIAN_POINT('',(3.747090519817,2.329225920337E-02));
#1075 = CARTESIAN_POINT('',(3.738780262586,2.510284426601E-02));
#1076 = CARTESIAN_POINT('',(3.730097735807,2.689631408302E-02));
#1077 = CARTESIAN_POINT('',(3.721058581932,2.86693548507E-02));
#1078 = CARTESIAN_POINT('',(3.700148954237,3.257073603918E-02));
#1079 = CARTESIAN_POINT('',(3.688103599121,3.468729465623E-02));
#1080 = CARTESIAN_POINT('',(3.675585517111,3.676196828156E-02));
#1081 = CARTESIAN_POINT('',(3.66263748778,3.878967402741E-02));
#1082 = CARTESIAN_POINT('',(3.649305249896,4.076643487697E-02));
#1083 = CARTESIAN_POINT('',(3.635636321601,4.268922241156E-02));
#1084 = CARTESIAN_POINT('',(3.614725538959,4.548574576488E-02));
#1085 = CARTESIAN_POINT('',(3.607699973255,4.640179704679E-02));
#1086 = CARTESIAN_POINT('',(3.600607865679,4.730374644395E-02));
#1087 = CARTESIAN_POINT('',(3.593454591075,4.819144105645E-02));
#1088 = CARTESIAN_POINT('',(3.586245294667,4.906479340132E-02));
#1089 = CARTESIAN_POINT('',(3.578984860072,4.992377297576E-02));
#1090 = CARTESIAN_POINT('',(3.557487296234,5.240870788205E-02));
#1091 = CARTESIAN_POINT('',(3.543121659969,5.399481966882E-02));
#1092 = CARTESIAN_POINT('',(3.528613722995,5.552698117225E-02));
#1093 = CARTESIAN_POINT('',(3.513992481019,5.700606494782E-02));
#1094 = CARTESIAN_POINT('',(3.499282856619,5.843337147326E-02));
#1095 = CARTESIAN_POINT('',(3.484505479166,5.98104922159E-02));
#1096 = CARTESIAN_POINT('',(3.436967898755,6.407008045312E-02));
#1097 = CARTESIAN_POINT('',(3.404028459751,6.676375462826E-02));
#1098 = CARTESIAN_POINT('',(3.371005433807,6.92425593151E-02));
#1099 = CARTESIAN_POINT('',(3.33800683391,7.152645721217E-02));
#1100 = CARTESIAN_POINT('',(3.305103095117,7.363353523877E-02));
#1101 = CARTESIAN_POINT('',(3.272327484464,7.558020809436E-02));
#1102 = CARTESIAN_POINT('',(3.204906922494,7.929883305539E-02));
#1103 = CARTESIAN_POINT('',(3.17030033205,8.105008238793E-02));
#1104 = CARTESIAN_POINT('',(3.135868787529,8.265195330381E-02));
#1105 = CARTESIAN_POINT('',(3.101622531868,8.411722987584E-02));
#1106 = CARTESIAN_POINT('',(3.067565671032,8.545631670283E-02));
#1107 = CARTESIAN_POINT('',(3.033695192877,8.667763184461E-02));
#1108 = CARTESIAN_POINT('',(3.,8.778792856651E-02));
#1109 = ( GEOMETRIC_REPRESENTATION_CONTEXT(2) 
PARAMETRIC_REPRESENTATION_CONTEXT() REPRESENTATION_CONTEXT('2D SPACE',''
  ) );
#1110 = ORIENTED_EDGE('',*,*,#1111,.F.);
#1111 = EDGE_CURVE('',#1112,#921,#1114,.T.);
#1112 = VERTEX_POINT('',#1113);
#1113 = CARTESIAN_POINT('',(-60.,9.418206931238,-11.4));
#1114 = SURFACE_CURVE('',#1115,(#1119,#1125),.PCURVE_S1.);
#1115 = LINE('',#1116,#1117);
#1116 = CARTESIAN_POINT('',(-60.,19.,-11.4));
#1117 = VECTOR('',#1118,1.);
#1118 = DIRECTION('',(0.,-1.,2.22044604925E-16));
#1119 = PCURVE('',#160,#1120);
#1120 = DEFINITIONAL_REPRESENTATION('',(#1121),#1124);
#1121 = B_SPLINE_CURVE_WITH_KNOTS('',1,(#1122,#1123),.UNSPECIFIED.,.F.,
  .F.,(2,2),(9.581793068762,28.418206931238),.PIECEWISE_BEZIER_KNOTS.);
#1122 = CARTESIAN_POINT('',(4.712388980385,9.581793068762));
#1123 = CARTESIAN_POINT('',(4.712388980385,28.418206931238));
#1124 = ( GEOMETRIC_REPRESENTATION_CONTEXT(2) 
PARAMETRIC_REPRESENTATION_CONTEXT() REPRESENTATION_CONTEXT('2D SPACE',''
  ) );
#1125 = PCURVE('',#1126,#1131);
#1126 = PLANE('',#1127);
#1127 = AXIS2_PLACEMENT_3D('',#1128,#1129,#1130);
#1128 = CARTESIAN_POINT('',(-60.,16.,0.));
#1129 = DIRECTION('',(-1.,0.,0.));
#1130 = DIRECTION('',(0.,-1.,6.123233995737E-17));
#1131 = DEFINITIONAL_REPRESENTATION('',(#1132),#1135);
#1132 = B_SPLINE_CURVE_WITH_KNOTS('',1,(#1133,#1134),.UNSPECIFIED.,.F.,
  .F.,(2,2),(-5.999999999062E-07,38.0000006),.PIECEWISE_BEZIER_KNOTS.);
#1133 = CARTESIAN_POINT('',(-3.0000006,-11.4));
#1134 = CARTESIAN_POINT('',(35.0000006,-11.4));
#1135 = ( GEOMETRIC_REPRESENTATION_CONTEXT(2) 
PARAMETRIC_REPRESENTATION_CONTEXT() REPRESENTATION_CONTEXT('2D SPACE',''
  ) );
#1136 = ORIENTED_EDGE('',*,*,#1137,.F.);
#1137 = EDGE_CURVE('',#24,#1112,#1138,.T.);
#1138 = SURFACE_CURVE('',#1139,(#1189,#1262),.PCURVE_S1.);
#1139 = B_SPLINE_CURVE_WITH_KNOTS('',7,(#1140,#1141,#1142,#1143,#1144,
    #1145,#1146,#1147,#1148,#1149,#1150,#1151,#1152,#1153,#1154,#1155,
    #1156,#1157,#1158,#1159,#1160,#1161,#1162,#1163,#1164,#1165,#1166,
    #1167,#1168,#1169,#1170,#1171,#1172,#1173,#1174,#1175,#1176,#1177,
    #1178,#1179,#1180,#1181,#1182,#1183,#1184,#1185,#1186,#1187,#1188),
  .UNSPECIFIED.,.F.,.F.,(8,6,5,6,6,6,6,6,8),(0.,0.332705051646,1.,
    1.263024066455,1.786721159794,2.803569449111,3.573553205801,
    4.653886010292,5.010941209484),.UNSPECIFIED.);
#1140 = CARTESIAN_POINT('',(-49.46544857201,15.395348398922,
    4.356974433162));
#1141 = CARTESIAN_POINT('',(-49.38627011775,15.329806900175,
    4.165532066151));
#1142 = CARTESIAN_POINT('',(-49.31084479093,15.265542251215,
    3.971671698843));
#1143 = CARTESIAN_POINT('',(-49.23928687053,15.202528626238,
    3.775509904247));
#1144 = CARTESIAN_POINT('',(-49.17170484938,15.14073255218,
    3.577170769305));
#1145 = CARTESIAN_POINT('',(-49.10820074565,15.080113500352,
    3.37678576179));
#1146 = CARTESIAN_POINT('',(-49.0488694143,15.02062447807,3.174493597205
    ));
#1147 = CARTESIAN_POINT('',(-48.88334275491,14.8450579891,2.561177116077
    ));
#1148 = CARTESIAN_POINT('',(-48.79001978903,14.732232457597,
    2.144815851045));
#1149 = CARTESIAN_POINT('',(-48.7145361539,14.623315099778,
    1.722543185965));
#1150 = CARTESIAN_POINT('',(-48.65745405454,14.517773420762,
    1.295611559764));
#1151 = CARTESIAN_POINT('',(-48.61918765077,14.415000313527,
    0.865321319821));
#1152 = CARTESIAN_POINT('',(-48.59243688893,14.274679135003,
    0.262600976401));
#1153 = CARTESIAN_POINT('',(-48.60298111788,14.137229985078,
    -0.341457334109));
#1154 = CARTESIAN_POINT('',(-48.60895016739,14.098559150977,
    -0.512267347634));
#1155 = CARTESIAN_POINT('',(-48.61791037116,14.060038091465,
    -0.683023582713));
#1156 = CARTESIAN_POINT('',(-48.62986143735,14.021627289561,
    -0.85364546444));
#1157 = CARTESIAN_POINT('',(-48.64479963621,13.983287854206,
    -1.024052949023));
#1158 = CARTESIAN_POINT('',(-48.6983941954,13.86871230456,
    -1.532873575894));
#1159 = CARTESIAN_POINT('',(-48.74588462615,13.792575051563,
    -1.870418099724));
#1160 = CARTESIAN_POINT('',(-48.80513304346,13.716270769702,
    -2.206170709061));
#1161 = CARTESIAN_POINT('',(-48.8760307546,13.639515509373,
    -2.539518515452));
#1162 = CARTESIAN_POINT('',(-48.95842041915,13.562048954742,
    -2.869868260706));
#1163 = CARTESIAN_POINT('',(-49.0520999686,13.483642664115,
    -3.196649294909));
#1164 = CARTESIAN_POINT('',(-49.36017121116,13.249678635907,
    -4.145830726554));
#1165 = CARTESIAN_POINT('',(-49.60518830879,13.090976920469,
    -4.756910297146));
#1166 = CARTESIAN_POINT('',(-49.89007800049,12.92664684395,
    -5.348437147777));
#1167 = CARTESIAN_POINT('',(-50.21250565697,12.755808302816,
    -5.916971195808));
#1168 = CARTESIAN_POINT('',(-50.56988662315,12.578217017899,
    -6.459689710777));
#1169 = CARTESIAN_POINT('',(-50.95953680239,12.394221606569,
    -6.974281187854));
#1170 = CARTESIAN_POINT('',(-51.6962356378,12.061197766149,
    -7.825785340359));
#1171 = CARTESIAN_POINT('',(-52.03070720811,11.914504142168,
    -8.175557123403));
#1172 = CARTESIAN_POINT('',(-52.38111040907,11.764971128711,
    -8.507426196237));
#1173 = CARTESIAN_POINT('',(-52.74642645991,11.613103210211,
    -8.820800200729));
#1174 = CARTESIAN_POINT('',(-53.12572454768,11.459542702461,
    -9.115191214726));
#1175 = CARTESIAN_POINT('',(-53.51819303193,11.305059499384,
    -9.390169935656));
#1176 = CARTESIAN_POINT('',(-54.49139089383,10.933764043033,
    -10.00331204449));
#1177 = CARTESIAN_POINT('',(-55.08385490334,10.717073728555,
    -10.32202697903));
#1178 = CARTESIAN_POINT('',(-55.69925613303,10.5027473252,
    -10.60075755456));
#1179 = CARTESIAN_POINT('',(-56.33624485375,10.293830755626,
    -10.83812454801));
#1180 = CARTESIAN_POINT('',(-56.99337697935,10.094247004674,
    -11.03230019937));
#1181 = CARTESIAN_POINT('',(-57.66911564578,9.908849145258,
    -11.18112155534));
#1182 = CARTESIAN_POINT('',(-58.59127855586,9.689348225183,
    -11.31499372577));
#1183 = CARTESIAN_POINT('',(-58.82216888029,9.637072005987,
    -11.34297174265));
#1184 = CARTESIAN_POINT('',(-59.05479571807,9.587275430658,
    -11.36557140021));
#1185 = CARTESIAN_POINT('',(-59.28904804157,9.540211348748,
    -11.38268305402));
#1186 = CARTESIAN_POINT('',(-59.52478561274,9.496151553141,
    -11.39419512049));
#1187 = CARTESIAN_POINT('',(-59.76183740082,9.455383483751,-11.4));
#1188 = CARTESIAN_POINT('',(-60.,9.418206931238,-11.4));
#1189 = PCURVE('',#160,#1190);
#1190 = DEFINITIONAL_REPRESENTATION('',(#1191),#1261);
#1191 = B_SPLINE_CURVE_WITH_KNOTS('',3,(#1192,#1193,#1194,#1195,#1196,
    #1197,#1198,#1199,#1200,#1201,#1202,#1203,#1204,#1205,#1206,#1207,
    #1208,#1209,#1210,#1211,#1212,#1213,#1214,#1215,#1216,#1217,#1218,
    #1219,#1220,#1221,#1222,#1223,#1224,#1225,#1226,#1227,#1228,#1229,
    #1230,#1231,#1232,#1233,#1234,#1235,#1236,#1237,#1238,#1239,#1240,
    #1241,#1242,#1243,#1244,#1245,#1246,#1247,#1248,#1249,#1250,#1251,
    #1252,#1253,#1254,#1255,#1256,#1257,#1258,#1259,#1260),
  .UNSPECIFIED.,.F.,.F.,(4,1,1,1,1,1,1,1,1,1,1,1,1,1,1,1,1,1,1,1,1,1,1,1
    ,1,1,1,1,1,1,1,1,1,1,1,1,1,1,1,1,1,1,1,1,1,1,1,1,1,1,1,1,1,1,1,1,1,1
    ,1,1,1,1,1,1,1,1,4),(0.,7.592335165886E-02,0.151846703318,
    0.227770054977,0.303693406635,0.379616758294,0.455540109953,
    0.531463461612,0.607386813271,0.68331016493,0.759233516589,
    0.835156868247,0.911080219906,0.987003571565,1.062926923224,
    1.138850274883,1.214773626542,1.290696978201,1.366620329859,
    1.442543681518,1.518467033177,1.594390384836,1.670313736495,
    1.746237088154,1.822160439813,1.898083791471,1.97400714313,
    2.049930494789,2.125853846448,2.201777198107,2.277700549766,
    2.353623901425,2.429547253083,2.505470604742,2.581393956401,
    2.65731730806,2.733240659719,2.809164011378,2.885087363037,
    2.961010714695,3.036934066354,3.112857418013,3.188780769672,
    3.264704121331,3.34062747299,3.416550824648,3.492474176307,
    3.568397527966,3.644320879625,3.720244231284,3.796167582943,
    3.872090934602,3.94801428626,4.023937637919,4.099860989578,
    4.175784341237,4.251707692896,4.327631044555,4.403554396214,
    4.479477747872,4.555401099531,4.63132445119,4.707247802849,
    4.783171154508,4.859094506167,4.935017857826,5.010941209484),
  .QUASI_UNIFORM_KNOTS.);
#1192 = CARTESIAN_POINT('',(6.675351161097,3.604651601078));
#1193 = CARTESIAN_POINT('',(6.665674757397,3.639551650911));
#1194 = CARTESIAN_POINT('',(6.646270720781,3.708415670747));
#1195 = CARTESIAN_POINT('',(6.617019978608,3.808994431145));
#1196 = CARTESIAN_POINT('',(6.587633455843,3.906940717698));
#1197 = CARTESIAN_POINT('',(6.558120387222,4.002360937087));
#1198 = CARTESIAN_POINT('',(6.528490256632,4.095374674452));
#1199 = CARTESIAN_POINT('',(6.498752285452,4.186117267501));
#1200 = CARTESIAN_POINT('',(6.468916437061,4.274734852616));
#1201 = CARTESIAN_POINT('',(6.438992251679,4.361387131605));
#1202 = CARTESIAN_POINT('',(6.40898911622,4.446244661872));
#1203 = CARTESIAN_POINT('',(6.378916228375,4.529487333088));
#1204 = CARTESIAN_POINT('',(6.348782636559,4.611302538029));
#1205 = CARTESIAN_POINT('',(6.318597261012,4.691883425602));
#1206 = CARTESIAN_POINT('',(6.288368887181,4.771427195566));
#1207 = CARTESIAN_POINT('',(6.258106255799,4.850133228108));
#1208 = CARTESIAN_POINT('',(6.227817155372,4.928203209482));
#1209 = CARTESIAN_POINT('',(6.197509466598,5.005836899895));
#1210 = CARTESIAN_POINT('',(6.167190905658,5.083231081803));
#1211 = CARTESIAN_POINT('',(6.136868788292,5.160578398714));
#1212 = CARTESIAN_POINT('',(6.106550413287,5.238065025794));
#1213 = CARTESIAN_POINT('',(6.076242718545,5.315869598746));
#1214 = CARTESIAN_POINT('',(6.045952350448,5.394161910542));
#1215 = CARTESIAN_POINT('',(6.015685705358,5.47310152466));
#1216 = CARTESIAN_POINT('',(5.985448902682,5.552836645943));
#1217 = CARTESIAN_POINT('',(5.955248035312,5.633502044443));
#1218 = CARTESIAN_POINT('',(5.925087393007,5.715223270237));
#1219 = CARTESIAN_POINT('',(5.894973149389,5.798105850597));
#1220 = CARTESIAN_POINT('',(5.864910356804,5.8822425008));
#1221 = CARTESIAN_POINT('',(5.834903414862,5.967711492949));
#1222 = CARTESIAN_POINT('',(5.80495601403,6.054576466932));
#1223 = CARTESIAN_POINT('',(5.775071213546,6.142886029327));
#1224 = CARTESIAN_POINT('',(5.745251477996,6.232673566434));
#1225 = CARTESIAN_POINT('',(5.715498718242,6.323957147836));
#1226 = CARTESIAN_POINT('',(5.685814331441,6.416739515699));
#1227 = CARTESIAN_POINT('',(5.656199216843,6.511008229536));
#1228 = CARTESIAN_POINT('',(5.6266538668,6.606735619289));
#1229 = CARTESIAN_POINT('',(5.597178159179,6.703879792571));
#1230 = CARTESIAN_POINT('',(5.56777224719,6.802381986806));
#1231 = CARTESIAN_POINT('',(5.538433294599,6.902177924899));
#1232 = CARTESIAN_POINT('',(5.509156677492,7.003194869224));
#1233 = CARTESIAN_POINT('',(5.479938674053,7.105342640072));
#1234 = CARTESIAN_POINT('',(5.450774437498,7.208520878667));
#1235 = CARTESIAN_POINT('',(5.421658550171,7.312617544143));
#1236 = CARTESIAN_POINT('',(5.392584862068,7.417509745372));
#1237 = CARTESIAN_POINT('',(5.363546547925,7.523063744061));
#1238 = CARTESIAN_POINT('',(5.334535940292,7.629135682531));
#1239 = CARTESIAN_POINT('',(5.305544972877,7.735569986116));
#1240 = CARTESIAN_POINT('',(5.276563338627,7.84220608703));
#1241 = CARTESIAN_POINT('',(5.247585110419,7.948853932362));
#1242 = CARTESIAN_POINT('',(5.21860230743,8.055317214451));
#1243 = CARTESIAN_POINT('',(5.189599310835,8.161413698789));
#1244 = CARTESIAN_POINT('',(5.160563185691,8.266936385645));
#1245 = CARTESIAN_POINT('',(5.131480799608,8.371663274376));
#1246 = CARTESIAN_POINT('',(5.102339451937,8.475354189307));
#1247 = CARTESIAN_POINT('',(5.073126563931,8.577751018166));
#1248 = CARTESIAN_POINT('',(5.043829619209,8.678576958186));
#1249 = CARTESIAN_POINT('',(5.014436033027,8.777535924083));
#1250 = CARTESIAN_POINT('',(4.984933031223,8.874311791678));
#1251 = CARTESIAN_POINT('',(4.955307519217,8.968567513562));
#1252 = CARTESIAN_POINT('',(4.925545919513,9.059944173102));
#1253 = CARTESIAN_POINT('',(4.895634063103,9.148059560887));
#1254 = CARTESIAN_POINT('',(4.865556793463,9.232507756617));
#1255 = CARTESIAN_POINT('',(4.835298541262,9.312854085965));
#1256 = CARTESIAN_POINT('',(4.804861646865,9.388590639475));
#1257 = CARTESIAN_POINT('',(4.774237424805,9.459214686167));
#1258 = CARTESIAN_POINT('',(4.743423224124,9.524185273555));
#1259 = CARTESIAN_POINT('',(4.72275466565,9.563345632268));
#1260 = CARTESIAN_POINT('',(4.712388980385,9.581793068762));
#1261 = ( GEOMETRIC_REPRESENTATION_CONTEXT(2) 
PARAMETRIC_REPRESENTATION_CONTEXT() REPRESENTATION_CONTEXT('2D SPACE',''
  ) );
#1262 = PCURVE('',#653,#1263);
#1263 = DEFINITIONAL_REPRESENTATION('',(#1264),#1334);
#1264 = B_SPLINE_CURVE_WITH_KNOTS('',3,(#1265,#1266,#1267,#1268,#1269,
    #1270,#1271,#1272,#1273,#1274,#1275,#1276,#1277,#1278,#1279,#1280,
    #1281,#1282,#1283,#1284,#1285,#1286,#1287,#1288,#1289,#1290,#1291,
    #1292,#1293,#1294,#1295,#1296,#1297,#1298,#1299,#1300,#1301,#1302,
    #1303,#1304,#1305,#1306,#1307,#1308,#1309,#1310,#1311,#1312,#1313,
    #1314,#1315,#1316,#1317,#1318,#1319,#1320,#1321,#1322,#1323,#1324,
    #1325,#1326,#1327,#1328,#1329,#1330,#1331,#1332,#1333),
  .UNSPECIFIED.,.F.,.F.,(4,1,1,1,1,1,1,1,1,1,1,1,1,1,1,1,1,1,1,1,1,1,1,1
    ,1,1,1,1,1,1,1,1,1,1,1,1,1,1,1,1,1,1,1,1,1,1,1,1,1,1,1,1,1,1,1,1,1,1
    ,1,1,1,1,1,1,1,1,4),(0.,7.592335165886E-02,0.151846703318,
    0.227770054977,0.303693406635,0.379616758294,0.455540109953,
    0.531463461612,0.607386813271,0.68331016493,0.759233516589,
    0.835156868247,0.911080219906,0.987003571565,1.062926923224,
    1.138850274883,1.214773626542,1.290696978201,1.366620329859,
    1.442543681518,1.518467033177,1.594390384836,1.670313736495,
    1.746237088154,1.822160439813,1.898083791471,1.97400714313,
    2.049930494789,2.125853846448,2.201777198107,2.277700549766,
    2.353623901425,2.429547253083,2.505470604742,2.581393956401,
    2.65731730806,2.733240659719,2.809164011378,2.885087363037,
    2.961010714695,3.036934066354,3.112857418013,3.188780769672,
    3.264704121331,3.34062747299,3.416550824648,3.492474176307,
    3.568397527966,3.644320879625,3.720244231284,3.796167582943,
    3.872090934602,3.94801428626,4.023937637919,4.099860989578,
    4.175784341237,4.251707692896,4.327631044555,4.403554396214,
    4.479477747872,4.555401099531,4.63132445119,4.707247802849,
    4.783171154508,4.859094506167,4.935017857826,5.010941209484),
  .QUASI_UNIFORM_KNOTS.);
#1265 = CARTESIAN_POINT('',(6.,8.778792856651E-02));
#1266 = CARTESIAN_POINT('',(5.992332762534,8.813927128932E-02));
#1267 = CARTESIAN_POINT('',(5.976969402682,8.88191168579E-02));
#1268 = CARTESIAN_POINT('',(5.95386007146,8.976817727858E-02));
#1269 = CARTESIAN_POINT('',(5.93070855823,9.064429220758E-02));
#1270 = CARTESIAN_POINT('',(5.907537861022,9.14453964898E-02));
#1271 = CARTESIAN_POINT('',(5.884371513956,9.216955078912E-02));
#1272 = CARTESIAN_POINT('',(5.861233191797,9.281497682049E-02));
#1273 = CARTESIAN_POINT('',(5.838147412496,9.338003803202E-02));
#1274 = CARTESIAN_POINT('',(5.815138555795,9.386327578477E-02));
#1275 = CARTESIAN_POINT('',(5.792231012113,9.426340317625E-02));
#1276 = CARTESIAN_POINT('',(5.76944908672,9.457930816534E-02));
#1277 = CARTESIAN_POINT('',(5.746816961488,9.48100542665E-02));
#1278 = CARTESIAN_POINT('',(5.724358638641,9.495488204787E-02));
#1279 = CARTESIAN_POINT('',(5.702097864031,9.501321001649E-02));
#1280 = CARTESIAN_POINT('',(5.680058112932,9.498463714703E-02));
#1281 = CARTESIAN_POINT('',(5.658261884721,9.486893465171E-02));
#1282 = CARTESIAN_POINT('',(5.636731399018,9.466604458021E-02));
#1283 = CARTESIAN_POINT('',(5.615488344376,9.437607834743E-02));
#1284 = CARTESIAN_POINT('',(5.594553660351,9.399931052995E-02));
#1285 = CARTESIAN_POINT('',(5.573947748247,9.353617930936E-02));
#1286 = CARTESIAN_POINT('',(5.553690190999,9.298727806562E-02));
#1287 = CARTESIAN_POINT('',(5.533799758855,9.235335021134E-02));
#1288 = CARTESIAN_POINT('',(5.514294399728,9.163528445547E-02));
#1289 = CARTESIAN_POINT('',(5.495191195398,9.083410728516E-02));
#1290 = CARTESIAN_POINT('',(5.476506485863,8.995098599221E-02));
#1291 = CARTESIAN_POINT('',(5.45825478062,8.898716313846E-02));
#1292 = CARTESIAN_POINT('',(5.440451004438,8.794406247181E-02));
#1293 = CARTESIAN_POINT('',(5.423108614512,8.682319715901E-02));
#1294 = CARTESIAN_POINT('',(5.406239933054,8.562616737472E-02));
#1295 = CARTESIAN_POINT('',(5.38985614503,8.435464652678E-02));
#1296 = CARTESIAN_POINT('',(5.373967385791,8.301037156278E-02));
#1297 = CARTESIAN_POINT('',(5.358582804819,8.159513318927E-02));
#1298 = CARTESIAN_POINT('',(5.343710635137,8.011076694838E-02));
#1299 = CARTESIAN_POINT('',(5.329358262997,7.855914525368E-02));
#1300 = CARTESIAN_POINT('',(5.315532288882,7.694216874482E-02));
#1301 = CARTESIAN_POINT('',(5.302238619892,7.526176313345E-02));
#1302 = CARTESIAN_POINT('',(5.289482441192,7.35198582077E-02));
#1303 = CARTESIAN_POINT('',(5.277268634623,7.171843587574E-02));
#1304 = CARTESIAN_POINT('',(5.265600506558,6.985932017839E-02));
#1305 = CARTESIAN_POINT('',(5.254480546154,6.794422137909E-02));
#1306 = CARTESIAN_POINT('',(5.243911557147,6.597490313199E-02));
#1307 = CARTESIAN_POINT('',(5.233895917552,6.395305025372E-02));
#1308 = CARTESIAN_POINT('',(5.22443589778,6.188029727246E-02));
#1309 = CARTESIAN_POINT('',(5.215533693763,5.975821278236E-02));
#1310 = CARTESIAN_POINT('',(5.207191546201,5.758829865196E-02));
#1311 = CARTESIAN_POINT('',(5.199411804497,5.537197283741E-02));
#1312 = CARTESIAN_POINT('',(5.192197129678,5.311060170825E-02));
#1313 = CARTESIAN_POINT('',(5.185550200339,5.080534945223E-02));
#1314 = CARTESIAN_POINT('',(5.179475270969,4.8457708327E-02));
#1315 = CARTESIAN_POINT('',(5.173976560662,4.606900364273E-02));
#1316 = CARTESIAN_POINT('',(5.169057678287,4.363990504043E-02));
#1317 = CARTESIAN_POINT('',(5.164723881281,4.117126723496E-02));
#1318 = CARTESIAN_POINT('',(5.160981456173,3.866390865701E-02));
#1319 = CARTESIAN_POINT('',(5.157837876035,3.611867139177E-02));
#1320 = CARTESIAN_POINT('',(5.155301764272,3.353640482607E-02));
#1321 = CARTESIAN_POINT('',(5.15338292681,3.091796867688E-02));
#1322 = CARTESIAN_POINT('',(5.152092384621,2.826422967042E-02));
#1323 = CARTESIAN_POINT('',(5.151442426661,2.557605848145E-02));
#1324 = CARTESIAN_POINT('',(5.151446680899,2.285432556695E-02));
#1325 = CARTESIAN_POINT('',(5.15212020288,2.009989406703E-02));
#1326 = CARTESIAN_POINT('',(5.153479596743,1.731361774168E-02));
#1327 = CARTESIAN_POINT('',(5.155543120064,1.449631316543E-02));
#1328 = CARTESIAN_POINT('',(5.158330962751,1.16488205663E-02));
#1329 = CARTESIAN_POINT('',(5.161862795885,8.773751819801E-03));
#1330 = CARTESIAN_POINT('',(5.166160056205,5.872782630307E-03));
#1331 = CARTESIAN_POINT('',(5.171244438063,2.94824620557E-03));
#1332 = CARTESIAN_POINT('',(5.175173139194,9.847489176378E-04));
#1333 = CARTESIAN_POINT('',(5.177275866405,0.));
#1334 = ( GEOMETRIC_REPRESENTATION_CONTEXT(2) 
PARAMETRIC_REPRESENTATION_CONTEXT() REPRESENTATION_CONTEXT('2D SPACE',''
  ) );
#1335 = ORIENTED_EDGE('',*,*,#21,.F.);
#1336 = ORIENTED_EDGE('',*,*,#1337,.T.);
#1337 = EDGE_CURVE('',#22,#693,#1338,.T.);
#1338 = SURFACE_CURVE('',#1339,(#1343,#1349),.PCURVE_S1.);
#1339 = LINE('',#1340,#1341);
#1340 = CARTESIAN_POINT('',(-60.,19.,11.4));
#1341 = VECTOR('',#1342,1.);
#1342 = DIRECTION('',(0.,-1.,2.22044604925E-16));
#1343 = PCURVE('',#160,#1344);
#1344 = DEFINITIONAL_REPRESENTATION('',(#1345),#1348);
#1345 = B_SPLINE_CURVE_WITH_KNOTS('',1,(#1346,#1347),.UNSPECIFIED.,.F.,
  .F.,(2,2),(9.581793068762,28.418206931238),.PIECEWISE_BEZIER_KNOTS.);
#1346 = CARTESIAN_POINT('',(7.853981633974,9.581793068762));
#1347 = CARTESIAN_POINT('',(7.853981633974,28.418206931238));
#1348 = ( GEOMETRIC_REPRESENTATION_CONTEXT(2) 
PARAMETRIC_REPRESENTATION_CONTEXT() REPRESENTATION_CONTEXT('2D SPACE',''
  ) );
#1349 = PCURVE('',#234,#1350);
#1350 = DEFINITIONAL_REPRESENTATION('',(#1351),#1354);
#1351 = B_SPLINE_CURVE_WITH_KNOTS('',1,(#1352,#1353),.UNSPECIFIED.,.F.,
  .F.,(2,2),(-5.999999999062E-07,38.0000006),.PIECEWISE_BEZIER_KNOTS.);
#1352 = CARTESIAN_POINT('',(-3.0000006,11.4));
#1353 = CARTESIAN_POINT('',(35.0000006,11.4));
#1354 = ( GEOMETRIC_REPRESENTATION_CONTEXT(2) 
PARAMETRIC_REPRESENTATION_CONTEXT() REPRESENTATION_CONTEXT('2D SPACE',''
  ) );
#1355 = ADVANCED_FACE('',(#1356),#653,.T.);
#1356 = FACE_BOUND('',#1357,.T.);
#1357 = EDGE_LOOP('',(#1358,#1420,#1439,#1440,#1441,#1581,#1607,#1640,
    #1674,#1708));
#1358 = ORIENTED_EDGE('',*,*,#1359,.F.);
#1359 = EDGE_CURVE('',#1360,#1362,#1364,.T.);
#1360 = VERTEX_POINT('',#1361);
#1361 = CARTESIAN_POINT('',(-60.,8.,-13.85640646055));
#1362 = VERTEX_POINT('',#1363);
#1363 = CARTESIAN_POINT('',(42.5,-1.046450031999,15.965742904198));
#1364 = SURFACE_CURVE('',#1365,(#1379,#1386),.PCURVE_S1.);
#1365 = ( BOUNDED_CURVE() B_SPLINE_CURVE(7,(#1366,#1367,#1368,#1369,
    #1370,#1371,#1372,#1373,#1374,#1375,#1376,#1377,#1378),
.UNSPECIFIED.,.F.,.F.) B_SPLINE_CURVE_WITH_KNOTS((8,5,8),(0.,0.5,1.),
.UNSPECIFIED.) CURVE() GEOMETRIC_REPRESENTATION_ITEM() 
RATIONAL_B_SPLINE_CURVE((1.,1.,1.,1.,1.,1.,1.,1.,1.,1.,1.,1.,1.)) 
REPRESENTATION_ITEM('') );
#1366 = CARTESIAN_POINT('',(-60.,8.,-13.85640646055));
#1367 = CARTESIAN_POINT('',(-51.42857142857,11.10938787804,
    -12.06121721982));
#1368 = CARTESIAN_POINT('',(-42.85714285714,13.748688273954,
    -9.451956485557));
#1369 = CARTESIAN_POINT('',(-34.28571428571,15.662599798781,
    -6.176441607071));
#1370 = CARTESIAN_POINT('',(-25.71428571428,16.652327148607,
    -2.482317138148));
#1371 = CARTESIAN_POINT('',(-17.14285714285,16.632753456187,
    1.311274164053));
#1372 = CARTESIAN_POINT('',(6.496604685213E-13,14.670449934797,
    8.469988218989));
#1373 = CARTESIAN_POINT('',(17.142857142856,9.45197346549,
    13.748749945913));
#1374 = CARTESIAN_POINT('',(25.714285714289,6.176413872415,
    15.662496911901));
#1375 = CARTESIAN_POINT('',(34.285714285708,2.482344562679,
    16.652430118584));
#1376 = CARTESIAN_POINT('',(42.857142857148,-1.311290294983,
    16.632691556739));
#1377 = CARTESIAN_POINT('',(51.428571428569,-4.890626573911,
    15.651620732789));
#1378 = CARTESIAN_POINT('',(60.,-8.,13.856406460551));
#1379 = PCURVE('',#653,#1380);
#1380 = DEFINITIONAL_REPRESENTATION('',(#1381),#1385);
#1381 = LINE('',#1382,#1383);
#1382 = CARTESIAN_POINT('',(5.,0.));
#1383 = VECTOR('',#1384,1.);
#1384 = DIRECTION('',(0.,1.));
#1385 = ( GEOMETRIC_REPRESENTATION_CONTEXT(2) 
PARAMETRIC_REPRESENTATION_CONTEXT() REPRESENTATION_CONTEXT('2D SPACE',''
  ) );
#1386 = PCURVE('',#1387,#1414);
#1387 = ( BOUNDED_SURFACE() B_SPLINE_SURFACE(1,7,(
    (#1388,#1389,#1390,#1391,#1392,#1393,#1394,#1395,#1396,#1397,#1398
      ,#1399,#1400)
    ,(#1401,#1402,#1403,#1404,#1405,#1406,#1407,#1408,#1409,#1410,#1411
      ,#1412,#1413
)),.UNSPECIFIED.,.F.,.F.,.F.) B_SPLINE_SURFACE_WITH_KNOTS((2,2),(8,5,8),
(4.,5.),(0.,0.5,1.),.UNSPECIFIED.) GEOMETRIC_REPRESENTATION_ITEM() 
RATIONAL_B_SPLINE_SURFACE((
    (1.,1.,1.,1.,1.,1.,1.,1.,1.,1.,1.,1.,1.)
,(1.,1.,1.,1.,1.,1.,1.,1.,1.,1.,1.,1.,1.
))) REPRESENTATION_ITEM('') SURFACE() );
#1388 = CARTESIAN_POINT('',(-60.,-8.,-13.85640646055));
#1389 = CARTESIAN_POINT('',(-51.42857142857,-4.890626573911,
    -15.65162073279));
#1390 = CARTESIAN_POINT('',(-42.85714285714,-1.311290294983,
    -16.63269155673));
#1391 = CARTESIAN_POINT('',(-34.28571428571,2.482344562679,
    -16.65243011858));
#1392 = CARTESIAN_POINT('',(-25.71428571428,6.176413872415,
    -15.66249691189));
#1393 = CARTESIAN_POINT('',(-17.14285714285,9.45197346549,
    -13.74874994591));
#1394 = CARTESIAN_POINT('',(6.496604685213E-13,14.670449934797,
    -8.469988218988));
#1395 = CARTESIAN_POINT('',(17.142857142856,16.632753456187,
    -1.311274164053));
#1396 = CARTESIAN_POINT('',(25.714285714289,16.652327148608,
    2.482317138149));
#1397 = CARTESIAN_POINT('',(34.285714285708,15.662599798778,
    6.17644160707));
#1398 = CARTESIAN_POINT('',(42.857142857148,13.748688273956,
    9.451956485558));
#1399 = CARTESIAN_POINT('',(51.428571428569,11.109387878039,
    12.061217219826));
#1400 = CARTESIAN_POINT('',(60.,8.,13.856406460551));
#1401 = CARTESIAN_POINT('',(-60.,8.,-13.85640646055));
#1402 = CARTESIAN_POINT('',(-51.42857142857,11.10938787804,
    -12.06121721982));
#1403 = CARTESIAN_POINT('',(-42.85714285714,13.748688273954,
    -9.451956485557));
#1404 = CARTESIAN_POINT('',(-34.28571428571,15.662599798781,
    -6.176441607071));
#1405 = CARTESIAN_POINT('',(-25.71428571428,16.652327148607,
    -2.482317138148));
#1406 = CARTESIAN_POINT('',(-17.14285714285,16.632753456187,
    1.311274164053));
#1407 = CARTESIAN_POINT('',(6.496604685213E-13,14.670449934797,
    8.469988218989));
#1408 = CARTESIAN_POINT('',(17.142857142856,9.45197346549,
    13.748749945913));
#1409 = CARTESIAN_POINT('',(25.714285714289,6.176413872415,
    15.662496911901));
#1410 = CARTESIAN_POINT('',(34.285714285708,2.482344562679,
    16.652430118584));
#1411 = CARTESIAN_POINT('',(42.857142857148,-1.311290294983,
    16.632691556739));
#1412 = CARTESIAN_POINT('',(51.428571428569,-4.890626573911,
    15.651620732789));
#1413 = CARTESIAN_POINT('',(60.,-8.,13.856406460551));
#1414 = DEFINITIONAL_REPRESENTATION('',(#1415),#1419);
#1415 = LINE('',#1416,#1417);
#1416 = CARTESIAN_POINT('',(5.,0.));
#1417 = VECTOR('',#1418,1.);
#1418 = DIRECTION('',(0.,1.));
#1419 = ( GEOMETRIC_REPRESENTATION_CONTEXT(2) 
PARAMETRIC_REPRESENTATION_CONTEXT() REPRESENTATION_CONTEXT('2D SPACE',''
  ) );
#1420 = ORIENTED_EDGE('',*,*,#1421,.T.);
#1421 = EDGE_CURVE('',#1360,#1112,#1422,.T.);
#1422 = SURFACE_CURVE('',#1423,(#1426,#1433),.PCURVE_S1.);
#1423 = B_SPLINE_CURVE_WITH_KNOTS('',1,(#1424,#1425),.UNSPECIFIED.,.F.,
  .F.,(2,2),(5.,6.),.PIECEWISE_BEZIER_KNOTS.);
#1424 = CARTESIAN_POINT('',(-60.,8.,-13.85640646055));
#1425 = CARTESIAN_POINT('',(-60.,16.,2.379866902934E-16));
#1426 = PCURVE('',#653,#1427);
#1427 = DEFINITIONAL_REPRESENTATION('',(#1428),#1432);
#1428 = LINE('',#1429,#1430);
#1429 = CARTESIAN_POINT('',(0.,0.));
#1430 = VECTOR('',#1431,1.);
#1431 = DIRECTION('',(1.,0.));
#1432 = ( GEOMETRIC_REPRESENTATION_CONTEXT(2) 
PARAMETRIC_REPRESENTATION_CONTEXT() REPRESENTATION_CONTEXT('2D SPACE',''
  ) );
#1433 = PCURVE('',#1126,#1434);
#1434 = DEFINITIONAL_REPRESENTATION('',(#1435),#1438);
#1435 = B_SPLINE_CURVE_WITH_KNOTS('',1,(#1436,#1437),.UNSPECIFIED.,.F.,
  .F.,(2,2),(5.,6.),.PIECEWISE_BEZIER_KNOTS.);
#1436 = CARTESIAN_POINT('',(8.,-13.85640646055));
#1437 = CARTESIAN_POINT('',(0.,2.379866902934E-16));
#1438 = ( GEOMETRIC_REPRESENTATION_CONTEXT(2) 
PARAMETRIC_REPRESENTATION_CONTEXT() REPRESENTATION_CONTEXT('2D SPACE',''
  ) );
#1439 = ORIENTED_EDGE('',*,*,#1137,.F.);
#1440 = ORIENTED_EDGE('',*,*,#629,.T.);
#1441 = ORIENTED_EDGE('',*,*,#1442,.T.);
#1442 = EDGE_CURVE('',#479,#1443,#1445,.T.);
#1443 = VERTEX_POINT('',#1444);
#1444 = CARTESIAN_POINT('',(60.,-9.418206931238,11.4));
#1445 = SURFACE_CURVE('',#1446,(#1489,#1535),.PCURVE_S1.);
#1446 = B_SPLINE_CURVE_WITH_KNOTS('',6,(#1447,#1448,#1449,#1450,#1451,
    #1452,#1453,#1454,#1455,#1456,#1457,#1458,#1459,#1460,#1461,#1462,
    #1463,#1464,#1465,#1466,#1467,#1468,#1469,#1470,#1471,#1472,#1473,
    #1474,#1475,#1476,#1477,#1478,#1479,#1480,#1481,#1482,#1483,#1484,
    #1485,#1486,#1487,#1488),.UNSPECIFIED.,.F.,.F.,(7,5,5,5,5,5,5,5,7),(
    0.,0.251054156024,0.495614039471,0.60861462536,0.666272864615,
    0.781098282578,0.87354348363,0.917816841954,1.),.UNSPECIFIED.);
#1447 = CARTESIAN_POINT('',(49.465448572019,-15.39534839892,
    4.356974433162));
#1448 = CARTESIAN_POINT('',(49.616623626271,-14.97403508322,
    4.722494453552));
#1449 = CARTESIAN_POINT('',(49.785443353879,-14.55582606832,
    5.087582957872));
#1450 = CARTESIAN_POINT('',(49.973204002072,-14.1415154835,
    5.452794686908));
#1451 = CARTESIAN_POINT('',(50.181646432314,-13.73226648084,
    5.818436695641));
#1452 = CARTESIAN_POINT('',(50.412967019778,-13.32963187684,
    6.184612691981));
#1453 = CARTESIAN_POINT('',(50.921120970874,-12.5519305521,
    6.908280919263));
#1454 = CARTESIAN_POINT('',(51.196448842386,-12.17668763198,
    7.265503549129));
#1455 = CARTESIAN_POINT('',(51.49945205699,-11.81156363973,
    7.623004308368));
#1456 = CARTESIAN_POINT('',(51.833736210867,-11.45950338126,
    7.979929887401));
#1457 = CARTESIAN_POINT('',(52.203390736041,-11.12477193752,8.334413662)
  );
#1458 = CARTESIAN_POINT('',(52.802641159114,-10.66871447457,
    8.844198511244));
#1459 = CARTESIAN_POINT('',(53.000544382208,-10.52950317105,
    9.004011961397));
#1460 = CARTESIAN_POINT('',(53.207386611342,-10.39578081866,
    9.162157553387));
#1461 = CARTESIAN_POINT('',(53.423523920216,-10.2682232968,
    9.318129885149));
#1462 = CARTESIAN_POINT('',(53.649215281618,-10.14757990552,
    9.471287128009));
#1463 = CARTESIAN_POINT('',(54.004598925783,-9.976958600768,
    9.697185540701));
#1464 = CARTESIAN_POINT('',(54.127170209405,-9.921310773094,
    9.77257283959));
#1465 = CARTESIAN_POINT('',(54.252249479953,-9.867762123758,
    9.846922547643));
#1466 = CARTESIAN_POINT('',(54.379827777471,-9.816414735616,
    9.92012196879));
#1467 = CARTESIAN_POINT('',(54.509877830599,-9.767367757611,
    9.992050957602));
#1468 = CARTESIAN_POINT('',(54.906166640073,-9.627803318251,
    10.20304812863));
#1469 = CARTESIAN_POINT('',(55.179640621295,-9.544365756419,
    10.338001814594));
#1470 = CARTESIAN_POINT('',(55.462296664062,-9.471170984499,
    10.466398129446));
#1471 = CARTESIAN_POINT('',(55.753423000289,-9.408814480017,
    10.587189842447));
#1472 = CARTESIAN_POINT('',(56.052010681273,-9.357635556225,
    10.699381267352));
#1473 = CARTESIAN_POINT('',(56.601957991956,-9.285460142208,
    10.88486648347));
#1474 = CARTESIAN_POINT('',(56.851225959293,-9.260519117236,
    10.961495270831));
#1475 = CARTESIAN_POINT('',(57.103780673652,-9.24283923309,
    11.031591847322));
#1476 = CARTESIAN_POINT('',(57.358923176433,-9.232280912755,
    11.094839888696));
#1477 = CARTESIAN_POINT('',(57.615960508709,-9.228588642375,
    11.151029211659));
#1478 = CARTESIAN_POINT('',(57.997893296443,-9.23278436443,
    11.22352069226));
#1479 = CARTESIAN_POINT('',(58.121857603577,-9.23564065786,
    11.245351332091));
#1480 = CARTESIAN_POINT('',(58.246034962036,-9.239957774964,
    11.265525838081));
#1481 = CARTESIAN_POINT('',(58.370359018725,-9.245695033058,
    11.284037586102));
#1482 = CARTESIAN_POINT('',(58.494767668356,-9.252808977208,
    11.300884494127));
#1483 = CARTESIAN_POINT('',(58.85018843713,-9.276931685207,
    11.344253258496));
#1484 = CARTESIAN_POINT('',(59.081264759753,-9.297197232027,
    11.366707201414));
#1485 = CARTESIAN_POINT('',(59.3120671155,-9.321761973842,
    11.383441729983));
#1486 = CARTESIAN_POINT('',(59.54228606832,-9.350320088734,
    11.394511860752));
#1487 = CARTESIAN_POINT('',(59.771665431194,-9.382565278272,11.4));
#1488 = CARTESIAN_POINT('',(60.,-9.418206931238,11.4));
#1489 = PCURVE('',#653,#1490);
#1490 = DEFINITIONAL_REPRESENTATION('',(#1491),#1534);
#1491 = B_SPLINE_CURVE_WITH_KNOTS('',6,(#1492,#1493,#1494,#1495,#1496,
    #1497,#1498,#1499,#1500,#1501,#1502,#1503,#1504,#1505,#1506,#1507,
    #1508,#1509,#1510,#1511,#1512,#1513,#1514,#1515,#1516,#1517,#1518,
    #1519,#1520,#1521,#1522,#1523,#1524,#1525,#1526,#1527,#1528,#1529,
    #1530,#1531,#1532,#1533),.UNSPECIFIED.,.F.,.F.,(7,5,5,5,5,5,5,5,7),(
    0.,0.251054156024,0.495614039471,0.60861462536,0.666272864615,
    0.781098282578,0.87354348363,0.917816841954,1.),.UNSPECIFIED.);
#1492 = CARTESIAN_POINT('',(6.,0.912212071433));
#1493 = CARTESIAN_POINT('',(5.961767933211,0.913471863552));
#1494 = CARTESIAN_POINT('',(5.923303113726,0.914878694616));
#1495 = CARTESIAN_POINT('',(5.884588558074,0.916443366684));
#1496 = CARTESIAN_POINT('',(5.845623327974,0.918180386936));
#1497 = CARTESIAN_POINT('',(5.806420719616,0.920108058498));
#1498 = CARTESIAN_POINT('',(5.728599940497,0.924342674757));
#1499 = CARTESIAN_POINT('',(5.69001963303,0.926637073687));
#1500 = CARTESIAN_POINT('',(5.651249003816,0.929162100475));
#1501 = CARTESIAN_POINT('',(5.61236556953,0.931947801757));
#1502 = CARTESIAN_POINT('',(5.573532033762,0.935028256134));
#1503 = CARTESIAN_POINT('',(5.517198473253,0.940022009659));
#1504 = CARTESIAN_POINT('',(5.49946607023,0.941671203185));
#1505 = CARTESIAN_POINT('',(5.481834034203,0.943394888428));
#1506 = CARTESIAN_POINT('',(5.464343307708,0.945196032668));
#1507 = CARTESIAN_POINT('',(5.447045761982,0.947076794013));
#1508 = CARTESIAN_POINT('',(5.421307005445,0.950038324382));
#1509 = CARTESIAN_POINT('',(5.412677548066,0.951059751745));
#1510 = CARTESIAN_POINT('',(5.404123066595,0.952102079));
#1511 = CARTESIAN_POINT('',(5.39565272734,0.953165231479));
#1512 = CARTESIAN_POINT('',(5.387276321557,0.954248981922));
#1513 = CARTESIAN_POINT('',(5.362530241683,0.957551388667));
#1514 = CARTESIAN_POINT('',(5.346466536423,0.959830338511));
#1515 = CARTESIAN_POINT('',(5.330900293001,0.962185805534));
#1516 = CARTESIAN_POINT('',(5.315916971581,0.964611858336));
#1517 = CARTESIAN_POINT('',(5.301596506257,0.967100089011));
#1518 = CARTESIAN_POINT('',(5.277068544515,0.971682983266));
#1519 = CARTESIAN_POINT('',(5.266601362233,0.973760216327));
#1520 = CARTESIAN_POINT('',(5.256642323618,0.975864838947));
#1521 = CARTESIAN_POINT('',(5.247216020791,0.97799102647));
#1522 = CARTESIAN_POINT('',(5.238337872952,0.980133004239));
#1523 = CARTESIAN_POINT('',(5.226030414948,0.98331577747));
#1524 = CARTESIAN_POINT('',(5.222172316326,0.984348813363));
#1525 = CARTESIAN_POINT('',(5.218442389445,0.985383624684));
#1526 = CARTESIAN_POINT('',(5.214840926489,0.986419658489));
#1527 = CARTESIAN_POINT('',(5.211367826504,0.987456397236));
#1528 = CARTESIAN_POINT('',(5.20181318317,0.990418236976));
#1529 = CARTESIAN_POINT('',(5.196044612012,0.992343872998));
#1530 = CARTESIAN_POINT('',(5.190714115414,0.994267225962));
#1531 = CARTESIAN_POINT('',(5.18581518037,0.996185717236));
#1532 = CARTESIAN_POINT('',(5.181339003383,0.998097211927));
#1533 = CARTESIAN_POINT('',(5.177275866405,1.));
#1534 = ( GEOMETRIC_REPRESENTATION_CONTEXT(2) 
PARAMETRIC_REPRESENTATION_CONTEXT() REPRESENTATION_CONTEXT('2D SPACE',''
  ) );
#1535 = PCURVE('',#576,#1536);
#1536 = DEFINITIONAL_REPRESENTATION('',(#1537),#1580);
#1537 = B_SPLINE_CURVE_WITH_KNOTS('',6,(#1538,#1539,#1540,#1541,#1542,
    #1543,#1544,#1545,#1546,#1547,#1548,#1549,#1550,#1551,#1552,#1553,
    #1554,#1555,#1556,#1557,#1558,#1559,#1560,#1561,#1562,#1563,#1564,
    #1565,#1566,#1567,#1568,#1569,#1570,#1571,#1572,#1573,#1574,#1575,
    #1576,#1577,#1578,#1579),.UNSPECIFIED.,.F.,.F.,(7,5,5,5,5,5,5,5,7),(
    0.,0.251054156024,0.495614039471,0.60861462536,0.666272864615,
    0.781098282578,0.87354348363,0.917816841954,1.),.UNSPECIFIED.);
#1538 = CARTESIAN_POINT('',(2.749426799672,34.395348398922));
#1539 = CARTESIAN_POINT('',(2.71472954437,33.97403508322));
#1540 = CARTESIAN_POINT('',(2.67947567167,33.555826068323));
#1541 = CARTESIAN_POINT('',(2.643501897737,33.141515483508));
#1542 = CARTESIAN_POINT('',(2.606636636165,32.732266480842));
#1543 = CARTESIAN_POINT('',(2.568688685046,32.329631876846));
#1544 = CARTESIAN_POINT('',(2.491121998857,31.551930552109));
#1545 = CARTESIAN_POINT('',(2.451598387778,31.176687631988));
#1546 = CARTESIAN_POINT('',(2.410559226491,30.811563639737));
#1547 = CARTESIAN_POINT('',(2.367748452101,30.459503381267));
#1548 = CARTESIAN_POINT('',(2.322902088219,30.124771937528));
#1549 = CARTESIAN_POINT('',(2.253888590286,29.668714474578));
#1550 = CARTESIAN_POINT('',(2.231582405218,29.529503171058));
#1551 = CARTESIAN_POINT('',(2.208755082995,29.395780818664));
#1552 = CARTESIAN_POINT('',(2.185388692974,29.268223296806));
#1553 = CARTESIAN_POINT('',(2.161473840924,29.147579905528));
#1554 = CARTESIAN_POINT('',(2.12453499265,28.976958600768));
#1555 = CARTESIAN_POINT('',(2.111913643226,28.921310773094));
#1556 = CARTESIAN_POINT('',(2.099151959602,28.867762123758));
#1557 = CARTESIAN_POINT('',(2.086252003728,28.816414735616));
#1558 = CARTESIAN_POINT('',(2.073217148903,28.767367757611));
#1559 = CARTESIAN_POINT('',(2.033834737203,28.627803318251));
#1560 = CARTESIAN_POINT('',(2.007096595182,28.544365756419));
#1561 = CARTESIAN_POINT('',(1.979885373676,28.471170984499));
#1562 = CARTESIAN_POINT('',(1.95226056033,28.408814480017));
#1563 = CARTESIAN_POINT('',(1.924297073994,28.357635556225));
#1564 = CARTESIAN_POINT('',(1.873386104419,28.285460142208));
#1565 = CARTESIAN_POINT('',(1.850518992642,28.260519117236));
#1566 = CARTESIAN_POINT('',(1.827540721285,28.24283923309));
#1567 = CARTESIAN_POINT('',(1.804495742993,28.232280912755));
#1568 = CARTESIAN_POINT('',(1.781424973363,28.228588642375));
#1569 = CARTESIAN_POINT('',(1.747323971321,28.23278436443));
#1570 = CARTESIAN_POINT('',(1.736283549649,28.23564065786));
#1571 = CARTESIAN_POINT('',(1.725249432119,28.239957774964));
#1572 = CARTESIAN_POINT('',(1.714225028914,28.245695033058));
#1573 = CARTESIAN_POINT('',(1.703213341064,28.252808977208));
#1574 = CARTESIAN_POINT('',(1.671804837516,28.276931685207));
#1575 = CARTESIAN_POINT('',(1.651445659145,28.297197232027));
#1576 = CARTESIAN_POINT('',(1.63115576643,28.321761973842));
#1577 = CARTESIAN_POINT('',(1.610946679789,28.350320088734));
#1578 = CARTESIAN_POINT('',(1.590825674936,28.382565278272));
#1579 = CARTESIAN_POINT('',(1.570796326795,28.418206931238));
#1580 = ( GEOMETRIC_REPRESENTATION_CONTEXT(2) 
PARAMETRIC_REPRESENTATION_CONTEXT() REPRESENTATION_CONTEXT('2D SPACE',''
  ) );
#1581 = ORIENTED_EDGE('',*,*,#1582,.F.);
#1582 = EDGE_CURVE('',#1583,#1443,#1585,.T.);
#1583 = VERTEX_POINT('',#1584);
#1584 = CARTESIAN_POINT('',(60.,-8.,13.856406460551));
#1585 = SURFACE_CURVE('',#1586,(#1589,#1596),.PCURVE_S1.);
#1586 = B_SPLINE_CURVE_WITH_KNOTS('',1,(#1587,#1588),.UNSPECIFIED.,.F.,
  .F.,(2,2),(5.,6.),.PIECEWISE_BEZIER_KNOTS.);
#1587 = CARTESIAN_POINT('',(60.,-8.,13.856406460551));
#1588 = CARTESIAN_POINT('',(60.,-16.,1.721448188342E-15));
#1589 = PCURVE('',#653,#1590);
#1590 = DEFINITIONAL_REPRESENTATION('',(#1591),#1595);
#1591 = LINE('',#1592,#1593);
#1592 = CARTESIAN_POINT('',(0.,1.));
#1593 = VECTOR('',#1594,1.);
#1594 = DIRECTION('',(1.,0.));
#1595 = ( GEOMETRIC_REPRESENTATION_CONTEXT(2) 
PARAMETRIC_REPRESENTATION_CONTEXT() REPRESENTATION_CONTEXT('2D SPACE',''
  ) );
#1596 = PCURVE('',#1597,#1602);
#1597 = PLANE('',#1598);
#1598 = AXIS2_PLACEMENT_3D('',#1599,#1600,#1601);
#1599 = CARTESIAN_POINT('',(60.,-16.,1.959434878636E-15));
#1600 = DIRECTION('',(-1.,0.,0.));
#1601 = DIRECTION('',(0.,1.,-1.836970198721E-16));
#1602 = DEFINITIONAL_REPRESENTATION('',(#1603),#1606);
#1603 = B_SPLINE_CURVE_WITH_KNOTS('',1,(#1604,#1605),.UNSPECIFIED.,.F.,
  .F.,(2,2),(5.,6.),.PIECEWISE_BEZIER_KNOTS.);
#1604 = CARTESIAN_POINT('',(8.,-13.85640646055));
#1605 = CARTESIAN_POINT('',(0.,2.379866902934E-16));
#1606 = ( GEOMETRIC_REPRESENTATION_CONTEXT(2) 
PARAMETRIC_REPRESENTATION_CONTEXT() REPRESENTATION_CONTEXT('2D SPACE',''
  ) );
#1607 = ORIENTED_EDGE('',*,*,#1608,.F.);
#1608 = EDGE_CURVE('',#1609,#1583,#1611,.T.);
#1609 = VERTEX_POINT('',#1610);
#1610 = CARTESIAN_POINT('',(45.5,-2.295882022543,15.834421744568));
#1611 = SURFACE_CURVE('',#1612,(#1626,#1633),.PCURVE_S1.);
#1612 = ( BOUNDED_CURVE() B_SPLINE_CURVE(7,(#1613,#1614,#1615,#1616,
    #1617,#1618,#1619,#1620,#1621,#1622,#1623,#1624,#1625),
.UNSPECIFIED.,.F.,.F.) B_SPLINE_CURVE_WITH_KNOTS((8,5,8),(0.,0.5,1.),
.UNSPECIFIED.) CURVE() GEOMETRIC_REPRESENTATION_ITEM() 
RATIONAL_B_SPLINE_CURVE((1.,1.,1.,1.,1.,1.,1.,1.,1.,1.,1.,1.,1.)) 
REPRESENTATION_ITEM('') );
#1613 = CARTESIAN_POINT('',(-60.,8.,-13.85640646055));
#1614 = CARTESIAN_POINT('',(-51.42857142857,11.10938787804,
    -12.06121721982));
#1615 = CARTESIAN_POINT('',(-42.85714285714,13.748688273954,
    -9.451956485557));
#1616 = CARTESIAN_POINT('',(-34.28571428571,15.662599798781,
    -6.176441607071));
#1617 = CARTESIAN_POINT('',(-25.71428571428,16.652327148607,
    -2.482317138148));
#1618 = CARTESIAN_POINT('',(-17.14285714285,16.632753456187,
    1.311274164053));
#1619 = CARTESIAN_POINT('',(6.496604685213E-13,14.670449934797,
    8.469988218989));
#1620 = CARTESIAN_POINT('',(17.142857142856,9.45197346549,
    13.748749945913));
#1621 = CARTESIAN_POINT('',(25.714285714289,6.176413872415,
    15.662496911901));
#1622 = CARTESIAN_POINT('',(34.285714285708,2.482344562679,
    16.652430118584));
#1623 = CARTESIAN_POINT('',(42.857142857148,-1.311290294983,
    16.632691556739));
#1624 = CARTESIAN_POINT('',(51.428571428569,-4.890626573911,
    15.651620732789));
#1625 = CARTESIAN_POINT('',(60.,-8.,13.856406460551));
#1626 = PCURVE('',#653,#1627);
#1627 = DEFINITIONAL_REPRESENTATION('',(#1628),#1632);
#1628 = LINE('',#1629,#1630);
#1629 = CARTESIAN_POINT('',(5.,0.));
#1630 = VECTOR('',#1631,1.);
#1631 = DIRECTION('',(0.,1.));
#1632 = ( GEOMETRIC_REPRESENTATION_CONTEXT(2) 
PARAMETRIC_REPRESENTATION_CONTEXT() REPRESENTATION_CONTEXT('2D SPACE',''
  ) );
#1633 = PCURVE('',#1387,#1634);
#1634 = DEFINITIONAL_REPRESENTATION('',(#1635),#1639);
#1635 = LINE('',#1636,#1637);
#1636 = CARTESIAN_POINT('',(5.,0.));
#1637 = VECTOR('',#1638,1.);
#1638 = DIRECTION('',(0.,1.));
#1639 = ( GEOMETRIC_REPRESENTATION_CONTEXT(2) 
PARAMETRIC_REPRESENTATION_CONTEXT() REPRESENTATION_CONTEXT('2D SPACE',''
  ) );
#1640 = ORIENTED_EDGE('',*,*,#1641,.F.);
#1641 = EDGE_CURVE('',#1642,#1609,#1644,.T.);
#1642 = VERTEX_POINT('',#1643);
#1643 = CARTESIAN_POINT('',(45.5,-3.,15.27933987915));
#1644 = SURFACE_CURVE('',#1645,(#1651,#1660),.PCURVE_S1.);
#1645 = B_SPLINE_CURVE_WITH_KNOTS('',4,(#1646,#1647,#1648,#1649,#1650),
  .UNSPECIFIED.,.F.,.F.,(5,5),(0.,1.),.PIECEWISE_BEZIER_KNOTS.);
#1646 = CARTESIAN_POINT('',(45.5,-3.,15.27933987915));
#1647 = CARTESIAN_POINT('',(45.5,-2.823970505636,15.418110345504));
#1648 = CARTESIAN_POINT('',(45.5,-2.647941011272,15.556880811859));
#1649 = CARTESIAN_POINT('',(45.5,-2.471911516907,15.695651278214));
#1650 = CARTESIAN_POINT('',(45.5,-2.295882022543,15.834421744568));
#1651 = PCURVE('',#653,#1652);
#1652 = DEFINITIONAL_REPRESENTATION('',(#1653),#1659);
#1653 = B_SPLINE_CURVE_WITH_KNOTS('',4,(#1654,#1655,#1656,#1657,#1658),
  .UNSPECIFIED.,.F.,.F.,(5,5),(0.,1.),.PIECEWISE_BEZIER_KNOTS.);
#1654 = CARTESIAN_POINT('',(5.056037726086,0.879166666667));
#1655 = CARTESIAN_POINT('',(5.042028294564,0.879166666667));
#1656 = CARTESIAN_POINT('',(5.028018863043,0.879166666667));
#1657 = CARTESIAN_POINT('',(5.014009431521,0.879166666667));
#1658 = CARTESIAN_POINT('',(5.,0.879166666667));
#1659 = ( GEOMETRIC_REPRESENTATION_CONTEXT(2) 
PARAMETRIC_REPRESENTATION_CONTEXT() REPRESENTATION_CONTEXT('2D SPACE',''
  ) );
#1660 = PCURVE('',#1661,#1666);
#1661 = PLANE('',#1662);
#1662 = AXIS2_PLACEMENT_3D('',#1663,#1664,#1665);
#1663 = CARTESIAN_POINT('',(45.5,-3.,-19.));
#1664 = DIRECTION('',(1.,0.,0.));
#1665 = DIRECTION('',(0.,0.,1.));
#1666 = DEFINITIONAL_REPRESENTATION('',(#1667),#1673);
#1667 = B_SPLINE_CURVE_WITH_KNOTS('',4,(#1668,#1669,#1670,#1671,#1672),
  .UNSPECIFIED.,.F.,.F.,(5,5),(0.,1.),.PIECEWISE_BEZIER_KNOTS.);
#1668 = CARTESIAN_POINT('',(34.27933987915,0.));
#1669 = CARTESIAN_POINT('',(34.418110345504,-0.176029494364));
#1670 = CARTESIAN_POINT('',(34.556880811859,-0.352058988728));
#1671 = CARTESIAN_POINT('',(34.695651278214,-0.528088483093));
#1672 = CARTESIAN_POINT('',(34.834421744568,-0.704117977457));
#1673 = ( GEOMETRIC_REPRESENTATION_CONTEXT(2) 
PARAMETRIC_REPRESENTATION_CONTEXT() REPRESENTATION_CONTEXT('2D SPACE',''
  ) );
#1674 = ORIENTED_EDGE('',*,*,#1675,.F.);
#1675 = EDGE_CURVE('',#1676,#1642,#1678,.T.);
#1676 = VERTEX_POINT('',#1677);
#1677 = CARTESIAN_POINT('',(42.5,-3.,14.660422555289));
#1678 = SURFACE_CURVE('',#1679,(#1685,#1694),.PCURVE_S1.);
#1679 = B_SPLINE_CURVE_WITH_KNOTS('',4,(#1680,#1681,#1682,#1683,#1684),
  .UNSPECIFIED.,.F.,.F.,(5,5),(0.,1.),.PIECEWISE_BEZIER_KNOTS.);
#1680 = CARTESIAN_POINT('',(42.5,-3.,14.660422555289));
#1681 = CARTESIAN_POINT('',(43.254082398769,-3.,14.794583593931));
#1682 = CARTESIAN_POINT('',(44.00583868566,-3.,14.941710179064));
#1683 = CARTESIAN_POINT('',(44.75474453359,-3.,15.102860241738));
#1684 = CARTESIAN_POINT('',(45.5,-3.,15.27933987915));
#1685 = PCURVE('',#653,#1686);
#1686 = DEFINITIONAL_REPRESENTATION('',(#1687),#1693);
#1687 = B_SPLINE_CURVE_WITH_KNOTS('',4,(#1688,#1689,#1690,#1691,#1692),
  .UNSPECIFIED.,.F.,.F.,(5,5),(0.,1.),.PIECEWISE_BEZIER_KNOTS.);
#1688 = CARTESIAN_POINT('',(5.146844659116,0.854166666667));
#1689 = CARTESIAN_POINT('',(5.125089235025,0.860450686656));
#1690 = CARTESIAN_POINT('',(5.10275280889,0.866715322381));
#1691 = CARTESIAN_POINT('',(5.079763123675,0.872956204447));
#1692 = CARTESIAN_POINT('',(5.056037726086,0.879166666667));
#1693 = ( GEOMETRIC_REPRESENTATION_CONTEXT(2) 
PARAMETRIC_REPRESENTATION_CONTEXT() REPRESENTATION_CONTEXT('2D SPACE',''
  ) );
#1694 = PCURVE('',#1695,#1700);
#1695 = PLANE('',#1696);
#1696 = AXIS2_PLACEMENT_3D('',#1697,#1698,#1699);
#1697 = CARTESIAN_POINT('',(42.5,-3.,-19.));
#1698 = DIRECTION('',(0.,1.,0.));
#1699 = DIRECTION('',(0.,0.,1.));
#1700 = DEFINITIONAL_REPRESENTATION('',(#1701),#1707);
#1701 = B_SPLINE_CURVE_WITH_KNOTS('',4,(#1702,#1703,#1704,#1705,#1706),
  .UNSPECIFIED.,.F.,.F.,(5,5),(0.,1.),.PIECEWISE_BEZIER_KNOTS.);
#1702 = CARTESIAN_POINT('',(33.660422555289,0.));
#1703 = CARTESIAN_POINT('',(33.794583593931,0.754082398769));
#1704 = CARTESIAN_POINT('',(33.941710179064,1.50583868566));
#1705 = CARTESIAN_POINT('',(34.102860241738,2.25474453359));
#1706 = CARTESIAN_POINT('',(34.27933987915,3.));
#1707 = ( GEOMETRIC_REPRESENTATION_CONTEXT(2) 
PARAMETRIC_REPRESENTATION_CONTEXT() REPRESENTATION_CONTEXT('2D SPACE',''
  ) );
#1708 = ORIENTED_EDGE('',*,*,#1709,.T.);
#1709 = EDGE_CURVE('',#1676,#1362,#1710,.T.);
#1710 = SURFACE_CURVE('',#1711,(#1719,#1730),.PCURVE_S1.);
#1711 = B_SPLINE_CURVE_WITH_KNOTS('',6,(#1712,#1713,#1714,#1715,#1716,
    #1717,#1718),.UNSPECIFIED.,.F.,.F.,(7,7),(0.,1.),
  .PIECEWISE_BEZIER_KNOTS.);
#1712 = CARTESIAN_POINT('',(42.5,-3.,14.660422555289));
#1713 = CARTESIAN_POINT('',(42.5,-2.662465428832,14.885955943952));
#1714 = CARTESIAN_POINT('',(42.5,-2.382852211408,15.072787521596));
#1715 = CARTESIAN_POINT('',(42.5,-2.034628776844,15.305462980401));
#1716 = CARTESIAN_POINT('',(42.5,-1.587410475764,15.60428469388));
#1717 = CARTESIAN_POINT('',(42.5,-1.155028770839,15.893192910808));
#1718 = CARTESIAN_POINT('',(42.5,-1.046450031999,15.965742904198));
#1719 = PCURVE('',#653,#1720);
#1720 = DEFINITIONAL_REPRESENTATION('',(#1721),#1729);
#1721 = B_SPLINE_CURVE_WITH_KNOTS('',6,(#1722,#1723,#1724,#1725,#1726,
    #1727,#1728),.UNSPECIFIED.,.F.,.F.,(7,7),(0.,1.),
  .PIECEWISE_BEZIER_KNOTS.);
#1722 = CARTESIAN_POINT('',(5.146844659116,0.854166666667));
#1723 = CARTESIAN_POINT('',(5.121472823302,0.854166666667));
#1724 = CARTESIAN_POINT('',(5.100454826184,0.854166666667));
#1725 = CARTESIAN_POINT('',(5.074279528709,0.854166666667));
#1726 = CARTESIAN_POINT('',(5.040662974207,0.854166666667));
#1727 = CARTESIAN_POINT('',(5.008161658598,0.854166666667));
#1728 = CARTESIAN_POINT('',(5.,0.854166666667));
#1729 = ( GEOMETRIC_REPRESENTATION_CONTEXT(2) 
PARAMETRIC_REPRESENTATION_CONTEXT() REPRESENTATION_CONTEXT('2D SPACE',''
  ) );
#1730 = PCURVE('',#1731,#1736);
#1731 = PLANE('',#1732);
#1732 = AXIS2_PLACEMENT_3D('',#1733,#1734,#1735);
#1733 = CARTESIAN_POINT('',(42.5,-3.,-19.));
#1734 = DIRECTION('',(1.,0.,0.));
#1735 = DIRECTION('',(0.,0.,1.));
#1736 = DEFINITIONAL_REPRESENTATION('',(#1737),#1745);
#1737 = B_SPLINE_CURVE_WITH_KNOTS('',6,(#1738,#1739,#1740,#1741,#1742,
    #1743,#1744),.UNSPECIFIED.,.F.,.F.,(7,7),(0.,1.),
  .PIECEWISE_BEZIER_KNOTS.);
#1738 = CARTESIAN_POINT('',(33.660422555289,0.));
#1739 = CARTESIAN_POINT('',(33.885955943952,-0.337534571168));
#1740 = CARTESIAN_POINT('',(34.072787521596,-0.617147788592));
#1741 = CARTESIAN_POINT('',(34.305462980401,-0.965371223156));
#1742 = CARTESIAN_POINT('',(34.60428469388,-1.412589524236));
#1743 = CARTESIAN_POINT('',(34.893192910808,-1.844971229161));
#1744 = CARTESIAN_POINT('',(34.965742904198,-1.953549968001));
#1745 = ( GEOMETRIC_REPRESENTATION_CONTEXT(2) 
PARAMETRIC_REPRESENTATION_CONTEXT() REPRESENTATION_CONTEXT('2D SPACE',''
  ) );
#1746 = ADVANCED_FACE('',(#1747),#576,.F.);
#1747 = FACE_BOUND('',#1748,.F.);
#1748 = EDGE_LOOP('',(#1749,#1770,#1771,#1772,#1793,#1939));
#1749 = ORIENTED_EDGE('',*,*,#1750,.T.);
#1750 = EDGE_CURVE('',#1751,#453,#1753,.T.);
#1751 = VERTEX_POINT('',#1752);
#1752 = CARTESIAN_POINT('',(60.,9.418206931238,-11.4));
#1753 = SURFACE_CURVE('',#1754,(#1758,#1764),.PCURVE_S1.);
#1754 = LINE('',#1755,#1756);
#1755 = CARTESIAN_POINT('',(60.,19.,-11.4));
#1756 = VECTOR('',#1757,1.);
#1757 = DIRECTION('',(0.,-1.,2.22044604925E-16));
#1758 = PCURVE('',#576,#1759);
#1759 = DEFINITIONAL_REPRESENTATION('',(#1760),#1763);
#1760 = B_SPLINE_CURVE_WITH_KNOTS('',1,(#1761,#1762),.UNSPECIFIED.,.F.,
  .F.,(2,2),(-5.999999999062E-07,38.0000006),.PIECEWISE_BEZIER_KNOTS.);
#1761 = CARTESIAN_POINT('',(4.712388980385,-5.999999988848E-07));
#1762 = CARTESIAN_POINT('',(4.712388980385,38.0000006));
#1763 = ( GEOMETRIC_REPRESENTATION_CONTEXT(2) 
PARAMETRIC_REPRESENTATION_CONTEXT() REPRESENTATION_CONTEXT('2D SPACE',''
  ) );
#1764 = PCURVE('',#467,#1765);
#1765 = DEFINITIONAL_REPRESENTATION('',(#1766),#1769);
#1766 = B_SPLINE_CURVE_WITH_KNOTS('',1,(#1767,#1768),.UNSPECIFIED.,.F.,
  .F.,(2,2),(-5.999999999062E-07,38.0000006),.PIECEWISE_BEZIER_KNOTS.);
#1767 = CARTESIAN_POINT('',(35.0000006,11.4));
#1768 = CARTESIAN_POINT('',(-3.0000006,11.4));
#1769 = ( GEOMETRIC_REPRESENTATION_CONTEXT(2) 
PARAMETRIC_REPRESENTATION_CONTEXT() REPRESENTATION_CONTEXT('2D SPACE',''
  ) );
#1770 = ORIENTED_EDGE('',*,*,#478,.T.);
#1771 = ORIENTED_EDGE('',*,*,#1442,.T.);
#1772 = ORIENTED_EDGE('',*,*,#1773,.F.);
#1773 = EDGE_CURVE('',#1774,#1443,#1776,.T.);
#1774 = VERTEX_POINT('',#1775);
#1775 = CARTESIAN_POINT('',(60.,9.418206931238,11.4));
#1776 = SURFACE_CURVE('',#1777,(#1781,#1787),.PCURVE_S1.);
#1777 = LINE('',#1778,#1779);
#1778 = CARTESIAN_POINT('',(60.,19.,11.4));
#1779 = VECTOR('',#1780,1.);
#1780 = DIRECTION('',(0.,-1.,2.22044604925E-16));
#1781 = PCURVE('',#576,#1782);
#1782 = DEFINITIONAL_REPRESENTATION('',(#1783),#1786);
#1783 = B_SPLINE_CURVE_WITH_KNOTS('',1,(#1784,#1785),.UNSPECIFIED.,.F.,
  .F.,(2,2),(-5.999999999062E-07,38.0000006),.PIECEWISE_BEZIER_KNOTS.);
#1784 = CARTESIAN_POINT('',(1.570796326795,-6.000000009276E-07));
#1785 = CARTESIAN_POINT('',(1.570796326795,38.0000006));
#1786 = ( GEOMETRIC_REPRESENTATION_CONTEXT(2) 
PARAMETRIC_REPRESENTATION_CONTEXT() REPRESENTATION_CONTEXT('2D SPACE',''
  ) );
#1787 = PCURVE('',#1597,#1788);
#1788 = DEFINITIONAL_REPRESENTATION('',(#1789),#1792);
#1789 = B_SPLINE_CURVE_WITH_KNOTS('',1,(#1790,#1791),.UNSPECIFIED.,.F.,
  .F.,(2,2),(-5.999999999062E-07,38.0000006),.PIECEWISE_BEZIER_KNOTS.);
#1790 = CARTESIAN_POINT('',(35.0000006,-11.4));
#1791 = CARTESIAN_POINT('',(-3.0000006,-11.4));
#1792 = ( GEOMETRIC_REPRESENTATION_CONTEXT(2) 
PARAMETRIC_REPRESENTATION_CONTEXT() REPRESENTATION_CONTEXT('2D SPACE',''
  ) );
#1793 = ORIENTED_EDGE('',*,*,#1794,.T.);
#1794 = EDGE_CURVE('',#1774,#1795,#1797,.T.);
#1795 = VERTEX_POINT('',#1796);
#1796 = CARTESIAN_POINT('',(49.465448572019,15.395348398922,
    -4.356974433162));
#1797 = SURFACE_CURVE('',#1798,(#1843,#1891),.PCURVE_S1.);
#1798 = B_SPLINE_CURVE_WITH_KNOTS('',7,(#1799,#1800,#1801,#1802,#1803,
    #1804,#1805,#1806,#1807,#1808,#1809,#1810,#1811,#1812,#1813,#1814,
    #1815,#1816,#1817,#1818,#1819,#1820,#1821,#1822,#1823,#1824,#1825,
    #1826,#1827,#1828,#1829,#1830,#1831,#1832,#1833,#1834,#1835,#1836,
    #1837,#1838,#1839,#1840,#1841,#1842),.UNSPECIFIED.,.F.,.F.,(8,6,6,6,
    6,6,6,8),(0.,7.125555980756E-02,0.286851688743,0.440513149911,
    0.643440020206,0.747951394469,0.933605027223,1.),.UNSPECIFIED.);
#1799 = CARTESIAN_POINT('',(60.,9.418206931238,11.4));
#1800 = CARTESIAN_POINT('',(59.761837400829,9.455383483751,11.4));
#1801 = CARTESIAN_POINT('',(59.524785612744,9.496151553141,
    11.394195120491));
#1802 = CARTESIAN_POINT('',(59.289048041572,9.540211348748,
    11.382683054022));
#1803 = CARTESIAN_POINT('',(59.054795718078,9.587275430657,
    11.365571400214));
#1804 = CARTESIAN_POINT('',(58.822168880297,9.637072005987,
    11.34297174265));
#1805 = CARTESIAN_POINT('',(58.591278555861,9.689348225183,
    11.314993725773));
#1806 = CARTESIAN_POINT('',(57.669115645784,9.908849145257,
    11.181121555349));
#1807 = CARTESIAN_POINT('',(56.993376979363,10.094247004673,
    11.032300199374));
#1808 = CARTESIAN_POINT('',(56.336244853763,10.293830755622,
    10.838124548023));
#1809 = CARTESIAN_POINT('',(55.699256133042,10.502747325197,
    10.60075755457));
#1810 = CARTESIAN_POINT('',(55.083854903357,10.717073728549,
    10.322026979047));
#1811 = CARTESIAN_POINT('',(54.491390893854,10.933764043027,
    10.003312044501));
#1812 = CARTESIAN_POINT('',(53.518193031951,11.305059499377,
    9.390169935668));
#1813 = CARTESIAN_POINT('',(53.125724547704,11.459542702455,
    9.115191214737));
#1814 = CARTESIAN_POINT('',(52.746426459926,11.613103210206,
    8.82080020074));
#1815 = CARTESIAN_POINT('',(52.381110409091,11.764971128706,
    8.507426196248));
#1816 = CARTESIAN_POINT('',(52.030707208128,11.914504142163,
    8.175557123413));
#1817 = CARTESIAN_POINT('',(51.696235637811,12.061197766144,
    7.825785340369));
#1818 = CARTESIAN_POINT('',(50.959536802407,12.394221606565,
    6.974281187865));
#1819 = CARTESIAN_POINT('',(50.569886623162,12.578217017898,
    6.459689710784));
#1820 = CARTESIAN_POINT('',(50.212505656977,12.755808302811,
    5.916971195821));
#1821 = CARTESIAN_POINT('',(49.890078000499,12.926646843948,
    5.348437147787));
#1822 = CARTESIAN_POINT('',(49.605188308795,13.090976920466,
    4.756910297155));
#1823 = CARTESIAN_POINT('',(49.360171211172,13.249678635905,
    4.145830726564));
#1824 = CARTESIAN_POINT('',(49.052099968603,13.483642664113,
    3.196649294919));
#1825 = CARTESIAN_POINT('',(48.958420419158,13.562048954739,
    2.869868260716));
#1826 = CARTESIAN_POINT('',(48.876030754604,13.63951550937,
    2.539518515462));
#1827 = CARTESIAN_POINT('',(48.805133043466,13.7162707697,2.206170709071
    ));
#1828 = CARTESIAN_POINT('',(48.745884626157,13.792575051561,
    1.870418099734));
#1829 = CARTESIAN_POINT('',(48.698394195403,13.868712304558,
    1.532873575904));
#1830 = CARTESIAN_POINT('',(48.599342591166,14.080466858934,
    0.592488952539));
#1831 = CARTESIAN_POINT('',(48.57324133456,14.216382567625,
    -1.291601861898E-02));
#1832 = CARTESIAN_POINT('',(48.584747445189,14.354388310556,
    -0.618466305861));
#1833 = CARTESIAN_POINT('',(48.633635324084,14.496315353136,
    -1.220520694278));
#1834 = CARTESIAN_POINT('',(48.719110144279,14.643959584442,
    -1.81547694215));
#1835 = CARTESIAN_POINT('',(48.83980676612,14.798881374858,
    -2.399865702243));
#1836 = CARTESIAN_POINT('',(49.048869414291,15.020624478057,
    -3.17449359716));
#1837 = CARTESIAN_POINT('',(49.108200745641,15.080113500341,
    -3.376785761753));
#1838 = CARTESIAN_POINT('',(49.171704849372,15.140732552171,
    -3.577170769275));
#1839 = CARTESIAN_POINT('',(49.239286870524,15.202528626231,
    -3.775509904225));
#1840 = CARTESIAN_POINT('',(49.310844790927,15.26554225121,
    -3.971671698829));
#1841 = CARTESIAN_POINT('',(49.386270117747,15.329806900173,
    -4.165532066144));
#1842 = CARTESIAN_POINT('',(49.465448572019,15.395348398922,
    -4.356974433162));
#1843 = PCURVE('',#576,#1844);
#1844 = DEFINITIONAL_REPRESENTATION('',(#1845),#1890);
#1845 = B_SPLINE_CURVE_WITH_KNOTS('',7,(#1846,#1847,#1848,#1849,#1850,
    #1851,#1852,#1853,#1854,#1855,#1856,#1857,#1858,#1859,#1860,#1861,
    #1862,#1863,#1864,#1865,#1866,#1867,#1868,#1869,#1870,#1871,#1872,
    #1873,#1874,#1875,#1876,#1877,#1878,#1879,#1880,#1881,#1882,#1883,
    #1884,#1885,#1886,#1887,#1888,#1889),.UNSPECIFIED.,.F.,.F.,(8,6,6,6,
    6,6,6,8),(0.,7.125555980756E-02,0.286851688743,0.440513149911,
    0.643440020206,0.747951394469,0.933605027223,1.),.UNSPECIFIED.);
#1846 = CARTESIAN_POINT('',(1.570796326795,9.581793068762));
#1847 = CARTESIAN_POINT('',(1.591687782863,9.544616516249));
#1848 = CARTESIAN_POINT('',(1.612481791844,9.503848446859));
#1849 = CARTESIAN_POINT('',(1.633175433938,9.459788651252));
#1850 = CARTESIAN_POINT('',(1.653767935441,9.412724569343));
#1851 = CARTESIAN_POINT('',(1.674260577517,9.362927994013));
#1852 = CARTESIAN_POINT('',(1.694656604977,9.310651774817));
#1853 = CARTESIAN_POINT('',(1.776396033562,9.091150854743));
#1854 = CARTESIAN_POINT('',(1.836931949945,8.905752995327));
#1855 = CARTESIAN_POINT('',(1.896802829766,8.706169244379));
#1856 = CARTESIAN_POINT('',(1.956177356873,8.497252674802));
#1857 = CARTESIAN_POINT('',(2.015218226061,8.282926271451));
#1858 = CARTESIAN_POINT('',(2.074092319176,8.066235956973));
#1859 = CARTESIAN_POINT('',(2.174990765603,7.694940500623));
#1860 = CARTESIAN_POINT('',(2.216976621347,7.540457297545));
#1861 = CARTESIAN_POINT('',(2.259013599358,7.386896789794));
#1862 = CARTESIAN_POINT('',(2.30114228218,7.235028871294));
#1863 = CARTESIAN_POINT('',(2.343394421853,7.085495857837));
#1864 = CARTESIAN_POINT('',(2.385793897362,6.938802233856));
#1865 = CARTESIAN_POINT('',(2.484562262876,6.605778393435));
#1866 = CARTESIAN_POINT('',(2.541062358229,6.421782982102));
#1867 = CARTESIAN_POINT('',(2.597866301974,6.244191697189));
#1868 = CARTESIAN_POINT('',(2.65497043145,6.073353156052));
#1869 = CARTESIAN_POINT('',(2.712354189899,5.909023079534));
#1870 = CARTESIAN_POINT('',(2.769974489215,5.750321364095));
#1871 = CARTESIAN_POINT('',(2.85751172487,5.516357335887));
#1872 = CARTESIAN_POINT('',(2.887313450622,5.437951045261));
#1873 = CARTESIAN_POINT('',(2.917150222385,5.36048449063));
#1874 = CARTESIAN_POINT('',(2.947012598217,5.2837292303));
#1875 = CARTESIAN_POINT('',(2.976890532369,5.207424948439));
#1876 = CARTESIAN_POINT('',(3.006773174309,5.131287695442));
#1877 = CARTESIAN_POINT('',(3.089719387796,4.919533141066));
#1878 = CARTESIAN_POINT('',(3.142772755918,4.783617432375));
#1879 = CARTESIAN_POINT('',(3.195737393757,4.645611689444));
#1880 = CARTESIAN_POINT('',(3.248541105573,4.503684646864));
#1881 = CARTESIAN_POINT('',(3.301108676852,4.356040415558));
#1882 = CARTESIAN_POINT('',(3.353358773921,4.201118625142));
#1883 = CARTESIAN_POINT('',(3.423739808629,3.979375521943));
#1884 = CARTESIAN_POINT('',(3.442227870547,3.919886499659));
#1885 = CARTESIAN_POINT('',(3.460660202966,3.859267447829));
#1886 = CARTESIAN_POINT('',(3.479033033498,3.797471373769));
#1887 = CARTESIAN_POINT('',(3.497342715821,3.73445774879));
#1888 = CARTESIAN_POINT('',(3.515585700784,3.670193099827));
#1889 = CARTESIAN_POINT('',(3.533758507508,3.604651601078));
#1890 = ( GEOMETRIC_REPRESENTATION_CONTEXT(2) 
PARAMETRIC_REPRESENTATION_CONTEXT() REPRESENTATION_CONTEXT('2D SPACE',''
  ) );
#1891 = PCURVE('',#1030,#1892);
#1892 = DEFINITIONAL_REPRESENTATION('',(#1893),#1938);
#1893 = B_SPLINE_CURVE_WITH_KNOTS('',7,(#1894,#1895,#1896,#1897,#1898,
    #1899,#1900,#1901,#1902,#1903,#1904,#1905,#1906,#1907,#1908,#1909,
    #1910,#1911,#1912,#1913,#1914,#1915,#1916,#1917,#1918,#1919,#1920,
    #1921,#1922,#1923,#1924,#1925,#1926,#1927,#1928,#1929,#1930,#1931,
    #1932,#1933,#1934,#1935,#1936,#1937),.UNSPECIFIED.,.F.,.F.,(8,6,6,6,
    6,6,6,8),(0.,7.125555980756E-02,0.286851688743,0.440513149911,
    0.643440020206,0.747951394469,0.933605027223,1.),.UNSPECIFIED.);
#1894 = CARTESIAN_POINT('',(3.822724133595,1.));
#1895 = CARTESIAN_POINT('',(3.826962115777,0.998015311674));
#1896 = CARTESIAN_POINT('',(3.830763115193,0.996039880106));
#1897 = CARTESIAN_POINT('',(3.834137395942,0.994075400346));
#1898 = CARTESIAN_POINT('',(3.837095771752,0.992123297651));
#1899 = CARTESIAN_POINT('',(3.839649197083,0.990184740669));
#1900 = CARTESIAN_POINT('',(3.841808358236,0.988260654632));
#1901 = CARTESIAN_POINT('',(3.848953552915,0.980575963715));
#1902 = CARTESIAN_POINT('',(3.850800855994,0.974944808161));
#1903 = CARTESIAN_POINT('',(3.84942322662,0.969468707115));
#1904 = CARTESIAN_POINT('',(3.845016767943,0.964160467775));
#1905 = CARTESIAN_POINT('',(3.837724406816,0.959032124195));
#1906 = CARTESIAN_POINT('',(3.827636833123,0.954094924115));
#1907 = CARTESIAN_POINT('',(3.805625323961,0.945984941933));
#1908 = CARTESIAN_POINT('',(3.795065837953,0.942714371231));
#1909 = CARTESIAN_POINT('',(3.783124710778,0.939553553833));
#1910 = CARTESIAN_POINT('',(3.769813324407,0.936509253409));
#1911 = CARTESIAN_POINT('',(3.755140611332,0.933589226734));
#1912 = CARTESIAN_POINT('',(3.739117139309,0.930801963648));
#1913 = CARTESIAN_POINT('',(3.698835791774,0.924662806687));
#1914 = CARTESIAN_POINT('',(3.67358059154,0.92141572186));
#1915 = CARTESIAN_POINT('',(3.64603858015,0.918437547141));
#1916 = CARTESIAN_POINT('',(3.616272506776,0.915750650004));
#1917 = CARTESIAN_POINT('',(3.584373343606,0.91337656924));
#1918 = CARTESIAN_POINT('',(3.550472619014,0.911334760093));
#1919 = CARTESIAN_POINT('',(3.496358024852,0.908767499738));
#1920 = CARTESIAN_POINT('',(3.477478818407,0.907986836826));
#1921 = CARTESIAN_POINT('',(3.458140281715,0.907300256288));
#1922 = CARTESIAN_POINT('',(3.43836876481,0.906709442029));
#1923 = CARTESIAN_POINT('',(3.418192881453,0.906215705218));
#1924 = CARTESIAN_POINT('',(3.397643439994,0.905819951628));
#1925 = CARTESIAN_POINT('',(3.339644335909,0.904994521593));
#1926 = CARTESIAN_POINT('',(3.301456785482,0.904777011121));
#1927 = CARTESIAN_POINT('',(3.26237820787,0.904872895377));
#1928 = CARTESIAN_POINT('',(3.222611348718,0.905280294367));
#1929 = CARTESIAN_POINT('',(3.182367975312,0.905992584536));
#1930 = CARTESIAN_POINT('',(3.141863714456,0.906998389718));
#1931 = CARTESIAN_POINT('',(3.086812234638,0.908740578452));
#1932 = CARTESIAN_POINT('',(3.072304294905,0.909235006214));
#1933 = CARTESIAN_POINT('',(3.057799801689,0.909764207078));
#1934 = CARTESIAN_POINT('',(3.04330814844,0.910327390588));
#1935 = CARTESIAN_POINT('',(3.028838456053,0.910923706591));
#1936 = CARTESIAN_POINT('',(3.014399560423,0.911552250981));
#1937 = CARTESIAN_POINT('',(3.,0.912212071433));
#1938 = ( GEOMETRIC_REPRESENTATION_CONTEXT(2) 
PARAMETRIC_REPRESENTATION_CONTEXT() REPRESENTATION_CONTEXT('2D SPACE',''
  ) );
#1939 = ORIENTED_EDGE('',*,*,#1940,.T.);
#1940 = EDGE_CURVE('',#1795,#1751,#1941,.T.);
#1941 = SURFACE_CURVE('',#1942,(#1985,#2031),.PCURVE_S1.);
#1942 = B_SPLINE_CURVE_WITH_KNOTS('',6,(#1943,#1944,#1945,#1946,#1947,
    #1948,#1949,#1950,#1951,#1952,#1953,#1954,#1955,#1956,#1957,#1958,
    #1959,#1960,#1961,#1962,#1963,#1964,#1965,#1966,#1967,#1968,#1969,
    #1970,#1971,#1972,#1973,#1974,#1975,#1976,#1977,#1978,#1979,#1980,
    #1981,#1982,#1983,#1984),.UNSPECIFIED.,.F.,.F.,(7,5,5,5,5,5,5,5,7),(
    0.,0.251054156024,0.49561403947,0.60861462536,0.666272864615,
    0.781098282577,0.87354348363,0.917816841954,1.),.UNSPECIFIED.);
#1943 = CARTESIAN_POINT('',(49.465448572019,15.395348398922,
    -4.356974433162));
#1944 = CARTESIAN_POINT('',(49.616623626271,14.97403508322,
    -4.722494453552));
#1945 = CARTESIAN_POINT('',(49.785443353878,14.555826068324,
    -5.087582957872));
#1946 = CARTESIAN_POINT('',(49.973204002072,14.141515483508,
    -5.452794686908));
#1947 = CARTESIAN_POINT('',(50.181646432314,13.732266480843,
    -5.81843669564));
#1948 = CARTESIAN_POINT('',(50.412967019778,13.329631876847,
    -6.18461269198));
#1949 = CARTESIAN_POINT('',(50.921120970873,12.55193055211,
    -6.908280919262));
#1950 = CARTESIAN_POINT('',(51.196448842385,12.176687631989,
    -7.265503549128));
#1951 = CARTESIAN_POINT('',(51.499452056988,11.811563639739,
    -7.623004308366));
#1952 = CARTESIAN_POINT('',(51.833736210865,11.459503381268,
    -7.979929887399));
#1953 = CARTESIAN_POINT('',(52.20339073604,11.12477193753,
    -8.334413661998));
#1954 = CARTESIAN_POINT('',(52.802641159112,10.66871447458,
    -8.844198511242));
#1955 = CARTESIAN_POINT('',(53.000544382205,10.52950317106,
    -9.004011961395));
#1956 = CARTESIAN_POINT('',(53.20738661134,10.395780818665,
    -9.162157553386));
#1957 = CARTESIAN_POINT('',(53.423523920212,10.268223296808,
    -9.318129885146));
#1958 = CARTESIAN_POINT('',(53.649215281615,10.14757990553,
    -9.471287128007));
#1959 = CARTESIAN_POINT('',(54.004598925779,9.97695860077,
    -9.697185540698));
#1960 = CARTESIAN_POINT('',(54.127170209401,9.921310773096,
    -9.772572839588));
#1961 = CARTESIAN_POINT('',(54.252249479949,9.86776212376,-9.84692254764
    ));
#1962 = CARTESIAN_POINT('',(54.379827777467,9.816414735617,
    -9.920121968788));
#1963 = CARTESIAN_POINT('',(54.509877830595,9.767367757613,-9.9920509576
    ));
#1964 = CARTESIAN_POINT('',(54.906166640068,9.627803318253,
    -10.20304812862));
#1965 = CARTESIAN_POINT('',(55.17964062129,9.54436575642,-10.33800181459
    ));
#1966 = CARTESIAN_POINT('',(55.462296664056,9.471170984501,
    -10.46639812944));
#1967 = CARTESIAN_POINT('',(55.753423000283,9.408814480018,
    -10.58718984244));
#1968 = CARTESIAN_POINT('',(56.052010681267,9.357635556226,
    -10.69938126734));
#1969 = CARTESIAN_POINT('',(56.601957991948,9.285460142208,
    -10.88486648346));
#1970 = CARTESIAN_POINT('',(56.851225959284,9.260519117237,
    -10.96149527082));
#1971 = CARTESIAN_POINT('',(57.103780673643,9.24283923309,
    -11.03159184732));
#1972 = CARTESIAN_POINT('',(57.358923176423,9.232280912755,
    -11.09483988869));
#1973 = CARTESIAN_POINT('',(57.615960508698,9.228588642375,
    -11.15102921165));
#1974 = CARTESIAN_POINT('',(57.997893296432,9.23278436443,
    -11.22352069225));
#1975 = CARTESIAN_POINT('',(58.121857603565,9.23564065786,
    -11.24535133208));
#1976 = CARTESIAN_POINT('',(58.246034962024,9.239957774964,
    -11.26552583807));
#1977 = CARTESIAN_POINT('',(58.370359018713,9.245695033058,
    -11.2840375861));
#1978 = CARTESIAN_POINT('',(58.494767668343,9.252808977207,
    -11.30088449412));
#1979 = CARTESIAN_POINT('',(58.850188437119,9.276931685206,
    -11.34425325849));
#1980 = CARTESIAN_POINT('',(59.081264759744,9.297197232026,
    -11.36670720141));
#1981 = CARTESIAN_POINT('',(59.312067115493,9.321761973841,
    -11.38344172998));
#1982 = CARTESIAN_POINT('',(59.542286068316,9.350320088734,
    -11.39451186075));
#1983 = CARTESIAN_POINT('',(59.771665431192,9.382565278272,-11.4));
#1984 = CARTESIAN_POINT('',(60.,9.418206931238,-11.4));
#1985 = PCURVE('',#576,#1986);
#1986 = DEFINITIONAL_REPRESENTATION('',(#1987),#2030);
#1987 = B_SPLINE_CURVE_WITH_KNOTS('',6,(#1988,#1989,#1990,#1991,#1992,
    #1993,#1994,#1995,#1996,#1997,#1998,#1999,#2000,#2001,#2002,#2003,
    #2004,#2005,#2006,#2007,#2008,#2009,#2010,#2011,#2012,#2013,#2014,
    #2015,#2016,#2017,#2018,#2019,#2020,#2021,#2022,#2023,#2024,#2025,
    #2026,#2027,#2028,#2029),.UNSPECIFIED.,.F.,.F.,(7,5,5,5,5,5,5,5,7),(
    0.,0.251054156024,0.49561403947,0.60861462536,0.666272864615,
    0.781098282577,0.87354348363,0.917816841954,1.),.UNSPECIFIED.);
#1988 = CARTESIAN_POINT('',(3.533758507508,3.604651601078));
#1989 = CARTESIAN_POINT('',(3.56845576281,4.02596491678));
#1990 = CARTESIAN_POINT('',(3.60370963551,4.444173931676));
#1991 = CARTESIAN_POINT('',(3.639683409442,4.858484516492));
#1992 = CARTESIAN_POINT('',(3.676548671014,5.267733519158));
#1993 = CARTESIAN_POINT('',(3.714496622134,5.670368123153));
#1994 = CARTESIAN_POINT('',(3.792063308322,6.44806944789));
#1995 = CARTESIAN_POINT('',(3.831586919402,6.823312368011));
#1996 = CARTESIAN_POINT('',(3.872626080689,7.188436360261));
#1997 = CARTESIAN_POINT('',(3.915436855078,7.540496618732));
#1998 = CARTESIAN_POINT('',(3.960283218961,7.87522806247));
#1999 = CARTESIAN_POINT('',(4.029296716893,8.33128552542));
#2000 = CARTESIAN_POINT('',(4.051602901962,8.47049682894));
#2001 = CARTESIAN_POINT('',(4.074430224184,8.604219181335));
#2002 = CARTESIAN_POINT('',(4.097796614205,8.731776703192));
#2003 = CARTESIAN_POINT('',(4.121711466255,8.85242009447));
#2004 = CARTESIAN_POINT('',(4.158650314529,9.02304139923));
#2005 = CARTESIAN_POINT('',(4.171271663953,9.078689226904));
#2006 = CARTESIAN_POINT('',(4.184033347578,9.13223787624));
#2007 = CARTESIAN_POINT('',(4.196933303451,9.183585264383));
#2008 = CARTESIAN_POINT('',(4.209968158276,9.232632242387));
#2009 = CARTESIAN_POINT('',(4.249350569976,9.372196681747));
#2010 = CARTESIAN_POINT('',(4.276088711997,9.45563424358));
#2011 = CARTESIAN_POINT('',(4.303299933503,9.528829015499));
#2012 = CARTESIAN_POINT('',(4.330924746849,9.591185519982));
#2013 = CARTESIAN_POINT('',(4.358888233185,9.642364443774));
#2014 = CARTESIAN_POINT('',(4.40979920276,9.714539857792));
#2015 = CARTESIAN_POINT('',(4.432666314537,9.739480882763));
#2016 = CARTESIAN_POINT('',(4.455644585893,9.75716076691));
#2017 = CARTESIAN_POINT('',(4.478689564186,9.767719087245));
#2018 = CARTESIAN_POINT('',(4.501760333815,9.771411357625));
#2019 = CARTESIAN_POINT('',(4.535861335858,9.76721563557));
#2020 = CARTESIAN_POINT('',(4.54690175753,9.76435934214));
#2021 = CARTESIAN_POINT('',(4.557935875059,9.760042225036));
#2022 = CARTESIAN_POINT('',(4.568960278264,9.754304966942));
#2023 = CARTESIAN_POINT('',(4.579971966115,9.747191022793));
#2024 = CARTESIAN_POINT('',(4.611380469662,9.723068314794));
#2025 = CARTESIAN_POINT('',(4.631739648033,9.702802767974));
#2026 = CARTESIAN_POINT('',(4.652029540749,9.678238026159));
#2027 = CARTESIAN_POINT('',(4.67223862739,9.649679911266));
#2028 = CARTESIAN_POINT('',(4.692359632244,9.617434721728));
#2029 = CARTESIAN_POINT('',(4.712388980385,9.581793068762));
#2030 = ( GEOMETRIC_REPRESENTATION_CONTEXT(2) 
PARAMETRIC_REPRESENTATION_CONTEXT() REPRESENTATION_CONTEXT('2D SPACE',''
  ) );
#2031 = PCURVE('',#820,#2032);
#2032 = DEFINITIONAL_REPRESENTATION('',(#2033),#2076);
#2033 = B_SPLINE_CURVE_WITH_KNOTS('',6,(#2034,#2035,#2036,#2037,#2038,
    #2039,#2040,#2041,#2042,#2043,#2044,#2045,#2046,#2047,#2048,#2049,
    #2050,#2051,#2052,#2053,#2054,#2055,#2056,#2057,#2058,#2059,#2060,
    #2061,#2062,#2063,#2064,#2065,#2066,#2067,#2068,#2069,#2070,#2071,
    #2072,#2073,#2074,#2075),.UNSPECIFIED.,.F.,.F.,(7,5,5,5,5,5,5,5,7),(
    0.,0.251054156024,0.49561403947,0.60861462536,0.666272864615,
    0.781098282577,0.87354348363,0.917816841954,1.),.UNSPECIFIED.);
#2034 = CARTESIAN_POINT('',(3.,0.912212071433));
#2035 = CARTESIAN_POINT('',(2.961767933211,0.913471863552));
#2036 = CARTESIAN_POINT('',(2.923303113726,0.914878694616));
#2037 = CARTESIAN_POINT('',(2.884588558074,0.916443366684));
#2038 = CARTESIAN_POINT('',(2.845623327974,0.918180386936));
#2039 = CARTESIAN_POINT('',(2.806420719616,0.920108058498));
#2040 = CARTESIAN_POINT('',(2.728599940497,0.924342674757));
#2041 = CARTESIAN_POINT('',(2.69001963303,0.926637073687));
#2042 = CARTESIAN_POINT('',(2.651249003816,0.929162100475));
#2043 = CARTESIAN_POINT('',(2.61236556953,0.931947801757));
#2044 = CARTESIAN_POINT('',(2.573532033762,0.935028256134));
#2045 = CARTESIAN_POINT('',(2.517198473253,0.940022009659));
#2046 = CARTESIAN_POINT('',(2.499466070231,0.941671203185));
#2047 = CARTESIAN_POINT('',(2.481834034203,0.943394888428));
#2048 = CARTESIAN_POINT('',(2.464343307709,0.945196032668));
#2049 = CARTESIAN_POINT('',(2.447045761983,0.947076794013));
#2050 = CARTESIAN_POINT('',(2.421307005445,0.950038324381));
#2051 = CARTESIAN_POINT('',(2.412677548066,0.951059751745));
#2052 = CARTESIAN_POINT('',(2.404123066595,0.952102079));
#2053 = CARTESIAN_POINT('',(2.39565272734,0.953165231479));
#2054 = CARTESIAN_POINT('',(2.387276321557,0.954248981922));
#2055 = CARTESIAN_POINT('',(2.362530241683,0.957551388667));
#2056 = CARTESIAN_POINT('',(2.346466536424,0.959830338511));
#2057 = CARTESIAN_POINT('',(2.330900293001,0.962185805534));
#2058 = CARTESIAN_POINT('',(2.315916971581,0.964611858336));
#2059 = CARTESIAN_POINT('',(2.301596506257,0.967100089011));
#2060 = CARTESIAN_POINT('',(2.277068544515,0.971682983266));
#2061 = CARTESIAN_POINT('',(2.266601362233,0.973760216327));
#2062 = CARTESIAN_POINT('',(2.256642323618,0.975864838947));
#2063 = CARTESIAN_POINT('',(2.247216020791,0.97799102647));
#2064 = CARTESIAN_POINT('',(2.238337872953,0.980133004239));
#2065 = CARTESIAN_POINT('',(2.226030414948,0.98331577747));
#2066 = CARTESIAN_POINT('',(2.222172316327,0.984348813363));
#2067 = CARTESIAN_POINT('',(2.218442389445,0.985383624684));
#2068 = CARTESIAN_POINT('',(2.21484092649,0.986419658489));
#2069 = CARTESIAN_POINT('',(2.211367826505,0.987456397236));
#2070 = CARTESIAN_POINT('',(2.20181318317,0.990418236976));
#2071 = CARTESIAN_POINT('',(2.196044612012,0.992343872998));
#2072 = CARTESIAN_POINT('',(2.190714115414,0.994267225962));
#2073 = CARTESIAN_POINT('',(2.18581518037,0.996185717236));
#2074 = CARTESIAN_POINT('',(2.181339003383,0.998097211927));
#2075 = CARTESIAN_POINT('',(2.177275866405,1.));
#2076 = ( GEOMETRIC_REPRESENTATION_CONTEXT(2) 
PARAMETRIC_REPRESENTATION_CONTEXT() REPRESENTATION_CONTEXT('2D SPACE',''
  ) );
#2077 = ADVANCED_FACE('',(#2078),#467,.F.);
#2078 = FACE_BOUND('',#2079,.F.);
#2079 = EDGE_LOOP('',(#2080,#2081,#2082,#2103));
#2080 = ORIENTED_EDGE('',*,*,#452,.F.);
#2081 = ORIENTED_EDGE('',*,*,#1750,.F.);
#2082 = ORIENTED_EDGE('',*,*,#2083,.F.);
#2083 = EDGE_CURVE('',#2084,#1751,#2086,.T.);
#2084 = VERTEX_POINT('',#2085);
#2085 = CARTESIAN_POINT('',(60.,8.,-13.85640646055));
#2086 = SURFACE_CURVE('',#2087,(#2090,#2096),.PCURVE_S1.);
#2087 = B_SPLINE_CURVE_WITH_KNOTS('',1,(#2088,#2089),.UNSPECIFIED.,.F.,
  .F.,(2,2),(2.,3.),.PIECEWISE_BEZIER_KNOTS.);
#2088 = CARTESIAN_POINT('',(60.,8.,-13.85640646055));
#2089 = CARTESIAN_POINT('',(60.,16.,-3.918869757272E-15));
#2090 = PCURVE('',#467,#2091);
#2091 = DEFINITIONAL_REPRESENTATION('',(#2092),#2095);
#2092 = B_SPLINE_CURVE_WITH_KNOTS('',1,(#2093,#2094),.UNSPECIFIED.,.F.,
  .F.,(2,2),(2.,3.),.PIECEWISE_BEZIER_KNOTS.);
#2093 = CARTESIAN_POINT('',(24.,13.856406460551));
#2094 = CARTESIAN_POINT('',(32.,3.944304526105E-31));
#2095 = ( GEOMETRIC_REPRESENTATION_CONTEXT(2) 
PARAMETRIC_REPRESENTATION_CONTEXT() REPRESENTATION_CONTEXT('2D SPACE',''
  ) );
#2096 = PCURVE('',#820,#2097);
#2097 = DEFINITIONAL_REPRESENTATION('',(#2098),#2102);
#2098 = LINE('',#2099,#2100);
#2099 = CARTESIAN_POINT('',(0.,1.));
#2100 = VECTOR('',#2101,1.);
#2101 = DIRECTION('',(1.,0.));
#2102 = ( GEOMETRIC_REPRESENTATION_CONTEXT(2) 
PARAMETRIC_REPRESENTATION_CONTEXT() REPRESENTATION_CONTEXT('2D SPACE',''
  ) );
#2103 = ORIENTED_EDGE('',*,*,#2104,.F.);
#2104 = EDGE_CURVE('',#420,#2084,#2105,.T.);
#2105 = SURFACE_CURVE('',#2106,(#2109,#2115),.PCURVE_S1.);
#2106 = B_SPLINE_CURVE_WITH_KNOTS('',1,(#2107,#2108),.UNSPECIFIED.,.F.,
  .F.,(2,2),(1.,2.),.PIECEWISE_BEZIER_KNOTS.);
#2107 = CARTESIAN_POINT('',(60.,-8.,-13.85640646055));
#2108 = CARTESIAN_POINT('',(60.,8.,-13.85640646055));
#2109 = PCURVE('',#467,#2110);
#2110 = DEFINITIONAL_REPRESENTATION('',(#2111),#2114);
#2111 = B_SPLINE_CURVE_WITH_KNOTS('',1,(#2112,#2113),.UNSPECIFIED.,.F.,
  .F.,(2,2),(1.,2.),.PIECEWISE_BEZIER_KNOTS.);
#2112 = CARTESIAN_POINT('',(8.,13.856406460551));
#2113 = CARTESIAN_POINT('',(24.,13.856406460551));
#2114 = ( GEOMETRIC_REPRESENTATION_CONTEXT(2) 
PARAMETRIC_REPRESENTATION_CONTEXT() REPRESENTATION_CONTEXT('2D SPACE',''
  ) );
#2115 = PCURVE('',#271,#2116);
#2116 = DEFINITIONAL_REPRESENTATION('',(#2117),#2121);
#2117 = LINE('',#2118,#2119);
#2118 = CARTESIAN_POINT('',(0.,1.));
#2119 = VECTOR('',#2120,1.);
#2120 = DIRECTION('',(1.,0.));
#2121 = ( GEOMETRIC_REPRESENTATION_CONTEXT(2) 
PARAMETRIC_REPRESENTATION_CONTEXT() REPRESENTATION_CONTEXT('2D SPACE',''
  ) );
#2122 = ADVANCED_FACE('',(#2123),#271,.T.);
#2123 = FACE_BOUND('',#2124,.T.);
#2124 = EDGE_LOOP('',(#2125,#2126,#2147,#2180,#2209,#2238,#2267,#2298,
    #2299,#2300,#2329,#2363));
#2125 = ORIENTED_EDGE('',*,*,#245,.F.);
#2126 = ORIENTED_EDGE('',*,*,#2127,.T.);
#2127 = EDGE_CURVE('',#220,#2128,#2130,.T.);
#2128 = VERTEX_POINT('',#2129);
#2129 = CARTESIAN_POINT('',(-60.,-8.,13.856406460551));
#2130 = SURFACE_CURVE('',#2131,(#2134,#2141),.PCURVE_S1.);
#2131 = B_SPLINE_CURVE_WITH_KNOTS('',1,(#2132,#2133),.UNSPECIFIED.,.F.,
  .F.,(2,2),(1.,2.),.PIECEWISE_BEZIER_KNOTS.);
#2132 = CARTESIAN_POINT('',(-60.,8.,13.856406460551));
#2133 = CARTESIAN_POINT('',(-60.,-8.,13.856406460551));
#2134 = PCURVE('',#271,#2135);
#2135 = DEFINITIONAL_REPRESENTATION('',(#2136),#2140);
#2136 = LINE('',#2137,#2138);
#2137 = CARTESIAN_POINT('',(0.,0.));
#2138 = VECTOR('',#2139,1.);
#2139 = DIRECTION('',(1.,0.));
#2140 = ( GEOMETRIC_REPRESENTATION_CONTEXT(2) 
PARAMETRIC_REPRESENTATION_CONTEXT() REPRESENTATION_CONTEXT('2D SPACE',''
  ) );
#2141 = PCURVE('',#234,#2142);
#2142 = DEFINITIONAL_REPRESENTATION('',(#2143),#2146);
#2143 = B_SPLINE_CURVE_WITH_KNOTS('',1,(#2144,#2145),.UNSPECIFIED.,.F.,
  .F.,(2,2),(1.,2.),.PIECEWISE_BEZIER_KNOTS.);
#2144 = CARTESIAN_POINT('',(8.,13.856406460551));
#2145 = CARTESIAN_POINT('',(24.,13.856406460551));
#2146 = ( GEOMETRIC_REPRESENTATION_CONTEXT(2) 
PARAMETRIC_REPRESENTATION_CONTEXT() REPRESENTATION_CONTEXT('2D SPACE',''
  ) );
#2147 = ORIENTED_EDGE('',*,*,#2148,.T.);
#2148 = EDGE_CURVE('',#2128,#2149,#2151,.T.);
#2149 = VERTEX_POINT('',#2150);
#2150 = CARTESIAN_POINT('',(42.5,1.046450031999,-15.96574290419));
#2151 = SURFACE_CURVE('',#2152,(#2166,#2173),.PCURVE_S1.);
#2152 = ( BOUNDED_CURVE() B_SPLINE_CURVE(7,(#2153,#2154,#2155,#2156,
    #2157,#2158,#2159,#2160,#2161,#2162,#2163,#2164,#2165),
.UNSPECIFIED.,.F.,.F.) B_SPLINE_CURVE_WITH_KNOTS((8,5,8),(0.,0.5,1.),
.UNSPECIFIED.) CURVE() GEOMETRIC_REPRESENTATION_ITEM() 
RATIONAL_B_SPLINE_CURVE((1.,1.,1.,1.,1.,1.,1.,1.,1.,1.,1.,1.,1.)) 
REPRESENTATION_ITEM('') );
#2153 = CARTESIAN_POINT('',(-60.,-8.,13.856406460551));
#2154 = CARTESIAN_POINT('',(-51.42857142857,-11.10938787804,
    12.061217219826));
#2155 = CARTESIAN_POINT('',(-42.85714285714,-13.74868827395,
    9.451956485558));
#2156 = CARTESIAN_POINT('',(-34.28571428571,-15.66259979878,
    6.176441607069));
#2157 = CARTESIAN_POINT('',(-25.71428571428,-16.6523271486,2.48231713815
    ));
#2158 = CARTESIAN_POINT('',(-17.14285714285,-16.63275345618,
    -1.311274164054));
#2159 = CARTESIAN_POINT('',(6.496604685213E-13,-14.67044993479,
    -8.469988218988));
#2160 = CARTESIAN_POINT('',(17.142857142856,-9.451973465491,
    -13.74874994591));
#2161 = CARTESIAN_POINT('',(25.714285714289,-6.176413872413,
    -15.6624969119));
#2162 = CARTESIAN_POINT('',(34.285714285708,-2.482344562681,
    -16.65243011858));
#2163 = CARTESIAN_POINT('',(42.857142857148,1.311290294985,
    -16.63269155673));
#2164 = CARTESIAN_POINT('',(51.428571428569,4.89062657391,
    -15.65162073279));
#2165 = CARTESIAN_POINT('',(60.,8.,-13.85640646055));
#2166 = PCURVE('',#271,#2167);
#2167 = DEFINITIONAL_REPRESENTATION('',(#2168),#2172);
#2168 = LINE('',#2169,#2170);
#2169 = CARTESIAN_POINT('',(2.,0.));
#2170 = VECTOR('',#2171,1.);
#2171 = DIRECTION('',(0.,1.));
#2172 = ( GEOMETRIC_REPRESENTATION_CONTEXT(2) 
PARAMETRIC_REPRESENTATION_CONTEXT() REPRESENTATION_CONTEXT('2D SPACE',''
  ) );
#2173 = PCURVE('',#820,#2174);
#2174 = DEFINITIONAL_REPRESENTATION('',(#2175),#2179);
#2175 = LINE('',#2176,#2177);
#2176 = CARTESIAN_POINT('',(2.,0.));
#2177 = VECTOR('',#2178,1.);
#2178 = DIRECTION('',(0.,1.));
#2179 = ( GEOMETRIC_REPRESENTATION_CONTEXT(2) 
PARAMETRIC_REPRESENTATION_CONTEXT() REPRESENTATION_CONTEXT('2D SPACE',''
  ) );
#2180 = ORIENTED_EDGE('',*,*,#2181,.T.);
#2181 = EDGE_CURVE('',#2149,#2182,#2184,.T.);
#2182 = VERTEX_POINT('',#2183);
#2183 = CARTESIAN_POINT('',(42.5,-3.,-13.97025456533));
#2184 = SURFACE_CURVE('',#2185,(#2191,#2200),.PCURVE_S1.);
#2185 = B_SPLINE_CURVE_WITH_KNOTS('',4,(#2186,#2187,#2188,#2189,#2190),
  .UNSPECIFIED.,.F.,.F.,(5,5),(0.,1.),.PIECEWISE_BEZIER_KNOTS.);
#2186 = CARTESIAN_POINT('',(42.5,1.046450031999,-15.96574290419));
#2187 = CARTESIAN_POINT('',(42.5,3.483752399937E-02,-15.46687081948));
#2188 = CARTESIAN_POINT('',(42.5,-0.976774984,-14.96799873476));
#2189 = CARTESIAN_POINT('',(42.5,-1.988387492,-14.46912665005));
#2190 = CARTESIAN_POINT('',(42.5,-3.,-13.97025456533));
#2191 = PCURVE('',#271,#2192);
#2192 = DEFINITIONAL_REPRESENTATION('',(#2193),#2199);
#2193 = B_SPLINE_CURVE_WITH_KNOTS('',4,(#2194,#2195,#2196,#2197,#2198),
  .UNSPECIFIED.,.F.,.F.,(5,5),(0.,1.),.PIECEWISE_BEZIER_KNOTS.);
#2194 = CARTESIAN_POINT('',(2.,0.854166666667));
#2195 = CARTESIAN_POINT('',(1.9295041778,0.854166666667));
#2196 = CARTESIAN_POINT('',(1.859008355599,0.854166666667));
#2197 = CARTESIAN_POINT('',(1.788512533399,0.854166666667));
#2198 = CARTESIAN_POINT('',(1.718016711198,0.854166666667));
#2199 = ( GEOMETRIC_REPRESENTATION_CONTEXT(2) 
PARAMETRIC_REPRESENTATION_CONTEXT() REPRESENTATION_CONTEXT('2D SPACE',''
  ) );
#2200 = PCURVE('',#1731,#2201);
#2201 = DEFINITIONAL_REPRESENTATION('',(#2202),#2208);
#2202 = B_SPLINE_CURVE_WITH_KNOTS('',4,(#2203,#2204,#2205,#2206,#2207),
  .UNSPECIFIED.,.F.,.F.,(5,5),(0.,1.),.PIECEWISE_BEZIER_KNOTS.);
#2203 = CARTESIAN_POINT('',(3.034257095802,-4.046450031999));
#2204 = CARTESIAN_POINT('',(3.533129180518,-3.034837523999));
#2205 = CARTESIAN_POINT('',(4.032001265233,-2.023225016));
#2206 = CARTESIAN_POINT('',(4.530873349949,-1.011612508));
#2207 = CARTESIAN_POINT('',(5.029745434664,0.));
#2208 = ( GEOMETRIC_REPRESENTATION_CONTEXT(2) 
PARAMETRIC_REPRESENTATION_CONTEXT() REPRESENTATION_CONTEXT('2D SPACE',''
  ) );
#2209 = ORIENTED_EDGE('',*,*,#2210,.T.);
#2210 = EDGE_CURVE('',#2182,#2211,#2213,.T.);
#2211 = VERTEX_POINT('',#2212);
#2212 = CARTESIAN_POINT('',(45.5,-3.,-13.72157910863));
#2213 = SURFACE_CURVE('',#2214,(#2220,#2229),.PCURVE_S1.);
#2214 = B_SPLINE_CURVE_WITH_KNOTS('',4,(#2215,#2216,#2217,#2218,#2219),
  .UNSPECIFIED.,.F.,.F.,(5,5),(0.,1.),.PIECEWISE_BEZIER_KNOTS.);
#2215 = CARTESIAN_POINT('',(42.5,-3.,-13.97025456533));
#2216 = CARTESIAN_POINT('',(43.248731234977,-3.,-13.89401607565));
#2217 = CARTESIAN_POINT('',(43.998466289642,-3.,-13.82755494505));
#2218 = CARTESIAN_POINT('',(44.748948664047,-3.,-13.77023118532));
#2219 = CARTESIAN_POINT('',(45.5,-3.,-13.72157910863));
#2220 = PCURVE('',#271,#2221);
#2221 = DEFINITIONAL_REPRESENTATION('',(#2222),#2228);
#2222 = B_SPLINE_CURVE_WITH_KNOTS('',4,(#2223,#2224,#2225,#2226,#2227),
  .UNSPECIFIED.,.F.,.F.,(5,5),(0.,1.),.PIECEWISE_BEZIER_KNOTS.);
#2223 = CARTESIAN_POINT('',(1.718016713532,0.854166666667));
#2224 = CARTESIAN_POINT('',(1.698933646892,0.860406093625));
#2225 = CARTESIAN_POINT('',(1.680209751055,0.866653885747));
#2226 = CARTESIAN_POINT('',(1.661792761536,0.872907905534));
#2227 = CARTESIAN_POINT('',(1.643637780024,0.879166666667));
#2228 = ( GEOMETRIC_REPRESENTATION_CONTEXT(2) 
PARAMETRIC_REPRESENTATION_CONTEXT() REPRESENTATION_CONTEXT('2D SPACE',''
  ) );
#2229 = PCURVE('',#1695,#2230);
#2230 = DEFINITIONAL_REPRESENTATION('',(#2231),#2237);
#2231 = B_SPLINE_CURVE_WITH_KNOTS('',4,(#2232,#2233,#2234,#2235,#2236),
  .UNSPECIFIED.,.F.,.F.,(5,5),(0.,1.),.PIECEWISE_BEZIER_KNOTS.);
#2232 = CARTESIAN_POINT('',(5.029745434664,0.));
#2233 = CARTESIAN_POINT('',(5.105983924342,0.748731234977));
#2234 = CARTESIAN_POINT('',(5.17244505495,1.498466289642));
#2235 = CARTESIAN_POINT('',(5.229768814675,2.248948664047));
#2236 = CARTESIAN_POINT('',(5.278420891362,3.));
#2237 = ( GEOMETRIC_REPRESENTATION_CONTEXT(2) 
PARAMETRIC_REPRESENTATION_CONTEXT() REPRESENTATION_CONTEXT('2D SPACE',''
  ) );
#2238 = ORIENTED_EDGE('',*,*,#2239,.F.);
#2239 = EDGE_CURVE('',#2240,#2211,#2242,.T.);
#2240 = VERTEX_POINT('',#2241);
#2241 = CARTESIAN_POINT('',(45.5,2.295882022543,-15.83442174456));
#2242 = SURFACE_CURVE('',#2243,(#2249,#2258),.PCURVE_S1.);
#2243 = B_SPLINE_CURVE_WITH_KNOTS('',4,(#2244,#2245,#2246,#2247,#2248),
  .UNSPECIFIED.,.F.,.F.,(5,5),(0.,1.),.PIECEWISE_BEZIER_KNOTS.);
#2244 = CARTESIAN_POINT('',(45.5,2.295882022543,-15.83442174456));
#2245 = CARTESIAN_POINT('',(45.5,0.971911516907,-15.30621108558));
#2246 = CARTESIAN_POINT('',(45.5,-0.352058988728,-14.7780004266));
#2247 = CARTESIAN_POINT('',(45.5,-1.676029494364,-14.24978976762));
#2248 = CARTESIAN_POINT('',(45.5,-3.,-13.72157910863));
#2249 = PCURVE('',#271,#2250);
#2250 = DEFINITIONAL_REPRESENTATION('',(#2251),#2257);
#2251 = B_SPLINE_CURVE_WITH_KNOTS('',4,(#2252,#2253,#2254,#2255,#2256),
  .UNSPECIFIED.,.F.,.F.,(5,5),(0.,1.),.PIECEWISE_BEZIER_KNOTS.);
#2252 = CARTESIAN_POINT('',(2.,0.879166666667));
#2253 = CARTESIAN_POINT('',(1.910909445006,0.879166666667));
#2254 = CARTESIAN_POINT('',(1.821818890012,0.879166666667));
#2255 = CARTESIAN_POINT('',(1.732728335018,0.879166666667));
#2256 = CARTESIAN_POINT('',(1.643637780024,0.879166666667));
#2257 = ( GEOMETRIC_REPRESENTATION_CONTEXT(2) 
PARAMETRIC_REPRESENTATION_CONTEXT() REPRESENTATION_CONTEXT('2D SPACE',''
  ) );
#2258 = PCURVE('',#1661,#2259);
#2259 = DEFINITIONAL_REPRESENTATION('',(#2260),#2266);
#2260 = B_SPLINE_CURVE_WITH_KNOTS('',4,(#2261,#2262,#2263,#2264,#2265),
  .UNSPECIFIED.,.F.,.F.,(5,5),(0.,1.),.PIECEWISE_BEZIER_KNOTS.);
#2261 = CARTESIAN_POINT('',(3.165578255432,-5.295882022543));
#2262 = CARTESIAN_POINT('',(3.693788914414,-3.971911516907));
#2263 = CARTESIAN_POINT('',(4.221999573397,-2.647941011272));
#2264 = CARTESIAN_POINT('',(4.750210232379,-1.323970505636));
#2265 = CARTESIAN_POINT('',(5.278420891362,0.));
#2266 = ( GEOMETRIC_REPRESENTATION_CONTEXT(2) 
PARAMETRIC_REPRESENTATION_CONTEXT() REPRESENTATION_CONTEXT('2D SPACE',''
  ) );
#2267 = ORIENTED_EDGE('',*,*,#2268,.T.);
#2268 = EDGE_CURVE('',#2240,#2084,#2269,.T.);
#2269 = SURFACE_CURVE('',#2270,(#2284,#2291),.PCURVE_S1.);
#2270 = ( BOUNDED_CURVE() B_SPLINE_CURVE(7,(#2271,#2272,#2273,#2274,
    #2275,#2276,#2277,#2278,#2279,#2280,#2281,#2282,#2283),
.UNSPECIFIED.,.F.,.F.) B_SPLINE_CURVE_WITH_KNOTS((8,5,8),(0.,0.5,1.),
.UNSPECIFIED.) CURVE() GEOMETRIC_REPRESENTATION_ITEM() 
RATIONAL_B_SPLINE_CURVE((1.,1.,1.,1.,1.,1.,1.,1.,1.,1.,1.,1.,1.)) 
REPRESENTATION_ITEM('') );
#2271 = CARTESIAN_POINT('',(-60.,-8.,13.856406460551));
#2272 = CARTESIAN_POINT('',(-51.42857142857,-11.10938787804,
    12.061217219826));
#2273 = CARTESIAN_POINT('',(-42.85714285714,-13.74868827395,
    9.451956485558));
#2274 = CARTESIAN_POINT('',(-34.28571428571,-15.66259979878,
    6.176441607069));
#2275 = CARTESIAN_POINT('',(-25.71428571428,-16.6523271486,2.48231713815
    ));
#2276 = CARTESIAN_POINT('',(-17.14285714285,-16.63275345618,
    -1.311274164054));
#2277 = CARTESIAN_POINT('',(6.496604685213E-13,-14.67044993479,
    -8.469988218988));
#2278 = CARTESIAN_POINT('',(17.142857142856,-9.451973465491,
    -13.74874994591));
#2279 = CARTESIAN_POINT('',(25.714285714289,-6.176413872413,
    -15.6624969119));
#2280 = CARTESIAN_POINT('',(34.285714285708,-2.482344562681,
    -16.65243011858));
#2281 = CARTESIAN_POINT('',(42.857142857148,1.311290294985,
    -16.63269155673));
#2282 = CARTESIAN_POINT('',(51.428571428569,4.89062657391,
    -15.65162073279));
#2283 = CARTESIAN_POINT('',(60.,8.,-13.85640646055));
#2284 = PCURVE('',#271,#2285);
#2285 = DEFINITIONAL_REPRESENTATION('',(#2286),#2290);
#2286 = LINE('',#2287,#2288);
#2287 = CARTESIAN_POINT('',(2.,0.));
#2288 = VECTOR('',#2289,1.);
#2289 = DIRECTION('',(0.,1.));
#2290 = ( GEOMETRIC_REPRESENTATION_CONTEXT(2) 
PARAMETRIC_REPRESENTATION_CONTEXT() REPRESENTATION_CONTEXT('2D SPACE',''
  ) );
#2291 = PCURVE('',#820,#2292);
#2292 = DEFINITIONAL_REPRESENTATION('',(#2293),#2297);
#2293 = LINE('',#2294,#2295);
#2294 = CARTESIAN_POINT('',(2.,0.));
#2295 = VECTOR('',#2296,1.);
#2296 = DIRECTION('',(0.,1.));
#2297 = ( GEOMETRIC_REPRESENTATION_CONTEXT(2) 
PARAMETRIC_REPRESENTATION_CONTEXT() REPRESENTATION_CONTEXT('2D SPACE',''
  ) );
#2298 = ORIENTED_EDGE('',*,*,#2104,.F.);
#2299 = ORIENTED_EDGE('',*,*,#419,.F.);
#2300 = ORIENTED_EDGE('',*,*,#2301,.F.);
#2301 = EDGE_CURVE('',#2302,#380,#2304,.T.);
#2302 = VERTEX_POINT('',#2303);
#2303 = CARTESIAN_POINT('',(-42.5,-3.,13.970254565336));
#2304 = SURFACE_CURVE('',#2305,(#2311,#2320),.PCURVE_S1.);
#2305 = B_SPLINE_CURVE_WITH_KNOTS('',4,(#2306,#2307,#2308,#2309,#2310),
  .UNSPECIFIED.,.F.,.F.,(5,5),(0.,1.),.PIECEWISE_BEZIER_KNOTS.);
#2306 = CARTESIAN_POINT('',(-42.5,-3.,13.970254565336));
#2307 = CARTESIAN_POINT('',(-42.5,-1.988387492,14.469126650051));
#2308 = CARTESIAN_POINT('',(-42.5,-0.976774984,14.967998734767));
#2309 = CARTESIAN_POINT('',(-42.5,3.483752399934E-02,15.466870819482));
#2310 = CARTESIAN_POINT('',(-42.5,1.046450031999,15.965742904198));
#2311 = PCURVE('',#271,#2312);
#2312 = DEFINITIONAL_REPRESENTATION('',(#2313),#2319);
#2313 = B_SPLINE_CURVE_WITH_KNOTS('',4,(#2314,#2315,#2316,#2317,#2318),
  .UNSPECIFIED.,.F.,.F.,(5,5),(0.,1.),.PIECEWISE_BEZIER_KNOTS.);
#2314 = CARTESIAN_POINT('',(1.281983288802,0.145833333333));
#2315 = CARTESIAN_POINT('',(1.211487466601,0.145833333333));
#2316 = CARTESIAN_POINT('',(1.140991644401,0.145833333333));
#2317 = CARTESIAN_POINT('',(1.0704958222,0.145833333333));
#2318 = CARTESIAN_POINT('',(1.,0.145833333333));
#2319 = ( GEOMETRIC_REPRESENTATION_CONTEXT(2) 
PARAMETRIC_REPRESENTATION_CONTEXT() REPRESENTATION_CONTEXT('2D SPACE',''
  ) );
#2320 = PCURVE('',#403,#2321);
#2321 = DEFINITIONAL_REPRESENTATION('',(#2322),#2328);
#2322 = B_SPLINE_CURVE_WITH_KNOTS('',4,(#2323,#2324,#2325,#2326,#2327),
  .UNSPECIFIED.,.F.,.F.,(5,5),(0.,1.),.PIECEWISE_BEZIER_KNOTS.);
#2323 = CARTESIAN_POINT('',(32.970254565336,0.));
#2324 = CARTESIAN_POINT('',(33.469126650051,-1.011612508));
#2325 = CARTESIAN_POINT('',(33.967998734767,-2.023225016));
#2326 = CARTESIAN_POINT('',(34.466870819482,-3.034837523999));
#2327 = CARTESIAN_POINT('',(34.965742904198,-4.046450031999));
#2328 = ( GEOMETRIC_REPRESENTATION_CONTEXT(2) 
PARAMETRIC_REPRESENTATION_CONTEXT() REPRESENTATION_CONTEXT('2D SPACE',''
  ) );
#2329 = ORIENTED_EDGE('',*,*,#2330,.F.);
#2330 = EDGE_CURVE('',#2331,#2302,#2333,.T.);
#2331 = VERTEX_POINT('',#2332);
#2332 = CARTESIAN_POINT('',(-45.5,-3.,13.721579108638));
#2333 = SURFACE_CURVE('',#2334,(#2340,#2349),.PCURVE_S1.);
#2334 = B_SPLINE_CURVE_WITH_KNOTS('',4,(#2335,#2336,#2337,#2338,#2339),
  .UNSPECIFIED.,.F.,.F.,(5,5),(0.,1.),.PIECEWISE_BEZIER_KNOTS.);
#2335 = CARTESIAN_POINT('',(-45.5,-3.,13.721579108638));
#2336 = CARTESIAN_POINT('',(-44.74894866386,-3.,13.770231185337));
#2337 = CARTESIAN_POINT('',(-43.99846628984,-3.,13.827554944347));
#2338 = CARTESIAN_POINT('',(-43.24873123462,-3.,13.89401607651));
#2339 = CARTESIAN_POINT('',(-42.5,-3.,13.970254565336));
#2340 = PCURVE('',#271,#2341);
#2341 = DEFINITIONAL_REPRESENTATION('',(#2342),#2348);
#2342 = B_SPLINE_CURVE_WITH_KNOTS('',4,(#2343,#2344,#2345,#2346,#2347),
  .UNSPECIFIED.,.F.,.F.,(5,5),(0.,1.),.PIECEWISE_BEZIER_KNOTS.);
#2343 = CARTESIAN_POINT('',(1.356362219976,0.120833333333));
#2344 = CARTESIAN_POINT('',(1.33820723846,0.127092094468));
#2345 = CARTESIAN_POINT('',(1.319790246031,0.133346114251));
#2346 = CARTESIAN_POINT('',(1.30106635541,0.139593906378));
#2347 = CARTESIAN_POINT('',(1.281983288802,0.145833333333));
#2348 = ( GEOMETRIC_REPRESENTATION_CONTEXT(2) 
PARAMETRIC_REPRESENTATION_CONTEXT() REPRESENTATION_CONTEXT('2D SPACE',''
  ) );
#2349 = PCURVE('',#2350,#2355);
#2350 = PLANE('',#2351);
#2351 = AXIS2_PLACEMENT_3D('',#2352,#2353,#2354);
#2352 = CARTESIAN_POINT('',(-45.5,-3.,-19.));
#2353 = DIRECTION('',(0.,1.,0.));
#2354 = DIRECTION('',(0.,0.,1.));
#2355 = DEFINITIONAL_REPRESENTATION('',(#2356),#2362);
#2356 = B_SPLINE_CURVE_WITH_KNOTS('',4,(#2357,#2358,#2359,#2360,#2361),
  .UNSPECIFIED.,.F.,.F.,(5,5),(0.,1.),.PIECEWISE_BEZIER_KNOTS.);
#2357 = CARTESIAN_POINT('',(32.721579108638,0.));
#2358 = CARTESIAN_POINT('',(32.770231185337,0.751051336139));
#2359 = CARTESIAN_POINT('',(32.827554944347,1.50153371016));
#2360 = CARTESIAN_POINT('',(32.89401607651,2.251268765377));
#2361 = CARTESIAN_POINT('',(32.970254565336,3.));
#2362 = ( GEOMETRIC_REPRESENTATION_CONTEXT(2) 
PARAMETRIC_REPRESENTATION_CONTEXT() REPRESENTATION_CONTEXT('2D SPACE',''
  ) );
#2363 = ORIENTED_EDGE('',*,*,#2364,.T.);
#2364 = EDGE_CURVE('',#2331,#246,#2365,.T.);
#2365 = SURFACE_CURVE('',#2366,(#2372,#2381),.PCURVE_S1.);
#2366 = B_SPLINE_CURVE_WITH_KNOTS('',4,(#2367,#2368,#2369,#2370,#2371),
  .UNSPECIFIED.,.F.,.F.,(5,5),(0.,1.),.PIECEWISE_BEZIER_KNOTS.);
#2367 = CARTESIAN_POINT('',(-45.5,-3.,13.721579108638));
#2368 = CARTESIAN_POINT('',(-45.5,-1.676029494364,14.24978976762));
#2369 = CARTESIAN_POINT('',(-45.5,-0.352058988728,14.778000426603));
#2370 = CARTESIAN_POINT('',(-45.5,0.971911516907,15.306211085586));
#2371 = CARTESIAN_POINT('',(-45.5,2.295882022543,15.834421744568));
#2372 = PCURVE('',#271,#2373);
#2373 = DEFINITIONAL_REPRESENTATION('',(#2374),#2380);
#2374 = B_SPLINE_CURVE_WITH_KNOTS('',4,(#2375,#2376,#2377,#2378,#2379),
  .UNSPECIFIED.,.F.,.F.,(5,5),(0.,1.),.PIECEWISE_BEZIER_KNOTS.);
#2375 = CARTESIAN_POINT('',(1.356362219976,0.120833333333));
#2376 = CARTESIAN_POINT('',(1.267271664982,0.120833333333));
#2377 = CARTESIAN_POINT('',(1.178181109988,0.120833333333));
#2378 = CARTESIAN_POINT('',(1.089090554994,0.120833333333));
#2379 = CARTESIAN_POINT('',(1.,0.120833333333));
#2380 = ( GEOMETRIC_REPRESENTATION_CONTEXT(2) 
PARAMETRIC_REPRESENTATION_CONTEXT() REPRESENTATION_CONTEXT('2D SPACE',''
  ) );
#2381 = PCURVE('',#329,#2382);
#2382 = DEFINITIONAL_REPRESENTATION('',(#2383),#2389);
#2383 = B_SPLINE_CURVE_WITH_KNOTS('',4,(#2384,#2385,#2386,#2387,#2388),
  .UNSPECIFIED.,.F.,.F.,(5,5),(0.,1.),.PIECEWISE_BEZIER_KNOTS.);
#2384 = CARTESIAN_POINT('',(32.721579108638,0.));
#2385 = CARTESIAN_POINT('',(33.24978976762,-1.323970505636));
#2386 = CARTESIAN_POINT('',(33.778000426603,-2.647941011272));
#2387 = CARTESIAN_POINT('',(34.306211085586,-3.971911516907));
#2388 = CARTESIAN_POINT('',(34.834421744568,-5.295882022543));
#2389 = ( GEOMETRIC_REPRESENTATION_CONTEXT(2) 
PARAMETRIC_REPRESENTATION_CONTEXT() REPRESENTATION_CONTEXT('2D SPACE',''
  ) );
#2390 = ADVANCED_FACE('',(#2391),#403,.F.);
#2391 = FACE_BOUND('',#2392,.F.);
#2392 = EDGE_LOOP('',(#2393,#2416,#2451,#2480,#2501,#2502));
#2393 = ORIENTED_EDGE('',*,*,#2394,.F.);
#2394 = EDGE_CURVE('',#2395,#2302,#2397,.T.);
#2395 = VERTEX_POINT('',#2396);
#2396 = CARTESIAN_POINT('',(-42.5,-3.,-14.66042255528));
#2397 = SURFACE_CURVE('',#2398,(#2402,#2409),.PCURVE_S1.);
#2398 = LINE('',#2399,#2400);
#2399 = CARTESIAN_POINT('',(-42.5,-3.,-19.));
#2400 = VECTOR('',#2401,1.);
#2401 = DIRECTION('',(0.,0.,1.));
#2402 = PCURVE('',#403,#2403);
#2403 = DEFINITIONAL_REPRESENTATION('',(#2404),#2408);
#2404 = LINE('',#2405,#2406);
#2405 = CARTESIAN_POINT('',(0.,0.));
#2406 = VECTOR('',#2407,1.);
#2407 = DIRECTION('',(1.,0.));
#2408 = ( GEOMETRIC_REPRESENTATION_CONTEXT(2) 
PARAMETRIC_REPRESENTATION_CONTEXT() REPRESENTATION_CONTEXT('2D SPACE',''
  ) );
#2409 = PCURVE('',#2350,#2410);
#2410 = DEFINITIONAL_REPRESENTATION('',(#2411),#2415);
#2411 = LINE('',#2412,#2413);
#2412 = CARTESIAN_POINT('',(0.,3.));
#2413 = VECTOR('',#2414,1.);
#2414 = DIRECTION('',(1.,0.));
#2415 = ( GEOMETRIC_REPRESENTATION_CONTEXT(2) 
PARAMETRIC_REPRESENTATION_CONTEXT() REPRESENTATION_CONTEXT('2D SPACE',''
  ) );
#2416 = ORIENTED_EDGE('',*,*,#2417,.F.);
#2417 = EDGE_CURVE('',#2418,#2395,#2420,.T.);
#2418 = VERTEX_POINT('',#2419);
#2419 = CARTESIAN_POINT('',(-42.5,-1.046450031999,-15.96574290419));
#2420 = SURFACE_CURVE('',#2421,(#2429,#2440),.PCURVE_S1.);
#2421 = B_SPLINE_CURVE_WITH_KNOTS('',6,(#2422,#2423,#2424,#2425,#2426,
    #2427,#2428),.UNSPECIFIED.,.F.,.F.,(7,7),(0.,1.),
  .PIECEWISE_BEZIER_KNOTS.);
#2422 = CARTESIAN_POINT('',(-42.5,-1.046450031999,-15.96574290419));
#2423 = CARTESIAN_POINT('',(-42.5,-1.432938002442,-15.70749990008));
#2424 = CARTESIAN_POINT('',(-42.5,-1.703988059205,-15.52639004343));
#2425 = CARTESIAN_POINT('',(-42.5,-2.03295938666,-15.30657843125));
#2426 = CARTESIAN_POINT('',(-42.5,-2.491115737646,-15.00044814653));
#2427 = CARTESIAN_POINT('',(-42.5,-2.95936673257,-14.68757283641));
#2428 = CARTESIAN_POINT('',(-42.5,-3.,-14.66042255528));
#2429 = PCURVE('',#403,#2430);
#2430 = DEFINITIONAL_REPRESENTATION('',(#2431),#2439);
#2431 = B_SPLINE_CURVE_WITH_KNOTS('',6,(#2432,#2433,#2434,#2435,#2436,
    #2437,#2438),.UNSPECIFIED.,.F.,.F.,(7,7),(0.,1.),
  .PIECEWISE_BEZIER_KNOTS.);
#2432 = CARTESIAN_POINT('',(3.034257095802,-1.953549968001));
#2433 = CARTESIAN_POINT('',(3.292500099918,-1.567061997558));
#2434 = CARTESIAN_POINT('',(3.473609956569,-1.296011940795));
#2435 = CARTESIAN_POINT('',(3.693421568746,-0.96704061334));
#2436 = CARTESIAN_POINT('',(3.999551853469,-0.508884262354));
#2437 = CARTESIAN_POINT('',(4.312427163588,-4.063326743028E-02));
#2438 = CARTESIAN_POINT('',(4.339577444711,0.));
#2439 = ( GEOMETRIC_REPRESENTATION_CONTEXT(2) 
PARAMETRIC_REPRESENTATION_CONTEXT() REPRESENTATION_CONTEXT('2D SPACE',''
  ) );
#2440 = PCURVE('',#1030,#2441);
#2441 = DEFINITIONAL_REPRESENTATION('',(#2442),#2450);
#2442 = B_SPLINE_CURVE_WITH_KNOTS('',6,(#2443,#2444,#2445,#2446,#2447,
    #2448,#2449),.UNSPECIFIED.,.F.,.F.,(7,7),(0.,1.),
  .PIECEWISE_BEZIER_KNOTS.);
#2443 = CARTESIAN_POINT('',(4.,0.145833333333));
#2444 = CARTESIAN_POINT('',(3.970948429678,0.145833333333));
#2445 = CARTESIAN_POINT('',(3.950574109164,0.145833333333));
#2446 = CARTESIAN_POINT('',(3.925845956196,0.145833333333));
#2447 = CARTESIAN_POINT('',(3.891407209154,0.145833333333));
#2448 = CARTESIAN_POINT('',(3.856209666804,0.145833333333));
#2449 = CARTESIAN_POINT('',(3.853155340884,0.145833333333));
#2450 = ( GEOMETRIC_REPRESENTATION_CONTEXT(2) 
PARAMETRIC_REPRESENTATION_CONTEXT() REPRESENTATION_CONTEXT('2D SPACE',''
  ) );
#2451 = ORIENTED_EDGE('',*,*,#2452,.F.);
#2452 = EDGE_CURVE('',#2453,#2418,#2455,.T.);
#2453 = VERTEX_POINT('',#2454);
#2454 = CARTESIAN_POINT('',(-42.5,3.,-13.97025456533));
#2455 = SURFACE_CURVE('',#2456,(#2462,#2471),.PCURVE_S1.);
#2456 = B_SPLINE_CURVE_WITH_KNOTS('',4,(#2457,#2458,#2459,#2460,#2461),
  .UNSPECIFIED.,.F.,.F.,(5,5),(0.,1.),.PIECEWISE_BEZIER_KNOTS.);
#2457 = CARTESIAN_POINT('',(-42.5,3.,-13.97025456533));
#2458 = CARTESIAN_POINT('',(-42.5,1.988387492,-14.46912665005));
#2459 = CARTESIAN_POINT('',(-42.5,0.976774984,-14.96799873476));
#2460 = CARTESIAN_POINT('',(-42.5,-3.483752399937E-02,-15.46687081948));
#2461 = CARTESIAN_POINT('',(-42.5,-1.046450031999,-15.96574290419));
#2462 = PCURVE('',#403,#2463);
#2463 = DEFINITIONAL_REPRESENTATION('',(#2464),#2470);
#2464 = B_SPLINE_CURVE_WITH_KNOTS('',4,(#2465,#2466,#2467,#2468,#2469),
  .UNSPECIFIED.,.F.,.F.,(5,5),(0.,1.),.PIECEWISE_BEZIER_KNOTS.);
#2465 = CARTESIAN_POINT('',(5.029745434664,-6.));
#2466 = CARTESIAN_POINT('',(4.530873349949,-4.988387492));
#2467 = CARTESIAN_POINT('',(4.032001265233,-3.976774984));
#2468 = CARTESIAN_POINT('',(3.533129180518,-2.965162476001));
#2469 = CARTESIAN_POINT('',(3.034257095802,-1.953549968001));
#2470 = ( GEOMETRIC_REPRESENTATION_CONTEXT(2) 
PARAMETRIC_REPRESENTATION_CONTEXT() REPRESENTATION_CONTEXT('2D SPACE',''
  ) );
#2471 = PCURVE('',#1387,#2472);
#2472 = DEFINITIONAL_REPRESENTATION('',(#2473),#2479);
#2473 = B_SPLINE_CURVE_WITH_KNOTS('',4,(#2474,#2475,#2476,#2477,#2478),
  .UNSPECIFIED.,.F.,.F.,(5,5),(0.,1.),.PIECEWISE_BEZIER_KNOTS.);
#2474 = CARTESIAN_POINT('',(4.281983288802,0.145833333333));
#2475 = CARTESIAN_POINT('',(4.211487466601,0.145833333333));
#2476 = CARTESIAN_POINT('',(4.140991644401,0.145833333333));
#2477 = CARTESIAN_POINT('',(4.0704958222,0.145833333333));
#2478 = CARTESIAN_POINT('',(4.,0.145833333333));
#2479 = ( GEOMETRIC_REPRESENTATION_CONTEXT(2) 
PARAMETRIC_REPRESENTATION_CONTEXT() REPRESENTATION_CONTEXT('2D SPACE',''
  ) );
#2480 = ORIENTED_EDGE('',*,*,#2481,.T.);
#2481 = EDGE_CURVE('',#2453,#346,#2482,.T.);
#2482 = SURFACE_CURVE('',#2483,(#2487,#2494),.PCURVE_S1.);
#2483 = LINE('',#2484,#2485);
#2484 = CARTESIAN_POINT('',(-42.5,3.,-19.));
#2485 = VECTOR('',#2486,1.);
#2486 = DIRECTION('',(0.,0.,1.));
#2487 = PCURVE('',#403,#2488);
#2488 = DEFINITIONAL_REPRESENTATION('',(#2489),#2493);
#2489 = LINE('',#2490,#2491);
#2490 = CARTESIAN_POINT('',(0.,-6.));
#2491 = VECTOR('',#2492,1.);
#2492 = DIRECTION('',(1.,0.));
#2493 = ( GEOMETRIC_REPRESENTATION_CONTEXT(2) 
PARAMETRIC_REPRESENTATION_CONTEXT() REPRESENTATION_CONTEXT('2D SPACE',''
  ) );
#2494 = PCURVE('',#365,#2495);
#2495 = DEFINITIONAL_REPRESENTATION('',(#2496),#2500);
#2496 = LINE('',#2497,#2498);
#2497 = CARTESIAN_POINT('',(0.,3.));
#2498 = VECTOR('',#2499,1.);
#2499 = DIRECTION('',(1.,0.));
#2500 = ( GEOMETRIC_REPRESENTATION_CONTEXT(2) 
PARAMETRIC_REPRESENTATION_CONTEXT() REPRESENTATION_CONTEXT('2D SPACE',''
  ) );
#2501 = ORIENTED_EDGE('',*,*,#379,.F.);
#2502 = ORIENTED_EDGE('',*,*,#2301,.F.);
#2503 = ADVANCED_FACE('',(#2504),#365,.F.);
#2504 = FACE_BOUND('',#2505,.F.);
#2505 = EDGE_LOOP('',(#2506,#2507,#2536,#2557));
#2506 = ORIENTED_EDGE('',*,*,#2481,.F.);
#2507 = ORIENTED_EDGE('',*,*,#2508,.F.);
#2508 = EDGE_CURVE('',#2509,#2453,#2511,.T.);
#2509 = VERTEX_POINT('',#2510);
#2510 = CARTESIAN_POINT('',(-45.5,3.,-13.72157910863));
#2511 = SURFACE_CURVE('',#2512,(#2518,#2527),.PCURVE_S1.);
#2512 = B_SPLINE_CURVE_WITH_KNOTS('',4,(#2513,#2514,#2515,#2516,#2517),
  .UNSPECIFIED.,.F.,.F.,(5,5),(0.,1.),.PIECEWISE_BEZIER_KNOTS.);
#2513 = CARTESIAN_POINT('',(-45.5,3.,-13.72157910863));
#2514 = CARTESIAN_POINT('',(-44.74894866386,3.,-13.77023118533));
#2515 = CARTESIAN_POINT('',(-43.99846628984,3.,-13.82755494434));
#2516 = CARTESIAN_POINT('',(-43.24873123462,3.,-13.89401607651));
#2517 = CARTESIAN_POINT('',(-42.5,3.,-13.97025456533));
#2518 = PCURVE('',#365,#2519);
#2519 = DEFINITIONAL_REPRESENTATION('',(#2520),#2526);
#2520 = B_SPLINE_CURVE_WITH_KNOTS('',4,(#2521,#2522,#2523,#2524,#2525),
  .UNSPECIFIED.,.F.,.F.,(5,5),(0.,1.),.PIECEWISE_BEZIER_KNOTS.);
#2521 = CARTESIAN_POINT('',(5.278420891362,0.));
#2522 = CARTESIAN_POINT('',(5.229768814663,0.751051336139));
#2523 = CARTESIAN_POINT('',(5.172445055653,1.50153371016));
#2524 = CARTESIAN_POINT('',(5.10598392349,2.251268765377));
#2525 = CARTESIAN_POINT('',(5.029745434664,3.));
#2526 = ( GEOMETRIC_REPRESENTATION_CONTEXT(2) 
PARAMETRIC_REPRESENTATION_CONTEXT() REPRESENTATION_CONTEXT('2D SPACE',''
  ) );
#2527 = PCURVE('',#1387,#2528);
#2528 = DEFINITIONAL_REPRESENTATION('',(#2529),#2535);
#2529 = B_SPLINE_CURVE_WITH_KNOTS('',4,(#2530,#2531,#2532,#2533,#2534),
  .UNSPECIFIED.,.F.,.F.,(5,5),(0.,1.),.PIECEWISE_BEZIER_KNOTS.);
#2530 = CARTESIAN_POINT('',(4.356362219976,0.120833333333));
#2531 = CARTESIAN_POINT('',(4.33820723846,0.127092094468));
#2532 = CARTESIAN_POINT('',(4.319790246031,0.133346114251));
#2533 = CARTESIAN_POINT('',(4.30106635541,0.139593906378));
#2534 = CARTESIAN_POINT('',(4.281983288802,0.145833333333));
#2535 = ( GEOMETRIC_REPRESENTATION_CONTEXT(2) 
PARAMETRIC_REPRESENTATION_CONTEXT() REPRESENTATION_CONTEXT('2D SPACE',''
  ) );
#2536 = ORIENTED_EDGE('',*,*,#2537,.T.);
#2537 = EDGE_CURVE('',#2509,#306,#2538,.T.);
#2538 = SURFACE_CURVE('',#2539,(#2543,#2550),.PCURVE_S1.);
#2539 = LINE('',#2540,#2541);
#2540 = CARTESIAN_POINT('',(-45.5,3.,-19.));
#2541 = VECTOR('',#2542,1.);
#2542 = DIRECTION('',(0.,0.,1.));
#2543 = PCURVE('',#365,#2544);
#2544 = DEFINITIONAL_REPRESENTATION('',(#2545),#2549);
#2545 = LINE('',#2546,#2547);
#2546 = CARTESIAN_POINT('',(0.,0.));
#2547 = VECTOR('',#2548,1.);
#2548 = DIRECTION('',(1.,0.));
#2549 = ( GEOMETRIC_REPRESENTATION_CONTEXT(2) 
PARAMETRIC_REPRESENTATION_CONTEXT() REPRESENTATION_CONTEXT('2D SPACE',''
  ) );
#2550 = PCURVE('',#329,#2551);
#2551 = DEFINITIONAL_REPRESENTATION('',(#2552),#2556);
#2552 = LINE('',#2553,#2554);
#2553 = CARTESIAN_POINT('',(0.,-6.));
#2554 = VECTOR('',#2555,1.);
#2555 = DIRECTION('',(1.,0.));
#2556 = ( GEOMETRIC_REPRESENTATION_CONTEXT(2) 
PARAMETRIC_REPRESENTATION_CONTEXT() REPRESENTATION_CONTEXT('2D SPACE',''
  ) );
#2557 = ORIENTED_EDGE('',*,*,#345,.T.);
#2558 = ADVANCED_FACE('',(#2559),#329,.T.);
#2559 = FACE_BOUND('',#2560,.T.);
#2560 = EDGE_LOOP('',(#2561,#2584,#2619,#2646,#2647,#2648));
#2561 = ORIENTED_EDGE('',*,*,#2562,.F.);
#2562 = EDGE_CURVE('',#2563,#2331,#2565,.T.);
#2563 = VERTEX_POINT('',#2564);
#2564 = CARTESIAN_POINT('',(-45.5,-3.,-15.27933987914));
#2565 = SURFACE_CURVE('',#2566,(#2570,#2577),.PCURVE_S1.);
#2566 = LINE('',#2567,#2568);
#2567 = CARTESIAN_POINT('',(-45.5,-3.,-19.));
#2568 = VECTOR('',#2569,1.);
#2569 = DIRECTION('',(0.,0.,1.));
#2570 = PCURVE('',#329,#2571);
#2571 = DEFINITIONAL_REPRESENTATION('',(#2572),#2576);
#2572 = LINE('',#2573,#2574);
#2573 = CARTESIAN_POINT('',(0.,0.));
#2574 = VECTOR('',#2575,1.);
#2575 = DIRECTION('',(1.,0.));
#2576 = ( GEOMETRIC_REPRESENTATION_CONTEXT(2) 
PARAMETRIC_REPRESENTATION_CONTEXT() REPRESENTATION_CONTEXT('2D SPACE',''
  ) );
#2577 = PCURVE('',#2350,#2578);
#2578 = DEFINITIONAL_REPRESENTATION('',(#2579),#2583);
#2579 = LINE('',#2580,#2581);
#2580 = CARTESIAN_POINT('',(0.,0.));
#2581 = VECTOR('',#2582,1.);
#2582 = DIRECTION('',(1.,0.));
#2583 = ( GEOMETRIC_REPRESENTATION_CONTEXT(2) 
PARAMETRIC_REPRESENTATION_CONTEXT() REPRESENTATION_CONTEXT('2D SPACE',''
  ) );
#2584 = ORIENTED_EDGE('',*,*,#2585,.F.);
#2585 = EDGE_CURVE('',#2586,#2563,#2588,.T.);
#2586 = VERTEX_POINT('',#2587);
#2587 = CARTESIAN_POINT('',(-45.5,-2.295882022543,-15.83442174456));
#2588 = SURFACE_CURVE('',#2589,(#2597,#2608),.PCURVE_S1.);
#2589 = B_SPLINE_CURVE_WITH_KNOTS('',3,(#2590,#2591,#2592,#2593,#2594,
    #2595,#2596),.UNSPECIFIED.,.F.,.F.,(4,1,1,1,4),(0.,0.249831693359,
    0.499663386718,0.767340201032,1.),.UNSPECIFIED.);
#2590 = CARTESIAN_POINT('',(-45.5,-2.295882022543,-15.83442174456));
#2591 = CARTESIAN_POINT('',(-45.5,-2.354519018087,-15.78819606377));
#2592 = CARTESIAN_POINT('',(-45.5,-2.471793009176,-15.69574470217));
#2593 = CARTESIAN_POINT('',(-45.5,-2.651892352633,-15.55376582544));
#2594 = CARTESIAN_POINT('',(-45.5,-2.827961349574,-15.41496421776));
#2595 = CARTESIAN_POINT('',(-45.5,-2.945393350972,-15.32238829088));
#2596 = CARTESIAN_POINT('',(-45.5,-3.,-15.27933987914));
#2597 = PCURVE('',#329,#2598);
#2598 = DEFINITIONAL_REPRESENTATION('',(#2599),#2607);
#2599 = B_SPLINE_CURVE_WITH_KNOTS('',3,(#2600,#2601,#2602,#2603,#2604,
    #2605,#2606),.UNSPECIFIED.,.F.,.F.,(4,1,1,1,4),(0.,0.249831693359,
    0.499663386718,0.767340201032,1.),.UNSPECIFIED.);
#2600 = CARTESIAN_POINT('',(3.165578255432,-0.704117977457));
#2601 = CARTESIAN_POINT('',(3.211803936228,-0.645480981913));
#2602 = CARTESIAN_POINT('',(3.304255297822,-0.528206990824));
#2603 = CARTESIAN_POINT('',(3.446234174555,-0.348107647367));
#2604 = CARTESIAN_POINT('',(3.585035782231,-0.172038650426));
#2605 = CARTESIAN_POINT('',(3.677611709111,-5.460664902837E-02));
#2606 = CARTESIAN_POINT('',(3.720660120851,0.));
#2607 = ( GEOMETRIC_REPRESENTATION_CONTEXT(2) 
PARAMETRIC_REPRESENTATION_CONTEXT() REPRESENTATION_CONTEXT('2D SPACE',''
  ) );
#2608 = PCURVE('',#1030,#2609);
#2609 = DEFINITIONAL_REPRESENTATION('',(#2610),#2618);
#2610 = B_SPLINE_CURVE_WITH_KNOTS('',3,(#2611,#2612,#2613,#2614,#2615,
    #2616,#2617),.UNSPECIFIED.,.F.,.F.,(4,1,1,1,4),(0.,0.249831693359,
    0.499663386718,0.767340201032,1.),.UNSPECIFIED.);
#2611 = CARTESIAN_POINT('',(4.,0.120833333333));
#2612 = CARTESIAN_POINT('',(3.995333333333,0.120833333333));
#2613 = CARTESIAN_POINT('',(3.986,0.120833333333));
#2614 = CARTESIAN_POINT('',(3.971666666667,0.120833333333));
#2615 = CARTESIAN_POINT('',(3.957654091305,0.120833333333));
#2616 = CARTESIAN_POINT('',(3.94830818261,0.120833333333));
#2617 = CARTESIAN_POINT('',(3.943962273914,0.120833333333));
#2618 = ( GEOMETRIC_REPRESENTATION_CONTEXT(2) 
PARAMETRIC_REPRESENTATION_CONTEXT() REPRESENTATION_CONTEXT('2D SPACE',''
  ) );
#2619 = ORIENTED_EDGE('',*,*,#2620,.F.);
#2620 = EDGE_CURVE('',#2509,#2586,#2621,.T.);
#2621 = SURFACE_CURVE('',#2622,(#2628,#2637),.PCURVE_S1.);
#2622 = B_SPLINE_CURVE_WITH_KNOTS('',4,(#2623,#2624,#2625,#2626,#2627),
  .UNSPECIFIED.,.F.,.F.,(5,5),(0.,1.),.PIECEWISE_BEZIER_KNOTS.);
#2623 = CARTESIAN_POINT('',(-45.5,3.,-13.72157910863));
#2624 = CARTESIAN_POINT('',(-45.5,1.676029494364,-14.24978976762));
#2625 = CARTESIAN_POINT('',(-45.5,0.352058988728,-14.7780004266));
#2626 = CARTESIAN_POINT('',(-45.5,-0.971911516907,-15.30621108558));
#2627 = CARTESIAN_POINT('',(-45.5,-2.295882022543,-15.83442174456));
#2628 = PCURVE('',#329,#2629);
#2629 = DEFINITIONAL_REPRESENTATION('',(#2630),#2636);
#2630 = B_SPLINE_CURVE_WITH_KNOTS('',4,(#2631,#2632,#2633,#2634,#2635),
  .UNSPECIFIED.,.F.,.F.,(5,5),(0.,1.),.PIECEWISE_BEZIER_KNOTS.);
#2631 = CARTESIAN_POINT('',(5.278420891362,-6.));
#2632 = CARTESIAN_POINT('',(4.75021023238,-4.676029494364));
#2633 = CARTESIAN_POINT('',(4.221999573397,-3.352058988728));
#2634 = CARTESIAN_POINT('',(3.693788914414,-2.028088483093));
#2635 = CARTESIAN_POINT('',(3.165578255432,-0.704117977457));
#2636 = ( GEOMETRIC_REPRESENTATION_CONTEXT(2) 
PARAMETRIC_REPRESENTATION_CONTEXT() REPRESENTATION_CONTEXT('2D SPACE',''
  ) );
#2637 = PCURVE('',#1387,#2638);
#2638 = DEFINITIONAL_REPRESENTATION('',(#2639),#2645);
#2639 = B_SPLINE_CURVE_WITH_KNOTS('',4,(#2640,#2641,#2642,#2643,#2644),
  .UNSPECIFIED.,.F.,.F.,(5,5),(0.,1.),.PIECEWISE_BEZIER_KNOTS.);
#2640 = CARTESIAN_POINT('',(4.356362219976,0.120833333333));
#2641 = CARTESIAN_POINT('',(4.267271664982,0.120833333333));
#2642 = CARTESIAN_POINT('',(4.178181109988,0.120833333333));
#2643 = CARTESIAN_POINT('',(4.089090554994,0.120833333333));
#2644 = CARTESIAN_POINT('',(4.,0.120833333333));
#2645 = ( GEOMETRIC_REPRESENTATION_CONTEXT(2) 
PARAMETRIC_REPRESENTATION_CONTEXT() REPRESENTATION_CONTEXT('2D SPACE',''
  ) );
#2646 = ORIENTED_EDGE('',*,*,#2537,.T.);
#2647 = ORIENTED_EDGE('',*,*,#305,.F.);
#2648 = ORIENTED_EDGE('',*,*,#2364,.F.);
#2649 = ADVANCED_FACE('',(#2650),#234,.T.);
#2650 = FACE_BOUND('',#2651,.T.);
#2651 = EDGE_LOOP('',(#2652,#2653,#2654,#2673));
#2652 = ORIENTED_EDGE('',*,*,#219,.F.);
#2653 = ORIENTED_EDGE('',*,*,#1337,.T.);
#2654 = ORIENTED_EDGE('',*,*,#2655,.F.);
#2655 = EDGE_CURVE('',#2128,#693,#2656,.T.);
#2656 = SURFACE_CURVE('',#2657,(#2660,#2666),.PCURVE_S1.);
#2657 = B_SPLINE_CURVE_WITH_KNOTS('',1,(#2658,#2659),.UNSPECIFIED.,.F.,
  .F.,(2,2),(2.,3.),.PIECEWISE_BEZIER_KNOTS.);
#2658 = CARTESIAN_POINT('',(-60.,-8.,13.856406460551));
#2659 = CARTESIAN_POINT('',(-60.,-16.,1.959434878636E-15));
#2660 = PCURVE('',#234,#2661);
#2661 = DEFINITIONAL_REPRESENTATION('',(#2662),#2665);
#2662 = B_SPLINE_CURVE_WITH_KNOTS('',1,(#2663,#2664),.UNSPECIFIED.,.F.,
  .F.,(2,2),(2.,3.),.PIECEWISE_BEZIER_KNOTS.);
#2663 = CARTESIAN_POINT('',(24.,13.856406460551));
#2664 = CARTESIAN_POINT('',(32.,0.));
#2665 = ( GEOMETRIC_REPRESENTATION_CONTEXT(2) 
PARAMETRIC_REPRESENTATION_CONTEXT() REPRESENTATION_CONTEXT('2D SPACE',''
  ) );
#2666 = PCURVE('',#820,#2667);
#2667 = DEFINITIONAL_REPRESENTATION('',(#2668),#2672);
#2668 = LINE('',#2669,#2670);
#2669 = CARTESIAN_POINT('',(0.,0.));
#2670 = VECTOR('',#2671,1.);
#2671 = DIRECTION('',(1.,0.));
#2672 = ( GEOMETRIC_REPRESENTATION_CONTEXT(2) 
PARAMETRIC_REPRESENTATION_CONTEXT() REPRESENTATION_CONTEXT('2D SPACE',''
  ) );
#2673 = ORIENTED_EDGE('',*,*,#2127,.F.);
#2674 = ADVANCED_FACE('',(#2675),#820,.T.);
#2675 = FACE_BOUND('',#2676,.T.);
#2676 = EDGE_LOOP('',(#2677,#2678,#2679,#2680,#2713,#2747,#2784,#2818,
    #2851,#2885,#2922,#2956,#2987,#2988,#2989,#2990,#3019,#3053));
#2677 = ORIENTED_EDGE('',*,*,#2148,.F.);
#2678 = ORIENTED_EDGE('',*,*,#2655,.T.);
#2679 = ORIENTED_EDGE('',*,*,#690,.F.);
#2680 = ORIENTED_EDGE('',*,*,#2681,.T.);
#2681 = EDGE_CURVE('',#691,#2682,#2684,.T.);
#2682 = VERTEX_POINT('',#2683);
#2683 = CARTESIAN_POINT('',(-4.5,-1.880597872016,-15.88909504157));
#2684 = SURFACE_CURVE('',#2685,(#2699,#2706),.PCURVE_S1.);
#2685 = ( BOUNDED_CURVE() B_SPLINE_CURVE(7,(#2686,#2687,#2688,#2689,
    #2690,#2691,#2692,#2693,#2694,#2695,#2696,#2697,#2698),
.UNSPECIFIED.,.F.,.F.) B_SPLINE_CURVE_WITH_KNOTS((8,5,8),(0.,0.5,1.),
.UNSPECIFIED.) CURVE() GEOMETRIC_REPRESENTATION_ITEM() 
RATIONAL_B_SPLINE_CURVE((1.,1.,1.,1.,1.,1.,1.,1.,1.,1.,1.,1.,1.)) 
REPRESENTATION_ITEM('') );
#2686 = CARTESIAN_POINT('',(-60.,-16.,1.959434878636E-15));
#2687 = CARTESIAN_POINT('',(-51.42857142857,-16.00001445195,
    -3.590403512965));
#2688 = CARTESIAN_POINT('',(-42.85714285714,-15.05997856893,
    -7.180735071176));
#2689 = CARTESIAN_POINT('',(-34.28571428571,-13.1802552361,
    -10.47598851152));
#2690 = CARTESIAN_POINT('',(-25.71428571428,-10.47591327619,
    -13.18017977374));
#2691 = CARTESIAN_POINT('',(-17.14285714285,-7.180779990697,
    -15.06002410996));
#2692 = CARTESIAN_POINT('',(6.496604685213E-13,-1.866166300136E-13,
    -16.93997643797));
#2693 = CARTESIAN_POINT('',(17.142857142856,7.180779990697,
    -15.06002410996));
#2694 = CARTESIAN_POINT('',(25.714285714289,10.475913276191,
    -13.18017977374));
#2695 = CARTESIAN_POINT('',(34.285714285708,13.180255236104,
    -10.47598851152));
#2696 = CARTESIAN_POINT('',(42.857142857148,15.059978568936,
    -7.180735071177));
#2697 = CARTESIAN_POINT('',(51.428571428569,16.000014451951,
    -3.590403512965));
#2698 = CARTESIAN_POINT('',(60.,16.,-3.918869757272E-15));
#2699 = PCURVE('',#820,#2700);
#2700 = DEFINITIONAL_REPRESENTATION('',(#2701),#2705);
#2701 = LINE('',#2702,#2703);
#2702 = CARTESIAN_POINT('',(3.,0.));
#2703 = VECTOR('',#2704,1.);
#2704 = DIRECTION('',(0.,1.));
#2705 = ( GEOMETRIC_REPRESENTATION_CONTEXT(2) 
PARAMETRIC_REPRESENTATION_CONTEXT() REPRESENTATION_CONTEXT('2D SPACE',''
  ) );
#2706 = PCURVE('',#1030,#2707);
#2707 = DEFINITIONAL_REPRESENTATION('',(#2708),#2712);
#2708 = LINE('',#2709,#2710);
#2709 = CARTESIAN_POINT('',(3.,0.));
#2710 = VECTOR('',#2711,1.);
#2711 = DIRECTION('',(0.,1.));
#2712 = ( GEOMETRIC_REPRESENTATION_CONTEXT(2) 
PARAMETRIC_REPRESENTATION_CONTEXT() REPRESENTATION_CONTEXT('2D SPACE',''
  ) );
#2713 = ORIENTED_EDGE('',*,*,#2714,.T.);
#2714 = EDGE_CURVE('',#2682,#2715,#2717,.T.);
#2715 = VERTEX_POINT('',#2716);
#2716 = CARTESIAN_POINT('',(-4.5,-7.5,-11.69288869323));
#2717 = SURFACE_CURVE('',#2718,(#2724,#2733),.PCURVE_S1.);
#2718 = B_SPLINE_CURVE_WITH_KNOTS('',4,(#2719,#2720,#2721,#2722,#2723),
  .UNSPECIFIED.,.F.,.F.,(5,5),(0.,1.),.PIECEWISE_BEZIER_KNOTS.);
#2719 = CARTESIAN_POINT('',(-4.5,-1.880597872016,-15.88909504157));
#2720 = CARTESIAN_POINT('',(-4.5,-3.285448404012,-14.84004345448));
#2721 = CARTESIAN_POINT('',(-4.5,-4.690298936008,-13.7909918674));
#2722 = CARTESIAN_POINT('',(-4.5,-6.095149468004,-12.74194028031));
#2723 = CARTESIAN_POINT('',(-4.5,-7.5,-11.69288869323));
#2724 = PCURVE('',#820,#2725);
#2725 = DEFINITIONAL_REPRESENTATION('',(#2726),#2732);
#2726 = B_SPLINE_CURVE_WITH_KNOTS('',4,(#2727,#2728,#2729,#2730,#2731),
  .UNSPECIFIED.,.F.,.F.,(5,5),(0.,1.),.PIECEWISE_BEZIER_KNOTS.);
#2727 = CARTESIAN_POINT('',(3.,0.4625));
#2728 = CARTESIAN_POINT('',(2.890417796721,0.4625));
#2729 = CARTESIAN_POINT('',(2.780835593441,0.4625));
#2730 = CARTESIAN_POINT('',(2.671253390162,0.4625));
#2731 = CARTESIAN_POINT('',(2.561671186882,0.4625));
#2732 = ( GEOMETRIC_REPRESENTATION_CONTEXT(2) 
PARAMETRIC_REPRESENTATION_CONTEXT() REPRESENTATION_CONTEXT('2D SPACE',''
  ) );
#2733 = PCURVE('',#2734,#2739);
#2734 = PLANE('',#2735);
#2735 = AXIS2_PLACEMENT_3D('',#2736,#2737,#2738);
#2736 = CARTESIAN_POINT('',(-4.5,-7.5,-28.));
#2737 = DIRECTION('',(1.,0.,0.));
#2738 = DIRECTION('',(0.,0.,1.));
#2739 = DEFINITIONAL_REPRESENTATION('',(#2740),#2746);
#2740 = B_SPLINE_CURVE_WITH_KNOTS('',4,(#2741,#2742,#2743,#2744,#2745),
  .UNSPECIFIED.,.F.,.F.,(5,5),(0.,1.),.PIECEWISE_BEZIER_KNOTS.);
#2741 = CARTESIAN_POINT('',(12.110904958429,-5.619402127984));
#2742 = CARTESIAN_POINT('',(13.159956545514,-4.214551595988));
#2743 = CARTESIAN_POINT('',(14.209008132599,-2.809701063992));
#2744 = CARTESIAN_POINT('',(15.258059719684,-1.404850531996));
#2745 = CARTESIAN_POINT('',(16.307111306769,0.));
#2746 = ( GEOMETRIC_REPRESENTATION_CONTEXT(2) 
PARAMETRIC_REPRESENTATION_CONTEXT() REPRESENTATION_CONTEXT('2D SPACE',''
  ) );
#2747 = ORIENTED_EDGE('',*,*,#2748,.T.);
#2748 = EDGE_CURVE('',#2715,#2749,#2751,.T.);
#2749 = VERTEX_POINT('',#2750);
#2750 = CARTESIAN_POINT('',(-1.5,-7.5,-11.65185471774));
#2751 = SURFACE_CURVE('',#2752,(#2759,#2769),.PCURVE_S1.);
#2752 = B_SPLINE_CURVE_WITH_KNOTS('',5,(#2753,#2754,#2755,#2756,#2757,
    #2758),.UNSPECIFIED.,.F.,.F.,(6,6),(0.,1.),
  .PIECEWISE_BEZIER_KNOTS.);
#2753 = CARTESIAN_POINT('',(-4.5,-7.5,-11.69288869323));
#2754 = CARTESIAN_POINT('',(-3.900232607902,-7.5,-11.67355200017));
#2755 = CARTESIAN_POINT('',(-3.300270514962,-7.5,-11.66010543796));
#2756 = CARTESIAN_POINT('',(-2.700200698218,-7.5,-11.65219406541));
#2757 = CARTESIAN_POINT('',(-2.100092913083,-7.5,-11.64952592414));
#2758 = CARTESIAN_POINT('',(-1.5,-7.5,-11.65185471774));
#2759 = PCURVE('',#820,#2760);
#2760 = DEFINITIONAL_REPRESENTATION('',(#2761),#2768);
#2761 = B_SPLINE_CURVE_WITH_KNOTS('',5,(#2762,#2763,#2764,#2765,#2766,
    #2767),.UNSPECIFIED.,.F.,.F.,(6,6),(0.,1.),
  .PIECEWISE_BEZIER_KNOTS.);
#2762 = CARTESIAN_POINT('',(2.561671186882,0.4625));
#2763 = CARTESIAN_POINT('',(2.547349863212,0.467498061601));
#2764 = CARTESIAN_POINT('',(2.533263457717,0.472497745709));
#2765 = CARTESIAN_POINT('',(2.519385315964,0.477498327515));
#2766 = CARTESIAN_POINT('',(2.505692968339,0.482499225724));
#2767 = CARTESIAN_POINT('',(2.492165038823,0.4875));
#2768 = ( GEOMETRIC_REPRESENTATION_CONTEXT(2) 
PARAMETRIC_REPRESENTATION_CONTEXT() REPRESENTATION_CONTEXT('2D SPACE',''
  ) );
#2769 = PCURVE('',#2770,#2775);
#2770 = PLANE('',#2771);
#2771 = AXIS2_PLACEMENT_3D('',#2772,#2773,#2774);
#2772 = CARTESIAN_POINT('',(-4.5,-7.5,-28.));
#2773 = DIRECTION('',(0.,1.,0.));
#2774 = DIRECTION('',(0.,0.,1.));
#2775 = DEFINITIONAL_REPRESENTATION('',(#2776),#2783);
#2776 = B_SPLINE_CURVE_WITH_KNOTS('',5,(#2777,#2778,#2779,#2780,#2781,
    #2782),.UNSPECIFIED.,.F.,.F.,(6,6),(0.,1.),
  .PIECEWISE_BEZIER_KNOTS.);
#2777 = CARTESIAN_POINT('',(16.307111306769,0.));
#2778 = CARTESIAN_POINT('',(16.326447999828,0.599767392098));
#2779 = CARTESIAN_POINT('',(16.339894562036,1.199729485038));
#2780 = CARTESIAN_POINT('',(16.34780593459,1.799799301782));
#2781 = CARTESIAN_POINT('',(16.350474075853,2.399907086917));
#2782 = CARTESIAN_POINT('',(16.348145282255,3.));
#2783 = ( GEOMETRIC_REPRESENTATION_CONTEXT(2) 
PARAMETRIC_REPRESENTATION_CONTEXT() REPRESENTATION_CONTEXT('2D SPACE',''
  ) );
#2784 = ORIENTED_EDGE('',*,*,#2785,.F.);
#2785 = EDGE_CURVE('',#2786,#2749,#2788,.T.);
#2786 = VERTEX_POINT('',#2787);
#2787 = CARTESIAN_POINT('',(-1.5,-0.628156789576,-15.98766472417));
#2788 = SURFACE_CURVE('',#2789,(#2795,#2804),.PCURVE_S1.);
#2789 = B_SPLINE_CURVE_WITH_KNOTS('',4,(#2790,#2791,#2792,#2793,#2794),
  .UNSPECIFIED.,.F.,.F.,(5,5),(0.,1.),.PIECEWISE_BEZIER_KNOTS.);
#2790 = CARTESIAN_POINT('',(-1.5,-0.628156789576,-15.98766472417));
#2791 = CARTESIAN_POINT('',(-1.5,-2.346117592182,-14.90371222256));
#2792 = CARTESIAN_POINT('',(-1.5,-4.064078394788,-13.81975972096));
#2793 = CARTESIAN_POINT('',(-1.5,-5.782039197394,-12.73580721935));
#2794 = CARTESIAN_POINT('',(-1.5,-7.5,-11.65185471774));
#2795 = PCURVE('',#820,#2796);
#2796 = DEFINITIONAL_REPRESENTATION('',(#2797),#2803);
#2797 = B_SPLINE_CURVE_WITH_KNOTS('',4,(#2798,#2799,#2800,#2801,#2802),
  .UNSPECIFIED.,.F.,.F.,(5,5),(0.,1.),.PIECEWISE_BEZIER_KNOTS.);
#2798 = CARTESIAN_POINT('',(3.,0.4875));
#2799 = CARTESIAN_POINT('',(2.873041248764,0.4875));
#2800 = CARTESIAN_POINT('',(2.746082497527,0.4875));
#2801 = CARTESIAN_POINT('',(2.619123746291,0.4875));
#2802 = CARTESIAN_POINT('',(2.492164995055,0.4875));
#2803 = ( GEOMETRIC_REPRESENTATION_CONTEXT(2) 
PARAMETRIC_REPRESENTATION_CONTEXT() REPRESENTATION_CONTEXT('2D SPACE',''
  ) );
#2804 = PCURVE('',#2805,#2810);
#2805 = PLANE('',#2806);
#2806 = AXIS2_PLACEMENT_3D('',#2807,#2808,#2809);
#2807 = CARTESIAN_POINT('',(-1.5,-7.5,-28.));
#2808 = DIRECTION('',(1.,0.,0.));
#2809 = DIRECTION('',(0.,0.,1.));
#2810 = DEFINITIONAL_REPRESENTATION('',(#2811),#2817);
#2811 = B_SPLINE_CURVE_WITH_KNOTS('',4,(#2812,#2813,#2814,#2815,#2816),
  .UNSPECIFIED.,.F.,.F.,(5,5),(0.,1.),.PIECEWISE_BEZIER_KNOTS.);
#2812 = CARTESIAN_POINT('',(12.012335275823,-6.871843210424));
#2813 = CARTESIAN_POINT('',(13.096287777431,-5.153882407818));
#2814 = CARTESIAN_POINT('',(14.180240279039,-3.435921605212));
#2815 = CARTESIAN_POINT('',(15.264192780647,-1.717960802606));
#2816 = CARTESIAN_POINT('',(16.348145282255,0.));
#2817 = ( GEOMETRIC_REPRESENTATION_CONTEXT(2) 
PARAMETRIC_REPRESENTATION_CONTEXT() REPRESENTATION_CONTEXT('2D SPACE',''
  ) );
#2818 = ORIENTED_EDGE('',*,*,#2819,.T.);
#2819 = EDGE_CURVE('',#2786,#2820,#2822,.T.);
#2820 = VERTEX_POINT('',#2821);
#2821 = CARTESIAN_POINT('',(1.5,0.628156789576,-15.98766472417));
#2822 = SURFACE_CURVE('',#2823,(#2837,#2844),.PCURVE_S1.);
#2823 = ( BOUNDED_CURVE() B_SPLINE_CURVE(7,(#2824,#2825,#2826,#2827,
    #2828,#2829,#2830,#2831,#2832,#2833,#2834,#2835,#2836),
.UNSPECIFIED.,.F.,.F.) B_SPLINE_CURVE_WITH_KNOTS((8,5,8),(0.,0.5,1.),
.UNSPECIFIED.) CURVE() GEOMETRIC_REPRESENTATION_ITEM() 
RATIONAL_B_SPLINE_CURVE((1.,1.,1.,1.,1.,1.,1.,1.,1.,1.,1.,1.,1.)) 
REPRESENTATION_ITEM('') );
#2824 = CARTESIAN_POINT('',(-60.,-16.,1.959434878636E-15));
#2825 = CARTESIAN_POINT('',(-51.42857142857,-16.00001445195,
    -3.590403512965));
#2826 = CARTESIAN_POINT('',(-42.85714285714,-15.05997856893,
    -7.180735071176));
#2827 = CARTESIAN_POINT('',(-34.28571428571,-13.1802552361,
    -10.47598851152));
#2828 = CARTESIAN_POINT('',(-25.71428571428,-10.47591327619,
    -13.18017977374));
#2829 = CARTESIAN_POINT('',(-17.14285714285,-7.180779990697,
    -15.06002410996));
#2830 = CARTESIAN_POINT('',(6.496604685213E-13,-1.866166300136E-13,
    -16.93997643797));
#2831 = CARTESIAN_POINT('',(17.142857142856,7.180779990697,
    -15.06002410996));
#2832 = CARTESIAN_POINT('',(25.714285714289,10.475913276191,
    -13.18017977374));
#2833 = CARTESIAN_POINT('',(34.285714285708,13.180255236104,
    -10.47598851152));
#2834 = CARTESIAN_POINT('',(42.857142857148,15.059978568936,
    -7.180735071177));
#2835 = CARTESIAN_POINT('',(51.428571428569,16.000014451951,
    -3.590403512965));
#2836 = CARTESIAN_POINT('',(60.,16.,-3.918869757272E-15));
#2837 = PCURVE('',#820,#2838);
#2838 = DEFINITIONAL_REPRESENTATION('',(#2839),#2843);
#2839 = LINE('',#2840,#2841);
#2840 = CARTESIAN_POINT('',(3.,0.));
#2841 = VECTOR('',#2842,1.);
#2842 = DIRECTION('',(0.,1.));
#2843 = ( GEOMETRIC_REPRESENTATION_CONTEXT(2) 
PARAMETRIC_REPRESENTATION_CONTEXT() REPRESENTATION_CONTEXT('2D SPACE',''
  ) );
#2844 = PCURVE('',#1030,#2845);
#2845 = DEFINITIONAL_REPRESENTATION('',(#2846),#2850);
#2846 = LINE('',#2847,#2848);
#2847 = CARTESIAN_POINT('',(3.,0.));
#2848 = VECTOR('',#2849,1.);
#2849 = DIRECTION('',(0.,1.));
#2850 = ( GEOMETRIC_REPRESENTATION_CONTEXT(2) 
PARAMETRIC_REPRESENTATION_CONTEXT() REPRESENTATION_CONTEXT('2D SPACE',''
  ) );
#2851 = ORIENTED_EDGE('',*,*,#2852,.T.);
#2852 = EDGE_CURVE('',#2820,#2853,#2855,.T.);
#2853 = VERTEX_POINT('',#2854);
#2854 = CARTESIAN_POINT('',(1.5,-7.5,-11.7112343896));
#2855 = SURFACE_CURVE('',#2856,(#2862,#2871),.PCURVE_S1.);
#2856 = B_SPLINE_CURVE_WITH_KNOTS('',4,(#2857,#2858,#2859,#2860,#2861),
  .UNSPECIFIED.,.F.,.F.,(5,5),(0.,1.),.PIECEWISE_BEZIER_KNOTS.);
#2857 = CARTESIAN_POINT('',(1.5,0.628156789576,-15.98766472417));
#2858 = CARTESIAN_POINT('',(1.5,-1.403882407818,-14.91855714053));
#2859 = CARTESIAN_POINT('',(1.5,-3.435921605212,-13.84944955689));
#2860 = CARTESIAN_POINT('',(1.5,-5.467960802606,-12.78034197325));
#2861 = CARTESIAN_POINT('',(1.5,-7.5,-11.7112343896));
#2862 = PCURVE('',#820,#2863);
#2863 = DEFINITIONAL_REPRESENTATION('',(#2864),#2870);
#2864 = B_SPLINE_CURVE_WITH_KNOTS('',4,(#2865,#2866,#2867,#2868,#2869),
  .UNSPECIFIED.,.F.,.F.,(5,5),(0.,1.),.PIECEWISE_BEZIER_KNOTS.);
#2865 = CARTESIAN_POINT('',(3.,0.5125));
#2866 = CARTESIAN_POINT('',(2.856492402247,0.5125));
#2867 = CARTESIAN_POINT('',(2.712984804494,0.5125));
#2868 = CARTESIAN_POINT('',(2.56947720674,0.5125));
#2869 = CARTESIAN_POINT('',(2.425969608987,0.5125));
#2870 = ( GEOMETRIC_REPRESENTATION_CONTEXT(2) 
PARAMETRIC_REPRESENTATION_CONTEXT() REPRESENTATION_CONTEXT('2D SPACE',''
  ) );
#2871 = PCURVE('',#2872,#2877);
#2872 = PLANE('',#2873);
#2873 = AXIS2_PLACEMENT_3D('',#2874,#2875,#2876);
#2874 = CARTESIAN_POINT('',(1.5,-7.5,-28.));
#2875 = DIRECTION('',(1.,0.,0.));
#2876 = DIRECTION('',(0.,0.,1.));
#2877 = DEFINITIONAL_REPRESENTATION('',(#2878),#2884);
#2878 = B_SPLINE_CURVE_WITH_KNOTS('',4,(#2879,#2880,#2881,#2882,#2883),
  .UNSPECIFIED.,.F.,.F.,(5,5),(0.,1.),.PIECEWISE_BEZIER_KNOTS.);
#2879 = CARTESIAN_POINT('',(12.012335275823,-8.128156789576));
#2880 = CARTESIAN_POINT('',(13.081442859465,-6.096117592182));
#2881 = CARTESIAN_POINT('',(14.150550443107,-4.064078394788));
#2882 = CARTESIAN_POINT('',(15.219658026749,-2.032039197394));
#2883 = CARTESIAN_POINT('',(16.288765610391,0.));
#2884 = ( GEOMETRIC_REPRESENTATION_CONTEXT(2) 
PARAMETRIC_REPRESENTATION_CONTEXT() REPRESENTATION_CONTEXT('2D SPACE',''
  ) );
#2885 = ORIENTED_EDGE('',*,*,#2886,.T.);
#2886 = EDGE_CURVE('',#2853,#2887,#2889,.T.);
#2887 = VERTEX_POINT('',#2888);
#2888 = CARTESIAN_POINT('',(4.5,-7.5,-11.85887182343));
#2889 = SURFACE_CURVE('',#2890,(#2897,#2907),.PCURVE_S1.);
#2890 = B_SPLINE_CURVE_WITH_KNOTS('',5,(#2891,#2892,#2893,#2894,#2895,
    #2896),.UNSPECIFIED.,.F.,.F.,(6,6),(0.,1.),
  .PIECEWISE_BEZIER_KNOTS.);
#2891 = CARTESIAN_POINT('',(1.5,-7.5,-11.7112343896));
#2892 = CARTESIAN_POINT('',(2.100373150468,-7.5,-11.73227123425));
#2893 = CARTESIAN_POINT('',(2.700594376346,-7.5,-11.7577028999));
#2894 = CARTESIAN_POINT('',(3.300627036593,-7.5,-11.78736344716));
#2895 = CARTESIAN_POINT('',(3.900438397105,-7.5,-11.82112142244));
#2896 = CARTESIAN_POINT('',(4.5,-7.5,-11.85887182343));
#2897 = PCURVE('',#820,#2898);
#2898 = DEFINITIONAL_REPRESENTATION('',(#2899),#2906);
#2899 = B_SPLINE_CURVE_WITH_KNOTS('',5,(#2900,#2901,#2902,#2903,#2904,
    #2905),.UNSPECIFIED.,.F.,.F.,(6,6),(0.,1.),
  .PIECEWISE_BEZIER_KNOTS.);
#2900 = CARTESIAN_POINT('',(2.425969622112,0.5125));
#2901 = CARTESIAN_POINT('',(2.412969862349,0.517503109587));
#2902 = CARTESIAN_POINT('',(2.400078554248,0.522504953136));
#2903 = CARTESIAN_POINT('',(2.387278692583,0.527505225305));
#2904 = CARTESIAN_POINT('',(2.374554906241,0.532503653309));
#2905 = CARTESIAN_POINT('',(2.361892707981,0.5375));
#2906 = ( GEOMETRIC_REPRESENTATION_CONTEXT(2) 
PARAMETRIC_REPRESENTATION_CONTEXT() REPRESENTATION_CONTEXT('2D SPACE',''
  ) );
#2907 = PCURVE('',#2908,#2913);
#2908 = PLANE('',#2909);
#2909 = AXIS2_PLACEMENT_3D('',#2910,#2911,#2912);
#2910 = CARTESIAN_POINT('',(1.5,-7.5,-28.));
#2911 = DIRECTION('',(0.,1.,0.));
#2912 = DIRECTION('',(0.,0.,1.));
#2913 = DEFINITIONAL_REPRESENTATION('',(#2914),#2921);
#2914 = B_SPLINE_CURVE_WITH_KNOTS('',5,(#2915,#2916,#2917,#2918,#2919,
    #2920),.UNSPECIFIED.,.F.,.F.,(6,6),(0.,1.),
  .PIECEWISE_BEZIER_KNOTS.);
#2915 = CARTESIAN_POINT('',(16.288765610391,0.));
#2916 = CARTESIAN_POINT('',(16.267728765741,0.600373150468));
#2917 = CARTESIAN_POINT('',(16.242297100098,1.200594376346));
#2918 = CARTESIAN_POINT('',(16.212636552831,1.800627036593));
#2919 = CARTESIAN_POINT('',(16.178878577555,2.400438397105));
#2920 = CARTESIAN_POINT('',(16.141128176565,3.));
#2921 = ( GEOMETRIC_REPRESENTATION_CONTEXT(2) 
PARAMETRIC_REPRESENTATION_CONTEXT() REPRESENTATION_CONTEXT('2D SPACE',''
  ) );
#2922 = ORIENTED_EDGE('',*,*,#2923,.F.);
#2923 = EDGE_CURVE('',#2924,#2887,#2926,.T.);
#2924 = VERTEX_POINT('',#2925);
#2925 = CARTESIAN_POINT('',(4.5,1.880597872016,-15.88909504157));
#2926 = SURFACE_CURVE('',#2927,(#2933,#2942),.PCURVE_S1.);
#2927 = B_SPLINE_CURVE_WITH_KNOTS('',4,(#2928,#2929,#2930,#2931,#2932),
  .UNSPECIFIED.,.F.,.F.,(5,5),(0.,1.),.PIECEWISE_BEZIER_KNOTS.);
#2928 = CARTESIAN_POINT('',(4.5,1.880597872016,-15.88909504157));
#2929 = CARTESIAN_POINT('',(4.5,-0.464551595988,-14.88153923703));
#2930 = CARTESIAN_POINT('',(4.5,-2.809701063992,-13.8739834325));
#2931 = CARTESIAN_POINT('',(4.5,-5.154850531996,-12.86642762796));
#2932 = CARTESIAN_POINT('',(4.5,-7.5,-11.85887182343));
#2933 = PCURVE('',#820,#2934);
#2934 = DEFINITIONAL_REPRESENTATION('',(#2935),#2941);
#2935 = B_SPLINE_CURVE_WITH_KNOTS('',4,(#2936,#2937,#2938,#2939,#2940),
  .UNSPECIFIED.,.F.,.F.,(5,5),(0.,1.),.PIECEWISE_BEZIER_KNOTS.);
#2936 = CARTESIAN_POINT('',(3.,0.5375));
#2937 = CARTESIAN_POINT('',(2.840473172915,0.5375));
#2938 = CARTESIAN_POINT('',(2.68094634583,0.5375));
#2939 = CARTESIAN_POINT('',(2.521419518746,0.5375));
#2940 = CARTESIAN_POINT('',(2.361892691661,0.5375));
#2941 = ( GEOMETRIC_REPRESENTATION_CONTEXT(2) 
PARAMETRIC_REPRESENTATION_CONTEXT() REPRESENTATION_CONTEXT('2D SPACE',''
  ) );
#2942 = PCURVE('',#2943,#2948);
#2943 = PLANE('',#2944);
#2944 = AXIS2_PLACEMENT_3D('',#2945,#2946,#2947);
#2945 = CARTESIAN_POINT('',(4.5,-7.5,-28.));
#2946 = DIRECTION('',(1.,0.,0.));
#2947 = DIRECTION('',(0.,0.,1.));
#2948 = DEFINITIONAL_REPRESENTATION('',(#2949),#2955);
#2949 = B_SPLINE_CURVE_WITH_KNOTS('',4,(#2950,#2951,#2952,#2953,#2954),
  .UNSPECIFIED.,.F.,.F.,(5,5),(0.,1.),.PIECEWISE_BEZIER_KNOTS.);
#2950 = CARTESIAN_POINT('',(12.110904958429,-9.380597872016));
#2951 = CARTESIAN_POINT('',(13.118460762963,-7.035448404012));
#2952 = CARTESIAN_POINT('',(14.126016567497,-4.690298936008));
#2953 = CARTESIAN_POINT('',(15.133572372031,-2.345149468004));
#2954 = CARTESIAN_POINT('',(16.141128176565,0.));
#2955 = ( GEOMETRIC_REPRESENTATION_CONTEXT(2) 
PARAMETRIC_REPRESENTATION_CONTEXT() REPRESENTATION_CONTEXT('2D SPACE',''
  ) );
#2956 = ORIENTED_EDGE('',*,*,#2957,.T.);
#2957 = EDGE_CURVE('',#2924,#1795,#2958,.T.);
#2958 = SURFACE_CURVE('',#2959,(#2973,#2980),.PCURVE_S1.);
#2959 = ( BOUNDED_CURVE() B_SPLINE_CURVE(7,(#2960,#2961,#2962,#2963,
    #2964,#2965,#2966,#2967,#2968,#2969,#2970,#2971,#2972),
.UNSPECIFIED.,.F.,.F.) B_SPLINE_CURVE_WITH_KNOTS((8,5,8),(0.,0.5,1.),
.UNSPECIFIED.) CURVE() GEOMETRIC_REPRESENTATION_ITEM() 
RATIONAL_B_SPLINE_CURVE((1.,1.,1.,1.,1.,1.,1.,1.,1.,1.,1.,1.,1.)) 
REPRESENTATION_ITEM('') );
#2960 = CARTESIAN_POINT('',(-60.,-16.,1.959434878636E-15));
#2961 = CARTESIAN_POINT('',(-51.42857142857,-16.00001445195,
    -3.590403512965));
#2962 = CARTESIAN_POINT('',(-42.85714285714,-15.05997856893,
    -7.180735071176));
#2963 = CARTESIAN_POINT('',(-34.28571428571,-13.1802552361,
    -10.47598851152));
#2964 = CARTESIAN_POINT('',(-25.71428571428,-10.47591327619,
    -13.18017977374));
#2965 = CARTESIAN_POINT('',(-17.14285714285,-7.180779990697,
    -15.06002410996));
#2966 = CARTESIAN_POINT('',(6.496604685213E-13,-1.866166300136E-13,
    -16.93997643797));
#2967 = CARTESIAN_POINT('',(17.142857142856,7.180779990697,
    -15.06002410996));
#2968 = CARTESIAN_POINT('',(25.714285714289,10.475913276191,
    -13.18017977374));
#2969 = CARTESIAN_POINT('',(34.285714285708,13.180255236104,
    -10.47598851152));
#2970 = CARTESIAN_POINT('',(42.857142857148,15.059978568936,
    -7.180735071177));
#2971 = CARTESIAN_POINT('',(51.428571428569,16.000014451951,
    -3.590403512965));
#2972 = CARTESIAN_POINT('',(60.,16.,-3.918869757272E-15));
#2973 = PCURVE('',#820,#2974);
#2974 = DEFINITIONAL_REPRESENTATION('',(#2975),#2979);
#2975 = LINE('',#2976,#2977);
#2976 = CARTESIAN_POINT('',(3.,0.));
#2977 = VECTOR('',#2978,1.);
#2978 = DIRECTION('',(0.,1.));
#2979 = ( GEOMETRIC_REPRESENTATION_CONTEXT(2) 
PARAMETRIC_REPRESENTATION_CONTEXT() REPRESENTATION_CONTEXT('2D SPACE',''
  ) );
#2980 = PCURVE('',#1030,#2981);
#2981 = DEFINITIONAL_REPRESENTATION('',(#2982),#2986);
#2982 = LINE('',#2983,#2984);
#2983 = CARTESIAN_POINT('',(3.,0.));
#2984 = VECTOR('',#2985,1.);
#2985 = DIRECTION('',(0.,1.));
#2986 = ( GEOMETRIC_REPRESENTATION_CONTEXT(2) 
PARAMETRIC_REPRESENTATION_CONTEXT() REPRESENTATION_CONTEXT('2D SPACE',''
  ) );
#2987 = ORIENTED_EDGE('',*,*,#1940,.T.);
#2988 = ORIENTED_EDGE('',*,*,#2083,.F.);
#2989 = ORIENTED_EDGE('',*,*,#2268,.F.);
#2990 = ORIENTED_EDGE('',*,*,#2991,.F.);
#2991 = EDGE_CURVE('',#2992,#2240,#2994,.T.);
#2992 = VERTEX_POINT('',#2993);
#2993 = CARTESIAN_POINT('',(45.5,3.,-15.27933987915));
#2994 = SURFACE_CURVE('',#2995,(#3001,#3010),.PCURVE_S1.);
#2995 = B_SPLINE_CURVE_WITH_KNOTS('',4,(#2996,#2997,#2998,#2999,#3000),
  .UNSPECIFIED.,.F.,.F.,(5,5),(0.,1.),.PIECEWISE_BEZIER_KNOTS.);
#2996 = CARTESIAN_POINT('',(45.5,3.,-15.27933987915));
#2997 = CARTESIAN_POINT('',(45.5,2.823970505636,-15.4181103455));
#2998 = CARTESIAN_POINT('',(45.5,2.647941011272,-15.55688081185));
#2999 = CARTESIAN_POINT('',(45.5,2.471911516907,-15.69565127821));
#3000 = CARTESIAN_POINT('',(45.5,2.295882022543,-15.83442174456));
#3001 = PCURVE('',#820,#3002);
#3002 = DEFINITIONAL_REPRESENTATION('',(#3003),#3009);
#3003 = B_SPLINE_CURVE_WITH_KNOTS('',4,(#3004,#3005,#3006,#3007,#3008),
  .UNSPECIFIED.,.F.,.F.,(5,5),(0.,1.),.PIECEWISE_BEZIER_KNOTS.);
#3004 = CARTESIAN_POINT('',(2.056037726086,0.879166666667));
#3005 = CARTESIAN_POINT('',(2.042028294564,0.879166666667));
#3006 = CARTESIAN_POINT('',(2.028018863043,0.879166666667));
#3007 = CARTESIAN_POINT('',(2.014009431521,0.879166666667));
#3008 = CARTESIAN_POINT('',(2.,0.879166666667));
#3009 = ( GEOMETRIC_REPRESENTATION_CONTEXT(2) 
PARAMETRIC_REPRESENTATION_CONTEXT() REPRESENTATION_CONTEXT('2D SPACE',''
  ) );
#3010 = PCURVE('',#1661,#3011);
#3011 = DEFINITIONAL_REPRESENTATION('',(#3012),#3018);
#3012 = B_SPLINE_CURVE_WITH_KNOTS('',4,(#3013,#3014,#3015,#3016,#3017),
  .UNSPECIFIED.,.F.,.F.,(5,5),(0.,1.),.PIECEWISE_BEZIER_KNOTS.);
#3013 = CARTESIAN_POINT('',(3.72066012085,-6.));
#3014 = CARTESIAN_POINT('',(3.581889654496,-5.823970505636));
#3015 = CARTESIAN_POINT('',(3.443119188141,-5.647941011272));
#3016 = CARTESIAN_POINT('',(3.304348721786,-5.471911516907));
#3017 = CARTESIAN_POINT('',(3.165578255432,-5.295882022543));
#3018 = ( GEOMETRIC_REPRESENTATION_CONTEXT(2) 
PARAMETRIC_REPRESENTATION_CONTEXT() REPRESENTATION_CONTEXT('2D SPACE',''
  ) );
#3019 = ORIENTED_EDGE('',*,*,#3020,.F.);
#3020 = EDGE_CURVE('',#3021,#2992,#3023,.T.);
#3021 = VERTEX_POINT('',#3022);
#3022 = CARTESIAN_POINT('',(42.5,3.,-14.66042255528));
#3023 = SURFACE_CURVE('',#3024,(#3030,#3039),.PCURVE_S1.);
#3024 = B_SPLINE_CURVE_WITH_KNOTS('',4,(#3025,#3026,#3027,#3028,#3029),
  .UNSPECIFIED.,.F.,.F.,(5,5),(0.,1.),.PIECEWISE_BEZIER_KNOTS.);
#3025 = CARTESIAN_POINT('',(42.5,3.,-14.66042255528));
#3026 = CARTESIAN_POINT('',(43.254082398769,3.,-14.79458359393));
#3027 = CARTESIAN_POINT('',(44.00583868566,3.,-14.94171017906));
#3028 = CARTESIAN_POINT('',(44.75474453359,3.,-15.10286024173));
#3029 = CARTESIAN_POINT('',(45.5,3.,-15.27933987915));
#3030 = PCURVE('',#820,#3031);
#3031 = DEFINITIONAL_REPRESENTATION('',(#3032),#3038);
#3032 = B_SPLINE_CURVE_WITH_KNOTS('',4,(#3033,#3034,#3035,#3036,#3037),
  .UNSPECIFIED.,.F.,.F.,(5,5),(0.,1.),.PIECEWISE_BEZIER_KNOTS.);
#3033 = CARTESIAN_POINT('',(2.146844659116,0.854166666667));
#3034 = CARTESIAN_POINT('',(2.125089235025,0.860450686656));
#3035 = CARTESIAN_POINT('',(2.10275280889,0.866715322381));
#3036 = CARTESIAN_POINT('',(2.079763123675,0.872956204447));
#3037 = CARTESIAN_POINT('',(2.056037726086,0.879166666667));
#3038 = ( GEOMETRIC_REPRESENTATION_CONTEXT(2) 
PARAMETRIC_REPRESENTATION_CONTEXT() REPRESENTATION_CONTEXT('2D SPACE',''
  ) );
#3039 = PCURVE('',#3040,#3045);
#3040 = PLANE('',#3041);
#3041 = AXIS2_PLACEMENT_3D('',#3042,#3043,#3044);
#3042 = CARTESIAN_POINT('',(42.5,3.,-19.));
#3043 = DIRECTION('',(0.,1.,0.));
#3044 = DIRECTION('',(0.,0.,1.));
#3045 = DEFINITIONAL_REPRESENTATION('',(#3046),#3052);
#3046 = B_SPLINE_CURVE_WITH_KNOTS('',4,(#3047,#3048,#3049,#3050,#3051),
  .UNSPECIFIED.,.F.,.F.,(5,5),(0.,1.),.PIECEWISE_BEZIER_KNOTS.);
#3047 = CARTESIAN_POINT('',(4.339577444711,0.));
#3048 = CARTESIAN_POINT('',(4.205416406069,0.754082398769));
#3049 = CARTESIAN_POINT('',(4.058289820936,1.50583868566));
#3050 = CARTESIAN_POINT('',(3.897139758262,2.25474453359));
#3051 = CARTESIAN_POINT('',(3.72066012085,3.));
#3052 = ( GEOMETRIC_REPRESENTATION_CONTEXT(2) 
PARAMETRIC_REPRESENTATION_CONTEXT() REPRESENTATION_CONTEXT('2D SPACE',''
  ) );
#3053 = ORIENTED_EDGE('',*,*,#3054,.T.);
#3054 = EDGE_CURVE('',#3021,#2149,#3055,.T.);
#3055 = SURFACE_CURVE('',#3056,(#3063,#3073),.PCURVE_S1.);
#3056 = B_SPLINE_CURVE_WITH_KNOTS('',5,(#3057,#3058,#3059,#3060,#3061,
    #3062),.UNSPECIFIED.,.F.,.F.,(6,6),(0.,1.),
  .PIECEWISE_BEZIER_KNOTS.);
#3057 = CARTESIAN_POINT('',(42.5,3.,-14.66042255528));
#3058 = CARTESIAN_POINT('',(42.5,2.624439297953,-14.91136419213));
#3059 = CARTESIAN_POINT('',(42.5,2.246991026553,-15.16356706249));
#3060 = CARTESIAN_POINT('',(42.5,1.79385099067,-15.46634555264));
#3061 = CARTESIAN_POINT('',(42.5,1.323550137476,-15.78059053426));
#3062 = CARTESIAN_POINT('',(42.5,1.046450031999,-15.96574290419));
#3063 = PCURVE('',#820,#3064);
#3064 = DEFINITIONAL_REPRESENTATION('',(#3065),#3072);
#3065 = B_SPLINE_CURVE_WITH_KNOTS('',5,(#3066,#3067,#3068,#3069,#3070,
    #3071),.UNSPECIFIED.,.F.,.F.,(6,6),(0.,1.),
  .PIECEWISE_BEZIER_KNOTS.);
#3066 = CARTESIAN_POINT('',(2.146844659116,0.854166666667));
#3067 = CARTESIAN_POINT('',(2.118614470909,0.854166666667));
#3068 = CARTESIAN_POINT('',(2.09024239768,0.854166666667));
#3069 = CARTESIAN_POINT('',(2.056180717564,0.854166666667));
#3070 = CARTESIAN_POINT('',(2.020829091242,0.854166666667));
#3071 = CARTESIAN_POINT('',(2.,0.854166666667));
#3072 = ( GEOMETRIC_REPRESENTATION_CONTEXT(2) 
PARAMETRIC_REPRESENTATION_CONTEXT() REPRESENTATION_CONTEXT('2D SPACE',''
  ) );
#3073 = PCURVE('',#1731,#3074);
#3074 = DEFINITIONAL_REPRESENTATION('',(#3075),#3082);
#3075 = B_SPLINE_CURVE_WITH_KNOTS('',5,(#3076,#3077,#3078,#3079,#3080,
    #3081),.UNSPECIFIED.,.F.,.F.,(6,6),(0.,1.),
  .PIECEWISE_BEZIER_KNOTS.);
#3076 = CARTESIAN_POINT('',(4.339577444711,-6.));
#3077 = CARTESIAN_POINT('',(4.088635807864,-5.624439297953));
#3078 = CARTESIAN_POINT('',(3.836432937506,-5.246991026553));
#3079 = CARTESIAN_POINT('',(3.533654447355,-4.79385099067));
#3080 = CARTESIAN_POINT('',(3.219409465738,-4.323550137476));
#3081 = CARTESIAN_POINT('',(3.034257095802,-4.046450031999));
#3082 = ( GEOMETRIC_REPRESENTATION_CONTEXT(2) 
PARAMETRIC_REPRESENTATION_CONTEXT() REPRESENTATION_CONTEXT('2D SPACE',''
  ) );
#3083 = ADVANCED_FACE('',(#3084),#1030,.T.);
#3084 = FACE_BOUND('',#3085,.T.);
#3085 = EDGE_LOOP('',(#3086,#3087,#3108,#3139,#3140,#3167,#3168,#3201,
    #3220,#3221,#3222,#3251,#3288,#3315,#3316,#3345,#3382,#3409));
#3086 = ORIENTED_EDGE('',*,*,#920,.F.);
#3087 = ORIENTED_EDGE('',*,*,#3088,.T.);
#3088 = EDGE_CURVE('',#921,#3089,#3091,.T.);
#3089 = VERTEX_POINT('',#3090);
#3090 = CARTESIAN_POINT('',(-60.,-8.,-13.85640646055));
#3091 = SURFACE_CURVE('',#3092,(#3095,#3102),.PCURVE_S1.);
#3092 = B_SPLINE_CURVE_WITH_KNOTS('',1,(#3093,#3094),.UNSPECIFIED.,.F.,
  .F.,(2,2),(3.,4.),.PIECEWISE_BEZIER_KNOTS.);
#3093 = CARTESIAN_POINT('',(-60.,-16.,1.959434878636E-15));
#3094 = CARTESIAN_POINT('',(-60.,-8.,-13.85640646055));
#3095 = PCURVE('',#1030,#3096);
#3096 = DEFINITIONAL_REPRESENTATION('',(#3097),#3101);
#3097 = LINE('',#3098,#3099);
#3098 = CARTESIAN_POINT('',(0.,0.));
#3099 = VECTOR('',#3100,1.);
#3100 = DIRECTION('',(1.,0.));
#3101 = ( GEOMETRIC_REPRESENTATION_CONTEXT(2) 
PARAMETRIC_REPRESENTATION_CONTEXT() REPRESENTATION_CONTEXT('2D SPACE',''
  ) );
#3102 = PCURVE('',#1126,#3103);
#3103 = DEFINITIONAL_REPRESENTATION('',(#3104),#3107);
#3104 = B_SPLINE_CURVE_WITH_KNOTS('',1,(#3105,#3106),.UNSPECIFIED.,.F.,
  .F.,(2,2),(3.,4.),.PIECEWISE_BEZIER_KNOTS.);
#3105 = CARTESIAN_POINT('',(32.,0.));
#3106 = CARTESIAN_POINT('',(24.,-13.85640646055));
#3107 = ( GEOMETRIC_REPRESENTATION_CONTEXT(2) 
PARAMETRIC_REPRESENTATION_CONTEXT() REPRESENTATION_CONTEXT('2D SPACE',''
  ) );
#3108 = ORIENTED_EDGE('',*,*,#3109,.T.);
#3109 = EDGE_CURVE('',#3089,#2586,#3110,.T.);
#3110 = SURFACE_CURVE('',#3111,(#3125,#3132),.PCURVE_S1.);
#3111 = ( BOUNDED_CURVE() B_SPLINE_CURVE(7,(#3112,#3113,#3114,#3115,
    #3116,#3117,#3118,#3119,#3120,#3121,#3122,#3123,#3124),
.UNSPECIFIED.,.F.,.F.) B_SPLINE_CURVE_WITH_KNOTS((8,5,8),(0.,0.5,1.),
.UNSPECIFIED.) CURVE() GEOMETRIC_REPRESENTATION_ITEM() 
RATIONAL_B_SPLINE_CURVE((1.,1.,1.,1.,1.,1.,1.,1.,1.,1.,1.,1.,1.)) 
REPRESENTATION_ITEM('') );
#3112 = CARTESIAN_POINT('',(-60.,-8.,-13.85640646055));
#3113 = CARTESIAN_POINT('',(-51.42857142857,-4.890626573911,
    -15.65162073279));
#3114 = CARTESIAN_POINT('',(-42.85714285714,-1.311290294983,
    -16.63269155673));
#3115 = CARTESIAN_POINT('',(-34.28571428571,2.482344562679,
    -16.65243011858));
#3116 = CARTESIAN_POINT('',(-25.71428571428,6.176413872415,
    -15.66249691189));
#3117 = CARTESIAN_POINT('',(-17.14285714285,9.45197346549,
    -13.74874994591));
#3118 = CARTESIAN_POINT('',(6.496604685213E-13,14.670449934797,
    -8.469988218988));
#3119 = CARTESIAN_POINT('',(17.142857142856,16.632753456187,
    -1.311274164053));
#3120 = CARTESIAN_POINT('',(25.714285714289,16.652327148608,
    2.482317138149));
#3121 = CARTESIAN_POINT('',(34.285714285708,15.662599798778,
    6.17644160707));
#3122 = CARTESIAN_POINT('',(42.857142857148,13.748688273956,
    9.451956485558));
#3123 = CARTESIAN_POINT('',(51.428571428569,11.109387878039,
    12.061217219826));
#3124 = CARTESIAN_POINT('',(60.,8.,13.856406460551));
#3125 = PCURVE('',#1030,#3126);
#3126 = DEFINITIONAL_REPRESENTATION('',(#3127),#3131);
#3127 = LINE('',#3128,#3129);
#3128 = CARTESIAN_POINT('',(4.,0.));
#3129 = VECTOR('',#3130,1.);
#3130 = DIRECTION('',(0.,1.));
#3131 = ( GEOMETRIC_REPRESENTATION_CONTEXT(2) 
PARAMETRIC_REPRESENTATION_CONTEXT() REPRESENTATION_CONTEXT('2D SPACE',''
  ) );
#3132 = PCURVE('',#1387,#3133);
#3133 = DEFINITIONAL_REPRESENTATION('',(#3134),#3138);
#3134 = LINE('',#3135,#3136);
#3135 = CARTESIAN_POINT('',(4.,0.));
#3136 = VECTOR('',#3137,1.);
#3137 = DIRECTION('',(0.,1.));
#3138 = ( GEOMETRIC_REPRESENTATION_CONTEXT(2) 
PARAMETRIC_REPRESENTATION_CONTEXT() REPRESENTATION_CONTEXT('2D SPACE',''
  ) );
#3139 = ORIENTED_EDGE('',*,*,#2585,.T.);
#3140 = ORIENTED_EDGE('',*,*,#3141,.T.);
#3141 = EDGE_CURVE('',#2563,#2395,#3142,.T.);
#3142 = SURFACE_CURVE('',#3143,(#3149,#3158),.PCURVE_S1.);
#3143 = B_SPLINE_CURVE_WITH_KNOTS('',4,(#3144,#3145,#3146,#3147,#3148),
  .UNSPECIFIED.,.F.,.F.,(5,5),(0.,1.),.PIECEWISE_BEZIER_KNOTS.);
#3144 = CARTESIAN_POINT('',(-45.5,-3.,-15.27933987914));
#3145 = CARTESIAN_POINT('',(-44.75474453358,-3.,-15.10286024173));
#3146 = CARTESIAN_POINT('',(-44.00583868566,-3.,-14.94171017906));
#3147 = CARTESIAN_POINT('',(-43.25408239877,-3.,-14.79458359393));
#3148 = CARTESIAN_POINT('',(-42.5,-3.,-14.66042255528));
#3149 = PCURVE('',#1030,#3150);
#3150 = DEFINITIONAL_REPRESENTATION('',(#3151),#3157);
#3151 = B_SPLINE_CURVE_WITH_KNOTS('',4,(#3152,#3153,#3154,#3155,#3156),
  .UNSPECIFIED.,.F.,.F.,(5,5),(0.,1.),.PIECEWISE_BEZIER_KNOTS.);
#3152 = CARTESIAN_POINT('',(3.943962273914,0.120833333333));
#3153 = CARTESIAN_POINT('',(3.920236876325,0.127043795553));
#3154 = CARTESIAN_POINT('',(3.89724719111,0.133284677619));
#3155 = CARTESIAN_POINT('',(3.874910764975,0.139549313344));
#3156 = CARTESIAN_POINT('',(3.853155340884,0.145833333333));
#3157 = ( GEOMETRIC_REPRESENTATION_CONTEXT(2) 
PARAMETRIC_REPRESENTATION_CONTEXT() REPRESENTATION_CONTEXT('2D SPACE',''
  ) );
#3158 = PCURVE('',#2350,#3159);
#3159 = DEFINITIONAL_REPRESENTATION('',(#3160),#3166);
#3160 = B_SPLINE_CURVE_WITH_KNOTS('',4,(#3161,#3162,#3163,#3164,#3165),
  .UNSPECIFIED.,.F.,.F.,(5,5),(0.,1.),.PIECEWISE_BEZIER_KNOTS.);
#3161 = CARTESIAN_POINT('',(3.720660120851,0.));
#3162 = CARTESIAN_POINT('',(3.897139758264,0.745255466418));
#3163 = CARTESIAN_POINT('',(4.058289820936,1.494161314336));
#3164 = CARTESIAN_POINT('',(4.205416406069,2.245917601229));
#3165 = CARTESIAN_POINT('',(4.339577444711,3.));
#3166 = ( GEOMETRIC_REPRESENTATION_CONTEXT(2) 
PARAMETRIC_REPRESENTATION_CONTEXT() REPRESENTATION_CONTEXT('2D SPACE',''
  ) );
#3167 = ORIENTED_EDGE('',*,*,#2417,.F.);
#3168 = ORIENTED_EDGE('',*,*,#3169,.T.);
#3169 = EDGE_CURVE('',#2418,#3170,#3172,.T.);
#3170 = VERTEX_POINT('',#3171);
#3171 = CARTESIAN_POINT('',(60.,8.,13.856406460551));
#3172 = SURFACE_CURVE('',#3173,(#3187,#3194),.PCURVE_S1.);
#3173 = ( BOUNDED_CURVE() B_SPLINE_CURVE(7,(#3174,#3175,#3176,#3177,
    #3178,#3179,#3180,#3181,#3182,#3183,#3184,#3185,#3186),
.UNSPECIFIED.,.F.,.F.) B_SPLINE_CURVE_WITH_KNOTS((8,5,8),(0.,0.5,1.),
.UNSPECIFIED.) CURVE() GEOMETRIC_REPRESENTATION_ITEM() 
RATIONAL_B_SPLINE_CURVE((1.,1.,1.,1.,1.,1.,1.,1.,1.,1.,1.,1.,1.)) 
REPRESENTATION_ITEM('') );
#3174 = CARTESIAN_POINT('',(-60.,-8.,-13.85640646055));
#3175 = CARTESIAN_POINT('',(-51.42857142857,-4.890626573911,
    -15.65162073279));
#3176 = CARTESIAN_POINT('',(-42.85714285714,-1.311290294983,
    -16.63269155673));
#3177 = CARTESIAN_POINT('',(-34.28571428571,2.482344562679,
    -16.65243011858));
#3178 = CARTESIAN_POINT('',(-25.71428571428,6.176413872415,
    -15.66249691189));
#3179 = CARTESIAN_POINT('',(-17.14285714285,9.45197346549,
    -13.74874994591));
#3180 = CARTESIAN_POINT('',(6.496604685213E-13,14.670449934797,
    -8.469988218988));
#3181 = CARTESIAN_POINT('',(17.142857142856,16.632753456187,
    -1.311274164053));
#3182 = CARTESIAN_POINT('',(25.714285714289,16.652327148608,
    2.482317138149));
#3183 = CARTESIAN_POINT('',(34.285714285708,15.662599798778,
    6.17644160707));
#3184 = CARTESIAN_POINT('',(42.857142857148,13.748688273956,
    9.451956485558));
#3185 = CARTESIAN_POINT('',(51.428571428569,11.109387878039,
    12.061217219826));
#3186 = CARTESIAN_POINT('',(60.,8.,13.856406460551));
#3187 = PCURVE('',#1030,#3188);
#3188 = DEFINITIONAL_REPRESENTATION('',(#3189),#3193);
#3189 = LINE('',#3190,#3191);
#3190 = CARTESIAN_POINT('',(4.,0.));
#3191 = VECTOR('',#3192,1.);
#3192 = DIRECTION('',(0.,1.));
#3193 = ( GEOMETRIC_REPRESENTATION_CONTEXT(2) 
PARAMETRIC_REPRESENTATION_CONTEXT() REPRESENTATION_CONTEXT('2D SPACE',''
  ) );
#3194 = PCURVE('',#1387,#3195);
#3195 = DEFINITIONAL_REPRESENTATION('',(#3196),#3200);
#3196 = LINE('',#3197,#3198);
#3197 = CARTESIAN_POINT('',(4.,0.));
#3198 = VECTOR('',#3199,1.);
#3199 = DIRECTION('',(0.,1.));
#3200 = ( GEOMETRIC_REPRESENTATION_CONTEXT(2) 
PARAMETRIC_REPRESENTATION_CONTEXT() REPRESENTATION_CONTEXT('2D SPACE',''
  ) );
#3201 = ORIENTED_EDGE('',*,*,#3202,.F.);
#3202 = EDGE_CURVE('',#1774,#3170,#3203,.T.);
#3203 = SURFACE_CURVE('',#3204,(#3207,#3214),.PCURVE_S1.);
#3204 = B_SPLINE_CURVE_WITH_KNOTS('',1,(#3205,#3206),.UNSPECIFIED.,.F.,
  .F.,(2,2),(3.,4.),.PIECEWISE_BEZIER_KNOTS.);
#3205 = CARTESIAN_POINT('',(60.,16.,-3.918869757272E-15));
#3206 = CARTESIAN_POINT('',(60.,8.,13.856406460551));
#3207 = PCURVE('',#1030,#3208);
#3208 = DEFINITIONAL_REPRESENTATION('',(#3209),#3213);
#3209 = LINE('',#3210,#3211);
#3210 = CARTESIAN_POINT('',(0.,1.));
#3211 = VECTOR('',#3212,1.);
#3212 = DIRECTION('',(1.,0.));
#3213 = ( GEOMETRIC_REPRESENTATION_CONTEXT(2) 
PARAMETRIC_REPRESENTATION_CONTEXT() REPRESENTATION_CONTEXT('2D SPACE',''
  ) );
#3214 = PCURVE('',#1597,#3215);
#3215 = DEFINITIONAL_REPRESENTATION('',(#3216),#3219);
#3216 = B_SPLINE_CURVE_WITH_KNOTS('',1,(#3217,#3218),.UNSPECIFIED.,.F.,
  .F.,(2,2),(3.,4.),.PIECEWISE_BEZIER_KNOTS.);
#3217 = CARTESIAN_POINT('',(32.,3.944304526105E-31));
#3218 = CARTESIAN_POINT('',(24.,-13.85640646055));
#3219 = ( GEOMETRIC_REPRESENTATION_CONTEXT(2) 
PARAMETRIC_REPRESENTATION_CONTEXT() REPRESENTATION_CONTEXT('2D SPACE',''
  ) );
#3220 = ORIENTED_EDGE('',*,*,#1794,.T.);
#3221 = ORIENTED_EDGE('',*,*,#2957,.F.);
#3222 = ORIENTED_EDGE('',*,*,#3223,.F.);
#3223 = EDGE_CURVE('',#3224,#2924,#3226,.T.);
#3224 = VERTEX_POINT('',#3225);
#3225 = CARTESIAN_POINT('',(4.5,7.5,-11.69288869323));
#3226 = SURFACE_CURVE('',#3227,(#3233,#3242),.PCURVE_S1.);
#3227 = B_SPLINE_CURVE_WITH_KNOTS('',4,(#3228,#3229,#3230,#3231,#3232),
  .UNSPECIFIED.,.F.,.F.,(5,5),(0.,1.),.PIECEWISE_BEZIER_KNOTS.);
#3228 = CARTESIAN_POINT('',(4.5,7.5,-11.69288869323));
#3229 = CARTESIAN_POINT('',(4.5,6.095149468004,-12.74194028031));
#3230 = CARTESIAN_POINT('',(4.5,4.690298936008,-13.7909918674));
#3231 = CARTESIAN_POINT('',(4.5,3.285448404012,-14.84004345448));
#3232 = CARTESIAN_POINT('',(4.5,1.880597872016,-15.88909504157));
#3233 = PCURVE('',#1030,#3234);
#3234 = DEFINITIONAL_REPRESENTATION('',(#3235),#3241);
#3235 = B_SPLINE_CURVE_WITH_KNOTS('',4,(#3236,#3237,#3238,#3239,#3240),
  .UNSPECIFIED.,.F.,.F.,(5,5),(0.,1.),.PIECEWISE_BEZIER_KNOTS.);
#3236 = CARTESIAN_POINT('',(3.438328813118,0.5375));
#3237 = CARTESIAN_POINT('',(3.328746609838,0.5375));
#3238 = CARTESIAN_POINT('',(3.219164406559,0.5375));
#3239 = CARTESIAN_POINT('',(3.109582203279,0.5375));
#3240 = CARTESIAN_POINT('',(3.,0.5375));
#3241 = ( GEOMETRIC_REPRESENTATION_CONTEXT(2) 
PARAMETRIC_REPRESENTATION_CONTEXT() REPRESENTATION_CONTEXT('2D SPACE',''
  ) );
#3242 = PCURVE('',#2943,#3243);
#3243 = DEFINITIONAL_REPRESENTATION('',(#3244),#3250);
#3244 = B_SPLINE_CURVE_WITH_KNOTS('',4,(#3245,#3246,#3247,#3248,#3249),
  .UNSPECIFIED.,.F.,.F.,(5,5),(0.,1.),.PIECEWISE_BEZIER_KNOTS.);
#3245 = CARTESIAN_POINT('',(16.307111306769,-15.));
#3246 = CARTESIAN_POINT('',(15.258059719684,-13.595149468));
#3247 = CARTESIAN_POINT('',(14.209008132599,-12.190298936));
#3248 = CARTESIAN_POINT('',(13.159956545514,-10.78544840401));
#3249 = CARTESIAN_POINT('',(12.110904958429,-9.380597872016));
#3250 = ( GEOMETRIC_REPRESENTATION_CONTEXT(2) 
PARAMETRIC_REPRESENTATION_CONTEXT() REPRESENTATION_CONTEXT('2D SPACE',''
  ) );
#3251 = ORIENTED_EDGE('',*,*,#3252,.F.);
#3252 = EDGE_CURVE('',#3253,#3224,#3255,.T.);
#3253 = VERTEX_POINT('',#3254);
#3254 = CARTESIAN_POINT('',(1.5,7.5,-11.65185471774));
#3255 = SURFACE_CURVE('',#3256,(#3263,#3273),.PCURVE_S1.);
#3256 = B_SPLINE_CURVE_WITH_KNOTS('',5,(#3257,#3258,#3259,#3260,#3261,
    #3262),.UNSPECIFIED.,.F.,.F.,(6,6),(0.,1.),
  .PIECEWISE_BEZIER_KNOTS.);
#3257 = CARTESIAN_POINT('',(1.5,7.5,-11.65185471774));
#3258 = CARTESIAN_POINT('',(2.100092913145,7.5,-11.64952592596));
#3259 = CARTESIAN_POINT('',(2.700200698435,7.5,-11.65219406269));
#3260 = CARTESIAN_POINT('',(3.300270514954,7.5,-11.66010543931));
#3261 = CARTESIAN_POINT('',(3.900232607889,7.5,-11.67355200017));
#3262 = CARTESIAN_POINT('',(4.5,7.5,-11.69288869323));
#3263 = PCURVE('',#1030,#3264);
#3264 = DEFINITIONAL_REPRESENTATION('',(#3265),#3272);
#3265 = B_SPLINE_CURVE_WITH_KNOTS('',5,(#3266,#3267,#3268,#3269,#3270,
    #3271),.UNSPECIFIED.,.F.,.F.,(6,6),(0.,1.),
  .PIECEWISE_BEZIER_KNOTS.);
#3266 = CARTESIAN_POINT('',(3.507834955056,0.5125));
#3267 = CARTESIAN_POINT('',(3.494307025478,0.517500774276));
#3268 = CARTESIAN_POINT('',(3.48061469963,0.522501672487));
#3269 = CARTESIAN_POINT('',(3.466736533464,0.527502254291));
#3270 = CARTESIAN_POINT('',(3.452650136788,0.532501938399));
#3271 = CARTESIAN_POINT('',(3.438328813118,0.5375));
#3272 = ( GEOMETRIC_REPRESENTATION_CONTEXT(2) 
PARAMETRIC_REPRESENTATION_CONTEXT() REPRESENTATION_CONTEXT('2D SPACE',''
  ) );
#3273 = PCURVE('',#3274,#3279);
#3274 = PLANE('',#3275);
#3275 = AXIS2_PLACEMENT_3D('',#3276,#3277,#3278);
#3276 = CARTESIAN_POINT('',(1.5,7.5,-28.));
#3277 = DIRECTION('',(0.,1.,0.));
#3278 = DIRECTION('',(0.,0.,1.));
#3279 = DEFINITIONAL_REPRESENTATION('',(#3280),#3287);
#3280 = B_SPLINE_CURVE_WITH_KNOTS('',5,(#3281,#3282,#3283,#3284,#3285,
    #3286),.UNSPECIFIED.,.F.,.F.,(6,6),(0.,1.),
  .PIECEWISE_BEZIER_KNOTS.);
#3281 = CARTESIAN_POINT('',(16.348145282255,0.));
#3282 = CARTESIAN_POINT('',(16.350474074034,0.600092913145));
#3283 = CARTESIAN_POINT('',(16.347805937306,1.200200698435));
#3284 = CARTESIAN_POINT('',(16.339894560681,1.800270514954));
#3285 = CARTESIAN_POINT('',(16.326447999829,2.400232607889));
#3286 = CARTESIAN_POINT('',(16.307111306769,3.));
#3287 = ( GEOMETRIC_REPRESENTATION_CONTEXT(2) 
PARAMETRIC_REPRESENTATION_CONTEXT() REPRESENTATION_CONTEXT('2D SPACE',''
  ) );
#3288 = ORIENTED_EDGE('',*,*,#3289,.T.);
#3289 = EDGE_CURVE('',#3253,#2820,#3290,.T.);
#3290 = SURFACE_CURVE('',#3291,(#3297,#3306),.PCURVE_S1.);
#3291 = B_SPLINE_CURVE_WITH_KNOTS('',4,(#3292,#3293,#3294,#3295,#3296),
  .UNSPECIFIED.,.F.,.F.,(5,5),(0.,1.),.PIECEWISE_BEZIER_KNOTS.);
#3292 = CARTESIAN_POINT('',(1.5,7.5,-11.65185471774));
#3293 = CARTESIAN_POINT('',(1.5,5.782039197394,-12.73580721935));
#3294 = CARTESIAN_POINT('',(1.5,4.064078394788,-13.81975972096));
#3295 = CARTESIAN_POINT('',(1.5,2.346117592182,-14.90371222256));
#3296 = CARTESIAN_POINT('',(1.5,0.628156789576,-15.98766472417));
#3297 = PCURVE('',#1030,#3298);
#3298 = DEFINITIONAL_REPRESENTATION('',(#3299),#3305);
#3299 = B_SPLINE_CURVE_WITH_KNOTS('',4,(#3300,#3301,#3302,#3303,#3304),
  .UNSPECIFIED.,.F.,.F.,(5,5),(0.,1.),.PIECEWISE_BEZIER_KNOTS.);
#3300 = CARTESIAN_POINT('',(3.507835004945,0.5125));
#3301 = CARTESIAN_POINT('',(3.380876253709,0.5125));
#3302 = CARTESIAN_POINT('',(3.253917502473,0.5125));
#3303 = CARTESIAN_POINT('',(3.126958751236,0.5125));
#3304 = CARTESIAN_POINT('',(3.,0.5125));
#3305 = ( GEOMETRIC_REPRESENTATION_CONTEXT(2) 
PARAMETRIC_REPRESENTATION_CONTEXT() REPRESENTATION_CONTEXT('2D SPACE',''
  ) );
#3306 = PCURVE('',#2872,#3307);
#3307 = DEFINITIONAL_REPRESENTATION('',(#3308),#3314);
#3308 = B_SPLINE_CURVE_WITH_KNOTS('',4,(#3309,#3310,#3311,#3312,#3313),
  .UNSPECIFIED.,.F.,.F.,(5,5),(0.,1.),.PIECEWISE_BEZIER_KNOTS.);
#3309 = CARTESIAN_POINT('',(16.348145282255,-15.));
#3310 = CARTESIAN_POINT('',(15.264192780647,-13.28203919739));
#3311 = CARTESIAN_POINT('',(14.180240279039,-11.56407839478));
#3312 = CARTESIAN_POINT('',(13.096287777431,-9.846117592182));
#3313 = CARTESIAN_POINT('',(12.012335275823,-8.128156789576));
#3314 = ( GEOMETRIC_REPRESENTATION_CONTEXT(2) 
PARAMETRIC_REPRESENTATION_CONTEXT() REPRESENTATION_CONTEXT('2D SPACE',''
  ) );
#3315 = ORIENTED_EDGE('',*,*,#2819,.F.);
#3316 = ORIENTED_EDGE('',*,*,#3317,.F.);
#3317 = EDGE_CURVE('',#3318,#2786,#3320,.T.);
#3318 = VERTEX_POINT('',#3319);
#3319 = CARTESIAN_POINT('',(-1.5,7.5,-11.7112343896));
#3320 = SURFACE_CURVE('',#3321,(#3327,#3336),.PCURVE_S1.);
#3321 = B_SPLINE_CURVE_WITH_KNOTS('',4,(#3322,#3323,#3324,#3325,#3326),
  .UNSPECIFIED.,.F.,.F.,(5,5),(0.,1.),.PIECEWISE_BEZIER_KNOTS.);
#3322 = CARTESIAN_POINT('',(-1.5,7.5,-11.7112343896));
#3323 = CARTESIAN_POINT('',(-1.5,5.467960802606,-12.78034197325));
#3324 = CARTESIAN_POINT('',(-1.5,3.435921605212,-13.84944955689));
#3325 = CARTESIAN_POINT('',(-1.5,1.403882407818,-14.91855714053));
#3326 = CARTESIAN_POINT('',(-1.5,-0.628156789576,-15.98766472417));
#3327 = PCURVE('',#1030,#3328);
#3328 = DEFINITIONAL_REPRESENTATION('',(#3329),#3335);
#3329 = B_SPLINE_CURVE_WITH_KNOTS('',4,(#3330,#3331,#3332,#3333,#3334),
  .UNSPECIFIED.,.F.,.F.,(5,5),(0.,1.),.PIECEWISE_BEZIER_KNOTS.);
#3330 = CARTESIAN_POINT('',(3.574030391013,0.4875));
#3331 = CARTESIAN_POINT('',(3.43052279326,0.4875));
#3332 = CARTESIAN_POINT('',(3.287015195506,0.4875));
#3333 = CARTESIAN_POINT('',(3.143507597753,0.4875));
#3334 = CARTESIAN_POINT('',(3.,0.4875));
#3335 = ( GEOMETRIC_REPRESENTATION_CONTEXT(2) 
PARAMETRIC_REPRESENTATION_CONTEXT() REPRESENTATION_CONTEXT('2D SPACE',''
  ) );
#3336 = PCURVE('',#2805,#3337);
#3337 = DEFINITIONAL_REPRESENTATION('',(#3338),#3344);
#3338 = B_SPLINE_CURVE_WITH_KNOTS('',4,(#3339,#3340,#3341,#3342,#3343),
  .UNSPECIFIED.,.F.,.F.,(5,5),(0.,1.),.PIECEWISE_BEZIER_KNOTS.);
#3339 = CARTESIAN_POINT('',(16.288765610391,-15.));
#3340 = CARTESIAN_POINT('',(15.219658026749,-12.9679608026));
#3341 = CARTESIAN_POINT('',(14.150550443107,-10.93592160521));
#3342 = CARTESIAN_POINT('',(13.081442859465,-8.903882407818));
#3343 = CARTESIAN_POINT('',(12.012335275823,-6.871843210424));
#3344 = ( GEOMETRIC_REPRESENTATION_CONTEXT(2) 
PARAMETRIC_REPRESENTATION_CONTEXT() REPRESENTATION_CONTEXT('2D SPACE',''
  ) );
#3345 = ORIENTED_EDGE('',*,*,#3346,.F.);
#3346 = EDGE_CURVE('',#3347,#3318,#3349,.T.);
#3347 = VERTEX_POINT('',#3348);
#3348 = CARTESIAN_POINT('',(-4.5,7.5,-11.85887182343));
#3349 = SURFACE_CURVE('',#3350,(#3357,#3367),.PCURVE_S1.);
#3350 = B_SPLINE_CURVE_WITH_KNOTS('',5,(#3351,#3352,#3353,#3354,#3355,
    #3356),.UNSPECIFIED.,.F.,.F.,(6,6),(0.,1.),
  .PIECEWISE_BEZIER_KNOTS.);
#3351 = CARTESIAN_POINT('',(-4.5,7.5,-11.85887182343));
#3352 = CARTESIAN_POINT('',(-3.900438397207,7.5,-11.82112142148));
#3353 = CARTESIAN_POINT('',(-3.300627036504,7.5,-11.78736345005));
#3354 = CARTESIAN_POINT('',(-2.700594376823,7.5,-11.75770289631));
#3355 = CARTESIAN_POINT('',(-2.100373150479,7.5,-11.73227123617));
#3356 = CARTESIAN_POINT('',(-1.5,7.5,-11.7112343896));
#3357 = PCURVE('',#1030,#3358);
#3358 = DEFINITIONAL_REPRESENTATION('',(#3359),#3366);
#3359 = B_SPLINE_CURVE_WITH_KNOTS('',5,(#3360,#3361,#3362,#3363,#3364,
    #3365),.UNSPECIFIED.,.F.,.F.,(6,6),(0.,1.),
  .PIECEWISE_BEZIER_KNOTS.);
#3360 = CARTESIAN_POINT('',(3.638107295546,0.4625));
#3361 = CARTESIAN_POINT('',(3.625445097313,0.46749634669));
#3362 = CARTESIAN_POINT('',(3.61272130822,0.472494774696));
#3363 = CARTESIAN_POINT('',(3.599921433668,0.47749504686));
#3364 = CARTESIAN_POINT('',(3.587030144351,0.482496890413));
#3365 = CARTESIAN_POINT('',(3.574030384643,0.4875));
#3366 = ( GEOMETRIC_REPRESENTATION_CONTEXT(2) 
PARAMETRIC_REPRESENTATION_CONTEXT() REPRESENTATION_CONTEXT('2D SPACE',''
  ) );
#3367 = PCURVE('',#3368,#3373);
#3368 = PLANE('',#3369);
#3369 = AXIS2_PLACEMENT_3D('',#3370,#3371,#3372);
#3370 = CARTESIAN_POINT('',(-4.5,7.5,-28.));
#3371 = DIRECTION('',(0.,1.,0.));
#3372 = DIRECTION('',(0.,0.,1.));
#3373 = DEFINITIONAL_REPRESENTATION('',(#3374),#3381);
#3374 = B_SPLINE_CURVE_WITH_KNOTS('',5,(#3375,#3376,#3377,#3378,#3379,
    #3380),.UNSPECIFIED.,.F.,.F.,(6,6),(0.,1.),
  .PIECEWISE_BEZIER_KNOTS.);
#3375 = CARTESIAN_POINT('',(16.141128176565,0.));
#3376 = CARTESIAN_POINT('',(16.178878578513,0.599561602793));
#3377 = CARTESIAN_POINT('',(16.212636549943,1.199372963496));
#3378 = CARTESIAN_POINT('',(16.242297103685,1.799405623177));
#3379 = CARTESIAN_POINT('',(16.267728763821,2.399626849521));
#3380 = CARTESIAN_POINT('',(16.288765610391,3.));
#3381 = ( GEOMETRIC_REPRESENTATION_CONTEXT(2) 
PARAMETRIC_REPRESENTATION_CONTEXT() REPRESENTATION_CONTEXT('2D SPACE',''
  ) );
#3382 = ORIENTED_EDGE('',*,*,#3383,.T.);
#3383 = EDGE_CURVE('',#3347,#2682,#3384,.T.);
#3384 = SURFACE_CURVE('',#3385,(#3391,#3400),.PCURVE_S1.);
#3385 = B_SPLINE_CURVE_WITH_KNOTS('',4,(#3386,#3387,#3388,#3389,#3390),
  .UNSPECIFIED.,.F.,.F.,(5,5),(0.,1.),.PIECEWISE_BEZIER_KNOTS.);
#3386 = CARTESIAN_POINT('',(-4.5,7.5,-11.85887182343));
#3387 = CARTESIAN_POINT('',(-4.5,5.154850531996,-12.86642762796));
#3388 = CARTESIAN_POINT('',(-4.5,2.809701063992,-13.8739834325));
#3389 = CARTESIAN_POINT('',(-4.5,0.464551595988,-14.88153923703));
#3390 = CARTESIAN_POINT('',(-4.5,-1.880597872016,-15.88909504157));
#3391 = PCURVE('',#1030,#3392);
#3392 = DEFINITIONAL_REPRESENTATION('',(#3393),#3399);
#3393 = B_SPLINE_CURVE_WITH_KNOTS('',4,(#3394,#3395,#3396,#3397,#3398),
  .UNSPECIFIED.,.F.,.F.,(5,5),(0.,1.),.PIECEWISE_BEZIER_KNOTS.);
#3394 = CARTESIAN_POINT('',(3.638107308339,0.4625));
#3395 = CARTESIAN_POINT('',(3.478580481254,0.4625));
#3396 = CARTESIAN_POINT('',(3.31905365417,0.4625));
#3397 = CARTESIAN_POINT('',(3.159526827085,0.4625));
#3398 = CARTESIAN_POINT('',(3.,0.4625));
#3399 = ( GEOMETRIC_REPRESENTATION_CONTEXT(2) 
PARAMETRIC_REPRESENTATION_CONTEXT() REPRESENTATION_CONTEXT('2D SPACE',''
  ) );
#3400 = PCURVE('',#2734,#3401);
#3401 = DEFINITIONAL_REPRESENTATION('',(#3402),#3408);
#3402 = B_SPLINE_CURVE_WITH_KNOTS('',4,(#3403,#3404,#3405,#3406,#3407),
  .UNSPECIFIED.,.F.,.F.,(5,5),(0.,1.),.PIECEWISE_BEZIER_KNOTS.);
#3403 = CARTESIAN_POINT('',(16.141128176565,-15.));
#3404 = CARTESIAN_POINT('',(15.133572372031,-12.65485053199));
#3405 = CARTESIAN_POINT('',(14.126016567497,-10.30970106399));
#3406 = CARTESIAN_POINT('',(13.118460762963,-7.964551595988));
#3407 = CARTESIAN_POINT('',(12.110904958429,-5.619402127984));
#3408 = ( GEOMETRIC_REPRESENTATION_CONTEXT(2) 
PARAMETRIC_REPRESENTATION_CONTEXT() REPRESENTATION_CONTEXT('2D SPACE',''
  ) );
#3409 = ORIENTED_EDGE('',*,*,#2681,.F.);
#3410 = ADVANCED_FACE('',(#3411),#1126,.T.);
#3411 = FACE_BOUND('',#3412,.T.);
#3412 = EDGE_LOOP('',(#3413,#3414,#3415,#3434));
#3413 = ORIENTED_EDGE('',*,*,#1111,.F.);
#3414 = ORIENTED_EDGE('',*,*,#1421,.F.);
#3415 = ORIENTED_EDGE('',*,*,#3416,.F.);
#3416 = EDGE_CURVE('',#3089,#1360,#3417,.T.);
#3417 = SURFACE_CURVE('',#3418,(#3421,#3427),.PCURVE_S1.);
#3418 = B_SPLINE_CURVE_WITH_KNOTS('',1,(#3419,#3420),.UNSPECIFIED.,.F.,
  .F.,(2,2),(4.,5.),.PIECEWISE_BEZIER_KNOTS.);
#3419 = CARTESIAN_POINT('',(-60.,-8.,-13.85640646055));
#3420 = CARTESIAN_POINT('',(-60.,8.,-13.85640646055));
#3421 = PCURVE('',#1126,#3422);
#3422 = DEFINITIONAL_REPRESENTATION('',(#3423),#3426);
#3423 = B_SPLINE_CURVE_WITH_KNOTS('',1,(#3424,#3425),.UNSPECIFIED.,.F.,
  .F.,(2,2),(4.,5.),.PIECEWISE_BEZIER_KNOTS.);
#3424 = CARTESIAN_POINT('',(24.,-13.85640646055));
#3425 = CARTESIAN_POINT('',(8.,-13.85640646055));
#3426 = ( GEOMETRIC_REPRESENTATION_CONTEXT(2) 
PARAMETRIC_REPRESENTATION_CONTEXT() REPRESENTATION_CONTEXT('2D SPACE',''
  ) );
#3427 = PCURVE('',#1387,#3428);
#3428 = DEFINITIONAL_REPRESENTATION('',(#3429),#3433);
#3429 = LINE('',#3430,#3431);
#3430 = CARTESIAN_POINT('',(0.,0.));
#3431 = VECTOR('',#3432,1.);
#3432 = DIRECTION('',(1.,0.));
#3433 = ( GEOMETRIC_REPRESENTATION_CONTEXT(2) 
PARAMETRIC_REPRESENTATION_CONTEXT() REPRESENTATION_CONTEXT('2D SPACE',''
  ) );
#3434 = ORIENTED_EDGE('',*,*,#3088,.F.);
#3435 = ADVANCED_FACE('',(#3436),#1387,.T.);
#3436 = FACE_BOUND('',#3437,.T.);
#3437 = EDGE_LOOP('',(#3438,#3439,#3440,#3441,#3470,#3499,#3526,#3527,
    #3546,#3547,#3548,#3549));
#3438 = ORIENTED_EDGE('',*,*,#3109,.F.);
#3439 = ORIENTED_EDGE('',*,*,#3416,.T.);
#3440 = ORIENTED_EDGE('',*,*,#1359,.T.);
#3441 = ORIENTED_EDGE('',*,*,#3442,.T.);
#3442 = EDGE_CURVE('',#1362,#3443,#3445,.T.);
#3443 = VERTEX_POINT('',#3444);
#3444 = CARTESIAN_POINT('',(42.5,3.,13.970254565336));
#3445 = SURFACE_CURVE('',#3446,(#3452,#3461),.PCURVE_S1.);
#3446 = B_SPLINE_CURVE_WITH_KNOTS('',4,(#3447,#3448,#3449,#3450,#3451),
  .UNSPECIFIED.,.F.,.F.,(5,5),(0.,1.),.PIECEWISE_BEZIER_KNOTS.);
#3447 = CARTESIAN_POINT('',(42.5,-1.046450031999,15.965742904198));
#3448 = CARTESIAN_POINT('',(42.5,-3.483752399936E-02,15.466870819482));
#3449 = CARTESIAN_POINT('',(42.5,0.976774984,14.967998734767));
#3450 = CARTESIAN_POINT('',(42.5,1.988387492,14.469126650051));
#3451 = CARTESIAN_POINT('',(42.5,3.,13.970254565336));
#3452 = PCURVE('',#1387,#3453);
#3453 = DEFINITIONAL_REPRESENTATION('',(#3454),#3460);
#3454 = B_SPLINE_CURVE_WITH_KNOTS('',4,(#3455,#3456,#3457,#3458,#3459),
  .UNSPECIFIED.,.F.,.F.,(5,5),(0.,1.),.PIECEWISE_BEZIER_KNOTS.);
#3455 = CARTESIAN_POINT('',(5.,0.854166666667));
#3456 = CARTESIAN_POINT('',(4.9295041778,0.854166666667));
#3457 = CARTESIAN_POINT('',(4.859008355599,0.854166666667));
#3458 = CARTESIAN_POINT('',(4.788512533399,0.854166666667));
#3459 = CARTESIAN_POINT('',(4.718016711198,0.854166666667));
#3460 = ( GEOMETRIC_REPRESENTATION_CONTEXT(2) 
PARAMETRIC_REPRESENTATION_CONTEXT() REPRESENTATION_CONTEXT('2D SPACE',''
  ) );
#3461 = PCURVE('',#1731,#3462);
#3462 = DEFINITIONAL_REPRESENTATION('',(#3463),#3469);
#3463 = B_SPLINE_CURVE_WITH_KNOTS('',4,(#3464,#3465,#3466,#3467,#3468),
  .UNSPECIFIED.,.F.,.F.,(5,5),(0.,1.),.PIECEWISE_BEZIER_KNOTS.);
#3464 = CARTESIAN_POINT('',(34.965742904198,-1.953549968001));
#3465 = CARTESIAN_POINT('',(34.466870819482,-2.965162476001));
#3466 = CARTESIAN_POINT('',(33.967998734767,-3.976774984));
#3467 = CARTESIAN_POINT('',(33.469126650051,-4.988387492));
#3468 = CARTESIAN_POINT('',(32.970254565336,-6.));
#3469 = ( GEOMETRIC_REPRESENTATION_CONTEXT(2) 
PARAMETRIC_REPRESENTATION_CONTEXT() REPRESENTATION_CONTEXT('2D SPACE',''
  ) );
#3470 = ORIENTED_EDGE('',*,*,#3471,.T.);
#3471 = EDGE_CURVE('',#3443,#3472,#3474,.T.);
#3472 = VERTEX_POINT('',#3473);
#3473 = CARTESIAN_POINT('',(45.5,3.,13.721579108638));
#3474 = SURFACE_CURVE('',#3475,(#3481,#3490),.PCURVE_S1.);
#3475 = B_SPLINE_CURVE_WITH_KNOTS('',4,(#3476,#3477,#3478,#3479,#3480),
  .UNSPECIFIED.,.F.,.F.,(5,5),(0.,1.),.PIECEWISE_BEZIER_KNOTS.);
#3476 = CARTESIAN_POINT('',(42.5,3.,13.970254565336));
#3477 = CARTESIAN_POINT('',(43.248731234977,3.,13.894016075658));
#3478 = CARTESIAN_POINT('',(43.998466289642,3.,13.82755494505));
#3479 = CARTESIAN_POINT('',(44.748948664047,3.,13.770231185325));
#3480 = CARTESIAN_POINT('',(45.5,3.,13.721579108638));
#3481 = PCURVE('',#1387,#3482);
#3482 = DEFINITIONAL_REPRESENTATION('',(#3483),#3489);
#3483 = B_SPLINE_CURVE_WITH_KNOTS('',4,(#3484,#3485,#3486,#3487,#3488),
  .UNSPECIFIED.,.F.,.F.,(5,5),(0.,1.),.PIECEWISE_BEZIER_KNOTS.);
#3484 = CARTESIAN_POINT('',(4.718016713532,0.854166666667));
#3485 = CARTESIAN_POINT('',(4.698933646892,0.860406093625));
#3486 = CARTESIAN_POINT('',(4.680209751055,0.866653885747));
#3487 = CARTESIAN_POINT('',(4.661792761536,0.872907905534));
#3488 = CARTESIAN_POINT('',(4.643637780024,0.879166666667));
#3489 = ( GEOMETRIC_REPRESENTATION_CONTEXT(2) 
PARAMETRIC_REPRESENTATION_CONTEXT() REPRESENTATION_CONTEXT('2D SPACE',''
  ) );
#3490 = PCURVE('',#3040,#3491);
#3491 = DEFINITIONAL_REPRESENTATION('',(#3492),#3498);
#3492 = B_SPLINE_CURVE_WITH_KNOTS('',4,(#3493,#3494,#3495,#3496,#3497),
  .UNSPECIFIED.,.F.,.F.,(5,5),(0.,1.),.PIECEWISE_BEZIER_KNOTS.);
#3493 = CARTESIAN_POINT('',(32.970254565336,0.));
#3494 = CARTESIAN_POINT('',(32.894016075658,0.748731234977));
#3495 = CARTESIAN_POINT('',(32.82755494505,1.498466289642));
#3496 = CARTESIAN_POINT('',(32.770231185325,2.248948664047));
#3497 = CARTESIAN_POINT('',(32.721579108638,3.));
#3498 = ( GEOMETRIC_REPRESENTATION_CONTEXT(2) 
PARAMETRIC_REPRESENTATION_CONTEXT() REPRESENTATION_CONTEXT('2D SPACE',''
  ) );
#3499 = ORIENTED_EDGE('',*,*,#3500,.F.);
#3500 = EDGE_CURVE('',#1609,#3472,#3501,.T.);
#3501 = SURFACE_CURVE('',#3502,(#3508,#3517),.PCURVE_S1.);
#3502 = B_SPLINE_CURVE_WITH_KNOTS('',4,(#3503,#3504,#3505,#3506,#3507),
  .UNSPECIFIED.,.F.,.F.,(5,5),(0.,1.),.PIECEWISE_BEZIER_KNOTS.);
#3503 = CARTESIAN_POINT('',(45.5,-2.295882022543,15.834421744568));
#3504 = CARTESIAN_POINT('',(45.5,-0.971911516907,15.306211085586));
#3505 = CARTESIAN_POINT('',(45.5,0.352058988728,14.778000426603));
#3506 = CARTESIAN_POINT('',(45.5,1.676029494364,14.249789767621));
#3507 = CARTESIAN_POINT('',(45.5,3.,13.721579108638));
#3508 = PCURVE('',#1387,#3509);
#3509 = DEFINITIONAL_REPRESENTATION('',(#3510),#3516);
#3510 = B_SPLINE_CURVE_WITH_KNOTS('',4,(#3511,#3512,#3513,#3514,#3515),
  .UNSPECIFIED.,.F.,.F.,(5,5),(0.,1.),.PIECEWISE_BEZIER_KNOTS.);
#3511 = CARTESIAN_POINT('',(5.,0.879166666667));
#3512 = CARTESIAN_POINT('',(4.910909445006,0.879166666667));
#3513 = CARTESIAN_POINT('',(4.821818890012,0.879166666667));
#3514 = CARTESIAN_POINT('',(4.732728335018,0.879166666667));
#3515 = CARTESIAN_POINT('',(4.643637780024,0.879166666667));
#3516 = ( GEOMETRIC_REPRESENTATION_CONTEXT(2) 
PARAMETRIC_REPRESENTATION_CONTEXT() REPRESENTATION_CONTEXT('2D SPACE',''
  ) );
#3517 = PCURVE('',#1661,#3518);
#3518 = DEFINITIONAL_REPRESENTATION('',(#3519),#3525);
#3519 = B_SPLINE_CURVE_WITH_KNOTS('',4,(#3520,#3521,#3522,#3523,#3524),
  .UNSPECIFIED.,.F.,.F.,(5,5),(0.,1.),.PIECEWISE_BEZIER_KNOTS.);
#3520 = CARTESIAN_POINT('',(34.834421744568,-0.704117977457));
#3521 = CARTESIAN_POINT('',(34.306211085586,-2.028088483093));
#3522 = CARTESIAN_POINT('',(33.778000426603,-3.352058988728));
#3523 = CARTESIAN_POINT('',(33.249789767621,-4.676029494364));
#3524 = CARTESIAN_POINT('',(32.721579108638,-6.));
#3525 = ( GEOMETRIC_REPRESENTATION_CONTEXT(2) 
PARAMETRIC_REPRESENTATION_CONTEXT() REPRESENTATION_CONTEXT('2D SPACE',''
  ) );
#3526 = ORIENTED_EDGE('',*,*,#1608,.T.);
#3527 = ORIENTED_EDGE('',*,*,#3528,.F.);
#3528 = EDGE_CURVE('',#3170,#1583,#3529,.T.);
#3529 = SURFACE_CURVE('',#3530,(#3533,#3540),.PCURVE_S1.);
#3530 = B_SPLINE_CURVE_WITH_KNOTS('',1,(#3531,#3532),.UNSPECIFIED.,.F.,
  .F.,(2,2),(4.,5.),.PIECEWISE_BEZIER_KNOTS.);
#3531 = CARTESIAN_POINT('',(60.,8.,13.856406460551));
#3532 = CARTESIAN_POINT('',(60.,-8.,13.856406460551));
#3533 = PCURVE('',#1387,#3534);
#3534 = DEFINITIONAL_REPRESENTATION('',(#3535),#3539);
#3535 = LINE('',#3536,#3537);
#3536 = CARTESIAN_POINT('',(0.,1.));
#3537 = VECTOR('',#3538,1.);
#3538 = DIRECTION('',(1.,0.));
#3539 = ( GEOMETRIC_REPRESENTATION_CONTEXT(2) 
PARAMETRIC_REPRESENTATION_CONTEXT() REPRESENTATION_CONTEXT('2D SPACE',''
  ) );
#3540 = PCURVE('',#1597,#3541);
#3541 = DEFINITIONAL_REPRESENTATION('',(#3542),#3545);
#3542 = B_SPLINE_CURVE_WITH_KNOTS('',1,(#3543,#3544),.UNSPECIFIED.,.F.,
  .F.,(2,2),(4.,5.),.PIECEWISE_BEZIER_KNOTS.);
#3543 = CARTESIAN_POINT('',(24.,-13.85640646055));
#3544 = CARTESIAN_POINT('',(8.,-13.85640646055));
#3545 = ( GEOMETRIC_REPRESENTATION_CONTEXT(2) 
PARAMETRIC_REPRESENTATION_CONTEXT() REPRESENTATION_CONTEXT('2D SPACE',''
  ) );
#3546 = ORIENTED_EDGE('',*,*,#3169,.F.);
#3547 = ORIENTED_EDGE('',*,*,#2452,.F.);
#3548 = ORIENTED_EDGE('',*,*,#2508,.F.);
#3549 = ORIENTED_EDGE('',*,*,#2620,.T.);
#3550 = ADVANCED_FACE('',(#3551),#1731,.T.);
#3551 = FACE_BOUND('',#3552,.T.);
#3552 = EDGE_LOOP('',(#3553,#3574,#3575,#3576,#3597,#3598));
#3553 = ORIENTED_EDGE('',*,*,#3554,.F.);
#3554 = EDGE_CURVE('',#2182,#1676,#3555,.T.);
#3555 = SURFACE_CURVE('',#3556,(#3560,#3567),.PCURVE_S1.);
#3556 = LINE('',#3557,#3558);
#3557 = CARTESIAN_POINT('',(42.5,-3.,-19.));
#3558 = VECTOR('',#3559,1.);
#3559 = DIRECTION('',(0.,0.,1.));
#3560 = PCURVE('',#1731,#3561);
#3561 = DEFINITIONAL_REPRESENTATION('',(#3562),#3566);
#3562 = LINE('',#3563,#3564);
#3563 = CARTESIAN_POINT('',(0.,0.));
#3564 = VECTOR('',#3565,1.);
#3565 = DIRECTION('',(1.,0.));
#3566 = ( GEOMETRIC_REPRESENTATION_CONTEXT(2) 
PARAMETRIC_REPRESENTATION_CONTEXT() REPRESENTATION_CONTEXT('2D SPACE',''
  ) );
#3567 = PCURVE('',#1695,#3568);
#3568 = DEFINITIONAL_REPRESENTATION('',(#3569),#3573);
#3569 = LINE('',#3570,#3571);
#3570 = CARTESIAN_POINT('',(0.,0.));
#3571 = VECTOR('',#3572,1.);
#3572 = DIRECTION('',(1.,0.));
#3573 = ( GEOMETRIC_REPRESENTATION_CONTEXT(2) 
PARAMETRIC_REPRESENTATION_CONTEXT() REPRESENTATION_CONTEXT('2D SPACE',''
  ) );
#3574 = ORIENTED_EDGE('',*,*,#2181,.F.);
#3575 = ORIENTED_EDGE('',*,*,#3054,.F.);
#3576 = ORIENTED_EDGE('',*,*,#3577,.T.);
#3577 = EDGE_CURVE('',#3021,#3443,#3578,.T.);
#3578 = SURFACE_CURVE('',#3579,(#3583,#3590),.PCURVE_S1.);
#3579 = LINE('',#3580,#3581);
#3580 = CARTESIAN_POINT('',(42.5,3.,-19.));
#3581 = VECTOR('',#3582,1.);
#3582 = DIRECTION('',(0.,0.,1.));
#3583 = PCURVE('',#1731,#3584);
#3584 = DEFINITIONAL_REPRESENTATION('',(#3585),#3589);
#3585 = LINE('',#3586,#3587);
#3586 = CARTESIAN_POINT('',(0.,-6.));
#3587 = VECTOR('',#3588,1.);
#3588 = DIRECTION('',(1.,0.));
#3589 = ( GEOMETRIC_REPRESENTATION_CONTEXT(2) 
PARAMETRIC_REPRESENTATION_CONTEXT() REPRESENTATION_CONTEXT('2D SPACE',''
  ) );
#3590 = PCURVE('',#3040,#3591);
#3591 = DEFINITIONAL_REPRESENTATION('',(#3592),#3596);
#3592 = LINE('',#3593,#3594);
#3593 = CARTESIAN_POINT('',(0.,0.));
#3594 = VECTOR('',#3595,1.);
#3595 = DIRECTION('',(1.,0.));
#3596 = ( GEOMETRIC_REPRESENTATION_CONTEXT(2) 
PARAMETRIC_REPRESENTATION_CONTEXT() REPRESENTATION_CONTEXT('2D SPACE',''
  ) );
#3597 = ORIENTED_EDGE('',*,*,#3442,.F.);
#3598 = ORIENTED_EDGE('',*,*,#1709,.F.);
#3599 = ADVANCED_FACE('',(#3600),#1695,.T.);
#3600 = FACE_BOUND('',#3601,.T.);
#3601 = EDGE_LOOP('',(#3602,#3623,#3624,#3625));
#3602 = ORIENTED_EDGE('',*,*,#3603,.F.);
#3603 = EDGE_CURVE('',#2211,#1642,#3604,.T.);
#3604 = SURFACE_CURVE('',#3605,(#3609,#3616),.PCURVE_S1.);
#3605 = LINE('',#3606,#3607);
#3606 = CARTESIAN_POINT('',(45.5,-3.,-19.));
#3607 = VECTOR('',#3608,1.);
#3608 = DIRECTION('',(0.,0.,1.));
#3609 = PCURVE('',#1695,#3610);
#3610 = DEFINITIONAL_REPRESENTATION('',(#3611),#3615);
#3611 = LINE('',#3612,#3613);
#3612 = CARTESIAN_POINT('',(0.,3.));
#3613 = VECTOR('',#3614,1.);
#3614 = DIRECTION('',(1.,0.));
#3615 = ( GEOMETRIC_REPRESENTATION_CONTEXT(2) 
PARAMETRIC_REPRESENTATION_CONTEXT() REPRESENTATION_CONTEXT('2D SPACE',''
  ) );
#3616 = PCURVE('',#1661,#3617);
#3617 = DEFINITIONAL_REPRESENTATION('',(#3618),#3622);
#3618 = LINE('',#3619,#3620);
#3619 = CARTESIAN_POINT('',(0.,0.));
#3620 = VECTOR('',#3621,1.);
#3621 = DIRECTION('',(1.,0.));
#3622 = ( GEOMETRIC_REPRESENTATION_CONTEXT(2) 
PARAMETRIC_REPRESENTATION_CONTEXT() REPRESENTATION_CONTEXT('2D SPACE',''
  ) );
#3623 = ORIENTED_EDGE('',*,*,#2210,.F.);
#3624 = ORIENTED_EDGE('',*,*,#3554,.T.);
#3625 = ORIENTED_EDGE('',*,*,#1675,.T.);
#3626 = ADVANCED_FACE('',(#3627),#1661,.F.);
#3627 = FACE_BOUND('',#3628,.F.);
#3628 = EDGE_LOOP('',(#3629,#3630,#3631,#3632,#3653,#3654));
#3629 = ORIENTED_EDGE('',*,*,#3603,.F.);
#3630 = ORIENTED_EDGE('',*,*,#2239,.F.);
#3631 = ORIENTED_EDGE('',*,*,#2991,.F.);
#3632 = ORIENTED_EDGE('',*,*,#3633,.T.);
#3633 = EDGE_CURVE('',#2992,#3472,#3634,.T.);
#3634 = SURFACE_CURVE('',#3635,(#3639,#3646),.PCURVE_S1.);
#3635 = LINE('',#3636,#3637);
#3636 = CARTESIAN_POINT('',(45.5,3.,-19.));
#3637 = VECTOR('',#3638,1.);
#3638 = DIRECTION('',(0.,0.,1.));
#3639 = PCURVE('',#1661,#3640);
#3640 = DEFINITIONAL_REPRESENTATION('',(#3641),#3645);
#3641 = LINE('',#3642,#3643);
#3642 = CARTESIAN_POINT('',(0.,-6.));
#3643 = VECTOR('',#3644,1.);
#3644 = DIRECTION('',(1.,0.));
#3645 = ( GEOMETRIC_REPRESENTATION_CONTEXT(2) 
PARAMETRIC_REPRESENTATION_CONTEXT() REPRESENTATION_CONTEXT('2D SPACE',''
  ) );
#3646 = PCURVE('',#3040,#3647);
#3647 = DEFINITIONAL_REPRESENTATION('',(#3648),#3652);
#3648 = LINE('',#3649,#3650);
#3649 = CARTESIAN_POINT('',(0.,3.));
#3650 = VECTOR('',#3651,1.);
#3651 = DIRECTION('',(1.,0.));
#3652 = ( GEOMETRIC_REPRESENTATION_CONTEXT(2) 
PARAMETRIC_REPRESENTATION_CONTEXT() REPRESENTATION_CONTEXT('2D SPACE',''
  ) );
#3653 = ORIENTED_EDGE('',*,*,#3500,.F.);
#3654 = ORIENTED_EDGE('',*,*,#1641,.F.);
#3655 = ADVANCED_FACE('',(#3656),#1597,.F.);
#3656 = FACE_BOUND('',#3657,.F.);
#3657 = EDGE_LOOP('',(#3658,#3659,#3660,#3661));
#3658 = ORIENTED_EDGE('',*,*,#1773,.T.);
#3659 = ORIENTED_EDGE('',*,*,#1582,.F.);
#3660 = ORIENTED_EDGE('',*,*,#3528,.F.);
#3661 = ORIENTED_EDGE('',*,*,#3202,.F.);
#3662 = ADVANCED_FACE('',(#3663),#2350,.T.);
#3663 = FACE_BOUND('',#3664,.T.);
#3664 = EDGE_LOOP('',(#3665,#3666,#3667,#3668));
#3665 = ORIENTED_EDGE('',*,*,#2394,.F.);
#3666 = ORIENTED_EDGE('',*,*,#3141,.F.);
#3667 = ORIENTED_EDGE('',*,*,#2562,.T.);
#3668 = ORIENTED_EDGE('',*,*,#2330,.T.);
#3669 = ADVANCED_FACE('',(#3670),#3040,.F.);
#3670 = FACE_BOUND('',#3671,.F.);
#3671 = EDGE_LOOP('',(#3672,#3673,#3674,#3675));
#3672 = ORIENTED_EDGE('',*,*,#3633,.F.);
#3673 = ORIENTED_EDGE('',*,*,#3020,.F.);
#3674 = ORIENTED_EDGE('',*,*,#3577,.T.);
#3675 = ORIENTED_EDGE('',*,*,#3471,.T.);
#3676 = ADVANCED_FACE('',(#3677,#3754),#2943,.T.);
#3677 = FACE_BOUND('',#3678,.T.);
#3678 = EDGE_LOOP('',(#3679,#3702,#3703,#3704,#3727));
#3679 = ORIENTED_EDGE('',*,*,#3680,.T.);
#3680 = EDGE_CURVE('',#3681,#3224,#3683,.T.);
#3681 = VERTEX_POINT('',#3682);
#3682 = CARTESIAN_POINT('',(4.5,7.5,-28.));
#3683 = SURFACE_CURVE('',#3684,(#3688,#3695),.PCURVE_S1.);
#3684 = LINE('',#3685,#3686);
#3685 = CARTESIAN_POINT('',(4.5,7.5,-28.));
#3686 = VECTOR('',#3687,1.);
#3687 = DIRECTION('',(0.,0.,1.));
#3688 = PCURVE('',#2943,#3689);
#3689 = DEFINITIONAL_REPRESENTATION('',(#3690),#3694);
#3690 = LINE('',#3691,#3692);
#3691 = CARTESIAN_POINT('',(0.,-15.));
#3692 = VECTOR('',#3693,1.);
#3693 = DIRECTION('',(1.,0.));
#3694 = ( GEOMETRIC_REPRESENTATION_CONTEXT(2) 
PARAMETRIC_REPRESENTATION_CONTEXT() REPRESENTATION_CONTEXT('2D SPACE',''
  ) );
#3695 = PCURVE('',#3274,#3696);
#3696 = DEFINITIONAL_REPRESENTATION('',(#3697),#3701);
#3697 = LINE('',#3698,#3699);
#3698 = CARTESIAN_POINT('',(0.,3.));
#3699 = VECTOR('',#3700,1.);
#3700 = DIRECTION('',(1.,0.));
#3701 = ( GEOMETRIC_REPRESENTATION_CONTEXT(2) 
PARAMETRIC_REPRESENTATION_CONTEXT() REPRESENTATION_CONTEXT('2D SPACE',''
  ) );
#3702 = ORIENTED_EDGE('',*,*,#3223,.T.);
#3703 = ORIENTED_EDGE('',*,*,#2923,.T.);
#3704 = ORIENTED_EDGE('',*,*,#3705,.F.);
#3705 = EDGE_CURVE('',#3706,#2887,#3708,.T.);
#3706 = VERTEX_POINT('',#3707);
#3707 = CARTESIAN_POINT('',(4.5,-7.5,-28.));
#3708 = SURFACE_CURVE('',#3709,(#3713,#3720),.PCURVE_S1.);
#3709 = LINE('',#3710,#3711);
#3710 = CARTESIAN_POINT('',(4.5,-7.5,-28.));
#3711 = VECTOR('',#3712,1.);
#3712 = DIRECTION('',(0.,0.,1.));
#3713 = PCURVE('',#2943,#3714);
#3714 = DEFINITIONAL_REPRESENTATION('',(#3715),#3719);
#3715 = LINE('',#3716,#3717);
#3716 = CARTESIAN_POINT('',(0.,0.));
#3717 = VECTOR('',#3718,1.);
#3718 = DIRECTION('',(1.,0.));
#3719 = ( GEOMETRIC_REPRESENTATION_CONTEXT(2) 
PARAMETRIC_REPRESENTATION_CONTEXT() REPRESENTATION_CONTEXT('2D SPACE',''
  ) );
#3720 = PCURVE('',#2908,#3721);
#3721 = DEFINITIONAL_REPRESENTATION('',(#3722),#3726);
#3722 = LINE('',#3723,#3724);
#3723 = CARTESIAN_POINT('',(0.,3.));
#3724 = VECTOR('',#3725,1.);
#3725 = DIRECTION('',(1.,0.));
#3726 = ( GEOMETRIC_REPRESENTATION_CONTEXT(2) 
PARAMETRIC_REPRESENTATION_CONTEXT() REPRESENTATION_CONTEXT('2D SPACE',''
  ) );
#3727 = ORIENTED_EDGE('',*,*,#3728,.T.);
#3728 = EDGE_CURVE('',#3706,#3681,#3729,.T.);
#3729 = SURFACE_CURVE('',#3730,(#3735,#3742),.PCURVE_S1.);
#3730 = CIRCLE('',#3731,7.5);
#3731 = AXIS2_PLACEMENT_3D('',#3732,#3733,#3734);
#3732 = CARTESIAN_POINT('',(4.5,0.,-28.));
#3733 = DIRECTION('',(1.,0.,2.368475785867E-16));
#3734 = DIRECTION('',(0.,-1.,0.));
#3735 = PCURVE('',#2943,#3736);
#3736 = DEFINITIONAL_REPRESENTATION('',(#3737),#3741);
#3737 = CIRCLE('',#3738,7.5);
#3738 = AXIS2_PLACEMENT_2D('',#3739,#3740);
#3739 = CARTESIAN_POINT('',(0.,-7.5));
#3740 = DIRECTION('',(0.,1.));
#3741 = ( GEOMETRIC_REPRESENTATION_CONTEXT(2) 
PARAMETRIC_REPRESENTATION_CONTEXT() REPRESENTATION_CONTEXT('2D SPACE',''
  ) );
#3742 = PCURVE('',#3743,#3748);
#3743 = CYLINDRICAL_SURFACE('',#3744,7.5);
#3744 = AXIS2_PLACEMENT_3D('',#3745,#3746,#3747);
#3745 = CARTESIAN_POINT('',(1.5,0.,-28.));
#3746 = DIRECTION('',(1.,0.,2.22044604925E-16));
#3747 = DIRECTION('',(2.22044604925E-16,0.,-1.));
#3748 = DEFINITIONAL_REPRESENTATION('',(#3749),#3753);
#3749 = LINE('',#3750,#3751);
#3750 = CARTESIAN_POINT('',(4.712388980385,3.));
#3751 = VECTOR('',#3752,1.);
#3752 = DIRECTION('',(1.,0.));
#3753 = ( GEOMETRIC_REPRESENTATION_CONTEXT(2) 
PARAMETRIC_REPRESENTATION_CONTEXT() REPRESENTATION_CONTEXT('2D SPACE',''
  ) );
#3754 = FACE_BOUND('',#3755,.T.);
#3755 = EDGE_LOOP('',(#3756));
#3756 = ORIENTED_EDGE('',*,*,#3757,.F.);
#3757 = EDGE_CURVE('',#3758,#3758,#3760,.T.);
#3758 = VERTEX_POINT('',#3759);
#3759 = CARTESIAN_POINT('',(4.5,-6.123233995737E-16,-30.5));
#3760 = SURFACE_CURVE('',#3761,(#3766,#3773),.PCURVE_S1.);
#3761 = CIRCLE('',#3762,2.5);
#3762 = AXIS2_PLACEMENT_3D('',#3763,#3764,#3765);
#3763 = CARTESIAN_POINT('',(4.5,0.,-28.));
#3764 = DIRECTION('',(1.,0.,2.22044604925E-16));
#3765 = DIRECTION('',(2.22044604925E-16,0.,-1.));
#3766 = PCURVE('',#2943,#3767);
#3767 = DEFINITIONAL_REPRESENTATION('',(#3768),#3772);
#3768 = CIRCLE('',#3769,2.5);
#3769 = AXIS2_PLACEMENT_2D('',#3770,#3771);
#3770 = CARTESIAN_POINT('',(0.,-7.5));
#3771 = DIRECTION('',(-1.,0.));
#3772 = ( GEOMETRIC_REPRESENTATION_CONTEXT(2) 
PARAMETRIC_REPRESENTATION_CONTEXT() REPRESENTATION_CONTEXT('2D SPACE',''
  ) );
#3773 = PCURVE('',#3774,#3779);
#3774 = CYLINDRICAL_SURFACE('',#3775,2.5);
#3775 = AXIS2_PLACEMENT_3D('',#3776,#3777,#3778);
#3776 = CARTESIAN_POINT('',(0.5,0.,-28.));
#3777 = DIRECTION('',(1.,0.,2.22044604925E-16));
#3778 = DIRECTION('',(2.22044604925E-16,0.,-1.));
#3779 = DEFINITIONAL_REPRESENTATION('',(#3780),#3784);
#3780 = LINE('',#3781,#3782);
#3781 = CARTESIAN_POINT('',(0.,4.));
#3782 = VECTOR('',#3783,1.);
#3783 = DIRECTION('',(1.,0.));
#3784 = ( GEOMETRIC_REPRESENTATION_CONTEXT(2) 
PARAMETRIC_REPRESENTATION_CONTEXT() REPRESENTATION_CONTEXT('2D SPACE',''
  ) );
#3785 = ADVANCED_FACE('',(#3786),#2908,.F.);
#3786 = FACE_BOUND('',#3787,.F.);
#3787 = EDGE_LOOP('',(#3788,#3789,#3811,#3832));
#3788 = ORIENTED_EDGE('',*,*,#3705,.F.);
#3789 = ORIENTED_EDGE('',*,*,#3790,.F.);
#3790 = EDGE_CURVE('',#3791,#3706,#3793,.T.);
#3791 = VERTEX_POINT('',#3792);
#3792 = CARTESIAN_POINT('',(1.5,-7.5,-28.));
#3793 = SURFACE_CURVE('',#3794,(#3798,#3805),.PCURVE_S1.);
#3794 = LINE('',#3795,#3796);
#3795 = CARTESIAN_POINT('',(1.5,-7.5,-28.));
#3796 = VECTOR('',#3797,1.);
#3797 = DIRECTION('',(1.,0.,0.));
#3798 = PCURVE('',#2908,#3799);
#3799 = DEFINITIONAL_REPRESENTATION('',(#3800),#3804);
#3800 = LINE('',#3801,#3802);
#3801 = CARTESIAN_POINT('',(0.,0.));
#3802 = VECTOR('',#3803,1.);
#3803 = DIRECTION('',(0.,1.));
#3804 = ( GEOMETRIC_REPRESENTATION_CONTEXT(2) 
PARAMETRIC_REPRESENTATION_CONTEXT() REPRESENTATION_CONTEXT('2D SPACE',''
  ) );
#3805 = PCURVE('',#3743,#3806);
#3806 = DEFINITIONAL_REPRESENTATION('',(#3807),#3810);
#3807 = B_SPLINE_CURVE_WITH_KNOTS('',1,(#3808,#3809),.UNSPECIFIED.,.F.,
  .F.,(2,2),(0.,3.),.PIECEWISE_BEZIER_KNOTS.);
#3808 = CARTESIAN_POINT('',(4.712388980385,0.));
#3809 = CARTESIAN_POINT('',(4.712388980385,3.));
#3810 = ( GEOMETRIC_REPRESENTATION_CONTEXT(2) 
PARAMETRIC_REPRESENTATION_CONTEXT() REPRESENTATION_CONTEXT('2D SPACE',''
  ) );
#3811 = ORIENTED_EDGE('',*,*,#3812,.T.);
#3812 = EDGE_CURVE('',#3791,#2853,#3813,.T.);
#3813 = SURFACE_CURVE('',#3814,(#3818,#3825),.PCURVE_S1.);
#3814 = LINE('',#3815,#3816);
#3815 = CARTESIAN_POINT('',(1.5,-7.5,-28.));
#3816 = VECTOR('',#3817,1.);
#3817 = DIRECTION('',(0.,0.,1.));
#3818 = PCURVE('',#2908,#3819);
#3819 = DEFINITIONAL_REPRESENTATION('',(#3820),#3824);
#3820 = LINE('',#3821,#3822);
#3821 = CARTESIAN_POINT('',(0.,0.));
#3822 = VECTOR('',#3823,1.);
#3823 = DIRECTION('',(1.,0.));
#3824 = ( GEOMETRIC_REPRESENTATION_CONTEXT(2) 
PARAMETRIC_REPRESENTATION_CONTEXT() REPRESENTATION_CONTEXT('2D SPACE',''
  ) );
#3825 = PCURVE('',#2872,#3826);
#3826 = DEFINITIONAL_REPRESENTATION('',(#3827),#3831);
#3827 = LINE('',#3828,#3829);
#3828 = CARTESIAN_POINT('',(0.,0.));
#3829 = VECTOR('',#3830,1.);
#3830 = DIRECTION('',(1.,0.));
#3831 = ( GEOMETRIC_REPRESENTATION_CONTEXT(2) 
PARAMETRIC_REPRESENTATION_CONTEXT() REPRESENTATION_CONTEXT('2D SPACE',''
  ) );
#3832 = ORIENTED_EDGE('',*,*,#2886,.T.);
#3833 = ADVANCED_FACE('',(#3834,#3888),#2872,.F.);
#3834 = FACE_BOUND('',#3835,.F.);
#3835 = EDGE_LOOP('',(#3836,#3859,#3860,#3861,#3862));
#3836 = ORIENTED_EDGE('',*,*,#3837,.T.);
#3837 = EDGE_CURVE('',#3838,#3253,#3840,.T.);
#3838 = VERTEX_POINT('',#3839);
#3839 = CARTESIAN_POINT('',(1.5,7.5,-28.));
#3840 = SURFACE_CURVE('',#3841,(#3845,#3852),.PCURVE_S1.);
#3841 = LINE('',#3842,#3843);
#3842 = CARTESIAN_POINT('',(1.5,7.5,-28.));
#3843 = VECTOR('',#3844,1.);
#3844 = DIRECTION('',(0.,0.,1.));
#3845 = PCURVE('',#2872,#3846);
#3846 = DEFINITIONAL_REPRESENTATION('',(#3847),#3851);
#3847 = LINE('',#3848,#3849);
#3848 = CARTESIAN_POINT('',(0.,-15.));
#3849 = VECTOR('',#3850,1.);
#3850 = DIRECTION('',(1.,0.));
#3851 = ( GEOMETRIC_REPRESENTATION_CONTEXT(2) 
PARAMETRIC_REPRESENTATION_CONTEXT() REPRESENTATION_CONTEXT('2D SPACE',''
  ) );
#3852 = PCURVE('',#3274,#3853);
#3853 = DEFINITIONAL_REPRESENTATION('',(#3854),#3858);
#3854 = LINE('',#3855,#3856);
#3855 = CARTESIAN_POINT('',(0.,0.));
#3856 = VECTOR('',#3857,1.);
#3857 = DIRECTION('',(1.,0.));
#3858 = ( GEOMETRIC_REPRESENTATION_CONTEXT(2) 
PARAMETRIC_REPRESENTATION_CONTEXT() REPRESENTATION_CONTEXT('2D SPACE',''
  ) );
#3859 = ORIENTED_EDGE('',*,*,#3289,.T.);
#3860 = ORIENTED_EDGE('',*,*,#2852,.T.);
#3861 = ORIENTED_EDGE('',*,*,#3812,.F.);
#3862 = ORIENTED_EDGE('',*,*,#3863,.F.);
#3863 = EDGE_CURVE('',#3838,#3791,#3864,.T.);
#3864 = SURFACE_CURVE('',#3865,(#3870,#3881),.PCURVE_S1.);
#3865 = CIRCLE('',#3866,7.5);
#3866 = AXIS2_PLACEMENT_3D('',#3867,#3868,#3869);
#3867 = CARTESIAN_POINT('',(1.5,0.,-28.));
#3868 = DIRECTION('',(-1.,0.,-2.368475785867E-16));
#3869 = DIRECTION('',(0.,1.,0.));
#3870 = PCURVE('',#2872,#3871);
#3871 = DEFINITIONAL_REPRESENTATION('',(#3872),#3880);
#3872 = ( BOUNDED_CURVE() B_SPLINE_CURVE(2,(#3873,#3874,#3875,#3876,
#3877,#3878,#3879),.UNSPECIFIED.,.T.,.F.) B_SPLINE_CURVE_WITH_KNOTS((1,2
    ,2,2,2,1),(-2.094395102393,0.,2.094395102393,4.188790204786,
6.28318530718,8.377580409573),.UNSPECIFIED.) CURVE() 
GEOMETRIC_REPRESENTATION_ITEM() RATIONAL_B_SPLINE_CURVE((1.,0.5,1.,0.5,
1.,0.5,1.)) REPRESENTATION_ITEM('') );
#3873 = CARTESIAN_POINT('',(0.,-15.));
#3874 = CARTESIAN_POINT('',(-12.99038105676,-15.));
#3875 = CARTESIAN_POINT('',(-6.495190528383,-3.75));
#3876 = CARTESIAN_POINT('',(-1.836970198721E-15,7.5));
#3877 = CARTESIAN_POINT('',(6.495190528383,-3.75));
#3878 = CARTESIAN_POINT('',(12.990381056767,-15.));
#3879 = CARTESIAN_POINT('',(0.,-15.));
#3880 = ( GEOMETRIC_REPRESENTATION_CONTEXT(2) 
PARAMETRIC_REPRESENTATION_CONTEXT() REPRESENTATION_CONTEXT('2D SPACE',''
  ) );
#3881 = PCURVE('',#3743,#3882);
#3882 = DEFINITIONAL_REPRESENTATION('',(#3883),#3887);
#3883 = LINE('',#3884,#3885);
#3884 = CARTESIAN_POINT('',(7.853981633974,0.));
#3885 = VECTOR('',#3886,1.);
#3886 = DIRECTION('',(-1.,-0.));
#3887 = ( GEOMETRIC_REPRESENTATION_CONTEXT(2) 
PARAMETRIC_REPRESENTATION_CONTEXT() REPRESENTATION_CONTEXT('2D SPACE',''
  ) );
#3888 = FACE_BOUND('',#3889,.F.);
#3889 = EDGE_LOOP('',(#3890));
#3890 = ORIENTED_EDGE('',*,*,#3891,.F.);
#3891 = EDGE_CURVE('',#3892,#3892,#3894,.T.);
#3892 = VERTEX_POINT('',#3893);
#3893 = CARTESIAN_POINT('',(1.5,-6.123233995737E-16,-30.5));
#3894 = SURFACE_CURVE('',#3895,(#3900,#3907),.PCURVE_S1.);
#3895 = CIRCLE('',#3896,2.5);
#3896 = AXIS2_PLACEMENT_3D('',#3897,#3898,#3899);
#3897 = CARTESIAN_POINT('',(1.5,0.,-28.));
#3898 = DIRECTION('',(1.,0.,2.22044604925E-16));
#3899 = DIRECTION('',(2.22044604925E-16,0.,-1.));
#3900 = PCURVE('',#2872,#3901);
#3901 = DEFINITIONAL_REPRESENTATION('',(#3902),#3906);
#3902 = CIRCLE('',#3903,2.5);
#3903 = AXIS2_PLACEMENT_2D('',#3904,#3905);
#3904 = CARTESIAN_POINT('',(0.,-7.5));
#3905 = DIRECTION('',(-1.,0.));
#3906 = ( GEOMETRIC_REPRESENTATION_CONTEXT(2) 
PARAMETRIC_REPRESENTATION_CONTEXT() REPRESENTATION_CONTEXT('2D SPACE',''
  ) );
#3907 = PCURVE('',#3774,#3908);
#3908 = DEFINITIONAL_REPRESENTATION('',(#3909),#3913);
#3909 = LINE('',#3910,#3911);
#3910 = CARTESIAN_POINT('',(0.,1.));
#3911 = VECTOR('',#3912,1.);
#3912 = DIRECTION('',(1.,0.));
#3913 = ( GEOMETRIC_REPRESENTATION_CONTEXT(2) 
PARAMETRIC_REPRESENTATION_CONTEXT() REPRESENTATION_CONTEXT('2D SPACE',''
  ) );
#3914 = ADVANCED_FACE('',(#3915,#3992),#2805,.T.);
#3915 = FACE_BOUND('',#3916,.T.);
#3916 = EDGE_LOOP('',(#3917,#3940,#3941,#3942,#3965));
#3917 = ORIENTED_EDGE('',*,*,#3918,.T.);
#3918 = EDGE_CURVE('',#3919,#3318,#3921,.T.);
#3919 = VERTEX_POINT('',#3920);
#3920 = CARTESIAN_POINT('',(-1.5,7.5,-28.));
#3921 = SURFACE_CURVE('',#3922,(#3926,#3933),.PCURVE_S1.);
#3922 = LINE('',#3923,#3924);
#3923 = CARTESIAN_POINT('',(-1.5,7.5,-28.));
#3924 = VECTOR('',#3925,1.);
#3925 = DIRECTION('',(0.,0.,1.));
#3926 = PCURVE('',#2805,#3927);
#3927 = DEFINITIONAL_REPRESENTATION('',(#3928),#3932);
#3928 = LINE('',#3929,#3930);
#3929 = CARTESIAN_POINT('',(0.,-15.));
#3930 = VECTOR('',#3931,1.);
#3931 = DIRECTION('',(1.,0.));
#3932 = ( GEOMETRIC_REPRESENTATION_CONTEXT(2) 
PARAMETRIC_REPRESENTATION_CONTEXT() REPRESENTATION_CONTEXT('2D SPACE',''
  ) );
#3933 = PCURVE('',#3368,#3934);
#3934 = DEFINITIONAL_REPRESENTATION('',(#3935),#3939);
#3935 = LINE('',#3936,#3937);
#3936 = CARTESIAN_POINT('',(0.,3.));
#3937 = VECTOR('',#3938,1.);
#3938 = DIRECTION('',(1.,0.));
#3939 = ( GEOMETRIC_REPRESENTATION_CONTEXT(2) 
PARAMETRIC_REPRESENTATION_CONTEXT() REPRESENTATION_CONTEXT('2D SPACE',''
  ) );
#3940 = ORIENTED_EDGE('',*,*,#3317,.T.);
#3941 = ORIENTED_EDGE('',*,*,#2785,.T.);
#3942 = ORIENTED_EDGE('',*,*,#3943,.F.);
#3943 = EDGE_CURVE('',#3944,#2749,#3946,.T.);
#3944 = VERTEX_POINT('',#3945);
#3945 = CARTESIAN_POINT('',(-1.5,-7.5,-28.));
#3946 = SURFACE_CURVE('',#3947,(#3951,#3958),.PCURVE_S1.);
#3947 = LINE('',#3948,#3949);
#3948 = CARTESIAN_POINT('',(-1.5,-7.5,-28.));
#3949 = VECTOR('',#3950,1.);
#3950 = DIRECTION('',(0.,0.,1.));
#3951 = PCURVE('',#2805,#3952);
#3952 = DEFINITIONAL_REPRESENTATION('',(#3953),#3957);
#3953 = LINE('',#3954,#3955);
#3954 = CARTESIAN_POINT('',(0.,0.));
#3955 = VECTOR('',#3956,1.);
#3956 = DIRECTION('',(1.,0.));
#3957 = ( GEOMETRIC_REPRESENTATION_CONTEXT(2) 
PARAMETRIC_REPRESENTATION_CONTEXT() REPRESENTATION_CONTEXT('2D SPACE',''
  ) );
#3958 = PCURVE('',#2770,#3959);
#3959 = DEFINITIONAL_REPRESENTATION('',(#3960),#3964);
#3960 = LINE('',#3961,#3962);
#3961 = CARTESIAN_POINT('',(0.,3.));
#3962 = VECTOR('',#3963,1.);
#3963 = DIRECTION('',(1.,0.));
#3964 = ( GEOMETRIC_REPRESENTATION_CONTEXT(2) 
PARAMETRIC_REPRESENTATION_CONTEXT() REPRESENTATION_CONTEXT('2D SPACE',''
  ) );
#3965 = ORIENTED_EDGE('',*,*,#3966,.T.);
#3966 = EDGE_CURVE('',#3944,#3919,#3967,.T.);
#3967 = SURFACE_CURVE('',#3968,(#3973,#3980),.PCURVE_S1.);
#3968 = CIRCLE('',#3969,7.5);
#3969 = AXIS2_PLACEMENT_3D('',#3970,#3971,#3972);
#3970 = CARTESIAN_POINT('',(-1.5,0.,-28.));
#3971 = DIRECTION('',(1.,0.,2.368475785867E-16));
#3972 = DIRECTION('',(0.,-1.,0.));
#3973 = PCURVE('',#2805,#3974);
#3974 = DEFINITIONAL_REPRESENTATION('',(#3975),#3979);
#3975 = CIRCLE('',#3976,7.5);
#3976 = AXIS2_PLACEMENT_2D('',#3977,#3978);
#3977 = CARTESIAN_POINT('',(0.,-7.5));
#3978 = DIRECTION('',(0.,1.));
#3979 = ( GEOMETRIC_REPRESENTATION_CONTEXT(2) 
PARAMETRIC_REPRESENTATION_CONTEXT() REPRESENTATION_CONTEXT('2D SPACE',''
  ) );
#3980 = PCURVE('',#3981,#3986);
#3981 = CYLINDRICAL_SURFACE('',#3982,7.5);
#3982 = AXIS2_PLACEMENT_3D('',#3983,#3984,#3985);
#3983 = CARTESIAN_POINT('',(-4.5,0.,-28.));
#3984 = DIRECTION('',(1.,0.,2.22044604925E-16));
#3985 = DIRECTION('',(2.22044604925E-16,0.,-1.));
#3986 = DEFINITIONAL_REPRESENTATION('',(#3987),#3991);
#3987 = LINE('',#3988,#3989);
#3988 = CARTESIAN_POINT('',(4.712388980385,3.));
#3989 = VECTOR('',#3990,1.);
#3990 = DIRECTION('',(1.,0.));
#3991 = ( GEOMETRIC_REPRESENTATION_CONTEXT(2) 
PARAMETRIC_REPRESENTATION_CONTEXT() REPRESENTATION_CONTEXT('2D SPACE',''
  ) );
#3992 = FACE_BOUND('',#3993,.T.);
#3993 = EDGE_LOOP('',(#3994));
#3994 = ORIENTED_EDGE('',*,*,#3995,.F.);
#3995 = EDGE_CURVE('',#3996,#3996,#3998,.T.);
#3996 = VERTEX_POINT('',#3997);
#3997 = CARTESIAN_POINT('',(-1.5,-6.123233995737E-16,-30.5));
#3998 = SURFACE_CURVE('',#3999,(#4004,#4011),.PCURVE_S1.);
#3999 = CIRCLE('',#4000,2.5);
#4000 = AXIS2_PLACEMENT_3D('',#4001,#4002,#4003);
#4001 = CARTESIAN_POINT('',(-1.5,0.,-28.));
#4002 = DIRECTION('',(1.,0.,2.22044604925E-16));
#4003 = DIRECTION('',(2.22044604925E-16,0.,-1.));
#4004 = PCURVE('',#2805,#4005);
#4005 = DEFINITIONAL_REPRESENTATION('',(#4006),#4010);
#4006 = CIRCLE('',#4007,2.5);
#4007 = AXIS2_PLACEMENT_2D('',#4008,#4009);
#4008 = CARTESIAN_POINT('',(0.,-7.5));
#4009 = DIRECTION('',(-1.,0.));
#4010 = ( GEOMETRIC_REPRESENTATION_CONTEXT(2) 
PARAMETRIC_REPRESENTATION_CONTEXT() REPRESENTATION_CONTEXT('2D SPACE',''
  ) );
#4011 = PCURVE('',#4012,#4017);
#4012 = CYLINDRICAL_SURFACE('',#4013,2.5);
#4013 = AXIS2_PLACEMENT_3D('',#4014,#4015,#4016);
#4014 = CARTESIAN_POINT('',(-5.5,0.,-28.));
#4015 = DIRECTION('',(1.,0.,2.22044604925E-16));
#4016 = DIRECTION('',(2.22044604925E-16,0.,-1.));
#4017 = DEFINITIONAL_REPRESENTATION('',(#4018),#4022);
#4018 = LINE('',#4019,#4020);
#4019 = CARTESIAN_POINT('',(0.,4.));
#4020 = VECTOR('',#4021,1.);
#4021 = DIRECTION('',(1.,0.));
#4022 = ( GEOMETRIC_REPRESENTATION_CONTEXT(2) 
PARAMETRIC_REPRESENTATION_CONTEXT() REPRESENTATION_CONTEXT('2D SPACE',''
  ) );
#4023 = ADVANCED_FACE('',(#4024),#2770,.F.);
#4024 = FACE_BOUND('',#4025,.F.);
#4025 = EDGE_LOOP('',(#4026,#4027,#4049,#4070));
#4026 = ORIENTED_EDGE('',*,*,#3943,.F.);
#4027 = ORIENTED_EDGE('',*,*,#4028,.F.);
#4028 = EDGE_CURVE('',#4029,#3944,#4031,.T.);
#4029 = VERTEX_POINT('',#4030);
#4030 = CARTESIAN_POINT('',(-4.5,-7.5,-28.));
#4031 = SURFACE_CURVE('',#4032,(#4036,#4043),.PCURVE_S1.);
#4032 = LINE('',#4033,#4034);
#4033 = CARTESIAN_POINT('',(-4.5,-7.5,-28.));
#4034 = VECTOR('',#4035,1.);
#4035 = DIRECTION('',(1.,0.,0.));
#4036 = PCURVE('',#2770,#4037);
#4037 = DEFINITIONAL_REPRESENTATION('',(#4038),#4042);
#4038 = LINE('',#4039,#4040);
#4039 = CARTESIAN_POINT('',(0.,0.));
#4040 = VECTOR('',#4041,1.);
#4041 = DIRECTION('',(0.,1.));
#4042 = ( GEOMETRIC_REPRESENTATION_CONTEXT(2) 
PARAMETRIC_REPRESENTATION_CONTEXT() REPRESENTATION_CONTEXT('2D SPACE',''
  ) );
#4043 = PCURVE('',#3981,#4044);
#4044 = DEFINITIONAL_REPRESENTATION('',(#4045),#4048);
#4045 = B_SPLINE_CURVE_WITH_KNOTS('',1,(#4046,#4047),.UNSPECIFIED.,.F.,
  .F.,(2,2),(0.,3.),.PIECEWISE_BEZIER_KNOTS.);
#4046 = CARTESIAN_POINT('',(4.712388980385,0.));
#4047 = CARTESIAN_POINT('',(4.712388980385,3.));
#4048 = ( GEOMETRIC_REPRESENTATION_CONTEXT(2) 
PARAMETRIC_REPRESENTATION_CONTEXT() REPRESENTATION_CONTEXT('2D SPACE',''
  ) );
#4049 = ORIENTED_EDGE('',*,*,#4050,.T.);
#4050 = EDGE_CURVE('',#4029,#2715,#4051,.T.);
#4051 = SURFACE_CURVE('',#4052,(#4056,#4063),.PCURVE_S1.);
#4052 = LINE('',#4053,#4054);
#4053 = CARTESIAN_POINT('',(-4.5,-7.5,-28.));
#4054 = VECTOR('',#4055,1.);
#4055 = DIRECTION('',(0.,0.,1.));
#4056 = PCURVE('',#2770,#4057);
#4057 = DEFINITIONAL_REPRESENTATION('',(#4058),#4062);
#4058 = LINE('',#4059,#4060);
#4059 = CARTESIAN_POINT('',(0.,0.));
#4060 = VECTOR('',#4061,1.);
#4061 = DIRECTION('',(1.,0.));
#4062 = ( GEOMETRIC_REPRESENTATION_CONTEXT(2) 
PARAMETRIC_REPRESENTATION_CONTEXT() REPRESENTATION_CONTEXT('2D SPACE',''
  ) );
#4063 = PCURVE('',#2734,#4064);
#4064 = DEFINITIONAL_REPRESENTATION('',(#4065),#4069);
#4065 = LINE('',#4066,#4067);
#4066 = CARTESIAN_POINT('',(0.,0.));
#4067 = VECTOR('',#4068,1.);
#4068 = DIRECTION('',(1.,0.));
#4069 = ( GEOMETRIC_REPRESENTATION_CONTEXT(2) 
PARAMETRIC_REPRESENTATION_CONTEXT() REPRESENTATION_CONTEXT('2D SPACE',''
  ) );
#4070 = ORIENTED_EDGE('',*,*,#2748,.T.);
#4071 = ADVANCED_FACE('',(#4072,#4126),#2734,.F.);
#4072 = FACE_BOUND('',#4073,.F.);
#4073 = EDGE_LOOP('',(#4074,#4097,#4098,#4099,#4100));
#4074 = ORIENTED_EDGE('',*,*,#4075,.T.);
#4075 = EDGE_CURVE('',#4076,#3347,#4078,.T.);
#4076 = VERTEX_POINT('',#4077);
#4077 = CARTESIAN_POINT('',(-4.5,7.5,-28.));
#4078 = SURFACE_CURVE('',#4079,(#4083,#4090),.PCURVE_S1.);
#4079 = LINE('',#4080,#4081);
#4080 = CARTESIAN_POINT('',(-4.5,7.5,-28.));
#4081 = VECTOR('',#4082,1.);
#4082 = DIRECTION('',(0.,0.,1.));
#4083 = PCURVE('',#2734,#4084);
#4084 = DEFINITIONAL_REPRESENTATION('',(#4085),#4089);
#4085 = LINE('',#4086,#4087);
#4086 = CARTESIAN_POINT('',(0.,-15.));
#4087 = VECTOR('',#4088,1.);
#4088 = DIRECTION('',(1.,0.));
#4089 = ( GEOMETRIC_REPRESENTATION_CONTEXT(2) 
PARAMETRIC_REPRESENTATION_CONTEXT() REPRESENTATION_CONTEXT('2D SPACE',''
  ) );
#4090 = PCURVE('',#3368,#4091);
#4091 = DEFINITIONAL_REPRESENTATION('',(#4092),#4096);
#4092 = LINE('',#4093,#4094);
#4093 = CARTESIAN_POINT('',(0.,0.));
#4094 = VECTOR('',#4095,1.);
#4095 = DIRECTION('',(1.,0.));
#4096 = ( GEOMETRIC_REPRESENTATION_CONTEXT(2) 
PARAMETRIC_REPRESENTATION_CONTEXT() REPRESENTATION_CONTEXT('2D SPACE',''
  ) );
#4097 = ORIENTED_EDGE('',*,*,#3383,.T.);
#4098 = ORIENTED_EDGE('',*,*,#2714,.T.);
#4099 = ORIENTED_EDGE('',*,*,#4050,.F.);
#4100 = ORIENTED_EDGE('',*,*,#4101,.F.);
#4101 = EDGE_CURVE('',#4076,#4029,#4102,.T.);
#4102 = SURFACE_CURVE('',#4103,(#4108,#4119),.PCURVE_S1.);
#4103 = CIRCLE('',#4104,7.5);
#4104 = AXIS2_PLACEMENT_3D('',#4105,#4106,#4107);
#4105 = CARTESIAN_POINT('',(-4.5,0.,-28.));
#4106 = DIRECTION('',(-1.,0.,-2.368475785867E-16));
#4107 = DIRECTION('',(0.,1.,0.));
#4108 = PCURVE('',#2734,#4109);
#4109 = DEFINITIONAL_REPRESENTATION('',(#4110),#4118);
#4110 = ( BOUNDED_CURVE() B_SPLINE_CURVE(2,(#4111,#4112,#4113,#4114,
#4115,#4116,#4117),.UNSPECIFIED.,.T.,.F.) B_SPLINE_CURVE_WITH_KNOTS((1,2
    ,2,2,2,1),(-2.094395102393,0.,2.094395102393,4.188790204786,
6.28318530718,8.377580409573),.UNSPECIFIED.) CURVE() 
GEOMETRIC_REPRESENTATION_ITEM() RATIONAL_B_SPLINE_CURVE((1.,0.5,1.,0.5,
1.,0.5,1.)) REPRESENTATION_ITEM('') );
#4111 = CARTESIAN_POINT('',(0.,-15.));
#4112 = CARTESIAN_POINT('',(-12.99038105676,-15.));
#4113 = CARTESIAN_POINT('',(-6.495190528383,-3.75));
#4114 = CARTESIAN_POINT('',(-1.836970198721E-15,7.5));
#4115 = CARTESIAN_POINT('',(6.495190528383,-3.75));
#4116 = CARTESIAN_POINT('',(12.990381056767,-15.));
#4117 = CARTESIAN_POINT('',(0.,-15.));
#4118 = ( GEOMETRIC_REPRESENTATION_CONTEXT(2) 
PARAMETRIC_REPRESENTATION_CONTEXT() REPRESENTATION_CONTEXT('2D SPACE',''
  ) );
#4119 = PCURVE('',#3981,#4120);
#4120 = DEFINITIONAL_REPRESENTATION('',(#4121),#4125);
#4121 = LINE('',#4122,#4123);
#4122 = CARTESIAN_POINT('',(7.853981633974,0.));
#4123 = VECTOR('',#4124,1.);
#4124 = DIRECTION('',(-1.,-0.));
#4125 = ( GEOMETRIC_REPRESENTATION_CONTEXT(2) 
PARAMETRIC_REPRESENTATION_CONTEXT() REPRESENTATION_CONTEXT('2D SPACE',''
  ) );
#4126 = FACE_BOUND('',#4127,.F.);
#4127 = EDGE_LOOP('',(#4128));
#4128 = ORIENTED_EDGE('',*,*,#4129,.F.);
#4129 = EDGE_CURVE('',#4130,#4130,#4132,.T.);
#4130 = VERTEX_POINT('',#4131);
#4131 = CARTESIAN_POINT('',(-4.5,-6.123233995737E-16,-30.5));
#4132 = SURFACE_CURVE('',#4133,(#4138,#4145),.PCURVE_S1.);
#4133 = CIRCLE('',#4134,2.5);
#4134 = AXIS2_PLACEMENT_3D('',#4135,#4136,#4137);
#4135 = CARTESIAN_POINT('',(-4.5,0.,-28.));
#4136 = DIRECTION('',(1.,0.,2.22044604925E-16));
#4137 = DIRECTION('',(2.22044604925E-16,0.,-1.));
#4138 = PCURVE('',#2734,#4139);
#4139 = DEFINITIONAL_REPRESENTATION('',(#4140),#4144);
#4140 = CIRCLE('',#4141,2.5);
#4141 = AXIS2_PLACEMENT_2D('',#4142,#4143);
#4142 = CARTESIAN_POINT('',(0.,-7.5));
#4143 = DIRECTION('',(-1.,0.));
#4144 = ( GEOMETRIC_REPRESENTATION_CONTEXT(2) 
PARAMETRIC_REPRESENTATION_CONTEXT() REPRESENTATION_CONTEXT('2D SPACE',''
  ) );
#4145 = PCURVE('',#4012,#4146);
#4146 = DEFINITIONAL_REPRESENTATION('',(#4147),#4151);
#4147 = LINE('',#4148,#4149);
#4148 = CARTESIAN_POINT('',(0.,1.));
#4149 = VECTOR('',#4150,1.);
#4150 = DIRECTION('',(1.,0.));
#4151 = ( GEOMETRIC_REPRESENTATION_CONTEXT(2) 
PARAMETRIC_REPRESENTATION_CONTEXT() REPRESENTATION_CONTEXT('2D SPACE',''
  ) );
#4152 = ADVANCED_FACE('',(#4153),#3368,.T.);
#4153 = FACE_BOUND('',#4154,.T.);
#4154 = EDGE_LOOP('',(#4155,#4156,#4176,#4177));
#4155 = ORIENTED_EDGE('',*,*,#3918,.F.);
#4156 = ORIENTED_EDGE('',*,*,#4157,.F.);
#4157 = EDGE_CURVE('',#4076,#3919,#4158,.T.);
#4158 = SURFACE_CURVE('',#4159,(#4163,#4170),.PCURVE_S1.);
#4159 = LINE('',#4160,#4161);
#4160 = CARTESIAN_POINT('',(-4.5,7.5,-28.));
#4161 = VECTOR('',#4162,1.);
#4162 = DIRECTION('',(1.,0.,0.));
#4163 = PCURVE('',#3368,#4164);
#4164 = DEFINITIONAL_REPRESENTATION('',(#4165),#4169);
#4165 = LINE('',#4166,#4167);
#4166 = CARTESIAN_POINT('',(0.,0.));
#4167 = VECTOR('',#4168,1.);
#4168 = DIRECTION('',(0.,1.));
#4169 = ( GEOMETRIC_REPRESENTATION_CONTEXT(2) 
PARAMETRIC_REPRESENTATION_CONTEXT() REPRESENTATION_CONTEXT('2D SPACE',''
  ) );
#4170 = PCURVE('',#3981,#4171);
#4171 = DEFINITIONAL_REPRESENTATION('',(#4172),#4175);
#4172 = B_SPLINE_CURVE_WITH_KNOTS('',1,(#4173,#4174),.UNSPECIFIED.,.F.,
  .F.,(2,2),(0.,3.),.PIECEWISE_BEZIER_KNOTS.);
#4173 = CARTESIAN_POINT('',(7.853981633974,0.));
#4174 = CARTESIAN_POINT('',(7.853981633974,3.));
#4175 = ( GEOMETRIC_REPRESENTATION_CONTEXT(2) 
PARAMETRIC_REPRESENTATION_CONTEXT() REPRESENTATION_CONTEXT('2D SPACE',''
  ) );
#4176 = ORIENTED_EDGE('',*,*,#4075,.T.);
#4177 = ORIENTED_EDGE('',*,*,#3346,.T.);
#4178 = ADVANCED_FACE('',(#4179),#3274,.T.);
#4179 = FACE_BOUND('',#4180,.T.);
#4180 = EDGE_LOOP('',(#4181,#4182,#4202,#4203));
#4181 = ORIENTED_EDGE('',*,*,#3680,.F.);
#4182 = ORIENTED_EDGE('',*,*,#4183,.F.);
#4183 = EDGE_CURVE('',#3838,#3681,#4184,.T.);
#4184 = SURFACE_CURVE('',#4185,(#4189,#4196),.PCURVE_S1.);
#4185 = LINE('',#4186,#4187);
#4186 = CARTESIAN_POINT('',(1.5,7.5,-28.));
#4187 = VECTOR('',#4188,1.);
#4188 = DIRECTION('',(1.,0.,0.));
#4189 = PCURVE('',#3274,#4190);
#4190 = DEFINITIONAL_REPRESENTATION('',(#4191),#4195);
#4191 = LINE('',#4192,#4193);
#4192 = CARTESIAN_POINT('',(0.,0.));
#4193 = VECTOR('',#4194,1.);
#4194 = DIRECTION('',(0.,1.));
#4195 = ( GEOMETRIC_REPRESENTATION_CONTEXT(2) 
PARAMETRIC_REPRESENTATION_CONTEXT() REPRESENTATION_CONTEXT('2D SPACE',''
  ) );
#4196 = PCURVE('',#3743,#4197);
#4197 = DEFINITIONAL_REPRESENTATION('',(#4198),#4201);
#4198 = B_SPLINE_CURVE_WITH_KNOTS('',1,(#4199,#4200),.UNSPECIFIED.,.F.,
  .F.,(2,2),(0.,3.),.PIECEWISE_BEZIER_KNOTS.);
#4199 = CARTESIAN_POINT('',(7.853981633974,0.));
#4200 = CARTESIAN_POINT('',(7.853981633974,3.));
#4201 = ( GEOMETRIC_REPRESENTATION_CONTEXT(2) 
PARAMETRIC_REPRESENTATION_CONTEXT() REPRESENTATION_CONTEXT('2D SPACE',''
  ) );
#4202 = ORIENTED_EDGE('',*,*,#3837,.T.);
#4203 = ORIENTED_EDGE('',*,*,#3252,.T.);
#4204 = ADVANCED_FACE('',(#4205),#3743,.T.);
#4205 = FACE_BOUND('',#4206,.T.);
#4206 = EDGE_LOOP('',(#4207,#4208,#4209,#4210));
#4207 = ORIENTED_EDGE('',*,*,#3728,.F.);
#4208 = ORIENTED_EDGE('',*,*,#3790,.F.);
#4209 = ORIENTED_EDGE('',*,*,#3863,.F.);
#4210 = ORIENTED_EDGE('',*,*,#4183,.T.);
#4211 = ADVANCED_FACE('',(#4212),#3774,.F.);
#4212 = FACE_BOUND('',#4213,.F.);
#4213 = EDGE_LOOP('',(#4214,#4215,#4236,#4237));
#4214 = ORIENTED_EDGE('',*,*,#3757,.F.);
#4215 = ORIENTED_EDGE('',*,*,#4216,.F.);
#4216 = EDGE_CURVE('',#3892,#3758,#4217,.T.);
#4217 = SEAM_CURVE('',#4218,(#4222,#4229),.PCURVE_S1.);
#4218 = LINE('',#4219,#4220);
#4219 = CARTESIAN_POINT('',(0.5,-6.123233995737E-16,-30.5));
#4220 = VECTOR('',#4221,1.);
#4221 = DIRECTION('',(1.,0.,2.22044604925E-16));
#4222 = PCURVE('',#3774,#4223);
#4223 = DEFINITIONAL_REPRESENTATION('',(#4224),#4228);
#4224 = LINE('',#4225,#4226);
#4225 = CARTESIAN_POINT('',(6.28318530718,-0.));
#4226 = VECTOR('',#4227,1.);
#4227 = DIRECTION('',(0.,1.));
#4228 = ( GEOMETRIC_REPRESENTATION_CONTEXT(2) 
PARAMETRIC_REPRESENTATION_CONTEXT() REPRESENTATION_CONTEXT('2D SPACE',''
  ) );
#4229 = PCURVE('',#3774,#4230);
#4230 = DEFINITIONAL_REPRESENTATION('',(#4231),#4235);
#4231 = LINE('',#4232,#4233);
#4232 = CARTESIAN_POINT('',(0.,-0.));
#4233 = VECTOR('',#4234,1.);
#4234 = DIRECTION('',(0.,1.));
#4235 = ( GEOMETRIC_REPRESENTATION_CONTEXT(2) 
PARAMETRIC_REPRESENTATION_CONTEXT() REPRESENTATION_CONTEXT('2D SPACE',''
  ) );
#4236 = ORIENTED_EDGE('',*,*,#3891,.T.);
#4237 = ORIENTED_EDGE('',*,*,#4216,.T.);
#4238 = ADVANCED_FACE('',(#4239),#3981,.T.);
#4239 = FACE_BOUND('',#4240,.T.);
#4240 = EDGE_LOOP('',(#4241,#4242,#4243,#4244));
#4241 = ORIENTED_EDGE('',*,*,#3966,.F.);
#4242 = ORIENTED_EDGE('',*,*,#4028,.F.);
#4243 = ORIENTED_EDGE('',*,*,#4101,.F.);
#4244 = ORIENTED_EDGE('',*,*,#4157,.T.);
#4245 = ADVANCED_FACE('',(#4246),#4012,.F.);
#4246 = FACE_BOUND('',#4247,.F.);
#4247 = EDGE_LOOP('',(#4248,#4249,#4270,#4271));
#4248 = ORIENTED_EDGE('',*,*,#3995,.F.);
#4249 = ORIENTED_EDGE('',*,*,#4250,.F.);
#4250 = EDGE_CURVE('',#4130,#3996,#4251,.T.);
#4251 = SEAM_CURVE('',#4252,(#4256,#4263),.PCURVE_S1.);
#4252 = LINE('',#4253,#4254);
#4253 = CARTESIAN_POINT('',(-5.5,-6.123233995737E-16,-30.5));
#4254 = VECTOR('',#4255,1.);
#4255 = DIRECTION('',(1.,0.,2.22044604925E-16));
#4256 = PCURVE('',#4012,#4257);
#4257 = DEFINITIONAL_REPRESENTATION('',(#4258),#4262);
#4258 = LINE('',#4259,#4260);
#4259 = CARTESIAN_POINT('',(6.28318530718,-0.));
#4260 = VECTOR('',#4261,1.);
#4261 = DIRECTION('',(0.,1.));
#4262 = ( GEOMETRIC_REPRESENTATION_CONTEXT(2) 
PARAMETRIC_REPRESENTATION_CONTEXT() REPRESENTATION_CONTEXT('2D SPACE',''
  ) );
#4263 = PCURVE('',#4012,#4264);
#4264 = DEFINITIONAL_REPRESENTATION('',(#4265),#4269);
#4265 = LINE('',#4266,#4267);
#4266 = CARTESIAN_POINT('',(0.,-0.));
#4267 = VECTOR('',#4268,1.);
#4268 = DIRECTION('',(0.,1.));
#4269 = ( GEOMETRIC_REPRESENTATION_CONTEXT(2) 
PARAMETRIC_REPRESENTATION_CONTEXT() REPRESENTATION_CONTEXT('2D SPACE',''
  ) );
#4270 = ORIENTED_EDGE('',*,*,#4129,.T.);
#4271 = ORIENTED_EDGE('',*,*,#4250,.T.);
#4272 = ( GEOMETRIC_REPRESENTATION_CONTEXT(3) 
GLOBAL_UNCERTAINTY_ASSIGNED_CONTEXT((#4276)) 
GLOBAL_UNIT_ASSIGNED_CONTEXT((#4273,#4274,#4275)) REPRESENTATION_CONTEXT
('Context #1','3D Context with UNIT and UNCERTAINTY') );
#4273 = ( LENGTH_UNIT() NAMED_UNIT(*) SI_UNIT(.MILLI.,.METRE.) );
#4274 = ( NAMED_UNIT(*) PLANE_ANGLE_UNIT() SI_UNIT($,.RADIAN.) );
#4275 = ( NAMED_UNIT(*) SI_UNIT($,.STERADIAN.) SOLID_ANGLE_UNIT() );
#4276 = UNCERTAINTY_MEASURE_WITH_UNIT(LENGTH_MEASURE(2.E-06),#4273,
  'distance_accuracy_value','confusion accuracy');
#4277 = PRODUCT_RELATED_PRODUCT_CATEGORY('part',$,(#7));
ENDSEC;
END-ISO-10303-21;
