ISO-10303-21;
HEADER;
FILE_DESCRIPTION(('Open CASCADE Model'),'2;1');
FILE_NAME('aerobar_crossbar_honeycomb','2026-06-03T22:06:31',('Author'),
  ('Open CASCADE'),'Open CASCADE STEP processor 7.8','build123d',
  'Unknown');
FILE_SCHEMA(('AUTOMOTIVE_DESIGN { 1 0 10303 214 1 1 1 1 }'));
ENDSEC;
DATA;
#1 = APPLICATION_PROTOCOL_DEFINITION('international standard',
  'automotive_design',2000,#2);
#2 = APPLICATION_CONTEXT(
  'core data for automotive mechanical design processes');
#3 = SHAPE_DEFINITION_REPRESENTATION(#4,#10);
#4 = PRODUCT_DEFINITION_SHAPE('','',#5);
#5 = PRODUCT_DEFINITION('design','',#6,#9);
#6 = PRODUCT_DEFINITION_FORMATION('','',#7);
#7 = PRODUCT('aerobar_crossbar_honeycomb','aerobar_crossbar_honeycomb',
  '',(#8));
#8 = PRODUCT_CONTEXT('',#2,'mechanical');
#9 = PRODUCT_DEFINITION_CONTEXT('part definition',#2,'design');
#10 = ADVANCED_BREP_SHAPE_REPRESENTATION('',(#11,#15),#14767);
#11 = AXIS2_PLACEMENT_3D('',#12,#13,#14);
#12 = CARTESIAN_POINT('',(0.,0.,0.));
#13 = DIRECTION('',(0.,0.,1.));
#14 = DIRECTION('',(1.,0.,-0.));
#15 = MANIFOLD_SOLID_BREP('',#16);
#16 = CLOSED_SHELL('',(#17,#2518,#2644,#2691,#2738,#2832,#4967,#5058,
    #5105,#5152,#5221,#5312,#5359,#5406,#5475,#5566,#5613,#5660,#5729,
    #5820,#5867,#5914,#5983,#6074,#6121,#6168,#6237,#6328,#6375,#6422,
    #6491,#6582,#6629,#6676,#6745,#6864,#6913,#7066,#7113,#7160,#7207,
    #7254,#7301,#7346,#7393,#7440,#7487,#7534,#7581,#7628,#7673,#7720,
    #7767,#7814,#7861,#7908,#7955,#8000,#8047,#8094,#8141,#8188,#8235,
    #8282,#8327,#8374,#8421,#8468,#8515,#8562,#8609,#8654,#8701,#8748,
    #8795,#8842,#8889,#8936,#8981,#9028,#9075,#9122,#9169,#9216,#9263,
    #9308,#9463,#9510,#9595,#9873,#11333,#11360,#11367,#11412,#11439,
    #11466,#11493,#11520,#11545,#11570,#11597,#11624,#11651,#11678,
    #11705,#11730,#11755,#11782,#11809,#11836,#11863,#11890,#11915,
    #12046,#12179,#12206,#12233,#12260,#12388,#12480,#12611,#12638,
    #12665,#12692,#12719,#12746,#12771,#12796,#12823,#12850,#12877,
    #12904,#12931,#12956,#12981,#13008,#13035,#13062,#13089,#13116,
    #13141,#13254,#13261,#13288,#13295,#13322,#13329,#13356,#13363,
    #13390,#13397,#13424,#13431,#13458,#13465,#13492,#13499,#13526,
    #13619,#13666,#13693,#13720,#13727,#13774,#13801,#13828,#13835,
    #13910,#13991,#14039,#14097,#14173,#14222,#14271,#14298,#14347,
    #14396,#14423,#14430,#14505,#14586,#14634,#14692,#14699,#14726,
    #14733,#14740));
#17 = ADVANCED_FACE('',(#18),#32,.T.);
#18 = FACE_BOUND('',#19,.T.);
#19 = EDGE_LOOP('',(#20,#53,#81,#116,#144,#172,#198,#224,#250,#276,#302,
    #328,#356,#382,#408,#434,#460,#486,#512,#540,#566,#592,#618,#644,
    #670,#696,#724,#750,#776,#802,#828,#854,#880,#908,#934,#960,#986,
    #1012,#1038,#1064,#1092,#1118,#1144,#1170,#1196,#1222,#1248,#1276,
    #1302,#1328,#1354,#1380,#1406,#1432,#1460,#1488,#1530,#1553,#1579,
    #1605,#1631,#1657,#1680,#1706,#1732,#1758,#1784,#1807,#1833,#1859,
    #1885,#1911,#1934,#1960,#1986,#2012,#2038,#2061,#2087,#2113,#2139,
    #2165,#2188,#2214,#2240,#2266,#2292,#2315,#2341,#2367,#2393,#2419,
    #2442,#2468,#2494));
#20 = ORIENTED_EDGE('',*,*,#21,.F.);
#21 = EDGE_CURVE('',#22,#24,#26,.T.);
#22 = VERTEX_POINT('',#23);
#23 = CARTESIAN_POINT('',(-42.33012701892,16.,0.));
#24 = VERTEX_POINT('',#25);
#25 = CARTESIAN_POINT('',(-42.33012701892,14.556624327026,2.5));
#26 = SURFACE_CURVE('',#27,(#31,#42),.PCURVE_S1.);
#27 = LINE('',#28,#29);
#28 = CARTESIAN_POINT('',(-42.33012701892,13.458734122635,4.401601615138
    ));
#29 = VECTOR('',#30,1.);
#30 = DIRECTION('',(3.076740298214E-16,-0.5,0.866025403784));
#31 = PCURVE('',#32,#37);
#32 = PLANE('',#33);
#33 = AXIS2_PLACEMENT_3D('',#34,#35,#36);
#34 = CARTESIAN_POINT('',(0.,16.,0.));
#35 = DIRECTION('',(-0.,0.866025403784,0.5));
#36 = DIRECTION('',(0.,-0.5,0.866025403784));
#37 = DEFINITIONAL_REPRESENTATION('',(#38),#41);
#38 = B_SPLINE_CURVE_WITH_KNOTS('',1,(#39,#40),.UNSPECIFIED.,.F.,.F.,(2,
    2),(-5.082531754731,-2.195780408782),.PIECEWISE_BEZIER_KNOTS.);
#39 = CARTESIAN_POINT('',(0.,-42.33012701892));
#40 = CARTESIAN_POINT('',(2.886751345948,-42.33012701892));
#41 = ( GEOMETRIC_REPRESENTATION_CONTEXT(2) 
PARAMETRIC_REPRESENTATION_CONTEXT() REPRESENTATION_CONTEXT('2D SPACE',''
  ) );
#42 = PCURVE('',#43,#48);
#43 = PLANE('',#44);
#44 = AXIS2_PLACEMENT_3D('',#45,#46,#47);
#45 = CARTESIAN_POINT('',(-42.33012701892,0.,2.5));
#46 = DIRECTION('',(-1.,0.,3.552713678801E-16));
#47 = DIRECTION('',(-3.552713678801E-16,0.,-1.));
#48 = DEFINITIONAL_REPRESENTATION('',(#49),#52);
#49 = B_SPLINE_CURVE_WITH_KNOTS('',1,(#50,#51),.UNSPECIFIED.,.F.,.F.,(2,
    2),(-5.082531754731,-2.195780408782),.PIECEWISE_BEZIER_KNOTS.);
#50 = CARTESIAN_POINT('',(2.5,-16.));
#51 = CARTESIAN_POINT('',(-9.873903152364E-16,-14.55662432702));
#52 = ( GEOMETRIC_REPRESENTATION_CONTEXT(2) 
PARAMETRIC_REPRESENTATION_CONTEXT() REPRESENTATION_CONTEXT('2D SPACE',''
  ) );
#53 = ORIENTED_EDGE('',*,*,#54,.T.);
#54 = EDGE_CURVE('',#22,#55,#57,.T.);
#55 = VERTEX_POINT('',#56);
#56 = CARTESIAN_POINT('',(-48.6,16.,-3.172454190428E-15));
#57 = SURFACE_CURVE('',#58,(#62,#69),.PCURVE_S1.);
#58 = LINE('',#59,#60);
#59 = CARTESIAN_POINT('',(60.,16.,0.));
#60 = VECTOR('',#61,1.);
#61 = DIRECTION('',(-1.,0.,0.));
#62 = PCURVE('',#32,#63);
#63 = DEFINITIONAL_REPRESENTATION('',(#64),#68);
#64 = LINE('',#65,#66);
#65 = CARTESIAN_POINT('',(0.,60.));
#66 = VECTOR('',#67,1.);
#67 = DIRECTION('',(0.,-1.));
#68 = ( GEOMETRIC_REPRESENTATION_CONTEXT(2) 
PARAMETRIC_REPRESENTATION_CONTEXT() REPRESENTATION_CONTEXT('2D SPACE',''
  ) );
#69 = PCURVE('',#70,#75);
#70 = PLANE('',#71);
#71 = AXIS2_PLACEMENT_3D('',#72,#73,#74);
#72 = CARTESIAN_POINT('',(0.,8.,-13.85640646055));
#73 = DIRECTION('',(0.,0.866025403784,-0.5));
#74 = DIRECTION('',(0.,0.5,0.866025403784));
#75 = DEFINITIONAL_REPRESENTATION('',(#76),#80);
#76 = LINE('',#77,#78);
#77 = CARTESIAN_POINT('',(16.,60.));
#78 = VECTOR('',#79,1.);
#79 = DIRECTION('',(0.,-1.));
#80 = ( GEOMETRIC_REPRESENTATION_CONTEXT(2) 
PARAMETRIC_REPRESENTATION_CONTEXT() REPRESENTATION_CONTEXT('2D SPACE',''
  ) );
#81 = ORIENTED_EDGE('',*,*,#82,.F.);
#82 = EDGE_CURVE('',#83,#55,#85,.T.);
#83 = VERTEX_POINT('',#84);
#84 = CARTESIAN_POINT('',(-60.,9.418206931238,11.4));
#85 = SURFACE_CURVE('',#86,(#91,#98),.PCURVE_S1.);
#86 = ELLIPSE('',#87,13.163586137523,11.4);
#87 = AXIS2_PLACEMENT_3D('',#88,#89,#90);
#88 = CARTESIAN_POINT('',(-60.,16.,-3.552713678801E-15));
#89 = DIRECTION('',(-0.,0.866025403784,0.5));
#90 = DIRECTION('',(0.,-0.5,0.866025403784));
#91 = PCURVE('',#32,#92);
#92 = DEFINITIONAL_REPRESENTATION('',(#93),#97);
#93 = ELLIPSE('',#94,13.163586137523,11.4);
#94 = AXIS2_PLACEMENT_2D('',#95,#96);
#95 = CARTESIAN_POINT('',(-3.076740298214E-15,-60.));
#96 = DIRECTION('',(1.,0.));
#97 = ( GEOMETRIC_REPRESENTATION_CONTEXT(2) 
PARAMETRIC_REPRESENTATION_CONTEXT() REPRESENTATION_CONTEXT('2D SPACE',''
  ) );
#98 = PCURVE('',#99,#104);
#99 = CYLINDRICAL_SURFACE('',#100,11.4);
#100 = AXIS2_PLACEMENT_3D('',#101,#102,#103);
#101 = CARTESIAN_POINT('',(-60.,19.,-4.218847493576E-15));
#102 = DIRECTION('',(0.,-1.,2.22044604925E-16));
#103 = DIRECTION('',(1.,0.,0.));
#104 = DEFINITIONAL_REPRESENTATION('',(#105),#115);
#105 = B_SPLINE_CURVE_WITH_KNOTS('',8,(#106,#107,#108,#109,#110,#111,
    #112,#113,#114),.UNSPECIFIED.,.F.,.F.,(9,9),(6.28318530718,
    7.853981633974),.PIECEWISE_BEZIER_KNOTS.);
#106 = CARTESIAN_POINT('',(7.853981633974,9.581793061751));
#107 = CARTESIAN_POINT('',(7.657632093125,9.581793035215));
#108 = CARTESIAN_POINT('',(7.461282552275,9.291794445635));
#109 = CARTESIAN_POINT('',(7.264933011429,8.711798143685));
#110 = CARTESIAN_POINT('',(7.068583470571,7.865648833011));
#111 = CARTESIAN_POINT('',(6.872233929731,6.801072398035));
#112 = CARTESIAN_POINT('',(6.675884388877,5.584664483492));
#113 = CARTESIAN_POINT('',(6.479534848029,4.292332047017));
#114 = CARTESIAN_POINT('',(6.28318530718,3.));
#115 = ( GEOMETRIC_REPRESENTATION_CONTEXT(2) 
PARAMETRIC_REPRESENTATION_CONTEXT() REPRESENTATION_CONTEXT('2D SPACE',''
  ) );
#116 = ORIENTED_EDGE('',*,*,#117,.T.);
#117 = EDGE_CURVE('',#83,#118,#120,.T.);
#118 = VERTEX_POINT('',#119);
#119 = CARTESIAN_POINT('',(-60.,8.,13.856406460551));
#120 = SURFACE_CURVE('',#121,(#125,#132),.PCURVE_S1.);
#121 = LINE('',#122,#123);
#122 = CARTESIAN_POINT('',(-60.,16.,0.));
#123 = VECTOR('',#124,1.);
#124 = DIRECTION('',(0.,-0.5,0.866025403784));
#125 = PCURVE('',#32,#126);
#126 = DEFINITIONAL_REPRESENTATION('',(#127),#131);
#127 = LINE('',#128,#129);
#128 = CARTESIAN_POINT('',(0.,-60.));
#129 = VECTOR('',#130,1.);
#130 = DIRECTION('',(1.,0.));
#131 = ( GEOMETRIC_REPRESENTATION_CONTEXT(2) 
PARAMETRIC_REPRESENTATION_CONTEXT() REPRESENTATION_CONTEXT('2D SPACE',''
  ) );
#132 = PCURVE('',#133,#138);
#133 = PLANE('',#134);
#134 = AXIS2_PLACEMENT_3D('',#135,#136,#137);
#135 = CARTESIAN_POINT('',(-60.,1.480297366167E-16,9.080106438912E-16));
#136 = DIRECTION('',(1.,0.,0.));
#137 = DIRECTION('',(0.,1.,0.));
#138 = DEFINITIONAL_REPRESENTATION('',(#139),#143);
#139 = LINE('',#140,#141);
#140 = CARTESIAN_POINT('',(16.,-9.080106438912E-16));
#141 = VECTOR('',#142,1.);
#142 = DIRECTION('',(-0.5,0.866025403784));
#143 = ( GEOMETRIC_REPRESENTATION_CONTEXT(2) 
PARAMETRIC_REPRESENTATION_CONTEXT() REPRESENTATION_CONTEXT('2D SPACE',''
  ) );
#144 = ORIENTED_EDGE('',*,*,#145,.T.);
#145 = EDGE_CURVE('',#118,#146,#148,.T.);
#146 = VERTEX_POINT('',#147);
#147 = CARTESIAN_POINT('',(-33.39896904477,8.,13.856406460551));
#148 = SURFACE_CURVE('',#149,(#153,#160),.PCURVE_S1.);
#149 = LINE('',#150,#151);
#150 = CARTESIAN_POINT('',(-60.,8.,13.856406460551));
#151 = VECTOR('',#152,1.);
#152 = DIRECTION('',(1.,0.,0.));
#153 = PCURVE('',#32,#154);
#154 = DEFINITIONAL_REPRESENTATION('',(#155),#159);
#155 = LINE('',#156,#157);
#156 = CARTESIAN_POINT('',(16.,-60.));
#157 = VECTOR('',#158,1.);
#158 = DIRECTION('',(0.,1.));
#159 = ( GEOMETRIC_REPRESENTATION_CONTEXT(2) 
PARAMETRIC_REPRESENTATION_CONTEXT() REPRESENTATION_CONTEXT('2D SPACE',''
  ) );
#160 = PCURVE('',#161,#166);
#161 = PLANE('',#162);
#162 = AXIS2_PLACEMENT_3D('',#163,#164,#165);
#163 = CARTESIAN_POINT('',(0.,8.,13.856406460551));
#164 = DIRECTION('',(-0.,1.110223024625E-16,1.));
#165 = DIRECTION('',(0.,-1.,1.110223024625E-16));
#166 = DEFINITIONAL_REPRESENTATION('',(#167),#171);
#167 = LINE('',#168,#169);
#168 = CARTESIAN_POINT('',(0.,-60.));
#169 = VECTOR('',#170,1.);
#170 = DIRECTION('',(0.,1.));
#171 = ( GEOMETRIC_REPRESENTATION_CONTEXT(2) 
PARAMETRIC_REPRESENTATION_CONTEXT() REPRESENTATION_CONTEXT('2D SPACE',''
  ) );
#172 = ORIENTED_EDGE('',*,*,#173,.F.);
#173 = EDGE_CURVE('',#174,#146,#176,.T.);
#174 = VERTEX_POINT('',#175);
#175 = CARTESIAN_POINT('',(-36.96076951545,9.187266823562,11.8));
#176 = SURFACE_CURVE('',#177,(#181,#187),.PCURVE_S1.);
#177 = LINE('',#178,#179);
#178 = CARTESIAN_POINT('',(-24.25240596855,4.951145641259,
    19.137177114767));
#179 = VECTOR('',#180,1.);
#180 = DIRECTION('',(0.832050294338,-0.277350098113,0.480384461415));
#181 = PCURVE('',#32,#182);
#182 = DEFINITIONAL_REPRESENTATION('',(#183),#186);
#183 = B_SPLINE_CURVE_WITH_KNOTS('',1,(#184,#185),.UNSPECIFIED.,.F.,.F.,
  (2,2),(-15.27355213187,-10.99280072186),.PIECEWISE_BEZIER_KNOTS.);
#184 = CARTESIAN_POINT('',(13.625466352875,-36.96076951545));
#185 = CARTESIAN_POINT('',(16.,-33.39896904477));
#186 = ( GEOMETRIC_REPRESENTATION_CONTEXT(2) 
PARAMETRIC_REPRESENTATION_CONTEXT() REPRESENTATION_CONTEXT('2D SPACE',''
  ) );
#187 = PCURVE('',#188,#193);
#188 = PLANE('',#189);
#189 = AXIS2_PLACEMENT_3D('',#190,#191,#192);
#190 = CARTESIAN_POINT('',(-32.63064249653,0.,14.3));
#191 = DIRECTION('',(-0.5,0.,0.866025403784));
#192 = DIRECTION('',(-0.866025403784,0.,-0.5));
#193 = DEFINITIONAL_REPRESENTATION('',(#194),#197);
#194 = B_SPLINE_CURVE_WITH_KNOTS('',1,(#195,#196),.UNSPECIFIED.,.F.,.F.,
  (2,2),(-15.27355213187,-10.99280072186),.PIECEWISE_BEZIER_KNOTS.);
#195 = CARTESIAN_POINT('',(5.,-9.187266823562));
#196 = CARTESIAN_POINT('',(0.887187078898,-8.));
#197 = ( GEOMETRIC_REPRESENTATION_CONTEXT(2) 
PARAMETRIC_REPRESENTATION_CONTEXT() REPRESENTATION_CONTEXT('2D SPACE',''
  ) );
#198 = ORIENTED_EDGE('',*,*,#199,.F.);
#199 = EDGE_CURVE('',#200,#174,#202,.T.);
#200 = VERTEX_POINT('',#201);
#201 = CARTESIAN_POINT('',(-36.96076951545,12.074018169511,6.8));
#202 = SURFACE_CURVE('',#203,(#207,#213),.PCURVE_S1.);
#203 = LINE('',#204,#205);
#204 = CARTESIAN_POINT('',(-36.96076951545,11.445225058836,
    7.889101615138));
#205 = VECTOR('',#206,1.);
#206 = DIRECTION('',(3.076740298214E-16,-0.5,0.866025403784));
#207 = PCURVE('',#32,#208);
#208 = DEFINITIONAL_REPRESENTATION('',(#209),#212);
#209 = B_SPLINE_CURVE_WITH_KNOTS('',1,(#210,#211),.UNSPECIFIED.,.F.,.F.,
  (2,2),(-1.257586221349,4.515916470547),.PIECEWISE_BEZIER_KNOTS.);
#210 = CARTESIAN_POINT('',(7.851963660979,-36.96076951545));
#211 = CARTESIAN_POINT('',(13.625466352875,-36.96076951545));
#212 = ( GEOMETRIC_REPRESENTATION_CONTEXT(2) 
PARAMETRIC_REPRESENTATION_CONTEXT() REPRESENTATION_CONTEXT('2D SPACE',''
  ) );
#213 = PCURVE('',#214,#219);
#214 = PLANE('',#215);
#215 = AXIS2_PLACEMENT_3D('',#216,#217,#218);
#216 = CARTESIAN_POINT('',(-36.96076951545,0.,11.8));
#217 = DIRECTION('',(-1.,0.,3.552713678801E-16));
#218 = DIRECTION('',(-3.552713678801E-16,0.,-1.));
#219 = DEFINITIONAL_REPRESENTATION('',(#220),#223);
#220 = B_SPLINE_CURVE_WITH_KNOTS('',1,(#221,#222),.UNSPECIFIED.,.F.,.F.,
  (2,2),(-1.257586221349,4.515916470547),.PIECEWISE_BEZIER_KNOTS.);
#221 = CARTESIAN_POINT('',(5.,-12.07401816951));
#222 = CARTESIAN_POINT('',(2.38985891652E-16,-9.187266823562));
#223 = ( GEOMETRIC_REPRESENTATION_CONTEXT(2) 
PARAMETRIC_REPRESENTATION_CONTEXT() REPRESENTATION_CONTEXT('2D SPACE',''
  ) );
#224 = ORIENTED_EDGE('',*,*,#225,.F.);
#225 = EDGE_CURVE('',#226,#200,#228,.T.);
#226 = VERTEX_POINT('',#227);
#227 = CARTESIAN_POINT('',(-32.63064249653,13.517393842485,4.3));
#228 = SURFACE_CURVE('',#229,(#233,#239),.PCURVE_S1.);
#229 = LINE('',#230,#231);
#230 = CARTESIAN_POINT('',(-23.74782131944,16.47833423485,-0.82849919776
    ));
#231 = VECTOR('',#232,1.);
#232 = DIRECTION('',(-0.832050294338,-0.277350098113,0.480384461415));
#233 = PCURVE('',#32,#234);
#234 = DEFINITIONAL_REPRESENTATION('',(#235),#238);
#235 = B_SPLINE_CURVE_WITH_KNOTS('',1,(#236,#237),.UNSPECIFIED.,.F.,.F.,
  (2,2),(10.675822408266,15.879987406931),.PIECEWISE_BEZIER_KNOTS.);
#236 = CARTESIAN_POINT('',(4.965212315031,-32.63064249653));
#237 = CARTESIAN_POINT('',(7.851963660979,-36.96076951545));
#238 = ( GEOMETRIC_REPRESENTATION_CONTEXT(2) 
PARAMETRIC_REPRESENTATION_CONTEXT() REPRESENTATION_CONTEXT('2D SPACE',''
  ) );
#239 = PCURVE('',#240,#245);
#240 = PLANE('',#241);
#241 = AXIS2_PLACEMENT_3D('',#242,#243,#244);
#242 = CARTESIAN_POINT('',(-36.96076951545,0.,6.8));
#243 = DIRECTION('',(-0.5,-0.,-0.866025403784));
#244 = DIRECTION('',(0.866025403784,0.,-0.5));
#245 = DEFINITIONAL_REPRESENTATION('',(#246),#249);
#246 = B_SPLINE_CURVE_WITH_KNOTS('',1,(#247,#248),.UNSPECIFIED.,.F.,.F.,
  (2,2),(10.675822408266,15.879987406931),.PIECEWISE_BEZIER_KNOTS.);
#247 = CARTESIAN_POINT('',(5.,-13.51739384248));
#248 = CARTESIAN_POINT('',(-1.163131964186E-15,-12.07401816951));
#249 = ( GEOMETRIC_REPRESENTATION_CONTEXT(2) 
PARAMETRIC_REPRESENTATION_CONTEXT() REPRESENTATION_CONTEXT('2D SPACE',''
  ) );
#250 = ORIENTED_EDGE('',*,*,#251,.F.);
#251 = EDGE_CURVE('',#252,#226,#254,.T.);
#252 = VERTEX_POINT('',#253);
#253 = CARTESIAN_POINT('',(-28.30051547761,12.074018169511,6.8));
#254 = SURFACE_CURVE('',#255,(#259,#265),.PCURVE_S1.);
#255 = LINE('',#256,#257);
#256 = CARTESIAN_POINT('',(-20.92153903091,9.614359353945,
    11.060254037844));
#257 = VECTOR('',#258,1.);
#258 = DIRECTION('',(-0.832050294338,0.277350098113,-0.480384461415));
#259 = PCURVE('',#32,#260);
#260 = DEFINITIONAL_REPRESENTATION('',(#261),#264);
#261 = B_SPLINE_CURVE_WITH_KNOTS('',1,(#262,#263),.UNSPECIFIED.,.F.,.F.,
  (2,2),(8.868425979669,14.072590978334),.PIECEWISE_BEZIER_KNOTS.);
#262 = CARTESIAN_POINT('',(7.851963660979,-28.30051547761));
#263 = CARTESIAN_POINT('',(4.965212315031,-32.63064249653));
#264 = ( GEOMETRIC_REPRESENTATION_CONTEXT(2) 
PARAMETRIC_REPRESENTATION_CONTEXT() REPRESENTATION_CONTEXT('2D SPACE',''
  ) );
#265 = PCURVE('',#266,#271);
#266 = PLANE('',#267);
#267 = AXIS2_PLACEMENT_3D('',#268,#269,#270);
#268 = CARTESIAN_POINT('',(-32.63064249653,0.,4.3));
#269 = DIRECTION('',(0.5,0.,-0.866025403784));
#270 = DIRECTION('',(0.866025403784,0.,0.5));
#271 = DEFINITIONAL_REPRESENTATION('',(#272),#275);
#272 = B_SPLINE_CURVE_WITH_KNOTS('',1,(#273,#274),.UNSPECIFIED.,.F.,.F.,
  (2,2),(8.868425979669,14.072590978334),.PIECEWISE_BEZIER_KNOTS.);
#273 = CARTESIAN_POINT('',(5.,-12.07401816951));
#274 = CARTESIAN_POINT('',(-5.41451204882E-16,-13.51739384248));
#275 = ( GEOMETRIC_REPRESENTATION_CONTEXT(2) 
PARAMETRIC_REPRESENTATION_CONTEXT() REPRESENTATION_CONTEXT('2D SPACE',''
  ) );
#276 = ORIENTED_EDGE('',*,*,#277,.F.);
#277 = EDGE_CURVE('',#278,#252,#280,.T.);
#278 = VERTEX_POINT('',#279);
#279 = CARTESIAN_POINT('',(-28.30051547761,9.187266823562,11.8));
#280 = SURFACE_CURVE('',#281,(#285,#291),.PCURVE_S1.);
#281 = LINE('',#282,#283);
#282 = CARTESIAN_POINT('',(-28.30051547761,12.527756813566,
    6.014101615138));
#283 = VECTOR('',#284,1.);
#284 = DIRECTION('',(-1.538370149107E-16,0.5,-0.866025403784));
#285 = PCURVE('',#32,#286);
#286 = DEFINITIONAL_REPRESENTATION('',(#287),#290);
#287 = B_SPLINE_CURVE_WITH_KNOTS('',1,(#288,#289),.UNSPECIFIED.,.F.,.F.,
  (2,2),(-6.680979980008,-0.907477288112),.PIECEWISE_BEZIER_KNOTS.);
#288 = CARTESIAN_POINT('',(13.625466352875,-28.30051547761));
#289 = CARTESIAN_POINT('',(7.851963660979,-28.30051547761));
#290 = ( GEOMETRIC_REPRESENTATION_CONTEXT(2) 
PARAMETRIC_REPRESENTATION_CONTEXT() REPRESENTATION_CONTEXT('2D SPACE',''
  ) );
#291 = PCURVE('',#292,#297);
#292 = PLANE('',#293);
#293 = AXIS2_PLACEMENT_3D('',#294,#295,#296);
#294 = CARTESIAN_POINT('',(-28.30051547761,0.,6.8));
#295 = DIRECTION('',(1.,0.,-1.7763568394E-16));
#296 = DIRECTION('',(1.7763568394E-16,0.,1.));
#297 = DEFINITIONAL_REPRESENTATION('',(#298),#301);
#298 = B_SPLINE_CURVE_WITH_KNOTS('',1,(#299,#300),.UNSPECIFIED.,.F.,.F.,
  (2,2),(-6.680979980008,-0.907477288112),.PIECEWISE_BEZIER_KNOTS.);
#299 = CARTESIAN_POINT('',(5.,-9.187266823562));
#300 = CARTESIAN_POINT('',(2.537051773282E-16,-12.07401816951));
#301 = ( GEOMETRIC_REPRESENTATION_CONTEXT(2) 
PARAMETRIC_REPRESENTATION_CONTEXT() REPRESENTATION_CONTEXT('2D SPACE',''
  ) );
#302 = ORIENTED_EDGE('',*,*,#303,.F.);
#303 = EDGE_CURVE('',#304,#278,#306,.T.);
#304 = VERTEX_POINT('',#305);
#305 = CARTESIAN_POINT('',(-31.8623159483,8.,13.856406460551));
#306 = SURFACE_CURVE('',#307,(#311,#317),.PCURVE_S1.);
#307 = LINE('',#308,#309);
#308 = CARTESIAN_POINT('',(-16.41991405664,13.147467297217,
    4.940731571471));
#309 = VECTOR('',#310,1.);
#310 = DIRECTION('',(0.832050294338,0.277350098113,-0.480384461415));
#311 = PCURVE('',#32,#312);
#312 = DEFINITIONAL_REPRESENTATION('',(#313),#316);
#313 = B_SPLINE_CURVE_WITH_KNOTS('',1,(#314,#315),.UNSPECIFIED.,.F.,.F.,
  (2,2),(-18.55945727889,-14.27870586888),.PIECEWISE_BEZIER_KNOTS.);
#314 = CARTESIAN_POINT('',(16.,-31.8623159483));
#315 = CARTESIAN_POINT('',(13.625466352875,-28.30051547761));
#316 = ( GEOMETRIC_REPRESENTATION_CONTEXT(2) 
PARAMETRIC_REPRESENTATION_CONTEXT() REPRESENTATION_CONTEXT('2D SPACE',''
  ) );
#317 = PCURVE('',#318,#323);
#318 = PLANE('',#319);
#319 = AXIS2_PLACEMENT_3D('',#320,#321,#322);
#320 = CARTESIAN_POINT('',(-28.30051547761,0.,11.8));
#321 = DIRECTION('',(0.5,0.,0.866025403784));
#322 = DIRECTION('',(-0.866025403784,0.,0.5));
#323 = DEFINITIONAL_REPRESENTATION('',(#324),#327);
#324 = B_SPLINE_CURVE_WITH_KNOTS('',1,(#325,#326),.UNSPECIFIED.,.F.,.F.,
  (2,2),(-18.55945727889,-14.27870586888),.PIECEWISE_BEZIER_KNOTS.);
#325 = CARTESIAN_POINT('',(4.112812921102,-8.));
#326 = CARTESIAN_POINT('',(6.461722185212E-16,-9.187266823562));
#327 = ( GEOMETRIC_REPRESENTATION_CONTEXT(2) 
PARAMETRIC_REPRESENTATION_CONTEXT() REPRESENTATION_CONTEXT('2D SPACE',''
  ) );
#328 = ORIENTED_EDGE('',*,*,#329,.T.);
#329 = EDGE_CURVE('',#304,#330,#332,.T.);
#330 = VERTEX_POINT('',#331);
#331 = CARTESIAN_POINT('',(-22.66025403784,8.,13.856406460551));
#332 = SURFACE_CURVE('',#333,(#337,#344),.PCURVE_S1.);
#333 = LINE('',#334,#335);
#334 = CARTESIAN_POINT('',(-60.,8.,13.856406460551));
#335 = VECTOR('',#336,1.);
#336 = DIRECTION('',(1.,0.,0.));
#337 = PCURVE('',#32,#338);
#338 = DEFINITIONAL_REPRESENTATION('',(#339),#343);
#339 = LINE('',#340,#341);
#340 = CARTESIAN_POINT('',(16.,-60.));
#341 = VECTOR('',#342,1.);
#342 = DIRECTION('',(0.,1.));
#343 = ( GEOMETRIC_REPRESENTATION_CONTEXT(2) 
PARAMETRIC_REPRESENTATION_CONTEXT() REPRESENTATION_CONTEXT('2D SPACE',''
  ) );
#344 = PCURVE('',#345,#350);
#345 = PLANE('',#346);
#346 = AXIS2_PLACEMENT_3D('',#347,#348,#349);
#347 = CARTESIAN_POINT('',(0.,8.,13.856406460551));
#348 = DIRECTION('',(-0.,1.110223024625E-16,1.));
#349 = DIRECTION('',(0.,-1.,1.110223024625E-16));
#350 = DEFINITIONAL_REPRESENTATION('',(#351),#355);
#351 = LINE('',#352,#353);
#352 = CARTESIAN_POINT('',(0.,-60.));
#353 = VECTOR('',#354,1.);
#354 = DIRECTION('',(0.,1.));
#355 = ( GEOMETRIC_REPRESENTATION_CONTEXT(2) 
PARAMETRIC_REPRESENTATION_CONTEXT() REPRESENTATION_CONTEXT('2D SPACE',''
  ) );
#356 = ORIENTED_EDGE('',*,*,#357,.F.);
#357 = EDGE_CURVE('',#358,#330,#360,.T.);
#358 = VERTEX_POINT('',#359);
#359 = CARTESIAN_POINT('',(-26.22205450853,9.187266823562,11.8));
#360 = SURFACE_CURVE('',#361,(#365,#371),.PCURVE_S1.);
#361 = LINE('',#362,#363);
#362 = CARTESIAN_POINT('',(-17.23093846402,6.190228142059,
    16.991023268614));
#363 = VECTOR('',#364,1.);
#364 = DIRECTION('',(0.832050294338,-0.277350098113,0.480384461415));
#365 = PCURVE('',#32,#366);
#366 = DEFINITIONAL_REPRESENTATION('',(#367),#370);
#367 = B_SPLINE_CURVE_WITH_KNOTS('',1,(#368,#369),.UNSPECIFIED.,.F.,.F.,
  (2,2),(-10.80597664071,-6.525225230699),.PIECEWISE_BEZIER_KNOTS.);
#368 = CARTESIAN_POINT('',(13.625466352875,-26.22205450853));
#369 = CARTESIAN_POINT('',(16.,-22.66025403784));
#370 = ( GEOMETRIC_REPRESENTATION_CONTEXT(2) 
PARAMETRIC_REPRESENTATION_CONTEXT() REPRESENTATION_CONTEXT('2D SPACE',''
  ) );
#371 = PCURVE('',#372,#377);
#372 = PLANE('',#373);
#373 = AXIS2_PLACEMENT_3D('',#374,#375,#376);
#374 = CARTESIAN_POINT('',(-21.8919274896,0.,14.3));
#375 = DIRECTION('',(-0.5,0.,0.866025403784));
#376 = DIRECTION('',(-0.866025403784,0.,-0.5));
#377 = DEFINITIONAL_REPRESENTATION('',(#378),#381);
#378 = B_SPLINE_CURVE_WITH_KNOTS('',1,(#379,#380),.UNSPECIFIED.,.F.,.F.,
  (2,2),(-10.80597664071,-6.525225230699),.PIECEWISE_BEZIER_KNOTS.);
#379 = CARTESIAN_POINT('',(5.,-9.187266823562));
#380 = CARTESIAN_POINT('',(0.887187078898,-8.));
#381 = ( GEOMETRIC_REPRESENTATION_CONTEXT(2) 
PARAMETRIC_REPRESENTATION_CONTEXT() REPRESENTATION_CONTEXT('2D SPACE',''
  ) );
#382 = ORIENTED_EDGE('',*,*,#383,.F.);
#383 = EDGE_CURVE('',#384,#358,#386,.T.);
#384 = VERTEX_POINT('',#385);
#385 = CARTESIAN_POINT('',(-26.22205450853,12.074018169511,6.8));
#386 = SURFACE_CURVE('',#387,(#391,#397),.PCURVE_S1.);
#387 = LINE('',#388,#389);
#388 = CARTESIAN_POINT('',(-26.22205450853,11.445225058836,
    7.889101615138));
#389 = VECTOR('',#390,1.);
#390 = DIRECTION('',(3.076740298214E-16,-0.5,0.866025403784));
#391 = PCURVE('',#32,#392);
#392 = DEFINITIONAL_REPRESENTATION('',(#393),#396);
#393 = B_SPLINE_CURVE_WITH_KNOTS('',1,(#394,#395),.UNSPECIFIED.,.F.,.F.,
  (2,2),(-1.257586221349,4.515916470547),.PIECEWISE_BEZIER_KNOTS.);
#394 = CARTESIAN_POINT('',(7.851963660979,-26.22205450853));
#395 = CARTESIAN_POINT('',(13.625466352875,-26.22205450853));
#396 = ( GEOMETRIC_REPRESENTATION_CONTEXT(2) 
PARAMETRIC_REPRESENTATION_CONTEXT() REPRESENTATION_CONTEXT('2D SPACE',''
  ) );
#397 = PCURVE('',#398,#403);
#398 = PLANE('',#399);
#399 = AXIS2_PLACEMENT_3D('',#400,#401,#402);
#400 = CARTESIAN_POINT('',(-26.22205450853,0.,11.8));
#401 = DIRECTION('',(-1.,0.,3.552713678801E-16));
#402 = DIRECTION('',(-3.552713678801E-16,0.,-1.));
#403 = DEFINITIONAL_REPRESENTATION('',(#404),#407);
#404 = B_SPLINE_CURVE_WITH_KNOTS('',1,(#405,#406),.UNSPECIFIED.,.F.,.F.,
  (2,2),(-1.257586221349,4.515916470547),.PIECEWISE_BEZIER_KNOTS.);
#405 = CARTESIAN_POINT('',(5.,-12.07401816951));
#406 = CARTESIAN_POINT('',(-2.92212492608E-16,-9.187266823562));
#407 = ( GEOMETRIC_REPRESENTATION_CONTEXT(2) 
PARAMETRIC_REPRESENTATION_CONTEXT() REPRESENTATION_CONTEXT('2D SPACE',''
  ) );
#408 = ORIENTED_EDGE('',*,*,#409,.F.);
#409 = EDGE_CURVE('',#410,#384,#412,.T.);
#410 = VERTEX_POINT('',#411);
#411 = CARTESIAN_POINT('',(-21.8919274896,13.517393842485,4.3));
#412 = SURFACE_CURVE('',#413,(#417,#423),.PCURVE_S1.);
#413 = LINE('',#414,#415);
#414 = CARTESIAN_POINT('',(-16.72635381491,15.239251734051,
    1.317654648394));
#415 = VECTOR('',#416,1.);
#416 = DIRECTION('',(-0.832050294338,-0.277350098113,0.480384461415));
#417 = PCURVE('',#32,#418);
#418 = DEFINITIONAL_REPRESENTATION('',(#419),#422);
#419 = B_SPLINE_CURVE_WITH_KNOTS('',1,(#420,#421),.UNSPECIFIED.,.F.,.F.,
  (2,2),(6.208246917104,11.412411915769),.PIECEWISE_BEZIER_KNOTS.);
#420 = CARTESIAN_POINT('',(4.965212315031,-21.8919274896));
#421 = CARTESIAN_POINT('',(7.851963660979,-26.22205450853));
#422 = ( GEOMETRIC_REPRESENTATION_CONTEXT(2) 
PARAMETRIC_REPRESENTATION_CONTEXT() REPRESENTATION_CONTEXT('2D SPACE',''
  ) );
#423 = PCURVE('',#424,#429);
#424 = PLANE('',#425);
#425 = AXIS2_PLACEMENT_3D('',#426,#427,#428);
#426 = CARTESIAN_POINT('',(-26.22205450853,0.,6.8));
#427 = DIRECTION('',(-0.5,-0.,-0.866025403784));
#428 = DIRECTION('',(0.866025403784,0.,-0.5));
#429 = DEFINITIONAL_REPRESENTATION('',(#430),#433);
#430 = B_SPLINE_CURVE_WITH_KNOTS('',1,(#431,#432),.UNSPECIFIED.,.F.,.F.,
  (2,2),(6.208246917104,11.412411915769),.PIECEWISE_BEZIER_KNOTS.);
#431 = CARTESIAN_POINT('',(5.,-13.51739384248));
#432 = CARTESIAN_POINT('',(-1.966605035073E-16,-12.07401816951));
#433 = ( GEOMETRIC_REPRESENTATION_CONTEXT(2) 
PARAMETRIC_REPRESENTATION_CONTEXT() REPRESENTATION_CONTEXT('2D SPACE',''
  ) );
#434 = ORIENTED_EDGE('',*,*,#435,.F.);
#435 = EDGE_CURVE('',#436,#410,#438,.T.);
#436 = VERTEX_POINT('',#437);
#437 = CARTESIAN_POINT('',(-17.56180047068,12.074018169511,6.8));
#438 = SURFACE_CURVE('',#439,(#443,#449),.PCURVE_S1.);
#439 = LINE('',#440,#441);
#440 = CARTESIAN_POINT('',(-13.90007152638,10.853441854744,
    8.914100191691));
#441 = VECTOR('',#442,1.);
#442 = DIRECTION('',(-0.832050294338,0.277350098113,-0.480384461415));
#443 = PCURVE('',#32,#444);
#444 = DEFINITIONAL_REPRESENTATION('',(#445),#448);
#445 = B_SPLINE_CURVE_WITH_KNOTS('',1,(#446,#447),.UNSPECIFIED.,.F.,.F.,
  (2,2),(4.400850488507,9.605015487172),.PIECEWISE_BEZIER_KNOTS.);
#446 = CARTESIAN_POINT('',(7.851963660979,-17.56180047068));
#447 = CARTESIAN_POINT('',(4.965212315031,-21.8919274896));
#448 = ( GEOMETRIC_REPRESENTATION_CONTEXT(2) 
PARAMETRIC_REPRESENTATION_CONTEXT() REPRESENTATION_CONTEXT('2D SPACE',''
  ) );
#449 = PCURVE('',#450,#455);
#450 = PLANE('',#451);
#451 = AXIS2_PLACEMENT_3D('',#452,#453,#454);
#452 = CARTESIAN_POINT('',(-21.8919274896,0.,4.3));
#453 = DIRECTION('',(0.5,0.,-0.866025403784));
#454 = DIRECTION('',(0.866025403784,0.,0.5));
#455 = DEFINITIONAL_REPRESENTATION('',(#456),#459);
#456 = B_SPLINE_CURVE_WITH_KNOTS('',1,(#457,#458),.UNSPECIFIED.,.F.,.F.,
  (2,2),(4.400850488507,9.605015487172),.PIECEWISE_BEZIER_KNOTS.);
#457 = CARTESIAN_POINT('',(5.,-12.07401816951));
#458 = CARTESIAN_POINT('',(3.553318635494E-16,-13.51739384248));
#459 = ( GEOMETRIC_REPRESENTATION_CONTEXT(2) 
PARAMETRIC_REPRESENTATION_CONTEXT() REPRESENTATION_CONTEXT('2D SPACE',''
  ) );
#460 = ORIENTED_EDGE('',*,*,#461,.F.);
#461 = EDGE_CURVE('',#462,#436,#464,.T.);
#462 = VERTEX_POINT('',#463);
#463 = CARTESIAN_POINT('',(-17.56180047068,9.187266823562,11.8));
#464 = SURFACE_CURVE('',#465,(#469,#475),.PCURVE_S1.);
#465 = LINE('',#466,#467);
#466 = CARTESIAN_POINT('',(-17.56180047068,12.527756813566,
    6.014101615138));
#467 = VECTOR('',#468,1.);
#468 = DIRECTION('',(-1.538370149107E-16,0.5,-0.866025403784));
#469 = PCURVE('',#32,#470);
#470 = DEFINITIONAL_REPRESENTATION('',(#471),#474);
#471 = B_SPLINE_CURVE_WITH_KNOTS('',1,(#472,#473),.UNSPECIFIED.,.F.,.F.,
  (2,2),(-6.680979980008,-0.907477288112),.PIECEWISE_BEZIER_KNOTS.);
#472 = CARTESIAN_POINT('',(13.625466352875,-17.56180047068));
#473 = CARTESIAN_POINT('',(7.851963660979,-17.56180047068));
#474 = ( GEOMETRIC_REPRESENTATION_CONTEXT(2) 
PARAMETRIC_REPRESENTATION_CONTEXT() REPRESENTATION_CONTEXT('2D SPACE',''
  ) );
#475 = PCURVE('',#476,#481);
#476 = PLANE('',#477);
#477 = AXIS2_PLACEMENT_3D('',#478,#479,#480);
#478 = CARTESIAN_POINT('',(-17.56180047068,0.,6.8));
#479 = DIRECTION('',(1.,0.,-1.7763568394E-16));
#480 = DIRECTION('',(1.7763568394E-16,0.,1.));
#481 = DEFINITIONAL_REPRESENTATION('',(#482),#485);
#482 = B_SPLINE_CURVE_WITH_KNOTS('',1,(#483,#484),.UNSPECIFIED.,.F.,.F.,
  (2,2),(-6.680979980008,-0.907477288112),.PIECEWISE_BEZIER_KNOTS.);
#483 = CARTESIAN_POINT('',(5.,-9.187266823562));
#484 = CARTESIAN_POINT('',(3.85636978623E-17,-12.07401816951));
#485 = ( GEOMETRIC_REPRESENTATION_CONTEXT(2) 
PARAMETRIC_REPRESENTATION_CONTEXT() REPRESENTATION_CONTEXT('2D SPACE',''
  ) );
#486 = ORIENTED_EDGE('',*,*,#487,.F.);
#487 = EDGE_CURVE('',#488,#462,#490,.T.);
#488 = VERTEX_POINT('',#489);
#489 = CARTESIAN_POINT('',(-21.12360094137,8.,13.856406460551));
#490 = SURFACE_CURVE('',#491,(#495,#501),.PCURVE_S1.);
#491 = LINE('',#492,#493);
#492 = CARTESIAN_POINT('',(-9.39844655212,11.908384796418,7.086885417625
    ));
#493 = VECTOR('',#494,1.);
#494 = DIRECTION('',(0.832050294338,0.277350098113,-0.480384461415));
#495 = PCURVE('',#32,#496);
#496 = DEFINITIONAL_REPRESENTATION('',(#497),#500);
#497 = B_SPLINE_CURVE_WITH_KNOTS('',1,(#498,#499),.UNSPECIFIED.,.F.,.F.,
  (2,2),(-14.09188178773,-9.811130377718),.PIECEWISE_BEZIER_KNOTS.);
#498 = CARTESIAN_POINT('',(16.,-21.12360094137));
#499 = CARTESIAN_POINT('',(13.625466352875,-17.56180047068));
#500 = ( GEOMETRIC_REPRESENTATION_CONTEXT(2) 
PARAMETRIC_REPRESENTATION_CONTEXT() REPRESENTATION_CONTEXT('2D SPACE',''
  ) );
#501 = PCURVE('',#502,#507);
#502 = PLANE('',#503);
#503 = AXIS2_PLACEMENT_3D('',#504,#505,#506);
#504 = CARTESIAN_POINT('',(-17.56180047068,0.,11.8));
#505 = DIRECTION('',(0.5,0.,0.866025403784));
#506 = DIRECTION('',(-0.866025403784,0.,0.5));
#507 = DEFINITIONAL_REPRESENTATION('',(#508),#511);
#508 = B_SPLINE_CURVE_WITH_KNOTS('',1,(#509,#510),.UNSPECIFIED.,.F.,.F.,
  (2,2),(-14.09188178773,-9.811130377718),.PIECEWISE_BEZIER_KNOTS.);
#509 = CARTESIAN_POINT('',(4.112812921102,-8.));
#510 = CARTESIAN_POINT('',(-2.506108499101E-16,-9.187266823562));
#511 = ( GEOMETRIC_REPRESENTATION_CONTEXT(2) 
PARAMETRIC_REPRESENTATION_CONTEXT() REPRESENTATION_CONTEXT('2D SPACE',''
  ) );
#512 = ORIENTED_EDGE('',*,*,#513,.T.);
#513 = EDGE_CURVE('',#488,#514,#516,.T.);
#514 = VERTEX_POINT('',#515);
#515 = CARTESIAN_POINT('',(-11.92153903091,8.,13.856406460551));
#516 = SURFACE_CURVE('',#517,(#521,#528),.PCURVE_S1.);
#517 = LINE('',#518,#519);
#518 = CARTESIAN_POINT('',(-60.,8.,13.856406460551));
#519 = VECTOR('',#520,1.);
#520 = DIRECTION('',(1.,0.,0.));
#521 = PCURVE('',#32,#522);
#522 = DEFINITIONAL_REPRESENTATION('',(#523),#527);
#523 = LINE('',#524,#525);
#524 = CARTESIAN_POINT('',(16.,-60.));
#525 = VECTOR('',#526,1.);
#526 = DIRECTION('',(0.,1.));
#527 = ( GEOMETRIC_REPRESENTATION_CONTEXT(2) 
PARAMETRIC_REPRESENTATION_CONTEXT() REPRESENTATION_CONTEXT('2D SPACE',''
  ) );
#528 = PCURVE('',#529,#534);
#529 = PLANE('',#530);
#530 = AXIS2_PLACEMENT_3D('',#531,#532,#533);
#531 = CARTESIAN_POINT('',(0.,8.,13.856406460551));
#532 = DIRECTION('',(-0.,1.110223024625E-16,1.));
#533 = DIRECTION('',(0.,-1.,1.110223024625E-16));
#534 = DEFINITIONAL_REPRESENTATION('',(#535),#539);
#535 = LINE('',#536,#537);
#536 = CARTESIAN_POINT('',(0.,-60.));
#537 = VECTOR('',#538,1.);
#538 = DIRECTION('',(0.,1.));
#539 = ( GEOMETRIC_REPRESENTATION_CONTEXT(2) 
PARAMETRIC_REPRESENTATION_CONTEXT() REPRESENTATION_CONTEXT('2D SPACE',''
  ) );
#540 = ORIENTED_EDGE('',*,*,#541,.F.);
#541 = EDGE_CURVE('',#542,#514,#544,.T.);
#542 = VERTEX_POINT('',#543);
#543 = CARTESIAN_POINT('',(-15.4833395016,9.187266823562,11.8));
#544 = SURFACE_CURVE('',#545,(#549,#555),.PCURVE_S1.);
#545 = LINE('',#546,#547);
#546 = CARTESIAN_POINT('',(-10.20947095949,7.429310642858,14.84486942246
    ));
#547 = VECTOR('',#548,1.);
#548 = DIRECTION('',(0.832050294338,-0.277350098113,0.480384461415));
#549 = PCURVE('',#32,#550);
#550 = DEFINITIONAL_REPRESENTATION('',(#551),#554);
#551 = B_SPLINE_CURVE_WITH_KNOTS('',1,(#552,#553),.UNSPECIFIED.,.F.,.F.,
  (2,2),(-6.338401149549,-2.057649739537),.PIECEWISE_BEZIER_KNOTS.);
#552 = CARTESIAN_POINT('',(13.625466352875,-15.4833395016));
#553 = CARTESIAN_POINT('',(16.,-11.92153903091));
#554 = ( GEOMETRIC_REPRESENTATION_CONTEXT(2) 
PARAMETRIC_REPRESENTATION_CONTEXT() REPRESENTATION_CONTEXT('2D SPACE',''
  ) );
#555 = PCURVE('',#556,#561);
#556 = PLANE('',#557);
#557 = AXIS2_PLACEMENT_3D('',#558,#559,#560);
#558 = CARTESIAN_POINT('',(-11.15321248268,0.,14.3));
#559 = DIRECTION('',(-0.5,0.,0.866025403784));
#560 = DIRECTION('',(-0.866025403784,0.,-0.5));
#561 = DEFINITIONAL_REPRESENTATION('',(#562),#565);
#562 = B_SPLINE_CURVE_WITH_KNOTS('',1,(#563,#564),.UNSPECIFIED.,.F.,.F.,
  (2,2),(-6.338401149549,-2.057649739537),.PIECEWISE_BEZIER_KNOTS.);
#563 = CARTESIAN_POINT('',(5.,-9.187266823562));
#564 = CARTESIAN_POINT('',(0.887187078898,-8.));
#565 = ( GEOMETRIC_REPRESENTATION_CONTEXT(2) 
PARAMETRIC_REPRESENTATION_CONTEXT() REPRESENTATION_CONTEXT('2D SPACE',''
  ) );
#566 = ORIENTED_EDGE('',*,*,#567,.F.);
#567 = EDGE_CURVE('',#568,#542,#570,.T.);
#568 = VERTEX_POINT('',#569);
#569 = CARTESIAN_POINT('',(-15.4833395016,12.074018169511,6.8));
#570 = SURFACE_CURVE('',#571,(#575,#581),.PCURVE_S1.);
#571 = LINE('',#572,#573);
#572 = CARTESIAN_POINT('',(-15.4833395016,11.445225058836,7.889101615138
    ));
#573 = VECTOR('',#574,1.);
#574 = DIRECTION('',(3.076740298214E-16,-0.5,0.866025403784));
#575 = PCURVE('',#32,#576);
#576 = DEFINITIONAL_REPRESENTATION('',(#577),#580);
#577 = B_SPLINE_CURVE_WITH_KNOTS('',1,(#578,#579),.UNSPECIFIED.,.F.,.F.,
  (2,2),(-1.257586221349,4.515916470547),.PIECEWISE_BEZIER_KNOTS.);
#578 = CARTESIAN_POINT('',(7.851963660979,-15.4833395016));
#579 = CARTESIAN_POINT('',(13.625466352875,-15.4833395016));
#580 = ( GEOMETRIC_REPRESENTATION_CONTEXT(2) 
PARAMETRIC_REPRESENTATION_CONTEXT() REPRESENTATION_CONTEXT('2D SPACE',''
  ) );
#581 = PCURVE('',#582,#587);
#582 = PLANE('',#583);
#583 = AXIS2_PLACEMENT_3D('',#584,#585,#586);
#584 = CARTESIAN_POINT('',(-15.4833395016,0.,11.8));
#585 = DIRECTION('',(-1.,0.,3.552713678801E-16));
#586 = DIRECTION('',(-3.552713678801E-16,0.,-1.));
#587 = DEFINITIONAL_REPRESENTATION('',(#588),#591);
#588 = B_SPLINE_CURVE_WITH_KNOTS('',1,(#589,#590),.UNSPECIFIED.,.F.,.F.,
  (2,2),(-1.257586221349,4.515916470547),.PIECEWISE_BEZIER_KNOTS.);
#589 = CARTESIAN_POINT('',(5.,-12.07401816951));
#590 = CARTESIAN_POINT('',(7.149592722388E-16,-9.187266823562));
#591 = ( GEOMETRIC_REPRESENTATION_CONTEXT(2) 
PARAMETRIC_REPRESENTATION_CONTEXT() REPRESENTATION_CONTEXT('2D SPACE',''
  ) );
#592 = ORIENTED_EDGE('',*,*,#593,.F.);
#593 = EDGE_CURVE('',#594,#568,#596,.T.);
#594 = VERTEX_POINT('',#595);
#595 = CARTESIAN_POINT('',(-11.15321248268,13.517393842485,4.3));
#596 = SURFACE_CURVE('',#597,(#601,#607),.PCURVE_S1.);
#597 = LINE('',#598,#599);
#598 = CARTESIAN_POINT('',(-9.704886310382,14.000169233251,
    3.463808494548));
#599 = VECTOR('',#600,1.);
#600 = DIRECTION('',(-0.832050294338,-0.277350098113,0.480384461415));
#601 = PCURVE('',#32,#602);
#602 = DEFINITIONAL_REPRESENTATION('',(#603),#606);
#603 = B_SPLINE_CURVE_WITH_KNOTS('',1,(#604,#605),.UNSPECIFIED.,.F.,.F.,
  (2,2),(1.740671425942,6.944836424607),.PIECEWISE_BEZIER_KNOTS.);
#604 = CARTESIAN_POINT('',(4.965212315031,-11.15321248268));
#605 = CARTESIAN_POINT('',(7.851963660979,-15.4833395016));
#606 = ( GEOMETRIC_REPRESENTATION_CONTEXT(2) 
PARAMETRIC_REPRESENTATION_CONTEXT() REPRESENTATION_CONTEXT('2D SPACE',''
  ) );
#607 = PCURVE('',#608,#613);
#608 = PLANE('',#609);
#609 = AXIS2_PLACEMENT_3D('',#610,#611,#612);
#610 = CARTESIAN_POINT('',(-15.4833395016,0.,6.8));
#611 = DIRECTION('',(-0.5,-0.,-0.866025403784));
#612 = DIRECTION('',(0.866025403784,0.,-0.5));
#613 = DEFINITIONAL_REPRESENTATION('',(#614),#617);
#614 = B_SPLINE_CURVE_WITH_KNOTS('',1,(#615,#616),.UNSPECIFIED.,.F.,.F.,
  (2,2),(1.740671425942,6.944836424607),.PIECEWISE_BEZIER_KNOTS.);
#615 = CARTESIAN_POINT('',(5.,-13.51739384248));
#616 = CARTESIAN_POINT('',(-1.18367462529E-16,-12.07401816951));
#617 = ( GEOMETRIC_REPRESENTATION_CONTEXT(2) 
PARAMETRIC_REPRESENTATION_CONTEXT() REPRESENTATION_CONTEXT('2D SPACE',''
  ) );
#618 = ORIENTED_EDGE('',*,*,#619,.F.);
#619 = EDGE_CURVE('',#620,#594,#622,.T.);
#620 = VERTEX_POINT('',#621);
#621 = CARTESIAN_POINT('',(-6.82308546376,12.074018169511,6.8));
#622 = SURFACE_CURVE('',#623,(#627,#633),.PCURVE_S1.);
#623 = LINE('',#624,#625);
#624 = CARTESIAN_POINT('',(-6.878604021859,12.092524355543,
    6.767946345537));
#625 = VECTOR('',#626,1.);
#626 = DIRECTION('',(-0.832050294338,0.277350098113,-0.480384461415));
#627 = PCURVE('',#32,#628);
#628 = DEFINITIONAL_REPRESENTATION('',(#629),#632);
#629 = B_SPLINE_CURVE_WITH_KNOTS('',1,(#630,#631),.UNSPECIFIED.,.F.,.F.,
  (2,2),(-6.672500265489E-02,5.13743999601),.PIECEWISE_BEZIER_KNOTS.);
#630 = CARTESIAN_POINT('',(7.851963660979,-6.82308546376));
#631 = CARTESIAN_POINT('',(4.965212315031,-11.15321248268));
#632 = ( GEOMETRIC_REPRESENTATION_CONTEXT(2) 
PARAMETRIC_REPRESENTATION_CONTEXT() REPRESENTATION_CONTEXT('2D SPACE',''
  ) );
#633 = PCURVE('',#634,#639);
#634 = PLANE('',#635);
#635 = AXIS2_PLACEMENT_3D('',#636,#637,#638);
#636 = CARTESIAN_POINT('',(-11.15321248268,0.,4.3));
#637 = DIRECTION('',(0.5,0.,-0.866025403784));
#638 = DIRECTION('',(0.866025403784,0.,0.5));
#639 = DEFINITIONAL_REPRESENTATION('',(#640),#643);
#640 = B_SPLINE_CURVE_WITH_KNOTS('',1,(#641,#642),.UNSPECIFIED.,.F.,.F.,
  (2,2),(-6.672500265489E-02,5.13743999601),.PIECEWISE_BEZIER_KNOTS.);
#641 = CARTESIAN_POINT('',(5.,-12.07401816951));
#642 = CARTESIAN_POINT('',(-3.848651229254E-16,-13.51739384248));
#643 = ( GEOMETRIC_REPRESENTATION_CONTEXT(2) 
PARAMETRIC_REPRESENTATION_CONTEXT() REPRESENTATION_CONTEXT('2D SPACE',''
  ) );
#644 = ORIENTED_EDGE('',*,*,#645,.F.);
#645 = EDGE_CURVE('',#646,#620,#648,.T.);
#646 = VERTEX_POINT('',#647);
#647 = CARTESIAN_POINT('',(-6.82308546376,9.187266823562,11.8));
#648 = SURFACE_CURVE('',#649,(#653,#659),.PCURVE_S1.);
#649 = LINE('',#650,#651);
#650 = CARTESIAN_POINT('',(-6.82308546376,12.527756813566,6.014101615138
    ));
#651 = VECTOR('',#652,1.);
#652 = DIRECTION('',(-1.538370149107E-16,0.5,-0.866025403784));
#653 = PCURVE('',#32,#654);
#654 = DEFINITIONAL_REPRESENTATION('',(#655),#658);
#655 = B_SPLINE_CURVE_WITH_KNOTS('',1,(#656,#657),.UNSPECIFIED.,.F.,.F.,
  (2,2),(-6.680979980008,-0.907477288112),.PIECEWISE_BEZIER_KNOTS.);
#656 = CARTESIAN_POINT('',(13.625466352875,-6.82308546376));
#657 = CARTESIAN_POINT('',(7.851963660979,-6.82308546376));
#658 = ( GEOMETRIC_REPRESENTATION_CONTEXT(2) 
PARAMETRIC_REPRESENTATION_CONTEXT() REPRESENTATION_CONTEXT('2D SPACE',''
  ) );
#659 = PCURVE('',#660,#665);
#660 = PLANE('',#661);
#661 = AXIS2_PLACEMENT_3D('',#662,#663,#664);
#662 = CARTESIAN_POINT('',(-6.82308546376,0.,6.8));
#663 = DIRECTION('',(1.,0.,-1.7763568394E-16));
#664 = DIRECTION('',(1.7763568394E-16,0.,1.));
#665 = DEFINITIONAL_REPRESENTATION('',(#666),#669);
#666 = B_SPLINE_CURVE_WITH_KNOTS('',1,(#667,#668),.UNSPECIFIED.,.F.,.F.,
  (2,2),(-6.680979980008,-0.907477288112),.PIECEWISE_BEZIER_KNOTS.);
#667 = CARTESIAN_POINT('',(5.,-9.187266823562));
#668 = CARTESIAN_POINT('',(3.85636978623E-17,-12.07401816951));
#669 = ( GEOMETRIC_REPRESENTATION_CONTEXT(2) 
PARAMETRIC_REPRESENTATION_CONTEXT() REPRESENTATION_CONTEXT('2D SPACE',''
  ) );
#670 = ORIENTED_EDGE('',*,*,#671,.F.);
#671 = EDGE_CURVE('',#672,#646,#674,.T.);
#672 = VERTEX_POINT('',#673);
#673 = CARTESIAN_POINT('',(-10.38488593444,8.,13.856406460551));
#674 = SURFACE_CURVE('',#675,(#679,#685),.PCURVE_S1.);
#675 = LINE('',#676,#677);
#676 = CARTESIAN_POINT('',(-2.376979047591,10.669302295619,
    9.233039263779));
#677 = VECTOR('',#678,1.);
#678 = DIRECTION('',(0.832050294338,0.277350098113,-0.480384461415));
#679 = PCURVE('',#32,#680);
#680 = DEFINITIONAL_REPRESENTATION('',(#681),#684);
#681 = B_SPLINE_CURVE_WITH_KNOTS('',1,(#682,#683),.UNSPECIFIED.,.F.,.F.,
  (2,2),(-9.624306296568,-5.343554886556),.PIECEWISE_BEZIER_KNOTS.);
#682 = CARTESIAN_POINT('',(16.,-10.38488593444));
#683 = CARTESIAN_POINT('',(13.625466352875,-6.82308546376));
#684 = ( GEOMETRIC_REPRESENTATION_CONTEXT(2) 
PARAMETRIC_REPRESENTATION_CONTEXT() REPRESENTATION_CONTEXT('2D SPACE',''
  ) );
#685 = PCURVE('',#686,#691);
#686 = PLANE('',#687);
#687 = AXIS2_PLACEMENT_3D('',#688,#689,#690);
#688 = CARTESIAN_POINT('',(-6.82308546376,0.,11.8));
#689 = DIRECTION('',(0.5,0.,0.866025403784));
#690 = DIRECTION('',(-0.866025403784,0.,0.5));
#691 = DEFINITIONAL_REPRESENTATION('',(#692),#695);
#692 = B_SPLINE_CURVE_WITH_KNOTS('',1,(#693,#694),.UNSPECIFIED.,.F.,.F.,
  (2,2),(-9.624306296568,-5.343554886556),.PIECEWISE_BEZIER_KNOTS.);
#693 = CARTESIAN_POINT('',(4.112812921102,-8.));
#694 = CARTESIAN_POINT('',(5.244303326882E-16,-9.187266823562));
#695 = ( GEOMETRIC_REPRESENTATION_CONTEXT(2) 
PARAMETRIC_REPRESENTATION_CONTEXT() REPRESENTATION_CONTEXT('2D SPACE',''
  ) );
#696 = ORIENTED_EDGE('',*,*,#697,.T.);
#697 = EDGE_CURVE('',#672,#698,#700,.T.);
#698 = VERTEX_POINT('',#699);
#699 = CARTESIAN_POINT('',(-1.18282402399,8.,13.856406460551));
#700 = SURFACE_CURVE('',#701,(#705,#712),.PCURVE_S1.);
#701 = LINE('',#702,#703);
#702 = CARTESIAN_POINT('',(-60.,8.,13.856406460551));
#703 = VECTOR('',#704,1.);
#704 = DIRECTION('',(1.,0.,0.));
#705 = PCURVE('',#32,#706);
#706 = DEFINITIONAL_REPRESENTATION('',(#707),#711);
#707 = LINE('',#708,#709);
#708 = CARTESIAN_POINT('',(16.,-60.));
#709 = VECTOR('',#710,1.);
#710 = DIRECTION('',(0.,1.));
#711 = ( GEOMETRIC_REPRESENTATION_CONTEXT(2) 
PARAMETRIC_REPRESENTATION_CONTEXT() REPRESENTATION_CONTEXT('2D SPACE',''
  ) );
#712 = PCURVE('',#713,#718);
#713 = PLANE('',#714);
#714 = AXIS2_PLACEMENT_3D('',#715,#716,#717);
#715 = CARTESIAN_POINT('',(0.,8.,13.856406460551));
#716 = DIRECTION('',(-0.,1.110223024625E-16,1.));
#717 = DIRECTION('',(0.,-1.,1.110223024625E-16));
#718 = DEFINITIONAL_REPRESENTATION('',(#719),#723);
#719 = LINE('',#720,#721);
#720 = CARTESIAN_POINT('',(0.,-60.));
#721 = VECTOR('',#722,1.);
#722 = DIRECTION('',(0.,1.));
#723 = ( GEOMETRIC_REPRESENTATION_CONTEXT(2) 
PARAMETRIC_REPRESENTATION_CONTEXT() REPRESENTATION_CONTEXT('2D SPACE',''
  ) );
#724 = ORIENTED_EDGE('',*,*,#725,.F.);
#725 = EDGE_CURVE('',#726,#698,#728,.T.);
#726 = VERTEX_POINT('',#727);
#727 = CARTESIAN_POINT('',(-4.744624494678,9.187266823562,11.8));
#728 = SURFACE_CURVE('',#729,(#733,#739),.PCURVE_S1.);
#729 = LINE('',#730,#731);
#730 = CARTESIAN_POINT('',(-3.188003454962,8.668393143657,
    12.698715576306));
#731 = VECTOR('',#732,1.);
#732 = DIRECTION('',(0.832050294338,-0.277350098113,0.480384461415));
#733 = PCURVE('',#32,#734);
#734 = DEFINITIONAL_REPRESENTATION('',(#735),#738);
#735 = B_SPLINE_CURVE_WITH_KNOTS('',1,(#736,#737),.UNSPECIFIED.,.F.,.F.,
  (2,2),(-1.870825658387,2.409925751625),.PIECEWISE_BEZIER_KNOTS.);
#736 = CARTESIAN_POINT('',(13.625466352875,-4.744624494678));
#737 = CARTESIAN_POINT('',(16.,-1.18282402399));
#738 = ( GEOMETRIC_REPRESENTATION_CONTEXT(2) 
PARAMETRIC_REPRESENTATION_CONTEXT() REPRESENTATION_CONTEXT('2D SPACE',''
  ) );
#739 = PCURVE('',#740,#745);
#740 = PLANE('',#741);
#741 = AXIS2_PLACEMENT_3D('',#742,#743,#744);
#742 = CARTESIAN_POINT('',(-0.414497475755,0.,14.3));
#743 = DIRECTION('',(-0.5,0.,0.866025403784));
#744 = DIRECTION('',(-0.866025403784,0.,-0.5));
#745 = DEFINITIONAL_REPRESENTATION('',(#746),#749);
#746 = B_SPLINE_CURVE_WITH_KNOTS('',1,(#747,#748),.UNSPECIFIED.,.F.,.F.,
  (2,2),(-1.870825658387,2.409925751625),.PIECEWISE_BEZIER_KNOTS.);
#747 = CARTESIAN_POINT('',(5.,-9.187266823562));
#748 = CARTESIAN_POINT('',(0.887187078898,-8.));
#749 = ( GEOMETRIC_REPRESENTATION_CONTEXT(2) 
PARAMETRIC_REPRESENTATION_CONTEXT() REPRESENTATION_CONTEXT('2D SPACE',''
  ) );
#750 = ORIENTED_EDGE('',*,*,#751,.F.);
#751 = EDGE_CURVE('',#752,#726,#754,.T.);
#752 = VERTEX_POINT('',#753);
#753 = CARTESIAN_POINT('',(-4.744624494678,12.074018169511,6.8));
#754 = SURFACE_CURVE('',#755,(#759,#765),.PCURVE_S1.);
#755 = LINE('',#756,#757);
#756 = CARTESIAN_POINT('',(-4.744624494678,11.445225058836,
    7.889101615138));
#757 = VECTOR('',#758,1.);
#758 = DIRECTION('',(3.076740298214E-16,-0.5,0.866025403784));
#759 = PCURVE('',#32,#760);
#760 = DEFINITIONAL_REPRESENTATION('',(#761),#764);
#761 = B_SPLINE_CURVE_WITH_KNOTS('',1,(#762,#763),.UNSPECIFIED.,.F.,.F.,
  (2,2),(-1.257586221349,4.515916470547),.PIECEWISE_BEZIER_KNOTS.);
#762 = CARTESIAN_POINT('',(7.851963660979,-4.744624494678));
#763 = CARTESIAN_POINT('',(13.625466352875,-4.744624494678));
#764 = ( GEOMETRIC_REPRESENTATION_CONTEXT(2) 
PARAMETRIC_REPRESENTATION_CONTEXT() REPRESENTATION_CONTEXT('2D SPACE',''
  ) );
#765 = PCURVE('',#766,#771);
#766 = PLANE('',#767);
#767 = AXIS2_PLACEMENT_3D('',#768,#769,#770);
#768 = CARTESIAN_POINT('',(-4.744624494678,0.,11.8));
#769 = DIRECTION('',(-1.,0.,3.552713678801E-16));
#770 = DIRECTION('',(-3.552713678801E-16,0.,-1.));
#771 = DEFINITIONAL_REPRESENTATION('',(#772),#775);
#772 = B_SPLINE_CURVE_WITH_KNOTS('',1,(#773,#774),.UNSPECIFIED.,.F.,.F.,
  (2,2),(-1.257586221349,4.515916470547),.PIECEWISE_BEZIER_KNOTS.);
#773 = CARTESIAN_POINT('',(5.,-12.07401816951));
#774 = CARTESIAN_POINT('',(8.339526173855E-16,-9.187266823562));
#775 = ( GEOMETRIC_REPRESENTATION_CONTEXT(2) 
PARAMETRIC_REPRESENTATION_CONTEXT() REPRESENTATION_CONTEXT('2D SPACE',''
  ) );
#776 = ORIENTED_EDGE('',*,*,#777,.F.);
#777 = EDGE_CURVE('',#778,#752,#780,.T.);
#778 = VERTEX_POINT('',#779);
#779 = CARTESIAN_POINT('',(-0.414497475755,13.517393842485,4.3));
#780 = SURFACE_CURVE('',#781,(#785,#791),.PCURVE_S1.);
#781 = LINE('',#782,#783);
#782 = CARTESIAN_POINT('',(-2.683418805853,12.761086732452,
    5.609962340702));
#783 = VECTOR('',#784,1.);
#784 = DIRECTION('',(-0.832050294338,-0.277350098113,0.480384461415));
#785 = PCURVE('',#32,#786);
#786 = DEFINITIONAL_REPRESENTATION('',(#787),#790);
#787 = B_SPLINE_CURVE_WITH_KNOTS('',1,(#788,#789),.UNSPECIFIED.,.F.,.F.,
  (2,2),(-2.72690406522,2.477260933445),.PIECEWISE_BEZIER_KNOTS.);
#788 = CARTESIAN_POINT('',(4.965212315031,-0.414497475755));
#789 = CARTESIAN_POINT('',(7.851963660979,-4.744624494678));
#790 = ( GEOMETRIC_REPRESENTATION_CONTEXT(2) 
PARAMETRIC_REPRESENTATION_CONTEXT() REPRESENTATION_CONTEXT('2D SPACE',''
  ) );
#791 = PCURVE('',#792,#797);
#792 = PLANE('',#793);
#793 = AXIS2_PLACEMENT_3D('',#794,#795,#796);
#794 = CARTESIAN_POINT('',(-4.744624494678,0.,6.8));
#795 = DIRECTION('',(-0.5,-0.,-0.866025403784));
#796 = DIRECTION('',(0.866025403784,0.,-0.5));
#797 = DEFINITIONAL_REPRESENTATION('',(#798),#801);
#798 = B_SPLINE_CURVE_WITH_KNOTS('',1,(#799,#800),.UNSPECIFIED.,.F.,.F.,
  (2,2),(-2.72690406522,2.477260933445),.PIECEWISE_BEZIER_KNOTS.);
#799 = CARTESIAN_POINT('',(5.,-13.51739384248));
#800 = CARTESIAN_POINT('',(4.214368863611E-16,-12.07401816951));
#801 = ( GEOMETRIC_REPRESENTATION_CONTEXT(2) 
PARAMETRIC_REPRESENTATION_CONTEXT() REPRESENTATION_CONTEXT('2D SPACE',''
  ) );
#802 = ORIENTED_EDGE('',*,*,#803,.F.);
#803 = EDGE_CURVE('',#804,#778,#806,.T.);
#804 = VERTEX_POINT('',#805);
#805 = CARTESIAN_POINT('',(3.915629543167,12.074018169511,6.8));
#806 = SURFACE_CURVE('',#807,(#811,#817),.PCURVE_S1.);
#807 = LINE('',#808,#809);
#808 = CARTESIAN_POINT('',(0.14286348267,13.331606856343,4.621792499383)
  );
#809 = VECTOR('',#810,1.);
#810 = DIRECTION('',(-0.832050294338,0.277350098113,-0.480384461415));
#811 = PCURVE('',#32,#812);
#812 = DEFINITIONAL_REPRESENTATION('',(#813),#816);
#813 = B_SPLINE_CURVE_WITH_KNOTS('',1,(#814,#815),.UNSPECIFIED.,.F.,.F.,
  (2,2),(-4.534300493817,0.669864504849),.PIECEWISE_BEZIER_KNOTS.);
#814 = CARTESIAN_POINT('',(7.851963660979,3.915629543167));
#815 = CARTESIAN_POINT('',(4.965212315031,-0.414497475755));
#816 = ( GEOMETRIC_REPRESENTATION_CONTEXT(2) 
PARAMETRIC_REPRESENTATION_CONTEXT() REPRESENTATION_CONTEXT('2D SPACE',''
  ) );
#817 = PCURVE('',#818,#823);
#818 = PLANE('',#819);
#819 = AXIS2_PLACEMENT_3D('',#820,#821,#822);
#820 = CARTESIAN_POINT('',(-0.414497475755,0.,4.3));
#821 = DIRECTION('',(0.5,0.,-0.866025403784));
#822 = DIRECTION('',(0.866025403784,0.,0.5));
#823 = DEFINITIONAL_REPRESENTATION('',(#824),#827);
#824 = B_SPLINE_CURVE_WITH_KNOTS('',1,(#825,#826),.UNSPECIFIED.,.F.,.F.,
  (2,2),(-4.534300493817,0.669864504849),.PIECEWISE_BEZIER_KNOTS.);
#825 = CARTESIAN_POINT('',(5.,-12.07401816951));
#826 = CARTESIAN_POINT('',(-8.239328744555E-17,-13.51739384248));
#827 = ( GEOMETRIC_REPRESENTATION_CONTEXT(2) 
PARAMETRIC_REPRESENTATION_CONTEXT() REPRESENTATION_CONTEXT('2D SPACE',''
  ) );
#828 = ORIENTED_EDGE('',*,*,#829,.F.);
#829 = EDGE_CURVE('',#830,#804,#832,.T.);
#830 = VERTEX_POINT('',#831);
#831 = CARTESIAN_POINT('',(3.915629543167,9.187266823562,11.8));
#832 = SURFACE_CURVE('',#833,(#837,#843),.PCURVE_S1.);
#833 = LINE('',#834,#835);
#834 = CARTESIAN_POINT('',(3.915629543167,12.527756813566,6.014101615138
    ));
#835 = VECTOR('',#836,1.);
#836 = DIRECTION('',(-1.538370149107E-16,0.5,-0.866025403784));
#837 = PCURVE('',#32,#838);
#838 = DEFINITIONAL_REPRESENTATION('',(#839),#842);
#839 = B_SPLINE_CURVE_WITH_KNOTS('',1,(#840,#841),.UNSPECIFIED.,.F.,.F.,
  (2,2),(-6.680979980008,-0.907477288112),.PIECEWISE_BEZIER_KNOTS.);
#840 = CARTESIAN_POINT('',(13.625466352875,3.915629543167));
#841 = CARTESIAN_POINT('',(7.851963660979,3.915629543167));
#842 = ( GEOMETRIC_REPRESENTATION_CONTEXT(2) 
PARAMETRIC_REPRESENTATION_CONTEXT() REPRESENTATION_CONTEXT('2D SPACE',''
  ) );
#843 = PCURVE('',#844,#849);
#844 = PLANE('',#845);
#845 = AXIS2_PLACEMENT_3D('',#846,#847,#848);
#846 = CARTESIAN_POINT('',(3.915629543167,0.,6.8));
#847 = DIRECTION('',(1.,0.,-1.7763568394E-16));
#848 = DIRECTION('',(1.7763568394E-16,0.,1.));
#849 = DEFINITIONAL_REPRESENTATION('',(#850),#853);
#850 = B_SPLINE_CURVE_WITH_KNOTS('',1,(#851,#852),.UNSPECIFIED.,.F.,.F.,
  (2,2),(-6.680979980008,-0.907477288112),.PIECEWISE_BEZIER_KNOTS.);
#851 = CARTESIAN_POINT('',(5.,-9.187266823562));
#852 = CARTESIAN_POINT('',(-1.765777816036E-16,-12.07401816951));
#853 = ( GEOMETRIC_REPRESENTATION_CONTEXT(2) 
PARAMETRIC_REPRESENTATION_CONTEXT() REPRESENTATION_CONTEXT('2D SPACE',''
  ) );
#854 = ORIENTED_EDGE('',*,*,#855,.F.);
#855 = EDGE_CURVE('',#856,#830,#858,.T.);
#856 = VERTEX_POINT('',#857);
#857 = CARTESIAN_POINT('',(0.35382907248,8.,13.856406460551));
#858 = SURFACE_CURVE('',#859,(#863,#869),.PCURVE_S1.);
#859 = LINE('',#860,#861);
#860 = CARTESIAN_POINT('',(4.644488456938,9.43021979482,11.379193109933)
  );
#861 = VECTOR('',#862,1.);
#862 = DIRECTION('',(0.832050294338,0.277350098113,-0.480384461415));
#863 = PCURVE('',#32,#864);
#864 = DEFINITIONAL_REPRESENTATION('',(#865),#868);
#865 = B_SPLINE_CURVE_WITH_KNOTS('',1,(#866,#867),.UNSPECIFIED.,.F.,.F.,
  (2,2),(-5.156730805406,-0.875979395394),.PIECEWISE_BEZIER_KNOTS.);
#866 = CARTESIAN_POINT('',(16.,0.35382907248));
#867 = CARTESIAN_POINT('',(13.625466352875,3.915629543167));
#868 = ( GEOMETRIC_REPRESENTATION_CONTEXT(2) 
PARAMETRIC_REPRESENTATION_CONTEXT() REPRESENTATION_CONTEXT('2D SPACE',''
  ) );
#869 = PCURVE('',#870,#875);
#870 = PLANE('',#871);
#871 = AXIS2_PLACEMENT_3D('',#872,#873,#874);
#872 = CARTESIAN_POINT('',(3.915629543167,0.,11.8));
#873 = DIRECTION('',(0.5,0.,0.866025403784));
#874 = DIRECTION('',(-0.866025403784,0.,0.5));
#875 = DEFINITIONAL_REPRESENTATION('',(#876),#879);
#876 = B_SPLINE_CURVE_WITH_KNOTS('',1,(#877,#878),.UNSPECIFIED.,.F.,.F.,
  (2,2),(-5.156730805406,-0.875979395394),.PIECEWISE_BEZIER_KNOTS.);
#877 = CARTESIAN_POINT('',(4.112812921102,-8.));
#878 = CARTESIAN_POINT('',(-8.284107351006E-17,-9.187266823562));
#879 = ( GEOMETRIC_REPRESENTATION_CONTEXT(2) 
PARAMETRIC_REPRESENTATION_CONTEXT() REPRESENTATION_CONTEXT('2D SPACE',''
  ) );
#880 = ORIENTED_EDGE('',*,*,#881,.T.);
#881 = EDGE_CURVE('',#856,#882,#884,.T.);
#882 = VERTEX_POINT('',#883);
#883 = CARTESIAN_POINT('',(9.555890982937,8.,13.856406460551));
#884 = SURFACE_CURVE('',#885,(#889,#896),.PCURVE_S1.);
#885 = LINE('',#886,#887);
#886 = CARTESIAN_POINT('',(-60.,8.,13.856406460551));
#887 = VECTOR('',#888,1.);
#888 = DIRECTION('',(1.,0.,0.));
#889 = PCURVE('',#32,#890);
#890 = DEFINITIONAL_REPRESENTATION('',(#891),#895);
#891 = LINE('',#892,#893);
#892 = CARTESIAN_POINT('',(16.,-60.));
#893 = VECTOR('',#894,1.);
#894 = DIRECTION('',(0.,1.));
#895 = ( GEOMETRIC_REPRESENTATION_CONTEXT(2) 
PARAMETRIC_REPRESENTATION_CONTEXT() REPRESENTATION_CONTEXT('2D SPACE',''
  ) );
#896 = PCURVE('',#897,#902);
#897 = PLANE('',#898);
#898 = AXIS2_PLACEMENT_3D('',#899,#900,#901);
#899 = CARTESIAN_POINT('',(0.,8.,13.856406460551));
#900 = DIRECTION('',(-0.,1.110223024625E-16,1.));
#901 = DIRECTION('',(0.,-1.,1.110223024625E-16));
#902 = DEFINITIONAL_REPRESENTATION('',(#903),#907);
#903 = LINE('',#904,#905);
#904 = CARTESIAN_POINT('',(0.,-60.));
#905 = VECTOR('',#906,1.);
#906 = DIRECTION('',(0.,1.));
#907 = ( GEOMETRIC_REPRESENTATION_CONTEXT(2) 
PARAMETRIC_REPRESENTATION_CONTEXT() REPRESENTATION_CONTEXT('2D SPACE',''
  ) );
#908 = ORIENTED_EDGE('',*,*,#909,.F.);
#909 = EDGE_CURVE('',#910,#882,#912,.T.);
#910 = VERTEX_POINT('',#911);
#911 = CARTESIAN_POINT('',(5.994090512249,9.187266823562,11.8));
#912 = SURFACE_CURVE('',#913,(#917,#923),.PCURVE_S1.);
#913 = LINE('',#914,#915);
#914 = CARTESIAN_POINT('',(3.833464049567,9.907475644457,10.552561730152
    ));
#915 = VECTOR('',#916,1.);
#916 = DIRECTION('',(0.832050294338,-0.277350098113,0.480384461415));
#917 = PCURVE('',#32,#918);
#918 = DEFINITIONAL_REPRESENTATION('',(#919),#922);
#919 = B_SPLINE_CURVE_WITH_KNOTS('',1,(#920,#921),.UNSPECIFIED.,.F.,.F.,
  (2,2),(2.596749832775,6.877501242787),.PIECEWISE_BEZIER_KNOTS.);
#920 = CARTESIAN_POINT('',(13.625466352875,5.994090512249));
#921 = CARTESIAN_POINT('',(16.,9.555890982937));
#922 = ( GEOMETRIC_REPRESENTATION_CONTEXT(2) 
PARAMETRIC_REPRESENTATION_CONTEXT() REPRESENTATION_CONTEXT('2D SPACE',''
  ) );
#923 = PCURVE('',#924,#929);
#924 = PLANE('',#925);
#925 = AXIS2_PLACEMENT_3D('',#926,#927,#928);
#926 = CARTESIAN_POINT('',(10.324217531172,0.,14.3));
#927 = DIRECTION('',(-0.5,0.,0.866025403784));
#928 = DIRECTION('',(-0.866025403784,0.,-0.5));
#929 = DEFINITIONAL_REPRESENTATION('',(#930),#933);
#930 = B_SPLINE_CURVE_WITH_KNOTS('',1,(#931,#932),.UNSPECIFIED.,.F.,.F.,
  (2,2),(2.596749832775,6.877501242787),.PIECEWISE_BEZIER_KNOTS.);
#931 = CARTESIAN_POINT('',(5.,-9.187266823562));
#932 = CARTESIAN_POINT('',(0.887187078898,-8.));
#933 = ( GEOMETRIC_REPRESENTATION_CONTEXT(2) 
PARAMETRIC_REPRESENTATION_CONTEXT() REPRESENTATION_CONTEXT('2D SPACE',''
  ) );
#934 = ORIENTED_EDGE('',*,*,#935,.F.);
#935 = EDGE_CURVE('',#936,#910,#938,.T.);
#936 = VERTEX_POINT('',#937);
#937 = CARTESIAN_POINT('',(5.994090512249,12.074018169511,6.8));
#938 = SURFACE_CURVE('',#939,(#943,#949),.PCURVE_S1.);
#939 = LINE('',#940,#941);
#940 = CARTESIAN_POINT('',(5.994090512249,11.445225058836,7.889101615138
    ));
#941 = VECTOR('',#942,1.);
#942 = DIRECTION('',(3.076740298214E-16,-0.5,0.866025403784));
#943 = PCURVE('',#32,#944);
#944 = DEFINITIONAL_REPRESENTATION('',(#945),#948);
#945 = B_SPLINE_CURVE_WITH_KNOTS('',1,(#946,#947),.UNSPECIFIED.,.F.,.F.,
  (2,2),(-1.257586221349,4.515916470547),.PIECEWISE_BEZIER_KNOTS.);
#946 = CARTESIAN_POINT('',(7.851963660979,5.994090512249));
#947 = CARTESIAN_POINT('',(13.625466352875,5.994090512249));
#948 = ( GEOMETRIC_REPRESENTATION_CONTEXT(2) 
PARAMETRIC_REPRESENTATION_CONTEXT() REPRESENTATION_CONTEXT('2D SPACE',''
  ) );
#949 = PCURVE('',#950,#955);
#950 = PLANE('',#951);
#951 = AXIS2_PLACEMENT_3D('',#952,#953,#954);
#952 = CARTESIAN_POINT('',(5.994090512249,0.,11.8));
#953 = DIRECTION('',(-1.,0.,3.552713678801E-16));
#954 = DIRECTION('',(-3.552713678801E-16,0.,-1.));
#955 = DEFINITIONAL_REPRESENTATION('',(#956),#959);
#956 = B_SPLINE_CURVE_WITH_KNOTS('',1,(#957,#958),.UNSPECIFIED.,.F.,.F.,
  (2,2),(-1.257586221349,4.515916470547),.PIECEWISE_BEZIER_KNOTS.);
#957 = CARTESIAN_POINT('',(5.,-12.07401816951));
#958 = CARTESIAN_POINT('',(3.027542331255E-16,-9.187266823562));
#959 = ( GEOMETRIC_REPRESENTATION_CONTEXT(2) 
PARAMETRIC_REPRESENTATION_CONTEXT() REPRESENTATION_CONTEXT('2D SPACE',''
  ) );
#960 = ORIENTED_EDGE('',*,*,#961,.F.);
#961 = EDGE_CURVE('',#962,#936,#964,.T.);
#962 = VERTEX_POINT('',#963);
#963 = CARTESIAN_POINT('',(10.324217531172,13.517393842485,4.3));
#964 = SURFACE_CURVE('',#965,(#969,#975),.PCURVE_S1.);
#965 = LINE('',#966,#967);
#966 = CARTESIAN_POINT('',(4.338048698676,11.522004231653,7.756116186856
    ));
#967 = VECTOR('',#968,1.);
#968 = DIRECTION('',(-0.832050294338,-0.277350098113,0.480384461415));
#969 = PCURVE('',#32,#970);
#970 = DEFINITIONAL_REPRESENTATION('',(#971),#974);
#971 = B_SPLINE_CURVE_WITH_KNOTS('',1,(#972,#973),.UNSPECIFIED.,.F.,.F.,
  (2,2),(-7.194479556382,-1.990314557717),.PIECEWISE_BEZIER_KNOTS.);
#972 = CARTESIAN_POINT('',(4.965212315031,10.324217531172));
#973 = CARTESIAN_POINT('',(7.851963660979,5.994090512249));
#974 = ( GEOMETRIC_REPRESENTATION_CONTEXT(2) 
PARAMETRIC_REPRESENTATION_CONTEXT() REPRESENTATION_CONTEXT('2D SPACE',''
  ) );
#975 = PCURVE('',#976,#981);
#976 = PLANE('',#977);
#977 = AXIS2_PLACEMENT_3D('',#978,#979,#980);
#978 = CARTESIAN_POINT('',(5.994090512249,0.,6.8));
#979 = DIRECTION('',(-0.5,-0.,-0.866025403784));
#980 = DIRECTION('',(0.866025403784,0.,-0.5));
#981 = DEFINITIONAL_REPRESENTATION('',(#982),#985);
#982 = B_SPLINE_CURVE_WITH_KNOTS('',1,(#983,#984),.UNSPECIFIED.,.F.,.F.,
  (2,2),(-7.194479556382,-1.990314557717),.PIECEWISE_BEZIER_KNOTS.);
#983 = CARTESIAN_POINT('',(5.,-13.51739384248));
#984 = CARTESIAN_POINT('',(-3.710263942989E-16,-12.07401816951));
#985 = ( GEOMETRIC_REPRESENTATION_CONTEXT(2) 
PARAMETRIC_REPRESENTATION_CONTEXT() REPRESENTATION_CONTEXT('2D SPACE',''
  ) );
#986 = ORIENTED_EDGE('',*,*,#987,.F.);
#987 = EDGE_CURVE('',#988,#962,#990,.T.);
#988 = VERTEX_POINT('',#989);
#989 = CARTESIAN_POINT('',(14.654344550094,12.074018169511,6.8));
#990 = SURFACE_CURVE('',#991,(#995,#1001),.PCURVE_S1.);
#991 = LINE('',#992,#993);
#992 = CARTESIAN_POINT('',(7.1643309872,14.570689357142,2.475638653229)
  );
#993 = VECTOR('',#994,1.);
#994 = DIRECTION('',(-0.832050294338,0.277350098113,-0.480384461415));
#995 = PCURVE('',#32,#996);
#996 = DEFINITIONAL_REPRESENTATION('',(#997),#1000);
#997 = B_SPLINE_CURVE_WITH_KNOTS('',1,(#998,#999),.UNSPECIFIED.,.F.,.F.,
  (2,2),(-9.001875984979,-3.797710986313),.PIECEWISE_BEZIER_KNOTS.);
#998 = CARTESIAN_POINT('',(7.851963660979,14.654344550094));
#999 = CARTESIAN_POINT('',(4.965212315031,10.324217531172));
#1000 = ( GEOMETRIC_REPRESENTATION_CONTEXT(2) 
PARAMETRIC_REPRESENTATION_CONTEXT() REPRESENTATION_CONTEXT('2D SPACE',''
  ) );
#1001 = PCURVE('',#1002,#1007);
#1002 = PLANE('',#1003);
#1003 = AXIS2_PLACEMENT_3D('',#1004,#1005,#1006);
#1004 = CARTESIAN_POINT('',(10.324217531172,0.,4.3));
#1005 = DIRECTION('',(0.5,0.,-0.866025403784));
#1006 = DIRECTION('',(0.866025403784,0.,0.5));
#1007 = DEFINITIONAL_REPRESENTATION('',(#1008),#1011);
#1008 = B_SPLINE_CURVE_WITH_KNOTS('',1,(#1009,#1010),.UNSPECIFIED.,.F.,
  .F.,(2,2),(-9.001875984979,-3.797710986313),.PIECEWISE_BEZIER_KNOTS.);
#1009 = CARTESIAN_POINT('',(5.,-12.07401816951));
#1010 = CARTESIAN_POINT('',(4.68256300052E-16,-13.51739384248));
#1011 = ( GEOMETRIC_REPRESENTATION_CONTEXT(2) 
PARAMETRIC_REPRESENTATION_CONTEXT() REPRESENTATION_CONTEXT('2D SPACE',''
  ) );
#1012 = ORIENTED_EDGE('',*,*,#1013,.F.);
#1013 = EDGE_CURVE('',#1014,#988,#1016,.T.);
#1014 = VERTEX_POINT('',#1015);
#1015 = CARTESIAN_POINT('',(14.654344550094,9.187266823562,11.8));
#1016 = SURFACE_CURVE('',#1017,(#1021,#1027),.PCURVE_S1.);
#1017 = LINE('',#1018,#1019);
#1018 = CARTESIAN_POINT('',(14.654344550094,12.527756813566,
    6.014101615138));
#1019 = VECTOR('',#1020,1.);
#1020 = DIRECTION('',(-1.538370149107E-16,0.5,-0.866025403784));
#1021 = PCURVE('',#32,#1022);
#1022 = DEFINITIONAL_REPRESENTATION('',(#1023),#1026);
#1023 = B_SPLINE_CURVE_WITH_KNOTS('',1,(#1024,#1025),.UNSPECIFIED.,.F.,
  .F.,(2,2),(-6.680979980008,-0.907477288112),.PIECEWISE_BEZIER_KNOTS.);
#1024 = CARTESIAN_POINT('',(13.625466352875,14.654344550094));
#1025 = CARTESIAN_POINT('',(7.851963660979,14.654344550094));
#1026 = ( GEOMETRIC_REPRESENTATION_CONTEXT(2) 
PARAMETRIC_REPRESENTATION_CONTEXT() REPRESENTATION_CONTEXT('2D SPACE',''
  ) );
#1027 = PCURVE('',#1028,#1033);
#1028 = PLANE('',#1029);
#1029 = AXIS2_PLACEMENT_3D('',#1030,#1031,#1032);
#1030 = CARTESIAN_POINT('',(14.654344550094,0.,6.8));
#1031 = DIRECTION('',(1.,0.,-1.7763568394E-16));
#1032 = DIRECTION('',(1.7763568394E-16,0.,1.));
#1033 = DEFINITIONAL_REPRESENTATION('',(#1034),#1037);
#1034 = B_SPLINE_CURVE_WITH_KNOTS('',1,(#1035,#1036),.UNSPECIFIED.,.F.,
  .F.,(2,2),(-6.680979980008,-0.907477288112),.PIECEWISE_BEZIER_KNOTS.);
#1035 = CARTESIAN_POINT('',(5.,-9.187266823562));
#1036 = CARTESIAN_POINT('',(3.77465813484E-16,-12.07401816951));
#1037 = ( GEOMETRIC_REPRESENTATION_CONTEXT(2) 
PARAMETRIC_REPRESENTATION_CONTEXT() REPRESENTATION_CONTEXT('2D SPACE',''
  ) );
#1038 = ORIENTED_EDGE('',*,*,#1039,.F.);
#1039 = EDGE_CURVE('',#1040,#1014,#1042,.T.);
#1040 = VERTEX_POINT('',#1041);
#1041 = CARTESIAN_POINT('',(11.092544079407,8.,13.856406460551));
#1042 = SURFACE_CURVE('',#1043,(#1047,#1053),.PCURVE_S1.);
#1043 = LINE('',#1044,#1045);
#1044 = CARTESIAN_POINT('',(11.665955961468,8.19113729402,
    13.525346956087));
#1045 = VECTOR('',#1046,1.);
#1046 = DIRECTION('',(0.832050294338,0.277350098113,-0.480384461415));
#1047 = PCURVE('',#32,#1048);
#1048 = DEFINITIONAL_REPRESENTATION('',(#1049),#1052);
#1049 = B_SPLINE_CURVE_WITH_KNOTS('',1,(#1050,#1051),.UNSPECIFIED.,.F.,
  .F.,(2,2),(-0.689155314244,3.591596095768),.PIECEWISE_BEZIER_KNOTS.);
#1050 = CARTESIAN_POINT('',(16.,11.092544079407));
#1051 = CARTESIAN_POINT('',(13.625466352875,14.654344550094));
#1052 = ( GEOMETRIC_REPRESENTATION_CONTEXT(2) 
PARAMETRIC_REPRESENTATION_CONTEXT() REPRESENTATION_CONTEXT('2D SPACE',''
  ) );
#1053 = PCURVE('',#1054,#1059);
#1054 = PLANE('',#1055);
#1055 = AXIS2_PLACEMENT_3D('',#1056,#1057,#1058);
#1056 = CARTESIAN_POINT('',(14.654344550094,0.,11.8));
#1057 = DIRECTION('',(0.5,0.,0.866025403784));
#1058 = DIRECTION('',(-0.866025403784,0.,0.5));
#1059 = DEFINITIONAL_REPRESENTATION('',(#1060),#1063);
#1060 = B_SPLINE_CURVE_WITH_KNOTS('',1,(#1061,#1062),.UNSPECIFIED.,.F.,
  .F.,(2,2),(-0.689155314244,3.591596095768),.PIECEWISE_BEZIER_KNOTS.);
#1061 = CARTESIAN_POINT('',(4.112812921102,-8.));
#1062 = CARTESIAN_POINT('',(-4.332236786597E-16,-9.187266823562));
#1063 = ( GEOMETRIC_REPRESENTATION_CONTEXT(2) 
PARAMETRIC_REPRESENTATION_CONTEXT() REPRESENTATION_CONTEXT('2D SPACE',''
  ) );
#1064 = ORIENTED_EDGE('',*,*,#1065,.T.);
#1065 = EDGE_CURVE('',#1040,#1066,#1068,.T.);
#1066 = VERTEX_POINT('',#1067);
#1067 = CARTESIAN_POINT('',(20.294605989864,8.,13.856406460551));
#1068 = SURFACE_CURVE('',#1069,(#1073,#1080),.PCURVE_S1.);
#1069 = LINE('',#1070,#1071);
#1070 = CARTESIAN_POINT('',(-60.,8.,13.856406460551));
#1071 = VECTOR('',#1072,1.);
#1072 = DIRECTION('',(1.,0.,0.));
#1073 = PCURVE('',#32,#1074);
#1074 = DEFINITIONAL_REPRESENTATION('',(#1075),#1079);
#1075 = LINE('',#1076,#1077);
#1076 = CARTESIAN_POINT('',(16.,-60.));
#1077 = VECTOR('',#1078,1.);
#1078 = DIRECTION('',(0.,1.));
#1079 = ( GEOMETRIC_REPRESENTATION_CONTEXT(2) 
PARAMETRIC_REPRESENTATION_CONTEXT() REPRESENTATION_CONTEXT('2D SPACE',''
  ) );
#1080 = PCURVE('',#1081,#1086);
#1081 = PLANE('',#1082);
#1082 = AXIS2_PLACEMENT_3D('',#1083,#1084,#1085);
#1083 = CARTESIAN_POINT('',(0.,8.,13.856406460551));
#1084 = DIRECTION('',(-0.,1.110223024625E-16,1.));
#1085 = DIRECTION('',(0.,-1.,1.110223024625E-16));
#1086 = DEFINITIONAL_REPRESENTATION('',(#1087),#1091);
#1087 = LINE('',#1088,#1089);
#1088 = CARTESIAN_POINT('',(0.,-60.));
#1089 = VECTOR('',#1090,1.);
#1090 = DIRECTION('',(0.,1.));
#1091 = ( GEOMETRIC_REPRESENTATION_CONTEXT(2) 
PARAMETRIC_REPRESENTATION_CONTEXT() REPRESENTATION_CONTEXT('2D SPACE',''
  ) );
#1092 = ORIENTED_EDGE('',*,*,#1093,.F.);
#1093 = EDGE_CURVE('',#1094,#1066,#1096,.T.);
#1094 = VERTEX_POINT('',#1095);
#1095 = CARTESIAN_POINT('',(16.732805519177,9.187266823562,11.8));
#1096 = SURFACE_CURVE('',#1097,(#1101,#1107),.PCURVE_S1.);
#1097 = LINE('',#1098,#1099);
#1098 = CARTESIAN_POINT('',(10.854931554096,11.146558145256,
    8.406407883998));
#1099 = VECTOR('',#1100,1.);
#1100 = DIRECTION('',(0.832050294338,-0.277350098113,0.480384461415));
#1101 = PCURVE('',#32,#1102);
#1102 = DEFINITIONAL_REPRESENTATION('',(#1103),#1106);
#1103 = B_SPLINE_CURVE_WITH_KNOTS('',1,(#1104,#1105),.UNSPECIFIED.,.F.,
  .F.,(2,2),(7.064325323937,11.345076733949),.PIECEWISE_BEZIER_KNOTS.);
#1104 = CARTESIAN_POINT('',(13.625466352875,16.732805519177));
#1105 = CARTESIAN_POINT('',(16.,20.294605989864));
#1106 = ( GEOMETRIC_REPRESENTATION_CONTEXT(2) 
PARAMETRIC_REPRESENTATION_CONTEXT() REPRESENTATION_CONTEXT('2D SPACE',''
  ) );
#1107 = PCURVE('',#1108,#1113);
#1108 = PLANE('',#1109);
#1109 = AXIS2_PLACEMENT_3D('',#1110,#1111,#1112);
#1110 = CARTESIAN_POINT('',(21.062932538099,0.,14.3));
#1111 = DIRECTION('',(-0.5,0.,0.866025403784));
#1112 = DIRECTION('',(-0.866025403784,0.,-0.5));
#1113 = DEFINITIONAL_REPRESENTATION('',(#1114),#1117);
#1114 = B_SPLINE_CURVE_WITH_KNOTS('',1,(#1115,#1116),.UNSPECIFIED.,.F.,
  .F.,(2,2),(7.064325323937,11.345076733949),.PIECEWISE_BEZIER_KNOTS.);
#1115 = CARTESIAN_POINT('',(5.,-9.187266823562));
#1116 = CARTESIAN_POINT('',(0.887187078898,-8.));
#1117 = ( GEOMETRIC_REPRESENTATION_CONTEXT(2) 
PARAMETRIC_REPRESENTATION_CONTEXT() REPRESENTATION_CONTEXT('2D SPACE',''
  ) );
#1118 = ORIENTED_EDGE('',*,*,#1119,.F.);
#1119 = EDGE_CURVE('',#1120,#1094,#1122,.T.);
#1120 = VERTEX_POINT('',#1121);
#1121 = CARTESIAN_POINT('',(16.732805519177,12.074018169511,6.8));
#1122 = SURFACE_CURVE('',#1123,(#1127,#1133),.PCURVE_S1.);
#1123 = LINE('',#1124,#1125);
#1124 = CARTESIAN_POINT('',(16.732805519177,11.445225058836,
    7.889101615138));
#1125 = VECTOR('',#1126,1.);
#1126 = DIRECTION('',(3.076740298214E-16,-0.5,0.866025403784));
#1127 = PCURVE('',#32,#1128);
#1128 = DEFINITIONAL_REPRESENTATION('',(#1129),#1132);
#1129 = B_SPLINE_CURVE_WITH_KNOTS('',1,(#1130,#1131),.UNSPECIFIED.,.F.,
  .F.,(2,2),(-1.257586221349,4.515916470547),.PIECEWISE_BEZIER_KNOTS.);
#1130 = CARTESIAN_POINT('',(7.851963660979,16.732805519177));
#1131 = CARTESIAN_POINT('',(13.625466352875,16.732805519177));
#1132 = ( GEOMETRIC_REPRESENTATION_CONTEXT(2) 
PARAMETRIC_REPRESENTATION_CONTEXT() REPRESENTATION_CONTEXT('2D SPACE',''
  ) );
#1133 = PCURVE('',#1134,#1139);
#1134 = PLANE('',#1135);
#1135 = AXIS2_PLACEMENT_3D('',#1136,#1137,#1138);
#1136 = CARTESIAN_POINT('',(16.732805519177,0.,11.8));
#1137 = DIRECTION('',(-1.,0.,3.552713678801E-16));
#1138 = DIRECTION('',(-3.552713678801E-16,0.,-1.));
#1139 = DEFINITIONAL_REPRESENTATION('',(#1140),#1143);
#1140 = B_SPLINE_CURVE_WITH_KNOTS('',1,(#1141,#1142),.UNSPECIFIED.,.F.,
  .F.,(2,2),(-1.257586221349,4.515916470547),.PIECEWISE_BEZIER_KNOTS.);
#1141 = CARTESIAN_POINT('',(5.,-12.07401816951));
#1142 = CARTESIAN_POINT('',(-2.284441511346E-16,-9.187266823562));
#1143 = ( GEOMETRIC_REPRESENTATION_CONTEXT(2) 
PARAMETRIC_REPRESENTATION_CONTEXT() REPRESENTATION_CONTEXT('2D SPACE',''
  ) );
#1144 = ORIENTED_EDGE('',*,*,#1145,.F.);
#1145 = EDGE_CURVE('',#1146,#1120,#1148,.T.);
#1146 = VERTEX_POINT('',#1147);
#1147 = CARTESIAN_POINT('',(21.062932538099,13.517393842485,4.3));
#1148 = SURFACE_CURVE('',#1149,(#1153,#1159),.PCURVE_S1.);
#1149 = LINE('',#1150,#1151);
#1150 = CARTESIAN_POINT('',(11.359516203205,10.282921730854,
    9.90227003301));
#1151 = VECTOR('',#1152,1.);
#1152 = DIRECTION('',(-0.832050294338,-0.277350098113,0.480384461415));
#1153 = PCURVE('',#32,#1154);
#1154 = DEFINITIONAL_REPRESENTATION('',(#1155),#1158);
#1155 = B_SPLINE_CURVE_WITH_KNOTS('',1,(#1156,#1157),.UNSPECIFIED.,.F.,
  .F.,(2,2),(-11.66205504754,-6.457890048879),.PIECEWISE_BEZIER_KNOTS.);
#1156 = CARTESIAN_POINT('',(4.965212315031,21.062932538099));
#1157 = CARTESIAN_POINT('',(7.851963660979,16.732805519177));
#1158 = ( GEOMETRIC_REPRESENTATION_CONTEXT(2) 
PARAMETRIC_REPRESENTATION_CONTEXT() REPRESENTATION_CONTEXT('2D SPACE',''
  ) );
#1159 = PCURVE('',#1160,#1165);
#1160 = PLANE('',#1161);
#1161 = AXIS2_PLACEMENT_3D('',#1162,#1163,#1164);
#1162 = CARTESIAN_POINT('',(16.732805519177,0.,6.8));
#1163 = DIRECTION('',(-0.5,-0.,-0.866025403784));
#1164 = DIRECTION('',(0.866025403784,0.,-0.5));
#1165 = DEFINITIONAL_REPRESENTATION('',(#1166),#1169);
#1166 = B_SPLINE_CURVE_WITH_KNOTS('',1,(#1167,#1168),.UNSPECIFIED.,.F.,
  .F.,(2,2),(-11.66205504754,-6.457890048879),.PIECEWISE_BEZIER_KNOTS.);
#1167 = CARTESIAN_POINT('',(5.,-13.51739384248));
#1168 = CARTESIAN_POINT('',(8.166746428237E-17,-12.07401816951));
#1169 = ( GEOMETRIC_REPRESENTATION_CONTEXT(2) 
PARAMETRIC_REPRESENTATION_CONTEXT() REPRESENTATION_CONTEXT('2D SPACE',''
  ) );
#1170 = ORIENTED_EDGE('',*,*,#1171,.F.);
#1171 = EDGE_CURVE('',#1172,#1146,#1174,.T.);
#1172 = VERTEX_POINT('',#1173);
#1173 = CARTESIAN_POINT('',(25.393059557021,12.074018169511,6.8));
#1174 = SURFACE_CURVE('',#1175,(#1179,#1185),.PCURVE_S1.);
#1175 = LINE('',#1176,#1177);
#1176 = CARTESIAN_POINT('',(14.185798491729,15.809771857941,
    0.329484807075));
#1177 = VECTOR('',#1178,1.);
#1178 = DIRECTION('',(-0.832050294338,0.277350098113,-0.480384461415));
#1179 = PCURVE('',#32,#1180);
#1180 = DEFINITIONAL_REPRESENTATION('',(#1181),#1184);
#1181 = B_SPLINE_CURVE_WITH_KNOTS('',1,(#1182,#1183),.UNSPECIFIED.,.F.,
  .F.,(2,2),(-13.46945147614,-8.265286477475),.PIECEWISE_BEZIER_KNOTS.);
#1182 = CARTESIAN_POINT('',(7.851963660979,25.393059557021));
#1183 = CARTESIAN_POINT('',(4.965212315031,21.062932538099));
#1184 = ( GEOMETRIC_REPRESENTATION_CONTEXT(2) 
PARAMETRIC_REPRESENTATION_CONTEXT() REPRESENTATION_CONTEXT('2D SPACE',''
  ) );
#1185 = PCURVE('',#1186,#1191);
#1186 = PLANE('',#1187);
#1187 = AXIS2_PLACEMENT_3D('',#1188,#1189,#1190);
#1188 = CARTESIAN_POINT('',(21.062932538099,0.,4.3));
#1189 = DIRECTION('',(0.5,0.,-0.866025403784));
#1190 = DIRECTION('',(0.866025403784,0.,0.5));
#1191 = DEFINITIONAL_REPRESENTATION('',(#1192),#1195);
#1192 = B_SPLINE_CURVE_WITH_KNOTS('',1,(#1193,#1194),.UNSPECIFIED.,.F.,
  .F.,(2,2),(-13.46945147614,-8.265286477475),.PIECEWISE_BEZIER_KNOTS.);
#1193 = CARTESIAN_POINT('',(5.,-12.07401816951));
#1194 = CARTESIAN_POINT('',(-3.590511767316E-16,-13.51739384248));
#1195 = ( GEOMETRIC_REPRESENTATION_CONTEXT(2) 
PARAMETRIC_REPRESENTATION_CONTEXT() REPRESENTATION_CONTEXT('2D SPACE',''
  ) );
#1196 = ORIENTED_EDGE('',*,*,#1197,.F.);
#1197 = EDGE_CURVE('',#1198,#1172,#1200,.T.);
#1198 = VERTEX_POINT('',#1199);
#1199 = CARTESIAN_POINT('',(25.393059557021,9.187266823562,11.8));
#1200 = SURFACE_CURVE('',#1201,(#1205,#1211),.PCURVE_S1.);
#1201 = LINE('',#1202,#1203);
#1202 = CARTESIAN_POINT('',(25.393059557021,12.527756813566,
    6.014101615138));
#1203 = VECTOR('',#1204,1.);
#1204 = DIRECTION('',(-1.538370149107E-16,0.5,-0.866025403784));
#1205 = PCURVE('',#32,#1206);
#1206 = DEFINITIONAL_REPRESENTATION('',(#1207),#1210);
#1207 = B_SPLINE_CURVE_WITH_KNOTS('',1,(#1208,#1209),.UNSPECIFIED.,.F.,
  .F.,(2,2),(-6.680979980008,-0.907477288112),.PIECEWISE_BEZIER_KNOTS.);
#1208 = CARTESIAN_POINT('',(13.625466352875,25.393059557021));
#1209 = CARTESIAN_POINT('',(7.851963660979,25.393059557021));
#1210 = ( GEOMETRIC_REPRESENTATION_CONTEXT(2) 
PARAMETRIC_REPRESENTATION_CONTEXT() REPRESENTATION_CONTEXT('2D SPACE',''
  ) );
#1211 = PCURVE('',#1212,#1217);
#1212 = PLANE('',#1213);
#1213 = AXIS2_PLACEMENT_3D('',#1214,#1215,#1216);
#1214 = CARTESIAN_POINT('',(25.393059557021,0.,6.8));
#1215 = DIRECTION('',(1.,0.,-1.7763568394E-16));
#1216 = DIRECTION('',(1.7763568394E-16,0.,1.));
#1217 = DEFINITIONAL_REPRESENTATION('',(#1218),#1221);
#1218 = B_SPLINE_CURVE_WITH_KNOTS('',1,(#1219,#1220),.UNSPECIFIED.,.F.,
  .F.,(2,2),(-6.680979980008,-0.907477288112),.PIECEWISE_BEZIER_KNOTS.);
#1219 = CARTESIAN_POINT('',(5.,-9.187266823562));
#1220 = CARTESIAN_POINT('',(1.623243340181E-16,-12.07401816951));
#1221 = ( GEOMETRIC_REPRESENTATION_CONTEXT(2) 
PARAMETRIC_REPRESENTATION_CONTEXT() REPRESENTATION_CONTEXT('2D SPACE',''
  ) );
#1222 = ORIENTED_EDGE('',*,*,#1223,.F.);
#1223 = EDGE_CURVE('',#1224,#1198,#1226,.T.);
#1224 = VERTEX_POINT('',#1225);
#1225 = CARTESIAN_POINT('',(21.831259086334,8.,13.856406460551));
#1226 = SURFACE_CURVE('',#1227,(#1231,#1237),.PCURVE_S1.);
#1227 = LINE('',#1228,#1229);
#1228 = CARTESIAN_POINT('',(18.687423465997,6.952054793221,
    15.67150080224));
#1229 = VECTOR('',#1230,1.);
#1230 = DIRECTION('',(0.832050294338,0.277350098113,-0.480384461415));
#1231 = PCURVE('',#32,#1232);
#1232 = DEFINITIONAL_REPRESENTATION('',(#1233),#1236);
#1233 = B_SPLINE_CURVE_WITH_KNOTS('',1,(#1234,#1235),.UNSPECIFIED.,.F.,
  .F.,(2,2),(3.778420176918,8.05917158693),.PIECEWISE_BEZIER_KNOTS.);
#1234 = CARTESIAN_POINT('',(16.,21.831259086334));
#1235 = CARTESIAN_POINT('',(13.625466352875,25.393059557021));
#1236 = ( GEOMETRIC_REPRESENTATION_CONTEXT(2) 
PARAMETRIC_REPRESENTATION_CONTEXT() REPRESENTATION_CONTEXT('2D SPACE',''
  ) );
#1237 = PCURVE('',#1238,#1243);
#1238 = PLANE('',#1239);
#1239 = AXIS2_PLACEMENT_3D('',#1240,#1241,#1242);
#1240 = CARTESIAN_POINT('',(25.393059557021,0.,11.8));
#1241 = DIRECTION('',(0.5,0.,0.866025403784));
#1242 = DIRECTION('',(-0.866025403784,0.,0.5));
#1243 = DEFINITIONAL_REPRESENTATION('',(#1244),#1247);
#1244 = B_SPLINE_CURVE_WITH_KNOTS('',1,(#1245,#1246),.UNSPECIFIED.,.F.,
  .F.,(2,2),(3.778420176918,8.05917158693),.PIECEWISE_BEZIER_KNOTS.);
#1245 = CARTESIAN_POINT('',(4.112812921102,-8.));
#1246 = CARTESIAN_POINT('',(-1.451961433523E-15,-9.187266823562));
#1247 = ( GEOMETRIC_REPRESENTATION_CONTEXT(2) 
PARAMETRIC_REPRESENTATION_CONTEXT() REPRESENTATION_CONTEXT('2D SPACE',''
  ) );
#1248 = ORIENTED_EDGE('',*,*,#1249,.T.);
#1249 = EDGE_CURVE('',#1224,#1250,#1252,.T.);
#1250 = VERTEX_POINT('',#1251);
#1251 = CARTESIAN_POINT('',(31.033320996791,8.,13.856406460551));
#1252 = SURFACE_CURVE('',#1253,(#1257,#1264),.PCURVE_S1.);
#1253 = LINE('',#1254,#1255);
#1254 = CARTESIAN_POINT('',(-60.,8.,13.856406460551));
#1255 = VECTOR('',#1256,1.);
#1256 = DIRECTION('',(1.,0.,0.));
#1257 = PCURVE('',#32,#1258);
#1258 = DEFINITIONAL_REPRESENTATION('',(#1259),#1263);
#1259 = LINE('',#1260,#1261);
#1260 = CARTESIAN_POINT('',(16.,-60.));
#1261 = VECTOR('',#1262,1.);
#1262 = DIRECTION('',(0.,1.));
#1263 = ( GEOMETRIC_REPRESENTATION_CONTEXT(2) 
PARAMETRIC_REPRESENTATION_CONTEXT() REPRESENTATION_CONTEXT('2D SPACE',''
  ) );
#1264 = PCURVE('',#1265,#1270);
#1265 = PLANE('',#1266);
#1266 = AXIS2_PLACEMENT_3D('',#1267,#1268,#1269);
#1267 = CARTESIAN_POINT('',(0.,8.,13.856406460551));
#1268 = DIRECTION('',(-0.,1.110223024625E-16,1.));
#1269 = DIRECTION('',(0.,-1.,1.110223024625E-16));
#1270 = DEFINITIONAL_REPRESENTATION('',(#1271),#1275);
#1271 = LINE('',#1272,#1273);
#1272 = CARTESIAN_POINT('',(0.,-60.));
#1273 = VECTOR('',#1274,1.);
#1274 = DIRECTION('',(0.,1.));
#1275 = ( GEOMETRIC_REPRESENTATION_CONTEXT(2) 
PARAMETRIC_REPRESENTATION_CONTEXT() REPRESENTATION_CONTEXT('2D SPACE',''
  ) );
#1276 = ORIENTED_EDGE('',*,*,#1277,.F.);
#1277 = EDGE_CURVE('',#1278,#1250,#1280,.T.);
#1278 = VERTEX_POINT('',#1279);
#1279 = CARTESIAN_POINT('',(27.471520526104,9.187266823562,11.8));
#1280 = SURFACE_CURVE('',#1281,(#1285,#1291),.PCURVE_S1.);
#1281 = LINE('',#1282,#1283);
#1282 = CARTESIAN_POINT('',(17.876399058625,12.385640646055,
    6.260254037844));
#1283 = VECTOR('',#1284,1.);
#1284 = DIRECTION('',(0.832050294338,-0.277350098113,0.480384461415));
#1285 = PCURVE('',#32,#1286);
#1286 = DEFINITIONAL_REPRESENTATION('',(#1287),#1290);
#1287 = B_SPLINE_CURVE_WITH_KNOTS('',1,(#1288,#1289),.UNSPECIFIED.,.F.,
  .F.,(2,2),(11.531900815099,15.812652225111),.PIECEWISE_BEZIER_KNOTS.);
#1288 = CARTESIAN_POINT('',(13.625466352875,27.471520526104));
#1289 = CARTESIAN_POINT('',(16.,31.033320996791));
#1290 = ( GEOMETRIC_REPRESENTATION_CONTEXT(2) 
PARAMETRIC_REPRESENTATION_CONTEXT() REPRESENTATION_CONTEXT('2D SPACE',''
  ) );
#1291 = PCURVE('',#1292,#1297);
#1292 = PLANE('',#1293);
#1293 = AXIS2_PLACEMENT_3D('',#1294,#1295,#1296);
#1294 = CARTESIAN_POINT('',(31.801647545026,0.,14.3));
#1295 = DIRECTION('',(-0.5,0.,0.866025403784));
#1296 = DIRECTION('',(-0.866025403784,0.,-0.5));
#1297 = DEFINITIONAL_REPRESENTATION('',(#1298),#1301);
#1298 = B_SPLINE_CURVE_WITH_KNOTS('',1,(#1299,#1300),.UNSPECIFIED.,.F.,
  .F.,(2,2),(11.531900815099,15.812652225111),.PIECEWISE_BEZIER_KNOTS.);
#1299 = CARTESIAN_POINT('',(5.,-9.187266823562));
#1300 = CARTESIAN_POINT('',(0.887187078898,-8.));
#1301 = ( GEOMETRIC_REPRESENTATION_CONTEXT(2) 
PARAMETRIC_REPRESENTATION_CONTEXT() REPRESENTATION_CONTEXT('2D SPACE',''
  ) );
#1302 = ORIENTED_EDGE('',*,*,#1303,.F.);
#1303 = EDGE_CURVE('',#1304,#1278,#1306,.T.);
#1304 = VERTEX_POINT('',#1305);
#1305 = CARTESIAN_POINT('',(27.471520526104,12.074018169511,6.8));
#1306 = SURFACE_CURVE('',#1307,(#1311,#1317),.PCURVE_S1.);
#1307 = LINE('',#1308,#1309);
#1308 = CARTESIAN_POINT('',(27.471520526104,11.445225058836,
    7.889101615138));
#1309 = VECTOR('',#1310,1.);
#1310 = DIRECTION('',(3.076740298214E-16,-0.5,0.866025403784));
#1311 = PCURVE('',#32,#1312);
#1312 = DEFINITIONAL_REPRESENTATION('',(#1313),#1316);
#1313 = B_SPLINE_CURVE_WITH_KNOTS('',1,(#1314,#1315),.UNSPECIFIED.,.F.,
  .F.,(2,2),(-1.257586221349,4.515916470547),.PIECEWISE_BEZIER_KNOTS.);
#1314 = CARTESIAN_POINT('',(7.851963660979,27.471520526104));
#1315 = CARTESIAN_POINT('',(13.625466352875,27.471520526104));
#1316 = ( GEOMETRIC_REPRESENTATION_CONTEXT(2) 
PARAMETRIC_REPRESENTATION_CONTEXT() REPRESENTATION_CONTEXT('2D SPACE',''
  ) );
#1317 = PCURVE('',#1318,#1323);
#1318 = PLANE('',#1319);
#1319 = AXIS2_PLACEMENT_3D('',#1320,#1321,#1322);
#1320 = CARTESIAN_POINT('',(27.471520526104,0.,11.8));
#1321 = DIRECTION('',(-1.,0.,3.552713678801E-16));
#1322 = DIRECTION('',(-3.552713678801E-16,0.,-1.));
#1323 = DEFINITIONAL_REPRESENTATION('',(#1324),#1327);
#1324 = B_SPLINE_CURVE_WITH_KNOTS('',1,(#1325,#1326),.UNSPECIFIED.,.F.,
  .F.,(2,2),(-1.257586221349,4.515916470547),.PIECEWISE_BEZIER_KNOTS.);
#1325 = CARTESIAN_POINT('',(5.,-12.07401816951));
#1326 = CARTESIAN_POINT('',(-8.786358805413E-16,-9.187266823562));
#1327 = ( GEOMETRIC_REPRESENTATION_CONTEXT(2) 
PARAMETRIC_REPRESENTATION_CONTEXT() REPRESENTATION_CONTEXT('2D SPACE',''
  ) );
#1328 = ORIENTED_EDGE('',*,*,#1329,.F.);
#1329 = EDGE_CURVE('',#1330,#1304,#1332,.T.);
#1330 = VERTEX_POINT('',#1331);
#1331 = CARTESIAN_POINT('',(31.801647545026,13.517393842485,4.3));
#1332 = SURFACE_CURVE('',#1333,(#1337,#1343),.PCURVE_S1.);
#1333 = LINE('',#1334,#1335);
#1334 = CARTESIAN_POINT('',(18.380983707735,9.043839230054,
    12.048423879163));
#1335 = VECTOR('',#1336,1.);
#1336 = DIRECTION('',(-0.832050294338,-0.277350098113,0.480384461415));
#1337 = PCURVE('',#32,#1338);
#1338 = DEFINITIONAL_REPRESENTATION('',(#1339),#1342);
#1339 = B_SPLINE_CURVE_WITH_KNOTS('',1,(#1340,#1341),.UNSPECIFIED.,.F.,
  .F.,(2,2),(-16.1296305387,-10.92546554004),.PIECEWISE_BEZIER_KNOTS.);
#1340 = CARTESIAN_POINT('',(4.965212315031,31.801647545026));
#1341 = CARTESIAN_POINT('',(7.851963660979,27.471520526104));
#1342 = ( GEOMETRIC_REPRESENTATION_CONTEXT(2) 
PARAMETRIC_REPRESENTATION_CONTEXT() REPRESENTATION_CONTEXT('2D SPACE',''
  ) );
#1343 = PCURVE('',#1344,#1349);
#1344 = PLANE('',#1345);
#1345 = AXIS2_PLACEMENT_3D('',#1346,#1347,#1348);
#1346 = CARTESIAN_POINT('',(27.471520526104,0.,6.8));
#1347 = DIRECTION('',(-0.5,-0.,-0.866025403784));
#1348 = DIRECTION('',(0.866025403784,0.,-0.5));
#1349 = DEFINITIONAL_REPRESENTATION('',(#1350),#1353);
#1350 = B_SPLINE_CURVE_WITH_KNOTS('',1,(#1351,#1352),.UNSPECIFIED.,.F.,
  .F.,(2,2),(-16.1296305387,-10.92546554004),.PIECEWISE_BEZIER_KNOTS.);
#1351 = CARTESIAN_POINT('',(5.,-13.51739384248));
#1352 = CARTESIAN_POINT('',(1.152671513331E-15,-12.07401816951));
#1353 = ( GEOMETRIC_REPRESENTATION_CONTEXT(2) 
PARAMETRIC_REPRESENTATION_CONTEXT() REPRESENTATION_CONTEXT('2D SPACE',''
  ) );
#1354 = ORIENTED_EDGE('',*,*,#1355,.F.);
#1355 = EDGE_CURVE('',#1356,#1330,#1358,.T.);
#1356 = VERTEX_POINT('',#1357);
#1357 = CARTESIAN_POINT('',(36.131774563948,12.074018169511,6.8));
#1358 = SURFACE_CURVE('',#1359,(#1363,#1369),.PCURVE_S1.);
#1359 = LINE('',#1360,#1361);
#1360 = CARTESIAN_POINT('',(21.207265996258,17.048854358741,
    -1.816669039079));
#1361 = VECTOR('',#1362,1.);
#1362 = DIRECTION('',(-0.832050294338,0.277350098113,-0.480384461415));
#1363 = PCURVE('',#32,#1364);
#1364 = DEFINITIONAL_REPRESENTATION('',(#1365),#1368);
#1365 = B_SPLINE_CURVE_WITH_KNOTS('',1,(#1366,#1367),.UNSPECIFIED.,.F.,
  .F.,(2,2),(-17.9370269673,-12.73286196863),.PIECEWISE_BEZIER_KNOTS.);
#1366 = CARTESIAN_POINT('',(7.851963660979,36.131774563948));
#1367 = CARTESIAN_POINT('',(4.965212315031,31.801647545026));
#1368 = ( GEOMETRIC_REPRESENTATION_CONTEXT(2) 
PARAMETRIC_REPRESENTATION_CONTEXT() REPRESENTATION_CONTEXT('2D SPACE',''
  ) );
#1369 = PCURVE('',#1370,#1375);
#1370 = PLANE('',#1371);
#1371 = AXIS2_PLACEMENT_3D('',#1372,#1373,#1374);
#1372 = CARTESIAN_POINT('',(31.801647545026,0.,4.3));
#1373 = DIRECTION('',(0.5,0.,-0.866025403784));
#1374 = DIRECTION('',(0.866025403784,0.,0.5));
#1375 = DEFINITIONAL_REPRESENTATION('',(#1376),#1379);
#1376 = B_SPLINE_CURVE_WITH_KNOTS('',1,(#1377,#1378),.UNSPECIFIED.,.F.,
  .F.,(2,2),(-17.9370269673,-12.73286196863),.PIECEWISE_BEZIER_KNOTS.);
#1377 = CARTESIAN_POINT('',(5.,-12.07401816951));
#1378 = CARTESIAN_POINT('',(1.356221919153E-15,-13.51739384248));
#1379 = ( GEOMETRIC_REPRESENTATION_CONTEXT(2) 
PARAMETRIC_REPRESENTATION_CONTEXT() REPRESENTATION_CONTEXT('2D SPACE',''
  ) );
#1380 = ORIENTED_EDGE('',*,*,#1381,.F.);
#1381 = EDGE_CURVE('',#1382,#1356,#1384,.T.);
#1382 = VERTEX_POINT('',#1383);
#1383 = CARTESIAN_POINT('',(36.131774563948,9.187266823562,11.8));
#1384 = SURFACE_CURVE('',#1385,(#1389,#1395),.PCURVE_S1.);
#1385 = LINE('',#1386,#1387);
#1386 = CARTESIAN_POINT('',(36.131774563948,12.527756813566,
    6.014101615138));
#1387 = VECTOR('',#1388,1.);
#1388 = DIRECTION('',(-1.538370149107E-16,0.5,-0.866025403784));
#1389 = PCURVE('',#32,#1390);
#1390 = DEFINITIONAL_REPRESENTATION('',(#1391),#1394);
#1391 = B_SPLINE_CURVE_WITH_KNOTS('',1,(#1392,#1393),.UNSPECIFIED.,.F.,
  .F.,(2,2),(-6.680979980008,-0.907477288112),.PIECEWISE_BEZIER_KNOTS.);
#1392 = CARTESIAN_POINT('',(13.625466352875,36.131774563948));
#1393 = CARTESIAN_POINT('',(7.851963660979,36.131774563948));
#1394 = ( GEOMETRIC_REPRESENTATION_CONTEXT(2) 
PARAMETRIC_REPRESENTATION_CONTEXT() REPRESENTATION_CONTEXT('2D SPACE',''
  ) );
#1395 = PCURVE('',#1396,#1401);
#1396 = PLANE('',#1397);
#1397 = AXIS2_PLACEMENT_3D('',#1398,#1399,#1400);
#1398 = CARTESIAN_POINT('',(36.131774563948,0.,6.8));
#1399 = DIRECTION('',(1.,0.,-1.7763568394E-16));
#1400 = DIRECTION('',(1.7763568394E-16,0.,1.));
#1401 = DEFINITIONAL_REPRESENTATION('',(#1402),#1405);
#1402 = B_SPLINE_CURVE_WITH_KNOTS('',1,(#1403,#1404),.UNSPECIFIED.,.F.,
  .F.,(2,2),(-6.680979980008,-0.907477288112),.PIECEWISE_BEZIER_KNOTS.);
#1403 = CARTESIAN_POINT('',(5.,-9.187266823562));
#1404 = CARTESIAN_POINT('',(-5.281714544778E-17,-12.07401816951));
#1405 = ( GEOMETRIC_REPRESENTATION_CONTEXT(2) 
PARAMETRIC_REPRESENTATION_CONTEXT() REPRESENTATION_CONTEXT('2D SPACE',''
  ) );
#1406 = ORIENTED_EDGE('',*,*,#1407,.F.);
#1407 = EDGE_CURVE('',#1408,#1382,#1410,.T.);
#1408 = VERTEX_POINT('',#1409);
#1409 = CARTESIAN_POINT('',(32.569974093261,8.,13.856406460551));
#1410 = SURFACE_CURVE('',#1411,(#1415,#1421),.PCURVE_S1.);
#1411 = LINE('',#1412,#1413);
#1412 = CARTESIAN_POINT('',(25.708890970526,5.712972292422,
    17.817654648394));
#1413 = VECTOR('',#1414,1.);
#1414 = DIRECTION('',(0.832050294338,0.277350098113,-0.480384461415));
#1415 = PCURVE('',#32,#1416);
#1416 = DEFINITIONAL_REPRESENTATION('',(#1417),#1420);
#1417 = B_SPLINE_CURVE_WITH_KNOTS('',1,(#1418,#1419),.UNSPECIFIED.,.F.,
  .F.,(2,2),(8.24599566808,12.526747078092),.PIECEWISE_BEZIER_KNOTS.);
#1418 = CARTESIAN_POINT('',(16.,32.569974093261));
#1419 = CARTESIAN_POINT('',(13.625466352875,36.131774563948));
#1420 = ( GEOMETRIC_REPRESENTATION_CONTEXT(2) 
PARAMETRIC_REPRESENTATION_CONTEXT() REPRESENTATION_CONTEXT('2D SPACE',''
  ) );
#1421 = PCURVE('',#1422,#1427);
#1422 = PLANE('',#1423);
#1423 = AXIS2_PLACEMENT_3D('',#1424,#1425,#1426);
#1424 = CARTESIAN_POINT('',(36.131774563948,0.,11.8));
#1425 = DIRECTION('',(0.5,0.,0.866025403784));
#1426 = DIRECTION('',(-0.866025403784,0.,0.5));
#1427 = DEFINITIONAL_REPRESENTATION('',(#1428),#1431);
#1428 = B_SPLINE_CURVE_WITH_KNOTS('',1,(#1429,#1430),.UNSPECIFIED.,.F.,
  .F.,(2,2),(8.24599566808,12.526747078092),.PIECEWISE_BEZIER_KNOTS.);
#1429 = CARTESIAN_POINT('',(4.112812921102,-8.));
#1430 = CARTESIAN_POINT('',(-1.460566082255E-15,-9.187266823562));
#1431 = ( GEOMETRIC_REPRESENTATION_CONTEXT(2) 
PARAMETRIC_REPRESENTATION_CONTEXT() REPRESENTATION_CONTEXT('2D SPACE',''
  ) );
#1432 = ORIENTED_EDGE('',*,*,#1433,.T.);
#1433 = EDGE_CURVE('',#1408,#1434,#1436,.T.);
#1434 = VERTEX_POINT('',#1435);
#1435 = CARTESIAN_POINT('',(60.,8.,13.856406460551));
#1436 = SURFACE_CURVE('',#1437,(#1441,#1448),.PCURVE_S1.);
#1437 = LINE('',#1438,#1439);
#1438 = CARTESIAN_POINT('',(-60.,8.,13.856406460551));
#1439 = VECTOR('',#1440,1.);
#1440 = DIRECTION('',(1.,0.,0.));
#1441 = PCURVE('',#32,#1442);
#1442 = DEFINITIONAL_REPRESENTATION('',(#1443),#1447);
#1443 = LINE('',#1444,#1445);
#1444 = CARTESIAN_POINT('',(16.,-60.));
#1445 = VECTOR('',#1446,1.);
#1446 = DIRECTION('',(0.,1.));
#1447 = ( GEOMETRIC_REPRESENTATION_CONTEXT(2) 
PARAMETRIC_REPRESENTATION_CONTEXT() REPRESENTATION_CONTEXT('2D SPACE',''
  ) );
#1448 = PCURVE('',#1449,#1454);
#1449 = PLANE('',#1450);
#1450 = AXIS2_PLACEMENT_3D('',#1451,#1452,#1453);
#1451 = CARTESIAN_POINT('',(0.,8.,13.856406460551));
#1452 = DIRECTION('',(-0.,1.110223024625E-16,1.));
#1453 = DIRECTION('',(0.,-1.,1.110223024625E-16));
#1454 = DEFINITIONAL_REPRESENTATION('',(#1455),#1459);
#1455 = LINE('',#1456,#1457);
#1456 = CARTESIAN_POINT('',(0.,-60.));
#1457 = VECTOR('',#1458,1.);
#1458 = DIRECTION('',(0.,1.));
#1459 = ( GEOMETRIC_REPRESENTATION_CONTEXT(2) 
PARAMETRIC_REPRESENTATION_CONTEXT() REPRESENTATION_CONTEXT('2D SPACE',''
  ) );
#1460 = ORIENTED_EDGE('',*,*,#1461,.F.);
#1461 = EDGE_CURVE('',#1462,#1434,#1464,.T.);
#1462 = VERTEX_POINT('',#1463);
#1463 = CARTESIAN_POINT('',(60.,9.418206931238,11.4));
#1464 = SURFACE_CURVE('',#1465,(#1469,#1476),.PCURVE_S1.);
#1465 = LINE('',#1466,#1467);
#1466 = CARTESIAN_POINT('',(60.,16.,0.));
#1467 = VECTOR('',#1468,1.);
#1468 = DIRECTION('',(0.,-0.5,0.866025403784));
#1469 = PCURVE('',#32,#1470);
#1470 = DEFINITIONAL_REPRESENTATION('',(#1471),#1475);
#1471 = LINE('',#1472,#1473);
#1472 = CARTESIAN_POINT('',(0.,60.));
#1473 = VECTOR('',#1474,1.);
#1474 = DIRECTION('',(1.,0.));
#1475 = ( GEOMETRIC_REPRESENTATION_CONTEXT(2) 
PARAMETRIC_REPRESENTATION_CONTEXT() REPRESENTATION_CONTEXT('2D SPACE',''
  ) );
#1476 = PCURVE('',#1477,#1482);
#1477 = PLANE('',#1478);
#1478 = AXIS2_PLACEMENT_3D('',#1479,#1480,#1481);
#1479 = CARTESIAN_POINT('',(60.,1.480297366167E-16,9.080106438912E-16));
#1480 = DIRECTION('',(1.,0.,0.));
#1481 = DIRECTION('',(0.,1.,0.));
#1482 = DEFINITIONAL_REPRESENTATION('',(#1483),#1487);
#1483 = LINE('',#1484,#1485);
#1484 = CARTESIAN_POINT('',(16.,-9.080106438912E-16));
#1485 = VECTOR('',#1486,1.);
#1486 = DIRECTION('',(-0.5,0.866025403784));
#1487 = ( GEOMETRIC_REPRESENTATION_CONTEXT(2) 
PARAMETRIC_REPRESENTATION_CONTEXT() REPRESENTATION_CONTEXT('2D SPACE',''
  ) );
#1488 = ORIENTED_EDGE('',*,*,#1489,.F.);
#1489 = EDGE_CURVE('',#1490,#1462,#1492,.T.);
#1490 = VERTEX_POINT('',#1491);
#1491 = CARTESIAN_POINT('',(48.6,16.,0.));
#1492 = SURFACE_CURVE('',#1493,(#1498,#1505),.PCURVE_S1.);
#1493 = ELLIPSE('',#1494,13.163586137523,11.4);
#1494 = AXIS2_PLACEMENT_3D('',#1495,#1496,#1497);
#1495 = CARTESIAN_POINT('',(60.,16.,-3.552713678801E-15));
#1496 = DIRECTION('',(-0.,0.866025403784,0.5));
#1497 = DIRECTION('',(0.,-0.5,0.866025403784));
#1498 = PCURVE('',#32,#1499);
#1499 = DEFINITIONAL_REPRESENTATION('',(#1500),#1504);
#1500 = ELLIPSE('',#1501,13.163586137523,11.4);
#1501 = AXIS2_PLACEMENT_2D('',#1502,#1503);
#1502 = CARTESIAN_POINT('',(-3.076740298214E-15,60.));
#1503 = DIRECTION('',(1.,0.));
#1504 = ( GEOMETRIC_REPRESENTATION_CONTEXT(2) 
PARAMETRIC_REPRESENTATION_CONTEXT() REPRESENTATION_CONTEXT('2D SPACE',''
  ) );
#1505 = PCURVE('',#1506,#1511);
#1506 = CYLINDRICAL_SURFACE('',#1507,11.4);
#1507 = AXIS2_PLACEMENT_3D('',#1508,#1509,#1510);
#1508 = CARTESIAN_POINT('',(60.,19.,-4.218847493576E-15));
#1509 = DIRECTION('',(0.,-1.,2.22044604925E-16));
#1510 = DIRECTION('',(1.,0.,0.));
#1511 = DEFINITIONAL_REPRESENTATION('',(#1512),#1529);
#1512 = B_SPLINE_CURVE_WITH_KNOTS('',8,(#1513,#1514,#1515,#1516,#1517,
    #1518,#1519,#1520,#1521,#1522,#1523,#1524,#1525,#1526,#1527,#1528),
  .UNSPECIFIED.,.F.,.F.,(9,7,9),(4.590540262156,6.222260948065,
    7.853981633974),.UNSPECIFIED.);
#1513 = CARTESIAN_POINT('',(3.263441371819,2.2));
#1514 = CARTESIAN_POINT('',(3.05947628608,3.532502515807));
#1515 = CARTESIAN_POINT('',(2.855511200339,4.903041388911));
#1516 = CARTESIAN_POINT('',(2.651546114607,6.227140815189));
#1517 = CARTESIAN_POINT('',(2.44758102885,7.416972292475));
#1518 = CARTESIAN_POINT('',(2.243615943129,8.392503233273));
#1519 = CARTESIAN_POINT('',(2.039650857384,9.093756104375));
#1520 = CARTESIAN_POINT('',(1.835685771648,9.487844087349));
#1521 = CARTESIAN_POINT('',(1.427755600171,9.651319454204));
#1522 = CARTESIAN_POINT('',(1.223790514431,9.420706889273));
#1523 = CARTESIAN_POINT('',(1.019825428696,8.872565798016));
#1524 = CARTESIAN_POINT('',(0.815860342948,8.029421855502));
#1525 = CARTESIAN_POINT('',(0.611895257219,6.942262843069));
#1526 = CARTESIAN_POINT('',(0.407930171476,5.684912395423));
#1527 = CARTESIAN_POINT('',(0.203965085739,4.342455987584));
#1528 = CARTESIAN_POINT('',(3.061616997868E-16,3.));
#1529 = ( GEOMETRIC_REPRESENTATION_CONTEXT(2) 
PARAMETRIC_REPRESENTATION_CONTEXT() REPRESENTATION_CONTEXT('2D SPACE',''
  ) );
#1530 = ORIENTED_EDGE('',*,*,#1531,.T.);
#1531 = EDGE_CURVE('',#1490,#1532,#1534,.T.);
#1532 = VERTEX_POINT('',#1533);
#1533 = CARTESIAN_POINT('',(41.501132067411,16.,0.));
#1534 = SURFACE_CURVE('',#1535,(#1539,#1546),.PCURVE_S1.);
#1535 = LINE('',#1536,#1537);
#1536 = CARTESIAN_POINT('',(60.,16.,0.));
#1537 = VECTOR('',#1538,1.);
#1538 = DIRECTION('',(-1.,0.,0.));
#1539 = PCURVE('',#32,#1540);
#1540 = DEFINITIONAL_REPRESENTATION('',(#1541),#1545);
#1541 = LINE('',#1542,#1543);
#1542 = CARTESIAN_POINT('',(0.,60.));
#1543 = VECTOR('',#1544,1.);
#1544 = DIRECTION('',(0.,-1.));
#1545 = ( GEOMETRIC_REPRESENTATION_CONTEXT(2) 
PARAMETRIC_REPRESENTATION_CONTEXT() REPRESENTATION_CONTEXT('2D SPACE',''
  ) );
#1546 = PCURVE('',#70,#1547);
#1547 = DEFINITIONAL_REPRESENTATION('',(#1548),#1552);
#1548 = LINE('',#1549,#1550);
#1549 = CARTESIAN_POINT('',(16.,60.));
#1550 = VECTOR('',#1551,1.);
#1551 = DIRECTION('',(0.,-1.));
#1552 = ( GEOMETRIC_REPRESENTATION_CONTEXT(2) 
PARAMETRIC_REPRESENTATION_CONTEXT() REPRESENTATION_CONTEXT('2D SPACE',''
  ) );
#1553 = ORIENTED_EDGE('',*,*,#1554,.F.);
#1554 = EDGE_CURVE('',#1555,#1532,#1557,.T.);
#1555 = VERTEX_POINT('',#1556);
#1556 = CARTESIAN_POINT('',(41.501132067411,14.556624327026,2.5));
#1557 = SURFACE_CURVE('',#1558,(#1562,#1568),.PCURVE_S1.);
#1558 = LINE('',#1559,#1560);
#1559 = CARTESIAN_POINT('',(41.501132067411,14.541265877365,
    2.526601615138));
#1560 = VECTOR('',#1561,1.);
#1561 = DIRECTION('',(-1.538370149107E-16,0.5,-0.866025403784));
#1562 = PCURVE('',#32,#1563);
#1563 = DEFINITIONAL_REPRESENTATION('',(#1564),#1567);
#1564 = B_SPLINE_CURVE_WITH_KNOTS('',1,(#1565,#1566),.UNSPECIFIED.,.F.,
  .F.,(2,2),(3.071689932132E-02,2.917468245269),
  .PIECEWISE_BEZIER_KNOTS.);
#1565 = CARTESIAN_POINT('',(2.886751345948,41.501132067411));
#1566 = CARTESIAN_POINT('',(0.,41.501132067411));
#1567 = ( GEOMETRIC_REPRESENTATION_CONTEXT(2) 
PARAMETRIC_REPRESENTATION_CONTEXT() REPRESENTATION_CONTEXT('2D SPACE',''
  ) );
#1568 = PCURVE('',#1569,#1574);
#1569 = PLANE('',#1570);
#1570 = AXIS2_PLACEMENT_3D('',#1571,#1572,#1573);
#1571 = CARTESIAN_POINT('',(41.501132067411,0.,-2.5));
#1572 = DIRECTION('',(1.,0.,-1.7763568394E-16));
#1573 = DIRECTION('',(1.7763568394E-16,0.,1.));
#1574 = DEFINITIONAL_REPRESENTATION('',(#1575),#1578);
#1575 = B_SPLINE_CURVE_WITH_KNOTS('',1,(#1576,#1577),.UNSPECIFIED.,.F.,
  .F.,(2,2),(3.071689932132E-02,2.917468245269),
  .PIECEWISE_BEZIER_KNOTS.);
#1576 = CARTESIAN_POINT('',(5.,-14.55662432702));
#1577 = CARTESIAN_POINT('',(2.5,-16.));
#1578 = ( GEOMETRIC_REPRESENTATION_CONTEXT(2) 
PARAMETRIC_REPRESENTATION_CONTEXT() REPRESENTATION_CONTEXT('2D SPACE',''
  ) );
#1579 = ORIENTED_EDGE('',*,*,#1580,.F.);
#1580 = EDGE_CURVE('',#1581,#1555,#1583,.T.);
#1581 = VERTEX_POINT('',#1582);
#1582 = CARTESIAN_POINT('',(37.171005048489,13.113248654052,5.));
#1583 = SURFACE_CURVE('',#1584,(#1588,#1594),.PCURVE_S1.);
#1584 = LINE('',#1585,#1586);
#1585 = CARTESIAN_POINT('',(26.121918470793,9.43021979482,
    11.379193109933));
#1586 = VECTOR('',#1587,1.);
#1587 = DIRECTION('',(0.832050294338,0.277350098113,-0.480384461415));
#1588 = PCURVE('',#32,#1589);
#1589 = DEFINITIONAL_REPRESENTATION('',(#1590),#1593);
#1590 = B_SPLINE_CURVE_WITH_KNOTS('',1,(#1591,#1592),.UNSPECIFIED.,.F.,
  .F.,(2,2),(13.279349400976,18.483514399641),.PIECEWISE_BEZIER_KNOTS.);
#1591 = CARTESIAN_POINT('',(5.773502691896,37.171005048489));
#1592 = CARTESIAN_POINT('',(2.886751345948,41.501132067411));
#1593 = ( GEOMETRIC_REPRESENTATION_CONTEXT(2) 
PARAMETRIC_REPRESENTATION_CONTEXT() REPRESENTATION_CONTEXT('2D SPACE',''
  ) );
#1594 = PCURVE('',#1595,#1600);
#1595 = PLANE('',#1596);
#1596 = AXIS2_PLACEMENT_3D('',#1597,#1598,#1599);
#1597 = CARTESIAN_POINT('',(41.501132067411,0.,2.5));
#1598 = DIRECTION('',(0.5,0.,0.866025403784));
#1599 = DIRECTION('',(-0.866025403784,0.,0.5));
#1600 = DEFINITIONAL_REPRESENTATION('',(#1601),#1604);
#1601 = B_SPLINE_CURVE_WITH_KNOTS('',1,(#1602,#1603),.UNSPECIFIED.,.F.,
  .F.,(2,2),(13.279349400976,18.483514399641),.PIECEWISE_BEZIER_KNOTS.);
#1602 = CARTESIAN_POINT('',(5.,-13.11324865405));
#1603 = CARTESIAN_POINT('',(-1.088985177504E-15,-14.55662432702));
#1604 = ( GEOMETRIC_REPRESENTATION_CONTEXT(2) 
PARAMETRIC_REPRESENTATION_CONTEXT() REPRESENTATION_CONTEXT('2D SPACE',''
  ) );
#1605 = ORIENTED_EDGE('',*,*,#1606,.F.);
#1606 = EDGE_CURVE('',#1607,#1581,#1609,.T.);
#1607 = VERTEX_POINT('',#1608);
#1608 = CARTESIAN_POINT('',(32.840878029567,14.556624327026,2.5));
#1609 = SURFACE_CURVE('',#1610,(#1614,#1620),.PCURVE_S1.);
#1610 = LINE('',#1611,#1612);
#1611 = CARTESIAN_POINT('',(24.484839062888,17.341970649252,
    -2.324361346771));
#1612 = VECTOR('',#1613,1.);
#1613 = DIRECTION('',(0.832050294338,-0.277350098113,0.480384461415));
#1614 = PCURVE('',#32,#1615);
#1615 = DEFINITIONAL_REPRESENTATION('',(#1616),#1619);
#1616 = B_SPLINE_CURVE_WITH_KNOTS('',1,(#1617,#1618),.UNSPECIFIED.,.F.,
  .F.,(2,2),(10.042708984712,15.246873983377),.PIECEWISE_BEZIER_KNOTS.);
#1617 = CARTESIAN_POINT('',(2.886751345948,32.840878029567));
#1618 = CARTESIAN_POINT('',(5.773502691896,37.171005048489));
#1619 = ( GEOMETRIC_REPRESENTATION_CONTEXT(2) 
PARAMETRIC_REPRESENTATION_CONTEXT() REPRESENTATION_CONTEXT('2D SPACE',''
  ) );
#1620 = PCURVE('',#1621,#1626);
#1621 = PLANE('',#1622);
#1622 = AXIS2_PLACEMENT_3D('',#1623,#1624,#1625);
#1623 = CARTESIAN_POINT('',(37.171005048489,0.,5.));
#1624 = DIRECTION('',(-0.5,0.,0.866025403784));
#1625 = DIRECTION('',(-0.866025403784,0.,-0.5));
#1626 = DEFINITIONAL_REPRESENTATION('',(#1627),#1630);
#1627 = B_SPLINE_CURVE_WITH_KNOTS('',1,(#1628,#1629),.UNSPECIFIED.,.F.,
  .F.,(2,2),(10.042708984712,15.246873983377),.PIECEWISE_BEZIER_KNOTS.);
#1628 = CARTESIAN_POINT('',(5.,-14.55662432702));
#1629 = CARTESIAN_POINT('',(-4.339599699425E-16,-13.11324865405));
#1630 = ( GEOMETRIC_REPRESENTATION_CONTEXT(2) 
PARAMETRIC_REPRESENTATION_CONTEXT() REPRESENTATION_CONTEXT('2D SPACE',''
  ) );
#1631 = ORIENTED_EDGE('',*,*,#1632,.F.);
#1632 = EDGE_CURVE('',#1633,#1607,#1635,.T.);
#1633 = VERTEX_POINT('',#1634);
#1634 = CARTESIAN_POINT('',(32.840878029567,16.,0.));
#1635 = SURFACE_CURVE('',#1636,(#1640,#1646),.PCURVE_S1.);
#1636 = LINE('',#1637,#1638);
#1637 = CARTESIAN_POINT('',(32.840878029567,13.458734122635,
    4.401601615138));
#1638 = VECTOR('',#1639,1.);
#1639 = DIRECTION('',(3.076740298214E-16,-0.5,0.866025403784));
#1640 = PCURVE('',#32,#1641);
#1641 = DEFINITIONAL_REPRESENTATION('',(#1642),#1645);
#1642 = B_SPLINE_CURVE_WITH_KNOTS('',1,(#1643,#1644),.UNSPECIFIED.,.F.,
  .F.,(2,2),(-5.082531754731,-2.195780408782),.PIECEWISE_BEZIER_KNOTS.);
#1643 = CARTESIAN_POINT('',(0.,32.840878029567));
#1644 = CARTESIAN_POINT('',(2.886751345948,32.840878029567));
#1645 = ( GEOMETRIC_REPRESENTATION_CONTEXT(2) 
PARAMETRIC_REPRESENTATION_CONTEXT() REPRESENTATION_CONTEXT('2D SPACE',''
  ) );
#1646 = PCURVE('',#1647,#1652);
#1647 = PLANE('',#1648);
#1648 = AXIS2_PLACEMENT_3D('',#1649,#1650,#1651);
#1649 = CARTESIAN_POINT('',(32.840878029567,0.,2.5));
#1650 = DIRECTION('',(-1.,0.,3.552713678801E-16));
#1651 = DIRECTION('',(-3.552713678801E-16,0.,-1.));
#1652 = DEFINITIONAL_REPRESENTATION('',(#1653),#1656);
#1653 = B_SPLINE_CURVE_WITH_KNOTS('',1,(#1654,#1655),.UNSPECIFIED.,.F.,
  .F.,(2,2),(-5.082531754731,-2.195780408782),.PIECEWISE_BEZIER_KNOTS.);
#1654 = CARTESIAN_POINT('',(2.5,-16.));
#1655 = CARTESIAN_POINT('',(7.06129018654E-16,-14.55662432702));
#1656 = ( GEOMETRIC_REPRESENTATION_CONTEXT(2) 
PARAMETRIC_REPRESENTATION_CONTEXT() REPRESENTATION_CONTEXT('2D SPACE',''
  ) );
#1657 = ORIENTED_EDGE('',*,*,#1658,.T.);
#1658 = EDGE_CURVE('',#1633,#1659,#1661,.T.);
#1659 = VERTEX_POINT('',#1660);
#1660 = CARTESIAN_POINT('',(30.762417060484,16.,0.));
#1661 = SURFACE_CURVE('',#1662,(#1666,#1673),.PCURVE_S1.);
#1662 = LINE('',#1663,#1664);
#1663 = CARTESIAN_POINT('',(60.,16.,0.));
#1664 = VECTOR('',#1665,1.);
#1665 = DIRECTION('',(-1.,0.,0.));
#1666 = PCURVE('',#32,#1667);
#1667 = DEFINITIONAL_REPRESENTATION('',(#1668),#1672);
#1668 = LINE('',#1669,#1670);
#1669 = CARTESIAN_POINT('',(0.,60.));
#1670 = VECTOR('',#1671,1.);
#1671 = DIRECTION('',(0.,-1.));
#1672 = ( GEOMETRIC_REPRESENTATION_CONTEXT(2) 
PARAMETRIC_REPRESENTATION_CONTEXT() REPRESENTATION_CONTEXT('2D SPACE',''
  ) );
#1673 = PCURVE('',#70,#1674);
#1674 = DEFINITIONAL_REPRESENTATION('',(#1675),#1679);
#1675 = LINE('',#1676,#1677);
#1676 = CARTESIAN_POINT('',(16.,60.));
#1677 = VECTOR('',#1678,1.);
#1678 = DIRECTION('',(0.,-1.));
#1679 = ( GEOMETRIC_REPRESENTATION_CONTEXT(2) 
PARAMETRIC_REPRESENTATION_CONTEXT() REPRESENTATION_CONTEXT('2D SPACE',''
  ) );
#1680 = ORIENTED_EDGE('',*,*,#1681,.F.);
#1681 = EDGE_CURVE('',#1682,#1659,#1684,.T.);
#1682 = VERTEX_POINT('',#1683);
#1683 = CARTESIAN_POINT('',(30.762417060484,14.556624327026,2.5));
#1684 = SURFACE_CURVE('',#1685,(#1689,#1695),.PCURVE_S1.);
#1685 = LINE('',#1686,#1687);
#1686 = CARTESIAN_POINT('',(30.762417060484,14.541265877365,
    2.526601615138));
#1687 = VECTOR('',#1688,1.);
#1688 = DIRECTION('',(-1.538370149107E-16,0.5,-0.866025403784));
#1689 = PCURVE('',#32,#1690);
#1690 = DEFINITIONAL_REPRESENTATION('',(#1691),#1694);
#1691 = B_SPLINE_CURVE_WITH_KNOTS('',1,(#1692,#1693),.UNSPECIFIED.,.F.,
  .F.,(2,2),(3.071689932132E-02,2.917468245269),
  .PIECEWISE_BEZIER_KNOTS.);
#1692 = CARTESIAN_POINT('',(2.886751345948,30.762417060484));
#1693 = CARTESIAN_POINT('',(0.,30.762417060484));
#1694 = ( GEOMETRIC_REPRESENTATION_CONTEXT(2) 
PARAMETRIC_REPRESENTATION_CONTEXT() REPRESENTATION_CONTEXT('2D SPACE',''
  ) );
#1695 = PCURVE('',#1696,#1701);
#1696 = PLANE('',#1697);
#1697 = AXIS2_PLACEMENT_3D('',#1698,#1699,#1700);
#1698 = CARTESIAN_POINT('',(30.762417060484,0.,-2.5));
#1699 = DIRECTION('',(1.,0.,-1.7763568394E-16));
#1700 = DIRECTION('',(1.7763568394E-16,0.,1.));
#1701 = DEFINITIONAL_REPRESENTATION('',(#1702),#1705);
#1702 = B_SPLINE_CURVE_WITH_KNOTS('',1,(#1703,#1704),.UNSPECIFIED.,.F.,
  .F.,(2,2),(3.071689932132E-02,2.917468245269),
  .PIECEWISE_BEZIER_KNOTS.);
#1703 = CARTESIAN_POINT('',(5.,-14.55662432702));
#1704 = CARTESIAN_POINT('',(2.5,-16.));
#1705 = ( GEOMETRIC_REPRESENTATION_CONTEXT(2) 
PARAMETRIC_REPRESENTATION_CONTEXT() REPRESENTATION_CONTEXT('2D SPACE',''
  ) );
#1706 = ORIENTED_EDGE('',*,*,#1707,.F.);
#1707 = EDGE_CURVE('',#1708,#1682,#1710,.T.);
#1708 = VERTEX_POINT('',#1709);
#1709 = CARTESIAN_POINT('',(26.432290041562,13.113248654052,5.));
#1710 = SURFACE_CURVE('',#1711,(#1715,#1721),.PCURVE_S1.);
#1711 = LINE('',#1712,#1713);
#1712 = CARTESIAN_POINT('',(19.100450966263,10.669302295619,
    9.233039263779));
#1713 = VECTOR('',#1714,1.);
#1714 = DIRECTION('',(0.832050294338,0.277350098113,-0.480384461415));
#1715 = PCURVE('',#32,#1716);
#1716 = DEFINITIONAL_REPRESENTATION('',(#1717),#1720);
#1717 = B_SPLINE_CURVE_WITH_KNOTS('',1,(#1718,#1719),.UNSPECIFIED.,.F.,
  .F.,(2,2),(8.811773909814,14.015938908479),.PIECEWISE_BEZIER_KNOTS.);
#1718 = CARTESIAN_POINT('',(5.773502691896,26.432290041562));
#1719 = CARTESIAN_POINT('',(2.886751345948,30.762417060484));
#1720 = ( GEOMETRIC_REPRESENTATION_CONTEXT(2) 
PARAMETRIC_REPRESENTATION_CONTEXT() REPRESENTATION_CONTEXT('2D SPACE',''
  ) );
#1721 = PCURVE('',#1722,#1727);
#1722 = PLANE('',#1723);
#1723 = AXIS2_PLACEMENT_3D('',#1724,#1725,#1726);
#1724 = CARTESIAN_POINT('',(30.762417060484,0.,2.5));
#1725 = DIRECTION('',(0.5,0.,0.866025403784));
#1726 = DIRECTION('',(-0.866025403784,0.,0.5));
#1727 = DEFINITIONAL_REPRESENTATION('',(#1728),#1731);
#1728 = B_SPLINE_CURVE_WITH_KNOTS('',1,(#1729,#1730),.UNSPECIFIED.,.F.,
  .F.,(2,2),(8.811773909814,14.015938908479),.PIECEWISE_BEZIER_KNOTS.);
#1729 = CARTESIAN_POINT('',(5.,-13.11324865405));
#1730 = CARTESIAN_POINT('',(-5.28253245786E-17,-14.55662432702));
#1731 = ( GEOMETRIC_REPRESENTATION_CONTEXT(2) 
PARAMETRIC_REPRESENTATION_CONTEXT() REPRESENTATION_CONTEXT('2D SPACE',''
  ) );
#1732 = ORIENTED_EDGE('',*,*,#1733,.F.);
#1733 = EDGE_CURVE('',#1734,#1708,#1736,.T.);
#1734 = VERTEX_POINT('',#1735);
#1735 = CARTESIAN_POINT('',(22.10216302264,14.556624327026,2.5));
#1736 = SURFACE_CURVE('',#1737,(#1741,#1747),.PCURVE_S1.);
#1737 = LINE('',#1738,#1739);
#1738 = CARTESIAN_POINT('',(17.463371558359,16.102888148453,
    -0.178207500617));
#1739 = VECTOR('',#1740,1.);
#1740 = DIRECTION('',(0.832050294338,-0.277350098113,0.480384461415));
#1741 = PCURVE('',#32,#1742);
#1742 = DEFINITIONAL_REPRESENTATION('',(#1743),#1746);
#1743 = B_SPLINE_CURVE_WITH_KNOTS('',1,(#1744,#1745),.UNSPECIFIED.,.F.,
  .F.,(2,2),(5.57513349355,10.779298492215),.PIECEWISE_BEZIER_KNOTS.);
#1744 = CARTESIAN_POINT('',(2.886751345948,22.10216302264));
#1745 = CARTESIAN_POINT('',(5.773502691896,26.432290041562));
#1746 = ( GEOMETRIC_REPRESENTATION_CONTEXT(2) 
PARAMETRIC_REPRESENTATION_CONTEXT() REPRESENTATION_CONTEXT('2D SPACE',''
  ) );
#1747 = PCURVE('',#1748,#1753);
#1748 = PLANE('',#1749);
#1749 = AXIS2_PLACEMENT_3D('',#1750,#1751,#1752);
#1750 = CARTESIAN_POINT('',(26.432290041562,0.,5.));
#1751 = DIRECTION('',(-0.5,0.,0.866025403784));
#1752 = DIRECTION('',(-0.866025403784,0.,-0.5));
#1753 = DEFINITIONAL_REPRESENTATION('',(#1754),#1757);
#1754 = B_SPLINE_CURVE_WITH_KNOTS('',1,(#1755,#1756),.UNSPECIFIED.,.F.,
  .F.,(2,2),(5.57513349355,10.779298492215),.PIECEWISE_BEZIER_KNOTS.);
#1755 = CARTESIAN_POINT('',(5.,-14.55662432702));
#1756 = CARTESIAN_POINT('',(4.628230984889E-16,-13.11324865405));
#1757 = ( GEOMETRIC_REPRESENTATION_CONTEXT(2) 
PARAMETRIC_REPRESENTATION_CONTEXT() REPRESENTATION_CONTEXT('2D SPACE',''
  ) );
#1758 = ORIENTED_EDGE('',*,*,#1759,.F.);
#1759 = EDGE_CURVE('',#1760,#1734,#1762,.T.);
#1760 = VERTEX_POINT('',#1761);
#1761 = CARTESIAN_POINT('',(22.10216302264,16.,0.));
#1762 = SURFACE_CURVE('',#1763,(#1767,#1773),.PCURVE_S1.);
#1763 = LINE('',#1764,#1765);
#1764 = CARTESIAN_POINT('',(22.10216302264,13.458734122635,
    4.401601615138));
#1765 = VECTOR('',#1766,1.);
#1766 = DIRECTION('',(3.076740298214E-16,-0.5,0.866025403784));
#1767 = PCURVE('',#32,#1768);
#1768 = DEFINITIONAL_REPRESENTATION('',(#1769),#1772);
#1769 = B_SPLINE_CURVE_WITH_KNOTS('',1,(#1770,#1771),.UNSPECIFIED.,.F.,
  .F.,(2,2),(-5.082531754731,-2.195780408782),.PIECEWISE_BEZIER_KNOTS.);
#1770 = CARTESIAN_POINT('',(0.,22.10216302264));
#1771 = CARTESIAN_POINT('',(2.886751345948,22.10216302264));
#1772 = ( GEOMETRIC_REPRESENTATION_CONTEXT(2) 
PARAMETRIC_REPRESENTATION_CONTEXT() REPRESENTATION_CONTEXT('2D SPACE',''
  ) );
#1773 = PCURVE('',#1774,#1779);
#1774 = PLANE('',#1775);
#1775 = AXIS2_PLACEMENT_3D('',#1776,#1777,#1778);
#1776 = CARTESIAN_POINT('',(22.10216302264,0.,2.5));
#1777 = DIRECTION('',(-1.,0.,3.552713678801E-16));
#1778 = DIRECTION('',(-3.552713678801E-16,0.,-1.));
#1779 = DEFINITIONAL_REPRESENTATION('',(#1780),#1783);
#1780 = B_SPLINE_CURVE_WITH_KNOTS('',1,(#1781,#1782),.UNSPECIFIED.,.F.,
  .F.,(2,2),(-5.082531754731,-2.195780408782),.PIECEWISE_BEZIER_KNOTS.);
#1781 = CARTESIAN_POINT('',(2.5,-16.));
#1782 = CARTESIAN_POINT('',(8.354979108392E-17,-14.55662432702));
#1783 = ( GEOMETRIC_REPRESENTATION_CONTEXT(2) 
PARAMETRIC_REPRESENTATION_CONTEXT() REPRESENTATION_CONTEXT('2D SPACE',''
  ) );
#1784 = ORIENTED_EDGE('',*,*,#1785,.T.);
#1785 = EDGE_CURVE('',#1760,#1786,#1788,.T.);
#1786 = VERTEX_POINT('',#1787);
#1787 = CARTESIAN_POINT('',(20.023702053557,16.,0.));
#1788 = SURFACE_CURVE('',#1789,(#1793,#1800),.PCURVE_S1.);
#1789 = LINE('',#1790,#1791);
#1790 = CARTESIAN_POINT('',(60.,16.,0.));
#1791 = VECTOR('',#1792,1.);
#1792 = DIRECTION('',(-1.,0.,0.));
#1793 = PCURVE('',#32,#1794);
#1794 = DEFINITIONAL_REPRESENTATION('',(#1795),#1799);
#1795 = LINE('',#1796,#1797);
#1796 = CARTESIAN_POINT('',(0.,60.));
#1797 = VECTOR('',#1798,1.);
#1798 = DIRECTION('',(0.,-1.));
#1799 = ( GEOMETRIC_REPRESENTATION_CONTEXT(2) 
PARAMETRIC_REPRESENTATION_CONTEXT() REPRESENTATION_CONTEXT('2D SPACE',''
  ) );
#1800 = PCURVE('',#70,#1801);
#1801 = DEFINITIONAL_REPRESENTATION('',(#1802),#1806);
#1802 = LINE('',#1803,#1804);
#1803 = CARTESIAN_POINT('',(16.,60.));
#1804 = VECTOR('',#1805,1.);
#1805 = DIRECTION('',(0.,-1.));
#1806 = ( GEOMETRIC_REPRESENTATION_CONTEXT(2) 
PARAMETRIC_REPRESENTATION_CONTEXT() REPRESENTATION_CONTEXT('2D SPACE',''
  ) );
#1807 = ORIENTED_EDGE('',*,*,#1808,.F.);
#1808 = EDGE_CURVE('',#1809,#1786,#1811,.T.);
#1809 = VERTEX_POINT('',#1810);
#1810 = CARTESIAN_POINT('',(20.023702053557,14.556624327026,2.5));
#1811 = SURFACE_CURVE('',#1812,(#1816,#1822),.PCURVE_S1.);
#1812 = LINE('',#1813,#1814);
#1813 = CARTESIAN_POINT('',(20.023702053557,14.541265877365,
    2.526601615138));
#1814 = VECTOR('',#1815,1.);
#1815 = DIRECTION('',(-1.538370149107E-16,0.5,-0.866025403784));
#1816 = PCURVE('',#32,#1817);
#1817 = DEFINITIONAL_REPRESENTATION('',(#1818),#1821);
#1818 = B_SPLINE_CURVE_WITH_KNOTS('',1,(#1819,#1820),.UNSPECIFIED.,.F.,
  .F.,(2,2),(3.071689932132E-02,2.917468245269),
  .PIECEWISE_BEZIER_KNOTS.);
#1819 = CARTESIAN_POINT('',(2.886751345948,20.023702053557));
#1820 = CARTESIAN_POINT('',(0.,20.023702053557));
#1821 = ( GEOMETRIC_REPRESENTATION_CONTEXT(2) 
PARAMETRIC_REPRESENTATION_CONTEXT() REPRESENTATION_CONTEXT('2D SPACE',''
  ) );
#1822 = PCURVE('',#1823,#1828);
#1823 = PLANE('',#1824);
#1824 = AXIS2_PLACEMENT_3D('',#1825,#1826,#1827);
#1825 = CARTESIAN_POINT('',(20.023702053557,0.,-2.5));
#1826 = DIRECTION('',(1.,0.,-1.7763568394E-16));
#1827 = DIRECTION('',(1.7763568394E-16,0.,1.));
#1828 = DEFINITIONAL_REPRESENTATION('',(#1829),#1832);
#1829 = B_SPLINE_CURVE_WITH_KNOTS('',1,(#1830,#1831),.UNSPECIFIED.,.F.,
  .F.,(2,2),(3.071689932132E-02,2.917468245269),
  .PIECEWISE_BEZIER_KNOTS.);
#1830 = CARTESIAN_POINT('',(5.,-14.55662432702));
#1831 = CARTESIAN_POINT('',(2.5,-16.));
#1832 = ( GEOMETRIC_REPRESENTATION_CONTEXT(2) 
PARAMETRIC_REPRESENTATION_CONTEXT() REPRESENTATION_CONTEXT('2D SPACE',''
  ) );
#1833 = ORIENTED_EDGE('',*,*,#1834,.F.);
#1834 = EDGE_CURVE('',#1835,#1809,#1837,.T.);
#1835 = VERTEX_POINT('',#1836);
#1836 = CARTESIAN_POINT('',(15.693575034635,13.113248654052,5.));
#1837 = SURFACE_CURVE('',#1838,(#1842,#1848),.PCURVE_S1.);
#1838 = LINE('',#1839,#1840);
#1839 = CARTESIAN_POINT('',(12.078983461734,11.908384796418,
    7.086885417625));
#1840 = VECTOR('',#1841,1.);
#1841 = DIRECTION('',(0.832050294338,0.277350098113,-0.480384461415));
#1842 = PCURVE('',#32,#1843);
#1843 = DEFINITIONAL_REPRESENTATION('',(#1844),#1847);
#1844 = B_SPLINE_CURVE_WITH_KNOTS('',1,(#1845,#1846),.UNSPECIFIED.,.F.,
  .F.,(2,2),(4.344198418652,9.548363417317),.PIECEWISE_BEZIER_KNOTS.);
#1845 = CARTESIAN_POINT('',(5.773502691896,15.693575034635));
#1846 = CARTESIAN_POINT('',(2.886751345948,20.023702053557));
#1847 = ( GEOMETRIC_REPRESENTATION_CONTEXT(2) 
PARAMETRIC_REPRESENTATION_CONTEXT() REPRESENTATION_CONTEXT('2D SPACE',''
  ) );
#1848 = PCURVE('',#1849,#1854);
#1849 = PLANE('',#1850);
#1850 = AXIS2_PLACEMENT_3D('',#1851,#1852,#1853);
#1851 = CARTESIAN_POINT('',(20.023702053557,0.,2.5));
#1852 = DIRECTION('',(0.5,0.,0.866025403784));
#1853 = DIRECTION('',(-0.866025403784,0.,0.5));
#1854 = DEFINITIONAL_REPRESENTATION('',(#1855),#1858);
#1855 = B_SPLINE_CURVE_WITH_KNOTS('',1,(#1856,#1857),.UNSPECIFIED.,.F.,
  .F.,(2,2),(4.344198418652,9.548363417317),.PIECEWISE_BEZIER_KNOTS.);
#1856 = CARTESIAN_POINT('',(5.,-13.11324865405));
#1857 = CARTESIAN_POINT('',(-7.930223110534E-16,-14.55662432702));
#1858 = ( GEOMETRIC_REPRESENTATION_CONTEXT(2) 
PARAMETRIC_REPRESENTATION_CONTEXT() REPRESENTATION_CONTEXT('2D SPACE',''
  ) );
#1859 = ORIENTED_EDGE('',*,*,#1860,.F.);
#1860 = EDGE_CURVE('',#1861,#1835,#1863,.T.);
#1861 = VERTEX_POINT('',#1862);
#1862 = CARTESIAN_POINT('',(11.363448015713,14.556624327026,2.5));
#1863 = SURFACE_CURVE('',#1864,(#1868,#1874),.PCURVE_S1.);
#1864 = LINE('',#1865,#1866);
#1865 = CARTESIAN_POINT('',(10.44190405383,14.863805647654,
    1.967946345537));
#1866 = VECTOR('',#1867,1.);
#1867 = DIRECTION('',(0.832050294338,-0.277350098113,0.480384461415));
#1868 = PCURVE('',#32,#1869);
#1869 = DEFINITIONAL_REPRESENTATION('',(#1870),#1873);
#1870 = B_SPLINE_CURVE_WITH_KNOTS('',1,(#1871,#1872),.UNSPECIFIED.,.F.,
  .F.,(2,2),(1.107558002388,6.311723001053),.PIECEWISE_BEZIER_KNOTS.);
#1871 = CARTESIAN_POINT('',(2.886751345948,11.363448015713));
#1872 = CARTESIAN_POINT('',(5.773502691896,15.693575034635));
#1873 = ( GEOMETRIC_REPRESENTATION_CONTEXT(2) 
PARAMETRIC_REPRESENTATION_CONTEXT() REPRESENTATION_CONTEXT('2D SPACE',''
  ) );
#1874 = PCURVE('',#1875,#1880);
#1875 = PLANE('',#1876);
#1876 = AXIS2_PLACEMENT_3D('',#1877,#1878,#1879);
#1877 = CARTESIAN_POINT('',(15.693575034635,0.,5.));
#1878 = DIRECTION('',(-0.5,0.,0.866025403784));
#1879 = DIRECTION('',(-0.866025403784,0.,-0.5));
#1880 = DEFINITIONAL_REPRESENTATION('',(#1881),#1884);
#1881 = B_SPLINE_CURVE_WITH_KNOTS('',1,(#1882,#1883),.UNSPECIFIED.,.F.,
  .F.,(2,2),(1.107558002388,6.311723001053),.PIECEWISE_BEZIER_KNOTS.);
#1882 = CARTESIAN_POINT('',(5.,-14.55662432702));
#1883 = CARTESIAN_POINT('',(-4.1675067248E-16,-13.11324865405));
#1884 = ( GEOMETRIC_REPRESENTATION_CONTEXT(2) 
PARAMETRIC_REPRESENTATION_CONTEXT() REPRESENTATION_CONTEXT('2D SPACE',''
  ) );
#1885 = ORIENTED_EDGE('',*,*,#1886,.F.);
#1886 = EDGE_CURVE('',#1887,#1861,#1889,.T.);
#1887 = VERTEX_POINT('',#1888);
#1888 = CARTESIAN_POINT('',(11.363448015713,16.,0.));
#1889 = SURFACE_CURVE('',#1890,(#1894,#1900),.PCURVE_S1.);
#1890 = LINE('',#1891,#1892);
#1891 = CARTESIAN_POINT('',(11.363448015713,13.458734122635,
    4.401601615138));
#1892 = VECTOR('',#1893,1.);
#1893 = DIRECTION('',(3.076740298214E-16,-0.5,0.866025403784));
#1894 = PCURVE('',#32,#1895);
#1895 = DEFINITIONAL_REPRESENTATION('',(#1896),#1899);
#1896 = B_SPLINE_CURVE_WITH_KNOTS('',1,(#1897,#1898),.UNSPECIFIED.,.F.,
  .F.,(2,2),(-5.082531754731,-2.195780408782),.PIECEWISE_BEZIER_KNOTS.);
#1897 = CARTESIAN_POINT('',(0.,11.363448015713));
#1898 = CARTESIAN_POINT('',(2.886751345948,11.363448015713));
#1899 = ( GEOMETRIC_REPRESENTATION_CONTEXT(2) 
PARAMETRIC_REPRESENTATION_CONTEXT() REPRESENTATION_CONTEXT('2D SPACE',''
  ) );
#1900 = PCURVE('',#1901,#1906);
#1901 = PLANE('',#1902);
#1902 = AXIS2_PLACEMENT_3D('',#1903,#1904,#1905);
#1903 = CARTESIAN_POINT('',(11.363448015713,0.,2.5));
#1904 = DIRECTION('',(-1.,0.,3.552713678801E-16));
#1905 = DIRECTION('',(-3.552713678801E-16,0.,-1.));
#1906 = DEFINITIONAL_REPRESENTATION('',(#1907),#1910);
#1907 = B_SPLINE_CURVE_WITH_KNOTS('',1,(#1908,#1909),.UNSPECIFIED.,.F.,
  .F.,(2,2),(-5.082531754731,-2.195780408782),.PIECEWISE_BEZIER_KNOTS.);
#1908 = CARTESIAN_POINT('',(2.5,-16.));
#1909 = CARTESIAN_POINT('',(-8.046286286162E-16,-14.55662432702));
#1910 = ( GEOMETRIC_REPRESENTATION_CONTEXT(2) 
PARAMETRIC_REPRESENTATION_CONTEXT() REPRESENTATION_CONTEXT('2D SPACE',''
  ) );
#1911 = ORIENTED_EDGE('',*,*,#1912,.T.);
#1912 = EDGE_CURVE('',#1887,#1913,#1915,.T.);
#1913 = VERTEX_POINT('',#1914);
#1914 = CARTESIAN_POINT('',(9.28498704663,16.,0.));
#1915 = SURFACE_CURVE('',#1916,(#1920,#1927),.PCURVE_S1.);
#1916 = LINE('',#1917,#1918);
#1917 = CARTESIAN_POINT('',(60.,16.,0.));
#1918 = VECTOR('',#1919,1.);
#1919 = DIRECTION('',(-1.,0.,0.));
#1920 = PCURVE('',#32,#1921);
#1921 = DEFINITIONAL_REPRESENTATION('',(#1922),#1926);
#1922 = LINE('',#1923,#1924);
#1923 = CARTESIAN_POINT('',(0.,60.));
#1924 = VECTOR('',#1925,1.);
#1925 = DIRECTION('',(0.,-1.));
#1926 = ( GEOMETRIC_REPRESENTATION_CONTEXT(2) 
PARAMETRIC_REPRESENTATION_CONTEXT() REPRESENTATION_CONTEXT('2D SPACE',''
  ) );
#1927 = PCURVE('',#70,#1928);
#1928 = DEFINITIONAL_REPRESENTATION('',(#1929),#1933);
#1929 = LINE('',#1930,#1931);
#1930 = CARTESIAN_POINT('',(16.,60.));
#1931 = VECTOR('',#1932,1.);
#1932 = DIRECTION('',(0.,-1.));
#1933 = ( GEOMETRIC_REPRESENTATION_CONTEXT(2) 
PARAMETRIC_REPRESENTATION_CONTEXT() REPRESENTATION_CONTEXT('2D SPACE',''
  ) );
#1934 = ORIENTED_EDGE('',*,*,#1935,.F.);
#1935 = EDGE_CURVE('',#1936,#1913,#1938,.T.);
#1936 = VERTEX_POINT('',#1937);
#1937 = CARTESIAN_POINT('',(9.28498704663,14.556624327026,2.5));
#1938 = SURFACE_CURVE('',#1939,(#1943,#1949),.PCURVE_S1.);
#1939 = LINE('',#1940,#1941);
#1940 = CARTESIAN_POINT('',(9.28498704663,14.541265877365,2.526601615138
    ));
#1941 = VECTOR('',#1942,1.);
#1942 = DIRECTION('',(-1.538370149107E-16,0.5,-0.866025403784));
#1943 = PCURVE('',#32,#1944);
#1944 = DEFINITIONAL_REPRESENTATION('',(#1945),#1948);
#1945 = B_SPLINE_CURVE_WITH_KNOTS('',1,(#1946,#1947),.UNSPECIFIED.,.F.,
  .F.,(2,2),(3.071689932132E-02,2.917468245269),
  .PIECEWISE_BEZIER_KNOTS.);
#1946 = CARTESIAN_POINT('',(2.886751345948,9.28498704663));
#1947 = CARTESIAN_POINT('',(0.,9.28498704663));
#1948 = ( GEOMETRIC_REPRESENTATION_CONTEXT(2) 
PARAMETRIC_REPRESENTATION_CONTEXT() REPRESENTATION_CONTEXT('2D SPACE',''
  ) );
#1949 = PCURVE('',#1950,#1955);
#1950 = PLANE('',#1951);
#1951 = AXIS2_PLACEMENT_3D('',#1952,#1953,#1954);
#1952 = CARTESIAN_POINT('',(9.28498704663,0.,-2.5));
#1953 = DIRECTION('',(1.,0.,-1.7763568394E-16));
#1954 = DIRECTION('',(1.7763568394E-16,0.,1.));
#1955 = DEFINITIONAL_REPRESENTATION('',(#1956),#1959);
#1956 = B_SPLINE_CURVE_WITH_KNOTS('',1,(#1957,#1958),.UNSPECIFIED.,.F.,
  .F.,(2,2),(3.071689932132E-02,2.917468245269),
  .PIECEWISE_BEZIER_KNOTS.);
#1957 = CARTESIAN_POINT('',(5.,-14.55662432702));
#1958 = CARTESIAN_POINT('',(2.5,-16.));
#1959 = ( GEOMETRIC_REPRESENTATION_CONTEXT(2) 
PARAMETRIC_REPRESENTATION_CONTEXT() REPRESENTATION_CONTEXT('2D SPACE',''
  ) );
#1960 = ORIENTED_EDGE('',*,*,#1961,.F.);
#1961 = EDGE_CURVE('',#1962,#1936,#1964,.T.);
#1962 = VERTEX_POINT('',#1963);
#1963 = CARTESIAN_POINT('',(4.954860027708,13.113248654052,5.));
#1964 = SURFACE_CURVE('',#1965,(#1969,#1975),.PCURVE_S1.);
#1965 = LINE('',#1966,#1967);
#1966 = CARTESIAN_POINT('',(5.057515957205,13.147467297217,
    4.940731571471));
#1967 = VECTOR('',#1968,1.);
#1968 = DIRECTION('',(0.832050294338,0.277350098113,-0.480384461415));
#1969 = PCURVE('',#32,#1970);
#1970 = DEFINITIONAL_REPRESENTATION('',(#1971),#1974);
#1971 = B_SPLINE_CURVE_WITH_KNOTS('',1,(#1972,#1973),.UNSPECIFIED.,.F.,
  .F.,(2,2),(-0.12337707251,5.080787926155),.PIECEWISE_BEZIER_KNOTS.);
#1972 = CARTESIAN_POINT('',(5.773502691896,4.954860027708));
#1973 = CARTESIAN_POINT('',(2.886751345948,9.28498704663));
#1974 = ( GEOMETRIC_REPRESENTATION_CONTEXT(2) 
PARAMETRIC_REPRESENTATION_CONTEXT() REPRESENTATION_CONTEXT('2D SPACE',''
  ) );
#1975 = PCURVE('',#1976,#1981);
#1976 = PLANE('',#1977);
#1977 = AXIS2_PLACEMENT_3D('',#1978,#1979,#1980);
#1978 = CARTESIAN_POINT('',(9.28498704663,0.,2.5));
#1979 = DIRECTION('',(0.5,0.,0.866025403784));
#1980 = DIRECTION('',(-0.866025403784,0.,0.5));
#1981 = DEFINITIONAL_REPRESENTATION('',(#1982),#1985);
#1982 = B_SPLINE_CURVE_WITH_KNOTS('',1,(#1983,#1984),.UNSPECIFIED.,.F.,
  .F.,(2,2),(-0.12337707251,5.080787926155),.PIECEWISE_BEZIER_KNOTS.);
#1983 = CARTESIAN_POINT('',(5.,-13.11324865405));
#1984 = CARTESIAN_POINT('',(1.03760757378E-16,-14.55662432702));
#1985 = ( GEOMETRIC_REPRESENTATION_CONTEXT(2) 
PARAMETRIC_REPRESENTATION_CONTEXT() REPRESENTATION_CONTEXT('2D SPACE',''
  ) );
#1986 = ORIENTED_EDGE('',*,*,#1987,.F.);
#1987 = EDGE_CURVE('',#1988,#1962,#1990,.T.);
#1988 = VERTEX_POINT('',#1989);
#1989 = CARTESIAN_POINT('',(0.624733008786,14.556624327026,2.5));
#1990 = SURFACE_CURVE('',#1991,(#1995,#2001),.PCURVE_S1.);
#1991 = LINE('',#1992,#1993);
#1992 = CARTESIAN_POINT('',(3.420436549301,13.624723146854,
    4.114100191691));
#1993 = VECTOR('',#1994,1.);
#1994 = DIRECTION('',(0.832050294338,-0.277350098113,0.480384461415));
#1995 = PCURVE('',#32,#1996);
#1996 = DEFINITIONAL_REPRESENTATION('',(#1997),#2000);
#1997 = B_SPLINE_CURVE_WITH_KNOTS('',1,(#1998,#1999),.UNSPECIFIED.,.F.,
  .F.,(2,2),(-3.360017488774,1.844147509891),.PIECEWISE_BEZIER_KNOTS.);
#1998 = CARTESIAN_POINT('',(2.886751345948,0.624733008786));
#1999 = CARTESIAN_POINT('',(5.773502691896,4.954860027708));
#2000 = ( GEOMETRIC_REPRESENTATION_CONTEXT(2) 
PARAMETRIC_REPRESENTATION_CONTEXT() REPRESENTATION_CONTEXT('2D SPACE',''
  ) );
#2001 = PCURVE('',#2002,#2007);
#2002 = PLANE('',#2003);
#2003 = AXIS2_PLACEMENT_3D('',#2004,#2005,#2006);
#2004 = CARTESIAN_POINT('',(4.954860027708,0.,5.));
#2005 = DIRECTION('',(-0.5,0.,0.866025403784));
#2006 = DIRECTION('',(-0.866025403784,0.,-0.5));
#2007 = DEFINITIONAL_REPRESENTATION('',(#2008),#2011);
#2008 = B_SPLINE_CURVE_WITH_KNOTS('',1,(#2009,#2010),.UNSPECIFIED.,.F.,
  .F.,(2,2),(-3.360017488774,1.844147509891),.PIECEWISE_BEZIER_KNOTS.);
#2009 = CARTESIAN_POINT('',(5.,-14.55662432702));
#2010 = CARTESIAN_POINT('',(-1.948124678546E-16,-13.11324865405));
#2011 = ( GEOMETRIC_REPRESENTATION_CONTEXT(2) 
PARAMETRIC_REPRESENTATION_CONTEXT() REPRESENTATION_CONTEXT('2D SPACE',''
  ) );
#2012 = ORIENTED_EDGE('',*,*,#2013,.F.);
#2013 = EDGE_CURVE('',#2014,#1988,#2016,.T.);
#2014 = VERTEX_POINT('',#2015);
#2015 = CARTESIAN_POINT('',(0.624733008786,16.,0.));
#2016 = SURFACE_CURVE('',#2017,(#2021,#2027),.PCURVE_S1.);
#2017 = LINE('',#2018,#2019);
#2018 = CARTESIAN_POINT('',(0.624733008786,13.458734122635,
    4.401601615138));
#2019 = VECTOR('',#2020,1.);
#2020 = DIRECTION('',(3.076740298214E-16,-0.5,0.866025403784));
#2021 = PCURVE('',#32,#2022);
#2022 = DEFINITIONAL_REPRESENTATION('',(#2023),#2026);
#2023 = B_SPLINE_CURVE_WITH_KNOTS('',1,(#2024,#2025),.UNSPECIFIED.,.F.,
  .F.,(2,2),(-5.082531754731,-2.195780408782),.PIECEWISE_BEZIER_KNOTS.);
#2024 = CARTESIAN_POINT('',(0.,0.624733008786));
#2025 = CARTESIAN_POINT('',(2.886751345948,0.624733008786));
#2026 = ( GEOMETRIC_REPRESENTATION_CONTEXT(2) 
PARAMETRIC_REPRESENTATION_CONTEXT() REPRESENTATION_CONTEXT('2D SPACE',''
  ) );
#2027 = PCURVE('',#2028,#2033);
#2028 = PLANE('',#2029);
#2029 = AXIS2_PLACEMENT_3D('',#2030,#2031,#2032);
#2030 = CARTESIAN_POINT('',(0.624733008786,0.,2.5));
#2031 = DIRECTION('',(-1.,0.,3.552713678801E-16));
#2032 = DIRECTION('',(-3.552713678801E-16,0.,-1.));
#2033 = DEFINITIONAL_REPRESENTATION('',(#2034),#2037);
#2034 = B_SPLINE_CURVE_WITH_KNOTS('',1,(#2035,#2036),.UNSPECIFIED.,.F.,
  .F.,(2,2),(-5.082531754731,-2.195780408782),.PIECEWISE_BEZIER_KNOTS.);
#2035 = CARTESIAN_POINT('',(2.5,-16.));
#2036 = CARTESIAN_POINT('',(1.111622929205E-16,-14.55662432702));
#2037 = ( GEOMETRIC_REPRESENTATION_CONTEXT(2) 
PARAMETRIC_REPRESENTATION_CONTEXT() REPRESENTATION_CONTEXT('2D SPACE',''
  ) );
#2038 = ORIENTED_EDGE('',*,*,#2039,.T.);
#2039 = EDGE_CURVE('',#2014,#2040,#2042,.T.);
#2040 = VERTEX_POINT('',#2041);
#2041 = CARTESIAN_POINT('',(-1.453727960297,16.,0.));
#2042 = SURFACE_CURVE('',#2043,(#2047,#2054),.PCURVE_S1.);
#2043 = LINE('',#2044,#2045);
#2044 = CARTESIAN_POINT('',(60.,16.,0.));
#2045 = VECTOR('',#2046,1.);
#2046 = DIRECTION('',(-1.,0.,0.));
#2047 = PCURVE('',#32,#2048);
#2048 = DEFINITIONAL_REPRESENTATION('',(#2049),#2053);
#2049 = LINE('',#2050,#2051);
#2050 = CARTESIAN_POINT('',(0.,60.));
#2051 = VECTOR('',#2052,1.);
#2052 = DIRECTION('',(0.,-1.));
#2053 = ( GEOMETRIC_REPRESENTATION_CONTEXT(2) 
PARAMETRIC_REPRESENTATION_CONTEXT() REPRESENTATION_CONTEXT('2D SPACE',''
  ) );
#2054 = PCURVE('',#70,#2055);
#2055 = DEFINITIONAL_REPRESENTATION('',(#2056),#2060);
#2056 = LINE('',#2057,#2058);
#2057 = CARTESIAN_POINT('',(16.,60.));
#2058 = VECTOR('',#2059,1.);
#2059 = DIRECTION('',(0.,-1.));
#2060 = ( GEOMETRIC_REPRESENTATION_CONTEXT(2) 
PARAMETRIC_REPRESENTATION_CONTEXT() REPRESENTATION_CONTEXT('2D SPACE',''
  ) );
#2061 = ORIENTED_EDGE('',*,*,#2062,.F.);
#2062 = EDGE_CURVE('',#2063,#2040,#2065,.T.);
#2063 = VERTEX_POINT('',#2064);
#2064 = CARTESIAN_POINT('',(-1.453727960297,14.556624327026,2.5));
#2065 = SURFACE_CURVE('',#2066,(#2070,#2076),.PCURVE_S1.);
#2066 = LINE('',#2067,#2068);
#2067 = CARTESIAN_POINT('',(-1.453727960297,14.541265877365,
    2.526601615138));
#2068 = VECTOR('',#2069,1.);
#2069 = DIRECTION('',(-1.538370149107E-16,0.5,-0.866025403784));
#2070 = PCURVE('',#32,#2071);
#2071 = DEFINITIONAL_REPRESENTATION('',(#2072),#2075);
#2072 = B_SPLINE_CURVE_WITH_KNOTS('',1,(#2073,#2074),.UNSPECIFIED.,.F.,
  .F.,(2,2),(3.071689932132E-02,2.917468245269),
  .PIECEWISE_BEZIER_KNOTS.);
#2073 = CARTESIAN_POINT('',(2.886751345948,-1.453727960297));
#2074 = CARTESIAN_POINT('',(0.,-1.453727960297));
#2075 = ( GEOMETRIC_REPRESENTATION_CONTEXT(2) 
PARAMETRIC_REPRESENTATION_CONTEXT() REPRESENTATION_CONTEXT('2D SPACE',''
  ) );
#2076 = PCURVE('',#2077,#2082);
#2077 = PLANE('',#2078);
#2078 = AXIS2_PLACEMENT_3D('',#2079,#2080,#2081);
#2079 = CARTESIAN_POINT('',(-1.453727960297,0.,-2.5));
#2080 = DIRECTION('',(1.,0.,-1.7763568394E-16));
#2081 = DIRECTION('',(1.7763568394E-16,0.,1.));
#2082 = DEFINITIONAL_REPRESENTATION('',(#2083),#2086);
#2083 = B_SPLINE_CURVE_WITH_KNOTS('',1,(#2084,#2085),.UNSPECIFIED.,.F.,
  .F.,(2,2),(3.071689932132E-02,2.917468245269),
  .PIECEWISE_BEZIER_KNOTS.);
#2084 = CARTESIAN_POINT('',(5.,-14.55662432702));
#2085 = CARTESIAN_POINT('',(2.5,-16.));
#2086 = ( GEOMETRIC_REPRESENTATION_CONTEXT(2) 
PARAMETRIC_REPRESENTATION_CONTEXT() REPRESENTATION_CONTEXT('2D SPACE',''
  ) );
#2087 = ORIENTED_EDGE('',*,*,#2088,.F.);
#2088 = EDGE_CURVE('',#2089,#2063,#2091,.T.);
#2089 = VERTEX_POINT('',#2090);
#2090 = CARTESIAN_POINT('',(-5.783854979219,13.113248654052,5.));
#2091 = SURFACE_CURVE('',#2092,(#2096,#2102),.PCURVE_S1.);
#2092 = LINE('',#2093,#2094);
#2093 = CARTESIAN_POINT('',(-1.963951547324,14.386549798017,
    2.794577725317));
#2094 = VECTOR('',#2095,1.);
#2095 = DIRECTION('',(0.832050294338,0.277350098113,-0.480384461415));
#2096 = PCURVE('',#32,#2097);
#2097 = DEFINITIONAL_REPRESENTATION('',(#2098),#2101);
#2098 = B_SPLINE_CURVE_WITH_KNOTS('',1,(#2099,#2100),.UNSPECIFIED.,.F.,
  .F.,(2,2),(-4.590952563672,0.613212434993),.PIECEWISE_BEZIER_KNOTS.);
#2099 = CARTESIAN_POINT('',(5.773502691896,-5.783854979219));
#2100 = CARTESIAN_POINT('',(2.886751345948,-1.453727960297));
#2101 = ( GEOMETRIC_REPRESENTATION_CONTEXT(2) 
PARAMETRIC_REPRESENTATION_CONTEXT() REPRESENTATION_CONTEXT('2D SPACE',''
  ) );
#2102 = PCURVE('',#2103,#2108);
#2103 = PLANE('',#2104);
#2104 = AXIS2_PLACEMENT_3D('',#2105,#2106,#2107);
#2105 = CARTESIAN_POINT('',(-1.453727960297,0.,2.5));
#2106 = DIRECTION('',(0.5,0.,0.866025403784));
#2107 = DIRECTION('',(-0.866025403784,0.,0.5));
#2108 = DEFINITIONAL_REPRESENTATION('',(#2109),#2112);
#2109 = B_SPLINE_CURVE_WITH_KNOTS('',1,(#2110,#2111),.UNSPECIFIED.,.F.,
  .F.,(2,2),(-4.590952563672,0.613212434993),.PIECEWISE_BEZIER_KNOTS.);
#2110 = CARTESIAN_POINT('',(5.,-13.11324865405));
#2111 = CARTESIAN_POINT('',(1.559206512636E-16,-14.55662432702));
#2112 = ( GEOMETRIC_REPRESENTATION_CONTEXT(2) 
PARAMETRIC_REPRESENTATION_CONTEXT() REPRESENTATION_CONTEXT('2D SPACE',''
  ) );
#2113 = ORIENTED_EDGE('',*,*,#2114,.F.);
#2114 = EDGE_CURVE('',#2115,#2089,#2117,.T.);
#2115 = VERTEX_POINT('',#2116);
#2116 = CARTESIAN_POINT('',(-10.11398199814,14.556624327026,2.5));
#2117 = SURFACE_CURVE('',#2118,(#2122,#2128),.PCURVE_S1.);
#2118 = LINE('',#2119,#2120);
#2119 = CARTESIAN_POINT('',(-3.601030955229,12.385640646055,
    6.260254037844));
#2120 = VECTOR('',#2121,1.);
#2121 = DIRECTION('',(0.832050294338,-0.277350098113,0.480384461415));
#2122 = PCURVE('',#32,#2123);
#2123 = DEFINITIONAL_REPRESENTATION('',(#2124),#2127);
#2124 = B_SPLINE_CURVE_WITH_KNOTS('',1,(#2125,#2126),.UNSPECIFIED.,.F.,
  .F.,(2,2),(-7.827592979936,-2.623427981271),.PIECEWISE_BEZIER_KNOTS.);
#2125 = CARTESIAN_POINT('',(2.886751345948,-10.11398199814));
#2126 = CARTESIAN_POINT('',(5.773502691896,-5.783854979219));
#2127 = ( GEOMETRIC_REPRESENTATION_CONTEXT(2) 
PARAMETRIC_REPRESENTATION_CONTEXT() REPRESENTATION_CONTEXT('2D SPACE',''
  ) );
#2128 = PCURVE('',#2129,#2134);
#2129 = PLANE('',#2130);
#2130 = AXIS2_PLACEMENT_3D('',#2131,#2132,#2133);
#2131 = CARTESIAN_POINT('',(-5.783854979219,0.,5.));
#2132 = DIRECTION('',(-0.5,0.,0.866025403784));
#2133 = DIRECTION('',(-0.866025403784,0.,-0.5));
#2134 = DEFINITIONAL_REPRESENTATION('',(#2135),#2138);
#2135 = B_SPLINE_CURVE_WITH_KNOTS('',1,(#2136,#2137),.UNSPECIFIED.,.F.,
  .F.,(2,2),(-7.827592979936,-2.623427981271),.PIECEWISE_BEZIER_KNOTS.);
#2136 = CARTESIAN_POINT('',(5.,-14.55662432702));
#2137 = CARTESIAN_POINT('',(4.454783483256E-17,-13.11324865405));
#2138 = ( GEOMETRIC_REPRESENTATION_CONTEXT(2) 
PARAMETRIC_REPRESENTATION_CONTEXT() REPRESENTATION_CONTEXT('2D SPACE',''
  ) );
#2139 = ORIENTED_EDGE('',*,*,#2140,.F.);
#2140 = EDGE_CURVE('',#2141,#2115,#2143,.T.);
#2141 = VERTEX_POINT('',#2142);
#2142 = CARTESIAN_POINT('',(-10.11398199814,16.,0.));
#2143 = SURFACE_CURVE('',#2144,(#2148,#2154),.PCURVE_S1.);
#2144 = LINE('',#2145,#2146);
#2145 = CARTESIAN_POINT('',(-10.11398199814,13.458734122635,
    4.401601615138));
#2146 = VECTOR('',#2147,1.);
#2147 = DIRECTION('',(3.076740298214E-16,-0.5,0.866025403784));
#2148 = PCURVE('',#32,#2149);
#2149 = DEFINITIONAL_REPRESENTATION('',(#2150),#2153);
#2150 = B_SPLINE_CURVE_WITH_KNOTS('',1,(#2151,#2152),.UNSPECIFIED.,.F.,
  .F.,(2,2),(-5.082531754731,-2.195780408782),.PIECEWISE_BEZIER_KNOTS.);
#2151 = CARTESIAN_POINT('',(0.,-10.11398199814));
#2152 = CARTESIAN_POINT('',(2.886751345948,-10.11398199814));
#2153 = ( GEOMETRIC_REPRESENTATION_CONTEXT(2) 
PARAMETRIC_REPRESENTATION_CONTEXT() REPRESENTATION_CONTEXT('2D SPACE',''
  ) );
#2154 = PCURVE('',#2155,#2160);
#2155 = PLANE('',#2156);
#2156 = AXIS2_PLACEMENT_3D('',#2157,#2158,#2159);
#2157 = CARTESIAN_POINT('',(-10.11398199814,0.,2.5));
#2158 = DIRECTION('',(-1.,0.,3.552713678801E-16));
#2159 = DIRECTION('',(-3.552713678801E-16,0.,-1.));
#2160 = DEFINITIONAL_REPRESENTATION('',(#2161),#2164);
#2161 = B_SPLINE_CURVE_WITH_KNOTS('',1,(#2162,#2163),.UNSPECIFIED.,.F.,
  .F.,(2,2),(-5.082531754731,-2.195780408782),.PIECEWISE_BEZIER_KNOTS.);
#2162 = CARTESIAN_POINT('',(2.5,-16.));
#2163 = CARTESIAN_POINT('',(-1.268243973729E-16,-14.55662432702));
#2164 = ( GEOMETRIC_REPRESENTATION_CONTEXT(2) 
PARAMETRIC_REPRESENTATION_CONTEXT() REPRESENTATION_CONTEXT('2D SPACE',''
  ) );
#2165 = ORIENTED_EDGE('',*,*,#2166,.T.);
#2166 = EDGE_CURVE('',#2141,#2167,#2169,.T.);
#2167 = VERTEX_POINT('',#2168);
#2168 = CARTESIAN_POINT('',(-12.19244296722,16.,0.));
#2169 = SURFACE_CURVE('',#2170,(#2174,#2181),.PCURVE_S1.);
#2170 = LINE('',#2171,#2172);
#2171 = CARTESIAN_POINT('',(60.,16.,0.));
#2172 = VECTOR('',#2173,1.);
#2173 = DIRECTION('',(-1.,0.,0.));
#2174 = PCURVE('',#32,#2175);
#2175 = DEFINITIONAL_REPRESENTATION('',(#2176),#2180);
#2176 = LINE('',#2177,#2178);
#2177 = CARTESIAN_POINT('',(0.,60.));
#2178 = VECTOR('',#2179,1.);
#2179 = DIRECTION('',(0.,-1.));
#2180 = ( GEOMETRIC_REPRESENTATION_CONTEXT(2) 
PARAMETRIC_REPRESENTATION_CONTEXT() REPRESENTATION_CONTEXT('2D SPACE',''
  ) );
#2181 = PCURVE('',#70,#2182);
#2182 = DEFINITIONAL_REPRESENTATION('',(#2183),#2187);
#2183 = LINE('',#2184,#2185);
#2184 = CARTESIAN_POINT('',(16.,60.));
#2185 = VECTOR('',#2186,1.);
#2186 = DIRECTION('',(0.,-1.));
#2187 = ( GEOMETRIC_REPRESENTATION_CONTEXT(2) 
PARAMETRIC_REPRESENTATION_CONTEXT() REPRESENTATION_CONTEXT('2D SPACE',''
  ) );
#2188 = ORIENTED_EDGE('',*,*,#2189,.F.);
#2189 = EDGE_CURVE('',#2190,#2167,#2192,.T.);
#2190 = VERTEX_POINT('',#2191);
#2191 = CARTESIAN_POINT('',(-12.19244296722,14.556624327026,2.5));
#2192 = SURFACE_CURVE('',#2193,(#2197,#2203),.PCURVE_S1.);
#2193 = LINE('',#2194,#2195);
#2194 = CARTESIAN_POINT('',(-12.19244296722,14.541265877365,
    2.526601615138));
#2195 = VECTOR('',#2196,1.);
#2196 = DIRECTION('',(-1.538370149107E-16,0.5,-0.866025403784));
#2197 = PCURVE('',#32,#2198);
#2198 = DEFINITIONAL_REPRESENTATION('',(#2199),#2202);
#2199 = B_SPLINE_CURVE_WITH_KNOTS('',1,(#2200,#2201),.UNSPECIFIED.,.F.,
  .F.,(2,2),(3.071689932132E-02,2.917468245269),
  .PIECEWISE_BEZIER_KNOTS.);
#2200 = CARTESIAN_POINT('',(2.886751345948,-12.19244296722));
#2201 = CARTESIAN_POINT('',(0.,-12.19244296722));
#2202 = ( GEOMETRIC_REPRESENTATION_CONTEXT(2) 
PARAMETRIC_REPRESENTATION_CONTEXT() REPRESENTATION_CONTEXT('2D SPACE',''
  ) );
#2203 = PCURVE('',#2204,#2209);
#2204 = PLANE('',#2205);
#2205 = AXIS2_PLACEMENT_3D('',#2206,#2207,#2208);
#2206 = CARTESIAN_POINT('',(-12.19244296722,0.,-2.5));
#2207 = DIRECTION('',(1.,0.,-1.7763568394E-16));
#2208 = DIRECTION('',(1.7763568394E-16,0.,1.));
#2209 = DEFINITIONAL_REPRESENTATION('',(#2210),#2213);
#2210 = B_SPLINE_CURVE_WITH_KNOTS('',1,(#2211,#2212),.UNSPECIFIED.,.F.,
  .F.,(2,2),(3.071689932132E-02,2.917468245269),
  .PIECEWISE_BEZIER_KNOTS.);
#2211 = CARTESIAN_POINT('',(5.,-14.55662432702));
#2212 = CARTESIAN_POINT('',(2.5,-16.));
#2213 = ( GEOMETRIC_REPRESENTATION_CONTEXT(2) 
PARAMETRIC_REPRESENTATION_CONTEXT() REPRESENTATION_CONTEXT('2D SPACE',''
  ) );
#2214 = ORIENTED_EDGE('',*,*,#2215,.F.);
#2215 = EDGE_CURVE('',#2216,#2190,#2218,.T.);
#2216 = VERTEX_POINT('',#2217);
#2217 = CARTESIAN_POINT('',(-16.52256998614,13.113248654052,5.));
#2218 = SURFACE_CURVE('',#2219,(#2223,#2229),.PCURVE_S1.);
#2219 = LINE('',#2220,#2221);
#2220 = CARTESIAN_POINT('',(-8.985419051854,15.625632298816,
    0.648423879163));
#2221 = VECTOR('',#2222,1.);
#2222 = DIRECTION('',(0.832050294338,0.277350098113,-0.480384461415));
#2223 = PCURVE('',#32,#2224);
#2224 = DEFINITIONAL_REPRESENTATION('',(#2225),#2228);
#2225 = B_SPLINE_CURVE_WITH_KNOTS('',1,(#2226,#2227),.UNSPECIFIED.,.F.,
  .F.,(2,2),(-9.058528054834,-3.854363056169),.PIECEWISE_BEZIER_KNOTS.);
#2226 = CARTESIAN_POINT('',(5.773502691896,-16.52256998614));
#2227 = CARTESIAN_POINT('',(2.886751345948,-12.19244296722));
#2228 = ( GEOMETRIC_REPRESENTATION_CONTEXT(2) 
PARAMETRIC_REPRESENTATION_CONTEXT() REPRESENTATION_CONTEXT('2D SPACE',''
  ) );
#2229 = PCURVE('',#2230,#2235);
#2230 = PLANE('',#2231);
#2231 = AXIS2_PLACEMENT_3D('',#2232,#2233,#2234);
#2232 = CARTESIAN_POINT('',(-12.19244296722,0.,2.5));
#2233 = DIRECTION('',(0.5,0.,0.866025403784));
#2234 = DIRECTION('',(-0.866025403784,0.,0.5));
#2235 = DEFINITIONAL_REPRESENTATION('',(#2236),#2239);
#2236 = B_SPLINE_CURVE_WITH_KNOTS('',1,(#2237,#2238),.UNSPECIFIED.,.F.,
  .F.,(2,2),(-9.058528054834,-3.854363056169),.PIECEWISE_BEZIER_KNOTS.);
#2237 = CARTESIAN_POINT('',(5.,-13.11324865405));
#2238 = CARTESIAN_POINT('',(6.695918530611E-16,-14.55662432702));
#2239 = ( GEOMETRIC_REPRESENTATION_CONTEXT(2) 
PARAMETRIC_REPRESENTATION_CONTEXT() REPRESENTATION_CONTEXT('2D SPACE',''
  ) );
#2240 = ORIENTED_EDGE('',*,*,#2241,.F.);
#2241 = EDGE_CURVE('',#2242,#2216,#2244,.T.);
#2242 = VERTEX_POINT('',#2243);
#2243 = CARTESIAN_POINT('',(-20.85269700506,14.556624327026,2.5));
#2244 = SURFACE_CURVE('',#2245,(#2249,#2255),.PCURVE_S1.);
#2245 = LINE('',#2246,#2247);
#2246 = CARTESIAN_POINT('',(-10.62249845975,11.146558145256,
    8.406407883998));
#2247 = VECTOR('',#2248,1.);
#2248 = DIRECTION('',(0.832050294338,-0.277350098113,0.480384461415));
#2249 = PCURVE('',#32,#2250);
#2250 = DEFINITIONAL_REPRESENTATION('',(#2251),#2254);
#2251 = B_SPLINE_CURVE_WITH_KNOTS('',1,(#2252,#2253),.UNSPECIFIED.,.F.,
  .F.,(2,2),(-12.29516847109,-7.091003472432),.PIECEWISE_BEZIER_KNOTS.);
#2252 = CARTESIAN_POINT('',(2.886751345948,-20.85269700506));
#2253 = CARTESIAN_POINT('',(5.773502691896,-16.52256998614));
#2254 = ( GEOMETRIC_REPRESENTATION_CONTEXT(2) 
PARAMETRIC_REPRESENTATION_CONTEXT() REPRESENTATION_CONTEXT('2D SPACE',''
  ) );
#2255 = PCURVE('',#2256,#2261);
#2256 = PLANE('',#2257);
#2257 = AXIS2_PLACEMENT_3D('',#2258,#2259,#2260);
#2258 = CARTESIAN_POINT('',(-16.52256998614,0.,5.));
#2259 = DIRECTION('',(-0.5,0.,0.866025403784));
#2260 = DIRECTION('',(-0.866025403784,0.,-0.5));
#2261 = DEFINITIONAL_REPRESENTATION('',(#2262),#2265);
#2262 = B_SPLINE_CURVE_WITH_KNOTS('',1,(#2263,#2264),.UNSPECIFIED.,.F.,
  .F.,(2,2),(-12.29516847109,-7.091003472432),.PIECEWISE_BEZIER_KNOTS.);
#2263 = CARTESIAN_POINT('',(5.,-14.55662432702));
#2264 = CARTESIAN_POINT('',(4.972416934139E-16,-13.11324865405));
#2265 = ( GEOMETRIC_REPRESENTATION_CONTEXT(2) 
PARAMETRIC_REPRESENTATION_CONTEXT() REPRESENTATION_CONTEXT('2D SPACE',''
  ) );
#2266 = ORIENTED_EDGE('',*,*,#2267,.F.);
#2267 = EDGE_CURVE('',#2268,#2242,#2270,.T.);
#2268 = VERTEX_POINT('',#2269);
#2269 = CARTESIAN_POINT('',(-20.85269700506,16.,0.));
#2270 = SURFACE_CURVE('',#2271,(#2275,#2281),.PCURVE_S1.);
#2271 = LINE('',#2272,#2273);
#2272 = CARTESIAN_POINT('',(-20.85269700506,13.458734122635,
    4.401601615138));
#2273 = VECTOR('',#2274,1.);
#2274 = DIRECTION('',(3.076740298214E-16,-0.5,0.866025403784));
#2275 = PCURVE('',#32,#2276);
#2276 = DEFINITIONAL_REPRESENTATION('',(#2277),#2280);
#2277 = B_SPLINE_CURVE_WITH_KNOTS('',1,(#2278,#2279),.UNSPECIFIED.,.F.,
  .F.,(2,2),(-5.082531754731,-2.195780408782),.PIECEWISE_BEZIER_KNOTS.);
#2278 = CARTESIAN_POINT('',(0.,-20.85269700506));
#2279 = CARTESIAN_POINT('',(2.886751345948,-20.85269700506));
#2280 = ( GEOMETRIC_REPRESENTATION_CONTEXT(2) 
PARAMETRIC_REPRESENTATION_CONTEXT() REPRESENTATION_CONTEXT('2D SPACE',''
  ) );
#2281 = PCURVE('',#2282,#2287);
#2282 = PLANE('',#2283);
#2283 = AXIS2_PLACEMENT_3D('',#2284,#2285,#2286);
#2284 = CARTESIAN_POINT('',(-20.85269700506,0.,2.5));
#2285 = DIRECTION('',(-1.,0.,3.552713678801E-16));
#2286 = DIRECTION('',(-3.552713678801E-16,0.,-1.));
#2287 = DEFINITIONAL_REPRESENTATION('',(#2288),#2291);
#2288 = B_SPLINE_CURVE_WITH_KNOTS('',1,(#2289,#2290),.UNSPECIFIED.,.F.,
  .F.,(2,2),(-5.082531754731,-2.195780408782),.PIECEWISE_BEZIER_KNOTS.);
#2289 = CARTESIAN_POINT('',(2.5,-16.));
#2290 = CARTESIAN_POINT('',(5.233673320339E-16,-14.55662432702));
#2291 = ( GEOMETRIC_REPRESENTATION_CONTEXT(2) 
PARAMETRIC_REPRESENTATION_CONTEXT() REPRESENTATION_CONTEXT('2D SPACE',''
  ) );
#2292 = ORIENTED_EDGE('',*,*,#2293,.T.);
#2293 = EDGE_CURVE('',#2268,#2294,#2296,.T.);
#2294 = VERTEX_POINT('',#2295);
#2295 = CARTESIAN_POINT('',(-22.93115797415,16.,0.));
#2296 = SURFACE_CURVE('',#2297,(#2301,#2308),.PCURVE_S1.);
#2297 = LINE('',#2298,#2299);
#2298 = CARTESIAN_POINT('',(60.,16.,0.));
#2299 = VECTOR('',#2300,1.);
#2300 = DIRECTION('',(-1.,0.,0.));
#2301 = PCURVE('',#32,#2302);
#2302 = DEFINITIONAL_REPRESENTATION('',(#2303),#2307);
#2303 = LINE('',#2304,#2305);
#2304 = CARTESIAN_POINT('',(0.,60.));
#2305 = VECTOR('',#2306,1.);
#2306 = DIRECTION('',(0.,-1.));
#2307 = ( GEOMETRIC_REPRESENTATION_CONTEXT(2) 
PARAMETRIC_REPRESENTATION_CONTEXT() REPRESENTATION_CONTEXT('2D SPACE',''
  ) );
#2308 = PCURVE('',#70,#2309);
#2309 = DEFINITIONAL_REPRESENTATION('',(#2310),#2314);
#2310 = LINE('',#2311,#2312);
#2311 = CARTESIAN_POINT('',(16.,60.));
#2312 = VECTOR('',#2313,1.);
#2313 = DIRECTION('',(0.,-1.));
#2314 = ( GEOMETRIC_REPRESENTATION_CONTEXT(2) 
PARAMETRIC_REPRESENTATION_CONTEXT() REPRESENTATION_CONTEXT('2D SPACE',''
  ) );
#2315 = ORIENTED_EDGE('',*,*,#2316,.F.);
#2316 = EDGE_CURVE('',#2317,#2294,#2319,.T.);
#2317 = VERTEX_POINT('',#2318);
#2318 = CARTESIAN_POINT('',(-22.93115797415,14.556624327026,2.5));
#2319 = SURFACE_CURVE('',#2320,(#2324,#2330),.PCURVE_S1.);
#2320 = LINE('',#2321,#2322);
#2321 = CARTESIAN_POINT('',(-22.93115797415,14.541265877365,
    2.526601615138));
#2322 = VECTOR('',#2323,1.);
#2323 = DIRECTION('',(-1.538370149107E-16,0.5,-0.866025403784));
#2324 = PCURVE('',#32,#2325);
#2325 = DEFINITIONAL_REPRESENTATION('',(#2326),#2329);
#2326 = B_SPLINE_CURVE_WITH_KNOTS('',1,(#2327,#2328),.UNSPECIFIED.,.F.,
  .F.,(2,2),(3.071689932132E-02,2.917468245269),
  .PIECEWISE_BEZIER_KNOTS.);
#2327 = CARTESIAN_POINT('',(2.886751345948,-22.93115797415));
#2328 = CARTESIAN_POINT('',(0.,-22.93115797415));
#2329 = ( GEOMETRIC_REPRESENTATION_CONTEXT(2) 
PARAMETRIC_REPRESENTATION_CONTEXT() REPRESENTATION_CONTEXT('2D SPACE',''
  ) );
#2330 = PCURVE('',#2331,#2336);
#2331 = PLANE('',#2332);
#2332 = AXIS2_PLACEMENT_3D('',#2333,#2334,#2335);
#2333 = CARTESIAN_POINT('',(-22.93115797415,0.,-2.5));
#2334 = DIRECTION('',(1.,0.,-1.7763568394E-16));
#2335 = DIRECTION('',(1.7763568394E-16,0.,1.));
#2336 = DEFINITIONAL_REPRESENTATION('',(#2337),#2340);
#2337 = B_SPLINE_CURVE_WITH_KNOTS('',1,(#2338,#2339),.UNSPECIFIED.,.F.,
  .F.,(2,2),(3.071689932132E-02,2.917468245269),
  .PIECEWISE_BEZIER_KNOTS.);
#2338 = CARTESIAN_POINT('',(5.,-14.55662432702));
#2339 = CARTESIAN_POINT('',(2.5,-16.));
#2340 = ( GEOMETRIC_REPRESENTATION_CONTEXT(2) 
PARAMETRIC_REPRESENTATION_CONTEXT() REPRESENTATION_CONTEXT('2D SPACE',''
  ) );
#2341 = ORIENTED_EDGE('',*,*,#2342,.F.);
#2342 = EDGE_CURVE('',#2343,#2317,#2345,.T.);
#2343 = VERTEX_POINT('',#2344);
#2344 = CARTESIAN_POINT('',(-27.26128499307,13.113248654052,5.));
#2345 = SURFACE_CURVE('',#2346,(#2350,#2356),.PCURVE_S1.);
#2346 = LINE('',#2347,#2348);
#2347 = CARTESIAN_POINT('',(-16.00688655638,16.864714799615,
    -1.49772996699));
#2348 = VECTOR('',#2349,1.);
#2349 = DIRECTION('',(0.832050294338,0.277350098113,-0.480384461415));
#2350 = PCURVE('',#32,#2351);
#2351 = DEFINITIONAL_REPRESENTATION('',(#2352),#2355);
#2352 = B_SPLINE_CURVE_WITH_KNOTS('',1,(#2353,#2354),.UNSPECIFIED.,.F.,
  .F.,(2,2),(-13.52610354599,-8.321938547331),.PIECEWISE_BEZIER_KNOTS.);
#2353 = CARTESIAN_POINT('',(5.773502691896,-27.26128499307));
#2354 = CARTESIAN_POINT('',(2.886751345948,-22.93115797415));
#2355 = ( GEOMETRIC_REPRESENTATION_CONTEXT(2) 
PARAMETRIC_REPRESENTATION_CONTEXT() REPRESENTATION_CONTEXT('2D SPACE',''
  ) );
#2356 = PCURVE('',#2357,#2362);
#2357 = PLANE('',#2358);
#2358 = AXIS2_PLACEMENT_3D('',#2359,#2360,#2361);
#2359 = CARTESIAN_POINT('',(-22.93115797415,0.,2.5));
#2360 = DIRECTION('',(0.5,0.,0.866025403784));
#2361 = DIRECTION('',(-0.866025403784,0.,0.5));
#2362 = DEFINITIONAL_REPRESENTATION('',(#2363),#2366);
#2363 = B_SPLINE_CURVE_WITH_KNOTS('',1,(#2364,#2365),.UNSPECIFIED.,.F.,
  .F.,(2,2),(-13.52610354599,-8.321938547331),.PIECEWISE_BEZIER_KNOTS.);
#2364 = CARTESIAN_POINT('',(5.,-13.11324865405));
#2365 = CARTESIAN_POINT('',(1.087441515519E-15,-14.55662432702));
#2366 = ( GEOMETRIC_REPRESENTATION_CONTEXT(2) 
PARAMETRIC_REPRESENTATION_CONTEXT() REPRESENTATION_CONTEXT('2D SPACE',''
  ) );
#2367 = ORIENTED_EDGE('',*,*,#2368,.F.);
#2368 = EDGE_CURVE('',#2369,#2343,#2371,.T.);
#2369 = VERTEX_POINT('',#2370);
#2370 = CARTESIAN_POINT('',(-31.59141201199,14.556624327026,2.5));
#2371 = SURFACE_CURVE('',#2372,(#2376,#2382),.PCURVE_S1.);
#2372 = LINE('',#2373,#2374);
#2373 = CARTESIAN_POINT('',(-17.64396596428,9.907475644457,
    10.552561730152));
#2374 = VECTOR('',#2375,1.);
#2375 = DIRECTION('',(0.832050294338,-0.277350098113,0.480384461415));
#2376 = PCURVE('',#32,#2377);
#2377 = DEFINITIONAL_REPRESENTATION('',(#2378),#2381);
#2378 = B_SPLINE_CURVE_WITH_KNOTS('',1,(#2379,#2380),.UNSPECIFIED.,.F.,
  .F.,(2,2),(-16.76274396226,-11.55857896359),.PIECEWISE_BEZIER_KNOTS.);
#2379 = CARTESIAN_POINT('',(2.886751345948,-31.59141201199));
#2380 = CARTESIAN_POINT('',(5.773502691896,-27.26128499307));
#2381 = ( GEOMETRIC_REPRESENTATION_CONTEXT(2) 
PARAMETRIC_REPRESENTATION_CONTEXT() REPRESENTATION_CONTEXT('2D SPACE',''
  ) );
#2382 = PCURVE('',#2383,#2388);
#2383 = PLANE('',#2384);
#2384 = AXIS2_PLACEMENT_3D('',#2385,#2386,#2387);
#2385 = CARTESIAN_POINT('',(-27.26128499307,0.,5.));
#2386 = DIRECTION('',(-0.5,0.,0.866025403784));
#2387 = DIRECTION('',(-0.866025403784,0.,-0.5));
#2388 = DEFINITIONAL_REPRESENTATION('',(#2389),#2392);
#2389 = B_SPLINE_CURVE_WITH_KNOTS('',1,(#2390,#2391),.UNSPECIFIED.,.F.,
  .F.,(2,2),(-16.76274396226,-11.55857896359),.PIECEWISE_BEZIER_KNOTS.);
#2390 = CARTESIAN_POINT('',(5.,-14.55662432702));
#2391 = CARTESIAN_POINT('',(-3.12643685308E-16,-13.11324865405));
#2392 = ( GEOMETRIC_REPRESENTATION_CONTEXT(2) 
PARAMETRIC_REPRESENTATION_CONTEXT() REPRESENTATION_CONTEXT('2D SPACE',''
  ) );
#2393 = ORIENTED_EDGE('',*,*,#2394,.F.);
#2394 = EDGE_CURVE('',#2395,#2369,#2397,.T.);
#2395 = VERTEX_POINT('',#2396);
#2396 = CARTESIAN_POINT('',(-31.59141201199,16.,0.));
#2397 = SURFACE_CURVE('',#2398,(#2402,#2408),.PCURVE_S1.);
#2398 = LINE('',#2399,#2400);
#2399 = CARTESIAN_POINT('',(-31.59141201199,13.458734122635,
    4.401601615138));
#2400 = VECTOR('',#2401,1.);
#2401 = DIRECTION('',(3.076740298214E-16,-0.5,0.866025403784));
#2402 = PCURVE('',#32,#2403);
#2403 = DEFINITIONAL_REPRESENTATION('',(#2404),#2407);
#2404 = B_SPLINE_CURVE_WITH_KNOTS('',1,(#2405,#2406),.UNSPECIFIED.,.F.,
  .F.,(2,2),(-5.082531754731,-2.195780408782),.PIECEWISE_BEZIER_KNOTS.);
#2405 = CARTESIAN_POINT('',(0.,-31.59141201199));
#2406 = CARTESIAN_POINT('',(2.886751345948,-31.59141201199));
#2407 = ( GEOMETRIC_REPRESENTATION_CONTEXT(2) 
PARAMETRIC_REPRESENTATION_CONTEXT() REPRESENTATION_CONTEXT('2D SPACE',''
  ) );
#2408 = PCURVE('',#2409,#2414);
#2409 = PLANE('',#2410);
#2410 = AXIS2_PLACEMENT_3D('',#2411,#2412,#2413);
#2411 = CARTESIAN_POINT('',(-31.59141201199,0.,2.5));
#2412 = DIRECTION('',(-1.,0.,3.552713678801E-16));
#2413 = DIRECTION('',(-3.552713678801E-16,0.,-1.));
#2414 = DEFINITIONAL_REPRESENTATION('',(#2415),#2418);
#2415 = B_SPLINE_CURVE_WITH_KNOTS('',1,(#2416,#2417),.UNSPECIFIED.,.F.,
  .F.,(2,2),(-5.082531754731,-2.195780408782),.PIECEWISE_BEZIER_KNOTS.);
#2416 = CARTESIAN_POINT('',(2.5,-16.));
#2417 = CARTESIAN_POINT('',(-8.683969700897E-16,-14.55662432702));
#2418 = ( GEOMETRIC_REPRESENTATION_CONTEXT(2) 
PARAMETRIC_REPRESENTATION_CONTEXT() REPRESENTATION_CONTEXT('2D SPACE',''
  ) );
#2419 = ORIENTED_EDGE('',*,*,#2420,.T.);
#2420 = EDGE_CURVE('',#2395,#2421,#2423,.T.);
#2421 = VERTEX_POINT('',#2422);
#2422 = CARTESIAN_POINT('',(-33.66987298107,16.,0.));
#2423 = SURFACE_CURVE('',#2424,(#2428,#2435),.PCURVE_S1.);
#2424 = LINE('',#2425,#2426);
#2425 = CARTESIAN_POINT('',(60.,16.,0.));
#2426 = VECTOR('',#2427,1.);
#2427 = DIRECTION('',(-1.,0.,0.));
#2428 = PCURVE('',#32,#2429);
#2429 = DEFINITIONAL_REPRESENTATION('',(#2430),#2434);
#2430 = LINE('',#2431,#2432);
#2431 = CARTESIAN_POINT('',(0.,60.));
#2432 = VECTOR('',#2433,1.);
#2433 = DIRECTION('',(0.,-1.));
#2434 = ( GEOMETRIC_REPRESENTATION_CONTEXT(2) 
PARAMETRIC_REPRESENTATION_CONTEXT() REPRESENTATION_CONTEXT('2D SPACE',''
  ) );
#2435 = PCURVE('',#70,#2436);
#2436 = DEFINITIONAL_REPRESENTATION('',(#2437),#2441);
#2437 = LINE('',#2438,#2439);
#2438 = CARTESIAN_POINT('',(16.,60.));
#2439 = VECTOR('',#2440,1.);
#2440 = DIRECTION('',(0.,-1.));
#2441 = ( GEOMETRIC_REPRESENTATION_CONTEXT(2) 
PARAMETRIC_REPRESENTATION_CONTEXT() REPRESENTATION_CONTEXT('2D SPACE',''
  ) );
#2442 = ORIENTED_EDGE('',*,*,#2443,.F.);
#2443 = EDGE_CURVE('',#2444,#2421,#2446,.T.);
#2444 = VERTEX_POINT('',#2445);
#2445 = CARTESIAN_POINT('',(-33.66987298107,14.556624327026,2.5));
#2446 = SURFACE_CURVE('',#2447,(#2451,#2457),.PCURVE_S1.);
#2447 = LINE('',#2448,#2449);
#2448 = CARTESIAN_POINT('',(-33.66987298107,14.541265877365,
    2.526601615138));
#2449 = VECTOR('',#2450,1.);
#2450 = DIRECTION('',(-1.538370149107E-16,0.5,-0.866025403784));
#2451 = PCURVE('',#32,#2452);
#2452 = DEFINITIONAL_REPRESENTATION('',(#2453),#2456);
#2453 = B_SPLINE_CURVE_WITH_KNOTS('',1,(#2454,#2455),.UNSPECIFIED.,.F.,
  .F.,(2,2),(3.071689932133E-02,2.917468245269),
  .PIECEWISE_BEZIER_KNOTS.);
#2454 = CARTESIAN_POINT('',(2.886751345948,-33.66987298107));
#2455 = CARTESIAN_POINT('',(0.,-33.66987298107));
#2456 = ( GEOMETRIC_REPRESENTATION_CONTEXT(2) 
PARAMETRIC_REPRESENTATION_CONTEXT() REPRESENTATION_CONTEXT('2D SPACE',''
  ) );
#2457 = PCURVE('',#2458,#2463);
#2458 = PLANE('',#2459);
#2459 = AXIS2_PLACEMENT_3D('',#2460,#2461,#2462);
#2460 = CARTESIAN_POINT('',(-33.66987298107,0.,-2.5));
#2461 = DIRECTION('',(1.,0.,-1.7763568394E-16));
#2462 = DIRECTION('',(1.7763568394E-16,0.,1.));
#2463 = DEFINITIONAL_REPRESENTATION('',(#2464),#2467);
#2464 = B_SPLINE_CURVE_WITH_KNOTS('',1,(#2465,#2466),.UNSPECIFIED.,.F.,
  .F.,(2,2),(3.071689932133E-02,2.917468245269),
  .PIECEWISE_BEZIER_KNOTS.);
#2465 = CARTESIAN_POINT('',(5.,-14.55662432702));
#2466 = CARTESIAN_POINT('',(2.5,-16.));
#2467 = ( GEOMETRIC_REPRESENTATION_CONTEXT(2) 
PARAMETRIC_REPRESENTATION_CONTEXT() REPRESENTATION_CONTEXT('2D SPACE',''
  ) );
#2468 = ORIENTED_EDGE('',*,*,#2469,.F.);
#2469 = EDGE_CURVE('',#2470,#2444,#2472,.T.);
#2470 = VERTEX_POINT('',#2471);
#2471 = CARTESIAN_POINT('',(-38.,13.113248654052,5.));
#2472 = SURFACE_CURVE('',#2473,(#2477,#2483),.PCURVE_S1.);
#2473 = LINE('',#2474,#2475);
#2474 = CARTESIAN_POINT('',(-23.02835406091,18.103797300415,
    -3.643883813144));
#2475 = VECTOR('',#2476,1.);
#2476 = DIRECTION('',(0.832050294338,0.277350098113,-0.480384461415));
#2477 = PCURVE('',#32,#2478);
#2478 = DEFINITIONAL_REPRESENTATION('',(#2479),#2482);
#2479 = B_SPLINE_CURVE_WITH_KNOTS('',1,(#2480,#2481),.UNSPECIFIED.,.F.,
  .F.,(2,2),(-17.99367903715,-12.78951403849),.PIECEWISE_BEZIER_KNOTS.);
#2480 = CARTESIAN_POINT('',(5.773502691896,-38.));
#2481 = CARTESIAN_POINT('',(2.886751345948,-33.66987298107));
#2482 = ( GEOMETRIC_REPRESENTATION_CONTEXT(2) 
PARAMETRIC_REPRESENTATION_CONTEXT() REPRESENTATION_CONTEXT('2D SPACE',''
  ) );
#2483 = PCURVE('',#2484,#2489);
#2484 = PLANE('',#2485);
#2485 = AXIS2_PLACEMENT_3D('',#2486,#2487,#2488);
#2486 = CARTESIAN_POINT('',(-33.66987298107,0.,2.5));
#2487 = DIRECTION('',(0.5,0.,0.866025403784));
#2488 = DIRECTION('',(-0.866025403784,0.,0.5));
#2489 = DEFINITIONAL_REPRESENTATION('',(#2490),#2493);
#2490 = B_SPLINE_CURVE_WITH_KNOTS('',1,(#2491,#2492),.UNSPECIFIED.,.F.,
  .F.,(2,2),(-17.99367903715,-12.78951403849),.PIECEWISE_BEZIER_KNOTS.);
#2491 = CARTESIAN_POINT('',(5.,-13.11324865405));
#2492 = CARTESIAN_POINT('',(4.169329212911E-16,-14.55662432702));
#2493 = ( GEOMETRIC_REPRESENTATION_CONTEXT(2) 
PARAMETRIC_REPRESENTATION_CONTEXT() REPRESENTATION_CONTEXT('2D SPACE',''
  ) );
#2494 = ORIENTED_EDGE('',*,*,#2495,.F.);
#2495 = EDGE_CURVE('',#24,#2470,#2496,.T.);
#2496 = SURFACE_CURVE('',#2497,(#2501,#2507),.PCURVE_S1.);
#2497 = LINE('',#2498,#2499);
#2498 = CARTESIAN_POINT('',(-24.66543346881,8.668393143657,
    12.698715576306));
#2499 = VECTOR('',#2500,1.);
#2500 = DIRECTION('',(0.832050294338,-0.277350098113,0.480384461415));
#2501 = PCURVE('',#32,#2502);
#2502 = DEFINITIONAL_REPRESENTATION('',(#2503),#2506);
#2503 = B_SPLINE_CURVE_WITH_KNOTS('',1,(#2504,#2505),.UNSPECIFIED.,.F.,
  .F.,(2,2),(-21.23031945342,-16.02615445475),.PIECEWISE_BEZIER_KNOTS.);
#2504 = CARTESIAN_POINT('',(2.886751345948,-42.33012701892));
#2505 = CARTESIAN_POINT('',(5.773502691896,-38.));
#2506 = ( GEOMETRIC_REPRESENTATION_CONTEXT(2) 
PARAMETRIC_REPRESENTATION_CONTEXT() REPRESENTATION_CONTEXT('2D SPACE',''
  ) );
#2507 = PCURVE('',#2508,#2513);
#2508 = PLANE('',#2509);
#2509 = AXIS2_PLACEMENT_3D('',#2510,#2511,#2512);
#2510 = CARTESIAN_POINT('',(-38.,0.,5.));
#2511 = DIRECTION('',(-0.5,0.,0.866025403784));
#2512 = DIRECTION('',(-0.866025403784,0.,-0.5));
#2513 = DEFINITIONAL_REPRESENTATION('',(#2514),#2517);
#2514 = B_SPLINE_CURVE_WITH_KNOTS('',1,(#2515,#2516),.UNSPECIFIED.,.F.,
  .F.,(2,2),(-21.23031945342,-16.02615445475),.PIECEWISE_BEZIER_KNOTS.);
#2515 = CARTESIAN_POINT('',(5.,-14.55662432702));
#2516 = CARTESIAN_POINT('',(-1.052840671783E-15,-13.11324865405));
#2517 = ( GEOMETRIC_REPRESENTATION_CONTEXT(2) 
PARAMETRIC_REPRESENTATION_CONTEXT() REPRESENTATION_CONTEXT('2D SPACE',''
  ) );
#2518 = ADVANCED_FACE('',(#2519),#43,.F.);
#2519 = FACE_BOUND('',#2520,.F.);
#2520 = EDGE_LOOP('',(#2521,#2544,#2545,#2566,#2594,#2620));
#2521 = ORIENTED_EDGE('',*,*,#2522,.F.);
#2522 = EDGE_CURVE('',#24,#2523,#2525,.T.);
#2523 = VERTEX_POINT('',#2524);
#2524 = CARTESIAN_POINT('',(-42.33012701892,-14.55662432702,2.5));
#2525 = SURFACE_CURVE('',#2526,(#2530,#2537),.PCURVE_S1.);
#2526 = LINE('',#2527,#2528);
#2527 = CARTESIAN_POINT('',(-42.33012701892,21.,2.5));
#2528 = VECTOR('',#2529,1.);
#2529 = DIRECTION('',(0.,-1.,0.));
#2530 = PCURVE('',#43,#2531);
#2531 = DEFINITIONAL_REPRESENTATION('',(#2532),#2536);
#2532 = LINE('',#2533,#2534);
#2533 = CARTESIAN_POINT('',(0.,-21.));
#2534 = VECTOR('',#2535,1.);
#2535 = DIRECTION('',(-0.,1.));
#2536 = ( GEOMETRIC_REPRESENTATION_CONTEXT(2) 
PARAMETRIC_REPRESENTATION_CONTEXT() REPRESENTATION_CONTEXT('2D SPACE',''
  ) );
#2537 = PCURVE('',#2508,#2538);
#2538 = DEFINITIONAL_REPRESENTATION('',(#2539),#2543);
#2539 = LINE('',#2540,#2541);
#2540 = CARTESIAN_POINT('',(5.,-21.));
#2541 = VECTOR('',#2542,1.);
#2542 = DIRECTION('',(-0.,1.));
#2543 = ( GEOMETRIC_REPRESENTATION_CONTEXT(2) 
PARAMETRIC_REPRESENTATION_CONTEXT() REPRESENTATION_CONTEXT('2D SPACE',''
  ) );
#2544 = ORIENTED_EDGE('',*,*,#21,.F.);
#2545 = ORIENTED_EDGE('',*,*,#2546,.F.);
#2546 = EDGE_CURVE('',#2547,#22,#2549,.T.);
#2547 = VERTEX_POINT('',#2548);
#2548 = CARTESIAN_POINT('',(-42.33012701892,14.556624327026,-2.5));
#2549 = SURFACE_CURVE('',#2550,(#2554,#2560),.PCURVE_S1.);
#2550 = LINE('',#2551,#2552);
#2551 = CARTESIAN_POINT('',(-42.33012701892,10.541265877365,
    -9.454804845413));
#2552 = VECTOR('',#2553,1.);
#2553 = DIRECTION('',(3.076740298214E-16,0.5,0.866025403784));
#2554 = PCURVE('',#43,#2555);
#2555 = DEFINITIONAL_REPRESENTATION('',(#2556),#2559);
#2556 = B_SPLINE_CURVE_WITH_KNOTS('',1,(#2557,#2558),.UNSPECIFIED.,.F.,
  .F.,(2,2),(8.030716899321,10.917468245269),.PIECEWISE_BEZIER_KNOTS.);
#2557 = CARTESIAN_POINT('',(5.,-14.55662432702));
#2558 = CARTESIAN_POINT('',(2.5,-16.));
#2559 = ( GEOMETRIC_REPRESENTATION_CONTEXT(2) 
PARAMETRIC_REPRESENTATION_CONTEXT() REPRESENTATION_CONTEXT('2D SPACE',''
  ) );
#2560 = PCURVE('',#70,#2561);
#2561 = DEFINITIONAL_REPRESENTATION('',(#2562),#2565);
#2562 = B_SPLINE_CURVE_WITH_KNOTS('',1,(#2563,#2564),.UNSPECIFIED.,.F.,
  .F.,(2,2),(8.030716899321,10.917468245269),.PIECEWISE_BEZIER_KNOTS.);
#2563 = CARTESIAN_POINT('',(13.113248654052,-42.33012701892));
#2564 = CARTESIAN_POINT('',(16.,-42.33012701892));
#2565 = ( GEOMETRIC_REPRESENTATION_CONTEXT(2) 
PARAMETRIC_REPRESENTATION_CONTEXT() REPRESENTATION_CONTEXT('2D SPACE',''
  ) );
#2566 = ORIENTED_EDGE('',*,*,#2567,.T.);
#2567 = EDGE_CURVE('',#2547,#2568,#2570,.T.);
#2568 = VERTEX_POINT('',#2569);
#2569 = CARTESIAN_POINT('',(-42.33012701892,-14.55662432702,-2.5));
#2570 = SURFACE_CURVE('',#2571,(#2575,#2582),.PCURVE_S1.);
#2571 = LINE('',#2572,#2573);
#2572 = CARTESIAN_POINT('',(-42.33012701892,21.,-2.5));
#2573 = VECTOR('',#2574,1.);
#2574 = DIRECTION('',(0.,-1.,0.));
#2575 = PCURVE('',#43,#2576);
#2576 = DEFINITIONAL_REPRESENTATION('',(#2577),#2581);
#2577 = LINE('',#2578,#2579);
#2578 = CARTESIAN_POINT('',(5.,-21.));
#2579 = VECTOR('',#2580,1.);
#2580 = DIRECTION('',(-0.,1.));
#2581 = ( GEOMETRIC_REPRESENTATION_CONTEXT(2) 
PARAMETRIC_REPRESENTATION_CONTEXT() REPRESENTATION_CONTEXT('2D SPACE',''
  ) );
#2582 = PCURVE('',#2583,#2588);
#2583 = PLANE('',#2584);
#2584 = AXIS2_PLACEMENT_3D('',#2585,#2586,#2587);
#2585 = CARTESIAN_POINT('',(-42.33012701892,0.,-2.5));
#2586 = DIRECTION('',(-0.5,-0.,-0.866025403784));
#2587 = DIRECTION('',(0.866025403784,0.,-0.5));
#2588 = DEFINITIONAL_REPRESENTATION('',(#2589),#2593);
#2589 = LINE('',#2590,#2591);
#2590 = CARTESIAN_POINT('',(0.,-21.));
#2591 = VECTOR('',#2592,1.);
#2592 = DIRECTION('',(0.,1.));
#2593 = ( GEOMETRIC_REPRESENTATION_CONTEXT(2) 
PARAMETRIC_REPRESENTATION_CONTEXT() REPRESENTATION_CONTEXT('2D SPACE',''
  ) );
#2594 = ORIENTED_EDGE('',*,*,#2595,.F.);
#2595 = EDGE_CURVE('',#2596,#2568,#2598,.T.);
#2596 = VERTEX_POINT('',#2597);
#2597 = CARTESIAN_POINT('',(-42.33012701892,-16.,1.959434878636E-15));
#2598 = SURFACE_CURVE('',#2599,(#2603,#2609),.PCURVE_S1.);
#2599 = LINE('',#2600,#2601);
#2600 = CARTESIAN_POINT('',(-42.33012701892,-14.54126587736,
    -2.526601615138));
#2601 = VECTOR('',#2602,1.);
#2602 = DIRECTION('',(-3.076740298214E-16,0.5,-0.866025403784));
#2603 = PCURVE('',#43,#2604);
#2604 = DEFINITIONAL_REPRESENTATION('',(#2605),#2608);
#2605 = B_SPLINE_CURVE_WITH_KNOTS('',1,(#2606,#2607),.UNSPECIFIED.,.F.,
  .F.,(2,2),(-2.917468245269,-3.071689932131E-02),
  .PIECEWISE_BEZIER_KNOTS.);
#2606 = CARTESIAN_POINT('',(2.5,16.));
#2607 = CARTESIAN_POINT('',(5.,14.556624327026));
#2608 = ( GEOMETRIC_REPRESENTATION_CONTEXT(2) 
PARAMETRIC_REPRESENTATION_CONTEXT() REPRESENTATION_CONTEXT('2D SPACE',''
  ) );
#2609 = PCURVE('',#2610,#2615);
#2610 = PLANE('',#2611);
#2611 = AXIS2_PLACEMENT_3D('',#2612,#2613,#2614);
#2612 = CARTESIAN_POINT('',(0.,-16.,1.959434878636E-15));
#2613 = DIRECTION('',(0.,-0.866025403784,-0.5));
#2614 = DIRECTION('',(0.,0.5,-0.866025403784));
#2615 = DEFINITIONAL_REPRESENTATION('',(#2616),#2619);
#2616 = B_SPLINE_CURVE_WITH_KNOTS('',1,(#2617,#2618),.UNSPECIFIED.,.F.,
  .F.,(2,2),(-2.917468245269,-3.071689932131E-02),
  .PIECEWISE_BEZIER_KNOTS.);
#2617 = CARTESIAN_POINT('',(0.,-42.33012701892));
#2618 = CARTESIAN_POINT('',(2.886751345948,-42.33012701892));
#2619 = ( GEOMETRIC_REPRESENTATION_CONTEXT(2) 
PARAMETRIC_REPRESENTATION_CONTEXT() REPRESENTATION_CONTEXT('2D SPACE',''
  ) );
#2620 = ORIENTED_EDGE('',*,*,#2621,.F.);
#2621 = EDGE_CURVE('',#2523,#2596,#2622,.T.);
#2622 = SURFACE_CURVE('',#2623,(#2627,#2633),.PCURVE_S1.);
#2623 = LINE('',#2624,#2625);
#2624 = CARTESIAN_POINT('',(-42.33012701892,-9.458734122635,
    11.329804845413));
#2625 = VECTOR('',#2626,1.);
#2626 = DIRECTION('',(-3.076740298214E-16,-0.5,-0.866025403784));
#2627 = PCURVE('',#43,#2628);
#2628 = DEFINITIONAL_REPRESENTATION('',(#2629),#2632);
#2629 = B_SPLINE_CURVE_WITH_KNOTS('',1,(#2630,#2631),.UNSPECIFIED.,.F.,
  .F.,(2,2),(10.195780408782,13.082531754731),.PIECEWISE_BEZIER_KNOTS.);
#2630 = CARTESIAN_POINT('',(2.376767770552E-15,14.556624327026));
#2631 = CARTESIAN_POINT('',(2.5,16.));
#2632 = ( GEOMETRIC_REPRESENTATION_CONTEXT(2) 
PARAMETRIC_REPRESENTATION_CONTEXT() REPRESENTATION_CONTEXT('2D SPACE',''
  ) );
#2633 = PCURVE('',#2634,#2639);
#2634 = PLANE('',#2635);
#2635 = AXIS2_PLACEMENT_3D('',#2636,#2637,#2638);
#2636 = CARTESIAN_POINT('',(0.,-8.,13.856406460551));
#2637 = DIRECTION('',(0.,-0.866025403784,0.5));
#2638 = DIRECTION('',(0.,-0.5,-0.866025403784));
#2639 = DEFINITIONAL_REPRESENTATION('',(#2640),#2643);
#2640 = B_SPLINE_CURVE_WITH_KNOTS('',1,(#2641,#2642),.UNSPECIFIED.,.F.,
  .F.,(2,2),(10.195780408782,13.082531754731),.PIECEWISE_BEZIER_KNOTS.);
#2641 = CARTESIAN_POINT('',(13.113248654052,-42.33012701892));
#2642 = CARTESIAN_POINT('',(16.,-42.33012701892));
#2643 = ( GEOMETRIC_REPRESENTATION_CONTEXT(2) 
PARAMETRIC_REPRESENTATION_CONTEXT() REPRESENTATION_CONTEXT('2D SPACE',''
  ) );
#2644 = ADVANCED_FACE('',(#2645),#2508,.F.);
#2645 = FACE_BOUND('',#2646,.F.);
#2646 = EDGE_LOOP('',(#2647,#2670,#2671,#2672));
#2647 = ORIENTED_EDGE('',*,*,#2648,.T.);
#2648 = EDGE_CURVE('',#2649,#2470,#2651,.T.);
#2649 = VERTEX_POINT('',#2650);
#2650 = CARTESIAN_POINT('',(-38.,-13.11324865405,5.));
#2651 = SURFACE_CURVE('',#2652,(#2656,#2663),.PCURVE_S1.);
#2652 = LINE('',#2653,#2654);
#2653 = CARTESIAN_POINT('',(-38.,-21.,5.));
#2654 = VECTOR('',#2655,1.);
#2655 = DIRECTION('',(0.,1.,0.));
#2656 = PCURVE('',#2508,#2657);
#2657 = DEFINITIONAL_REPRESENTATION('',(#2658),#2662);
#2658 = LINE('',#2659,#2660);
#2659 = CARTESIAN_POINT('',(-0.,21.));
#2660 = VECTOR('',#2661,1.);
#2661 = DIRECTION('',(0.,-1.));
#2662 = ( GEOMETRIC_REPRESENTATION_CONTEXT(2) 
PARAMETRIC_REPRESENTATION_CONTEXT() REPRESENTATION_CONTEXT('2D SPACE',''
  ) );
#2663 = PCURVE('',#2484,#2664);
#2664 = DEFINITIONAL_REPRESENTATION('',(#2665),#2669);
#2665 = LINE('',#2666,#2667);
#2666 = CARTESIAN_POINT('',(5.,21.));
#2667 = VECTOR('',#2668,1.);
#2668 = DIRECTION('',(0.,-1.));
#2669 = ( GEOMETRIC_REPRESENTATION_CONTEXT(2) 
PARAMETRIC_REPRESENTATION_CONTEXT() REPRESENTATION_CONTEXT('2D SPACE',''
  ) );
#2670 = ORIENTED_EDGE('',*,*,#2495,.F.);
#2671 = ORIENTED_EDGE('',*,*,#2522,.T.);
#2672 = ORIENTED_EDGE('',*,*,#2673,.F.);
#2673 = EDGE_CURVE('',#2649,#2523,#2674,.T.);
#2674 = SURFACE_CURVE('',#2675,(#2679,#2685),.PCURVE_S1.);
#2675 = LINE('',#2676,#2677);
#2676 = CARTESIAN_POINT('',(-20.9731257765,-7.437623912888,
    14.830470416391));
#2677 = VECTOR('',#2678,1.);
#2678 = DIRECTION('',(-0.832050294338,-0.277350098113,-0.480384461415));
#2679 = PCURVE('',#2508,#2680);
#2680 = DEFINITIONAL_REPRESENTATION('',(#2681),#2684);
#2681 = B_SPLINE_CURVE_WITH_KNOTS('',1,(#2682,#2683),.UNSPECIFIED.,.F.,
  .F.,(2,2),(20.463756024558,25.667921023224),.PIECEWISE_BEZIER_KNOTS.);
#2682 = CARTESIAN_POINT('',(2.236309250645E-15,13.113248654052));
#2683 = CARTESIAN_POINT('',(5.,14.556624327026));
#2684 = ( GEOMETRIC_REPRESENTATION_CONTEXT(2) 
PARAMETRIC_REPRESENTATION_CONTEXT() REPRESENTATION_CONTEXT('2D SPACE',''
  ) );
#2685 = PCURVE('',#2634,#2686);
#2686 = DEFINITIONAL_REPRESENTATION('',(#2687),#2690);
#2687 = B_SPLINE_CURVE_WITH_KNOTS('',1,(#2688,#2689),.UNSPECIFIED.,.F.,
  .F.,(2,2),(20.463756024558,25.667921023224),.PIECEWISE_BEZIER_KNOTS.);
#2688 = CARTESIAN_POINT('',(10.226497308104,-38.));
#2689 = CARTESIAN_POINT('',(13.113248654052,-42.33012701892));
#2690 = ( GEOMETRIC_REPRESENTATION_CONTEXT(2) 
PARAMETRIC_REPRESENTATION_CONTEXT() REPRESENTATION_CONTEXT('2D SPACE',''
  ) );
#2691 = ADVANCED_FACE('',(#2692),#2484,.F.);
#2692 = FACE_BOUND('',#2693,.F.);
#2693 = EDGE_LOOP('',(#2694,#2717,#2718,#2719));
#2694 = ORIENTED_EDGE('',*,*,#2695,.T.);
#2695 = EDGE_CURVE('',#2696,#2444,#2698,.T.);
#2696 = VERTEX_POINT('',#2697);
#2697 = CARTESIAN_POINT('',(-33.66987298107,-14.55662432702,2.5));
#2698 = SURFACE_CURVE('',#2699,(#2703,#2710),.PCURVE_S1.);
#2699 = LINE('',#2700,#2701);
#2700 = CARTESIAN_POINT('',(-33.66987298107,-21.,2.5));
#2701 = VECTOR('',#2702,1.);
#2702 = DIRECTION('',(0.,1.,0.));
#2703 = PCURVE('',#2484,#2704);
#2704 = DEFINITIONAL_REPRESENTATION('',(#2705),#2709);
#2705 = LINE('',#2706,#2707);
#2706 = CARTESIAN_POINT('',(0.,21.));
#2707 = VECTOR('',#2708,1.);
#2708 = DIRECTION('',(0.,-1.));
#2709 = ( GEOMETRIC_REPRESENTATION_CONTEXT(2) 
PARAMETRIC_REPRESENTATION_CONTEXT() REPRESENTATION_CONTEXT('2D SPACE',''
  ) );
#2710 = PCURVE('',#2458,#2711);
#2711 = DEFINITIONAL_REPRESENTATION('',(#2712),#2716);
#2712 = LINE('',#2713,#2714);
#2713 = CARTESIAN_POINT('',(5.,21.));
#2714 = VECTOR('',#2715,1.);
#2715 = DIRECTION('',(0.,-1.));
#2716 = ( GEOMETRIC_REPRESENTATION_CONTEXT(2) 
PARAMETRIC_REPRESENTATION_CONTEXT() REPRESENTATION_CONTEXT('2D SPACE',''
  ) );
#2717 = ORIENTED_EDGE('',*,*,#2469,.F.);
#2718 = ORIENTED_EDGE('',*,*,#2648,.F.);
#2719 = ORIENTED_EDGE('',*,*,#2720,.F.);
#2720 = EDGE_CURVE('',#2696,#2649,#2721,.T.);
#2721 = SURFACE_CURVE('',#2722,(#2726,#2732),.PCURVE_S1.);
#2722 = LINE('',#2723,#2724);
#2723 = CARTESIAN_POINT('',(-26.72066175322,-16.87302806964,
    -1.512128973059));
#2724 = VECTOR('',#2725,1.);
#2725 = DIRECTION('',(-0.832050294338,0.277350098113,0.480384461415));
#2726 = PCURVE('',#2484,#2727);
#2727 = DEFINITIONAL_REPRESENTATION('',(#2728),#2731);
#2728 = B_SPLINE_CURVE_WITH_KNOTS('',1,(#2729,#2730),.UNSPECIFIED.,.F.,
  .F.,(2,2),(8.351912468691,13.556077467356),.PIECEWISE_BEZIER_KNOTS.);
#2729 = CARTESIAN_POINT('',(8.198734621577E-16,14.556624327026));
#2730 = CARTESIAN_POINT('',(5.,13.113248654052));
#2731 = ( GEOMETRIC_REPRESENTATION_CONTEXT(2) 
PARAMETRIC_REPRESENTATION_CONTEXT() REPRESENTATION_CONTEXT('2D SPACE',''
  ) );
#2732 = PCURVE('',#2634,#2733);
#2733 = DEFINITIONAL_REPRESENTATION('',(#2734),#2737);
#2734 = B_SPLINE_CURVE_WITH_KNOTS('',1,(#2735,#2736),.UNSPECIFIED.,.F.,
  .F.,(2,2),(8.351912468691,13.556077467356),.PIECEWISE_BEZIER_KNOTS.);
#2735 = CARTESIAN_POINT('',(13.113248654052,-33.66987298107));
#2736 = CARTESIAN_POINT('',(10.226497308104,-38.));
#2737 = ( GEOMETRIC_REPRESENTATION_CONTEXT(2) 
PARAMETRIC_REPRESENTATION_CONTEXT() REPRESENTATION_CONTEXT('2D SPACE',''
  ) );
#2738 = ADVANCED_FACE('',(#2739),#2458,.F.);
#2739 = FACE_BOUND('',#2740,.F.);
#2740 = EDGE_LOOP('',(#2741,#2771,#2790,#2791,#2792,#2813));
#2741 = ORIENTED_EDGE('',*,*,#2742,.T.);
#2742 = EDGE_CURVE('',#2743,#2745,#2747,.T.);
#2743 = VERTEX_POINT('',#2744);
#2744 = CARTESIAN_POINT('',(-33.66987298107,-14.55662432702,-2.5));
#2745 = VERTEX_POINT('',#2746);
#2746 = CARTESIAN_POINT('',(-33.66987298107,14.556624327026,-2.5));
#2747 = SURFACE_CURVE('',#2748,(#2752,#2759),.PCURVE_S1.);
#2748 = LINE('',#2749,#2750);
#2749 = CARTESIAN_POINT('',(-33.66987298107,-21.,-2.5));
#2750 = VECTOR('',#2751,1.);
#2751 = DIRECTION('',(0.,1.,0.));
#2752 = PCURVE('',#2458,#2753);
#2753 = DEFINITIONAL_REPRESENTATION('',(#2754),#2758);
#2754 = LINE('',#2755,#2756);
#2755 = CARTESIAN_POINT('',(0.,21.));
#2756 = VECTOR('',#2757,1.);
#2757 = DIRECTION('',(0.,-1.));
#2758 = ( GEOMETRIC_REPRESENTATION_CONTEXT(2) 
PARAMETRIC_REPRESENTATION_CONTEXT() REPRESENTATION_CONTEXT('2D SPACE',''
  ) );
#2759 = PCURVE('',#2760,#2765);
#2760 = PLANE('',#2761);
#2761 = AXIS2_PLACEMENT_3D('',#2762,#2763,#2764);
#2762 = CARTESIAN_POINT('',(-38.,0.,-5.));
#2763 = DIRECTION('',(0.5,0.,-0.866025403784));
#2764 = DIRECTION('',(0.866025403784,0.,0.5));
#2765 = DEFINITIONAL_REPRESENTATION('',(#2766),#2770);
#2766 = LINE('',#2767,#2768);
#2767 = CARTESIAN_POINT('',(5.,21.));
#2768 = VECTOR('',#2769,1.);
#2769 = DIRECTION('',(0.,-1.));
#2770 = ( GEOMETRIC_REPRESENTATION_CONTEXT(2) 
PARAMETRIC_REPRESENTATION_CONTEXT() REPRESENTATION_CONTEXT('2D SPACE',''
  ) );
#2771 = ORIENTED_EDGE('',*,*,#2772,.F.);
#2772 = EDGE_CURVE('',#2421,#2745,#2773,.T.);
#2773 = SURFACE_CURVE('',#2774,(#2778,#2784),.PCURVE_S1.);
#2774 = LINE('',#2775,#2776);
#2775 = CARTESIAN_POINT('',(-33.66987298107,9.458734122635,
    -11.32980484541));
#2776 = VECTOR('',#2777,1.);
#2777 = DIRECTION('',(-1.538370149107E-16,-0.5,-0.866025403784));
#2778 = PCURVE('',#2458,#2779);
#2779 = DEFINITIONAL_REPRESENTATION('',(#2780),#2783);
#2780 = B_SPLINE_CURVE_WITH_KNOTS('',1,(#2781,#2782),.UNSPECIFIED.,.F.,
  .F.,(2,2),(-13.08253175473,-10.19578040878),.PIECEWISE_BEZIER_KNOTS.);
#2781 = CARTESIAN_POINT('',(2.5,-16.));
#2782 = CARTESIAN_POINT('',(-1.21683366773E-15,-14.55662432702));
#2783 = ( GEOMETRIC_REPRESENTATION_CONTEXT(2) 
PARAMETRIC_REPRESENTATION_CONTEXT() REPRESENTATION_CONTEXT('2D SPACE',''
  ) );
#2784 = PCURVE('',#70,#2785);
#2785 = DEFINITIONAL_REPRESENTATION('',(#2786),#2789);
#2786 = B_SPLINE_CURVE_WITH_KNOTS('',1,(#2787,#2788),.UNSPECIFIED.,.F.,
  .F.,(2,2),(-13.08253175473,-10.19578040878),.PIECEWISE_BEZIER_KNOTS.);
#2787 = CARTESIAN_POINT('',(16.,-33.66987298107));
#2788 = CARTESIAN_POINT('',(13.113248654052,-33.66987298107));
#2789 = ( GEOMETRIC_REPRESENTATION_CONTEXT(2) 
PARAMETRIC_REPRESENTATION_CONTEXT() REPRESENTATION_CONTEXT('2D SPACE',''
  ) );
#2790 = ORIENTED_EDGE('',*,*,#2443,.F.);
#2791 = ORIENTED_EDGE('',*,*,#2695,.F.);
#2792 = ORIENTED_EDGE('',*,*,#2793,.F.);
#2793 = EDGE_CURVE('',#2794,#2696,#2796,.T.);
#2794 = VERTEX_POINT('',#2795);
#2795 = CARTESIAN_POINT('',(-33.66987298107,-16.,1.959434878636E-15));
#2796 = SURFACE_CURVE('',#2797,(#2801,#2807),.PCURVE_S1.);
#2797 = LINE('',#2798,#2799);
#2798 = CARTESIAN_POINT('',(-33.66987298107,-10.54126587736,
    9.454804845413));
#2799 = VECTOR('',#2800,1.);
#2800 = DIRECTION('',(1.538370149107E-16,0.5,0.866025403784));
#2801 = PCURVE('',#2458,#2802);
#2802 = DEFINITIONAL_REPRESENTATION('',(#2803),#2806);
#2803 = B_SPLINE_CURVE_WITH_KNOTS('',1,(#2804,#2805),.UNSPECIFIED.,.F.,
  .F.,(2,2),(-10.91746824526,-8.030716899321),.PIECEWISE_BEZIER_KNOTS.);
#2804 = CARTESIAN_POINT('',(2.5,16.));
#2805 = CARTESIAN_POINT('',(5.,14.556624327026));
#2806 = ( GEOMETRIC_REPRESENTATION_CONTEXT(2) 
PARAMETRIC_REPRESENTATION_CONTEXT() REPRESENTATION_CONTEXT('2D SPACE',''
  ) );
#2807 = PCURVE('',#2634,#2808);
#2808 = DEFINITIONAL_REPRESENTATION('',(#2809),#2812);
#2809 = B_SPLINE_CURVE_WITH_KNOTS('',1,(#2810,#2811),.UNSPECIFIED.,.F.,
  .F.,(2,2),(-10.91746824526,-8.030716899321),.PIECEWISE_BEZIER_KNOTS.);
#2810 = CARTESIAN_POINT('',(16.,-33.66987298107));
#2811 = CARTESIAN_POINT('',(13.113248654052,-33.66987298107));
#2812 = ( GEOMETRIC_REPRESENTATION_CONTEXT(2) 
PARAMETRIC_REPRESENTATION_CONTEXT() REPRESENTATION_CONTEXT('2D SPACE',''
  ) );
#2813 = ORIENTED_EDGE('',*,*,#2814,.F.);
#2814 = EDGE_CURVE('',#2743,#2794,#2815,.T.);
#2815 = SURFACE_CURVE('',#2816,(#2820,#2826),.PCURVE_S1.);
#2816 = LINE('',#2817,#2818);
#2817 = CARTESIAN_POINT('',(-33.66987298107,-13.45873412263,
    -4.401601615138));
#2818 = VECTOR('',#2819,1.);
#2819 = DIRECTION('',(1.538370149107E-16,-0.5,0.866025403784));
#2820 = PCURVE('',#2458,#2821);
#2821 = DEFINITIONAL_REPRESENTATION('',(#2822),#2825);
#2822 = B_SPLINE_CURVE_WITH_KNOTS('',1,(#2823,#2824),.UNSPECIFIED.,.F.,
  .F.,(2,2),(2.195780408782,5.082531754731),.PIECEWISE_BEZIER_KNOTS.);
#2823 = CARTESIAN_POINT('',(2.402212133591E-16,14.556624327026));
#2824 = CARTESIAN_POINT('',(2.5,16.));
#2825 = ( GEOMETRIC_REPRESENTATION_CONTEXT(2) 
PARAMETRIC_REPRESENTATION_CONTEXT() REPRESENTATION_CONTEXT('2D SPACE',''
  ) );
#2826 = PCURVE('',#2610,#2827);
#2827 = DEFINITIONAL_REPRESENTATION('',(#2828),#2831);
#2828 = B_SPLINE_CURVE_WITH_KNOTS('',1,(#2829,#2830),.UNSPECIFIED.,.F.,
  .F.,(2,2),(2.195780408782,5.082531754731),.PIECEWISE_BEZIER_KNOTS.);
#2829 = CARTESIAN_POINT('',(2.886751345948,-33.66987298107));
#2830 = CARTESIAN_POINT('',(0.,-33.66987298107));
#2831 = ( GEOMETRIC_REPRESENTATION_CONTEXT(2) 
PARAMETRIC_REPRESENTATION_CONTEXT() REPRESENTATION_CONTEXT('2D SPACE',''
  ) );
#2832 = ADVANCED_FACE('',(#2833),#70,.T.);
#2833 = FACE_BOUND('',#2834,.T.);
#2834 = EDGE_LOOP('',(#2835,#2863,#2891,#2919,#2947,#2948,#2949,#2970,
    #2989,#2990,#2991,#3012,#3038,#3064,#3083,#3084,#3105,#3131,#3157,
    #3176,#3177,#3198,#3224,#3250,#3269,#3270,#3291,#3317,#3343,#3362,
    #3363,#3384,#3410,#3436,#3455,#3456,#3477,#3503,#3529,#3548,#3549,
    #3570,#3596,#3622,#3641,#3642,#3679,#3707,#3735,#3761,#3787,#3813,
    #3839,#3865,#3891,#3919,#3945,#3971,#3997,#4023,#4049,#4075,#4103,
    #4129,#4155,#4181,#4207,#4233,#4259,#4287,#4313,#4339,#4365,#4391,
    #4417,#4443,#4471,#4497,#4523,#4549,#4575,#4601,#4627,#4655,#4681,
    #4707,#4733,#4759,#4785,#4811,#4839,#4865,#4891,#4917,#4943));
#2835 = ORIENTED_EDGE('',*,*,#2836,.F.);
#2836 = EDGE_CURVE('',#2837,#2839,#2841,.T.);
#2837 = VERTEX_POINT('',#2838);
#2838 = CARTESIAN_POINT('',(-33.39896904477,8.,-13.85640646055));
#2839 = VERTEX_POINT('',#2840);
#2840 = CARTESIAN_POINT('',(-36.96076951545,9.187266823562,-11.8));
#2841 = SURFACE_CURVE('',#2842,(#2846,#2852),.PCURVE_S1.);
#2842 = LINE('',#2843,#2844);
#2843 = CARTESIAN_POINT('',(-22.55861843882,4.386549798017,-20.115085801
    ));
#2844 = VECTOR('',#2845,1.);
#2845 = DIRECTION('',(-0.832050294338,0.277350098113,0.480384461415));
#2846 = PCURVE('',#70,#2847);
#2847 = DEFINITIONAL_REPRESENTATION('',(#2848),#2851);
#2848 = B_SPLINE_CURVE_WITH_KNOTS('',1,(#2849,#2850),.UNSPECIFIED.,.F.,
  .F.,(2,2),(13.028479984586,17.309231394598),.PIECEWISE_BEZIER_KNOTS.);
#2849 = CARTESIAN_POINT('',(3.792402429924E-16,-33.39896904477));
#2850 = CARTESIAN_POINT('',(2.374533647125,-36.96076951545));
#2851 = ( GEOMETRIC_REPRESENTATION_CONTEXT(2) 
PARAMETRIC_REPRESENTATION_CONTEXT() REPRESENTATION_CONTEXT('2D SPACE',''
  ) );
#2852 = PCURVE('',#2853,#2858);
#2853 = PLANE('',#2854);
#2854 = AXIS2_PLACEMENT_3D('',#2855,#2856,#2857);
#2855 = CARTESIAN_POINT('',(-36.96076951545,0.,-11.8));
#2856 = DIRECTION('',(-0.5,-0.,-0.866025403784));
#2857 = DIRECTION('',(0.866025403784,0.,-0.5));
#2858 = DEFINITIONAL_REPRESENTATION('',(#2859),#2862);
#2859 = B_SPLINE_CURVE_WITH_KNOTS('',1,(#2860,#2861),.UNSPECIFIED.,.F.,
  .F.,(2,2),(13.028479984586,17.309231394598),.PIECEWISE_BEZIER_KNOTS.);
#2860 = CARTESIAN_POINT('',(4.112812921102,-8.));
#2861 = CARTESIAN_POINT('',(-9.177228434554E-16,-9.187266823562));
#2862 = ( GEOMETRIC_REPRESENTATION_CONTEXT(2) 
PARAMETRIC_REPRESENTATION_CONTEXT() REPRESENTATION_CONTEXT('2D SPACE',''
  ) );
#2863 = ORIENTED_EDGE('',*,*,#2864,.T.);
#2864 = EDGE_CURVE('',#2837,#2865,#2867,.T.);
#2865 = VERTEX_POINT('',#2866);
#2866 = CARTESIAN_POINT('',(-60.,8.,-13.85640646055));
#2867 = SURFACE_CURVE('',#2868,(#2872,#2879),.PCURVE_S1.);
#2868 = LINE('',#2869,#2870);
#2869 = CARTESIAN_POINT('',(60.,8.,-13.85640646055));
#2870 = VECTOR('',#2871,1.);
#2871 = DIRECTION('',(-1.,0.,0.));
#2872 = PCURVE('',#70,#2873);
#2873 = DEFINITIONAL_REPRESENTATION('',(#2874),#2878);
#2874 = LINE('',#2875,#2876);
#2875 = CARTESIAN_POINT('',(0.,60.));
#2876 = VECTOR('',#2877,1.);
#2877 = DIRECTION('',(0.,-1.));
#2878 = ( GEOMETRIC_REPRESENTATION_CONTEXT(2) 
PARAMETRIC_REPRESENTATION_CONTEXT() REPRESENTATION_CONTEXT('2D SPACE',''
  ) );
#2879 = PCURVE('',#2880,#2885);
#2880 = PLANE('',#2881);
#2881 = AXIS2_PLACEMENT_3D('',#2882,#2883,#2884);
#2882 = CARTESIAN_POINT('',(0.,-8.,-13.85640646055));
#2883 = DIRECTION('',(0.,-2.22044604925E-16,-1.));
#2884 = DIRECTION('',(0.,1.,-2.22044604925E-16));
#2885 = DEFINITIONAL_REPRESENTATION('',(#2886),#2890);
#2886 = LINE('',#2887,#2888);
#2887 = CARTESIAN_POINT('',(16.,60.));
#2888 = VECTOR('',#2889,1.);
#2889 = DIRECTION('',(0.,-1.));
#2890 = ( GEOMETRIC_REPRESENTATION_CONTEXT(2) 
PARAMETRIC_REPRESENTATION_CONTEXT() REPRESENTATION_CONTEXT('2D SPACE',''
  ) );
#2891 = ORIENTED_EDGE('',*,*,#2892,.T.);
#2892 = EDGE_CURVE('',#2865,#2893,#2895,.T.);
#2893 = VERTEX_POINT('',#2894);
#2894 = CARTESIAN_POINT('',(-60.,9.418206931238,-11.4));
#2895 = SURFACE_CURVE('',#2896,(#2900,#2907),.PCURVE_S1.);
#2896 = LINE('',#2897,#2898);
#2897 = CARTESIAN_POINT('',(-60.,8.,-13.85640646055));
#2898 = VECTOR('',#2899,1.);
#2899 = DIRECTION('',(0.,0.5,0.866025403784));
#2900 = PCURVE('',#70,#2901);
#2901 = DEFINITIONAL_REPRESENTATION('',(#2902),#2906);
#2902 = LINE('',#2903,#2904);
#2903 = CARTESIAN_POINT('',(0.,-60.));
#2904 = VECTOR('',#2905,1.);
#2905 = DIRECTION('',(1.,0.));
#2906 = ( GEOMETRIC_REPRESENTATION_CONTEXT(2) 
PARAMETRIC_REPRESENTATION_CONTEXT() REPRESENTATION_CONTEXT('2D SPACE',''
  ) );
#2907 = PCURVE('',#2908,#2913);
#2908 = PLANE('',#2909);
#2909 = AXIS2_PLACEMENT_3D('',#2910,#2911,#2912);
#2910 = CARTESIAN_POINT('',(-60.,1.480297366167E-16,9.080106438912E-16)
  );
#2911 = DIRECTION('',(1.,0.,0.));
#2912 = DIRECTION('',(0.,1.,0.));
#2913 = DEFINITIONAL_REPRESENTATION('',(#2914),#2918);
#2914 = LINE('',#2915,#2916);
#2915 = CARTESIAN_POINT('',(8.,-13.85640646055));
#2916 = VECTOR('',#2917,1.);
#2917 = DIRECTION('',(0.5,0.866025403784));
#2918 = ( GEOMETRIC_REPRESENTATION_CONTEXT(2) 
PARAMETRIC_REPRESENTATION_CONTEXT() REPRESENTATION_CONTEXT('2D SPACE',''
  ) );
#2919 = ORIENTED_EDGE('',*,*,#2920,.F.);
#2920 = EDGE_CURVE('',#55,#2893,#2921,.T.);
#2921 = SURFACE_CURVE('',#2922,(#2927,#2934),.PCURVE_S1.);
#2922 = ELLIPSE('',#2923,13.163586137523,11.4);
#2923 = AXIS2_PLACEMENT_3D('',#2924,#2925,#2926);
#2924 = CARTESIAN_POINT('',(-60.,16.,-3.5527136788E-15));
#2925 = DIRECTION('',(0.,0.866025403784,-0.5));
#2926 = DIRECTION('',(0.,-0.5,-0.866025403784));
#2927 = PCURVE('',#70,#2928);
#2928 = DEFINITIONAL_REPRESENTATION('',(#2929),#2933);
#2929 = ELLIPSE('',#2930,13.163586137523,11.4);
#2930 = AXIS2_PLACEMENT_2D('',#2931,#2932);
#2931 = CARTESIAN_POINT('',(16.,-60.));
#2932 = DIRECTION('',(-1.,0.));
#2933 = ( GEOMETRIC_REPRESENTATION_CONTEXT(2) 
PARAMETRIC_REPRESENTATION_CONTEXT() REPRESENTATION_CONTEXT('2D SPACE',''
  ) );
#2934 = PCURVE('',#99,#2935);
#2935 = DEFINITIONAL_REPRESENTATION('',(#2936),#2946);
#2936 = B_SPLINE_CURVE_WITH_KNOTS('',8,(#2937,#2938,#2939,#2940,#2941,
    #2942,#2943,#2944,#2945),.UNSPECIFIED.,.F.,.F.,(9,9),(4.712388980385
    ,6.28318530718),.PIECEWISE_BEZIER_KNOTS.);
#2937 = CARTESIAN_POINT('',(6.28318530718,3.));
#2938 = CARTESIAN_POINT('',(6.08683576633,4.292332047017));
#2939 = CARTESIAN_POINT('',(5.890486225482,5.584664483485));
#2940 = CARTESIAN_POINT('',(5.694136684631,6.801072398068));
#2941 = CARTESIAN_POINT('',(5.497787143786,7.865648832969));
#2942 = CARTESIAN_POINT('',(5.301437602933,8.711798143706));
#2943 = CARTESIAN_POINT('',(5.105088062084,9.291794445631));
#2944 = CARTESIAN_POINT('',(4.908738521234,9.581793035213));
#2945 = CARTESIAN_POINT('',(4.712388980385,9.58179306175));
#2946 = ( GEOMETRIC_REPRESENTATION_CONTEXT(2) 
PARAMETRIC_REPRESENTATION_CONTEXT() REPRESENTATION_CONTEXT('2D SPACE',''
  ) );
#2947 = ORIENTED_EDGE('',*,*,#54,.F.);
#2948 = ORIENTED_EDGE('',*,*,#2546,.F.);
#2949 = ORIENTED_EDGE('',*,*,#2950,.F.);
#2950 = EDGE_CURVE('',#2951,#2547,#2953,.T.);
#2951 = VERTEX_POINT('',#2952);
#2952 = CARTESIAN_POINT('',(-38.,13.113248654052,-5.));
#2953 = SURFACE_CURVE('',#2954,(#2958,#2964),.PCURVE_S1.);
#2954 = LINE('',#2955,#2956);
#2955 = CARTESIAN_POINT('',(-22.97164593908,8.103797300415,
    -13.67662426254));
#2956 = VECTOR('',#2957,1.);
#2957 = DIRECTION('',(-0.832050294338,0.277350098113,0.480384461415));
#2958 = PCURVE('',#70,#2959);
#2959 = DEFINITIONAL_REPRESENTATION('',(#2960),#2963);
#2960 = B_SPLINE_CURVE_WITH_KNOTS('',1,(#2961,#2962),.UNSPECIFIED.,.F.,
  .F.,(2,2),(18.061833717482,23.265998716147),.PIECEWISE_BEZIER_KNOTS.);
#2961 = CARTESIAN_POINT('',(10.226497308104,-38.));
#2962 = CARTESIAN_POINT('',(13.113248654052,-42.33012701892));
#2963 = ( GEOMETRIC_REPRESENTATION_CONTEXT(2) 
PARAMETRIC_REPRESENTATION_CONTEXT() REPRESENTATION_CONTEXT('2D SPACE',''
  ) );
#2964 = PCURVE('',#2583,#2965);
#2965 = DEFINITIONAL_REPRESENTATION('',(#2966),#2969);
#2966 = B_SPLINE_CURVE_WITH_KNOTS('',1,(#2967,#2968),.UNSPECIFIED.,.F.,
  .F.,(2,2),(18.061833717482,23.265998716147),.PIECEWISE_BEZIER_KNOTS.);
#2967 = CARTESIAN_POINT('',(5.,-13.11324865405));
#2968 = CARTESIAN_POINT('',(-2.392187170352E-15,-14.55662432702));
#2969 = ( GEOMETRIC_REPRESENTATION_CONTEXT(2) 
PARAMETRIC_REPRESENTATION_CONTEXT() REPRESENTATION_CONTEXT('2D SPACE',''
  ) );
#2970 = ORIENTED_EDGE('',*,*,#2971,.F.);
#2971 = EDGE_CURVE('',#2745,#2951,#2972,.T.);
#2972 = SURFACE_CURVE('',#2973,(#2977,#2983),.PCURVE_S1.);
#2973 = LINE('',#2974,#2975);
#2974 = CARTESIAN_POINT('',(-28.71918191579,16.206854682119,
    0.358282819213));
#2975 = VECTOR('',#2976,1.);
#2976 = DIRECTION('',(-0.832050294338,-0.277350098113,-0.480384461415));
#2977 = PCURVE('',#70,#2978);
#2978 = DEFINITIONAL_REPRESENTATION('',(#2979),#2982);
#2979 = B_SPLINE_CURVE_WITH_KNOTS('',1,(#2980,#2981),.UNSPECIFIED.,.F.,
  .F.,(2,2),(5.949990161615,11.15415516028),.PIECEWISE_BEZIER_KNOTS.);
#2980 = CARTESIAN_POINT('',(13.113248654052,-33.66987298107));
#2981 = CARTESIAN_POINT('',(10.226497308104,-38.));
#2982 = ( GEOMETRIC_REPRESENTATION_CONTEXT(2) 
PARAMETRIC_REPRESENTATION_CONTEXT() REPRESENTATION_CONTEXT('2D SPACE',''
  ) );
#2983 = PCURVE('',#2760,#2984);
#2984 = DEFINITIONAL_REPRESENTATION('',(#2985),#2988);
#2985 = B_SPLINE_CURVE_WITH_KNOTS('',1,(#2986,#2987),.UNSPECIFIED.,.F.,
  .F.,(2,2),(5.949990161615,11.15415516028),.PIECEWISE_BEZIER_KNOTS.);
#2986 = CARTESIAN_POINT('',(5.,-14.55662432702));
#2987 = CARTESIAN_POINT('',(-2.09179067147E-16,-13.11324865405));
#2988 = ( GEOMETRIC_REPRESENTATION_CONTEXT(2) 
PARAMETRIC_REPRESENTATION_CONTEXT() REPRESENTATION_CONTEXT('2D SPACE',''
  ) );
#2989 = ORIENTED_EDGE('',*,*,#2772,.F.);
#2990 = ORIENTED_EDGE('',*,*,#2420,.F.);
#2991 = ORIENTED_EDGE('',*,*,#2992,.F.);
#2992 = EDGE_CURVE('',#2993,#2395,#2995,.T.);
#2993 = VERTEX_POINT('',#2994);
#2994 = CARTESIAN_POINT('',(-31.59141201199,14.556624327026,-2.5));
#2995 = SURFACE_CURVE('',#2996,(#3000,#3006),.PCURVE_S1.);
#2996 = LINE('',#2997,#2998);
#2997 = CARTESIAN_POINT('',(-31.59141201199,10.541265877365,
    -9.454804845413));
#2998 = VECTOR('',#2999,1.);
#2999 = DIRECTION('',(3.076740298214E-16,0.5,0.866025403784));
#3000 = PCURVE('',#70,#3001);
#3001 = DEFINITIONAL_REPRESENTATION('',(#3002),#3005);
#3002 = B_SPLINE_CURVE_WITH_KNOTS('',1,(#3003,#3004),.UNSPECIFIED.,.F.,
  .F.,(2,2),(8.030716899321,10.917468245269),.PIECEWISE_BEZIER_KNOTS.);
#3003 = CARTESIAN_POINT('',(13.113248654052,-31.59141201199));
#3004 = CARTESIAN_POINT('',(16.,-31.59141201199));
#3005 = ( GEOMETRIC_REPRESENTATION_CONTEXT(2) 
PARAMETRIC_REPRESENTATION_CONTEXT() REPRESENTATION_CONTEXT('2D SPACE',''
  ) );
#3006 = PCURVE('',#2409,#3007);
#3007 = DEFINITIONAL_REPRESENTATION('',(#3008),#3011);
#3008 = B_SPLINE_CURVE_WITH_KNOTS('',1,(#3009,#3010),.UNSPECIFIED.,.F.,
  .F.,(2,2),(8.030716899321,10.917468245269),.PIECEWISE_BEZIER_KNOTS.);
#3009 = CARTESIAN_POINT('',(5.,-14.55662432702));
#3010 = CARTESIAN_POINT('',(2.5,-16.));
#3011 = ( GEOMETRIC_REPRESENTATION_CONTEXT(2) 
PARAMETRIC_REPRESENTATION_CONTEXT() REPRESENTATION_CONTEXT('2D SPACE',''
  ) );
#3012 = ORIENTED_EDGE('',*,*,#3013,.F.);
#3013 = EDGE_CURVE('',#3014,#2993,#3016,.T.);
#3014 = VERTEX_POINT('',#3015);
#3015 = CARTESIAN_POINT('',(-27.26128499307,13.113248654052,-5.));
#3016 = SURFACE_CURVE('',#3017,(#3021,#3027),.PCURVE_S1.);
#3017 = LINE('',#3018,#3019);
#3018 = CARTESIAN_POINT('',(-15.95017843455,9.342879801214,
    -11.53047041639));
#3019 = VECTOR('',#3020,1.);
#3020 = DIRECTION('',(-0.832050294338,0.277350098113,0.480384461415));
#3021 = PCURVE('',#70,#3022);
#3022 = DEFINITIONAL_REPRESENTATION('',(#3023),#3026);
#3023 = B_SPLINE_CURVE_WITH_KNOTS('',1,(#3024,#3025),.UNSPECIFIED.,.F.,
  .F.,(2,2),(13.59425822632,18.798423224985),.PIECEWISE_BEZIER_KNOTS.);
#3024 = CARTESIAN_POINT('',(10.226497308104,-27.26128499307));
#3025 = CARTESIAN_POINT('',(13.113248654052,-31.59141201199));
#3026 = ( GEOMETRIC_REPRESENTATION_CONTEXT(2) 
PARAMETRIC_REPRESENTATION_CONTEXT() REPRESENTATION_CONTEXT('2D SPACE',''
  ) );
#3027 = PCURVE('',#3028,#3033);
#3028 = PLANE('',#3029);
#3029 = AXIS2_PLACEMENT_3D('',#3030,#3031,#3032);
#3030 = CARTESIAN_POINT('',(-31.59141201199,0.,-2.5));
#3031 = DIRECTION('',(-0.5,-0.,-0.866025403784));
#3032 = DIRECTION('',(0.866025403784,0.,-0.5));
#3033 = DEFINITIONAL_REPRESENTATION('',(#3034),#3037);
#3034 = B_SPLINE_CURVE_WITH_KNOTS('',1,(#3035,#3036),.UNSPECIFIED.,.F.,
  .F.,(2,2),(13.59425822632,18.798423224985),.PIECEWISE_BEZIER_KNOTS.);
#3035 = CARTESIAN_POINT('',(5.,-13.11324865405));
#3036 = CARTESIAN_POINT('',(-1.28633892518E-15,-14.55662432702));
#3037 = ( GEOMETRIC_REPRESENTATION_CONTEXT(2) 
PARAMETRIC_REPRESENTATION_CONTEXT() REPRESENTATION_CONTEXT('2D SPACE',''
  ) );
#3038 = ORIENTED_EDGE('',*,*,#3039,.F.);
#3039 = EDGE_CURVE('',#3040,#3014,#3042,.T.);
#3040 = VERTEX_POINT('',#3041);
#3041 = CARTESIAN_POINT('',(-22.93115797415,14.556624327026,-2.5));
#3042 = SURFACE_CURVE('',#3043,(#3047,#3053),.PCURVE_S1.);
#3043 = LINE('',#3044,#3045);
#3044 = CARTESIAN_POINT('',(-21.69771441127,14.96777218132,
    -1.787871026941));
#3045 = VECTOR('',#3046,1.);
#3046 = DIRECTION('',(-0.832050294338,-0.277350098113,-0.480384461415));
#3047 = PCURVE('',#70,#3048);
#3048 = DEFINITIONAL_REPRESENTATION('',(#3049),#3052);
#3049 = B_SPLINE_CURVE_WITH_KNOTS('',1,(#3050,#3051),.UNSPECIFIED.,.F.,
  .F.,(2,2),(1.482414670453,6.686579669118),.PIECEWISE_BEZIER_KNOTS.);
#3050 = CARTESIAN_POINT('',(13.113248654052,-22.93115797415));
#3051 = CARTESIAN_POINT('',(10.226497308104,-27.26128499307));
#3052 = ( GEOMETRIC_REPRESENTATION_CONTEXT(2) 
PARAMETRIC_REPRESENTATION_CONTEXT() REPRESENTATION_CONTEXT('2D SPACE',''
  ) );
#3053 = PCURVE('',#3054,#3059);
#3054 = PLANE('',#3055);
#3055 = AXIS2_PLACEMENT_3D('',#3056,#3057,#3058);
#3056 = CARTESIAN_POINT('',(-27.26128499307,0.,-5.));
#3057 = DIRECTION('',(0.5,0.,-0.866025403784));
#3058 = DIRECTION('',(0.866025403784,0.,0.5));
#3059 = DEFINITIONAL_REPRESENTATION('',(#3060),#3063);
#3060 = B_SPLINE_CURVE_WITH_KNOTS('',1,(#3061,#3062),.UNSPECIFIED.,.F.,
  .F.,(2,2),(1.482414670453,6.686579669118),.PIECEWISE_BEZIER_KNOTS.);
#3061 = CARTESIAN_POINT('',(5.,-14.55662432702));
#3062 = CARTESIAN_POINT('',(-2.005744184158E-16,-13.11324865405));
#3063 = ( GEOMETRIC_REPRESENTATION_CONTEXT(2) 
PARAMETRIC_REPRESENTATION_CONTEXT() REPRESENTATION_CONTEXT('2D SPACE',''
  ) );
#3064 = ORIENTED_EDGE('',*,*,#3065,.F.);
#3065 = EDGE_CURVE('',#2294,#3040,#3066,.T.);
#3066 = SURFACE_CURVE('',#3067,(#3071,#3077),.PCURVE_S1.);
#3067 = LINE('',#3068,#3069);
#3068 = CARTESIAN_POINT('',(-22.93115797415,9.458734122635,
    -11.32980484541));
#3069 = VECTOR('',#3070,1.);
#3070 = DIRECTION('',(-1.538370149107E-16,-0.5,-0.866025403784));
#3071 = PCURVE('',#70,#3072);
#3072 = DEFINITIONAL_REPRESENTATION('',(#3073),#3076);
#3073 = B_SPLINE_CURVE_WITH_KNOTS('',1,(#3074,#3075),.UNSPECIFIED.,.F.,
  .F.,(2,2),(-13.08253175473,-10.19578040878),.PIECEWISE_BEZIER_KNOTS.);
#3074 = CARTESIAN_POINT('',(16.,-22.93115797415));
#3075 = CARTESIAN_POINT('',(13.113248654052,-22.93115797415));
#3076 = ( GEOMETRIC_REPRESENTATION_CONTEXT(2) 
PARAMETRIC_REPRESENTATION_CONTEXT() REPRESENTATION_CONTEXT('2D SPACE',''
  ) );
#3077 = PCURVE('',#2331,#3078);
#3078 = DEFINITIONAL_REPRESENTATION('',(#3079),#3082);
#3079 = B_SPLINE_CURVE_WITH_KNOTS('',1,(#3080,#3081),.UNSPECIFIED.,.F.,
  .F.,(2,2),(-13.08253175473,-10.19578040878),.PIECEWISE_BEZIER_KNOTS.);
#3080 = CARTESIAN_POINT('',(2.5,-16.));
#3081 = CARTESIAN_POINT('',(8.354979108392E-17,-14.55662432702));
#3082 = ( GEOMETRIC_REPRESENTATION_CONTEXT(2) 
PARAMETRIC_REPRESENTATION_CONTEXT() REPRESENTATION_CONTEXT('2D SPACE',''
  ) );
#3083 = ORIENTED_EDGE('',*,*,#2293,.F.);
#3084 = ORIENTED_EDGE('',*,*,#3085,.F.);
#3085 = EDGE_CURVE('',#3086,#2268,#3088,.T.);
#3086 = VERTEX_POINT('',#3087);
#3087 = CARTESIAN_POINT('',(-20.85269700506,14.556624327026,-2.5));
#3088 = SURFACE_CURVE('',#3089,(#3093,#3099),.PCURVE_S1.);
#3089 = LINE('',#3090,#3091);
#3090 = CARTESIAN_POINT('',(-20.85269700506,10.541265877365,
    -9.454804845413));
#3091 = VECTOR('',#3092,1.);
#3092 = DIRECTION('',(3.076740298214E-16,0.5,0.866025403784));
#3093 = PCURVE('',#70,#3094);
#3094 = DEFINITIONAL_REPRESENTATION('',(#3095),#3098);
#3095 = B_SPLINE_CURVE_WITH_KNOTS('',1,(#3096,#3097),.UNSPECIFIED.,.F.,
  .F.,(2,2),(8.030716899321,10.917468245269),.PIECEWISE_BEZIER_KNOTS.);
#3096 = CARTESIAN_POINT('',(13.113248654052,-20.85269700506));
#3097 = CARTESIAN_POINT('',(16.,-20.85269700506));
#3098 = ( GEOMETRIC_REPRESENTATION_CONTEXT(2) 
PARAMETRIC_REPRESENTATION_CONTEXT() REPRESENTATION_CONTEXT('2D SPACE',''
  ) );
#3099 = PCURVE('',#2282,#3100);
#3100 = DEFINITIONAL_REPRESENTATION('',(#3101),#3104);
#3101 = B_SPLINE_CURVE_WITH_KNOTS('',1,(#3102,#3103),.UNSPECIFIED.,.F.,
  .F.,(2,2),(8.030716899321,10.917468245269),.PIECEWISE_BEZIER_KNOTS.);
#3102 = CARTESIAN_POINT('',(5.,-14.55662432702));
#3103 = CARTESIAN_POINT('',(2.5,-16.));
#3104 = ( GEOMETRIC_REPRESENTATION_CONTEXT(2) 
PARAMETRIC_REPRESENTATION_CONTEXT() REPRESENTATION_CONTEXT('2D SPACE',''
  ) );
#3105 = ORIENTED_EDGE('',*,*,#3106,.F.);
#3106 = EDGE_CURVE('',#3107,#3086,#3109,.T.);
#3107 = VERTEX_POINT('',#3108);
#3108 = CARTESIAN_POINT('',(-16.52256998614,13.113248654052,-5.));
#3109 = SURFACE_CURVE('',#3110,(#3114,#3120),.PCURVE_S1.);
#3110 = LINE('',#3111,#3112);
#3111 = CARTESIAN_POINT('',(-8.92871093003,10.581962302013,
    -9.384316570237));
#3112 = VECTOR('',#3113,1.);
#3113 = DIRECTION('',(-0.832050294338,0.277350098113,0.480384461415));
#3114 = PCURVE('',#70,#3115);
#3115 = DEFINITIONAL_REPRESENTATION('',(#3116),#3119);
#3116 = B_SPLINE_CURVE_WITH_KNOTS('',1,(#3117,#3118),.UNSPECIFIED.,.F.,
  .F.,(2,2),(9.126682735158,14.330847733823),.PIECEWISE_BEZIER_KNOTS.);
#3117 = CARTESIAN_POINT('',(10.226497308104,-16.52256998614));
#3118 = CARTESIAN_POINT('',(13.113248654052,-20.85269700506));
#3119 = ( GEOMETRIC_REPRESENTATION_CONTEXT(2) 
PARAMETRIC_REPRESENTATION_CONTEXT() REPRESENTATION_CONTEXT('2D SPACE',''
  ) );
#3120 = PCURVE('',#3121,#3126);
#3121 = PLANE('',#3122);
#3122 = AXIS2_PLACEMENT_3D('',#3123,#3124,#3125);
#3123 = CARTESIAN_POINT('',(-20.85269700506,0.,-2.5));
#3124 = DIRECTION('',(-0.5,-0.,-0.866025403784));
#3125 = DIRECTION('',(0.866025403784,0.,-0.5));
#3126 = DEFINITIONAL_REPRESENTATION('',(#3127),#3130);
#3127 = B_SPLINE_CURVE_WITH_KNOTS('',1,(#3128,#3129),.UNSPECIFIED.,.F.,
  .F.,(2,2),(9.126682735158,14.330847733823),.PIECEWISE_BEZIER_KNOTS.);
#3128 = CARTESIAN_POINT('',(5.,-13.11324865405));
#3129 = CARTESIAN_POINT('',(-3.198674645011E-16,-14.55662432702));
#3130 = ( GEOMETRIC_REPRESENTATION_CONTEXT(2) 
PARAMETRIC_REPRESENTATION_CONTEXT() REPRESENTATION_CONTEXT('2D SPACE',''
  ) );
#3131 = ORIENTED_EDGE('',*,*,#3132,.F.);
#3132 = EDGE_CURVE('',#3133,#3107,#3135,.T.);
#3133 = VERTEX_POINT('',#3134);
#3134 = CARTESIAN_POINT('',(-12.19244296722,14.556624327026,-2.5));
#3135 = SURFACE_CURVE('',#3136,(#3140,#3146),.PCURVE_S1.);
#3136 = LINE('',#3137,#3138);
#3137 = CARTESIAN_POINT('',(-14.67624690674,13.72868968052,
    -3.934024873094));
#3138 = VECTOR('',#3139,1.);
#3139 = DIRECTION('',(-0.832050294338,-0.277350098113,-0.480384461415));
#3140 = PCURVE('',#70,#3141);
#3141 = DEFINITIONAL_REPRESENTATION('',(#3142),#3145);
#3142 = B_SPLINE_CURVE_WITH_KNOTS('',1,(#3143,#3144),.UNSPECIFIED.,.F.,
  .F.,(2,2),(-2.985160820709,2.219004177956),.PIECEWISE_BEZIER_KNOTS.);
#3143 = CARTESIAN_POINT('',(13.113248654052,-12.19244296722));
#3144 = CARTESIAN_POINT('',(10.226497308104,-16.52256998614));
#3145 = ( GEOMETRIC_REPRESENTATION_CONTEXT(2) 
PARAMETRIC_REPRESENTATION_CONTEXT() REPRESENTATION_CONTEXT('2D SPACE',''
  ) );
#3146 = PCURVE('',#3147,#3152);
#3147 = PLANE('',#3148);
#3148 = AXIS2_PLACEMENT_3D('',#3149,#3150,#3151);
#3149 = CARTESIAN_POINT('',(-16.52256998614,0.,-5.));
#3150 = DIRECTION('',(0.5,0.,-0.866025403784));
#3151 = DIRECTION('',(0.866025403784,0.,0.5));
#3152 = DEFINITIONAL_REPRESENTATION('',(#3153),#3156);
#3153 = B_SPLINE_CURVE_WITH_KNOTS('',1,(#3154,#3155),.UNSPECIFIED.,.F.,
  .F.,(2,2),(-2.985160820709,2.219004177956),.PIECEWISE_BEZIER_KNOTS.);
#3154 = CARTESIAN_POINT('',(5.,-14.55662432702));
#3155 = CARTESIAN_POINT('',(2.695415382273E-16,-13.11324865405));
#3156 = ( GEOMETRIC_REPRESENTATION_CONTEXT(2) 
PARAMETRIC_REPRESENTATION_CONTEXT() REPRESENTATION_CONTEXT('2D SPACE',''
  ) );
#3157 = ORIENTED_EDGE('',*,*,#3158,.F.);
#3158 = EDGE_CURVE('',#2167,#3133,#3159,.T.);
#3159 = SURFACE_CURVE('',#3160,(#3164,#3170),.PCURVE_S1.);
#3160 = LINE('',#3161,#3162);
#3161 = CARTESIAN_POINT('',(-12.19244296722,9.458734122635,
    -11.32980484541));
#3162 = VECTOR('',#3163,1.);
#3163 = DIRECTION('',(-1.538370149107E-16,-0.5,-0.866025403784));
#3164 = PCURVE('',#70,#3165);
#3165 = DEFINITIONAL_REPRESENTATION('',(#3166),#3169);
#3166 = B_SPLINE_CURVE_WITH_KNOTS('',1,(#3167,#3168),.UNSPECIFIED.,.F.,
  .F.,(2,2),(-13.08253175473,-10.19578040878),.PIECEWISE_BEZIER_KNOTS.);
#3167 = CARTESIAN_POINT('',(16.,-12.19244296722));
#3168 = CARTESIAN_POINT('',(13.113248654052,-12.19244296722));
#3169 = ( GEOMETRIC_REPRESENTATION_CONTEXT(2) 
PARAMETRIC_REPRESENTATION_CONTEXT() REPRESENTATION_CONTEXT('2D SPACE',''
  ) );
#3170 = PCURVE('',#2204,#3171);
#3171 = DEFINITIONAL_REPRESENTATION('',(#3172),#3175);
#3172 = B_SPLINE_CURVE_WITH_KNOTS('',1,(#3173,#3174),.UNSPECIFIED.,.F.,
  .F.,(2,2),(-13.08253175473,-10.19578040878),.PIECEWISE_BEZIER_KNOTS.);
#3173 = CARTESIAN_POINT('',(2.5,-16.));
#3174 = CARTESIAN_POINT('',(-1.544368992095E-16,-14.55662432702));
#3175 = ( GEOMETRIC_REPRESENTATION_CONTEXT(2) 
PARAMETRIC_REPRESENTATION_CONTEXT() REPRESENTATION_CONTEXT('2D SPACE',''
  ) );
#3176 = ORIENTED_EDGE('',*,*,#2166,.F.);
#3177 = ORIENTED_EDGE('',*,*,#3178,.F.);
#3178 = EDGE_CURVE('',#3179,#2141,#3181,.T.);
#3179 = VERTEX_POINT('',#3180);
#3180 = CARTESIAN_POINT('',(-10.11398199814,14.556624327026,-2.5));
#3181 = SURFACE_CURVE('',#3182,(#3186,#3192),.PCURVE_S1.);
#3182 = LINE('',#3183,#3184);
#3183 = CARTESIAN_POINT('',(-10.11398199814,10.541265877365,
    -9.454804845413));
#3184 = VECTOR('',#3185,1.);
#3185 = DIRECTION('',(3.076740298214E-16,0.5,0.866025403784));
#3186 = PCURVE('',#70,#3187);
#3187 = DEFINITIONAL_REPRESENTATION('',(#3188),#3191);
#3188 = B_SPLINE_CURVE_WITH_KNOTS('',1,(#3189,#3190),.UNSPECIFIED.,.F.,
  .F.,(2,2),(8.030716899321,10.917468245269),.PIECEWISE_BEZIER_KNOTS.);
#3189 = CARTESIAN_POINT('',(13.113248654052,-10.11398199814));
#3190 = CARTESIAN_POINT('',(16.,-10.11398199814));
#3191 = ( GEOMETRIC_REPRESENTATION_CONTEXT(2) 
PARAMETRIC_REPRESENTATION_CONTEXT() REPRESENTATION_CONTEXT('2D SPACE',''
  ) );
#3192 = PCURVE('',#2155,#3193);
#3193 = DEFINITIONAL_REPRESENTATION('',(#3194),#3197);
#3194 = B_SPLINE_CURVE_WITH_KNOTS('',1,(#3195,#3196),.UNSPECIFIED.,.F.,
  .F.,(2,2),(8.030716899321,10.917468245269),.PIECEWISE_BEZIER_KNOTS.);
#3195 = CARTESIAN_POINT('',(5.,-14.55662432702));
#3196 = CARTESIAN_POINT('',(2.5,-16.));
#3197 = ( GEOMETRIC_REPRESENTATION_CONTEXT(2) 
PARAMETRIC_REPRESENTATION_CONTEXT() REPRESENTATION_CONTEXT('2D SPACE',''
  ) );
#3198 = ORIENTED_EDGE('',*,*,#3199,.F.);
#3199 = EDGE_CURVE('',#3200,#3179,#3202,.T.);
#3200 = VERTEX_POINT('',#3201);
#3201 = CARTESIAN_POINT('',(-5.783854979219,13.113248654052,-5.));
#3202 = SURFACE_CURVE('',#3203,(#3207,#3213),.PCURVE_S1.);
#3203 = LINE('',#3204,#3205);
#3204 = CARTESIAN_POINT('',(-1.9072434255,11.821044802812,
    -7.238162724083));
#3205 = VECTOR('',#3206,1.);
#3206 = DIRECTION('',(-0.832050294338,0.277350098113,0.480384461415));
#3207 = PCURVE('',#70,#3208);
#3208 = DEFINITIONAL_REPRESENTATION('',(#3209),#3212);
#3209 = B_SPLINE_CURVE_WITH_KNOTS('',1,(#3210,#3211),.UNSPECIFIED.,.F.,
  .F.,(2,2),(4.659107243996,9.863272242661),.PIECEWISE_BEZIER_KNOTS.);
#3210 = CARTESIAN_POINT('',(10.226497308104,-5.783854979219));
#3211 = CARTESIAN_POINT('',(13.113248654052,-10.11398199814));
#3212 = ( GEOMETRIC_REPRESENTATION_CONTEXT(2) 
PARAMETRIC_REPRESENTATION_CONTEXT() REPRESENTATION_CONTEXT('2D SPACE',''
  ) );
#3213 = PCURVE('',#3214,#3219);
#3214 = PLANE('',#3215);
#3215 = AXIS2_PLACEMENT_3D('',#3216,#3217,#3218);
#3216 = CARTESIAN_POINT('',(-10.11398199814,0.,-2.5));
#3217 = DIRECTION('',(-0.5,-0.,-0.866025403784));
#3218 = DIRECTION('',(0.866025403784,0.,-0.5));
#3219 = DEFINITIONAL_REPRESENTATION('',(#3220),#3223);
#3220 = B_SPLINE_CURVE_WITH_KNOTS('',1,(#3221,#3222),.UNSPECIFIED.,.F.,
  .F.,(2,2),(4.659107243996,9.863272242661),.PIECEWISE_BEZIER_KNOTS.);
#3221 = CARTESIAN_POINT('',(5.,-13.11324865405));
#3222 = CARTESIAN_POINT('',(-1.129752843223E-15,-14.55662432702));
#3223 = ( GEOMETRIC_REPRESENTATION_CONTEXT(2) 
PARAMETRIC_REPRESENTATION_CONTEXT() REPRESENTATION_CONTEXT('2D SPACE',''
  ) );
#3224 = ORIENTED_EDGE('',*,*,#3225,.F.);
#3225 = EDGE_CURVE('',#3226,#3200,#3228,.T.);
#3226 = VERTEX_POINT('',#3227);
#3227 = CARTESIAN_POINT('',(-1.453727960297,14.556624327026,-2.5));
#3228 = SURFACE_CURVE('',#3229,(#3233,#3239),.PCURVE_S1.);
#3229 = LINE('',#3230,#3231);
#3230 = CARTESIAN_POINT('',(-7.654779402212,12.489607179721,
    -6.080178719248));
#3231 = VECTOR('',#3232,1.);
#3232 = DIRECTION('',(-0.832050294338,-0.277350098113,-0.480384461415));
#3233 = PCURVE('',#70,#3234);
#3234 = DEFINITIONAL_REPRESENTATION('',(#3235),#3238);
#3235 = B_SPLINE_CURVE_WITH_KNOTS('',1,(#3236,#3237),.UNSPECIFIED.,.F.,
  .F.,(2,2),(-7.452736311871,-2.248571313206),.PIECEWISE_BEZIER_KNOTS.);
#3236 = CARTESIAN_POINT('',(13.113248654052,-1.453727960297));
#3237 = CARTESIAN_POINT('',(10.226497308104,-5.783854979219));
#3238 = ( GEOMETRIC_REPRESENTATION_CONTEXT(2) 
PARAMETRIC_REPRESENTATION_CONTEXT() REPRESENTATION_CONTEXT('2D SPACE',''
  ) );
#3239 = PCURVE('',#3240,#3245);
#3240 = PLANE('',#3241);
#3241 = AXIS2_PLACEMENT_3D('',#3242,#3243,#3244);
#3242 = CARTESIAN_POINT('',(-5.783854979219,0.,-5.));
#3243 = DIRECTION('',(0.5,0.,-0.866025403784));
#3244 = DIRECTION('',(0.866025403784,0.,0.5));
#3245 = DEFINITIONAL_REPRESENTATION('',(#3246),#3249);
#3246 = B_SPLINE_CURVE_WITH_KNOTS('',1,(#3247,#3248),.UNSPECIFIED.,.F.,
  .F.,(2,2),(-7.452736311871,-2.248571313206),.PIECEWISE_BEZIER_KNOTS.);
#3247 = CARTESIAN_POINT('',(5.,-14.55662432702));
#3248 = CARTESIAN_POINT('',(-9.625463064446E-17,-13.11324865405));
#3249 = ( GEOMETRIC_REPRESENTATION_CONTEXT(2) 
PARAMETRIC_REPRESENTATION_CONTEXT() REPRESENTATION_CONTEXT('2D SPACE',''
  ) );
#3250 = ORIENTED_EDGE('',*,*,#3251,.F.);
#3251 = EDGE_CURVE('',#2040,#3226,#3252,.T.);
#3252 = SURFACE_CURVE('',#3253,(#3257,#3263),.PCURVE_S1.);
#3253 = LINE('',#3254,#3255);
#3254 = CARTESIAN_POINT('',(-1.453727960297,9.458734122635,
    -11.32980484541));
#3255 = VECTOR('',#3256,1.);
#3256 = DIRECTION('',(-1.538370149107E-16,-0.5,-0.866025403784));
#3257 = PCURVE('',#70,#3258);
#3258 = DEFINITIONAL_REPRESENTATION('',(#3259),#3262);
#3259 = B_SPLINE_CURVE_WITH_KNOTS('',1,(#3260,#3261),.UNSPECIFIED.,.F.,
  .F.,(2,2),(-13.08253175473,-10.19578040878),.PIECEWISE_BEZIER_KNOTS.);
#3260 = CARTESIAN_POINT('',(16.,-1.453727960297));
#3261 = CARTESIAN_POINT('',(13.113248654052,-1.453727960297));
#3262 = ( GEOMETRIC_REPRESENTATION_CONTEXT(2) 
PARAMETRIC_REPRESENTATION_CONTEXT() REPRESENTATION_CONTEXT('2D SPACE',''
  ) );
#3263 = PCURVE('',#2077,#3264);
#3264 = DEFINITIONAL_REPRESENTATION('',(#3265),#3268);
#3265 = B_SPLINE_CURVE_WITH_KNOTS('',1,(#3266,#3267),.UNSPECIFIED.,.F.,
  .F.,(2,2),(-13.08253175473,-10.19578040878),.PIECEWISE_BEZIER_KNOTS.);
#3266 = CARTESIAN_POINT('',(2.5,-16.));
#3267 = CARTESIAN_POINT('',(-1.544368992095E-16,-14.55662432702));
#3268 = ( GEOMETRIC_REPRESENTATION_CONTEXT(2) 
PARAMETRIC_REPRESENTATION_CONTEXT() REPRESENTATION_CONTEXT('2D SPACE',''
  ) );
#3269 = ORIENTED_EDGE('',*,*,#2039,.F.);
#3270 = ORIENTED_EDGE('',*,*,#3271,.F.);
#3271 = EDGE_CURVE('',#3272,#2014,#3274,.T.);
#3272 = VERTEX_POINT('',#3273);
#3273 = CARTESIAN_POINT('',(0.624733008786,14.556624327026,-2.5));
#3274 = SURFACE_CURVE('',#3275,(#3279,#3285),.PCURVE_S1.);
#3275 = LINE('',#3276,#3277);
#3276 = CARTESIAN_POINT('',(0.624733008786,10.541265877365,
    -9.454804845413));
#3277 = VECTOR('',#3278,1.);
#3278 = DIRECTION('',(3.076740298214E-16,0.5,0.866025403784));
#3279 = PCURVE('',#70,#3280);
#3280 = DEFINITIONAL_REPRESENTATION('',(#3281),#3284);
#3281 = B_SPLINE_CURVE_WITH_KNOTS('',1,(#3282,#3283),.UNSPECIFIED.,.F.,
  .F.,(2,2),(8.030716899321,10.917468245269),.PIECEWISE_BEZIER_KNOTS.);
#3282 = CARTESIAN_POINT('',(13.113248654052,0.624733008786));
#3283 = CARTESIAN_POINT('',(16.,0.624733008786));
#3284 = ( GEOMETRIC_REPRESENTATION_CONTEXT(2) 
PARAMETRIC_REPRESENTATION_CONTEXT() REPRESENTATION_CONTEXT('2D SPACE',''
  ) );
#3285 = PCURVE('',#2028,#3286);
#3286 = DEFINITIONAL_REPRESENTATION('',(#3287),#3290);
#3287 = B_SPLINE_CURVE_WITH_KNOTS('',1,(#3288,#3289),.UNSPECIFIED.,.F.,
  .F.,(2,2),(8.030716899321,10.917468245269),.PIECEWISE_BEZIER_KNOTS.);
#3288 = CARTESIAN_POINT('',(5.,-14.55662432702));
#3289 = CARTESIAN_POINT('',(2.5,-16.));
#3290 = ( GEOMETRIC_REPRESENTATION_CONTEXT(2) 
PARAMETRIC_REPRESENTATION_CONTEXT() REPRESENTATION_CONTEXT('2D SPACE',''
  ) );
#3291 = ORIENTED_EDGE('',*,*,#3292,.F.);
#3292 = EDGE_CURVE('',#3293,#3272,#3295,.T.);
#3293 = VERTEX_POINT('',#3294);
#3294 = CARTESIAN_POINT('',(4.954860027708,13.113248654052,-5.));
#3295 = SURFACE_CURVE('',#3296,(#3300,#3306),.PCURVE_S1.);
#3296 = LINE('',#3297,#3298);
#3297 = CARTESIAN_POINT('',(5.114224079029,13.060127303612,
    -5.092008877929));
#3298 = VECTOR('',#3299,1.);
#3299 = DIRECTION('',(-0.832050294338,0.277350098113,0.480384461415));
#3300 = PCURVE('',#70,#3301);
#3301 = DEFINITIONAL_REPRESENTATION('',(#3302),#3305);
#3302 = B_SPLINE_CURVE_WITH_KNOTS('',1,(#3303,#3304),.UNSPECIFIED.,.F.,
  .F.,(2,2),(0.191531752834,5.395696751499),.PIECEWISE_BEZIER_KNOTS.);
#3303 = CARTESIAN_POINT('',(10.226497308104,4.954860027708));
#3304 = CARTESIAN_POINT('',(13.113248654052,0.624733008786));
#3305 = ( GEOMETRIC_REPRESENTATION_CONTEXT(2) 
PARAMETRIC_REPRESENTATION_CONTEXT() REPRESENTATION_CONTEXT('2D SPACE',''
  ) );
#3306 = PCURVE('',#3307,#3312);
#3307 = PLANE('',#3308);
#3308 = AXIS2_PLACEMENT_3D('',#3309,#3310,#3311);
#3309 = CARTESIAN_POINT('',(0.624733008786,0.,-2.5));
#3310 = DIRECTION('',(-0.5,-0.,-0.866025403784));
#3311 = DIRECTION('',(0.866025403784,0.,-0.5));
#3312 = DEFINITIONAL_REPRESENTATION('',(#3313),#3316);
#3313 = B_SPLINE_CURVE_WITH_KNOTS('',1,(#3314,#3315),.UNSPECIFIED.,.F.,
  .F.,(2,2),(0.191531752834,5.395696751499),.PIECEWISE_BEZIER_KNOTS.);
#3314 = CARTESIAN_POINT('',(5.,-13.11324865405));
#3315 = CARTESIAN_POINT('',(-1.632813825445E-16,-14.55662432702));
#3316 = ( GEOMETRIC_REPRESENTATION_CONTEXT(2) 
PARAMETRIC_REPRESENTATION_CONTEXT() REPRESENTATION_CONTEXT('2D SPACE',''
  ) );
#3317 = ORIENTED_EDGE('',*,*,#3318,.F.);
#3318 = EDGE_CURVE('',#3319,#3293,#3321,.T.);
#3319 = VERTEX_POINT('',#3320);
#3320 = CARTESIAN_POINT('',(9.28498704663,14.556624327026,-2.5));
#3321 = SURFACE_CURVE('',#3322,(#3326,#3332),.PCURVE_S1.);
#3322 = LINE('',#3323,#3324);
#3323 = CARTESIAN_POINT('',(-0.633311897682,11.250524678922,
    -8.226332565402));
#3324 = VECTOR('',#3325,1.);
#3325 = DIRECTION('',(-0.832050294338,-0.277350098113,-0.480384461415));
#3326 = PCURVE('',#70,#3327);
#3327 = DEFINITIONAL_REPRESENTATION('',(#3328),#3331);
#3328 = B_SPLINE_CURVE_WITH_KNOTS('',1,(#3329,#3330),.UNSPECIFIED.,.F.,
  .F.,(2,2),(-11.92031180303,-6.716146804368),.PIECEWISE_BEZIER_KNOTS.);
#3329 = CARTESIAN_POINT('',(13.113248654052,9.28498704663));
#3330 = CARTESIAN_POINT('',(10.226497308104,4.954860027708));
#3331 = ( GEOMETRIC_REPRESENTATION_CONTEXT(2) 
PARAMETRIC_REPRESENTATION_CONTEXT() REPRESENTATION_CONTEXT('2D SPACE',''
  ) );
#3332 = PCURVE('',#3333,#3338);
#3333 = PLANE('',#3334);
#3334 = AXIS2_PLACEMENT_3D('',#3335,#3336,#3337);
#3335 = CARTESIAN_POINT('',(4.954860027708,0.,-5.));
#3336 = DIRECTION('',(0.5,0.,-0.866025403784));
#3337 = DIRECTION('',(0.866025403784,0.,0.5));
#3338 = DEFINITIONAL_REPRESENTATION('',(#3339),#3342);
#3339 = B_SPLINE_CURVE_WITH_KNOTS('',1,(#3340,#3341),.UNSPECIFIED.,.F.,
  .F.,(2,2),(-11.92031180303,-6.716146804368),.PIECEWISE_BEZIER_KNOTS.);
#3340 = CARTESIAN_POINT('',(5.,-14.55662432702));
#3341 = CARTESIAN_POINT('',(-1.399162760985E-16,-13.11324865405));
#3342 = ( GEOMETRIC_REPRESENTATION_CONTEXT(2) 
PARAMETRIC_REPRESENTATION_CONTEXT() REPRESENTATION_CONTEXT('2D SPACE',''
  ) );
#3343 = ORIENTED_EDGE('',*,*,#3344,.F.);
#3344 = EDGE_CURVE('',#1913,#3319,#3345,.T.);
#3345 = SURFACE_CURVE('',#3346,(#3350,#3356),.PCURVE_S1.);
#3346 = LINE('',#3347,#3348);
#3347 = CARTESIAN_POINT('',(9.28498704663,9.458734122635,-11.32980484541
    ));
#3348 = VECTOR('',#3349,1.);
#3349 = DIRECTION('',(-1.538370149107E-16,-0.5,-0.866025403784));
#3350 = PCURVE('',#70,#3351);
#3351 = DEFINITIONAL_REPRESENTATION('',(#3352),#3355);
#3352 = B_SPLINE_CURVE_WITH_KNOTS('',1,(#3353,#3354),.UNSPECIFIED.,.F.,
  .F.,(2,2),(-13.08253175473,-10.19578040878),.PIECEWISE_BEZIER_KNOTS.);
#3353 = CARTESIAN_POINT('',(16.,9.28498704663));
#3354 = CARTESIAN_POINT('',(13.113248654052,9.28498704663));
#3355 = ( GEOMETRIC_REPRESENTATION_CONTEXT(2) 
PARAMETRIC_REPRESENTATION_CONTEXT() REPRESENTATION_CONTEXT('2D SPACE',''
  ) );
#3356 = PCURVE('',#1950,#3357);
#3357 = DEFINITIONAL_REPRESENTATION('',(#3358),#3361);
#3358 = B_SPLINE_CURVE_WITH_KNOTS('',1,(#3359,#3360),.UNSPECIFIED.,.F.,
  .F.,(2,2),(-13.08253175473,-10.19578040878),.PIECEWISE_BEZIER_KNOTS.);
#3359 = CARTESIAN_POINT('',(2.5,-16.));
#3360 = CARTESIAN_POINT('',(-1.544368992095E-16,-14.55662432702));
#3361 = ( GEOMETRIC_REPRESENTATION_CONTEXT(2) 
PARAMETRIC_REPRESENTATION_CONTEXT() REPRESENTATION_CONTEXT('2D SPACE',''
  ) );
#3362 = ORIENTED_EDGE('',*,*,#1912,.F.);
#3363 = ORIENTED_EDGE('',*,*,#3364,.F.);
#3364 = EDGE_CURVE('',#3365,#1887,#3367,.T.);
#3365 = VERTEX_POINT('',#3366);
#3366 = CARTESIAN_POINT('',(11.363448015713,14.556624327026,-2.5));
#3367 = SURFACE_CURVE('',#3368,(#3372,#3378),.PCURVE_S1.);
#3368 = LINE('',#3369,#3370);
#3369 = CARTESIAN_POINT('',(11.363448015713,10.541265877365,
    -9.454804845413));
#3370 = VECTOR('',#3371,1.);
#3371 = DIRECTION('',(3.076740298214E-16,0.5,0.866025403784));
#3372 = PCURVE('',#70,#3373);
#3373 = DEFINITIONAL_REPRESENTATION('',(#3374),#3377);
#3374 = B_SPLINE_CURVE_WITH_KNOTS('',1,(#3375,#3376),.UNSPECIFIED.,.F.,
  .F.,(2,2),(8.030716899321,10.917468245269),.PIECEWISE_BEZIER_KNOTS.);
#3375 = CARTESIAN_POINT('',(13.113248654052,11.363448015713));
#3376 = CARTESIAN_POINT('',(16.,11.363448015713));
#3377 = ( GEOMETRIC_REPRESENTATION_CONTEXT(2) 
PARAMETRIC_REPRESENTATION_CONTEXT() REPRESENTATION_CONTEXT('2D SPACE',''
  ) );
#3378 = PCURVE('',#1901,#3379);
#3379 = DEFINITIONAL_REPRESENTATION('',(#3380),#3383);
#3380 = B_SPLINE_CURVE_WITH_KNOTS('',1,(#3381,#3382),.UNSPECIFIED.,.F.,
  .F.,(2,2),(8.030716899321,10.917468245269),.PIECEWISE_BEZIER_KNOTS.);
#3381 = CARTESIAN_POINT('',(5.,-14.55662432702));
#3382 = CARTESIAN_POINT('',(2.5,-16.));
#3383 = ( GEOMETRIC_REPRESENTATION_CONTEXT(2) 
PARAMETRIC_REPRESENTATION_CONTEXT() REPRESENTATION_CONTEXT('2D SPACE',''
  ) );
#3384 = ORIENTED_EDGE('',*,*,#3385,.F.);
#3385 = EDGE_CURVE('',#3386,#3365,#3388,.T.);
#3386 = VERTEX_POINT('',#3387);
#3387 = CARTESIAN_POINT('',(15.693575034635,13.113248654052,-5.));
#3388 = SURFACE_CURVE('',#3389,(#3393,#3399),.PCURVE_S1.);
#3389 = LINE('',#3390,#3391);
#3390 = CARTESIAN_POINT('',(12.135691583558,14.299209804411,
    -2.945855031775));
#3391 = VECTOR('',#3392,1.);
#3392 = DIRECTION('',(-0.832050294338,0.277350098113,0.480384461415));
#3393 = PCURVE('',#70,#3394);
#3394 = DEFINITIONAL_REPRESENTATION('',(#3395),#3398);
#3395 = B_SPLINE_CURVE_WITH_KNOTS('',1,(#3396,#3397),.UNSPECIFIED.,.F.,
  .F.,(2,2),(-4.276043738328,0.928121260338),.PIECEWISE_BEZIER_KNOTS.);
#3396 = CARTESIAN_POINT('',(10.226497308104,15.693575034635));
#3397 = CARTESIAN_POINT('',(13.113248654052,11.363448015713));
#3398 = ( GEOMETRIC_REPRESENTATION_CONTEXT(2) 
PARAMETRIC_REPRESENTATION_CONTEXT() REPRESENTATION_CONTEXT('2D SPACE',''
  ) );
#3399 = PCURVE('',#3400,#3405);
#3400 = PLANE('',#3401);
#3401 = AXIS2_PLACEMENT_3D('',#3402,#3403,#3404);
#3402 = CARTESIAN_POINT('',(11.363448015713,0.,-2.5));
#3403 = DIRECTION('',(-0.5,-0.,-0.866025403784));
#3404 = DIRECTION('',(0.866025403784,0.,-0.5));
#3405 = DEFINITIONAL_REPRESENTATION('',(#3406),#3409);
#3406 = B_SPLINE_CURVE_WITH_KNOTS('',1,(#3407,#3408),.UNSPECIFIED.,.F.,
  .F.,(2,2),(-4.276043738328,0.928121260338),.PIECEWISE_BEZIER_KNOTS.);
#3407 = CARTESIAN_POINT('',(5.,-13.11324865405));
#3408 = CARTESIAN_POINT('',(1.457673123897E-16,-14.55662432702));
#3409 = ( GEOMETRIC_REPRESENTATION_CONTEXT(2) 
PARAMETRIC_REPRESENTATION_CONTEXT() REPRESENTATION_CONTEXT('2D SPACE',''
  ) );
#3410 = ORIENTED_EDGE('',*,*,#3411,.F.);
#3411 = EDGE_CURVE('',#3412,#3386,#3414,.T.);
#3412 = VERTEX_POINT('',#3413);
#3413 = CARTESIAN_POINT('',(20.023702053557,14.556624327026,-2.5));
#3414 = SURFACE_CURVE('',#3415,(#3419,#3425),.PCURVE_S1.);
#3415 = LINE('',#3416,#3417);
#3416 = CARTESIAN_POINT('',(6.388155606847,10.011442178122,
    -10.37248641155));
#3417 = VECTOR('',#3418,1.);
#3418 = DIRECTION('',(-0.832050294338,-0.277350098113,-0.480384461415));
#3419 = PCURVE('',#70,#3420);
#3420 = DEFINITIONAL_REPRESENTATION('',(#3421),#3424);
#3421 = B_SPLINE_CURVE_WITH_KNOTS('',1,(#3422,#3423),.UNSPECIFIED.,.F.,
  .F.,(2,2),(-16.38788729419,-11.18372229553),.PIECEWISE_BEZIER_KNOTS.);
#3422 = CARTESIAN_POINT('',(13.113248654052,20.023702053557));
#3423 = CARTESIAN_POINT('',(10.226497308104,15.693575034635));
#3424 = ( GEOMETRIC_REPRESENTATION_CONTEXT(2) 
PARAMETRIC_REPRESENTATION_CONTEXT() REPRESENTATION_CONTEXT('2D SPACE',''
  ) );
#3425 = PCURVE('',#3426,#3431);
#3426 = PLANE('',#3427);
#3427 = AXIS2_PLACEMENT_3D('',#3428,#3429,#3430);
#3428 = CARTESIAN_POINT('',(15.693575034635,0.,-5.));
#3429 = DIRECTION('',(0.5,0.,-0.866025403784));
#3430 = DIRECTION('',(0.866025403784,0.,0.5));
#3431 = DEFINITIONAL_REPRESENTATION('',(#3432),#3435);
#3432 = B_SPLINE_CURVE_WITH_KNOTS('',1,(#3433,#3434),.UNSPECIFIED.,.F.,
  .F.,(2,2),(-16.38788729419,-11.18372229553),.PIECEWISE_BEZIER_KNOTS.);
#3433 = CARTESIAN_POINT('',(5.,-14.55662432702));
#3434 = CARTESIAN_POINT('',(7.917109884564E-16,-13.11324865405));
#3435 = ( GEOMETRIC_REPRESENTATION_CONTEXT(2) 
PARAMETRIC_REPRESENTATION_CONTEXT() REPRESENTATION_CONTEXT('2D SPACE',''
  ) );
#3436 = ORIENTED_EDGE('',*,*,#3437,.F.);
#3437 = EDGE_CURVE('',#1786,#3412,#3438,.T.);
#3438 = SURFACE_CURVE('',#3439,(#3443,#3449),.PCURVE_S1.);
#3439 = LINE('',#3440,#3441);
#3440 = CARTESIAN_POINT('',(20.023702053557,9.458734122635,
    -11.32980484541));
#3441 = VECTOR('',#3442,1.);
#3442 = DIRECTION('',(-1.538370149107E-16,-0.5,-0.866025403784));
#3443 = PCURVE('',#70,#3444);
#3444 = DEFINITIONAL_REPRESENTATION('',(#3445),#3448);
#3445 = B_SPLINE_CURVE_WITH_KNOTS('',1,(#3446,#3447),.UNSPECIFIED.,.F.,
  .F.,(2,2),(-13.08253175473,-10.19578040878),.PIECEWISE_BEZIER_KNOTS.);
#3446 = CARTESIAN_POINT('',(16.,20.023702053557));
#3447 = CARTESIAN_POINT('',(13.113248654052,20.023702053557));
#3448 = ( GEOMETRIC_REPRESENTATION_CONTEXT(2) 
PARAMETRIC_REPRESENTATION_CONTEXT() REPRESENTATION_CONTEXT('2D SPACE',''
  ) );
#3449 = PCURVE('',#1823,#3450);
#3450 = DEFINITIONAL_REPRESENTATION('',(#3451),#3454);
#3451 = B_SPLINE_CURVE_WITH_KNOTS('',1,(#3452,#3453),.UNSPECIFIED.,.F.,
  .F.,(2,2),(-13.08253175473,-10.19578040878),.PIECEWISE_BEZIER_KNOTS.);
#3452 = CARTESIAN_POINT('',(2.5,-16.));
#3453 = CARTESIAN_POINT('',(1.145946559604E-15,-14.55662432702));
#3454 = ( GEOMETRIC_REPRESENTATION_CONTEXT(2) 
PARAMETRIC_REPRESENTATION_CONTEXT() REPRESENTATION_CONTEXT('2D SPACE',''
  ) );
#3455 = ORIENTED_EDGE('',*,*,#1785,.F.);
#3456 = ORIENTED_EDGE('',*,*,#3457,.F.);
#3457 = EDGE_CURVE('',#3458,#1760,#3460,.T.);
#3458 = VERTEX_POINT('',#3459);
#3459 = CARTESIAN_POINT('',(22.10216302264,14.556624327026,-2.5));
#3460 = SURFACE_CURVE('',#3461,(#3465,#3471),.PCURVE_S1.);
#3461 = LINE('',#3462,#3463);
#3462 = CARTESIAN_POINT('',(22.10216302264,10.541265877365,
    -9.454804845413));
#3463 = VECTOR('',#3464,1.);
#3464 = DIRECTION('',(3.076740298214E-16,0.5,0.866025403784));
#3465 = PCURVE('',#70,#3466);
#3466 = DEFINITIONAL_REPRESENTATION('',(#3467),#3470);
#3467 = B_SPLINE_CURVE_WITH_KNOTS('',1,(#3468,#3469),.UNSPECIFIED.,.F.,
  .F.,(2,2),(8.030716899321,10.917468245269),.PIECEWISE_BEZIER_KNOTS.);
#3468 = CARTESIAN_POINT('',(13.113248654052,22.10216302264));
#3469 = CARTESIAN_POINT('',(16.,22.10216302264));
#3470 = ( GEOMETRIC_REPRESENTATION_CONTEXT(2) 
PARAMETRIC_REPRESENTATION_CONTEXT() REPRESENTATION_CONTEXT('2D SPACE',''
  ) );
#3471 = PCURVE('',#1774,#3472);
#3472 = DEFINITIONAL_REPRESENTATION('',(#3473),#3476);
#3473 = B_SPLINE_CURVE_WITH_KNOTS('',1,(#3474,#3475),.UNSPECIFIED.,.F.,
  .F.,(2,2),(8.030716899321,10.917468245269),.PIECEWISE_BEZIER_KNOTS.);
#3474 = CARTESIAN_POINT('',(5.,-14.55662432702));
#3475 = CARTESIAN_POINT('',(2.5,-16.));
#3476 = ( GEOMETRIC_REPRESENTATION_CONTEXT(2) 
PARAMETRIC_REPRESENTATION_CONTEXT() REPRESENTATION_CONTEXT('2D SPACE',''
  ) );
#3477 = ORIENTED_EDGE('',*,*,#3478,.F.);
#3478 = EDGE_CURVE('',#3479,#3458,#3481,.T.);
#3479 = VERTEX_POINT('',#3480);
#3480 = CARTESIAN_POINT('',(26.432290041562,13.113248654052,-5.));
#3481 = SURFACE_CURVE('',#3482,(#3486,#3492),.PCURVE_S1.);
#3482 = LINE('',#3483,#3484);
#3483 = CARTESIAN_POINT('',(19.157159088087,15.53829230521,
    -0.799701185621));
#3484 = VECTOR('',#3485,1.);
#3485 = DIRECTION('',(-0.832050294338,0.277350098113,0.480384461415));
#3486 = PCURVE('',#70,#3487);
#3487 = DEFINITIONAL_REPRESENTATION('',(#3488),#3491);
#3488 = B_SPLINE_CURVE_WITH_KNOTS('',1,(#3489,#3490),.UNSPECIFIED.,.F.,
  .F.,(2,2),(-8.74361922949,-3.539454230824),.PIECEWISE_BEZIER_KNOTS.);
#3489 = CARTESIAN_POINT('',(10.226497308104,26.432290041562));
#3490 = CARTESIAN_POINT('',(13.113248654052,22.10216302264));
#3491 = ( GEOMETRIC_REPRESENTATION_CONTEXT(2) 
PARAMETRIC_REPRESENTATION_CONTEXT() REPRESENTATION_CONTEXT('2D SPACE',''
  ) );
#3492 = PCURVE('',#3493,#3498);
#3493 = PLANE('',#3494);
#3494 = AXIS2_PLACEMENT_3D('',#3495,#3496,#3497);
#3495 = CARTESIAN_POINT('',(22.10216302264,0.,-2.5));
#3496 = DIRECTION('',(-0.5,-0.,-0.866025403784));
#3497 = DIRECTION('',(0.866025403784,0.,-0.5));
#3498 = DEFINITIONAL_REPRESENTATION('',(#3499),#3502);
#3499 = B_SPLINE_CURVE_WITH_KNOTS('',1,(#3500,#3501),.UNSPECIFIED.,.F.,
  .F.,(2,2),(-8.74361922949,-3.539454230824),.PIECEWISE_BEZIER_KNOTS.);
#3500 = CARTESIAN_POINT('',(5.,-13.11324865405));
#3501 = CARTESIAN_POINT('',(4.896602034474E-16,-14.55662432702));
#3502 = ( GEOMETRIC_REPRESENTATION_CONTEXT(2) 
PARAMETRIC_REPRESENTATION_CONTEXT() REPRESENTATION_CONTEXT('2D SPACE',''
  ) );
#3503 = ORIENTED_EDGE('',*,*,#3504,.F.);
#3504 = EDGE_CURVE('',#3505,#3479,#3507,.T.);
#3505 = VERTEX_POINT('',#3506);
#3506 = CARTESIAN_POINT('',(30.762417060484,14.556624327026,-2.5));
#3507 = SURFACE_CURVE('',#3508,(#3512,#3518),.PCURVE_S1.);
#3508 = LINE('',#3509,#3510);
#3509 = CARTESIAN_POINT('',(13.409623111376,8.772359677323,
    -12.51864025771));
#3510 = VECTOR('',#3511,1.);
#3511 = DIRECTION('',(-0.832050294338,-0.277350098113,-0.480384461415));
#3512 = PCURVE('',#70,#3513);
#3513 = DEFINITIONAL_REPRESENTATION('',(#3514),#3517);
#3514 = B_SPLINE_CURVE_WITH_KNOTS('',1,(#3515,#3516),.UNSPECIFIED.,.F.,
  .F.,(2,2),(-20.85546278535,-15.65129778669),.PIECEWISE_BEZIER_KNOTS.);
#3515 = CARTESIAN_POINT('',(13.113248654052,30.762417060484));
#3516 = CARTESIAN_POINT('',(10.226497308104,26.432290041562));
#3517 = ( GEOMETRIC_REPRESENTATION_CONTEXT(2) 
PARAMETRIC_REPRESENTATION_CONTEXT() REPRESENTATION_CONTEXT('2D SPACE',''
  ) );
#3518 = PCURVE('',#3519,#3524);
#3519 = PLANE('',#3520);
#3520 = AXIS2_PLACEMENT_3D('',#3521,#3522,#3523);
#3521 = CARTESIAN_POINT('',(26.432290041562,0.,-5.));
#3522 = DIRECTION('',(0.5,0.,-0.866025403784));
#3523 = DIRECTION('',(0.866025403784,0.,0.5));
#3524 = DEFINITIONAL_REPRESENTATION('',(#3525),#3528);
#3525 = B_SPLINE_CURVE_WITH_KNOTS('',1,(#3526,#3527),.UNSPECIFIED.,.F.,
  .F.,(2,2),(-20.85546278535,-15.65129778669),.PIECEWISE_BEZIER_KNOTS.);
#3526 = CARTESIAN_POINT('',(5.,-14.55662432702));
#3527 = CARTESIAN_POINT('',(-8.786278251246E-17,-13.11324865405));
#3528 = ( GEOMETRIC_REPRESENTATION_CONTEXT(2) 
PARAMETRIC_REPRESENTATION_CONTEXT() REPRESENTATION_CONTEXT('2D SPACE',''
  ) );
#3529 = ORIENTED_EDGE('',*,*,#3530,.F.);
#3530 = EDGE_CURVE('',#1659,#3505,#3531,.T.);
#3531 = SURFACE_CURVE('',#3532,(#3536,#3542),.PCURVE_S1.);
#3532 = LINE('',#3533,#3534);
#3533 = CARTESIAN_POINT('',(30.762417060484,9.458734122635,
    -11.32980484541));
#3534 = VECTOR('',#3535,1.);
#3535 = DIRECTION('',(-1.538370149107E-16,-0.5,-0.866025403784));
#3536 = PCURVE('',#70,#3537);
#3537 = DEFINITIONAL_REPRESENTATION('',(#3538),#3541);
#3538 = B_SPLINE_CURVE_WITH_KNOTS('',1,(#3539,#3540),.UNSPECIFIED.,.F.,
  .F.,(2,2),(-13.08253175473,-10.19578040878),.PIECEWISE_BEZIER_KNOTS.);
#3539 = CARTESIAN_POINT('',(16.,30.762417060484));
#3540 = CARTESIAN_POINT('',(13.113248654052,30.762417060484));
#3541 = ( GEOMETRIC_REPRESENTATION_CONTEXT(2) 
PARAMETRIC_REPRESENTATION_CONTEXT() REPRESENTATION_CONTEXT('2D SPACE',''
  ) );
#3542 = PCURVE('',#1696,#3543);
#3543 = DEFINITIONAL_REPRESENTATION('',(#3544),#3547);
#3544 = B_SPLINE_CURVE_WITH_KNOTS('',1,(#3545,#3546),.UNSPECIFIED.,.F.,
  .F.,(2,2),(-13.08253175473,-10.19578040878),.PIECEWISE_BEZIER_KNOTS.);
#3545 = CARTESIAN_POINT('',(2.5,-16.));
#3546 = CARTESIAN_POINT('',(1.145946559604E-15,-14.55662432702));
#3547 = ( GEOMETRIC_REPRESENTATION_CONTEXT(2) 
PARAMETRIC_REPRESENTATION_CONTEXT() REPRESENTATION_CONTEXT('2D SPACE',''
  ) );
#3548 = ORIENTED_EDGE('',*,*,#1658,.F.);
#3549 = ORIENTED_EDGE('',*,*,#3550,.F.);
#3550 = EDGE_CURVE('',#3551,#1633,#3553,.T.);
#3551 = VERTEX_POINT('',#3552);
#3552 = CARTESIAN_POINT('',(32.840878029567,14.556624327026,-2.5));
#3553 = SURFACE_CURVE('',#3554,(#3558,#3564),.PCURVE_S1.);
#3554 = LINE('',#3555,#3556);
#3555 = CARTESIAN_POINT('',(32.840878029567,10.541265877365,
    -9.454804845413));
#3556 = VECTOR('',#3557,1.);
#3557 = DIRECTION('',(3.076740298214E-16,0.5,0.866025403784));
#3558 = PCURVE('',#70,#3559);
#3559 = DEFINITIONAL_REPRESENTATION('',(#3560),#3563);
#3560 = B_SPLINE_CURVE_WITH_KNOTS('',1,(#3561,#3562),.UNSPECIFIED.,.F.,
  .F.,(2,2),(8.030716899321,10.917468245269),.PIECEWISE_BEZIER_KNOTS.);
#3561 = CARTESIAN_POINT('',(13.113248654052,32.840878029567));
#3562 = CARTESIAN_POINT('',(16.,32.840878029567));
#3563 = ( GEOMETRIC_REPRESENTATION_CONTEXT(2) 
PARAMETRIC_REPRESENTATION_CONTEXT() REPRESENTATION_CONTEXT('2D SPACE',''
  ) );
#3564 = PCURVE('',#1647,#3565);
#3565 = DEFINITIONAL_REPRESENTATION('',(#3566),#3569);
#3566 = B_SPLINE_CURVE_WITH_KNOTS('',1,(#3567,#3568),.UNSPECIFIED.,.F.,
  .F.,(2,2),(8.030716899321,10.917468245269),.PIECEWISE_BEZIER_KNOTS.);
#3567 = CARTESIAN_POINT('',(5.,-14.55662432702));
#3568 = CARTESIAN_POINT('',(2.5,-16.));
#3569 = ( GEOMETRIC_REPRESENTATION_CONTEXT(2) 
PARAMETRIC_REPRESENTATION_CONTEXT() REPRESENTATION_CONTEXT('2D SPACE',''
  ) );
#3570 = ORIENTED_EDGE('',*,*,#3571,.F.);
#3571 = EDGE_CURVE('',#3572,#3551,#3574,.T.);
#3572 = VERTEX_POINT('',#3573);
#3573 = CARTESIAN_POINT('',(37.171005048489,13.113248654052,-5.));
#3574 = SURFACE_CURVE('',#3575,(#3579,#3585),.PCURVE_S1.);
#3575 = LINE('',#3576,#3577);
#3576 = CARTESIAN_POINT('',(26.178626592617,16.777374806009,
    1.346452660532));
#3577 = VECTOR('',#3578,1.);
#3578 = DIRECTION('',(-0.832050294338,0.277350098113,0.480384461415));
#3579 = PCURVE('',#70,#3580);
#3580 = DEFINITIONAL_REPRESENTATION('',(#3581),#3584);
#3581 = B_SPLINE_CURVE_WITH_KNOTS('',1,(#3582,#3583),.UNSPECIFIED.,.F.,
  .F.,(2,2),(-13.21119472065,-8.007029721986),.PIECEWISE_BEZIER_KNOTS.);
#3582 = CARTESIAN_POINT('',(10.226497308104,37.171005048489));
#3583 = CARTESIAN_POINT('',(13.113248654052,32.840878029567));
#3584 = ( GEOMETRIC_REPRESENTATION_CONTEXT(2) 
PARAMETRIC_REPRESENTATION_CONTEXT() REPRESENTATION_CONTEXT('2D SPACE',''
  ) );
#3585 = PCURVE('',#3586,#3591);
#3586 = PLANE('',#3587);
#3587 = AXIS2_PLACEMENT_3D('',#3588,#3589,#3590);
#3588 = CARTESIAN_POINT('',(32.840878029567,0.,-2.5));
#3589 = DIRECTION('',(-0.5,-0.,-0.866025403784));
#3590 = DIRECTION('',(0.866025403784,0.,-0.5));
#3591 = DEFINITIONAL_REPRESENTATION('',(#3592),#3595);
#3592 = B_SPLINE_CURVE_WITH_KNOTS('',1,(#3593,#3594),.UNSPECIFIED.,.F.,
  .F.,(2,2),(-13.21119472065,-8.007029721986),.PIECEWISE_BEZIER_KNOTS.);
#3593 = CARTESIAN_POINT('',(5.,-13.11324865405));
#3594 = CARTESIAN_POINT('',(9.597761600905E-16,-14.55662432702));
#3595 = ( GEOMETRIC_REPRESENTATION_CONTEXT(2) 
PARAMETRIC_REPRESENTATION_CONTEXT() REPRESENTATION_CONTEXT('2D SPACE',''
  ) );
#3596 = ORIENTED_EDGE('',*,*,#3597,.F.);
#3597 = EDGE_CURVE('',#3598,#3572,#3600,.T.);
#3598 = VERTEX_POINT('',#3599);
#3599 = CARTESIAN_POINT('',(41.501132067411,14.556624327026,-2.5));
#3600 = SURFACE_CURVE('',#3601,(#3605,#3611),.PCURVE_S1.);
#3601 = LINE('',#3602,#3603);
#3602 = CARTESIAN_POINT('',(20.431090615905,7.533277176524,
    -14.66479410386));
#3603 = VECTOR('',#3604,1.);
#3604 = DIRECTION('',(-0.832050294338,-0.277350098113,-0.480384461415));
#3605 = PCURVE('',#70,#3606);
#3606 = DEFINITIONAL_REPRESENTATION('',(#3607),#3610);
#3607 = B_SPLINE_CURVE_WITH_KNOTS('',1,(#3608,#3609),.UNSPECIFIED.,.F.,
  .F.,(2,2),(-25.32303827651,-20.11887327785),.PIECEWISE_BEZIER_KNOTS.);
#3608 = CARTESIAN_POINT('',(13.113248654052,41.501132067411));
#3609 = CARTESIAN_POINT('',(10.226497308104,37.171005048489));
#3610 = ( GEOMETRIC_REPRESENTATION_CONTEXT(2) 
PARAMETRIC_REPRESENTATION_CONTEXT() REPRESENTATION_CONTEXT('2D SPACE',''
  ) );
#3611 = PCURVE('',#3612,#3617);
#3612 = PLANE('',#3613);
#3613 = AXIS2_PLACEMENT_3D('',#3614,#3615,#3616);
#3614 = CARTESIAN_POINT('',(37.171005048489,0.,-5.));
#3615 = DIRECTION('',(0.5,0.,-0.866025403784));
#3616 = DIRECTION('',(0.866025403784,0.,0.5));
#3617 = DEFINITIONAL_REPRESENTATION('',(#3618),#3621);
#3618 = B_SPLINE_CURVE_WITH_KNOTS('',1,(#3619,#3620),.UNSPECIFIED.,.F.,
  .F.,(2,2),(-25.32303827651,-20.11887327785),.PIECEWISE_BEZIER_KNOTS.);
#3619 = CARTESIAN_POINT('',(5.,-14.55662432702));
#3620 = CARTESIAN_POINT('',(-8.280597689873E-16,-13.11324865405));
#3621 = ( GEOMETRIC_REPRESENTATION_CONTEXT(2) 
PARAMETRIC_REPRESENTATION_CONTEXT() REPRESENTATION_CONTEXT('2D SPACE',''
  ) );
#3622 = ORIENTED_EDGE('',*,*,#3623,.F.);
#3623 = EDGE_CURVE('',#1532,#3598,#3624,.T.);
#3624 = SURFACE_CURVE('',#3625,(#3629,#3635),.PCURVE_S1.);
#3625 = LINE('',#3626,#3627);
#3626 = CARTESIAN_POINT('',(41.501132067411,9.458734122635,
    -11.32980484541));
#3627 = VECTOR('',#3628,1.);
#3628 = DIRECTION('',(-1.538370149107E-16,-0.5,-0.866025403784));
#3629 = PCURVE('',#70,#3630);
#3630 = DEFINITIONAL_REPRESENTATION('',(#3631),#3634);
#3631 = B_SPLINE_CURVE_WITH_KNOTS('',1,(#3632,#3633),.UNSPECIFIED.,.F.,
  .F.,(2,2),(-13.08253175473,-10.19578040878),.PIECEWISE_BEZIER_KNOTS.);
#3632 = CARTESIAN_POINT('',(16.,41.501132067411));
#3633 = CARTESIAN_POINT('',(13.113248654052,41.501132067411));
#3634 = ( GEOMETRIC_REPRESENTATION_CONTEXT(2) 
PARAMETRIC_REPRESENTATION_CONTEXT() REPRESENTATION_CONTEXT('2D SPACE',''
  ) );
#3635 = PCURVE('',#1569,#3636);
#3636 = DEFINITIONAL_REPRESENTATION('',(#3637),#3640);
#3637 = B_SPLINE_CURVE_WITH_KNOTS('',1,(#3638,#3639),.UNSPECIFIED.,.F.,
  .F.,(2,2),(-13.08253175473,-10.19578040878),.PIECEWISE_BEZIER_KNOTS.);
#3638 = CARTESIAN_POINT('',(2.5,-16.));
#3639 = CARTESIAN_POINT('',(9.079598693106E-16,-14.55662432702));
#3640 = ( GEOMETRIC_REPRESENTATION_CONTEXT(2) 
PARAMETRIC_REPRESENTATION_CONTEXT() REPRESENTATION_CONTEXT('2D SPACE',''
  ) );
#3641 = ORIENTED_EDGE('',*,*,#1531,.F.);
#3642 = ORIENTED_EDGE('',*,*,#3643,.F.);
#3643 = EDGE_CURVE('',#3644,#1490,#3646,.T.);
#3644 = VERTEX_POINT('',#3645);
#3645 = CARTESIAN_POINT('',(60.,9.418206931238,-11.4));
#3646 = SURFACE_CURVE('',#3647,(#3652,#3659),.PCURVE_S1.);
#3647 = ELLIPSE('',#3648,13.163586137523,11.4);
#3648 = AXIS2_PLACEMENT_3D('',#3649,#3650,#3651);
#3649 = CARTESIAN_POINT('',(60.,16.,-3.5527136788E-15));
#3650 = DIRECTION('',(0.,0.866025403784,-0.5));
#3651 = DIRECTION('',(0.,-0.5,-0.866025403784));
#3652 = PCURVE('',#70,#3653);
#3653 = DEFINITIONAL_REPRESENTATION('',(#3654),#3658);
#3654 = ELLIPSE('',#3655,13.163586137523,11.4);
#3655 = AXIS2_PLACEMENT_2D('',#3656,#3657);
#3656 = CARTESIAN_POINT('',(16.,60.));
#3657 = DIRECTION('',(-1.,0.));
#3658 = ( GEOMETRIC_REPRESENTATION_CONTEXT(2) 
PARAMETRIC_REPRESENTATION_CONTEXT() REPRESENTATION_CONTEXT('2D SPACE',''
  ) );
#3659 = PCURVE('',#1506,#3660);
#3660 = DEFINITIONAL_REPRESENTATION('',(#3661),#3678);
#3661 = B_SPLINE_CURVE_WITH_KNOTS('',8,(#3662,#3663,#3664,#3665,#3666,
    #3667,#3668,#3669,#3670,#3671,#3672,#3673,#3674,#3675,#3676,#3677),
  .UNSPECIFIED.,.F.,.F.,(9,7,9),(4.712388980385,6.344109666294,
    7.975830352203),.UNSPECIFIED.);
#3662 = CARTESIAN_POINT('',(6.28318530718,3.));
#3663 = CARTESIAN_POINT('',(6.079220221441,4.342455987584));
#3664 = CARTESIAN_POINT('',(5.875255135703,5.684912395415));
#3665 = CARTESIAN_POINT('',(5.671290049964,6.942262843107));
#3666 = CARTESIAN_POINT('',(5.467324964227,8.029421855447));
#3667 = CARTESIAN_POINT('',(5.263359878486,8.872565798052));
#3668 = CARTESIAN_POINT('',(5.059394792748,9.420706889261));
#3669 = CARTESIAN_POINT('',(4.855429707009,9.651319454205));
#3670 = CARTESIAN_POINT('',(4.447499535532,9.487844087349));
#3671 = CARTESIAN_POINT('',(4.243534449796,9.093756104381));
#3672 = CARTESIAN_POINT('',(4.03956936405,8.392503233259));
#3673 = CARTESIAN_POINT('',(3.835604278333,7.416972292493));
#3674 = CARTESIAN_POINT('',(3.631639192572,6.227140815184));
#3675 = CARTESIAN_POINT('',(3.427674106841,4.903041388918));
#3676 = CARTESIAN_POINT('',(3.2237090211,3.532502515807));
#3677 = CARTESIAN_POINT('',(3.019743935361,2.2));
#3678 = ( GEOMETRIC_REPRESENTATION_CONTEXT(2) 
PARAMETRIC_REPRESENTATION_CONTEXT() REPRESENTATION_CONTEXT('2D SPACE',''
  ) );
#3679 = ORIENTED_EDGE('',*,*,#3680,.F.);
#3680 = EDGE_CURVE('',#3681,#3644,#3683,.T.);
#3681 = VERTEX_POINT('',#3682);
#3682 = CARTESIAN_POINT('',(60.,8.,-13.85640646055));
#3683 = SURFACE_CURVE('',#3684,(#3688,#3695),.PCURVE_S1.);
#3684 = LINE('',#3685,#3686);
#3685 = CARTESIAN_POINT('',(60.,8.,-13.85640646055));
#3686 = VECTOR('',#3687,1.);
#3687 = DIRECTION('',(0.,0.5,0.866025403784));
#3688 = PCURVE('',#70,#3689);
#3689 = DEFINITIONAL_REPRESENTATION('',(#3690),#3694);
#3690 = LINE('',#3691,#3692);
#3691 = CARTESIAN_POINT('',(0.,60.));
#3692 = VECTOR('',#3693,1.);
#3693 = DIRECTION('',(1.,0.));
#3694 = ( GEOMETRIC_REPRESENTATION_CONTEXT(2) 
PARAMETRIC_REPRESENTATION_CONTEXT() REPRESENTATION_CONTEXT('2D SPACE',''
  ) );
#3695 = PCURVE('',#3696,#3701);
#3696 = PLANE('',#3697);
#3697 = AXIS2_PLACEMENT_3D('',#3698,#3699,#3700);
#3698 = CARTESIAN_POINT('',(60.,1.480297366167E-16,9.080106438912E-16));
#3699 = DIRECTION('',(1.,0.,0.));
#3700 = DIRECTION('',(0.,1.,0.));
#3701 = DEFINITIONAL_REPRESENTATION('',(#3702),#3706);
#3702 = LINE('',#3703,#3704);
#3703 = CARTESIAN_POINT('',(8.,-13.85640646055));
#3704 = VECTOR('',#3705,1.);
#3705 = DIRECTION('',(0.5,0.866025403784));
#3706 = ( GEOMETRIC_REPRESENTATION_CONTEXT(2) 
PARAMETRIC_REPRESENTATION_CONTEXT() REPRESENTATION_CONTEXT('2D SPACE',''
  ) );
#3707 = ORIENTED_EDGE('',*,*,#3708,.T.);
#3708 = EDGE_CURVE('',#3681,#3709,#3711,.T.);
#3709 = VERTEX_POINT('',#3710);
#3710 = CARTESIAN_POINT('',(32.569974093261,8.,-13.85640646055));
#3711 = SURFACE_CURVE('',#3712,(#3716,#3723),.PCURVE_S1.);
#3712 = LINE('',#3713,#3714);
#3713 = CARTESIAN_POINT('',(60.,8.,-13.85640646055));
#3714 = VECTOR('',#3715,1.);
#3715 = DIRECTION('',(-1.,0.,0.));
#3716 = PCURVE('',#70,#3717);
#3717 = DEFINITIONAL_REPRESENTATION('',(#3718),#3722);
#3718 = LINE('',#3719,#3720);
#3719 = CARTESIAN_POINT('',(0.,60.));
#3720 = VECTOR('',#3721,1.);
#3721 = DIRECTION('',(0.,-1.));
#3722 = ( GEOMETRIC_REPRESENTATION_CONTEXT(2) 
PARAMETRIC_REPRESENTATION_CONTEXT() REPRESENTATION_CONTEXT('2D SPACE',''
  ) );
#3723 = PCURVE('',#3724,#3729);
#3724 = PLANE('',#3725);
#3725 = AXIS2_PLACEMENT_3D('',#3726,#3727,#3728);
#3726 = CARTESIAN_POINT('',(0.,-8.,-13.85640646055));
#3727 = DIRECTION('',(0.,-2.22044604925E-16,-1.));
#3728 = DIRECTION('',(0.,1.,-2.22044604925E-16));
#3729 = DEFINITIONAL_REPRESENTATION('',(#3730),#3734);
#3730 = LINE('',#3731,#3732);
#3731 = CARTESIAN_POINT('',(16.,60.));
#3732 = VECTOR('',#3733,1.);
#3733 = DIRECTION('',(0.,-1.));
#3734 = ( GEOMETRIC_REPRESENTATION_CONTEXT(2) 
PARAMETRIC_REPRESENTATION_CONTEXT() REPRESENTATION_CONTEXT('2D SPACE',''
  ) );
#3735 = ORIENTED_EDGE('',*,*,#3736,.F.);
#3736 = EDGE_CURVE('',#3737,#3709,#3739,.T.);
#3737 = VERTEX_POINT('',#3738);
#3738 = CARTESIAN_POINT('',(36.131774563948,9.187266823562,-11.8));
#3739 = SURFACE_CURVE('',#3740,(#3744,#3750),.PCURVE_S1.);
#3740 = LINE('',#3741,#3742);
#3741 = CARTESIAN_POINT('',(20.018063115639,3.816029674126,
    -21.10325564232));
#3742 = VECTOR('',#3743,1.);
#3743 = DIRECTION('',(-0.832050294338,-0.277350098113,-0.480384461415));
#3744 = PCURVE('',#70,#3745);
#3745 = DEFINITIONAL_REPRESENTATION('',(#3746),#3749);
#3746 = B_SPLINE_CURVE_WITH_KNOTS('',1,(#3747,#3748),.UNSPECIFIED.,.F.,
  .F.,(2,2),(-19.36627095497,-15.08551954495),.PIECEWISE_BEZIER_KNOTS.);
#3747 = CARTESIAN_POINT('',(2.374533647125,36.131774563948));
#3748 = CARTESIAN_POINT('',(4.036473297821E-15,32.569974093261));
#3749 = ( GEOMETRIC_REPRESENTATION_CONTEXT(2) 
PARAMETRIC_REPRESENTATION_CONTEXT() REPRESENTATION_CONTEXT('2D SPACE',''
  ) );
#3750 = PCURVE('',#3751,#3756);
#3751 = PLANE('',#3752);
#3752 = AXIS2_PLACEMENT_3D('',#3753,#3754,#3755);
#3753 = CARTESIAN_POINT('',(31.801647545026,0.,-14.3));
#3754 = DIRECTION('',(0.5,0.,-0.866025403784));
#3755 = DIRECTION('',(0.866025403784,0.,0.5));
#3756 = DEFINITIONAL_REPRESENTATION('',(#3757),#3760);
#3757 = B_SPLINE_CURVE_WITH_KNOTS('',1,(#3758,#3759),.UNSPECIFIED.,.F.,
  .F.,(2,2),(-19.36627095497,-15.08551954495),.PIECEWISE_BEZIER_KNOTS.);
#3758 = CARTESIAN_POINT('',(5.,-9.187266823562));
#3759 = CARTESIAN_POINT('',(0.887187078898,-8.));
#3760 = ( GEOMETRIC_REPRESENTATION_CONTEXT(2) 
PARAMETRIC_REPRESENTATION_CONTEXT() REPRESENTATION_CONTEXT('2D SPACE',''
  ) );
#3761 = ORIENTED_EDGE('',*,*,#3762,.F.);
#3762 = EDGE_CURVE('',#3763,#3737,#3765,.T.);
#3763 = VERTEX_POINT('',#3764);
#3764 = CARTESIAN_POINT('',(36.131774563948,12.074018169511,-6.8));
#3765 = SURFACE_CURVE('',#3766,(#3770,#3776),.PCURVE_S1.);
#3766 = LINE('',#3767,#3768);
#3767 = CARTESIAN_POINT('',(36.131774563948,7.445225058836,
    -14.81730484541));
#3768 = VECTOR('',#3769,1.);
#3769 = DIRECTION('',(-1.538370149107E-16,-0.5,-0.866025403784));
#3770 = PCURVE('',#70,#3771);
#3771 = DEFINITIONAL_REPRESENTATION('',(#3772),#3775);
#3772 = B_SPLINE_CURVE_WITH_KNOTS('',1,(#3773,#3774),.UNSPECIFIED.,.F.,
  .F.,(2,2),(-9.257586221349,-3.484083529453),.PIECEWISE_BEZIER_KNOTS.);
#3773 = CARTESIAN_POINT('',(8.148036339021,36.131774563948));
#3774 = CARTESIAN_POINT('',(2.374533647125,36.131774563948));
#3775 = ( GEOMETRIC_REPRESENTATION_CONTEXT(2) 
PARAMETRIC_REPRESENTATION_CONTEXT() REPRESENTATION_CONTEXT('2D SPACE',''
  ) );
#3776 = PCURVE('',#3777,#3782);
#3777 = PLANE('',#3778);
#3778 = AXIS2_PLACEMENT_3D('',#3779,#3780,#3781);
#3779 = CARTESIAN_POINT('',(36.131774563948,0.,-11.8));
#3780 = DIRECTION('',(1.,0.,-1.7763568394E-16));
#3781 = DIRECTION('',(1.7763568394E-16,0.,1.));
#3782 = DEFINITIONAL_REPRESENTATION('',(#3783),#3786);
#3783 = B_SPLINE_CURVE_WITH_KNOTS('',1,(#3784,#3785),.UNSPECIFIED.,.F.,
  .F.,(2,2),(-9.257586221349,-3.484083529453),.PIECEWISE_BEZIER_KNOTS.);
#3784 = CARTESIAN_POINT('',(5.,-12.07401816951));
#3785 = CARTESIAN_POINT('',(5.959659270921E-16,-9.187266823562));
#3786 = ( GEOMETRIC_REPRESENTATION_CONTEXT(2) 
PARAMETRIC_REPRESENTATION_CONTEXT() REPRESENTATION_CONTEXT('2D SPACE',''
  ) );
#3787 = ORIENTED_EDGE('',*,*,#3788,.F.);
#3788 = EDGE_CURVE('',#3789,#3763,#3791,.T.);
#3789 = VERTEX_POINT('',#3790);
#3790 = CARTESIAN_POINT('',(31.801647545026,13.517393842485,-4.3));
#3791 = SURFACE_CURVE('',#3792,(#3796,#3802),.PCURVE_S1.);
#3792 = LINE('',#3793,#3794);
#3793 = CARTESIAN_POINT('',(26.898093851145,15.151911740445,
    -1.468931954852));
#3794 = VECTOR('',#3795,1.);
#3795 = DIRECTION('',(0.832050294338,-0.277350098113,-0.480384461415));
#3796 = PCURVE('',#70,#3797);
#3797 = DEFINITIONAL_REPRESENTATION('',(#3798),#3801);
#3798 = B_SPLINE_CURVE_WITH_KNOTS('',1,(#3799,#3800),.UNSPECIFIED.,.F.,
  .F.,(2,2),(5.893338091759,11.097503090424),.PIECEWISE_BEZIER_KNOTS.);
#3799 = CARTESIAN_POINT('',(11.034787684969,31.801647545026));
#3800 = CARTESIAN_POINT('',(8.148036339021,36.131774563948));
#3801 = ( GEOMETRIC_REPRESENTATION_CONTEXT(2) 
PARAMETRIC_REPRESENTATION_CONTEXT() REPRESENTATION_CONTEXT('2D SPACE',''
  ) );
#3802 = PCURVE('',#3803,#3808);
#3803 = PLANE('',#3804);
#3804 = AXIS2_PLACEMENT_3D('',#3805,#3806,#3807);
#3805 = CARTESIAN_POINT('',(36.131774563948,0.,-6.8));
#3806 = DIRECTION('',(0.5,0.,0.866025403784));
#3807 = DIRECTION('',(-0.866025403784,0.,0.5));
#3808 = DEFINITIONAL_REPRESENTATION('',(#3809),#3812);
#3809 = B_SPLINE_CURVE_WITH_KNOTS('',1,(#3810,#3811),.UNSPECIFIED.,.F.,
  .F.,(2,2),(5.893338091759,11.097503090424),.PIECEWISE_BEZIER_KNOTS.);
#3810 = CARTESIAN_POINT('',(5.,-13.51739384248));
#3811 = CARTESIAN_POINT('',(6.932441682002E-19,-12.07401816951));
#3812 = ( GEOMETRIC_REPRESENTATION_CONTEXT(2) 
PARAMETRIC_REPRESENTATION_CONTEXT() REPRESENTATION_CONTEXT('2D SPACE',''
  ) );
#3813 = ORIENTED_EDGE('',*,*,#3814,.F.);
#3814 = EDGE_CURVE('',#3815,#3789,#3817,.T.);
#3815 = VERTEX_POINT('',#3816);
#3816 = CARTESIAN_POINT('',(27.471520526104,12.074018169511,-6.8));
#3817 = SURFACE_CURVE('',#3818,(#3822,#3828),.PCURVE_S1.);
#3818 = LINE('',#3819,#3820);
#3819 = CARTESIAN_POINT('',(16.687196178006,8.479243386812,
    -13.0263325654));
#3820 = VECTOR('',#3821,1.);
#3821 = DIRECTION('',(0.832050294338,0.277350098113,0.480384461415));
#3822 = PCURVE('',#70,#3823);
#3823 = DEFINITIONAL_REPRESENTATION('',(#3824),#3827);
#3824 = B_SPLINE_CURVE_WITH_KNOTS('',1,(#3825,#3826),.UNSPECIFIED.,.F.,
  .F.,(2,2),(12.961144802766,18.165309801432),.PIECEWISE_BEZIER_KNOTS.);
#3825 = CARTESIAN_POINT('',(8.148036339021,27.471520526104));
#3826 = CARTESIAN_POINT('',(11.034787684969,31.801647545026));
#3827 = ( GEOMETRIC_REPRESENTATION_CONTEXT(2) 
PARAMETRIC_REPRESENTATION_CONTEXT() REPRESENTATION_CONTEXT('2D SPACE',''
  ) );
#3828 = PCURVE('',#3829,#3834);
#3829 = PLANE('',#3830);
#3830 = AXIS2_PLACEMENT_3D('',#3831,#3832,#3833);
#3831 = CARTESIAN_POINT('',(31.801647545026,0.,-4.3));
#3832 = DIRECTION('',(-0.5,0.,0.866025403784));
#3833 = DIRECTION('',(-0.866025403784,0.,-0.5));
#3834 = DEFINITIONAL_REPRESENTATION('',(#3835),#3838);
#3835 = B_SPLINE_CURVE_WITH_KNOTS('',1,(#3836,#3837),.UNSPECIFIED.,.F.,
  .F.,(2,2),(12.961144802766,18.165309801432),.PIECEWISE_BEZIER_KNOTS.);
#3836 = CARTESIAN_POINT('',(5.,-12.07401816951));
#3837 = CARTESIAN_POINT('',(-6.268553231834E-16,-13.51739384248));
#3838 = ( GEOMETRIC_REPRESENTATION_CONTEXT(2) 
PARAMETRIC_REPRESENTATION_CONTEXT() REPRESENTATION_CONTEXT('2D SPACE',''
  ) );
#3839 = ORIENTED_EDGE('',*,*,#3840,.F.);
#3840 = EDGE_CURVE('',#3841,#3815,#3843,.T.);
#3841 = VERTEX_POINT('',#3842);
#3842 = CARTESIAN_POINT('',(27.471520526104,9.187266823562,-11.8));
#3843 = SURFACE_CURVE('',#3844,(#3848,#3854),.PCURVE_S1.);
#3844 = LINE('',#3845,#3846);
#3845 = CARTESIAN_POINT('',(27.471520526104,8.527756813566,
    -12.94230484541));
#3846 = VECTOR('',#3847,1.);
#3847 = DIRECTION('',(3.076740298214E-16,0.5,0.866025403784));
#3848 = PCURVE('',#70,#3849);
#3849 = DEFINITIONAL_REPRESENTATION('',(#3850),#3853);
#3850 = B_SPLINE_CURVE_WITH_KNOTS('',1,(#3851,#3852),.UNSPECIFIED.,.F.,
  .F.,(2,2),(1.319020019992,7.092522711888),.PIECEWISE_BEZIER_KNOTS.);
#3851 = CARTESIAN_POINT('',(2.374533647125,27.471520526104));
#3852 = CARTESIAN_POINT('',(8.148036339021,27.471520526104));
#3853 = ( GEOMETRIC_REPRESENTATION_CONTEXT(2) 
PARAMETRIC_REPRESENTATION_CONTEXT() REPRESENTATION_CONTEXT('2D SPACE',''
  ) );
#3854 = PCURVE('',#3855,#3860);
#3855 = PLANE('',#3856);
#3856 = AXIS2_PLACEMENT_3D('',#3857,#3858,#3859);
#3857 = CARTESIAN_POINT('',(27.471520526104,0.,-6.8));
#3858 = DIRECTION('',(-1.,0.,3.552713678801E-16));
#3859 = DIRECTION('',(-3.552713678801E-16,0.,-1.));
#3860 = DEFINITIONAL_REPRESENTATION('',(#3861),#3864);
#3861 = B_SPLINE_CURVE_WITH_KNOTS('',1,(#3862,#3863),.UNSPECIFIED.,.F.,
  .F.,(2,2),(1.319020019992,7.092522711888),.PIECEWISE_BEZIER_KNOTS.);
#3862 = CARTESIAN_POINT('',(5.,-9.187266823562));
#3863 = CARTESIAN_POINT('',(2.765503881557E-16,-12.07401816951));
#3864 = ( GEOMETRIC_REPRESENTATION_CONTEXT(2) 
PARAMETRIC_REPRESENTATION_CONTEXT() REPRESENTATION_CONTEXT('2D SPACE',''
  ) );
#3865 = ORIENTED_EDGE('',*,*,#3866,.F.);
#3866 = EDGE_CURVE('',#3867,#3841,#3869,.T.);
#3867 = VERTEX_POINT('',#3868);
#3868 = CARTESIAN_POINT('',(31.033320996791,8.,-13.85640646055));
#3869 = SURFACE_CURVE('',#3870,(#3874,#3880),.PCURVE_S1.);
#3870 = LINE('',#3871,#3872);
#3871 = CARTESIAN_POINT('',(19.570186588354,11.821044802812,
    -7.238162724083));
#3872 = VECTOR('',#3873,1.);
#3873 = DIRECTION('',(-0.832050294338,0.277350098113,0.480384461415));
#3874 = PCURVE('',#70,#3875);
#3875 = DEFINITIONAL_REPRESENTATION('',(#3876),#3879);
#3876 = B_SPLINE_CURVE_WITH_KNOTS('',1,(#3877,#3878),.UNSPECIFIED.,.F.,
  .F.,(2,2),(-13.77697296238,-9.496221552374),.PIECEWISE_BEZIER_KNOTS.);
#3877 = CARTESIAN_POINT('',(4.565908841088E-16,31.033320996791));
#3878 = CARTESIAN_POINT('',(2.374533647125,27.471520526104));
#3879 = ( GEOMETRIC_REPRESENTATION_CONTEXT(2) 
PARAMETRIC_REPRESENTATION_CONTEXT() REPRESENTATION_CONTEXT('2D SPACE',''
  ) );
#3880 = PCURVE('',#3881,#3886);
#3881 = PLANE('',#3882);
#3882 = AXIS2_PLACEMENT_3D('',#3883,#3884,#3885);
#3883 = CARTESIAN_POINT('',(27.471520526104,0.,-11.8));
#3884 = DIRECTION('',(-0.5,-0.,-0.866025403784));
#3885 = DIRECTION('',(0.866025403784,0.,-0.5));
#3886 = DEFINITIONAL_REPRESENTATION('',(#3887),#3890);
#3887 = B_SPLINE_CURVE_WITH_KNOTS('',1,(#3888,#3889),.UNSPECIFIED.,.F.,
  .F.,(2,2),(-13.77697296238,-9.496221552374),.PIECEWISE_BEZIER_KNOTS.);
#3888 = CARTESIAN_POINT('',(4.112812921102,-8.));
#3889 = CARTESIAN_POINT('',(-5.176529898327E-16,-9.187266823562));
#3890 = ( GEOMETRIC_REPRESENTATION_CONTEXT(2) 
PARAMETRIC_REPRESENTATION_CONTEXT() REPRESENTATION_CONTEXT('2D SPACE',''
  ) );
#3891 = ORIENTED_EDGE('',*,*,#3892,.T.);
#3892 = EDGE_CURVE('',#3867,#3893,#3895,.T.);
#3893 = VERTEX_POINT('',#3894);
#3894 = CARTESIAN_POINT('',(21.831259086334,8.,-13.85640646055));
#3895 = SURFACE_CURVE('',#3896,(#3900,#3907),.PCURVE_S1.);
#3896 = LINE('',#3897,#3898);
#3897 = CARTESIAN_POINT('',(60.,8.,-13.85640646055));
#3898 = VECTOR('',#3899,1.);
#3899 = DIRECTION('',(-1.,0.,0.));
#3900 = PCURVE('',#70,#3901);
#3901 = DEFINITIONAL_REPRESENTATION('',(#3902),#3906);
#3902 = LINE('',#3903,#3904);
#3903 = CARTESIAN_POINT('',(0.,60.));
#3904 = VECTOR('',#3905,1.);
#3905 = DIRECTION('',(0.,-1.));
#3906 = ( GEOMETRIC_REPRESENTATION_CONTEXT(2) 
PARAMETRIC_REPRESENTATION_CONTEXT() REPRESENTATION_CONTEXT('2D SPACE',''
  ) );
#3907 = PCURVE('',#3908,#3913);
#3908 = PLANE('',#3909);
#3909 = AXIS2_PLACEMENT_3D('',#3910,#3911,#3912);
#3910 = CARTESIAN_POINT('',(0.,-8.,-13.85640646055));
#3911 = DIRECTION('',(0.,-2.22044604925E-16,-1.));
#3912 = DIRECTION('',(0.,1.,-2.22044604925E-16));
#3913 = DEFINITIONAL_REPRESENTATION('',(#3914),#3918);
#3914 = LINE('',#3915,#3916);
#3915 = CARTESIAN_POINT('',(16.,60.));
#3916 = VECTOR('',#3917,1.);
#3917 = DIRECTION('',(0.,-1.));
#3918 = ( GEOMETRIC_REPRESENTATION_CONTEXT(2) 
PARAMETRIC_REPRESENTATION_CONTEXT() REPRESENTATION_CONTEXT('2D SPACE',''
  ) );
#3919 = ORIENTED_EDGE('',*,*,#3920,.F.);
#3920 = EDGE_CURVE('',#3921,#3893,#3923,.T.);
#3921 = VERTEX_POINT('',#3922);
#3922 = CARTESIAN_POINT('',(25.393059557021,9.187266823562,-11.8));
#3923 = SURFACE_CURVE('',#3924,(#3928,#3934),.PCURVE_S1.);
#3924 = LINE('',#3925,#3926);
#3925 = CARTESIAN_POINT('',(12.99659561111,5.055112174925,
    -18.95710179617));
#3926 = VECTOR('',#3927,1.);
#3927 = DIRECTION('',(-0.832050294338,-0.277350098113,-0.480384461415));
#3928 = PCURVE('',#70,#3929);
#3929 = DEFINITIONAL_REPRESENTATION('',(#3930),#3933);
#3930 = B_SPLINE_CURVE_WITH_KNOTS('',1,(#3931,#3932),.UNSPECIFIED.,.F.,
  .F.,(2,2),(-14.8986954638,-10.61794405379),.PIECEWISE_BEZIER_KNOTS.);
#3931 = CARTESIAN_POINT('',(2.374533647125,25.393059557021));
#3932 = CARTESIAN_POINT('',(2.188103620643E-15,21.831259086334));
#3933 = ( GEOMETRIC_REPRESENTATION_CONTEXT(2) 
PARAMETRIC_REPRESENTATION_CONTEXT() REPRESENTATION_CONTEXT('2D SPACE',''
  ) );
#3934 = PCURVE('',#3935,#3940);
#3935 = PLANE('',#3936);
#3936 = AXIS2_PLACEMENT_3D('',#3937,#3938,#3939);
#3937 = CARTESIAN_POINT('',(21.062932538099,0.,-14.3));
#3938 = DIRECTION('',(0.5,0.,-0.866025403784));
#3939 = DIRECTION('',(0.866025403784,0.,0.5));
#3940 = DEFINITIONAL_REPRESENTATION('',(#3941),#3944);
#3941 = B_SPLINE_CURVE_WITH_KNOTS('',1,(#3942,#3943),.UNSPECIFIED.,.F.,
  .F.,(2,2),(-14.8986954638,-10.61794405379),.PIECEWISE_BEZIER_KNOTS.);
#3942 = CARTESIAN_POINT('',(5.,-9.187266823562));
#3943 = CARTESIAN_POINT('',(0.887187078898,-8.));
#3944 = ( GEOMETRIC_REPRESENTATION_CONTEXT(2) 
PARAMETRIC_REPRESENTATION_CONTEXT() REPRESENTATION_CONTEXT('2D SPACE',''
  ) );
#3945 = ORIENTED_EDGE('',*,*,#3946,.F.);
#3946 = EDGE_CURVE('',#3947,#3921,#3949,.T.);
#3947 = VERTEX_POINT('',#3948);
#3948 = CARTESIAN_POINT('',(25.393059557021,12.074018169511,-6.8));
#3949 = SURFACE_CURVE('',#3950,(#3954,#3960),.PCURVE_S1.);
#3950 = LINE('',#3951,#3952);
#3951 = CARTESIAN_POINT('',(25.393059557021,7.445225058836,
    -14.81730484541));
#3952 = VECTOR('',#3953,1.);
#3953 = DIRECTION('',(-1.538370149107E-16,-0.5,-0.866025403784));
#3954 = PCURVE('',#70,#3955);
#3955 = DEFINITIONAL_REPRESENTATION('',(#3956),#3959);
#3956 = B_SPLINE_CURVE_WITH_KNOTS('',1,(#3957,#3958),.UNSPECIFIED.,.F.,
  .F.,(2,2),(-9.257586221349,-3.484083529453),.PIECEWISE_BEZIER_KNOTS.);
#3957 = CARTESIAN_POINT('',(8.148036339021,25.393059557021));
#3958 = CARTESIAN_POINT('',(2.374533647125,25.393059557021));
#3959 = ( GEOMETRIC_REPRESENTATION_CONTEXT(2) 
PARAMETRIC_REPRESENTATION_CONTEXT() REPRESENTATION_CONTEXT('2D SPACE',''
  ) );
#3960 = PCURVE('',#3961,#3966);
#3961 = PLANE('',#3962);
#3962 = AXIS2_PLACEMENT_3D('',#3963,#3964,#3965);
#3963 = CARTESIAN_POINT('',(25.393059557021,0.,-11.8));
#3964 = DIRECTION('',(1.,0.,-1.7763568394E-16));
#3965 = DIRECTION('',(1.7763568394E-16,0.,1.));
#3966 = DEFINITIONAL_REPRESENTATION('',(#3967),#3970);
#3967 = B_SPLINE_CURVE_WITH_KNOTS('',1,(#3968,#3969),.UNSPECIFIED.,.F.,
  .F.,(2,2),(-9.257586221349,-3.484083529453),.PIECEWISE_BEZIER_KNOTS.);
#3968 = CARTESIAN_POINT('',(5.,-12.07401816951));
#3969 = CARTESIAN_POINT('',(4.493600801088E-16,-9.187266823562));
#3970 = ( GEOMETRIC_REPRESENTATION_CONTEXT(2) 
PARAMETRIC_REPRESENTATION_CONTEXT() REPRESENTATION_CONTEXT('2D SPACE',''
  ) );
#3971 = ORIENTED_EDGE('',*,*,#3972,.F.);
#3972 = EDGE_CURVE('',#3973,#3947,#3975,.T.);
#3973 = VERTEX_POINT('',#3974);
#3974 = CARTESIAN_POINT('',(21.062932538099,13.517393842485,-4.3));
#3975 = SURFACE_CURVE('',#3976,(#3980,#3986),.PCURVE_S1.);
#3976 = LINE('',#3977,#3978);
#3977 = CARTESIAN_POINT('',(19.876626346616,13.912829239646,
    -3.615085801006));
#3978 = VECTOR('',#3979,1.);
#3979 = DIRECTION('',(0.832050294338,-0.277350098113,-0.480384461415));
#3980 = PCURVE('',#70,#3981);
#3981 = DEFINITIONAL_REPRESENTATION('',(#3982),#3985);
#3982 = B_SPLINE_CURVE_WITH_KNOTS('',1,(#3983,#3984),.UNSPECIFIED.,.F.,
  .F.,(2,2),(1.425762600597,6.629927599263),.PIECEWISE_BEZIER_KNOTS.);
#3983 = CARTESIAN_POINT('',(11.034787684969,21.062932538099));
#3984 = CARTESIAN_POINT('',(8.148036339021,25.393059557021));
#3985 = ( GEOMETRIC_REPRESENTATION_CONTEXT(2) 
PARAMETRIC_REPRESENTATION_CONTEXT() REPRESENTATION_CONTEXT('2D SPACE',''
  ) );
#3986 = PCURVE('',#3987,#3992);
#3987 = PLANE('',#3988);
#3988 = AXIS2_PLACEMENT_3D('',#3989,#3990,#3991);
#3989 = CARTESIAN_POINT('',(25.393059557021,0.,-6.8));
#3990 = DIRECTION('',(0.5,0.,0.866025403784));
#3991 = DIRECTION('',(-0.866025403784,0.,0.5));
#3992 = DEFINITIONAL_REPRESENTATION('',(#3993),#3996);
#3993 = B_SPLINE_CURVE_WITH_KNOTS('',1,(#3994,#3995),.UNSPECIFIED.,.F.,
  .F.,(2,2),(1.425762600597,6.629927599263),.PIECEWISE_BEZIER_KNOTS.);
#3994 = CARTESIAN_POINT('',(5.,-13.51739384248));
#3995 = CARTESIAN_POINT('',(1.486746773935E-16,-12.07401816951));
#3996 = ( GEOMETRIC_REPRESENTATION_CONTEXT(2) 
PARAMETRIC_REPRESENTATION_CONTEXT() REPRESENTATION_CONTEXT('2D SPACE',''
  ) );
#3997 = ORIENTED_EDGE('',*,*,#3998,.F.);
#3998 = EDGE_CURVE('',#3999,#3973,#4001,.T.);
#3999 = VERTEX_POINT('',#4000);
#4000 = CARTESIAN_POINT('',(16.732805519177,12.074018169511,-6.8));
#4001 = SURFACE_CURVE('',#4002,(#4006,#4012),.PCURVE_S1.);
#4002 = LINE('',#4003,#4004);
#4003 = CARTESIAN_POINT('',(9.665728673477,9.718325887611,
    -10.88017871924));
#4004 = VECTOR('',#4005,1.);
#4005 = DIRECTION('',(0.832050294338,0.277350098113,0.480384461415));
#4006 = PCURVE('',#70,#4007);
#4007 = DEFINITIONAL_REPRESENTATION('',(#4008),#4011);
#4008 = B_SPLINE_CURVE_WITH_KNOTS('',1,(#4009,#4010),.UNSPECIFIED.,.F.,
  .F.,(2,2),(8.493569311604,13.69773431027),.PIECEWISE_BEZIER_KNOTS.);
#4009 = CARTESIAN_POINT('',(8.148036339021,16.732805519177));
#4010 = CARTESIAN_POINT('',(11.034787684969,21.062932538099));
#4011 = ( GEOMETRIC_REPRESENTATION_CONTEXT(2) 
PARAMETRIC_REPRESENTATION_CONTEXT() REPRESENTATION_CONTEXT('2D SPACE',''
  ) );
#4012 = PCURVE('',#4013,#4018);
#4013 = PLANE('',#4014);
#4014 = AXIS2_PLACEMENT_3D('',#4015,#4016,#4017);
#4015 = CARTESIAN_POINT('',(21.062932538099,0.,-4.3));
#4016 = DIRECTION('',(-0.5,0.,0.866025403784));
#4017 = DIRECTION('',(-0.866025403784,0.,-0.5));
#4018 = DEFINITIONAL_REPRESENTATION('',(#4019),#4022);
#4019 = B_SPLINE_CURVE_WITH_KNOTS('',1,(#4020,#4021),.UNSPECIFIED.,.F.,
  .F.,(2,2),(8.493569311604,13.69773431027),.PIECEWISE_BEZIER_KNOTS.);
#4020 = CARTESIAN_POINT('',(5.,-12.07401816951));
#4021 = CARTESIAN_POINT('',(2.002393530009E-16,-13.51739384248));
#4022 = ( GEOMETRIC_REPRESENTATION_CONTEXT(2) 
PARAMETRIC_REPRESENTATION_CONTEXT() REPRESENTATION_CONTEXT('2D SPACE',''
  ) );
#4023 = ORIENTED_EDGE('',*,*,#4024,.F.);
#4024 = EDGE_CURVE('',#4025,#3999,#4027,.T.);
#4025 = VERTEX_POINT('',#4026);
#4026 = CARTESIAN_POINT('',(16.732805519177,9.187266823562,-11.8));
#4027 = SURFACE_CURVE('',#4028,(#4032,#4038),.PCURVE_S1.);
#4028 = LINE('',#4029,#4030);
#4029 = CARTESIAN_POINT('',(16.732805519177,8.527756813566,
    -12.94230484541));
#4030 = VECTOR('',#4031,1.);
#4031 = DIRECTION('',(3.076740298214E-16,0.5,0.866025403784));
#4032 = PCURVE('',#70,#4033);
#4033 = DEFINITIONAL_REPRESENTATION('',(#4034),#4037);
#4034 = B_SPLINE_CURVE_WITH_KNOTS('',1,(#4035,#4036),.UNSPECIFIED.,.F.,
  .F.,(2,2),(1.319020019992,7.092522711888),.PIECEWISE_BEZIER_KNOTS.);
#4035 = CARTESIAN_POINT('',(2.374533647125,16.732805519177));
#4036 = CARTESIAN_POINT('',(8.148036339021,16.732805519177));
#4037 = ( GEOMETRIC_REPRESENTATION_CONTEXT(2) 
PARAMETRIC_REPRESENTATION_CONTEXT() REPRESENTATION_CONTEXT('2D SPACE',''
  ) );
#4038 = PCURVE('',#4039,#4044);
#4039 = PLANE('',#4040);
#4040 = AXIS2_PLACEMENT_3D('',#4041,#4042,#4043);
#4041 = CARTESIAN_POINT('',(16.732805519177,0.,-6.8));
#4042 = DIRECTION('',(-1.,0.,3.552713678801E-16));
#4043 = DIRECTION('',(-3.552713678801E-16,0.,-1.));
#4044 = DEFINITIONAL_REPRESENTATION('',(#4045),#4048);
#4045 = B_SPLINE_CURVE_WITH_KNOTS('',1,(#4046,#4047),.UNSPECIFIED.,.F.,
  .F.,(2,2),(1.319020019992,7.092522711888),.PIECEWISE_BEZIER_KNOTS.);
#4046 = CARTESIAN_POINT('',(5.,-9.187266823562));
#4047 = CARTESIAN_POINT('',(-7.306213766911E-16,-12.07401816951));
#4048 = ( GEOMETRIC_REPRESENTATION_CONTEXT(2) 
PARAMETRIC_REPRESENTATION_CONTEXT() REPRESENTATION_CONTEXT('2D SPACE',''
  ) );
#4049 = ORIENTED_EDGE('',*,*,#4050,.F.);
#4050 = EDGE_CURVE('',#4051,#4025,#4053,.T.);
#4051 = VERTEX_POINT('',#4052);
#4052 = CARTESIAN_POINT('',(20.294605989864,8.,-13.85640646055));
#4053 = SURFACE_CURVE('',#4054,(#4058,#4064),.PCURVE_S1.);
#4054 = LINE('',#4055,#4056);
#4055 = CARTESIAN_POINT('',(12.548719083825,10.581962302013,
    -9.384316570237));
#4056 = VECTOR('',#4057,1.);
#4057 = DIRECTION('',(-0.832050294338,0.277350098113,0.480384461415));
#4058 = PCURVE('',#70,#4059);
#4059 = DEFINITIONAL_REPRESENTATION('',(#4060),#4063);
#4060 = B_SPLINE_CURVE_WITH_KNOTS('',1,(#4061,#4062),.UNSPECIFIED.,.F.,
  .F.,(2,2),(-9.309397471223,-5.028646061212),.PIECEWISE_BEZIER_KNOTS.);
#4061 = CARTESIAN_POINT('',(-2.455869035586E-16,20.294605989864));
#4062 = CARTESIAN_POINT('',(2.374533647125,16.732805519177));
#4063 = ( GEOMETRIC_REPRESENTATION_CONTEXT(2) 
PARAMETRIC_REPRESENTATION_CONTEXT() REPRESENTATION_CONTEXT('2D SPACE',''
  ) );
#4064 = PCURVE('',#4065,#4070);
#4065 = PLANE('',#4066);
#4066 = AXIS2_PLACEMENT_3D('',#4067,#4068,#4069);
#4067 = CARTESIAN_POINT('',(16.732805519177,0.,-11.8));
#4068 = DIRECTION('',(-0.5,-0.,-0.866025403784));
#4069 = DIRECTION('',(0.866025403784,0.,-0.5));
#4070 = DEFINITIONAL_REPRESENTATION('',(#4071),#4074);
#4071 = B_SPLINE_CURVE_WITH_KNOTS('',1,(#4072,#4073),.UNSPECIFIED.,.F.,
  .F.,(2,2),(-9.309397471223,-5.028646061212),.PIECEWISE_BEZIER_KNOTS.);
#4072 = CARTESIAN_POINT('',(4.112812921102,-8.));
#4073 = CARTESIAN_POINT('',(-5.262576385639E-16,-9.187266823562));
#4074 = ( GEOMETRIC_REPRESENTATION_CONTEXT(2) 
PARAMETRIC_REPRESENTATION_CONTEXT() REPRESENTATION_CONTEXT('2D SPACE',''
  ) );
#4075 = ORIENTED_EDGE('',*,*,#4076,.T.);
#4076 = EDGE_CURVE('',#4051,#4077,#4079,.T.);
#4077 = VERTEX_POINT('',#4078);
#4078 = CARTESIAN_POINT('',(11.092544079407,8.,-13.85640646055));
#4079 = SURFACE_CURVE('',#4080,(#4084,#4091),.PCURVE_S1.);
#4080 = LINE('',#4081,#4082);
#4081 = CARTESIAN_POINT('',(60.,8.,-13.85640646055));
#4082 = VECTOR('',#4083,1.);
#4083 = DIRECTION('',(-1.,0.,0.));
#4084 = PCURVE('',#70,#4085);
#4085 = DEFINITIONAL_REPRESENTATION('',(#4086),#4090);
#4086 = LINE('',#4087,#4088);
#4087 = CARTESIAN_POINT('',(0.,60.));
#4088 = VECTOR('',#4089,1.);
#4089 = DIRECTION('',(0.,-1.));
#4090 = ( GEOMETRIC_REPRESENTATION_CONTEXT(2) 
PARAMETRIC_REPRESENTATION_CONTEXT() REPRESENTATION_CONTEXT('2D SPACE',''
  ) );
#4091 = PCURVE('',#4092,#4097);
#4092 = PLANE('',#4093);
#4093 = AXIS2_PLACEMENT_3D('',#4094,#4095,#4096);
#4094 = CARTESIAN_POINT('',(0.,-8.,-13.85640646055));
#4095 = DIRECTION('',(0.,-2.22044604925E-16,-1.));
#4096 = DIRECTION('',(0.,1.,-2.22044604925E-16));
#4097 = DEFINITIONAL_REPRESENTATION('',(#4098),#4102);
#4098 = LINE('',#4099,#4100);
#4099 = CARTESIAN_POINT('',(16.,60.));
#4100 = VECTOR('',#4101,1.);
#4101 = DIRECTION('',(0.,-1.));
#4102 = ( GEOMETRIC_REPRESENTATION_CONTEXT(2) 
PARAMETRIC_REPRESENTATION_CONTEXT() REPRESENTATION_CONTEXT('2D SPACE',''
  ) );
#4103 = ORIENTED_EDGE('',*,*,#4104,.F.);
#4104 = EDGE_CURVE('',#4105,#4077,#4107,.T.);
#4105 = VERTEX_POINT('',#4106);
#4106 = CARTESIAN_POINT('',(14.654344550094,9.187266823562,-11.8));
#4107 = SURFACE_CURVE('',#4108,(#4112,#4118),.PCURVE_S1.);
#4108 = LINE('',#4109,#4110);
#4109 = CARTESIAN_POINT('',(5.975128106581,6.294194675725,
    -16.81094795001));
#4110 = VECTOR('',#4111,1.);
#4111 = DIRECTION('',(-0.832050294338,-0.277350098113,-0.480384461415));
#4112 = PCURVE('',#70,#4113);
#4113 = DEFINITIONAL_REPRESENTATION('',(#4114),#4117);
#4114 = B_SPLINE_CURVE_WITH_KNOTS('',1,(#4115,#4116),.UNSPECIFIED.,.F.,
  .F.,(2,2),(-10.43111997264,-6.150368562634),.PIECEWISE_BEZIER_KNOTS.);
#4115 = CARTESIAN_POINT('',(2.374533647125,14.654344550094));
#4116 = CARTESIAN_POINT('',(1.269658491722E-15,11.092544079407));
#4117 = ( GEOMETRIC_REPRESENTATION_CONTEXT(2) 
PARAMETRIC_REPRESENTATION_CONTEXT() REPRESENTATION_CONTEXT('2D SPACE',''
  ) );
#4118 = PCURVE('',#4119,#4124);
#4119 = PLANE('',#4120);
#4120 = AXIS2_PLACEMENT_3D('',#4121,#4122,#4123);
#4121 = CARTESIAN_POINT('',(10.324217531172,0.,-14.3));
#4122 = DIRECTION('',(0.5,0.,-0.866025403784));
#4123 = DIRECTION('',(0.866025403784,0.,0.5));
#4124 = DEFINITIONAL_REPRESENTATION('',(#4125),#4128);
#4125 = B_SPLINE_CURVE_WITH_KNOTS('',1,(#4126,#4127),.UNSPECIFIED.,.F.,
  .F.,(2,2),(-10.43111997264,-6.150368562634),.PIECEWISE_BEZIER_KNOTS.);
#4126 = CARTESIAN_POINT('',(5.,-9.187266823562));
#4127 = CARTESIAN_POINT('',(0.887187078898,-8.));
#4128 = ( GEOMETRIC_REPRESENTATION_CONTEXT(2) 
PARAMETRIC_REPRESENTATION_CONTEXT() REPRESENTATION_CONTEXT('2D SPACE',''
  ) );
#4129 = ORIENTED_EDGE('',*,*,#4130,.F.);
#4130 = EDGE_CURVE('',#4131,#4105,#4133,.T.);
#4131 = VERTEX_POINT('',#4132);
#4132 = CARTESIAN_POINT('',(14.654344550094,12.074018169511,-6.8));
#4133 = SURFACE_CURVE('',#4134,(#4138,#4144),.PCURVE_S1.);
#4134 = LINE('',#4135,#4136);
#4135 = CARTESIAN_POINT('',(14.654344550094,7.445225058836,
    -14.81730484541));
#4136 = VECTOR('',#4137,1.);
#4137 = DIRECTION('',(-1.538370149107E-16,-0.5,-0.866025403784));
#4138 = PCURVE('',#70,#4139);
#4139 = DEFINITIONAL_REPRESENTATION('',(#4140),#4143);
#4140 = B_SPLINE_CURVE_WITH_KNOTS('',1,(#4141,#4142),.UNSPECIFIED.,.F.,
  .F.,(2,2),(-9.257586221349,-3.484083529453),.PIECEWISE_BEZIER_KNOTS.);
#4141 = CARTESIAN_POINT('',(8.148036339021,14.654344550094));
#4142 = CARTESIAN_POINT('',(2.374533647125,14.654344550094));
#4143 = ( GEOMETRIC_REPRESENTATION_CONTEXT(2) 
PARAMETRIC_REPRESENTATION_CONTEXT() REPRESENTATION_CONTEXT('2D SPACE',''
  ) );
#4144 = PCURVE('',#4145,#4150);
#4145 = PLANE('',#4146);
#4146 = AXIS2_PLACEMENT_3D('',#4147,#4148,#4149);
#4147 = CARTESIAN_POINT('',(14.654344550094,0.,-11.8));
#4148 = DIRECTION('',(1.,0.,-1.7763568394E-16));
#4149 = DIRECTION('',(1.7763568394E-16,0.,1.));
#4150 = DEFINITIONAL_REPRESENTATION('',(#4151),#4154);
#4151 = B_SPLINE_CURVE_WITH_KNOTS('',1,(#4152,#4153),.UNSPECIFIED.,.F.,
  .F.,(2,2),(-9.257586221349,-3.484083529453),.PIECEWISE_BEZIER_KNOTS.);
#4152 = CARTESIAN_POINT('',(5.,-12.07401816951));
#4153 = CARTESIAN_POINT('',(3.027542331255E-16,-9.187266823562));
#4154 = ( GEOMETRIC_REPRESENTATION_CONTEXT(2) 
PARAMETRIC_REPRESENTATION_CONTEXT() REPRESENTATION_CONTEXT('2D SPACE',''
  ) );
#4155 = ORIENTED_EDGE('',*,*,#4156,.F.);
#4156 = EDGE_CURVE('',#4157,#4131,#4159,.T.);
#4157 = VERTEX_POINT('',#4158);
#4158 = CARTESIAN_POINT('',(10.324217531172,13.517393842485,-4.3));
#4159 = SURFACE_CURVE('',#4160,(#4164,#4170),.PCURVE_S1.);
#4160 = LINE('',#4161,#4162);
#4161 = CARTESIAN_POINT('',(12.855158842087,12.673746738846,
    -5.76123964716));
#4162 = VECTOR('',#4163,1.);
#4163 = DIRECTION('',(0.832050294338,-0.277350098113,-0.480384461415));
#4164 = PCURVE('',#70,#4165);
#4165 = DEFINITIONAL_REPRESENTATION('',(#4166),#4169);
#4166 = B_SPLINE_CURVE_WITH_KNOTS('',1,(#4167,#4168),.UNSPECIFIED.,.F.,
  .F.,(2,2),(-3.041812890565,2.162352108101),.PIECEWISE_BEZIER_KNOTS.);
#4167 = CARTESIAN_POINT('',(11.034787684969,10.324217531172));
#4168 = CARTESIAN_POINT('',(8.148036339021,14.654344550094));
#4169 = ( GEOMETRIC_REPRESENTATION_CONTEXT(2) 
PARAMETRIC_REPRESENTATION_CONTEXT() REPRESENTATION_CONTEXT('2D SPACE',''
  ) );
#4170 = PCURVE('',#4171,#4176);
#4171 = PLANE('',#4172);
#4172 = AXIS2_PLACEMENT_3D('',#4173,#4174,#4175);
#4173 = CARTESIAN_POINT('',(14.654344550094,0.,-6.8));
#4174 = DIRECTION('',(0.5,0.,0.866025403784));
#4175 = DIRECTION('',(-0.866025403784,0.,0.5));
#4176 = DEFINITIONAL_REPRESENTATION('',(#4177),#4180);
#4177 = B_SPLINE_CURVE_WITH_KNOTS('',1,(#4178,#4179),.UNSPECIFIED.,.F.,
  .F.,(2,2),(-3.041812890565,2.162352108101),.PIECEWISE_BEZIER_KNOTS.);
#4178 = CARTESIAN_POINT('',(5.,-13.51739384248));
#4179 = CARTESIAN_POINT('',(1.921235222483E-16,-12.07401816951));
#4180 = ( GEOMETRIC_REPRESENTATION_CONTEXT(2) 
PARAMETRIC_REPRESENTATION_CONTEXT() REPRESENTATION_CONTEXT('2D SPACE',''
  ) );
#4181 = ORIENTED_EDGE('',*,*,#4182,.F.);
#4182 = EDGE_CURVE('',#4183,#4157,#4185,.T.);
#4183 = VERTEX_POINT('',#4184);
#4184 = CARTESIAN_POINT('',(5.994090512249,12.074018169511,-6.8));
#4185 = SURFACE_CURVE('',#4186,(#4190,#4196),.PCURVE_S1.);
#4186 = LINE('',#4187,#4188);
#4187 = CARTESIAN_POINT('',(2.644261168948,10.95740838841,
    -8.734024873094));
#4188 = VECTOR('',#4189,1.);
#4189 = DIRECTION('',(0.832050294338,0.277350098113,0.480384461415));
#4190 = PCURVE('',#70,#4191);
#4191 = DEFINITIONAL_REPRESENTATION('',(#4192),#4195);
#4192 = B_SPLINE_CURVE_WITH_KNOTS('',1,(#4193,#4194),.UNSPECIFIED.,.F.,
  .F.,(2,2),(4.025993820442,9.230158819108),.PIECEWISE_BEZIER_KNOTS.);
#4193 = CARTESIAN_POINT('',(8.148036339021,5.994090512249));
#4194 = CARTESIAN_POINT('',(11.034787684969,10.324217531172));
#4195 = ( GEOMETRIC_REPRESENTATION_CONTEXT(2) 
PARAMETRIC_REPRESENTATION_CONTEXT() REPRESENTATION_CONTEXT('2D SPACE',''
  ) );
#4196 = PCURVE('',#4197,#4202);
#4197 = PLANE('',#4198);
#4198 = AXIS2_PLACEMENT_3D('',#4199,#4200,#4201);
#4199 = CARTESIAN_POINT('',(10.324217531172,0.,-4.3));
#4200 = DIRECTION('',(-0.5,0.,0.866025403784));
#4201 = DIRECTION('',(-0.866025403784,0.,-0.5));
#4202 = DEFINITIONAL_REPRESENTATION('',(#4203),#4206);
#4203 = B_SPLINE_CURVE_WITH_KNOTS('',1,(#4204,#4205),.UNSPECIFIED.,.F.,
  .F.,(2,2),(4.025993820442,9.230158819108),.PIECEWISE_BEZIER_KNOTS.);
#4204 = CARTESIAN_POINT('',(5.,-12.07401816951));
#4205 = CARTESIAN_POINT('',(-6.096460257209E-16,-13.51739384248));
#4206 = ( GEOMETRIC_REPRESENTATION_CONTEXT(2) 
PARAMETRIC_REPRESENTATION_CONTEXT() REPRESENTATION_CONTEXT('2D SPACE',''
  ) );
#4207 = ORIENTED_EDGE('',*,*,#4208,.F.);
#4208 = EDGE_CURVE('',#4209,#4183,#4211,.T.);
#4209 = VERTEX_POINT('',#4210);
#4210 = CARTESIAN_POINT('',(5.994090512249,9.187266823562,-11.8));
#4211 = SURFACE_CURVE('',#4212,(#4216,#4222),.PCURVE_S1.);
#4212 = LINE('',#4213,#4214);
#4213 = CARTESIAN_POINT('',(5.994090512249,8.527756813566,
    -12.94230484541));
#4214 = VECTOR('',#4215,1.);
#4215 = DIRECTION('',(3.076740298214E-16,0.5,0.866025403784));
#4216 = PCURVE('',#70,#4217);
#4217 = DEFINITIONAL_REPRESENTATION('',(#4218),#4221);
#4218 = B_SPLINE_CURVE_WITH_KNOTS('',1,(#4219,#4220),.UNSPECIFIED.,.F.,
  .F.,(2,2),(1.319020019992,7.092522711888),.PIECEWISE_BEZIER_KNOTS.);
#4219 = CARTESIAN_POINT('',(2.374533647125,5.994090512249));
#4220 = CARTESIAN_POINT('',(8.148036339021,5.994090512249));
#4221 = ( GEOMETRIC_REPRESENTATION_CONTEXT(2) 
PARAMETRIC_REPRESENTATION_CONTEXT() REPRESENTATION_CONTEXT('2D SPACE',''
  ) );
#4222 = PCURVE('',#4223,#4228);
#4223 = PLANE('',#4224);
#4224 = AXIS2_PLACEMENT_3D('',#4225,#4226,#4227);
#4225 = CARTESIAN_POINT('',(5.994090512249,0.,-6.8));
#4226 = DIRECTION('',(-1.,0.,3.552713678801E-16));
#4227 = DIRECTION('',(-3.552713678801E-16,0.,-1.));
#4228 = DEFINITIONAL_REPRESENTATION('',(#4229),#4232);
#4229 = B_SPLINE_CURVE_WITH_KNOTS('',1,(#4230,#4231),.UNSPECIFIED.,.F.,
  .F.,(2,2),(1.319020019992,7.092522711888),.PIECEWISE_BEZIER_KNOTS.);
#4230 = CARTESIAN_POINT('',(5.,-9.187266823562));
#4231 = CARTESIAN_POINT('',(-7.306213766911E-16,-12.07401816951));
#4232 = ( GEOMETRIC_REPRESENTATION_CONTEXT(2) 
PARAMETRIC_REPRESENTATION_CONTEXT() REPRESENTATION_CONTEXT('2D SPACE',''
  ) );
#4233 = ORIENTED_EDGE('',*,*,#4234,.F.);
#4234 = EDGE_CURVE('',#4235,#4209,#4237,.T.);
#4235 = VERTEX_POINT('',#4236);
#4236 = CARTESIAN_POINT('',(9.555890982937,8.,-13.85640646055));
#4237 = SURFACE_CURVE('',#4238,(#4242,#4248),.PCURVE_S1.);
#4238 = LINE('',#4239,#4240);
#4239 = CARTESIAN_POINT('',(5.527251579295,9.342879801214,
    -11.53047041639));
#4240 = VECTOR('',#4241,1.);
#4241 = DIRECTION('',(-0.832050294338,0.277350098113,0.480384461415));
#4242 = PCURVE('',#70,#4243);
#4243 = DEFINITIONAL_REPRESENTATION('',(#4244),#4247);
#4244 = B_SPLINE_CURVE_WITH_KNOTS('',1,(#4245,#4246),.UNSPECIFIED.,.F.,
  .F.,(2,2),(-4.841821980061,-0.56107057005),.PIECEWISE_BEZIER_KNOTS.);
#4245 = CARTESIAN_POINT('',(-3.093413460134E-16,9.555890982937));
#4246 = CARTESIAN_POINT('',(2.374533647125,5.994090512249));
#4247 = ( GEOMETRIC_REPRESENTATION_CONTEXT(2) 
PARAMETRIC_REPRESENTATION_CONTEXT() REPRESENTATION_CONTEXT('2D SPACE',''
  ) );
#4248 = PCURVE('',#4249,#4254);
#4249 = PLANE('',#4250);
#4250 = AXIS2_PLACEMENT_3D('',#4251,#4252,#4253);
#4251 = CARTESIAN_POINT('',(5.994090512249,0.,-11.8));
#4252 = DIRECTION('',(-0.5,-0.,-0.866025403784));
#4253 = DIRECTION('',(0.866025403784,0.,-0.5));
#4254 = DEFINITIONAL_REPRESENTATION('',(#4255),#4258);
#4255 = B_SPLINE_CURVE_WITH_KNOTS('',1,(#4256,#4257),.UNSPECIFIED.,.F.,
  .F.,(2,2),(-4.841821980061,-0.56107057005),.PIECEWISE_BEZIER_KNOTS.);
#4256 = CARTESIAN_POINT('',(4.112812921102,-8.));
#4257 = CARTESIAN_POINT('',(2.726953561881E-16,-9.187266823562));
#4258 = ( GEOMETRIC_REPRESENTATION_CONTEXT(2) 
PARAMETRIC_REPRESENTATION_CONTEXT() REPRESENTATION_CONTEXT('2D SPACE',''
  ) );
#4259 = ORIENTED_EDGE('',*,*,#4260,.T.);
#4260 = EDGE_CURVE('',#4235,#4261,#4263,.T.);
#4261 = VERTEX_POINT('',#4262);
#4262 = CARTESIAN_POINT('',(0.35382907248,8.,-13.85640646055));
#4263 = SURFACE_CURVE('',#4264,(#4268,#4275),.PCURVE_S1.);
#4264 = LINE('',#4265,#4266);
#4265 = CARTESIAN_POINT('',(60.,8.,-13.85640646055));
#4266 = VECTOR('',#4267,1.);
#4267 = DIRECTION('',(-1.,0.,0.));
#4268 = PCURVE('',#70,#4269);
#4269 = DEFINITIONAL_REPRESENTATION('',(#4270),#4274);
#4270 = LINE('',#4271,#4272);
#4271 = CARTESIAN_POINT('',(0.,60.));
#4272 = VECTOR('',#4273,1.);
#4273 = DIRECTION('',(0.,-1.));
#4274 = ( GEOMETRIC_REPRESENTATION_CONTEXT(2) 
PARAMETRIC_REPRESENTATION_CONTEXT() REPRESENTATION_CONTEXT('2D SPACE',''
  ) );
#4275 = PCURVE('',#4276,#4281);
#4276 = PLANE('',#4277);
#4277 = AXIS2_PLACEMENT_3D('',#4278,#4279,#4280);
#4278 = CARTESIAN_POINT('',(0.,-8.,-13.85640646055));
#4279 = DIRECTION('',(0.,-2.22044604925E-16,-1.));
#4280 = DIRECTION('',(0.,1.,-2.22044604925E-16));
#4281 = DEFINITIONAL_REPRESENTATION('',(#4282),#4286);
#4282 = LINE('',#4283,#4284);
#4283 = CARTESIAN_POINT('',(16.,60.));
#4284 = VECTOR('',#4285,1.);
#4285 = DIRECTION('',(0.,-1.));
#4286 = ( GEOMETRIC_REPRESENTATION_CONTEXT(2) 
PARAMETRIC_REPRESENTATION_CONTEXT() REPRESENTATION_CONTEXT('2D SPACE',''
  ) );
#4287 = ORIENTED_EDGE('',*,*,#4288,.F.);
#4288 = EDGE_CURVE('',#4289,#4261,#4291,.T.);
#4289 = VERTEX_POINT('',#4290);
#4290 = CARTESIAN_POINT('',(3.915629543167,9.187266823562,-11.8));
#4291 = SURFACE_CURVE('',#4292,(#4296,#4302),.PCURVE_S1.);
#4292 = LINE('',#4293,#4294);
#4293 = CARTESIAN_POINT('',(-1.046339397949,7.533277176524,
    -14.66479410386));
#4294 = VECTOR('',#4295,1.);
#4295 = DIRECTION('',(-0.832050294338,-0.277350098113,-0.480384461415));
#4296 = PCURVE('',#70,#4297);
#4297 = DEFINITIONAL_REPRESENTATION('',(#4298),#4301);
#4298 = B_SPLINE_CURVE_WITH_KNOTS('',1,(#4299,#4300),.UNSPECIFIED.,.F.,
  .F.,(2,2),(-5.963544481484,-1.682793071472),.PIECEWISE_BEZIER_KNOTS.);
#4299 = CARTESIAN_POINT('',(2.374533647125,3.915629543167));
#4300 = CARTESIAN_POINT('',(2.470284656225E-16,0.35382907248));
#4301 = ( GEOMETRIC_REPRESENTATION_CONTEXT(2) 
PARAMETRIC_REPRESENTATION_CONTEXT() REPRESENTATION_CONTEXT('2D SPACE',''
  ) );
#4302 = PCURVE('',#4303,#4308);
#4303 = PLANE('',#4304);
#4304 = AXIS2_PLACEMENT_3D('',#4305,#4306,#4307);
#4305 = CARTESIAN_POINT('',(-0.414497475755,0.,-14.3));
#4306 = DIRECTION('',(0.5,0.,-0.866025403784));
#4307 = DIRECTION('',(0.866025403784,0.,0.5));
#4308 = DEFINITIONAL_REPRESENTATION('',(#4309),#4312);
#4309 = B_SPLINE_CURVE_WITH_KNOTS('',1,(#4310,#4311),.UNSPECIFIED.,.F.,
  .F.,(2,2),(-5.963544481484,-1.682793071472),.PIECEWISE_BEZIER_KNOTS.);
#4310 = CARTESIAN_POINT('',(5.,-9.187266823562));
#4311 = CARTESIAN_POINT('',(0.887187078898,-8.));
#4312 = ( GEOMETRIC_REPRESENTATION_CONTEXT(2) 
PARAMETRIC_REPRESENTATION_CONTEXT() REPRESENTATION_CONTEXT('2D SPACE',''
  ) );
#4313 = ORIENTED_EDGE('',*,*,#4314,.F.);
#4314 = EDGE_CURVE('',#4315,#4289,#4317,.T.);
#4315 = VERTEX_POINT('',#4316);
#4316 = CARTESIAN_POINT('',(3.915629543167,12.074018169511,-6.8));
#4317 = SURFACE_CURVE('',#4318,(#4322,#4328),.PCURVE_S1.);
#4318 = LINE('',#4319,#4320);
#4319 = CARTESIAN_POINT('',(3.915629543167,7.445225058836,
    -14.81730484541));
#4320 = VECTOR('',#4321,1.);
#4321 = DIRECTION('',(-1.538370149107E-16,-0.5,-0.866025403784));
#4322 = PCURVE('',#70,#4323);
#4323 = DEFINITIONAL_REPRESENTATION('',(#4324),#4327);
#4324 = B_SPLINE_CURVE_WITH_KNOTS('',1,(#4325,#4326),.UNSPECIFIED.,.F.,
  .F.,(2,2),(-9.257586221349,-3.484083529453),.PIECEWISE_BEZIER_KNOTS.);
#4325 = CARTESIAN_POINT('',(8.148036339021,3.915629543167));
#4326 = CARTESIAN_POINT('',(2.374533647125,3.915629543167));
#4327 = ( GEOMETRIC_REPRESENTATION_CONTEXT(2) 
PARAMETRIC_REPRESENTATION_CONTEXT() REPRESENTATION_CONTEXT('2D SPACE',''
  ) );
#4328 = PCURVE('',#4329,#4334);
#4329 = PLANE('',#4330);
#4330 = AXIS2_PLACEMENT_3D('',#4331,#4332,#4333);
#4331 = CARTESIAN_POINT('',(3.915629543167,0.,-11.8));
#4332 = DIRECTION('',(1.,0.,-1.7763568394E-16));
#4333 = DIRECTION('',(1.7763568394E-16,0.,1.));
#4334 = DEFINITIONAL_REPRESENTATION('',(#4335),#4338);
#4335 = B_SPLINE_CURVE_WITH_KNOTS('',1,(#4336,#4337),.UNSPECIFIED.,.F.,
  .F.,(2,2),(-9.257586221349,-3.484083529453),.PIECEWISE_BEZIER_KNOTS.);
#4336 = CARTESIAN_POINT('',(5.,-12.07401816951));
#4337 = CARTESIAN_POINT('',(-8.183830415126E-17,-9.187266823562));
#4338 = ( GEOMETRIC_REPRESENTATION_CONTEXT(2) 
PARAMETRIC_REPRESENTATION_CONTEXT() REPRESENTATION_CONTEXT('2D SPACE',''
  ) );
#4339 = ORIENTED_EDGE('',*,*,#4340,.F.);
#4340 = EDGE_CURVE('',#4341,#4315,#4343,.T.);
#4341 = VERTEX_POINT('',#4342);
#4342 = CARTESIAN_POINT('',(-0.414497475755,13.517393842485,-4.3));
#4343 = SURFACE_CURVE('',#4344,(#4348,#4354),.PCURVE_S1.);
#4344 = LINE('',#4345,#4346);
#4345 = CARTESIAN_POINT('',(5.833691337557,11.434664238047,
    -7.907393493314));
#4346 = VECTOR('',#4347,1.);
#4347 = DIRECTION('',(0.832050294338,-0.277350098113,-0.480384461415));
#4348 = PCURVE('',#70,#4349);
#4349 = DEFINITIONAL_REPRESENTATION('',(#4350),#4353);
#4350 = B_SPLINE_CURVE_WITH_KNOTS('',1,(#4351,#4352),.UNSPECIFIED.,.F.,
  .F.,(2,2),(-7.509388381727,-2.305223383061),.PIECEWISE_BEZIER_KNOTS.);
#4351 = CARTESIAN_POINT('',(11.034787684969,-0.414497475755));
#4352 = CARTESIAN_POINT('',(8.148036339021,3.915629543167));
#4353 = ( GEOMETRIC_REPRESENTATION_CONTEXT(2) 
PARAMETRIC_REPRESENTATION_CONTEXT() REPRESENTATION_CONTEXT('2D SPACE',''
  ) );
#4354 = PCURVE('',#4355,#4360);
#4355 = PLANE('',#4356);
#4356 = AXIS2_PLACEMENT_3D('',#4357,#4358,#4359);
#4357 = CARTESIAN_POINT('',(3.915629543167,0.,-6.8));
#4358 = DIRECTION('',(0.5,0.,0.866025403784));
#4359 = DIRECTION('',(-0.866025403784,0.,0.5));
#4360 = DEFINITIONAL_REPRESENTATION('',(#4361),#4364);
#4361 = B_SPLINE_CURVE_WITH_KNOTS('',1,(#4362,#4363),.UNSPECIFIED.,.F.,
  .F.,(2,2),(-7.509388381727,-2.305223383061),.PIECEWISE_BEZIER_KNOTS.);
#4362 = CARTESIAN_POINT('',(5.,-13.51739384248));
#4363 = CARTESIAN_POINT('',(7.145057730767E-16,-12.07401816951));
#4364 = ( GEOMETRIC_REPRESENTATION_CONTEXT(2) 
PARAMETRIC_REPRESENTATION_CONTEXT() REPRESENTATION_CONTEXT('2D SPACE',''
  ) );
#4365 = ORIENTED_EDGE('',*,*,#4366,.F.);
#4366 = EDGE_CURVE('',#4367,#4341,#4369,.T.);
#4367 = VERTEX_POINT('',#4368);
#4368 = CARTESIAN_POINT('',(-4.744624494678,12.074018169511,-6.8));
#4369 = SURFACE_CURVE('',#4370,(#4374,#4380),.PCURVE_S1.);
#4370 = LINE('',#4371,#4372);
#4371 = CARTESIAN_POINT('',(-4.377206335581,12.196490889209,
    -6.587871026941));
#4372 = VECTOR('',#4373,1.);
#4373 = DIRECTION('',(0.832050294338,0.277350098113,0.480384461415));
#4374 = PCURVE('',#70,#4375);
#4375 = DEFINITIONAL_REPRESENTATION('',(#4376),#4379);
#4376 = B_SPLINE_CURVE_WITH_KNOTS('',1,(#4377,#4378),.UNSPECIFIED.,.F.,
  .F.,(2,2),(-0.44158167072,4.762583327946),.PIECEWISE_BEZIER_KNOTS.);
#4377 = CARTESIAN_POINT('',(8.148036339021,-4.744624494678));
#4378 = CARTESIAN_POINT('',(11.034787684969,-0.414497475755));
#4379 = ( GEOMETRIC_REPRESENTATION_CONTEXT(2) 
PARAMETRIC_REPRESENTATION_CONTEXT() REPRESENTATION_CONTEXT('2D SPACE',''
  ) );
#4380 = PCURVE('',#4381,#4386);
#4381 = PLANE('',#4382);
#4382 = AXIS2_PLACEMENT_3D('',#4383,#4384,#4385);
#4383 = CARTESIAN_POINT('',(-0.414497475755,0.,-4.3));
#4384 = DIRECTION('',(-0.5,0.,0.866025403784));
#4385 = DIRECTION('',(-0.866025403784,0.,-0.5));
#4386 = DEFINITIONAL_REPRESENTATION('',(#4387),#4390);
#4387 = B_SPLINE_CURVE_WITH_KNOTS('',1,(#4388,#4389),.UNSPECIFIED.,.F.,
  .F.,(2,2),(-0.44158167072,4.762583327946),.PIECEWISE_BEZIER_KNOTS.);
#4388 = CARTESIAN_POINT('',(5.,-12.07401816951));
#4389 = CARTESIAN_POINT('',(2.52292846587E-16,-13.51739384248));
#4390 = ( GEOMETRIC_REPRESENTATION_CONTEXT(2) 
PARAMETRIC_REPRESENTATION_CONTEXT() REPRESENTATION_CONTEXT('2D SPACE',''
  ) );
#4391 = ORIENTED_EDGE('',*,*,#4392,.F.);
#4392 = EDGE_CURVE('',#4393,#4367,#4395,.T.);
#4393 = VERTEX_POINT('',#4394);
#4394 = CARTESIAN_POINT('',(-4.744624494678,9.187266823562,-11.8));
#4395 = SURFACE_CURVE('',#4396,(#4400,#4406),.PCURVE_S1.);
#4396 = LINE('',#4397,#4398);
#4397 = CARTESIAN_POINT('',(-4.744624494678,8.527756813566,
    -12.94230484541));
#4398 = VECTOR('',#4399,1.);
#4399 = DIRECTION('',(3.076740298214E-16,0.5,0.866025403784));
#4400 = PCURVE('',#70,#4401);
#4401 = DEFINITIONAL_REPRESENTATION('',(#4402),#4405);
#4402 = B_SPLINE_CURVE_WITH_KNOTS('',1,(#4403,#4404),.UNSPECIFIED.,.F.,
  .F.,(2,2),(1.319020019992,7.092522711888),.PIECEWISE_BEZIER_KNOTS.);
#4403 = CARTESIAN_POINT('',(2.374533647125,-4.744624494678));
#4404 = CARTESIAN_POINT('',(8.148036339021,-4.744624494678));
#4405 = ( GEOMETRIC_REPRESENTATION_CONTEXT(2) 
PARAMETRIC_REPRESENTATION_CONTEXT() REPRESENTATION_CONTEXT('2D SPACE',''
  ) );
#4406 = PCURVE('',#4407,#4412);
#4407 = PLANE('',#4408);
#4408 = AXIS2_PLACEMENT_3D('',#4409,#4410,#4411);
#4409 = CARTESIAN_POINT('',(-4.744624494678,0.,-6.8));
#4410 = DIRECTION('',(-1.,0.,3.552713678801E-16));
#4411 = DIRECTION('',(-3.552713678801E-16,0.,-1.));
#4412 = DEFINITIONAL_REPRESENTATION('',(#4413),#4416);
#4413 = B_SPLINE_CURVE_WITH_KNOTS('',1,(#4414,#4415),.UNSPECIFIED.,.F.,
  .F.,(2,2),(1.319020019992,7.092522711888),.PIECEWISE_BEZIER_KNOTS.);
#4414 = CARTESIAN_POINT('',(5.,-9.187266823562));
#4415 = CARTESIAN_POINT('',(-4.374096827245E-16,-12.07401816951));
#4416 = ( GEOMETRIC_REPRESENTATION_CONTEXT(2) 
PARAMETRIC_REPRESENTATION_CONTEXT() REPRESENTATION_CONTEXT('2D SPACE',''
  ) );
#4417 = ORIENTED_EDGE('',*,*,#4418,.F.);
#4418 = EDGE_CURVE('',#4419,#4393,#4421,.T.);
#4419 = VERTEX_POINT('',#4420);
#4420 = CARTESIAN_POINT('',(-1.18282402399,8.,-13.85640646055));
#4421 = SURFACE_CURVE('',#4422,(#4426,#4432),.PCURVE_S1.);
#4422 = LINE('',#4423,#4424);
#4423 = CARTESIAN_POINT('',(-1.494215925234,8.103797300415,
    -13.67662426254));
#4424 = VECTOR('',#4425,1.);
#4425 = DIRECTION('',(-0.832050294338,0.277350098113,0.480384461415));
#4426 = PCURVE('',#70,#4427);
#4427 = DEFINITIONAL_REPRESENTATION('',(#4428),#4431);
#4428 = B_SPLINE_CURVE_WITH_KNOTS('',1,(#4429,#4430),.UNSPECIFIED.,.F.,
  .F.,(2,2),(-0.374246488899,3.906504921112),.PIECEWISE_BEZIER_KNOTS.);
#4429 = CARTESIAN_POINT('',(6.098422707303E-17,-1.18282402399));
#4430 = CARTESIAN_POINT('',(2.374533647125,-4.744624494678));
#4431 = ( GEOMETRIC_REPRESENTATION_CONTEXT(2) 
PARAMETRIC_REPRESENTATION_CONTEXT() REPRESENTATION_CONTEXT('2D SPACE',''
  ) );
#4432 = PCURVE('',#4433,#4438);
#4433 = PLANE('',#4434);
#4434 = AXIS2_PLACEMENT_3D('',#4435,#4436,#4437);
#4435 = CARTESIAN_POINT('',(-4.744624494678,0.,-11.8));
#4436 = DIRECTION('',(-0.5,-0.,-0.866025403784));
#4437 = DIRECTION('',(0.866025403784,0.,-0.5));
#4438 = DEFINITIONAL_REPRESENTATION('',(#4439),#4442);
#4439 = B_SPLINE_CURVE_WITH_KNOTS('',1,(#4440,#4441),.UNSPECIFIED.,.F.,
  .F.,(2,2),(-0.374246488899,3.906504921112),.PIECEWISE_BEZIER_KNOTS.);
#4440 = CARTESIAN_POINT('',(4.112812921102,-8.));
#4441 = CARTESIAN_POINT('',(8.338001274731E-17,-9.187266823562));
#4442 = ( GEOMETRIC_REPRESENTATION_CONTEXT(2) 
PARAMETRIC_REPRESENTATION_CONTEXT() REPRESENTATION_CONTEXT('2D SPACE',''
  ) );
#4443 = ORIENTED_EDGE('',*,*,#4444,.T.);
#4444 = EDGE_CURVE('',#4419,#4445,#4447,.T.);
#4445 = VERTEX_POINT('',#4446);
#4446 = CARTESIAN_POINT('',(-10.38488593444,8.,-13.85640646055));
#4447 = SURFACE_CURVE('',#4448,(#4452,#4459),.PCURVE_S1.);
#4448 = LINE('',#4449,#4450);
#4449 = CARTESIAN_POINT('',(60.,8.,-13.85640646055));
#4450 = VECTOR('',#4451,1.);
#4451 = DIRECTION('',(-1.,0.,0.));
#4452 = PCURVE('',#70,#4453);
#4453 = DEFINITIONAL_REPRESENTATION('',(#4454),#4458);
#4454 = LINE('',#4455,#4456);
#4455 = CARTESIAN_POINT('',(0.,60.));
#4456 = VECTOR('',#4457,1.);
#4457 = DIRECTION('',(0.,-1.));
#4458 = ( GEOMETRIC_REPRESENTATION_CONTEXT(2) 
PARAMETRIC_REPRESENTATION_CONTEXT() REPRESENTATION_CONTEXT('2D SPACE',''
  ) );
#4459 = PCURVE('',#4460,#4465);
#4460 = PLANE('',#4461);
#4461 = AXIS2_PLACEMENT_3D('',#4462,#4463,#4464);
#4462 = CARTESIAN_POINT('',(0.,-8.,-13.85640646055));
#4463 = DIRECTION('',(0.,-2.22044604925E-16,-1.));
#4464 = DIRECTION('',(0.,1.,-2.22044604925E-16));
#4465 = DEFINITIONAL_REPRESENTATION('',(#4466),#4470);
#4466 = LINE('',#4467,#4468);
#4467 = CARTESIAN_POINT('',(16.,60.));
#4468 = VECTOR('',#4469,1.);
#4469 = DIRECTION('',(0.,-1.));
#4470 = ( GEOMETRIC_REPRESENTATION_CONTEXT(2) 
PARAMETRIC_REPRESENTATION_CONTEXT() REPRESENTATION_CONTEXT('2D SPACE',''
  ) );
#4471 = ORIENTED_EDGE('',*,*,#4472,.F.);
#4472 = EDGE_CURVE('',#4473,#4445,#4475,.T.);
#4473 = VERTEX_POINT('',#4474);
#4474 = CARTESIAN_POINT('',(-6.82308546376,9.187266823562,-11.8));
#4475 = SURFACE_CURVE('',#4476,(#4480,#4486),.PCURVE_S1.);
#4476 = LINE('',#4477,#4478);
#4477 = CARTESIAN_POINT('',(-8.067806902478,8.772359677323,
    -12.51864025771));
#4478 = VECTOR('',#4479,1.);
#4479 = DIRECTION('',(-0.832050294338,-0.277350098113,-0.480384461415));
#4480 = PCURVE('',#70,#4481);
#4481 = DEFINITIONAL_REPRESENTATION('',(#4482),#4485);
#4482 = B_SPLINE_CURVE_WITH_KNOTS('',1,(#4483,#4484),.UNSPECIFIED.,.F.,
  .F.,(2,2),(-1.495968990322,2.78478241969),.PIECEWISE_BEZIER_KNOTS.);
#4483 = CARTESIAN_POINT('',(2.374533647125,-6.82308546376));
#4484 = CARTESIAN_POINT('',(-3.14057988991E-16,-10.38488593444));
#4485 = ( GEOMETRIC_REPRESENTATION_CONTEXT(2) 
PARAMETRIC_REPRESENTATION_CONTEXT() REPRESENTATION_CONTEXT('2D SPACE',''
  ) );
#4486 = PCURVE('',#4487,#4492);
#4487 = PLANE('',#4488);
#4488 = AXIS2_PLACEMENT_3D('',#4489,#4490,#4491);
#4489 = CARTESIAN_POINT('',(-11.15321248268,0.,-14.3));
#4490 = DIRECTION('',(0.5,0.,-0.866025403784));
#4491 = DIRECTION('',(0.866025403784,0.,0.5));
#4492 = DEFINITIONAL_REPRESENTATION('',(#4493),#4496);
#4493 = B_SPLINE_CURVE_WITH_KNOTS('',1,(#4494,#4495),.UNSPECIFIED.,.F.,
  .F.,(2,2),(-1.495968990322,2.78478241969),.PIECEWISE_BEZIER_KNOTS.);
#4494 = CARTESIAN_POINT('',(5.,-9.187266823562));
#4495 = CARTESIAN_POINT('',(0.887187078898,-8.));
#4496 = ( GEOMETRIC_REPRESENTATION_CONTEXT(2) 
PARAMETRIC_REPRESENTATION_CONTEXT() REPRESENTATION_CONTEXT('2D SPACE',''
  ) );
#4497 = ORIENTED_EDGE('',*,*,#4498,.F.);
#4498 = EDGE_CURVE('',#4499,#4473,#4501,.T.);
#4499 = VERTEX_POINT('',#4500);
#4500 = CARTESIAN_POINT('',(-6.82308546376,12.074018169511,-6.8));
#4501 = SURFACE_CURVE('',#4502,(#4506,#4512),.PCURVE_S1.);
#4502 = LINE('',#4503,#4504);
#4503 = CARTESIAN_POINT('',(-6.82308546376,7.445225058836,
    -14.81730484541));
#4504 = VECTOR('',#4505,1.);
#4505 = DIRECTION('',(-1.538370149107E-16,-0.5,-0.866025403784));
#4506 = PCURVE('',#70,#4507);
#4507 = DEFINITIONAL_REPRESENTATION('',(#4508),#4511);
#4508 = B_SPLINE_CURVE_WITH_KNOTS('',1,(#4509,#4510),.UNSPECIFIED.,.F.,
  .F.,(2,2),(-9.257586221349,-3.484083529453),.PIECEWISE_BEZIER_KNOTS.);
#4509 = CARTESIAN_POINT('',(8.148036339021,-6.82308546376));
#4510 = CARTESIAN_POINT('',(2.374533647125,-6.82308546376));
#4511 = ( GEOMETRIC_REPRESENTATION_CONTEXT(2) 
PARAMETRIC_REPRESENTATION_CONTEXT() REPRESENTATION_CONTEXT('2D SPACE',''
  ) );
#4512 = PCURVE('',#4513,#4518);
#4513 = PLANE('',#4514);
#4514 = AXIS2_PLACEMENT_3D('',#4515,#4516,#4517);
#4515 = CARTESIAN_POINT('',(-6.82308546376,0.,-11.8));
#4516 = DIRECTION('',(1.,0.,-1.7763568394E-16));
#4517 = DIRECTION('',(1.7763568394E-16,0.,1.));
#4518 = DEFINITIONAL_REPRESENTATION('',(#4519),#4522);
#4519 = B_SPLINE_CURVE_WITH_KNOTS('',1,(#4520,#4521),.UNSPECIFIED.,.F.,
  .F.,(2,2),(-9.257586221349,-3.484083529453),.PIECEWISE_BEZIER_KNOTS.);
#4520 = CARTESIAN_POINT('',(5.,-12.07401816951));
#4521 = CARTESIAN_POINT('',(-8.183830415126E-17,-9.187266823562));
#4522 = ( GEOMETRIC_REPRESENTATION_CONTEXT(2) 
PARAMETRIC_REPRESENTATION_CONTEXT() REPRESENTATION_CONTEXT('2D SPACE',''
  ) );
#4523 = ORIENTED_EDGE('',*,*,#4524,.F.);
#4524 = EDGE_CURVE('',#4525,#4499,#4527,.T.);
#4525 = VERTEX_POINT('',#4526);
#4526 = CARTESIAN_POINT('',(-11.15321248268,13.517393842485,-4.3));
#4527 = SURFACE_CURVE('',#4528,(#4532,#4538),.PCURVE_S1.);
#4528 = LINE('',#4529,#4530);
#4529 = CARTESIAN_POINT('',(-1.187776166972,10.195581737248,
    -10.05354733946));
#4530 = VECTOR('',#4531,1.);
#4531 = DIRECTION('',(0.832050294338,-0.277350098113,-0.480384461415));
#4532 = PCURVE('',#70,#4533);
#4533 = DEFINITIONAL_REPRESENTATION('',(#4534),#4537);
#4534 = B_SPLINE_CURVE_WITH_KNOTS('',1,(#4535,#4536),.UNSPECIFIED.,.F.,
  .F.,(2,2),(-11.97696387288,-6.772798874223),.PIECEWISE_BEZIER_KNOTS.);
#4535 = CARTESIAN_POINT('',(11.034787684969,-11.15321248268));
#4536 = CARTESIAN_POINT('',(8.148036339021,-6.82308546376));
#4537 = ( GEOMETRIC_REPRESENTATION_CONTEXT(2) 
PARAMETRIC_REPRESENTATION_CONTEXT() REPRESENTATION_CONTEXT('2D SPACE',''
  ) );
#4538 = PCURVE('',#4539,#4544);
#4539 = PLANE('',#4540);
#4540 = AXIS2_PLACEMENT_3D('',#4541,#4542,#4543);
#4541 = CARTESIAN_POINT('',(-6.82308546376,0.,-6.8));
#4542 = DIRECTION('',(0.5,0.,0.866025403784));
#4543 = DIRECTION('',(-0.866025403784,0.,0.5));
#4544 = DEFINITIONAL_REPRESENTATION('',(#4545),#4548);
#4545 = B_SPLINE_CURVE_WITH_KNOTS('',1,(#4546,#4547),.UNSPECIFIED.,.F.,
  .F.,(2,2),(-11.97696387288,-6.772798874223),.PIECEWISE_BEZIER_KNOTS.);
#4546 = CARTESIAN_POINT('',(5.,-13.51739384248));
#4547 = CARTESIAN_POINT('',(3.835538003284E-16,-12.07401816951));
#4548 = ( GEOMETRIC_REPRESENTATION_CONTEXT(2) 
PARAMETRIC_REPRESENTATION_CONTEXT() REPRESENTATION_CONTEXT('2D SPACE',''
  ) );
#4549 = ORIENTED_EDGE('',*,*,#4550,.F.);
#4550 = EDGE_CURVE('',#4551,#4525,#4553,.T.);
#4551 = VERTEX_POINT('',#4552);
#4552 = CARTESIAN_POINT('',(-15.4833395016,12.074018169511,-6.8));
#4553 = SURFACE_CURVE('',#4554,(#4558,#4564),.PCURVE_S1.);
#4554 = LINE('',#4555,#4556);
#4555 = CARTESIAN_POINT('',(-11.39867384011,13.435573390009,
    -4.441717180787));
#4556 = VECTOR('',#4557,1.);
#4557 = DIRECTION('',(0.832050294338,0.277350098113,0.480384461415));
#4558 = PCURVE('',#70,#4559);
#4559 = DEFINITIONAL_REPRESENTATION('',(#4560),#4563);
#4560 = B_SPLINE_CURVE_WITH_KNOTS('',1,(#4561,#4562),.UNSPECIFIED.,.F.,
  .F.,(2,2),(-4.909157161881,0.295007836784),.PIECEWISE_BEZIER_KNOTS.);
#4561 = CARTESIAN_POINT('',(8.148036339021,-15.4833395016));
#4562 = CARTESIAN_POINT('',(11.034787684969,-11.15321248268));
#4563 = ( GEOMETRIC_REPRESENTATION_CONTEXT(2) 
PARAMETRIC_REPRESENTATION_CONTEXT() REPRESENTATION_CONTEXT('2D SPACE',''
  ) );
#4564 = PCURVE('',#4565,#4570);
#4565 = PLANE('',#4566);
#4566 = AXIS2_PLACEMENT_3D('',#4567,#4568,#4569);
#4567 = CARTESIAN_POINT('',(-11.15321248268,0.,-4.3));
#4568 = DIRECTION('',(-0.5,0.,0.866025403784));
#4569 = DIRECTION('',(-0.866025403784,0.,-0.5));
#4570 = DEFINITIONAL_REPRESENTATION('',(#4571),#4574);
#4571 = B_SPLINE_CURVE_WITH_KNOTS('',1,(#4572,#4573),.UNSPECIFIED.,.F.,
  .F.,(2,2),(-4.909157161881,0.295007836784),.PIECEWISE_BEZIER_KNOTS.);
#4572 = CARTESIAN_POINT('',(5.,-12.07401816951));
#4573 = CARTESIAN_POINT('',(-5.728368679389E-16,-13.51739384248));
#4574 = ( GEOMETRIC_REPRESENTATION_CONTEXT(2) 
PARAMETRIC_REPRESENTATION_CONTEXT() REPRESENTATION_CONTEXT('2D SPACE',''
  ) );
#4575 = ORIENTED_EDGE('',*,*,#4576,.F.);
#4576 = EDGE_CURVE('',#4577,#4551,#4579,.T.);
#4577 = VERTEX_POINT('',#4578);
#4578 = CARTESIAN_POINT('',(-15.4833395016,9.187266823562,-11.8));
#4579 = SURFACE_CURVE('',#4580,(#4584,#4590),.PCURVE_S1.);
#4580 = LINE('',#4581,#4582);
#4581 = CARTESIAN_POINT('',(-15.4833395016,8.527756813566,
    -12.94230484541));
#4582 = VECTOR('',#4583,1.);
#4583 = DIRECTION('',(3.076740298214E-16,0.5,0.866025403784));
#4584 = PCURVE('',#70,#4585);
#4585 = DEFINITIONAL_REPRESENTATION('',(#4586),#4589);
#4586 = B_SPLINE_CURVE_WITH_KNOTS('',1,(#4587,#4588),.UNSPECIFIED.,.F.,
  .F.,(2,2),(1.319020019992,7.092522711888),.PIECEWISE_BEZIER_KNOTS.);
#4587 = CARTESIAN_POINT('',(2.374533647125,-15.4833395016));
#4588 = CARTESIAN_POINT('',(8.148036339021,-15.4833395016));
#4589 = ( GEOMETRIC_REPRESENTATION_CONTEXT(2) 
PARAMETRIC_REPRESENTATION_CONTEXT() REPRESENTATION_CONTEXT('2D SPACE',''
  ) );
#4590 = PCURVE('',#4591,#4596);
#4591 = PLANE('',#4592);
#4592 = AXIS2_PLACEMENT_3D('',#4593,#4594,#4595);
#4593 = CARTESIAN_POINT('',(-15.4833395016,0.,-6.8));
#4594 = DIRECTION('',(-1.,0.,3.552713678801E-16));
#4595 = DIRECTION('',(-3.552713678801E-16,0.,-1.));
#4596 = DEFINITIONAL_REPRESENTATION('',(#4597),#4600);
#4597 = B_SPLINE_CURVE_WITH_KNOTS('',1,(#4598,#4599),.UNSPECIFIED.,.F.,
  .F.,(2,2),(1.319020019992,7.092522711888),.PIECEWISE_BEZIER_KNOTS.);
#4598 = CARTESIAN_POINT('',(5.,-9.187266823562));
#4599 = CARTESIAN_POINT('',(3.317753918289E-16,-12.07401816951));
#4600 = ( GEOMETRIC_REPRESENTATION_CONTEXT(2) 
PARAMETRIC_REPRESENTATION_CONTEXT() REPRESENTATION_CONTEXT('2D SPACE',''
  ) );
#4601 = ORIENTED_EDGE('',*,*,#4602,.F.);
#4602 = EDGE_CURVE('',#4603,#4577,#4605,.T.);
#4603 = VERTEX_POINT('',#4604);
#4604 = CARTESIAN_POINT('',(-11.92153903091,8.,-13.85640646055));
#4605 = SURFACE_CURVE('',#4606,(#4610,#4616),.PCURVE_S1.);
#4606 = LINE('',#4607,#4608);
#4607 = CARTESIAN_POINT('',(-8.515683429763,6.864714799615,
    -15.82277810869));
#4608 = VECTOR('',#4609,1.);
#4609 = DIRECTION('',(-0.832050294338,0.277350098113,0.480384461415));
#4610 = PCURVE('',#70,#4611);
#4611 = DEFINITIONAL_REPRESENTATION('',(#4612),#4615);
#4612 = B_SPLINE_CURVE_WITH_KNOTS('',1,(#4613,#4614),.UNSPECIFIED.,.F.,
  .F.,(2,2),(4.093329002263,8.374080412274),.PIECEWISE_BEZIER_KNOTS.);
#4613 = CARTESIAN_POINT('',(6.039161955834E-16,-11.92153903091));
#4614 = CARTESIAN_POINT('',(2.374533647125,-15.4833395016));
#4615 = ( GEOMETRIC_REPRESENTATION_CONTEXT(2) 
PARAMETRIC_REPRESENTATION_CONTEXT() REPRESENTATION_CONTEXT('2D SPACE',''
  ) );
#4616 = PCURVE('',#4617,#4622);
#4617 = PLANE('',#4618);
#4618 = AXIS2_PLACEMENT_3D('',#4619,#4620,#4621);
#4619 = CARTESIAN_POINT('',(-15.4833395016,0.,-11.8));
#4620 = DIRECTION('',(-0.5,-0.,-0.866025403784));
#4621 = DIRECTION('',(0.866025403784,0.,-0.5));
#4622 = DEFINITIONAL_REPRESENTATION('',(#4623),#4626);
#4623 = B_SPLINE_CURVE_WITH_KNOTS('',1,(#4624,#4625),.UNSPECIFIED.,.F.,
  .F.,(2,2),(4.093329002263,8.374080412274),.PIECEWISE_BEZIER_KNOTS.);
#4624 = CARTESIAN_POINT('',(4.112812921102,-8.));
#4625 = CARTESIAN_POINT('',(-8.308251537458E-16,-9.187266823562));
#4626 = ( GEOMETRIC_REPRESENTATION_CONTEXT(2) 
PARAMETRIC_REPRESENTATION_CONTEXT() REPRESENTATION_CONTEXT('2D SPACE',''
  ) );
#4627 = ORIENTED_EDGE('',*,*,#4628,.T.);
#4628 = EDGE_CURVE('',#4603,#4629,#4631,.T.);
#4629 = VERTEX_POINT('',#4630);
#4630 = CARTESIAN_POINT('',(-21.12360094137,8.,-13.85640646055));
#4631 = SURFACE_CURVE('',#4632,(#4636,#4643),.PCURVE_S1.);
#4632 = LINE('',#4633,#4634);
#4633 = CARTESIAN_POINT('',(60.,8.,-13.85640646055));
#4634 = VECTOR('',#4635,1.);
#4635 = DIRECTION('',(-1.,0.,0.));
#4636 = PCURVE('',#70,#4637);
#4637 = DEFINITIONAL_REPRESENTATION('',(#4638),#4642);
#4638 = LINE('',#4639,#4640);
#4639 = CARTESIAN_POINT('',(0.,60.));
#4640 = VECTOR('',#4641,1.);
#4641 = DIRECTION('',(0.,-1.));
#4642 = ( GEOMETRIC_REPRESENTATION_CONTEXT(2) 
PARAMETRIC_REPRESENTATION_CONTEXT() REPRESENTATION_CONTEXT('2D SPACE',''
  ) );
#4643 = PCURVE('',#4644,#4649);
#4644 = PLANE('',#4645);
#4645 = AXIS2_PLACEMENT_3D('',#4646,#4647,#4648);
#4646 = CARTESIAN_POINT('',(0.,-8.,-13.85640646055));
#4647 = DIRECTION('',(0.,-2.22044604925E-16,-1.));
#4648 = DIRECTION('',(0.,1.,-2.22044604925E-16));
#4649 = DEFINITIONAL_REPRESENTATION('',(#4650),#4654);
#4650 = LINE('',#4651,#4652);
#4651 = CARTESIAN_POINT('',(16.,60.));
#4652 = VECTOR('',#4653,1.);
#4653 = DIRECTION('',(0.,-1.));
#4654 = ( GEOMETRIC_REPRESENTATION_CONTEXT(2) 
PARAMETRIC_REPRESENTATION_CONTEXT() REPRESENTATION_CONTEXT('2D SPACE',''
  ) );
#4655 = ORIENTED_EDGE('',*,*,#4656,.F.);
#4656 = EDGE_CURVE('',#4657,#4629,#4659,.T.);
#4657 = VERTEX_POINT('',#4658);
#4658 = CARTESIAN_POINT('',(-17.56180047068,9.187266823562,-11.8));
#4659 = SURFACE_CURVE('',#4660,(#4664,#4670),.PCURVE_S1.);
#4660 = LINE('',#4661,#4662);
#4661 = CARTESIAN_POINT('',(-15.089274407,10.011442178122,
    -10.37248641155));
#4662 = VECTOR('',#4663,1.);
#4663 = DIRECTION('',(-0.832050294338,-0.277350098113,-0.480384461415));
#4664 = PCURVE('',#70,#4665);
#4665 = DEFINITIONAL_REPRESENTATION('',(#4666),#4669);
#4666 = B_SPLINE_CURVE_WITH_KNOTS('',1,(#4667,#4668),.UNSPECIFIED.,.F.,
  .F.,(2,2),(2.97160650084,7.252357910851),.PIECEWISE_BEZIER_KNOTS.);
#4667 = CARTESIAN_POINT('',(2.374533647125,-17.56180047068));
#4668 = CARTESIAN_POINT('',(-1.770340692801E-15,-21.12360094137));
#4669 = ( GEOMETRIC_REPRESENTATION_CONTEXT(2) 
PARAMETRIC_REPRESENTATION_CONTEXT() REPRESENTATION_CONTEXT('2D SPACE',''
  ) );
#4670 = PCURVE('',#4671,#4676);
#4671 = PLANE('',#4672);
#4672 = AXIS2_PLACEMENT_3D('',#4673,#4674,#4675);
#4673 = CARTESIAN_POINT('',(-21.8919274896,0.,-14.3));
#4674 = DIRECTION('',(0.5,0.,-0.866025403784));
#4675 = DIRECTION('',(0.866025403784,0.,0.5));
#4676 = DEFINITIONAL_REPRESENTATION('',(#4677),#4680);
#4677 = B_SPLINE_CURVE_WITH_KNOTS('',1,(#4678,#4679),.UNSPECIFIED.,.F.,
  .F.,(2,2),(2.97160650084,7.252357910851),.PIECEWISE_BEZIER_KNOTS.);
#4678 = CARTESIAN_POINT('',(5.,-9.187266823562));
#4679 = CARTESIAN_POINT('',(0.887187078898,-8.));
#4680 = ( GEOMETRIC_REPRESENTATION_CONTEXT(2) 
PARAMETRIC_REPRESENTATION_CONTEXT() REPRESENTATION_CONTEXT('2D SPACE',''
  ) );
#4681 = ORIENTED_EDGE('',*,*,#4682,.F.);
#4682 = EDGE_CURVE('',#4683,#4657,#4685,.T.);
#4683 = VERTEX_POINT('',#4684);
#4684 = CARTESIAN_POINT('',(-17.56180047068,12.074018169511,-6.8));
#4685 = SURFACE_CURVE('',#4686,(#4690,#4696),.PCURVE_S1.);
#4686 = LINE('',#4687,#4688);
#4687 = CARTESIAN_POINT('',(-17.56180047068,7.445225058836,
    -14.81730484541));
#4688 = VECTOR('',#4689,1.);
#4689 = DIRECTION('',(-1.538370149107E-16,-0.5,-0.866025403784));
#4690 = PCURVE('',#70,#4691);
#4691 = DEFINITIONAL_REPRESENTATION('',(#4692),#4695);
#4692 = B_SPLINE_CURVE_WITH_KNOTS('',1,(#4693,#4694),.UNSPECIFIED.,.F.,
  .F.,(2,2),(-9.257586221349,-3.484083529453),.PIECEWISE_BEZIER_KNOTS.);
#4693 = CARTESIAN_POINT('',(8.148036339021,-17.56180047068));
#4694 = CARTESIAN_POINT('',(2.374533647125,-17.56180047068));
#4695 = ( GEOMETRIC_REPRESENTATION_CONTEXT(2) 
PARAMETRIC_REPRESENTATION_CONTEXT() REPRESENTATION_CONTEXT('2D SPACE',''
  ) );
#4696 = PCURVE('',#4697,#4702);
#4697 = PLANE('',#4698);
#4698 = AXIS2_PLACEMENT_3D('',#4699,#4700,#4701);
#4699 = CARTESIAN_POINT('',(-17.56180047068,0.,-11.8));
#4700 = DIRECTION('',(1.,0.,-1.7763568394E-16));
#4701 = DIRECTION('',(1.7763568394E-16,0.,1.));
#4702 = DEFINITIONAL_REPRESENTATION('',(#4703),#4706);
#4703 = B_SPLINE_CURVE_WITH_KNOTS('',1,(#4704,#4705),.UNSPECIFIED.,.F.,
  .F.,(2,2),(-9.257586221349,-3.484083529453),.PIECEWISE_BEZIER_KNOTS.);
#4704 = CARTESIAN_POINT('',(5.,-12.07401816951));
#4705 = CARTESIAN_POINT('',(3.027542331255E-16,-9.187266823562));
#4706 = ( GEOMETRIC_REPRESENTATION_CONTEXT(2) 
PARAMETRIC_REPRESENTATION_CONTEXT() REPRESENTATION_CONTEXT('2D SPACE',''
  ) );
#4707 = ORIENTED_EDGE('',*,*,#4708,.F.);
#4708 = EDGE_CURVE('',#4709,#4683,#4711,.T.);
#4709 = VERTEX_POINT('',#4710);
#4710 = CARTESIAN_POINT('',(-21.8919274896,13.517393842485,-4.3));
#4711 = SURFACE_CURVE('',#4712,(#4716,#4722),.PCURVE_S1.);
#4712 = LINE('',#4713,#4714);
#4713 = CARTESIAN_POINT('',(-8.209243671501,8.956499236448,
    -12.19970118562));
#4714 = VECTOR('',#4715,1.);
#4715 = DIRECTION('',(0.832050294338,-0.277350098113,-0.480384461415));
#4716 = PCURVE('',#70,#4717);
#4717 = DEFINITIONAL_REPRESENTATION('',(#4718),#4721);
#4718 = B_SPLINE_CURVE_WITH_KNOTS('',1,(#4719,#4720),.UNSPECIFIED.,.F.,
  .F.,(2,2),(-16.44453936405,-11.24037436538),.PIECEWISE_BEZIER_KNOTS.);
#4719 = CARTESIAN_POINT('',(11.034787684969,-21.8919274896));
#4720 = CARTESIAN_POINT('',(8.148036339021,-17.56180047068));
#4721 = ( GEOMETRIC_REPRESENTATION_CONTEXT(2) 
PARAMETRIC_REPRESENTATION_CONTEXT() REPRESENTATION_CONTEXT('2D SPACE',''
  ) );
#4722 = PCURVE('',#4723,#4728);
#4723 = PLANE('',#4724);
#4724 = AXIS2_PLACEMENT_3D('',#4725,#4726,#4727);
#4725 = CARTESIAN_POINT('',(-17.56180047068,0.,-6.8));
#4726 = DIRECTION('',(0.5,0.,0.866025403784));
#4727 = DIRECTION('',(-0.866025403784,0.,0.5));
#4728 = DEFINITIONAL_REPRESENTATION('',(#4729),#4732);
#4729 = B_SPLINE_CURVE_WITH_KNOTS('',1,(#4730,#4731),.UNSPECIFIED.,.F.,
  .F.,(2,2),(-16.44453936405,-11.24037436538),.PIECEWISE_BEZIER_KNOTS.);
#4730 = CARTESIAN_POINT('',(5.,-13.51739384248));
#4731 = CARTESIAN_POINT('',(1.28033686876E-15,-12.07401816951));
#4732 = ( GEOMETRIC_REPRESENTATION_CONTEXT(2) 
PARAMETRIC_REPRESENTATION_CONTEXT() REPRESENTATION_CONTEXT('2D SPACE',''
  ) );
#4733 = ORIENTED_EDGE('',*,*,#4734,.F.);
#4734 = EDGE_CURVE('',#4735,#4709,#4737,.T.);
#4735 = VERTEX_POINT('',#4736);
#4736 = CARTESIAN_POINT('',(-26.22205450853,12.074018169511,-6.8));
#4737 = SURFACE_CURVE('',#4738,(#4742,#4748),.PCURVE_S1.);
#4738 = LINE('',#4739,#4740);
#4739 = CARTESIAN_POINT('',(-18.42014134464,14.674655890808,
    -2.295563334633));
#4740 = VECTOR('',#4741,1.);
#4741 = DIRECTION('',(0.832050294338,0.277350098113,0.480384461415));
#4742 = PCURVE('',#70,#4743);
#4743 = DEFINITIONAL_REPRESENTATION('',(#4744),#4747);
#4744 = B_SPLINE_CURVE_WITH_KNOTS('',1,(#4745,#4746),.UNSPECIFIED.,.F.,
  .F.,(2,2),(-9.376732653043,-4.172567654378),.PIECEWISE_BEZIER_KNOTS.);
#4745 = CARTESIAN_POINT('',(8.148036339021,-26.22205450853));
#4746 = CARTESIAN_POINT('',(11.034787684969,-21.8919274896));
#4747 = ( GEOMETRIC_REPRESENTATION_CONTEXT(2) 
PARAMETRIC_REPRESENTATION_CONTEXT() REPRESENTATION_CONTEXT('2D SPACE',''
  ) );
#4748 = PCURVE('',#4749,#4754);
#4749 = PLANE('',#4750);
#4750 = AXIS2_PLACEMENT_3D('',#4751,#4752,#4753);
#4751 = CARTESIAN_POINT('',(-21.8919274896,0.,-4.3));
#4752 = DIRECTION('',(-0.5,0.,0.866025403784));
#4753 = DIRECTION('',(-0.866025403784,0.,-0.5));
#4754 = DEFINITIONAL_REPRESENTATION('',(#4755),#4758);
#4755 = B_SPLINE_CURVE_WITH_KNOTS('',1,(#4756,#4757),.UNSPECIFIED.,.F.,
  .F.,(2,2),(-9.376732653043,-4.172567654378),.PIECEWISE_BEZIER_KNOTS.);
#4756 = CARTESIAN_POINT('',(5.,-12.07401816951));
#4757 = CARTESIAN_POINT('',(-4.792994911566E-16,-13.51739384248));
#4758 = ( GEOMETRIC_REPRESENTATION_CONTEXT(2) 
PARAMETRIC_REPRESENTATION_CONTEXT() REPRESENTATION_CONTEXT('2D SPACE',''
  ) );
#4759 = ORIENTED_EDGE('',*,*,#4760,.F.);
#4760 = EDGE_CURVE('',#4761,#4735,#4763,.T.);
#4761 = VERTEX_POINT('',#4762);
#4762 = CARTESIAN_POINT('',(-26.22205450853,9.187266823562,-11.8));
#4763 = SURFACE_CURVE('',#4764,(#4768,#4774),.PCURVE_S1.);
#4764 = LINE('',#4765,#4766);
#4765 = CARTESIAN_POINT('',(-26.22205450853,8.527756813566,
    -12.94230484541));
#4766 = VECTOR('',#4767,1.);
#4767 = DIRECTION('',(3.076740298214E-16,0.5,0.866025403784));
#4768 = PCURVE('',#70,#4769);
#4769 = DEFINITIONAL_REPRESENTATION('',(#4770),#4773);
#4770 = B_SPLINE_CURVE_WITH_KNOTS('',1,(#4771,#4772),.UNSPECIFIED.,.F.,
  .F.,(2,2),(1.319020019992,7.092522711888),.PIECEWISE_BEZIER_KNOTS.);
#4771 = CARTESIAN_POINT('',(2.374533647125,-26.22205450853));
#4772 = CARTESIAN_POINT('',(8.148036339021,-26.22205450853));
#4773 = ( GEOMETRIC_REPRESENTATION_CONTEXT(2) 
PARAMETRIC_REPRESENTATION_CONTEXT() REPRESENTATION_CONTEXT('2D SPACE',''
  ) );
#4774 = PCURVE('',#4775,#4780);
#4775 = PLANE('',#4776);
#4776 = AXIS2_PLACEMENT_3D('',#4777,#4778,#4779);
#4777 = CARTESIAN_POINT('',(-26.22205450853,0.,-6.8));
#4778 = DIRECTION('',(-1.,0.,3.552713678801E-16));
#4779 = DIRECTION('',(-3.552713678801E-16,0.,-1.));
#4780 = DEFINITIONAL_REPRESENTATION('',(#4781),#4784);
#4781 = B_SPLINE_CURVE_WITH_KNOTS('',1,(#4782,#4783),.UNSPECIFIED.,.F.,
  .F.,(2,2),(1.319020019992,7.092522711888),.PIECEWISE_BEZIER_KNOTS.);
#4782 = CARTESIAN_POINT('',(5.,-9.187266823562));
#4783 = CARTESIAN_POINT('',(9.378870153553E-17,-12.07401816951));
#4784 = ( GEOMETRIC_REPRESENTATION_CONTEXT(2) 
PARAMETRIC_REPRESENTATION_CONTEXT() REPRESENTATION_CONTEXT('2D SPACE',''
  ) );
#4785 = ORIENTED_EDGE('',*,*,#4786,.F.);
#4786 = EDGE_CURVE('',#4787,#4761,#4789,.T.);
#4787 = VERTEX_POINT('',#4788);
#4788 = CARTESIAN_POINT('',(-22.66025403784,8.,-13.85640646055));
#4789 = SURFACE_CURVE('',#4790,(#4794,#4800),.PCURVE_S1.);
#4790 = LINE('',#4791,#4792);
#4791 = CARTESIAN_POINT('',(-15.53715093429,5.625632298816,
    -17.96893195485));
#4792 = VECTOR('',#4793,1.);
#4793 = DIRECTION('',(-0.832050294338,0.277350098113,0.480384461415));
#4794 = PCURVE('',#70,#4795);
#4795 = DEFINITIONAL_REPRESENTATION('',(#4796),#4799);
#4796 = B_SPLINE_CURVE_WITH_KNOTS('',1,(#4797,#4798),.UNSPECIFIED.,.F.,
  .F.,(2,2),(8.560904493424,12.841655903436),.PIECEWISE_BEZIER_KNOTS.);
#4797 = CARTESIAN_POINT('',(-1.09452440279E-18,-22.66025403784));
#4798 = CARTESIAN_POINT('',(2.374533647125,-26.22205450853));
#4799 = ( GEOMETRIC_REPRESENTATION_CONTEXT(2) 
PARAMETRIC_REPRESENTATION_CONTEXT() REPRESENTATION_CONTEXT('2D SPACE',''
  ) );
#4800 = PCURVE('',#4801,#4806);
#4801 = PLANE('',#4802);
#4802 = AXIS2_PLACEMENT_3D('',#4803,#4804,#4805);
#4803 = CARTESIAN_POINT('',(-26.22205450853,0.,-11.8));
#4804 = DIRECTION('',(-0.5,-0.,-0.866025403784));
#4805 = DIRECTION('',(0.866025403784,0.,-0.5));
#4806 = DEFINITIONAL_REPRESENTATION('',(#4807),#4810);
#4807 = B_SPLINE_CURVE_WITH_KNOTS('',1,(#4808,#4809),.UNSPECIFIED.,.F.,
  .F.,(2,2),(8.560904493424,12.841655903436),.PIECEWISE_BEZIER_KNOTS.);
#4808 = CARTESIAN_POINT('',(4.112812921102,-8.));
#4809 = CARTESIAN_POINT('',(-1.727608222177E-15,-9.187266823562));
#4810 = ( GEOMETRIC_REPRESENTATION_CONTEXT(2) 
PARAMETRIC_REPRESENTATION_CONTEXT() REPRESENTATION_CONTEXT('2D SPACE',''
  ) );
#4811 = ORIENTED_EDGE('',*,*,#4812,.T.);
#4812 = EDGE_CURVE('',#4787,#4813,#4815,.T.);
#4813 = VERTEX_POINT('',#4814);
#4814 = CARTESIAN_POINT('',(-31.8623159483,8.,-13.85640646055));
#4815 = SURFACE_CURVE('',#4816,(#4820,#4827),.PCURVE_S1.);
#4816 = LINE('',#4817,#4818);
#4817 = CARTESIAN_POINT('',(60.,8.,-13.85640646055));
#4818 = VECTOR('',#4819,1.);
#4819 = DIRECTION('',(-1.,0.,0.));
#4820 = PCURVE('',#70,#4821);
#4821 = DEFINITIONAL_REPRESENTATION('',(#4822),#4826);
#4822 = LINE('',#4823,#4824);
#4823 = CARTESIAN_POINT('',(0.,60.));
#4824 = VECTOR('',#4825,1.);
#4825 = DIRECTION('',(0.,-1.));
#4826 = ( GEOMETRIC_REPRESENTATION_CONTEXT(2) 
PARAMETRIC_REPRESENTATION_CONTEXT() REPRESENTATION_CONTEXT('2D SPACE',''
  ) );
#4827 = PCURVE('',#4828,#4833);
#4828 = PLANE('',#4829);
#4829 = AXIS2_PLACEMENT_3D('',#4830,#4831,#4832);
#4830 = CARTESIAN_POINT('',(0.,-8.,-13.85640646055));
#4831 = DIRECTION('',(0.,-2.22044604925E-16,-1.));
#4832 = DIRECTION('',(0.,1.,-2.22044604925E-16));
#4833 = DEFINITIONAL_REPRESENTATION('',(#4834),#4838);
#4834 = LINE('',#4835,#4836);
#4835 = CARTESIAN_POINT('',(16.,60.));
#4836 = VECTOR('',#4837,1.);
#4837 = DIRECTION('',(0.,-1.));
#4838 = ( GEOMETRIC_REPRESENTATION_CONTEXT(2) 
PARAMETRIC_REPRESENTATION_CONTEXT() REPRESENTATION_CONTEXT('2D SPACE',''
  ) );
#4839 = ORIENTED_EDGE('',*,*,#4840,.F.);
#4840 = EDGE_CURVE('',#4841,#4813,#4843,.T.);
#4841 = VERTEX_POINT('',#4842);
#4842 = CARTESIAN_POINT('',(-28.30051547761,9.187266823562,-11.8));
#4843 = SURFACE_CURVE('',#4844,(#4848,#4854),.PCURVE_S1.);
#4844 = LINE('',#4845,#4846);
#4845 = CARTESIAN_POINT('',(-22.11074191153,11.250524678922,
    -8.226332565402));
#4846 = VECTOR('',#4847,1.);
#4847 = DIRECTION('',(-0.832050294338,-0.277350098113,-0.480384461415));
#4848 = PCURVE('',#70,#4849);
#4849 = DEFINITIONAL_REPRESENTATION('',(#4850),#4853);
#4850 = B_SPLINE_CURVE_WITH_KNOTS('',1,(#4851,#4852),.UNSPECIFIED.,.F.,
  .F.,(2,2),(7.439181992002,11.719933402013),.PIECEWISE_BEZIER_KNOTS.);
#4851 = CARTESIAN_POINT('',(2.374533647125,-28.30051547761));
#4852 = CARTESIAN_POINT('',(-9.610125161631E-16,-31.8623159483));
#4853 = ( GEOMETRIC_REPRESENTATION_CONTEXT(2) 
PARAMETRIC_REPRESENTATION_CONTEXT() REPRESENTATION_CONTEXT('2D SPACE',''
  ) );
#4854 = PCURVE('',#4855,#4860);
#4855 = PLANE('',#4856);
#4856 = AXIS2_PLACEMENT_3D('',#4857,#4858,#4859);
#4857 = CARTESIAN_POINT('',(-32.63064249653,0.,-14.3));
#4858 = DIRECTION('',(0.5,0.,-0.866025403784));
#4859 = DIRECTION('',(0.866025403784,0.,0.5));
#4860 = DEFINITIONAL_REPRESENTATION('',(#4861),#4864);
#4861 = B_SPLINE_CURVE_WITH_KNOTS('',1,(#4862,#4863),.UNSPECIFIED.,.F.,
  .F.,(2,2),(7.439181992002,11.719933402013),.PIECEWISE_BEZIER_KNOTS.);
#4862 = CARTESIAN_POINT('',(5.,-9.187266823562));
#4863 = CARTESIAN_POINT('',(0.887187078898,-8.));
#4864 = ( GEOMETRIC_REPRESENTATION_CONTEXT(2) 
PARAMETRIC_REPRESENTATION_CONTEXT() REPRESENTATION_CONTEXT('2D SPACE',''
  ) );
#4865 = ORIENTED_EDGE('',*,*,#4866,.F.);
#4866 = EDGE_CURVE('',#4867,#4841,#4869,.T.);
#4867 = VERTEX_POINT('',#4868);
#4868 = CARTESIAN_POINT('',(-28.30051547761,12.074018169511,-6.8));
#4869 = SURFACE_CURVE('',#4870,(#4874,#4880),.PCURVE_S1.);
#4870 = LINE('',#4871,#4872);
#4871 = CARTESIAN_POINT('',(-28.30051547761,7.445225058836,
    -14.81730484541));
#4872 = VECTOR('',#4873,1.);
#4873 = DIRECTION('',(-1.538370149107E-16,-0.5,-0.866025403784));
#4874 = PCURVE('',#70,#4875);
#4875 = DEFINITIONAL_REPRESENTATION('',(#4876),#4879);
#4876 = B_SPLINE_CURVE_WITH_KNOTS('',1,(#4877,#4878),.UNSPECIFIED.,.F.,
  .F.,(2,2),(-9.257586221349,-3.484083529453),.PIECEWISE_BEZIER_KNOTS.);
#4877 = CARTESIAN_POINT('',(8.148036339021,-28.30051547761));
#4878 = CARTESIAN_POINT('',(2.374533647125,-28.30051547761));
#4879 = ( GEOMETRIC_REPRESENTATION_CONTEXT(2) 
PARAMETRIC_REPRESENTATION_CONTEXT() REPRESENTATION_CONTEXT('2D SPACE',''
  ) );
#4880 = PCURVE('',#4881,#4886);
#4881 = PLANE('',#4882);
#4882 = AXIS2_PLACEMENT_3D('',#4883,#4884,#4885);
#4883 = CARTESIAN_POINT('',(-28.30051547761,0.,-11.8));
#4884 = DIRECTION('',(1.,0.,-1.7763568394E-16));
#4885 = DIRECTION('',(1.7763568394E-16,0.,1.));
#4886 = DEFINITIONAL_REPRESENTATION('',(#4887),#4890);
#4887 = B_SPLINE_CURVE_WITH_KNOTS('',1,(#4888,#4889),.UNSPECIFIED.,.F.,
  .F.,(2,2),(-9.257586221349,-3.484083529453),.PIECEWISE_BEZIER_KNOTS.);
#4888 = CARTESIAN_POINT('',(5.,-12.07401816951));
#4889 = CARTESIAN_POINT('',(1.561483861421E-16,-9.187266823562));
#4890 = ( GEOMETRIC_REPRESENTATION_CONTEXT(2) 
PARAMETRIC_REPRESENTATION_CONTEXT() REPRESENTATION_CONTEXT('2D SPACE',''
  ) );
#4891 = ORIENTED_EDGE('',*,*,#4892,.F.);
#4892 = EDGE_CURVE('',#4893,#4867,#4895,.T.);
#4893 = VERTEX_POINT('',#4894);
#4894 = CARTESIAN_POINT('',(-32.63064249653,13.517393842485,-4.3));
#4895 = SURFACE_CURVE('',#4896,(#4900,#4906),.PCURVE_S1.);
#4896 = LINE('',#4897,#4898);
#4897 = CARTESIAN_POINT('',(-15.23071117603,7.717416735649,
    -14.34585503177));
#4898 = VECTOR('',#4899,1.);
#4899 = DIRECTION('',(0.832050294338,-0.277350098113,-0.480384461415));
#4900 = PCURVE('',#70,#4901);
#4901 = DEFINITIONAL_REPRESENTATION('',(#4902),#4905);
#4902 = B_SPLINE_CURVE_WITH_KNOTS('',1,(#4903,#4904),.UNSPECIFIED.,.F.,
  .F.,(2,2),(-20.91211485521,-15.70794985654),.PIECEWISE_BEZIER_KNOTS.);
#4903 = CARTESIAN_POINT('',(11.034787684969,-32.63064249653));
#4904 = CARTESIAN_POINT('',(8.148036339021,-28.30051547761));
#4905 = ( GEOMETRIC_REPRESENTATION_CONTEXT(2) 
PARAMETRIC_REPRESENTATION_CONTEXT() REPRESENTATION_CONTEXT('2D SPACE',''
  ) );
#4906 = PCURVE('',#4907,#4912);
#4907 = PLANE('',#4908);
#4908 = AXIS2_PLACEMENT_3D('',#4909,#4910,#4911);
#4909 = CARTESIAN_POINT('',(-28.30051547761,0.,-6.8));
#4910 = DIRECTION('',(0.5,0.,0.866025403784));
#4911 = DIRECTION('',(-0.866025403784,0.,0.5));
#4912 = DEFINITIONAL_REPRESENTATION('',(#4913),#4916);
#4913 = B_SPLINE_CURVE_WITH_KNOTS('',1,(#4914,#4915),.UNSPECIFIED.,.F.,
  .F.,(2,2),(-20.91211485521,-15.70794985654),.PIECEWISE_BEZIER_KNOTS.);
#4914 = CARTESIAN_POINT('',(5.,-13.51739384248));
#4915 = CARTESIAN_POINT('',(4.70451490038E-16,-12.07401816951));
#4916 = ( GEOMETRIC_REPRESENTATION_CONTEXT(2) 
PARAMETRIC_REPRESENTATION_CONTEXT() REPRESENTATION_CONTEXT('2D SPACE',''
  ) );
#4917 = ORIENTED_EDGE('',*,*,#4918,.F.);
#4918 = EDGE_CURVE('',#4919,#4893,#4921,.T.);
#4919 = VERTEX_POINT('',#4920);
#4920 = CARTESIAN_POINT('',(-36.96076951545,12.074018169511,-6.8));
#4921 = SURFACE_CURVE('',#4922,(#4926,#4932),.PCURVE_S1.);
#4922 = LINE('',#4923,#4924);
#4923 = CARTESIAN_POINT('',(-25.44160884916,15.913738391607,
    -0.149409488479));
#4924 = VECTOR('',#4925,1.);
#4925 = DIRECTION('',(0.832050294338,0.277350098113,0.480384461415));
#4926 = PCURVE('',#70,#4927);
#4927 = DEFINITIONAL_REPRESENTATION('',(#4928),#4931);
#4928 = B_SPLINE_CURVE_WITH_KNOTS('',1,(#4929,#4930),.UNSPECIFIED.,.F.,
  .F.,(2,2),(-13.8443081442,-8.64014314554),.PIECEWISE_BEZIER_KNOTS.);
#4929 = CARTESIAN_POINT('',(8.148036339021,-36.96076951545));
#4930 = CARTESIAN_POINT('',(11.034787684969,-32.63064249653));
#4931 = ( GEOMETRIC_REPRESENTATION_CONTEXT(2) 
PARAMETRIC_REPRESENTATION_CONTEXT() REPRESENTATION_CONTEXT('2D SPACE',''
  ) );
#4932 = PCURVE('',#4933,#4938);
#4933 = PLANE('',#4934);
#4934 = AXIS2_PLACEMENT_3D('',#4935,#4936,#4937);
#4935 = CARTESIAN_POINT('',(-32.63064249653,0.,-4.3));
#4936 = DIRECTION('',(-0.5,0.,0.866025403784));
#4937 = DIRECTION('',(-0.866025403784,0.,-0.5));
#4938 = DEFINITIONAL_REPRESENTATION('',(#4939),#4942);
#4939 = B_SPLINE_CURVE_WITH_KNOTS('',1,(#4940,#4941),.UNSPECIFIED.,.F.,
  .F.,(2,2),(-13.8443081442,-8.64014314554),.PIECEWISE_BEZIER_KNOTS.);
#4940 = CARTESIAN_POINT('',(5.,-12.07401816951));
#4941 = CARTESIAN_POINT('',(-5.055390385488E-16,-13.51739384248));
#4942 = ( GEOMETRIC_REPRESENTATION_CONTEXT(2) 
PARAMETRIC_REPRESENTATION_CONTEXT() REPRESENTATION_CONTEXT('2D SPACE',''
  ) );
#4943 = ORIENTED_EDGE('',*,*,#4944,.F.);
#4944 = EDGE_CURVE('',#2839,#4919,#4945,.T.);
#4945 = SURFACE_CURVE('',#4946,(#4950,#4956),.PCURVE_S1.);
#4946 = LINE('',#4947,#4948);
#4947 = CARTESIAN_POINT('',(-36.96076951545,8.527756813566,
    -12.94230484541));
#4948 = VECTOR('',#4949,1.);
#4949 = DIRECTION('',(3.076740298214E-16,0.5,0.866025403784));
#4950 = PCURVE('',#70,#4951);
#4951 = DEFINITIONAL_REPRESENTATION('',(#4952),#4955);
#4952 = B_SPLINE_CURVE_WITH_KNOTS('',1,(#4953,#4954),.UNSPECIFIED.,.F.,
  .F.,(2,2),(1.319020019992,7.092522711888),.PIECEWISE_BEZIER_KNOTS.);
#4953 = CARTESIAN_POINT('',(2.374533647125,-36.96076951545));
#4954 = CARTESIAN_POINT('',(8.148036339021,-36.96076951545));
#4955 = ( GEOMETRIC_REPRESENTATION_CONTEXT(2) 
PARAMETRIC_REPRESENTATION_CONTEXT() REPRESENTATION_CONTEXT('2D SPACE',''
  ) );
#4956 = PCURVE('',#4957,#4962);
#4957 = PLANE('',#4958);
#4958 = AXIS2_PLACEMENT_3D('',#4959,#4960,#4961);
#4959 = CARTESIAN_POINT('',(-36.96076951545,0.,-6.8));
#4960 = DIRECTION('',(-1.,0.,3.552713678801E-16));
#4961 = DIRECTION('',(-3.552713678801E-16,0.,-1.));
#4962 = DEFINITIONAL_REPRESENTATION('',(#4963),#4966);
#4963 = B_SPLINE_CURVE_WITH_KNOTS('',1,(#4964,#4965),.UNSPECIFIED.,.F.,
  .F.,(2,2),(1.319020019992,7.092522711888),.PIECEWISE_BEZIER_KNOTS.);
#4964 = CARTESIAN_POINT('',(5.,-9.187266823562));
#4965 = CARTESIAN_POINT('',(-1.441979887579E-16,-12.07401816951));
#4966 = ( GEOMETRIC_REPRESENTATION_CONTEXT(2) 
PARAMETRIC_REPRESENTATION_CONTEXT() REPRESENTATION_CONTEXT('2D SPACE',''
  ) );
#4967 = ADVANCED_FACE('',(#4968),#2409,.F.);
#4968 = FACE_BOUND('',#4969,.F.);
#4969 = EDGE_LOOP('',(#4970,#4993,#4994,#4995,#5018,#5039));
#4970 = ORIENTED_EDGE('',*,*,#4971,.F.);
#4971 = EDGE_CURVE('',#2369,#4972,#4974,.T.);
#4972 = VERTEX_POINT('',#4973);
#4973 = CARTESIAN_POINT('',(-31.59141201199,-14.55662432702,2.5));
#4974 = SURFACE_CURVE('',#4975,(#4979,#4986),.PCURVE_S1.);
#4975 = LINE('',#4976,#4977);
#4976 = CARTESIAN_POINT('',(-31.59141201199,21.,2.5));
#4977 = VECTOR('',#4978,1.);
#4978 = DIRECTION('',(0.,-1.,0.));
#4979 = PCURVE('',#2409,#4980);
#4980 = DEFINITIONAL_REPRESENTATION('',(#4981),#4985);
#4981 = LINE('',#4982,#4983);
#4982 = CARTESIAN_POINT('',(0.,-21.));
#4983 = VECTOR('',#4984,1.);
#4984 = DIRECTION('',(-0.,1.));
#4985 = ( GEOMETRIC_REPRESENTATION_CONTEXT(2) 
PARAMETRIC_REPRESENTATION_CONTEXT() REPRESENTATION_CONTEXT('2D SPACE',''
  ) );
#4986 = PCURVE('',#2383,#4987);
#4987 = DEFINITIONAL_REPRESENTATION('',(#4988),#4992);
#4988 = LINE('',#4989,#4990);
#4989 = CARTESIAN_POINT('',(5.,-21.));
#4990 = VECTOR('',#4991,1.);
#4991 = DIRECTION('',(-0.,1.));
#4992 = ( GEOMETRIC_REPRESENTATION_CONTEXT(2) 
PARAMETRIC_REPRESENTATION_CONTEXT() REPRESENTATION_CONTEXT('2D SPACE',''
  ) );
#4993 = ORIENTED_EDGE('',*,*,#2394,.F.);
#4994 = ORIENTED_EDGE('',*,*,#2992,.F.);
#4995 = ORIENTED_EDGE('',*,*,#4996,.T.);
#4996 = EDGE_CURVE('',#2993,#4997,#4999,.T.);
#4997 = VERTEX_POINT('',#4998);
#4998 = CARTESIAN_POINT('',(-31.59141201199,-14.55662432702,-2.5));
#4999 = SURFACE_CURVE('',#5000,(#5004,#5011),.PCURVE_S1.);
#5000 = LINE('',#5001,#5002);
#5001 = CARTESIAN_POINT('',(-31.59141201199,21.,-2.5));
#5002 = VECTOR('',#5003,1.);
#5003 = DIRECTION('',(0.,-1.,0.));
#5004 = PCURVE('',#2409,#5005);
#5005 = DEFINITIONAL_REPRESENTATION('',(#5006),#5010);
#5006 = LINE('',#5007,#5008);
#5007 = CARTESIAN_POINT('',(5.,-21.));
#5008 = VECTOR('',#5009,1.);
#5009 = DIRECTION('',(-0.,1.));
#5010 = ( GEOMETRIC_REPRESENTATION_CONTEXT(2) 
PARAMETRIC_REPRESENTATION_CONTEXT() REPRESENTATION_CONTEXT('2D SPACE',''
  ) );
#5011 = PCURVE('',#3028,#5012);
#5012 = DEFINITIONAL_REPRESENTATION('',(#5013),#5017);
#5013 = LINE('',#5014,#5015);
#5014 = CARTESIAN_POINT('',(0.,-21.));
#5015 = VECTOR('',#5016,1.);
#5016 = DIRECTION('',(0.,1.));
#5017 = ( GEOMETRIC_REPRESENTATION_CONTEXT(2) 
PARAMETRIC_REPRESENTATION_CONTEXT() REPRESENTATION_CONTEXT('2D SPACE',''
  ) );
#5018 = ORIENTED_EDGE('',*,*,#5019,.F.);
#5019 = EDGE_CURVE('',#5020,#4997,#5022,.T.);
#5020 = VERTEX_POINT('',#5021);
#5021 = CARTESIAN_POINT('',(-31.59141201199,-16.,1.959434878636E-15));
#5022 = SURFACE_CURVE('',#5023,(#5027,#5033),.PCURVE_S1.);
#5023 = LINE('',#5024,#5025);
#5024 = CARTESIAN_POINT('',(-31.59141201199,-14.54126587736,
    -2.526601615138));
#5025 = VECTOR('',#5026,1.);
#5026 = DIRECTION('',(-3.076740298214E-16,0.5,-0.866025403784));
#5027 = PCURVE('',#2409,#5028);
#5028 = DEFINITIONAL_REPRESENTATION('',(#5029),#5032);
#5029 = B_SPLINE_CURVE_WITH_KNOTS('',1,(#5030,#5031),.UNSPECIFIED.,.F.,
  .F.,(2,2),(-2.917468245269,-3.071689932131E-02),
  .PIECEWISE_BEZIER_KNOTS.);
#5030 = CARTESIAN_POINT('',(2.5,16.));
#5031 = CARTESIAN_POINT('',(5.,14.556624327026));
#5032 = ( GEOMETRIC_REPRESENTATION_CONTEXT(2) 
PARAMETRIC_REPRESENTATION_CONTEXT() REPRESENTATION_CONTEXT('2D SPACE',''
  ) );
#5033 = PCURVE('',#2610,#5034);
#5034 = DEFINITIONAL_REPRESENTATION('',(#5035),#5038);
#5035 = B_SPLINE_CURVE_WITH_KNOTS('',1,(#5036,#5037),.UNSPECIFIED.,.F.,
  .F.,(2,2),(-2.917468245269,-3.071689932131E-02),
  .PIECEWISE_BEZIER_KNOTS.);
#5036 = CARTESIAN_POINT('',(0.,-31.59141201199));
#5037 = CARTESIAN_POINT('',(2.886751345948,-31.59141201199));
#5038 = ( GEOMETRIC_REPRESENTATION_CONTEXT(2) 
PARAMETRIC_REPRESENTATION_CONTEXT() REPRESENTATION_CONTEXT('2D SPACE',''
  ) );
#5039 = ORIENTED_EDGE('',*,*,#5040,.F.);
#5040 = EDGE_CURVE('',#4972,#5020,#5041,.T.);
#5041 = SURFACE_CURVE('',#5042,(#5046,#5052),.PCURVE_S1.);
#5042 = LINE('',#5043,#5044);
#5043 = CARTESIAN_POINT('',(-31.59141201199,-9.458734122635,
    11.329804845413));
#5044 = VECTOR('',#5045,1.);
#5045 = DIRECTION('',(-3.076740298214E-16,-0.5,-0.866025403784));
#5046 = PCURVE('',#2409,#5047);
#5047 = DEFINITIONAL_REPRESENTATION('',(#5048),#5051);
#5048 = B_SPLINE_CURVE_WITH_KNOTS('',1,(#5049,#5050),.UNSPECIFIED.,.F.,
  .F.,(2,2),(10.195780408782,13.082531754731),.PIECEWISE_BEZIER_KNOTS.);
#5049 = CARTESIAN_POINT('',(2.376767770552E-15,14.556624327026));
#5050 = CARTESIAN_POINT('',(2.5,16.));
#5051 = ( GEOMETRIC_REPRESENTATION_CONTEXT(2) 
PARAMETRIC_REPRESENTATION_CONTEXT() REPRESENTATION_CONTEXT('2D SPACE',''
  ) );
#5052 = PCURVE('',#2634,#5053);
#5053 = DEFINITIONAL_REPRESENTATION('',(#5054),#5057);
#5054 = B_SPLINE_CURVE_WITH_KNOTS('',1,(#5055,#5056),.UNSPECIFIED.,.F.,
  .F.,(2,2),(10.195780408782,13.082531754731),.PIECEWISE_BEZIER_KNOTS.);
#5055 = CARTESIAN_POINT('',(13.113248654052,-31.59141201199));
#5056 = CARTESIAN_POINT('',(16.,-31.59141201199));
#5057 = ( GEOMETRIC_REPRESENTATION_CONTEXT(2) 
PARAMETRIC_REPRESENTATION_CONTEXT() REPRESENTATION_CONTEXT('2D SPACE',''
  ) );
#5058 = ADVANCED_FACE('',(#5059),#2383,.F.);
#5059 = FACE_BOUND('',#5060,.F.);
#5060 = EDGE_LOOP('',(#5061,#5084,#5085,#5086));
#5061 = ORIENTED_EDGE('',*,*,#5062,.T.);
#5062 = EDGE_CURVE('',#5063,#2343,#5065,.T.);
#5063 = VERTEX_POINT('',#5064);
#5064 = CARTESIAN_POINT('',(-27.26128499307,-13.11324865405,5.));
#5065 = SURFACE_CURVE('',#5066,(#5070,#5077),.PCURVE_S1.);
#5066 = LINE('',#5067,#5068);
#5067 = CARTESIAN_POINT('',(-27.26128499307,-21.,5.));
#5068 = VECTOR('',#5069,1.);
#5069 = DIRECTION('',(0.,1.,0.));
#5070 = PCURVE('',#2383,#5071);
#5071 = DEFINITIONAL_REPRESENTATION('',(#5072),#5076);
#5072 = LINE('',#5073,#5074);
#5073 = CARTESIAN_POINT('',(-0.,21.));
#5074 = VECTOR('',#5075,1.);
#5075 = DIRECTION('',(0.,-1.));
#5076 = ( GEOMETRIC_REPRESENTATION_CONTEXT(2) 
PARAMETRIC_REPRESENTATION_CONTEXT() REPRESENTATION_CONTEXT('2D SPACE',''
  ) );
#5077 = PCURVE('',#2357,#5078);
#5078 = DEFINITIONAL_REPRESENTATION('',(#5079),#5083);
#5079 = LINE('',#5080,#5081);
#5080 = CARTESIAN_POINT('',(5.,21.));
#5081 = VECTOR('',#5082,1.);
#5082 = DIRECTION('',(0.,-1.));
#5083 = ( GEOMETRIC_REPRESENTATION_CONTEXT(2) 
PARAMETRIC_REPRESENTATION_CONTEXT() REPRESENTATION_CONTEXT('2D SPACE',''
  ) );
#5084 = ORIENTED_EDGE('',*,*,#2368,.F.);
#5085 = ORIENTED_EDGE('',*,*,#4971,.T.);
#5086 = ORIENTED_EDGE('',*,*,#5087,.F.);
#5087 = EDGE_CURVE('',#5063,#4972,#5088,.T.);
#5088 = SURFACE_CURVE('',#5089,(#5093,#5099),.PCURVE_S1.);
#5089 = LINE('',#5090,#5091);
#5090 = CARTESIAN_POINT('',(-13.95165827197,-8.676706413687,
    12.684316570237));
#5091 = VECTOR('',#5092,1.);
#5092 = DIRECTION('',(-0.832050294338,-0.277350098113,-0.480384461415));
#5093 = PCURVE('',#2383,#5094);
#5094 = DEFINITIONAL_REPRESENTATION('',(#5095),#5098);
#5095 = B_SPLINE_CURVE_WITH_KNOTS('',1,(#5096,#5097),.UNSPECIFIED.,.F.,
  .F.,(2,2),(15.996180533396,21.200345532062),.PIECEWISE_BEZIER_KNOTS.);
#5096 = CARTESIAN_POINT('',(1.269837789967E-15,13.113248654052));
#5097 = CARTESIAN_POINT('',(5.,14.556624327026));
#5098 = ( GEOMETRIC_REPRESENTATION_CONTEXT(2) 
PARAMETRIC_REPRESENTATION_CONTEXT() REPRESENTATION_CONTEXT('2D SPACE',''
  ) );
#5099 = PCURVE('',#2634,#5100);
#5100 = DEFINITIONAL_REPRESENTATION('',(#5101),#5104);
#5101 = B_SPLINE_CURVE_WITH_KNOTS('',1,(#5102,#5103),.UNSPECIFIED.,.F.,
  .F.,(2,2),(15.996180533396,21.200345532062),.PIECEWISE_BEZIER_KNOTS.);
#5102 = CARTESIAN_POINT('',(10.226497308104,-27.26128499307));
#5103 = CARTESIAN_POINT('',(13.113248654052,-31.59141201199));
#5104 = ( GEOMETRIC_REPRESENTATION_CONTEXT(2) 
PARAMETRIC_REPRESENTATION_CONTEXT() REPRESENTATION_CONTEXT('2D SPACE',''
  ) );
#5105 = ADVANCED_FACE('',(#5106),#2357,.F.);
#5106 = FACE_BOUND('',#5107,.F.);
#5107 = EDGE_LOOP('',(#5108,#5131,#5132,#5133));
#5108 = ORIENTED_EDGE('',*,*,#5109,.T.);
#5109 = EDGE_CURVE('',#5110,#2317,#5112,.T.);
#5110 = VERTEX_POINT('',#5111);
#5111 = CARTESIAN_POINT('',(-22.93115797415,-14.55662432702,2.5));
#5112 = SURFACE_CURVE('',#5113,(#5117,#5124),.PCURVE_S1.);
#5113 = LINE('',#5114,#5115);
#5114 = CARTESIAN_POINT('',(-22.93115797415,-21.,2.5));
#5115 = VECTOR('',#5116,1.);
#5116 = DIRECTION('',(0.,1.,0.));
#5117 = PCURVE('',#2357,#5118);
#5118 = DEFINITIONAL_REPRESENTATION('',(#5119),#5123);
#5119 = LINE('',#5120,#5121);
#5120 = CARTESIAN_POINT('',(0.,21.));
#5121 = VECTOR('',#5122,1.);
#5122 = DIRECTION('',(0.,-1.));
#5123 = ( GEOMETRIC_REPRESENTATION_CONTEXT(2) 
PARAMETRIC_REPRESENTATION_CONTEXT() REPRESENTATION_CONTEXT('2D SPACE',''
  ) );
#5124 = PCURVE('',#2331,#5125);
#5125 = DEFINITIONAL_REPRESENTATION('',(#5126),#5130);
#5126 = LINE('',#5127,#5128);
#5127 = CARTESIAN_POINT('',(5.,21.));
#5128 = VECTOR('',#5129,1.);
#5129 = DIRECTION('',(0.,-1.));
#5130 = ( GEOMETRIC_REPRESENTATION_CONTEXT(2) 
PARAMETRIC_REPRESENTATION_CONTEXT() REPRESENTATION_CONTEXT('2D SPACE',''
  ) );
#5131 = ORIENTED_EDGE('',*,*,#2342,.F.);
#5132 = ORIENTED_EDGE('',*,*,#5062,.F.);
#5133 = ORIENTED_EDGE('',*,*,#5134,.F.);
#5134 = EDGE_CURVE('',#5110,#5063,#5135,.T.);
#5135 = SURFACE_CURVE('',#5136,(#5140,#5146),.PCURVE_S1.);
#5136 = LINE('',#5137,#5138);
#5137 = CARTESIAN_POINT('',(-19.69919424869,-15.63394556884,
    0.634024873094));
#5138 = VECTOR('',#5139,1.);
#5139 = DIRECTION('',(-0.832050294338,0.277350098113,0.480384461415));
#5140 = PCURVE('',#2357,#5141);
#5141 = DEFINITIONAL_REPRESENTATION('',(#5142),#5145);
#5142 = B_SPLINE_CURVE_WITH_KNOTS('',1,(#5143,#5144),.UNSPECIFIED.,.F.,
  .F.,(2,2),(3.884336977529,9.088501976194),.PIECEWISE_BEZIER_KNOTS.);
#5143 = CARTESIAN_POINT('',(1.115981238782E-15,14.556624327026));
#5144 = CARTESIAN_POINT('',(5.,13.113248654052));
#5145 = ( GEOMETRIC_REPRESENTATION_CONTEXT(2) 
PARAMETRIC_REPRESENTATION_CONTEXT() REPRESENTATION_CONTEXT('2D SPACE',''
  ) );
#5146 = PCURVE('',#2634,#5147);
#5147 = DEFINITIONAL_REPRESENTATION('',(#5148),#5151);
#5148 = B_SPLINE_CURVE_WITH_KNOTS('',1,(#5149,#5150),.UNSPECIFIED.,.F.,
  .F.,(2,2),(3.884336977529,9.088501976194),.PIECEWISE_BEZIER_KNOTS.);
#5149 = CARTESIAN_POINT('',(13.113248654052,-22.93115797415));
#5150 = CARTESIAN_POINT('',(10.226497308104,-27.26128499307));
#5151 = ( GEOMETRIC_REPRESENTATION_CONTEXT(2) 
PARAMETRIC_REPRESENTATION_CONTEXT() REPRESENTATION_CONTEXT('2D SPACE',''
  ) );
#5152 = ADVANCED_FACE('',(#5153),#2331,.F.);
#5153 = FACE_BOUND('',#5154,.F.);
#5154 = EDGE_LOOP('',(#5155,#5178,#5179,#5180,#5181,#5202));
#5155 = ORIENTED_EDGE('',*,*,#5156,.T.);
#5156 = EDGE_CURVE('',#5157,#3040,#5159,.T.);
#5157 = VERTEX_POINT('',#5158);
#5158 = CARTESIAN_POINT('',(-22.93115797415,-14.55662432702,-2.5));
#5159 = SURFACE_CURVE('',#5160,(#5164,#5171),.PCURVE_S1.);
#5160 = LINE('',#5161,#5162);
#5161 = CARTESIAN_POINT('',(-22.93115797415,-21.,-2.5));
#5162 = VECTOR('',#5163,1.);
#5163 = DIRECTION('',(0.,1.,0.));
#5164 = PCURVE('',#2331,#5165);
#5165 = DEFINITIONAL_REPRESENTATION('',(#5166),#5170);
#5166 = LINE('',#5167,#5168);
#5167 = CARTESIAN_POINT('',(0.,21.));
#5168 = VECTOR('',#5169,1.);
#5169 = DIRECTION('',(0.,-1.));
#5170 = ( GEOMETRIC_REPRESENTATION_CONTEXT(2) 
PARAMETRIC_REPRESENTATION_CONTEXT() REPRESENTATION_CONTEXT('2D SPACE',''
  ) );
#5171 = PCURVE('',#3054,#5172);
#5172 = DEFINITIONAL_REPRESENTATION('',(#5173),#5177);
#5173 = LINE('',#5174,#5175);
#5174 = CARTESIAN_POINT('',(5.,21.));
#5175 = VECTOR('',#5176,1.);
#5176 = DIRECTION('',(0.,-1.));
#5177 = ( GEOMETRIC_REPRESENTATION_CONTEXT(2) 
PARAMETRIC_REPRESENTATION_CONTEXT() REPRESENTATION_CONTEXT('2D SPACE',''
  ) );
#5178 = ORIENTED_EDGE('',*,*,#3065,.F.);
#5179 = ORIENTED_EDGE('',*,*,#2316,.F.);
#5180 = ORIENTED_EDGE('',*,*,#5109,.F.);
#5181 = ORIENTED_EDGE('',*,*,#5182,.F.);
#5182 = EDGE_CURVE('',#5183,#5110,#5185,.T.);
#5183 = VERTEX_POINT('',#5184);
#5184 = CARTESIAN_POINT('',(-22.93115797415,-16.,1.959434878636E-15));
#5185 = SURFACE_CURVE('',#5186,(#5190,#5196),.PCURVE_S1.);
#5186 = LINE('',#5187,#5188);
#5187 = CARTESIAN_POINT('',(-22.93115797415,-10.54126587736,
    9.454804845413));
#5188 = VECTOR('',#5189,1.);
#5189 = DIRECTION('',(1.538370149107E-16,0.5,0.866025403784));
#5190 = PCURVE('',#2331,#5191);
#5191 = DEFINITIONAL_REPRESENTATION('',(#5192),#5195);
#5192 = B_SPLINE_CURVE_WITH_KNOTS('',1,(#5193,#5194),.UNSPECIFIED.,.F.,
  .F.,(2,2),(-10.91746824526,-8.030716899321),.PIECEWISE_BEZIER_KNOTS.);
#5193 = CARTESIAN_POINT('',(2.5,16.));
#5194 = CARTESIAN_POINT('',(5.,14.556624327026));
#5195 = ( GEOMETRIC_REPRESENTATION_CONTEXT(2) 
PARAMETRIC_REPRESENTATION_CONTEXT() REPRESENTATION_CONTEXT('2D SPACE',''
  ) );
#5196 = PCURVE('',#2634,#5197);
#5197 = DEFINITIONAL_REPRESENTATION('',(#5198),#5201);
#5198 = B_SPLINE_CURVE_WITH_KNOTS('',1,(#5199,#5200),.UNSPECIFIED.,.F.,
  .F.,(2,2),(-10.91746824526,-8.030716899321),.PIECEWISE_BEZIER_KNOTS.);
#5199 = CARTESIAN_POINT('',(16.,-22.93115797415));
#5200 = CARTESIAN_POINT('',(13.113248654052,-22.93115797415));
#5201 = ( GEOMETRIC_REPRESENTATION_CONTEXT(2) 
PARAMETRIC_REPRESENTATION_CONTEXT() REPRESENTATION_CONTEXT('2D SPACE',''
  ) );
#5202 = ORIENTED_EDGE('',*,*,#5203,.F.);
#5203 = EDGE_CURVE('',#5157,#5183,#5204,.T.);
#5204 = SURFACE_CURVE('',#5205,(#5209,#5215),.PCURVE_S1.);
#5205 = LINE('',#5206,#5207);
#5206 = CARTESIAN_POINT('',(-22.93115797415,-13.45873412263,
    -4.401601615138));
#5207 = VECTOR('',#5208,1.);
#5208 = DIRECTION('',(1.538370149107E-16,-0.5,0.866025403784));
#5209 = PCURVE('',#2331,#5210);
#5210 = DEFINITIONAL_REPRESENTATION('',(#5211),#5214);
#5211 = B_SPLINE_CURVE_WITH_KNOTS('',1,(#5212,#5213),.UNSPECIFIED.,.F.,
  .F.,(2,2),(2.195780408782,5.082531754731),.PIECEWISE_BEZIER_KNOTS.);
#5212 = CARTESIAN_POINT('',(8.904129427658E-16,14.556624327026));
#5213 = CARTESIAN_POINT('',(2.5,16.));
#5214 = ( GEOMETRIC_REPRESENTATION_CONTEXT(2) 
PARAMETRIC_REPRESENTATION_CONTEXT() REPRESENTATION_CONTEXT('2D SPACE',''
  ) );
#5215 = PCURVE('',#2610,#5216);
#5216 = DEFINITIONAL_REPRESENTATION('',(#5217),#5220);
#5217 = B_SPLINE_CURVE_WITH_KNOTS('',1,(#5218,#5219),.UNSPECIFIED.,.F.,
  .F.,(2,2),(2.195780408782,5.082531754731),.PIECEWISE_BEZIER_KNOTS.);
#5218 = CARTESIAN_POINT('',(2.886751345948,-22.93115797415));
#5219 = CARTESIAN_POINT('',(0.,-22.93115797415));
#5220 = ( GEOMETRIC_REPRESENTATION_CONTEXT(2) 
PARAMETRIC_REPRESENTATION_CONTEXT() REPRESENTATION_CONTEXT('2D SPACE',''
  ) );
#5221 = ADVANCED_FACE('',(#5222),#2282,.F.);
#5222 = FACE_BOUND('',#5223,.F.);
#5223 = EDGE_LOOP('',(#5224,#5247,#5248,#5249,#5272,#5293));
#5224 = ORIENTED_EDGE('',*,*,#5225,.F.);
#5225 = EDGE_CURVE('',#2242,#5226,#5228,.T.);
#5226 = VERTEX_POINT('',#5227);
#5227 = CARTESIAN_POINT('',(-20.85269700506,-14.55662432702,2.5));
#5228 = SURFACE_CURVE('',#5229,(#5233,#5240),.PCURVE_S1.);
#5229 = LINE('',#5230,#5231);
#5230 = CARTESIAN_POINT('',(-20.85269700506,21.,2.5));
#5231 = VECTOR('',#5232,1.);
#5232 = DIRECTION('',(0.,-1.,0.));
#5233 = PCURVE('',#2282,#5234);
#5234 = DEFINITIONAL_REPRESENTATION('',(#5235),#5239);
#5235 = LINE('',#5236,#5237);
#5236 = CARTESIAN_POINT('',(0.,-21.));
#5237 = VECTOR('',#5238,1.);
#5238 = DIRECTION('',(-0.,1.));
#5239 = ( GEOMETRIC_REPRESENTATION_CONTEXT(2) 
PARAMETRIC_REPRESENTATION_CONTEXT() REPRESENTATION_CONTEXT('2D SPACE',''
  ) );
#5240 = PCURVE('',#2256,#5241);
#5241 = DEFINITIONAL_REPRESENTATION('',(#5242),#5246);
#5242 = LINE('',#5243,#5244);
#5243 = CARTESIAN_POINT('',(5.,-21.));
#5244 = VECTOR('',#5245,1.);
#5245 = DIRECTION('',(-0.,1.));
#5246 = ( GEOMETRIC_REPRESENTATION_CONTEXT(2) 
PARAMETRIC_REPRESENTATION_CONTEXT() REPRESENTATION_CONTEXT('2D SPACE',''
  ) );
#5247 = ORIENTED_EDGE('',*,*,#2267,.F.);
#5248 = ORIENTED_EDGE('',*,*,#3085,.F.);
#5249 = ORIENTED_EDGE('',*,*,#5250,.T.);
#5250 = EDGE_CURVE('',#3086,#5251,#5253,.T.);
#5251 = VERTEX_POINT('',#5252);
#5252 = CARTESIAN_POINT('',(-20.85269700506,-14.55662432702,-2.5));
#5253 = SURFACE_CURVE('',#5254,(#5258,#5265),.PCURVE_S1.);
#5254 = LINE('',#5255,#5256);
#5255 = CARTESIAN_POINT('',(-20.85269700506,21.,-2.5));
#5256 = VECTOR('',#5257,1.);
#5257 = DIRECTION('',(0.,-1.,0.));
#5258 = PCURVE('',#2282,#5259);
#5259 = DEFINITIONAL_REPRESENTATION('',(#5260),#5264);
#5260 = LINE('',#5261,#5262);
#5261 = CARTESIAN_POINT('',(5.,-21.));
#5262 = VECTOR('',#5263,1.);
#5263 = DIRECTION('',(-0.,1.));
#5264 = ( GEOMETRIC_REPRESENTATION_CONTEXT(2) 
PARAMETRIC_REPRESENTATION_CONTEXT() REPRESENTATION_CONTEXT('2D SPACE',''
  ) );
#5265 = PCURVE('',#3121,#5266);
#5266 = DEFINITIONAL_REPRESENTATION('',(#5267),#5271);
#5267 = LINE('',#5268,#5269);
#5268 = CARTESIAN_POINT('',(0.,-21.));
#5269 = VECTOR('',#5270,1.);
#5270 = DIRECTION('',(0.,1.));
#5271 = ( GEOMETRIC_REPRESENTATION_CONTEXT(2) 
PARAMETRIC_REPRESENTATION_CONTEXT() REPRESENTATION_CONTEXT('2D SPACE',''
  ) );
#5272 = ORIENTED_EDGE('',*,*,#5273,.F.);
#5273 = EDGE_CURVE('',#5274,#5251,#5276,.T.);
#5274 = VERTEX_POINT('',#5275);
#5275 = CARTESIAN_POINT('',(-20.85269700506,-16.,1.959434878636E-15));
#5276 = SURFACE_CURVE('',#5277,(#5281,#5287),.PCURVE_S1.);
#5277 = LINE('',#5278,#5279);
#5278 = CARTESIAN_POINT('',(-20.85269700506,-14.54126587736,
    -2.526601615138));
#5279 = VECTOR('',#5280,1.);
#5280 = DIRECTION('',(-3.076740298214E-16,0.5,-0.866025403784));
#5281 = PCURVE('',#2282,#5282);
#5282 = DEFINITIONAL_REPRESENTATION('',(#5283),#5286);
#5283 = B_SPLINE_CURVE_WITH_KNOTS('',1,(#5284,#5285),.UNSPECIFIED.,.F.,
  .F.,(2,2),(-2.917468245269,-3.071689932132E-02),
  .PIECEWISE_BEZIER_KNOTS.);
#5284 = CARTESIAN_POINT('',(2.5,16.));
#5285 = CARTESIAN_POINT('',(5.,14.556624327026));
#5286 = ( GEOMETRIC_REPRESENTATION_CONTEXT(2) 
PARAMETRIC_REPRESENTATION_CONTEXT() REPRESENTATION_CONTEXT('2D SPACE',''
  ) );
#5287 = PCURVE('',#2610,#5288);
#5288 = DEFINITIONAL_REPRESENTATION('',(#5289),#5292);
#5289 = B_SPLINE_CURVE_WITH_KNOTS('',1,(#5290,#5291),.UNSPECIFIED.,.F.,
  .F.,(2,2),(-2.917468245269,-3.071689932132E-02),
  .PIECEWISE_BEZIER_KNOTS.);
#5290 = CARTESIAN_POINT('',(0.,-20.85269700506));
#5291 = CARTESIAN_POINT('',(2.886751345948,-20.85269700506));
#5292 = ( GEOMETRIC_REPRESENTATION_CONTEXT(2) 
PARAMETRIC_REPRESENTATION_CONTEXT() REPRESENTATION_CONTEXT('2D SPACE',''
  ) );
#5293 = ORIENTED_EDGE('',*,*,#5294,.F.);
#5294 = EDGE_CURVE('',#5226,#5274,#5295,.T.);
#5295 = SURFACE_CURVE('',#5296,(#5300,#5306),.PCURVE_S1.);
#5296 = LINE('',#5297,#5298);
#5297 = CARTESIAN_POINT('',(-20.85269700506,-9.458734122635,
    11.329804845413));
#5298 = VECTOR('',#5299,1.);
#5299 = DIRECTION('',(-3.076740298214E-16,-0.5,-0.866025403784));
#5300 = PCURVE('',#2282,#5301);
#5301 = DEFINITIONAL_REPRESENTATION('',(#5302),#5305);
#5302 = B_SPLINE_CURVE_WITH_KNOTS('',1,(#5303,#5304),.UNSPECIFIED.,.F.,
  .F.,(2,2),(10.195780408782,13.082531754731),.PIECEWISE_BEZIER_KNOTS.);
#5303 = CARTESIAN_POINT('',(1.076384311739E-15,14.556624327026));
#5304 = CARTESIAN_POINT('',(2.5,16.));
#5305 = ( GEOMETRIC_REPRESENTATION_CONTEXT(2) 
PARAMETRIC_REPRESENTATION_CONTEXT() REPRESENTATION_CONTEXT('2D SPACE',''
  ) );
#5306 = PCURVE('',#2634,#5307);
#5307 = DEFINITIONAL_REPRESENTATION('',(#5308),#5311);
#5308 = B_SPLINE_CURVE_WITH_KNOTS('',1,(#5309,#5310),.UNSPECIFIED.,.F.,
  .F.,(2,2),(10.195780408782,13.082531754731),.PIECEWISE_BEZIER_KNOTS.);
#5309 = CARTESIAN_POINT('',(13.113248654052,-20.85269700506));
#5310 = CARTESIAN_POINT('',(16.,-20.85269700506));
#5311 = ( GEOMETRIC_REPRESENTATION_CONTEXT(2) 
PARAMETRIC_REPRESENTATION_CONTEXT() REPRESENTATION_CONTEXT('2D SPACE',''
  ) );
#5312 = ADVANCED_FACE('',(#5313),#2256,.F.);
#5313 = FACE_BOUND('',#5314,.F.);
#5314 = EDGE_LOOP('',(#5315,#5338,#5339,#5340));
#5315 = ORIENTED_EDGE('',*,*,#5316,.T.);
#5316 = EDGE_CURVE('',#5317,#2216,#5319,.T.);
#5317 = VERTEX_POINT('',#5318);
#5318 = CARTESIAN_POINT('',(-16.52256998614,-13.11324865405,5.));
#5319 = SURFACE_CURVE('',#5320,(#5324,#5331),.PCURVE_S1.);
#5320 = LINE('',#5321,#5322);
#5321 = CARTESIAN_POINT('',(-16.52256998614,-21.,5.));
#5322 = VECTOR('',#5323,1.);
#5323 = DIRECTION('',(0.,1.,0.));
#5324 = PCURVE('',#2256,#5325);
#5325 = DEFINITIONAL_REPRESENTATION('',(#5326),#5330);
#5326 = LINE('',#5327,#5328);
#5327 = CARTESIAN_POINT('',(-0.,21.));
#5328 = VECTOR('',#5329,1.);
#5329 = DIRECTION('',(0.,-1.));
#5330 = ( GEOMETRIC_REPRESENTATION_CONTEXT(2) 
PARAMETRIC_REPRESENTATION_CONTEXT() REPRESENTATION_CONTEXT('2D SPACE',''
  ) );
#5331 = PCURVE('',#2230,#5332);
#5332 = DEFINITIONAL_REPRESENTATION('',(#5333),#5337);
#5333 = LINE('',#5334,#5335);
#5334 = CARTESIAN_POINT('',(5.,21.));
#5335 = VECTOR('',#5336,1.);
#5336 = DIRECTION('',(0.,-1.));
#5337 = ( GEOMETRIC_REPRESENTATION_CONTEXT(2) 
PARAMETRIC_REPRESENTATION_CONTEXT() REPRESENTATION_CONTEXT('2D SPACE',''
  ) );
#5338 = ORIENTED_EDGE('',*,*,#2241,.F.);
#5339 = ORIENTED_EDGE('',*,*,#5225,.T.);
#5340 = ORIENTED_EDGE('',*,*,#5341,.F.);
#5341 = EDGE_CURVE('',#5317,#5226,#5342,.T.);
#5342 = SURFACE_CURVE('',#5343,(#5347,#5353),.PCURVE_S1.);
#5343 = LINE('',#5344,#5345);
#5344 = CARTESIAN_POINT('',(-6.93019076745,-9.915788914487,
    10.538162724083));
#5345 = VECTOR('',#5346,1.);
#5346 = DIRECTION('',(-0.832050294338,-0.277350098113,-0.480384461415));
#5347 = PCURVE('',#2256,#5348);
#5348 = DEFINITIONAL_REPRESENTATION('',(#5349),#5352);
#5349 = B_SPLINE_CURVE_WITH_KNOTS('',1,(#5350,#5351),.UNSPECIFIED.,.F.,
  .F.,(2,2),(11.528605042234,16.7327700409),.PIECEWISE_BEZIER_KNOTS.);
#5350 = CARTESIAN_POINT('',(3.730547215355E-16,13.113248654052));
#5351 = CARTESIAN_POINT('',(5.,14.556624327026));
#5352 = ( GEOMETRIC_REPRESENTATION_CONTEXT(2) 
PARAMETRIC_REPRESENTATION_CONTEXT() REPRESENTATION_CONTEXT('2D SPACE',''
  ) );
#5353 = PCURVE('',#2634,#5354);
#5354 = DEFINITIONAL_REPRESENTATION('',(#5355),#5358);
#5355 = B_SPLINE_CURVE_WITH_KNOTS('',1,(#5356,#5357),.UNSPECIFIED.,.F.,
  .F.,(2,2),(11.528605042234,16.7327700409),.PIECEWISE_BEZIER_KNOTS.);
#5356 = CARTESIAN_POINT('',(10.226497308104,-16.52256998614));
#5357 = CARTESIAN_POINT('',(13.113248654052,-20.85269700506));
#5358 = ( GEOMETRIC_REPRESENTATION_CONTEXT(2) 
PARAMETRIC_REPRESENTATION_CONTEXT() REPRESENTATION_CONTEXT('2D SPACE',''
  ) );
#5359 = ADVANCED_FACE('',(#5360),#2230,.F.);
#5360 = FACE_BOUND('',#5361,.F.);
#5361 = EDGE_LOOP('',(#5362,#5385,#5386,#5387));
#5362 = ORIENTED_EDGE('',*,*,#5363,.T.);
#5363 = EDGE_CURVE('',#5364,#2190,#5366,.T.);
#5364 = VERTEX_POINT('',#5365);
#5365 = CARTESIAN_POINT('',(-12.19244296722,-14.55662432702,2.5));
#5366 = SURFACE_CURVE('',#5367,(#5371,#5378),.PCURVE_S1.);
#5367 = LINE('',#5368,#5369);
#5368 = CARTESIAN_POINT('',(-12.19244296722,-21.,2.5));
#5369 = VECTOR('',#5370,1.);
#5370 = DIRECTION('',(0.,1.,0.));
#5371 = PCURVE('',#2230,#5372);
#5372 = DEFINITIONAL_REPRESENTATION('',(#5373),#5377);
#5373 = LINE('',#5374,#5375);
#5374 = CARTESIAN_POINT('',(0.,21.));
#5375 = VECTOR('',#5376,1.);
#5376 = DIRECTION('',(0.,-1.));
#5377 = ( GEOMETRIC_REPRESENTATION_CONTEXT(2) 
PARAMETRIC_REPRESENTATION_CONTEXT() REPRESENTATION_CONTEXT('2D SPACE',''
  ) );
#5378 = PCURVE('',#2204,#5379);
#5379 = DEFINITIONAL_REPRESENTATION('',(#5380),#5384);
#5380 = LINE('',#5381,#5382);
#5381 = CARTESIAN_POINT('',(5.,21.));
#5382 = VECTOR('',#5383,1.);
#5383 = DIRECTION('',(0.,-1.));
#5384 = ( GEOMETRIC_REPRESENTATION_CONTEXT(2) 
PARAMETRIC_REPRESENTATION_CONTEXT() REPRESENTATION_CONTEXT('2D SPACE',''
  ) );
#5385 = ORIENTED_EDGE('',*,*,#2215,.F.);
#5386 = ORIENTED_EDGE('',*,*,#5316,.F.);
#5387 = ORIENTED_EDGE('',*,*,#5388,.F.);
#5388 = EDGE_CURVE('',#5364,#5317,#5389,.T.);
#5389 = SURFACE_CURVE('',#5390,(#5394,#5400),.PCURVE_S1.);
#5390 = LINE('',#5391,#5392);
#5391 = CARTESIAN_POINT('',(-12.67772674416,-14.39486306804,
    2.780178719248));
#5392 = VECTOR('',#5393,1.);
#5393 = DIRECTION('',(-0.832050294338,0.277350098113,0.480384461415));
#5394 = PCURVE('',#2230,#5395);
#5395 = DEFINITIONAL_REPRESENTATION('',(#5396),#5399);
#5396 = B_SPLINE_CURVE_WITH_KNOTS('',1,(#5397,#5398),.UNSPECIFIED.,.F.,
  .F.,(2,2),(-0.583238513633,4.620926485032),.PIECEWISE_BEZIER_KNOTS.);
#5397 = CARTESIAN_POINT('',(2.431099825048E-16,14.556624327026));
#5398 = CARTESIAN_POINT('',(5.,13.113248654052));
#5399 = ( GEOMETRIC_REPRESENTATION_CONTEXT(2) 
PARAMETRIC_REPRESENTATION_CONTEXT() REPRESENTATION_CONTEXT('2D SPACE',''
  ) );
#5400 = PCURVE('',#2634,#5401);
#5401 = DEFINITIONAL_REPRESENTATION('',(#5402),#5405);
#5402 = B_SPLINE_CURVE_WITH_KNOTS('',1,(#5403,#5404),.UNSPECIFIED.,.F.,
  .F.,(2,2),(-0.583238513633,4.620926485032),.PIECEWISE_BEZIER_KNOTS.);
#5403 = CARTESIAN_POINT('',(13.113248654052,-12.19244296722));
#5404 = CARTESIAN_POINT('',(10.226497308104,-16.52256998614));
#5405 = ( GEOMETRIC_REPRESENTATION_CONTEXT(2) 
PARAMETRIC_REPRESENTATION_CONTEXT() REPRESENTATION_CONTEXT('2D SPACE',''
  ) );
#5406 = ADVANCED_FACE('',(#5407),#2204,.F.);
#5407 = FACE_BOUND('',#5408,.F.);
#5408 = EDGE_LOOP('',(#5409,#5432,#5433,#5434,#5435,#5456));
#5409 = ORIENTED_EDGE('',*,*,#5410,.T.);
#5410 = EDGE_CURVE('',#5411,#3133,#5413,.T.);
#5411 = VERTEX_POINT('',#5412);
#5412 = CARTESIAN_POINT('',(-12.19244296722,-14.55662432702,-2.5));
#5413 = SURFACE_CURVE('',#5414,(#5418,#5425),.PCURVE_S1.);
#5414 = LINE('',#5415,#5416);
#5415 = CARTESIAN_POINT('',(-12.19244296722,-21.,-2.5));
#5416 = VECTOR('',#5417,1.);
#5417 = DIRECTION('',(0.,1.,0.));
#5418 = PCURVE('',#2204,#5419);
#5419 = DEFINITIONAL_REPRESENTATION('',(#5420),#5424);
#5420 = LINE('',#5421,#5422);
#5421 = CARTESIAN_POINT('',(0.,21.));
#5422 = VECTOR('',#5423,1.);
#5423 = DIRECTION('',(0.,-1.));
#5424 = ( GEOMETRIC_REPRESENTATION_CONTEXT(2) 
PARAMETRIC_REPRESENTATION_CONTEXT() REPRESENTATION_CONTEXT('2D SPACE',''
  ) );
#5425 = PCURVE('',#3147,#5426);
#5426 = DEFINITIONAL_REPRESENTATION('',(#5427),#5431);
#5427 = LINE('',#5428,#5429);
#5428 = CARTESIAN_POINT('',(5.,21.));
#5429 = VECTOR('',#5430,1.);
#5430 = DIRECTION('',(0.,-1.));
#5431 = ( GEOMETRIC_REPRESENTATION_CONTEXT(2) 
PARAMETRIC_REPRESENTATION_CONTEXT() REPRESENTATION_CONTEXT('2D SPACE',''
  ) );
#5432 = ORIENTED_EDGE('',*,*,#3158,.F.);
#5433 = ORIENTED_EDGE('',*,*,#2189,.F.);
#5434 = ORIENTED_EDGE('',*,*,#5363,.F.);
#5435 = ORIENTED_EDGE('',*,*,#5436,.F.);
#5436 = EDGE_CURVE('',#5437,#5364,#5439,.T.);
#5437 = VERTEX_POINT('',#5438);
#5438 = CARTESIAN_POINT('',(-12.19244296722,-16.,1.959434878636E-15));
#5439 = SURFACE_CURVE('',#5440,(#5444,#5450),.PCURVE_S1.);
#5440 = LINE('',#5441,#5442);
#5441 = CARTESIAN_POINT('',(-12.19244296722,-10.54126587736,
    9.454804845413));
#5442 = VECTOR('',#5443,1.);
#5443 = DIRECTION('',(1.538370149107E-16,0.5,0.866025403784));
#5444 = PCURVE('',#2204,#5445);
#5445 = DEFINITIONAL_REPRESENTATION('',(#5446),#5449);
#5446 = B_SPLINE_CURVE_WITH_KNOTS('',1,(#5447,#5448),.UNSPECIFIED.,.F.,
  .F.,(2,2),(-10.91746824526,-8.030716899321),.PIECEWISE_BEZIER_KNOTS.);
#5447 = CARTESIAN_POINT('',(2.5,16.));
#5448 = CARTESIAN_POINT('',(5.,14.556624327026));
#5449 = ( GEOMETRIC_REPRESENTATION_CONTEXT(2) 
PARAMETRIC_REPRESENTATION_CONTEXT() REPRESENTATION_CONTEXT('2D SPACE',''
  ) );
#5450 = PCURVE('',#2634,#5451);
#5451 = DEFINITIONAL_REPRESENTATION('',(#5452),#5455);
#5452 = B_SPLINE_CURVE_WITH_KNOTS('',1,(#5453,#5454),.UNSPECIFIED.,.F.,
  .F.,(2,2),(-10.91746824526,-8.030716899321),.PIECEWISE_BEZIER_KNOTS.);
#5453 = CARTESIAN_POINT('',(16.,-12.19244296722));
#5454 = CARTESIAN_POINT('',(13.113248654052,-12.19244296722));
#5455 = ( GEOMETRIC_REPRESENTATION_CONTEXT(2) 
PARAMETRIC_REPRESENTATION_CONTEXT() REPRESENTATION_CONTEXT('2D SPACE',''
  ) );
#5456 = ORIENTED_EDGE('',*,*,#5457,.F.);
#5457 = EDGE_CURVE('',#5411,#5437,#5458,.T.);
#5458 = SURFACE_CURVE('',#5459,(#5463,#5469),.PCURVE_S1.);
#5459 = LINE('',#5460,#5461);
#5460 = CARTESIAN_POINT('',(-12.19244296722,-13.45873412263,
    -4.401601615138));
#5461 = VECTOR('',#5462,1.);
#5462 = DIRECTION('',(1.538370149107E-16,-0.5,0.866025403784));
#5463 = PCURVE('',#2204,#5464);
#5464 = DEFINITIONAL_REPRESENTATION('',(#5465),#5468);
#5465 = B_SPLINE_CURVE_WITH_KNOTS('',1,(#5466,#5467),.UNSPECIFIED.,.F.,
  .F.,(2,2),(2.195780408782,5.082531754731),.PIECEWISE_BEZIER_KNOTS.);
#5466 = CARTESIAN_POINT('',(3.868270603424E-16,14.556624327026));
#5467 = CARTESIAN_POINT('',(2.5,16.));
#5468 = ( GEOMETRIC_REPRESENTATION_CONTEXT(2) 
PARAMETRIC_REPRESENTATION_CONTEXT() REPRESENTATION_CONTEXT('2D SPACE',''
  ) );
#5469 = PCURVE('',#2610,#5470);
#5470 = DEFINITIONAL_REPRESENTATION('',(#5471),#5474);
#5471 = B_SPLINE_CURVE_WITH_KNOTS('',1,(#5472,#5473),.UNSPECIFIED.,.F.,
  .F.,(2,2),(2.195780408782,5.082531754731),.PIECEWISE_BEZIER_KNOTS.);
#5472 = CARTESIAN_POINT('',(2.886751345948,-12.19244296722));
#5473 = CARTESIAN_POINT('',(0.,-12.19244296722));
#5474 = ( GEOMETRIC_REPRESENTATION_CONTEXT(2) 
PARAMETRIC_REPRESENTATION_CONTEXT() REPRESENTATION_CONTEXT('2D SPACE',''
  ) );
#5475 = ADVANCED_FACE('',(#5476),#2155,.F.);
#5476 = FACE_BOUND('',#5477,.F.);
#5477 = EDGE_LOOP('',(#5478,#5501,#5502,#5503,#5526,#5547));
#5478 = ORIENTED_EDGE('',*,*,#5479,.F.);
#5479 = EDGE_CURVE('',#2115,#5480,#5482,.T.);
#5480 = VERTEX_POINT('',#5481);
#5481 = CARTESIAN_POINT('',(-10.11398199814,-14.55662432702,2.5));
#5482 = SURFACE_CURVE('',#5483,(#5487,#5494),.PCURVE_S1.);
#5483 = LINE('',#5484,#5485);
#5484 = CARTESIAN_POINT('',(-10.11398199814,21.,2.5));
#5485 = VECTOR('',#5486,1.);
#5486 = DIRECTION('',(0.,-1.,0.));
#5487 = PCURVE('',#2155,#5488);
#5488 = DEFINITIONAL_REPRESENTATION('',(#5489),#5493);
#5489 = LINE('',#5490,#5491);
#5490 = CARTESIAN_POINT('',(0.,-21.));
#5491 = VECTOR('',#5492,1.);
#5492 = DIRECTION('',(-0.,1.));
#5493 = ( GEOMETRIC_REPRESENTATION_CONTEXT(2) 
PARAMETRIC_REPRESENTATION_CONTEXT() REPRESENTATION_CONTEXT('2D SPACE',''
  ) );
#5494 = PCURVE('',#2129,#5495);
#5495 = DEFINITIONAL_REPRESENTATION('',(#5496),#5500);
#5496 = LINE('',#5497,#5498);
#5497 = CARTESIAN_POINT('',(5.,-21.));
#5498 = VECTOR('',#5499,1.);
#5499 = DIRECTION('',(-0.,1.));
#5500 = ( GEOMETRIC_REPRESENTATION_CONTEXT(2) 
PARAMETRIC_REPRESENTATION_CONTEXT() REPRESENTATION_CONTEXT('2D SPACE',''
  ) );
#5501 = ORIENTED_EDGE('',*,*,#2140,.F.);
#5502 = ORIENTED_EDGE('',*,*,#3178,.F.);
#5503 = ORIENTED_EDGE('',*,*,#5504,.T.);
#5504 = EDGE_CURVE('',#3179,#5505,#5507,.T.);
#5505 = VERTEX_POINT('',#5506);
#5506 = CARTESIAN_POINT('',(-10.11398199814,-14.55662432702,-2.5));
#5507 = SURFACE_CURVE('',#5508,(#5512,#5519),.PCURVE_S1.);
#5508 = LINE('',#5509,#5510);
#5509 = CARTESIAN_POINT('',(-10.11398199814,21.,-2.5));
#5510 = VECTOR('',#5511,1.);
#5511 = DIRECTION('',(0.,-1.,0.));
#5512 = PCURVE('',#2155,#5513);
#5513 = DEFINITIONAL_REPRESENTATION('',(#5514),#5518);
#5514 = LINE('',#5515,#5516);
#5515 = CARTESIAN_POINT('',(5.,-21.));
#5516 = VECTOR('',#5517,1.);
#5517 = DIRECTION('',(-0.,1.));
#5518 = ( GEOMETRIC_REPRESENTATION_CONTEXT(2) 
PARAMETRIC_REPRESENTATION_CONTEXT() REPRESENTATION_CONTEXT('2D SPACE',''
  ) );
#5519 = PCURVE('',#3214,#5520);
#5520 = DEFINITIONAL_REPRESENTATION('',(#5521),#5525);
#5521 = LINE('',#5522,#5523);
#5522 = CARTESIAN_POINT('',(0.,-21.));
#5523 = VECTOR('',#5524,1.);
#5524 = DIRECTION('',(0.,1.));
#5525 = ( GEOMETRIC_REPRESENTATION_CONTEXT(2) 
PARAMETRIC_REPRESENTATION_CONTEXT() REPRESENTATION_CONTEXT('2D SPACE',''
  ) );
#5526 = ORIENTED_EDGE('',*,*,#5527,.F.);
#5527 = EDGE_CURVE('',#5528,#5505,#5530,.T.);
#5528 = VERTEX_POINT('',#5529);
#5529 = CARTESIAN_POINT('',(-10.11398199814,-16.,1.959434878636E-15));
#5530 = SURFACE_CURVE('',#5531,(#5535,#5541),.PCURVE_S1.);
#5531 = LINE('',#5532,#5533);
#5532 = CARTESIAN_POINT('',(-10.11398199814,-14.54126587736,
    -2.526601615138));
#5533 = VECTOR('',#5534,1.);
#5534 = DIRECTION('',(-3.076740298214E-16,0.5,-0.866025403784));
#5535 = PCURVE('',#2155,#5536);
#5536 = DEFINITIONAL_REPRESENTATION('',(#5537),#5540);
#5537 = B_SPLINE_CURVE_WITH_KNOTS('',1,(#5538,#5539),.UNSPECIFIED.,.F.,
  .F.,(2,2),(-2.917468245269,-3.071689932132E-02),
  .PIECEWISE_BEZIER_KNOTS.);
#5538 = CARTESIAN_POINT('',(2.5,16.));
#5539 = CARTESIAN_POINT('',(5.,14.556624327026));
#5540 = ( GEOMETRIC_REPRESENTATION_CONTEXT(2) 
PARAMETRIC_REPRESENTATION_CONTEXT() REPRESENTATION_CONTEXT('2D SPACE',''
  ) );
#5541 = PCURVE('',#2610,#5542);
#5542 = DEFINITIONAL_REPRESENTATION('',(#5543),#5546);
#5543 = B_SPLINE_CURVE_WITH_KNOTS('',1,(#5544,#5545),.UNSPECIFIED.,.F.,
  .F.,(2,2),(-2.917468245269,-3.071689932132E-02),
  .PIECEWISE_BEZIER_KNOTS.);
#5544 = CARTESIAN_POINT('',(0.,-10.11398199814));
#5545 = CARTESIAN_POINT('',(2.886751345948,-10.11398199814));
#5546 = ( GEOMETRIC_REPRESENTATION_CONTEXT(2) 
PARAMETRIC_REPRESENTATION_CONTEXT() REPRESENTATION_CONTEXT('2D SPACE',''
  ) );
#5547 = ORIENTED_EDGE('',*,*,#5548,.F.);
#5548 = EDGE_CURVE('',#5480,#5528,#5549,.T.);
#5549 = SURFACE_CURVE('',#5550,(#5554,#5560),.PCURVE_S1.);
#5550 = LINE('',#5551,#5552);
#5551 = CARTESIAN_POINT('',(-10.11398199814,-9.458734122635,
    11.329804845413));
#5552 = VECTOR('',#5553,1.);
#5553 = DIRECTION('',(-3.076740298214E-16,-0.5,-0.866025403784));
#5554 = PCURVE('',#2155,#5555);
#5555 = DEFINITIONAL_REPRESENTATION('',(#5556),#5559);
#5556 = B_SPLINE_CURVE_WITH_KNOTS('',1,(#5557,#5558),.UNSPECIFIED.,.F.,
  .F.,(2,2),(10.195780408782,13.082531754731),.PIECEWISE_BEZIER_KNOTS.);
#5557 = CARTESIAN_POINT('',(1.314371002032E-15,14.556624327026));
#5558 = CARTESIAN_POINT('',(2.5,16.));
#5559 = ( GEOMETRIC_REPRESENTATION_CONTEXT(2) 
PARAMETRIC_REPRESENTATION_CONTEXT() REPRESENTATION_CONTEXT('2D SPACE',''
  ) );
#5560 = PCURVE('',#2634,#5561);
#5561 = DEFINITIONAL_REPRESENTATION('',(#5562),#5565);
#5562 = B_SPLINE_CURVE_WITH_KNOTS('',1,(#5563,#5564),.UNSPECIFIED.,.F.,
  .F.,(2,2),(10.195780408782,13.082531754731),.PIECEWISE_BEZIER_KNOTS.);
#5563 = CARTESIAN_POINT('',(13.113248654052,-10.11398199814));
#5564 = CARTESIAN_POINT('',(16.,-10.11398199814));
#5565 = ( GEOMETRIC_REPRESENTATION_CONTEXT(2) 
PARAMETRIC_REPRESENTATION_CONTEXT() REPRESENTATION_CONTEXT('2D SPACE',''
  ) );
#5566 = ADVANCED_FACE('',(#5567),#2129,.F.);
#5567 = FACE_BOUND('',#5568,.F.);
#5568 = EDGE_LOOP('',(#5569,#5592,#5593,#5594));
#5569 = ORIENTED_EDGE('',*,*,#5570,.T.);
#5570 = EDGE_CURVE('',#5571,#2089,#5573,.T.);
#5571 = VERTEX_POINT('',#5572);
#5572 = CARTESIAN_POINT('',(-5.783854979219,-13.11324865405,5.));
#5573 = SURFACE_CURVE('',#5574,(#5578,#5585),.PCURVE_S1.);
#5574 = LINE('',#5575,#5576);
#5575 = CARTESIAN_POINT('',(-5.783854979219,-21.,5.));
#5576 = VECTOR('',#5577,1.);
#5577 = DIRECTION('',(0.,1.,0.));
#5578 = PCURVE('',#2129,#5579);
#5579 = DEFINITIONAL_REPRESENTATION('',(#5580),#5584);
#5580 = LINE('',#5581,#5582);
#5581 = CARTESIAN_POINT('',(-0.,21.));
#5582 = VECTOR('',#5583,1.);
#5583 = DIRECTION('',(0.,-1.));
#5584 = ( GEOMETRIC_REPRESENTATION_CONTEXT(2) 
PARAMETRIC_REPRESENTATION_CONTEXT() REPRESENTATION_CONTEXT('2D SPACE',''
  ) );
#5585 = PCURVE('',#2103,#5586);
#5586 = DEFINITIONAL_REPRESENTATION('',(#5587),#5591);
#5587 = LINE('',#5588,#5589);
#5588 = CARTESIAN_POINT('',(5.,21.));
#5589 = VECTOR('',#5590,1.);
#5590 = DIRECTION('',(0.,-1.));
#5591 = ( GEOMETRIC_REPRESENTATION_CONTEXT(2) 
PARAMETRIC_REPRESENTATION_CONTEXT() REPRESENTATION_CONTEXT('2D SPACE',''
  ) );
#5592 = ORIENTED_EDGE('',*,*,#2114,.F.);
#5593 = ORIENTED_EDGE('',*,*,#5479,.T.);
#5594 = ORIENTED_EDGE('',*,*,#5595,.F.);
#5595 = EDGE_CURVE('',#5571,#5480,#5596,.T.);
#5596 = SURFACE_CURVE('',#5597,(#5601,#5607),.PCURVE_S1.);
#5597 = LINE('',#5598,#5599);
#5598 = CARTESIAN_POINT('',(9.127673707912E-02,-11.15487141528,
    8.392008877929));
#5599 = VECTOR('',#5600,1.);
#5600 = DIRECTION('',(-0.832050294338,-0.277350098113,-0.480384461415));
#5601 = PCURVE('',#2129,#5602);
#5602 = DEFINITIONAL_REPRESENTATION('',(#5603),#5606);
#5603 = B_SPLINE_CURVE_WITH_KNOTS('',1,(#5604,#5605),.UNSPECIFIED.,.F.,
  .F.,(2,2),(7.061029551072,12.265194549738),.PIECEWISE_BEZIER_KNOTS.);
#5604 = CARTESIAN_POINT('',(2.947616805572E-16,13.113248654052));
#5605 = CARTESIAN_POINT('',(5.,14.556624327026));
#5606 = ( GEOMETRIC_REPRESENTATION_CONTEXT(2) 
PARAMETRIC_REPRESENTATION_CONTEXT() REPRESENTATION_CONTEXT('2D SPACE',''
  ) );
#5607 = PCURVE('',#2634,#5608);
#5608 = DEFINITIONAL_REPRESENTATION('',(#5609),#5612);
#5609 = B_SPLINE_CURVE_WITH_KNOTS('',1,(#5610,#5611),.UNSPECIFIED.,.F.,
  .F.,(2,2),(7.061029551072,12.265194549738),.PIECEWISE_BEZIER_KNOTS.);
#5610 = CARTESIAN_POINT('',(10.226497308104,-5.783854979219));
#5611 = CARTESIAN_POINT('',(13.113248654052,-10.11398199814));
#5612 = ( GEOMETRIC_REPRESENTATION_CONTEXT(2) 
PARAMETRIC_REPRESENTATION_CONTEXT() REPRESENTATION_CONTEXT('2D SPACE',''
  ) );
#5613 = ADVANCED_FACE('',(#5614),#2103,.F.);
#5614 = FACE_BOUND('',#5615,.F.);
#5615 = EDGE_LOOP('',(#5616,#5639,#5640,#5641));
#5616 = ORIENTED_EDGE('',*,*,#5617,.T.);
#5617 = EDGE_CURVE('',#5618,#2063,#5620,.T.);
#5618 = VERTEX_POINT('',#5619);
#5619 = CARTESIAN_POINT('',(-1.453727960297,-14.55662432702,2.5));
#5620 = SURFACE_CURVE('',#5621,(#5625,#5632),.PCURVE_S1.);
#5621 = LINE('',#5622,#5623);
#5622 = CARTESIAN_POINT('',(-1.453727960297,-21.,2.5));
#5623 = VECTOR('',#5624,1.);
#5624 = DIRECTION('',(0.,1.,0.));
#5625 = PCURVE('',#2103,#5626);
#5626 = DEFINITIONAL_REPRESENTATION('',(#5627),#5631);
#5627 = LINE('',#5628,#5629);
#5628 = CARTESIAN_POINT('',(0.,21.));
#5629 = VECTOR('',#5630,1.);
#5630 = DIRECTION('',(0.,-1.));
#5631 = ( GEOMETRIC_REPRESENTATION_CONTEXT(2) 
PARAMETRIC_REPRESENTATION_CONTEXT() REPRESENTATION_CONTEXT('2D SPACE',''
  ) );
#5632 = PCURVE('',#2077,#5633);
#5633 = DEFINITIONAL_REPRESENTATION('',(#5634),#5638);
#5634 = LINE('',#5635,#5636);
#5635 = CARTESIAN_POINT('',(5.,21.));
#5636 = VECTOR('',#5637,1.);
#5637 = DIRECTION('',(0.,-1.));
#5638 = ( GEOMETRIC_REPRESENTATION_CONTEXT(2) 
PARAMETRIC_REPRESENTATION_CONTEXT() REPRESENTATION_CONTEXT('2D SPACE',''
  ) );
#5639 = ORIENTED_EDGE('',*,*,#2088,.F.);
#5640 = ORIENTED_EDGE('',*,*,#5570,.F.);
#5641 = ORIENTED_EDGE('',*,*,#5642,.F.);
#5642 = EDGE_CURVE('',#5618,#5571,#5643,.T.);
#5643 = SURFACE_CURVE('',#5644,(#5648,#5654),.PCURVE_S1.);
#5644 = LINE('',#5645,#5646);
#5645 = CARTESIAN_POINT('',(-5.656259239632,-13.15578056724,
    4.926332565402));
#5646 = VECTOR('',#5647,1.);
#5647 = DIRECTION('',(-0.832050294338,0.277350098113,0.480384461415));
#5648 = PCURVE('',#2103,#5649);
#5649 = DEFINITIONAL_REPRESENTATION('',(#5650),#5653);
#5650 = B_SPLINE_CURVE_WITH_KNOTS('',1,(#5651,#5652),.UNSPECIFIED.,.F.,
  .F.,(2,2),(-5.050814004795,0.15335099387),.PIECEWISE_BEZIER_KNOTS.);
#5651 = CARTESIAN_POINT('',(-1.191362500177E-15,14.556624327026));
#5652 = CARTESIAN_POINT('',(5.,13.113248654052));
#5653 = ( GEOMETRIC_REPRESENTATION_CONTEXT(2) 
PARAMETRIC_REPRESENTATION_CONTEXT() REPRESENTATION_CONTEXT('2D SPACE',''
  ) );
#5654 = PCURVE('',#2634,#5655);
#5655 = DEFINITIONAL_REPRESENTATION('',(#5656),#5659);
#5656 = B_SPLINE_CURVE_WITH_KNOTS('',1,(#5657,#5658),.UNSPECIFIED.,.F.,
  .F.,(2,2),(-5.050814004795,0.15335099387),.PIECEWISE_BEZIER_KNOTS.);
#5657 = CARTESIAN_POINT('',(13.113248654052,-1.453727960297));
#5658 = CARTESIAN_POINT('',(10.226497308104,-5.783854979219));
#5659 = ( GEOMETRIC_REPRESENTATION_CONTEXT(2) 
PARAMETRIC_REPRESENTATION_CONTEXT() REPRESENTATION_CONTEXT('2D SPACE',''
  ) );
#5660 = ADVANCED_FACE('',(#5661),#2077,.F.);
#5661 = FACE_BOUND('',#5662,.F.);
#5662 = EDGE_LOOP('',(#5663,#5686,#5687,#5688,#5689,#5710));
#5663 = ORIENTED_EDGE('',*,*,#5664,.T.);
#5664 = EDGE_CURVE('',#5665,#3226,#5667,.T.);
#5665 = VERTEX_POINT('',#5666);
#5666 = CARTESIAN_POINT('',(-1.453727960297,-14.55662432702,-2.5));
#5667 = SURFACE_CURVE('',#5668,(#5672,#5679),.PCURVE_S1.);
#5668 = LINE('',#5669,#5670);
#5669 = CARTESIAN_POINT('',(-1.453727960297,-21.,-2.5));
#5670 = VECTOR('',#5671,1.);
#5671 = DIRECTION('',(0.,1.,0.));
#5672 = PCURVE('',#2077,#5673);
#5673 = DEFINITIONAL_REPRESENTATION('',(#5674),#5678);
#5674 = LINE('',#5675,#5676);
#5675 = CARTESIAN_POINT('',(0.,21.));
#5676 = VECTOR('',#5677,1.);
#5677 = DIRECTION('',(0.,-1.));
#5678 = ( GEOMETRIC_REPRESENTATION_CONTEXT(2) 
PARAMETRIC_REPRESENTATION_CONTEXT() REPRESENTATION_CONTEXT('2D SPACE',''
  ) );
#5679 = PCURVE('',#3240,#5680);
#5680 = DEFINITIONAL_REPRESENTATION('',(#5681),#5685);
#5681 = LINE('',#5682,#5683);
#5682 = CARTESIAN_POINT('',(5.,21.));
#5683 = VECTOR('',#5684,1.);
#5684 = DIRECTION('',(0.,-1.));
#5685 = ( GEOMETRIC_REPRESENTATION_CONTEXT(2) 
PARAMETRIC_REPRESENTATION_CONTEXT() REPRESENTATION_CONTEXT('2D SPACE',''
  ) );
#5686 = ORIENTED_EDGE('',*,*,#3251,.F.);
#5687 = ORIENTED_EDGE('',*,*,#2062,.F.);
#5688 = ORIENTED_EDGE('',*,*,#5617,.F.);
#5689 = ORIENTED_EDGE('',*,*,#5690,.F.);
#5690 = EDGE_CURVE('',#5691,#5618,#5693,.T.);
#5691 = VERTEX_POINT('',#5692);
#5692 = CARTESIAN_POINT('',(-1.453727960297,-16.,1.959434878636E-15));
#5693 = SURFACE_CURVE('',#5694,(#5698,#5704),.PCURVE_S1.);
#5694 = LINE('',#5695,#5696);
#5695 = CARTESIAN_POINT('',(-1.453727960297,-10.54126587736,
    9.454804845413));
#5696 = VECTOR('',#5697,1.);
#5697 = DIRECTION('',(1.538370149107E-16,0.5,0.866025403784));
#5698 = PCURVE('',#2077,#5699);
#5699 = DEFINITIONAL_REPRESENTATION('',(#5700),#5703);
#5700 = B_SPLINE_CURVE_WITH_KNOTS('',1,(#5701,#5702),.UNSPECIFIED.,.F.,
  .F.,(2,2),(-10.91746824526,-8.030716899321),.PIECEWISE_BEZIER_KNOTS.);
#5701 = CARTESIAN_POINT('',(2.5,16.));
#5702 = CARTESIAN_POINT('',(5.,14.556624327026));
#5703 = ( GEOMETRIC_REPRESENTATION_CONTEXT(2) 
PARAMETRIC_REPRESENTATION_CONTEXT() REPRESENTATION_CONTEXT('2D SPACE',''
  ) );
#5704 = PCURVE('',#2634,#5705);
#5705 = DEFINITIONAL_REPRESENTATION('',(#5706),#5709);
#5706 = B_SPLINE_CURVE_WITH_KNOTS('',1,(#5707,#5708),.UNSPECIFIED.,.F.,
  .F.,(2,2),(-10.91746824526,-8.030716899321),.PIECEWISE_BEZIER_KNOTS.);
#5707 = CARTESIAN_POINT('',(16.,-1.453727960297));
#5708 = CARTESIAN_POINT('',(13.113248654052,-1.453727960297));
#5709 = ( GEOMETRIC_REPRESENTATION_CONTEXT(2) 
PARAMETRIC_REPRESENTATION_CONTEXT() REPRESENTATION_CONTEXT('2D SPACE',''
  ) );
#5710 = ORIENTED_EDGE('',*,*,#5711,.F.);
#5711 = EDGE_CURVE('',#5665,#5691,#5712,.T.);
#5712 = SURFACE_CURVE('',#5713,(#5717,#5723),.PCURVE_S1.);
#5713 = LINE('',#5714,#5715);
#5714 = CARTESIAN_POINT('',(-1.453727960297,-13.45873412263,
    -4.401601615138));
#5715 = VECTOR('',#5716,1.);
#5716 = DIRECTION('',(1.538370149107E-16,-0.5,0.866025403784));
#5717 = PCURVE('',#2077,#5718);
#5718 = DEFINITIONAL_REPRESENTATION('',(#5719),#5722);
#5719 = B_SPLINE_CURVE_WITH_KNOTS('',1,(#5720,#5721),.UNSPECIFIED.,.F.,
  .F.,(2,2),(2.195780408782,5.082531754731),.PIECEWISE_BEZIER_KNOTS.);
#5720 = CARTESIAN_POINT('',(2.678337151957E-16,14.556624327026));
#5721 = CARTESIAN_POINT('',(2.5,16.));
#5722 = ( GEOMETRIC_REPRESENTATION_CONTEXT(2) 
PARAMETRIC_REPRESENTATION_CONTEXT() REPRESENTATION_CONTEXT('2D SPACE',''
  ) );
#5723 = PCURVE('',#2610,#5724);
#5724 = DEFINITIONAL_REPRESENTATION('',(#5725),#5728);
#5725 = B_SPLINE_CURVE_WITH_KNOTS('',1,(#5726,#5727),.UNSPECIFIED.,.F.,
  .F.,(2,2),(2.195780408782,5.082531754731),.PIECEWISE_BEZIER_KNOTS.);
#5726 = CARTESIAN_POINT('',(2.886751345948,-1.453727960297));
#5727 = CARTESIAN_POINT('',(0.,-1.453727960297));
#5728 = ( GEOMETRIC_REPRESENTATION_CONTEXT(2) 
PARAMETRIC_REPRESENTATION_CONTEXT() REPRESENTATION_CONTEXT('2D SPACE',''
  ) );
#5729 = ADVANCED_FACE('',(#5730),#2028,.F.);
#5730 = FACE_BOUND('',#5731,.F.);
#5731 = EDGE_LOOP('',(#5732,#5755,#5756,#5757,#5780,#5801));
#5732 = ORIENTED_EDGE('',*,*,#5733,.F.);
#5733 = EDGE_CURVE('',#1988,#5734,#5736,.T.);
#5734 = VERTEX_POINT('',#5735);
#5735 = CARTESIAN_POINT('',(0.624733008786,-14.55662432702,2.5));
#5736 = SURFACE_CURVE('',#5737,(#5741,#5748),.PCURVE_S1.);
#5737 = LINE('',#5738,#5739);
#5738 = CARTESIAN_POINT('',(0.624733008786,21.,2.5));
#5739 = VECTOR('',#5740,1.);
#5740 = DIRECTION('',(0.,-1.,0.));
#5741 = PCURVE('',#2028,#5742);
#5742 = DEFINITIONAL_REPRESENTATION('',(#5743),#5747);
#5743 = LINE('',#5744,#5745);
#5744 = CARTESIAN_POINT('',(0.,-21.));
#5745 = VECTOR('',#5746,1.);
#5746 = DIRECTION('',(-0.,1.));
#5747 = ( GEOMETRIC_REPRESENTATION_CONTEXT(2) 
PARAMETRIC_REPRESENTATION_CONTEXT() REPRESENTATION_CONTEXT('2D SPACE',''
  ) );
#5748 = PCURVE('',#2002,#5749);
#5749 = DEFINITIONAL_REPRESENTATION('',(#5750),#5754);
#5750 = LINE('',#5751,#5752);
#5751 = CARTESIAN_POINT('',(5.,-21.));
#5752 = VECTOR('',#5753,1.);
#5753 = DIRECTION('',(-0.,1.));
#5754 = ( GEOMETRIC_REPRESENTATION_CONTEXT(2) 
PARAMETRIC_REPRESENTATION_CONTEXT() REPRESENTATION_CONTEXT('2D SPACE',''
  ) );
#5755 = ORIENTED_EDGE('',*,*,#2013,.F.);
#5756 = ORIENTED_EDGE('',*,*,#3271,.F.);
#5757 = ORIENTED_EDGE('',*,*,#5758,.T.);
#5758 = EDGE_CURVE('',#3272,#5759,#5761,.T.);
#5759 = VERTEX_POINT('',#5760);
#5760 = CARTESIAN_POINT('',(0.624733008786,-14.55662432702,-2.5));
#5761 = SURFACE_CURVE('',#5762,(#5766,#5773),.PCURVE_S1.);
#5762 = LINE('',#5763,#5764);
#5763 = CARTESIAN_POINT('',(0.624733008786,21.,-2.5));
#5764 = VECTOR('',#5765,1.);
#5765 = DIRECTION('',(0.,-1.,0.));
#5766 = PCURVE('',#2028,#5767);
#5767 = DEFINITIONAL_REPRESENTATION('',(#5768),#5772);
#5768 = LINE('',#5769,#5770);
#5769 = CARTESIAN_POINT('',(5.,-21.));
#5770 = VECTOR('',#5771,1.);
#5771 = DIRECTION('',(-0.,1.));
#5772 = ( GEOMETRIC_REPRESENTATION_CONTEXT(2) 
PARAMETRIC_REPRESENTATION_CONTEXT() REPRESENTATION_CONTEXT('2D SPACE',''
  ) );
#5773 = PCURVE('',#3307,#5774);
#5774 = DEFINITIONAL_REPRESENTATION('',(#5775),#5779);
#5775 = LINE('',#5776,#5777);
#5776 = CARTESIAN_POINT('',(0.,-21.));
#5777 = VECTOR('',#5778,1.);
#5778 = DIRECTION('',(0.,1.));
#5779 = ( GEOMETRIC_REPRESENTATION_CONTEXT(2) 
PARAMETRIC_REPRESENTATION_CONTEXT() REPRESENTATION_CONTEXT('2D SPACE',''
  ) );
#5780 = ORIENTED_EDGE('',*,*,#5781,.F.);
#5781 = EDGE_CURVE('',#5782,#5759,#5784,.T.);
#5782 = VERTEX_POINT('',#5783);
#5783 = CARTESIAN_POINT('',(0.624733008786,-16.,1.959434878636E-15));
#5784 = SURFACE_CURVE('',#5785,(#5789,#5795),.PCURVE_S1.);
#5785 = LINE('',#5786,#5787);
#5786 = CARTESIAN_POINT('',(0.624733008786,-14.54126587736,
    -2.526601615138));
#5787 = VECTOR('',#5788,1.);
#5788 = DIRECTION('',(-3.076740298214E-16,0.5,-0.866025403784));
#5789 = PCURVE('',#2028,#5790);
#5790 = DEFINITIONAL_REPRESENTATION('',(#5791),#5794);
#5791 = B_SPLINE_CURVE_WITH_KNOTS('',1,(#5792,#5793),.UNSPECIFIED.,.F.,
  .F.,(2,2),(-2.917468245269,-3.071689932132E-02),
  .PIECEWISE_BEZIER_KNOTS.);
#5792 = CARTESIAN_POINT('',(2.5,16.));
#5793 = CARTESIAN_POINT('',(5.,14.556624327026));
#5794 = ( GEOMETRIC_REPRESENTATION_CONTEXT(2) 
PARAMETRIC_REPRESENTATION_CONTEXT() REPRESENTATION_CONTEXT('2D SPACE',''
  ) );
#5795 = PCURVE('',#2610,#5796);
#5796 = DEFINITIONAL_REPRESENTATION('',(#5797),#5800);
#5797 = B_SPLINE_CURVE_WITH_KNOTS('',1,(#5798,#5799),.UNSPECIFIED.,.F.,
  .F.,(2,2),(-2.917468245269,-3.071689932132E-02),
  .PIECEWISE_BEZIER_KNOTS.);
#5798 = CARTESIAN_POINT('',(0.,0.624733008786));
#5799 = CARTESIAN_POINT('',(2.886751345948,0.624733008786));
#5800 = ( GEOMETRIC_REPRESENTATION_CONTEXT(2) 
PARAMETRIC_REPRESENTATION_CONTEXT() REPRESENTATION_CONTEXT('2D SPACE',''
  ) );
#5801 = ORIENTED_EDGE('',*,*,#5802,.F.);
#5802 = EDGE_CURVE('',#5734,#5782,#5803,.T.);
#5803 = SURFACE_CURVE('',#5804,(#5808,#5814),.PCURVE_S1.);
#5804 = LINE('',#5805,#5806);
#5805 = CARTESIAN_POINT('',(0.624733008786,-9.458734122635,
    11.329804845413));
#5806 = VECTOR('',#5807,1.);
#5807 = DIRECTION('',(-3.076740298214E-16,-0.5,-0.866025403784));
#5808 = PCURVE('',#2028,#5809);
#5809 = DEFINITIONAL_REPRESENTATION('',(#5810),#5813);
#5810 = B_SPLINE_CURVE_WITH_KNOTS('',1,(#5811,#5812),.UNSPECIFIED.,.F.,
  .F.,(2,2),(10.195780408782,13.082531754731),.PIECEWISE_BEZIER_KNOTS.);
#5811 = CARTESIAN_POINT('',(1.314371002032E-15,14.556624327026));
#5812 = CARTESIAN_POINT('',(2.5,16.));
#5813 = ( GEOMETRIC_REPRESENTATION_CONTEXT(2) 
PARAMETRIC_REPRESENTATION_CONTEXT() REPRESENTATION_CONTEXT('2D SPACE',''
  ) );
#5814 = PCURVE('',#2634,#5815);
#5815 = DEFINITIONAL_REPRESENTATION('',(#5816),#5819);
#5816 = B_SPLINE_CURVE_WITH_KNOTS('',1,(#5817,#5818),.UNSPECIFIED.,.F.,
  .F.,(2,2),(10.195780408782,13.082531754731),.PIECEWISE_BEZIER_KNOTS.);
#5817 = CARTESIAN_POINT('',(13.113248654052,0.624733008786));
#5818 = CARTESIAN_POINT('',(16.,0.624733008786));
#5819 = ( GEOMETRIC_REPRESENTATION_CONTEXT(2) 
PARAMETRIC_REPRESENTATION_CONTEXT() REPRESENTATION_CONTEXT('2D SPACE',''
  ) );
#5820 = ADVANCED_FACE('',(#5821),#2002,.F.);
#5821 = FACE_BOUND('',#5822,.F.);
#5822 = EDGE_LOOP('',(#5823,#5846,#5847,#5848));
#5823 = ORIENTED_EDGE('',*,*,#5824,.T.);
#5824 = EDGE_CURVE('',#5825,#1962,#5827,.T.);
#5825 = VERTEX_POINT('',#5826);
#5826 = CARTESIAN_POINT('',(4.954860027708,-13.11324865405,5.));
#5827 = SURFACE_CURVE('',#5828,(#5832,#5839),.PCURVE_S1.);
#5828 = LINE('',#5829,#5830);
#5829 = CARTESIAN_POINT('',(4.954860027708,-21.,5.));
#5830 = VECTOR('',#5831,1.);
#5831 = DIRECTION('',(0.,1.,0.));
#5832 = PCURVE('',#2002,#5833);
#5833 = DEFINITIONAL_REPRESENTATION('',(#5834),#5838);
#5834 = LINE('',#5835,#5836);
#5835 = CARTESIAN_POINT('',(-0.,21.));
#5836 = VECTOR('',#5837,1.);
#5837 = DIRECTION('',(0.,-1.));
#5838 = ( GEOMETRIC_REPRESENTATION_CONTEXT(2) 
PARAMETRIC_REPRESENTATION_CONTEXT() REPRESENTATION_CONTEXT('2D SPACE',''
  ) );
#5839 = PCURVE('',#1976,#5840);
#5840 = DEFINITIONAL_REPRESENTATION('',(#5841),#5845);
#5841 = LINE('',#5842,#5843);
#5842 = CARTESIAN_POINT('',(5.,21.));
#5843 = VECTOR('',#5844,1.);
#5844 = DIRECTION('',(0.,-1.));
#5845 = ( GEOMETRIC_REPRESENTATION_CONTEXT(2) 
PARAMETRIC_REPRESENTATION_CONTEXT() REPRESENTATION_CONTEXT('2D SPACE',''
  ) );
#5846 = ORIENTED_EDGE('',*,*,#1987,.F.);
#5847 = ORIENTED_EDGE('',*,*,#5733,.T.);
#5848 = ORIENTED_EDGE('',*,*,#5849,.F.);
#5849 = EDGE_CURVE('',#5825,#5734,#5850,.T.);
#5850 = SURFACE_CURVE('',#5851,(#5855,#5861),.PCURVE_S1.);
#5851 = LINE('',#5852,#5853);
#5852 = CARTESIAN_POINT('',(7.112744241608,-12.39395391608,
    6.245855031775));
#5853 = VECTOR('',#5854,1.);
#5854 = DIRECTION('',(-0.832050294338,-0.277350098113,-0.480384461415));
#5855 = PCURVE('',#2002,#5856);
#5856 = DEFINITIONAL_REPRESENTATION('',(#5857),#5860);
#5857 = B_SPLINE_CURVE_WITH_KNOTS('',1,(#5858,#5859),.UNSPECIFIED.,.F.,
  .F.,(2,2),(2.59345405991,7.797619058576),.PIECEWISE_BEZIER_KNOTS.);
#5858 = CARTESIAN_POINT('',(-1.753542760859E-16,13.113248654052));
#5859 = CARTESIAN_POINT('',(5.,14.556624327026));
#5860 = ( GEOMETRIC_REPRESENTATION_CONTEXT(2) 
PARAMETRIC_REPRESENTATION_CONTEXT() REPRESENTATION_CONTEXT('2D SPACE',''
  ) );
#5861 = PCURVE('',#2634,#5862);
#5862 = DEFINITIONAL_REPRESENTATION('',(#5863),#5866);
#5863 = B_SPLINE_CURVE_WITH_KNOTS('',1,(#5864,#5865),.UNSPECIFIED.,.F.,
  .F.,(2,2),(2.59345405991,7.797619058576),.PIECEWISE_BEZIER_KNOTS.);
#5864 = CARTESIAN_POINT('',(10.226497308104,4.954860027708));
#5865 = CARTESIAN_POINT('',(13.113248654052,0.624733008786));
#5866 = ( GEOMETRIC_REPRESENTATION_CONTEXT(2) 
PARAMETRIC_REPRESENTATION_CONTEXT() REPRESENTATION_CONTEXT('2D SPACE',''
  ) );
#5867 = ADVANCED_FACE('',(#5868),#1976,.F.);
#5868 = FACE_BOUND('',#5869,.F.);
#5869 = EDGE_LOOP('',(#5870,#5893,#5894,#5895));
#5870 = ORIENTED_EDGE('',*,*,#5871,.T.);
#5871 = EDGE_CURVE('',#5872,#1936,#5874,.T.);
#5872 = VERTEX_POINT('',#5873);
#5873 = CARTESIAN_POINT('',(9.28498704663,-14.55662432702,2.5));
#5874 = SURFACE_CURVE('',#5875,(#5879,#5886),.PCURVE_S1.);
#5875 = LINE('',#5876,#5877);
#5876 = CARTESIAN_POINT('',(9.28498704663,-21.,2.5));
#5877 = VECTOR('',#5878,1.);
#5878 = DIRECTION('',(0.,1.,0.));
#5879 = PCURVE('',#1976,#5880);
#5880 = DEFINITIONAL_REPRESENTATION('',(#5881),#5885);
#5881 = LINE('',#5882,#5883);
#5882 = CARTESIAN_POINT('',(0.,21.));
#5883 = VECTOR('',#5884,1.);
#5884 = DIRECTION('',(0.,-1.));
#5885 = ( GEOMETRIC_REPRESENTATION_CONTEXT(2) 
PARAMETRIC_REPRESENTATION_CONTEXT() REPRESENTATION_CONTEXT('2D SPACE',''
  ) );
#5886 = PCURVE('',#1950,#5887);
#5887 = DEFINITIONAL_REPRESENTATION('',(#5888),#5892);
#5888 = LINE('',#5889,#5890);
#5889 = CARTESIAN_POINT('',(5.,21.));
#5890 = VECTOR('',#5891,1.);
#5891 = DIRECTION('',(0.,-1.));
#5892 = ( GEOMETRIC_REPRESENTATION_CONTEXT(2) 
PARAMETRIC_REPRESENTATION_CONTEXT() REPRESENTATION_CONTEXT('2D SPACE',''
  ) );
#5893 = ORIENTED_EDGE('',*,*,#1961,.F.);
#5894 = ORIENTED_EDGE('',*,*,#5824,.F.);
#5895 = ORIENTED_EDGE('',*,*,#5896,.F.);
#5896 = EDGE_CURVE('',#5872,#5825,#5897,.T.);
#5897 = SURFACE_CURVE('',#5898,(#5902,#5908),.PCURVE_S1.);
#5898 = LINE('',#5899,#5900);
#5899 = CARTESIAN_POINT('',(1.365208264897,-11.91669806644,
    7.072486411556));
#5900 = VECTOR('',#5901,1.);
#5901 = DIRECTION('',(-0.832050294338,0.277350098113,0.480384461415));
#5902 = PCURVE('',#1976,#5903);
#5903 = DEFINITIONAL_REPRESENTATION('',(#5904),#5907);
#5904 = B_SPLINE_CURVE_WITH_KNOTS('',1,(#5905,#5906),.UNSPECIFIED.,.F.,
  .F.,(2,2),(-9.518389495957,-4.314224497292),.PIECEWISE_BEZIER_KNOTS.);
#5905 = CARTESIAN_POINT('',(-1.339343933403E-15,14.556624327026));
#5906 = CARTESIAN_POINT('',(5.,13.113248654052));
#5907 = ( GEOMETRIC_REPRESENTATION_CONTEXT(2) 
PARAMETRIC_REPRESENTATION_CONTEXT() REPRESENTATION_CONTEXT('2D SPACE',''
  ) );
#5908 = PCURVE('',#2634,#5909);
#5909 = DEFINITIONAL_REPRESENTATION('',(#5910),#5913);
#5910 = B_SPLINE_CURVE_WITH_KNOTS('',1,(#5911,#5912),.UNSPECIFIED.,.F.,
  .F.,(2,2),(-9.518389495957,-4.314224497292),.PIECEWISE_BEZIER_KNOTS.);
#5911 = CARTESIAN_POINT('',(13.113248654052,9.28498704663));
#5912 = CARTESIAN_POINT('',(10.226497308104,4.954860027708));
#5913 = ( GEOMETRIC_REPRESENTATION_CONTEXT(2) 
PARAMETRIC_REPRESENTATION_CONTEXT() REPRESENTATION_CONTEXT('2D SPACE',''
  ) );
#5914 = ADVANCED_FACE('',(#5915),#1950,.F.);
#5915 = FACE_BOUND('',#5916,.F.);
#5916 = EDGE_LOOP('',(#5917,#5940,#5941,#5942,#5943,#5964));
#5917 = ORIENTED_EDGE('',*,*,#5918,.T.);
#5918 = EDGE_CURVE('',#5919,#3319,#5921,.T.);
#5919 = VERTEX_POINT('',#5920);
#5920 = CARTESIAN_POINT('',(9.28498704663,-14.55662432702,-2.5));
#5921 = SURFACE_CURVE('',#5922,(#5926,#5933),.PCURVE_S1.);
#5922 = LINE('',#5923,#5924);
#5923 = CARTESIAN_POINT('',(9.28498704663,-21.,-2.5));
#5924 = VECTOR('',#5925,1.);
#5925 = DIRECTION('',(0.,1.,0.));
#5926 = PCURVE('',#1950,#5927);
#5927 = DEFINITIONAL_REPRESENTATION('',(#5928),#5932);
#5928 = LINE('',#5929,#5930);
#5929 = CARTESIAN_POINT('',(0.,21.));
#5930 = VECTOR('',#5931,1.);
#5931 = DIRECTION('',(0.,-1.));
#5932 = ( GEOMETRIC_REPRESENTATION_CONTEXT(2) 
PARAMETRIC_REPRESENTATION_CONTEXT() REPRESENTATION_CONTEXT('2D SPACE',''
  ) );
#5933 = PCURVE('',#3333,#5934);
#5934 = DEFINITIONAL_REPRESENTATION('',(#5935),#5939);
#5935 = LINE('',#5936,#5937);
#5936 = CARTESIAN_POINT('',(5.,21.));
#5937 = VECTOR('',#5938,1.);
#5938 = DIRECTION('',(0.,-1.));
#5939 = ( GEOMETRIC_REPRESENTATION_CONTEXT(2) 
PARAMETRIC_REPRESENTATION_CONTEXT() REPRESENTATION_CONTEXT('2D SPACE',''
  ) );
#5940 = ORIENTED_EDGE('',*,*,#3344,.F.);
#5941 = ORIENTED_EDGE('',*,*,#1935,.F.);
#5942 = ORIENTED_EDGE('',*,*,#5871,.F.);
#5943 = ORIENTED_EDGE('',*,*,#5944,.F.);
#5944 = EDGE_CURVE('',#5945,#5872,#5947,.T.);
#5945 = VERTEX_POINT('',#5946);
#5946 = CARTESIAN_POINT('',(9.28498704663,-16.,1.959434878636E-15));
#5947 = SURFACE_CURVE('',#5948,(#5952,#5958),.PCURVE_S1.);
#5948 = LINE('',#5949,#5950);
#5949 = CARTESIAN_POINT('',(9.28498704663,-10.54126587736,9.454804845413
    ));
#5950 = VECTOR('',#5951,1.);
#5951 = DIRECTION('',(1.538370149107E-16,0.5,0.866025403784));
#5952 = PCURVE('',#1950,#5953);
#5953 = DEFINITIONAL_REPRESENTATION('',(#5954),#5957);
#5954 = B_SPLINE_CURVE_WITH_KNOTS('',1,(#5955,#5956),.UNSPECIFIED.,.F.,
  .F.,(2,2),(-10.91746824526,-8.030716899321),.PIECEWISE_BEZIER_KNOTS.);
#5955 = CARTESIAN_POINT('',(2.5,16.));
#5956 = CARTESIAN_POINT('',(5.,14.556624327026));
#5957 = ( GEOMETRIC_REPRESENTATION_CONTEXT(2) 
PARAMETRIC_REPRESENTATION_CONTEXT() REPRESENTATION_CONTEXT('2D SPACE',''
  ) );
#5958 = PCURVE('',#2634,#5959);
#5959 = DEFINITIONAL_REPRESENTATION('',(#5960),#5963);
#5960 = B_SPLINE_CURVE_WITH_KNOTS('',1,(#5961,#5962),.UNSPECIFIED.,.F.,
  .F.,(2,2),(-10.91746824526,-8.030716899321),.PIECEWISE_BEZIER_KNOTS.);
#5961 = CARTESIAN_POINT('',(16.,9.28498704663));
#5962 = CARTESIAN_POINT('',(13.113248654052,9.28498704663));
#5963 = ( GEOMETRIC_REPRESENTATION_CONTEXT(2) 
PARAMETRIC_REPRESENTATION_CONTEXT() REPRESENTATION_CONTEXT('2D SPACE',''
  ) );
#5964 = ORIENTED_EDGE('',*,*,#5965,.F.);
#5965 = EDGE_CURVE('',#5919,#5945,#5966,.T.);
#5966 = SURFACE_CURVE('',#5967,(#5971,#5977),.PCURVE_S1.);
#5967 = LINE('',#5968,#5969);
#5968 = CARTESIAN_POINT('',(9.28498704663,-13.45873412263,
    -4.401601615138));
#5969 = VECTOR('',#5970,1.);
#5970 = DIRECTION('',(1.538370149107E-16,-0.5,0.866025403784));
#5971 = PCURVE('',#1950,#5972);
#5972 = DEFINITIONAL_REPRESENTATION('',(#5973),#5976);
#5973 = B_SPLINE_CURVE_WITH_KNOTS('',1,(#5974,#5975),.UNSPECIFIED.,.F.,
  .F.,(2,2),(2.195780408782,5.082531754731),.PIECEWISE_BEZIER_KNOTS.);
#5974 = CARTESIAN_POINT('',(1.48840370049E-16,14.556624327026));
#5975 = CARTESIAN_POINT('',(2.5,16.));
#5976 = ( GEOMETRIC_REPRESENTATION_CONTEXT(2) 
PARAMETRIC_REPRESENTATION_CONTEXT() REPRESENTATION_CONTEXT('2D SPACE',''
  ) );
#5977 = PCURVE('',#2610,#5978);
#5978 = DEFINITIONAL_REPRESENTATION('',(#5979),#5982);
#5979 = B_SPLINE_CURVE_WITH_KNOTS('',1,(#5980,#5981),.UNSPECIFIED.,.F.,
  .F.,(2,2),(2.195780408782,5.082531754731),.PIECEWISE_BEZIER_KNOTS.);
#5980 = CARTESIAN_POINT('',(2.886751345948,9.28498704663));
#5981 = CARTESIAN_POINT('',(0.,9.28498704663));
#5982 = ( GEOMETRIC_REPRESENTATION_CONTEXT(2) 
PARAMETRIC_REPRESENTATION_CONTEXT() REPRESENTATION_CONTEXT('2D SPACE',''
  ) );
#5983 = ADVANCED_FACE('',(#5984),#1901,.F.);
#5984 = FACE_BOUND('',#5985,.F.);
#5985 = EDGE_LOOP('',(#5986,#6009,#6010,#6011,#6034,#6055));
#5986 = ORIENTED_EDGE('',*,*,#5987,.F.);
#5987 = EDGE_CURVE('',#1861,#5988,#5990,.T.);
#5988 = VERTEX_POINT('',#5989);
#5989 = CARTESIAN_POINT('',(11.363448015713,-14.55662432702,2.5));
#5990 = SURFACE_CURVE('',#5991,(#5995,#6002),.PCURVE_S1.);
#5991 = LINE('',#5992,#5993);
#5992 = CARTESIAN_POINT('',(11.363448015713,21.,2.5));
#5993 = VECTOR('',#5994,1.);
#5994 = DIRECTION('',(0.,-1.,0.));
#5995 = PCURVE('',#1901,#5996);
#5996 = DEFINITIONAL_REPRESENTATION('',(#5997),#6001);
#5997 = LINE('',#5998,#5999);
#5998 = CARTESIAN_POINT('',(0.,-21.));
#5999 = VECTOR('',#6000,1.);
#6000 = DIRECTION('',(-0.,1.));
#6001 = ( GEOMETRIC_REPRESENTATION_CONTEXT(2) 
PARAMETRIC_REPRESENTATION_CONTEXT() REPRESENTATION_CONTEXT('2D SPACE',''
  ) );
#6002 = PCURVE('',#1875,#6003);
#6003 = DEFINITIONAL_REPRESENTATION('',(#6004),#6008);
#6004 = LINE('',#6005,#6006);
#6005 = CARTESIAN_POINT('',(5.,-21.));
#6006 = VECTOR('',#6007,1.);
#6007 = DIRECTION('',(-0.,1.));
#6008 = ( GEOMETRIC_REPRESENTATION_CONTEXT(2) 
PARAMETRIC_REPRESENTATION_CONTEXT() REPRESENTATION_CONTEXT('2D SPACE',''
  ) );
#6009 = ORIENTED_EDGE('',*,*,#1886,.F.);
#6010 = ORIENTED_EDGE('',*,*,#3364,.F.);
#6011 = ORIENTED_EDGE('',*,*,#6012,.T.);
#6012 = EDGE_CURVE('',#3365,#6013,#6015,.T.);
#6013 = VERTEX_POINT('',#6014);
#6014 = CARTESIAN_POINT('',(11.363448015713,-14.55662432702,-2.5));
#6015 = SURFACE_CURVE('',#6016,(#6020,#6027),.PCURVE_S1.);
#6016 = LINE('',#6017,#6018);
#6017 = CARTESIAN_POINT('',(11.363448015713,21.,-2.5));
#6018 = VECTOR('',#6019,1.);
#6019 = DIRECTION('',(0.,-1.,0.));
#6020 = PCURVE('',#1901,#6021);
#6021 = DEFINITIONAL_REPRESENTATION('',(#6022),#6026);
#6022 = LINE('',#6023,#6024);
#6023 = CARTESIAN_POINT('',(5.,-21.));
#6024 = VECTOR('',#6025,1.);
#6025 = DIRECTION('',(-0.,1.));
#6026 = ( GEOMETRIC_REPRESENTATION_CONTEXT(2) 
PARAMETRIC_REPRESENTATION_CONTEXT() REPRESENTATION_CONTEXT('2D SPACE',''
  ) );
#6027 = PCURVE('',#3400,#6028);
#6028 = DEFINITIONAL_REPRESENTATION('',(#6029),#6033);
#6029 = LINE('',#6030,#6031);
#6030 = CARTESIAN_POINT('',(0.,-21.));
#6031 = VECTOR('',#6032,1.);
#6032 = DIRECTION('',(0.,1.));
#6033 = ( GEOMETRIC_REPRESENTATION_CONTEXT(2) 
PARAMETRIC_REPRESENTATION_CONTEXT() REPRESENTATION_CONTEXT('2D SPACE',''
  ) );
#6034 = ORIENTED_EDGE('',*,*,#6035,.F.);
#6035 = EDGE_CURVE('',#6036,#6013,#6038,.T.);
#6036 = VERTEX_POINT('',#6037);
#6037 = CARTESIAN_POINT('',(11.363448015713,-16.,1.959434878636E-15));
#6038 = SURFACE_CURVE('',#6039,(#6043,#6049),.PCURVE_S1.);
#6039 = LINE('',#6040,#6041);
#6040 = CARTESIAN_POINT('',(11.363448015713,-14.54126587736,
    -2.526601615138));
#6041 = VECTOR('',#6042,1.);
#6042 = DIRECTION('',(-3.076740298214E-16,0.5,-0.866025403784));
#6043 = PCURVE('',#1901,#6044);
#6044 = DEFINITIONAL_REPRESENTATION('',(#6045),#6048);
#6045 = B_SPLINE_CURVE_WITH_KNOTS('',1,(#6046,#6047),.UNSPECIFIED.,.F.,
  .F.,(2,2),(-2.917468245269,-3.071689932132E-02),
  .PIECEWISE_BEZIER_KNOTS.);
#6046 = CARTESIAN_POINT('',(2.5,16.));
#6047 = CARTESIAN_POINT('',(5.,14.556624327026));
#6048 = ( GEOMETRIC_REPRESENTATION_CONTEXT(2) 
PARAMETRIC_REPRESENTATION_CONTEXT() REPRESENTATION_CONTEXT('2D SPACE',''
  ) );
#6049 = PCURVE('',#2610,#6050);
#6050 = DEFINITIONAL_REPRESENTATION('',(#6051),#6054);
#6051 = B_SPLINE_CURVE_WITH_KNOTS('',1,(#6052,#6053),.UNSPECIFIED.,.F.,
  .F.,(2,2),(-2.917468245269,-3.071689932132E-02),
  .PIECEWISE_BEZIER_KNOTS.);
#6052 = CARTESIAN_POINT('',(0.,11.363448015713));
#6053 = CARTESIAN_POINT('',(2.886751345948,11.363448015713));
#6054 = ( GEOMETRIC_REPRESENTATION_CONTEXT(2) 
PARAMETRIC_REPRESENTATION_CONTEXT() REPRESENTATION_CONTEXT('2D SPACE',''
  ) );
#6055 = ORIENTED_EDGE('',*,*,#6056,.F.);
#6056 = EDGE_CURVE('',#5988,#6036,#6057,.T.);
#6057 = SURFACE_CURVE('',#6058,(#6062,#6068),.PCURVE_S1.);
#6058 = LINE('',#6059,#6060);
#6059 = CARTESIAN_POINT('',(11.363448015713,-9.458734122635,
    11.329804845413));
#6060 = VECTOR('',#6061,1.);
#6061 = DIRECTION('',(-3.076740298214E-16,-0.5,-0.866025403784));
#6062 = PCURVE('',#1901,#6063);
#6063 = DEFINITIONAL_REPRESENTATION('',(#6064),#6067);
#6064 = B_SPLINE_CURVE_WITH_KNOTS('',1,(#6065,#6066),.UNSPECIFIED.,.F.,
  .F.,(2,2),(10.195780408782,13.082531754731),.PIECEWISE_BEZIER_KNOTS.);
#6065 = CARTESIAN_POINT('',(1.790344382619E-15,14.556624327026));
#6066 = CARTESIAN_POINT('',(2.5,16.));
#6067 = ( GEOMETRIC_REPRESENTATION_CONTEXT(2) 
PARAMETRIC_REPRESENTATION_CONTEXT() REPRESENTATION_CONTEXT('2D SPACE',''
  ) );
#6068 = PCURVE('',#2634,#6069);
#6069 = DEFINITIONAL_REPRESENTATION('',(#6070),#6073);
#6070 = B_SPLINE_CURVE_WITH_KNOTS('',1,(#6071,#6072),.UNSPECIFIED.,.F.,
  .F.,(2,2),(10.195780408782,13.082531754731),.PIECEWISE_BEZIER_KNOTS.);
#6071 = CARTESIAN_POINT('',(13.113248654052,11.363448015713));
#6072 = CARTESIAN_POINT('',(16.,11.363448015713));
#6073 = ( GEOMETRIC_REPRESENTATION_CONTEXT(2) 
PARAMETRIC_REPRESENTATION_CONTEXT() REPRESENTATION_CONTEXT('2D SPACE',''
  ) );
#6074 = ADVANCED_FACE('',(#6075),#1875,.F.);
#6075 = FACE_BOUND('',#6076,.F.);
#6076 = EDGE_LOOP('',(#6077,#6100,#6101,#6102));
#6077 = ORIENTED_EDGE('',*,*,#6078,.T.);
#6078 = EDGE_CURVE('',#6079,#1835,#6081,.T.);
#6079 = VERTEX_POINT('',#6080);
#6080 = CARTESIAN_POINT('',(15.693575034635,-13.11324865405,5.));
#6081 = SURFACE_CURVE('',#6082,(#6086,#6093),.PCURVE_S1.);
#6082 = LINE('',#6083,#6084);
#6083 = CARTESIAN_POINT('',(15.693575034635,-21.,5.));
#6084 = VECTOR('',#6085,1.);
#6085 = DIRECTION('',(0.,1.,0.));
#6086 = PCURVE('',#1875,#6087);
#6087 = DEFINITIONAL_REPRESENTATION('',(#6088),#6092);
#6088 = LINE('',#6089,#6090);
#6089 = CARTESIAN_POINT('',(-0.,21.));
#6090 = VECTOR('',#6091,1.);
#6091 = DIRECTION('',(0.,-1.));
#6092 = ( GEOMETRIC_REPRESENTATION_CONTEXT(2) 
PARAMETRIC_REPRESENTATION_CONTEXT() REPRESENTATION_CONTEXT('2D SPACE',''
  ) );
#6093 = PCURVE('',#1849,#6094);
#6094 = DEFINITIONAL_REPRESENTATION('',(#6095),#6099);
#6095 = LINE('',#6096,#6097);
#6096 = CARTESIAN_POINT('',(5.,21.));
#6097 = VECTOR('',#6098,1.);
#6098 = DIRECTION('',(0.,-1.));
#6099 = ( GEOMETRIC_REPRESENTATION_CONTEXT(2) 
PARAMETRIC_REPRESENTATION_CONTEXT() REPRESENTATION_CONTEXT('2D SPACE',''
  ) );
#6100 = ORIENTED_EDGE('',*,*,#1860,.F.);
#6101 = ORIENTED_EDGE('',*,*,#5987,.T.);
#6102 = ORIENTED_EDGE('',*,*,#6103,.F.);
#6103 = EDGE_CURVE('',#6079,#5988,#6104,.T.);
#6104 = SURFACE_CURVE('',#6105,(#6109,#6115),.PCURVE_S1.);
#6105 = LINE('',#6106,#6107);
#6106 = CARTESIAN_POINT('',(14.134211746138,-13.63303641688,
    4.099701185621));
#6107 = VECTOR('',#6108,1.);
#6108 = DIRECTION('',(-0.832050294338,-0.277350098113,-0.480384461415));
#6109 = PCURVE('',#1875,#6110);
#6110 = DEFINITIONAL_REPRESENTATION('',(#6111),#6114);
#6111 = B_SPLINE_CURVE_WITH_KNOTS('',1,(#6112,#6113),.UNSPECIFIED.,.F.,
  .F.,(2,2),(-1.874121431251,3.330043567414),.PIECEWISE_BEZIER_KNOTS.);
#6112 = CARTESIAN_POINT('',(-4.756919219892E-16,13.113248654052));
#6113 = CARTESIAN_POINT('',(5.,14.556624327026));
#6114 = ( GEOMETRIC_REPRESENTATION_CONTEXT(2) 
PARAMETRIC_REPRESENTATION_CONTEXT() REPRESENTATION_CONTEXT('2D SPACE',''
  ) );
#6115 = PCURVE('',#2634,#6116);
#6116 = DEFINITIONAL_REPRESENTATION('',(#6117),#6120);
#6117 = B_SPLINE_CURVE_WITH_KNOTS('',1,(#6118,#6119),.UNSPECIFIED.,.F.,
  .F.,(2,2),(-1.874121431251,3.330043567414),.PIECEWISE_BEZIER_KNOTS.);
#6118 = CARTESIAN_POINT('',(10.226497308104,15.693575034635));
#6119 = CARTESIAN_POINT('',(13.113248654052,11.363448015713));
#6120 = ( GEOMETRIC_REPRESENTATION_CONTEXT(2) 
PARAMETRIC_REPRESENTATION_CONTEXT() REPRESENTATION_CONTEXT('2D SPACE',''
  ) );
#6121 = ADVANCED_FACE('',(#6122),#1849,.F.);
#6122 = FACE_BOUND('',#6123,.F.);
#6123 = EDGE_LOOP('',(#6124,#6147,#6148,#6149));
#6124 = ORIENTED_EDGE('',*,*,#6125,.T.);
#6125 = EDGE_CURVE('',#6126,#1809,#6128,.T.);
#6126 = VERTEX_POINT('',#6127);
#6127 = CARTESIAN_POINT('',(20.023702053557,-14.55662432702,2.5));
#6128 = SURFACE_CURVE('',#6129,(#6133,#6140),.PCURVE_S1.);
#6129 = LINE('',#6130,#6131);
#6130 = CARTESIAN_POINT('',(20.023702053557,-21.,2.5));
#6131 = VECTOR('',#6132,1.);
#6132 = DIRECTION('',(0.,1.,0.));
#6133 = PCURVE('',#1849,#6134);
#6134 = DEFINITIONAL_REPRESENTATION('',(#6135),#6139);
#6135 = LINE('',#6136,#6137);
#6136 = CARTESIAN_POINT('',(0.,21.));
#6137 = VECTOR('',#6138,1.);
#6138 = DIRECTION('',(0.,-1.));
#6139 = ( GEOMETRIC_REPRESENTATION_CONTEXT(2) 
PARAMETRIC_REPRESENTATION_CONTEXT() REPRESENTATION_CONTEXT('2D SPACE',''
  ) );
#6140 = PCURVE('',#1823,#6141);
#6141 = DEFINITIONAL_REPRESENTATION('',(#6142),#6146);
#6142 = LINE('',#6143,#6144);
#6143 = CARTESIAN_POINT('',(5.,21.));
#6144 = VECTOR('',#6145,1.);
#6145 = DIRECTION('',(0.,-1.));
#6146 = ( GEOMETRIC_REPRESENTATION_CONTEXT(2) 
PARAMETRIC_REPRESENTATION_CONTEXT() REPRESENTATION_CONTEXT('2D SPACE',''
  ) );
#6147 = ORIENTED_EDGE('',*,*,#1834,.F.);
#6148 = ORIENTED_EDGE('',*,*,#6078,.F.);
#6149 = ORIENTED_EDGE('',*,*,#6150,.F.);
#6150 = EDGE_CURVE('',#6126,#6079,#6151,.T.);
#6151 = SURFACE_CURVE('',#6152,(#6156,#6162),.PCURVE_S1.);
#6152 = LINE('',#6153,#6154);
#6153 = CARTESIAN_POINT('',(8.386675769426,-10.67761556564,9.21864025771
    ));
#6154 = VECTOR('',#6155,1.);
#6155 = DIRECTION('',(-0.832050294338,0.277350098113,0.480384461415));
#6156 = PCURVE('',#1849,#6157);
#6157 = DEFINITIONAL_REPRESENTATION('',(#6158),#6161);
#6158 = B_SPLINE_CURVE_WITH_KNOTS('',1,(#6159,#6160),.UNSPECIFIED.,.F.,
  .F.,(2,2),(-13.98596498711,-8.781799988453),.PIECEWISE_BEZIER_KNOTS.);
#6159 = CARTESIAN_POINT('',(-2.236127001834E-15,14.556624327026));
#6160 = CARTESIAN_POINT('',(5.,13.113248654052));
#6161 = ( GEOMETRIC_REPRESENTATION_CONTEXT(2) 
PARAMETRIC_REPRESENTATION_CONTEXT() REPRESENTATION_CONTEXT('2D SPACE',''
  ) );
#6162 = PCURVE('',#2634,#6163);
#6163 = DEFINITIONAL_REPRESENTATION('',(#6164),#6167);
#6164 = B_SPLINE_CURVE_WITH_KNOTS('',1,(#6165,#6166),.UNSPECIFIED.,.F.,
  .F.,(2,2),(-13.98596498711,-8.781799988453),.PIECEWISE_BEZIER_KNOTS.);
#6165 = CARTESIAN_POINT('',(13.113248654052,20.023702053557));
#6166 = CARTESIAN_POINT('',(10.226497308104,15.693575034635));
#6167 = ( GEOMETRIC_REPRESENTATION_CONTEXT(2) 
PARAMETRIC_REPRESENTATION_CONTEXT() REPRESENTATION_CONTEXT('2D SPACE',''
  ) );
#6168 = ADVANCED_FACE('',(#6169),#1823,.F.);
#6169 = FACE_BOUND('',#6170,.F.);
#6170 = EDGE_LOOP('',(#6171,#6194,#6195,#6196,#6197,#6218));
#6171 = ORIENTED_EDGE('',*,*,#6172,.T.);
#6172 = EDGE_CURVE('',#6173,#3412,#6175,.T.);
#6173 = VERTEX_POINT('',#6174);
#6174 = CARTESIAN_POINT('',(20.023702053557,-14.55662432702,-2.5));
#6175 = SURFACE_CURVE('',#6176,(#6180,#6187),.PCURVE_S1.);
#6176 = LINE('',#6177,#6178);
#6177 = CARTESIAN_POINT('',(20.023702053557,-21.,-2.5));
#6178 = VECTOR('',#6179,1.);
#6179 = DIRECTION('',(0.,1.,0.));
#6180 = PCURVE('',#1823,#6181);
#6181 = DEFINITIONAL_REPRESENTATION('',(#6182),#6186);
#6182 = LINE('',#6183,#6184);
#6183 = CARTESIAN_POINT('',(0.,21.));
#6184 = VECTOR('',#6185,1.);
#6185 = DIRECTION('',(0.,-1.));
#6186 = ( GEOMETRIC_REPRESENTATION_CONTEXT(2) 
PARAMETRIC_REPRESENTATION_CONTEXT() REPRESENTATION_CONTEXT('2D SPACE',''
  ) );
#6187 = PCURVE('',#3426,#6188);
#6188 = DEFINITIONAL_REPRESENTATION('',(#6189),#6193);
#6189 = LINE('',#6190,#6191);
#6190 = CARTESIAN_POINT('',(5.,21.));
#6191 = VECTOR('',#6192,1.);
#6192 = DIRECTION('',(0.,-1.));
#6193 = ( GEOMETRIC_REPRESENTATION_CONTEXT(2) 
PARAMETRIC_REPRESENTATION_CONTEXT() REPRESENTATION_CONTEXT('2D SPACE',''
  ) );
#6194 = ORIENTED_EDGE('',*,*,#3437,.F.);
#6195 = ORIENTED_EDGE('',*,*,#1808,.F.);
#6196 = ORIENTED_EDGE('',*,*,#6125,.F.);
#6197 = ORIENTED_EDGE('',*,*,#6198,.F.);
#6198 = EDGE_CURVE('',#6199,#6126,#6201,.T.);
#6199 = VERTEX_POINT('',#6200);
#6200 = CARTESIAN_POINT('',(20.023702053557,-16.,1.959434878636E-15));
#6201 = SURFACE_CURVE('',#6202,(#6206,#6212),.PCURVE_S1.);
#6202 = LINE('',#6203,#6204);
#6203 = CARTESIAN_POINT('',(20.023702053557,-10.54126587736,
    9.454804845413));
#6204 = VECTOR('',#6205,1.);
#6205 = DIRECTION('',(1.538370149107E-16,0.5,0.866025403784));
#6206 = PCURVE('',#1823,#6207);
#6207 = DEFINITIONAL_REPRESENTATION('',(#6208),#6211);
#6208 = B_SPLINE_CURVE_WITH_KNOTS('',1,(#6209,#6210),.UNSPECIFIED.,.F.,
  .F.,(2,2),(-10.91746824526,-8.030716899321),.PIECEWISE_BEZIER_KNOTS.);
#6209 = CARTESIAN_POINT('',(2.5,16.));
#6210 = CARTESIAN_POINT('',(5.,14.556624327026));
#6211 = ( GEOMETRIC_REPRESENTATION_CONTEXT(2) 
PARAMETRIC_REPRESENTATION_CONTEXT() REPRESENTATION_CONTEXT('2D SPACE',''
  ) );
#6212 = PCURVE('',#2634,#6213);
#6213 = DEFINITIONAL_REPRESENTATION('',(#6214),#6217);
#6214 = B_SPLINE_CURVE_WITH_KNOTS('',1,(#6215,#6216),.UNSPECIFIED.,.F.,
  .F.,(2,2),(-10.91746824526,-8.030716899321),.PIECEWISE_BEZIER_KNOTS.);
#6215 = CARTESIAN_POINT('',(16.,20.023702053557));
#6216 = CARTESIAN_POINT('',(13.113248654052,20.023702053557));
#6217 = ( GEOMETRIC_REPRESENTATION_CONTEXT(2) 
PARAMETRIC_REPRESENTATION_CONTEXT() REPRESENTATION_CONTEXT('2D SPACE',''
  ) );
#6218 = ORIENTED_EDGE('',*,*,#6219,.F.);
#6219 = EDGE_CURVE('',#6173,#6199,#6220,.T.);
#6220 = SURFACE_CURVE('',#6221,(#6225,#6231),.PCURVE_S1.);
#6221 = LINE('',#6222,#6223);
#6222 = CARTESIAN_POINT('',(20.023702053557,-13.45873412263,
    -4.401601615138));
#6223 = VECTOR('',#6224,1.);
#6224 = DIRECTION('',(1.538370149107E-16,-0.5,0.866025403784));
#6225 = PCURVE('',#1823,#6226);
#6226 = DEFINITIONAL_REPRESENTATION('',(#6227),#6230);
#6227 = B_SPLINE_CURVE_WITH_KNOTS('',1,(#6228,#6229),.UNSPECIFIED.,.F.,
  .F.,(2,2),(2.195780408782,5.082531754731),.PIECEWISE_BEZIER_KNOTS.);
#6228 = CARTESIAN_POINT('',(1.48840370049E-16,14.556624327026));
#6229 = CARTESIAN_POINT('',(2.5,16.));
#6230 = ( GEOMETRIC_REPRESENTATION_CONTEXT(2) 
PARAMETRIC_REPRESENTATION_CONTEXT() REPRESENTATION_CONTEXT('2D SPACE',''
  ) );
#6231 = PCURVE('',#2610,#6232);
#6232 = DEFINITIONAL_REPRESENTATION('',(#6233),#6236);
#6233 = B_SPLINE_CURVE_WITH_KNOTS('',1,(#6234,#6235),.UNSPECIFIED.,.F.,
  .F.,(2,2),(2.195780408782,5.082531754731),.PIECEWISE_BEZIER_KNOTS.);
#6234 = CARTESIAN_POINT('',(2.886751345948,20.023702053557));
#6235 = CARTESIAN_POINT('',(0.,20.023702053557));
#6236 = ( GEOMETRIC_REPRESENTATION_CONTEXT(2) 
PARAMETRIC_REPRESENTATION_CONTEXT() REPRESENTATION_CONTEXT('2D SPACE',''
  ) );
#6237 = ADVANCED_FACE('',(#6238),#1774,.F.);
#6238 = FACE_BOUND('',#6239,.F.);
#6239 = EDGE_LOOP('',(#6240,#6263,#6264,#6265,#6288,#6309));
#6240 = ORIENTED_EDGE('',*,*,#6241,.F.);
#6241 = EDGE_CURVE('',#1734,#6242,#6244,.T.);
#6242 = VERTEX_POINT('',#6243);
#6243 = CARTESIAN_POINT('',(22.10216302264,-14.55662432702,2.5));
#6244 = SURFACE_CURVE('',#6245,(#6249,#6256),.PCURVE_S1.);
#6245 = LINE('',#6246,#6247);
#6246 = CARTESIAN_POINT('',(22.10216302264,21.,2.5));
#6247 = VECTOR('',#6248,1.);
#6248 = DIRECTION('',(0.,-1.,0.));
#6249 = PCURVE('',#1774,#6250);
#6250 = DEFINITIONAL_REPRESENTATION('',(#6251),#6255);
#6251 = LINE('',#6252,#6253);
#6252 = CARTESIAN_POINT('',(0.,-21.));
#6253 = VECTOR('',#6254,1.);
#6254 = DIRECTION('',(-0.,1.));
#6255 = ( GEOMETRIC_REPRESENTATION_CONTEXT(2) 
PARAMETRIC_REPRESENTATION_CONTEXT() REPRESENTATION_CONTEXT('2D SPACE',''
  ) );
#6256 = PCURVE('',#1748,#6257);
#6257 = DEFINITIONAL_REPRESENTATION('',(#6258),#6262);
#6258 = LINE('',#6259,#6260);
#6259 = CARTESIAN_POINT('',(5.,-21.));
#6260 = VECTOR('',#6261,1.);
#6261 = DIRECTION('',(-0.,1.));
#6262 = ( GEOMETRIC_REPRESENTATION_CONTEXT(2) 
PARAMETRIC_REPRESENTATION_CONTEXT() REPRESENTATION_CONTEXT('2D SPACE',''
  ) );
#6263 = ORIENTED_EDGE('',*,*,#1759,.F.);
#6264 = ORIENTED_EDGE('',*,*,#3457,.F.);
#6265 = ORIENTED_EDGE('',*,*,#6266,.T.);
#6266 = EDGE_CURVE('',#3458,#6267,#6269,.T.);
#6267 = VERTEX_POINT('',#6268);
#6268 = CARTESIAN_POINT('',(22.10216302264,-14.55662432702,-2.5));
#6269 = SURFACE_CURVE('',#6270,(#6274,#6281),.PCURVE_S1.);
#6270 = LINE('',#6271,#6272);
#6271 = CARTESIAN_POINT('',(22.10216302264,21.,-2.5));
#6272 = VECTOR('',#6273,1.);
#6273 = DIRECTION('',(0.,-1.,0.));
#6274 = PCURVE('',#1774,#6275);
#6275 = DEFINITIONAL_REPRESENTATION('',(#6276),#6280);
#6276 = LINE('',#6277,#6278);
#6277 = CARTESIAN_POINT('',(5.,-21.));
#6278 = VECTOR('',#6279,1.);
#6279 = DIRECTION('',(-0.,1.));
#6280 = ( GEOMETRIC_REPRESENTATION_CONTEXT(2) 
PARAMETRIC_REPRESENTATION_CONTEXT() REPRESENTATION_CONTEXT('2D SPACE',''
  ) );
#6281 = PCURVE('',#3493,#6282);
#6282 = DEFINITIONAL_REPRESENTATION('',(#6283),#6287);
#6283 = LINE('',#6284,#6285);
#6284 = CARTESIAN_POINT('',(0.,-21.));
#6285 = VECTOR('',#6286,1.);
#6286 = DIRECTION('',(0.,1.));
#6287 = ( GEOMETRIC_REPRESENTATION_CONTEXT(2) 
PARAMETRIC_REPRESENTATION_CONTEXT() REPRESENTATION_CONTEXT('2D SPACE',''
  ) );
#6288 = ORIENTED_EDGE('',*,*,#6289,.F.);
#6289 = EDGE_CURVE('',#6290,#6267,#6292,.T.);
#6290 = VERTEX_POINT('',#6291);
#6291 = CARTESIAN_POINT('',(22.10216302264,-16.,1.959434878636E-15));
#6292 = SURFACE_CURVE('',#6293,(#6297,#6303),.PCURVE_S1.);
#6293 = LINE('',#6294,#6295);
#6294 = CARTESIAN_POINT('',(22.10216302264,-14.54126587736,
    -2.526601615138));
#6295 = VECTOR('',#6296,1.);
#6296 = DIRECTION('',(-3.076740298214E-16,0.5,-0.866025403784));
#6297 = PCURVE('',#1774,#6298);
#6298 = DEFINITIONAL_REPRESENTATION('',(#6299),#6302);
#6299 = B_SPLINE_CURVE_WITH_KNOTS('',1,(#6300,#6301),.UNSPECIFIED.,.F.,
  .F.,(2,2),(-2.917468245269,-3.071689932132E-02),
  .PIECEWISE_BEZIER_KNOTS.);
#6300 = CARTESIAN_POINT('',(2.5,16.));
#6301 = CARTESIAN_POINT('',(5.,14.556624327026));
#6302 = ( GEOMETRIC_REPRESENTATION_CONTEXT(2) 
PARAMETRIC_REPRESENTATION_CONTEXT() REPRESENTATION_CONTEXT('2D SPACE',''
  ) );
#6303 = PCURVE('',#2610,#6304);
#6304 = DEFINITIONAL_REPRESENTATION('',(#6305),#6308);
#6305 = B_SPLINE_CURVE_WITH_KNOTS('',1,(#6306,#6307),.UNSPECIFIED.,.F.,
  .F.,(2,2),(-2.917468245269,-3.071689932132E-02),
  .PIECEWISE_BEZIER_KNOTS.);
#6306 = CARTESIAN_POINT('',(0.,22.10216302264));
#6307 = CARTESIAN_POINT('',(2.886751345948,22.10216302264));
#6308 = ( GEOMETRIC_REPRESENTATION_CONTEXT(2) 
PARAMETRIC_REPRESENTATION_CONTEXT() REPRESENTATION_CONTEXT('2D SPACE',''
  ) );
#6309 = ORIENTED_EDGE('',*,*,#6310,.F.);
#6310 = EDGE_CURVE('',#6242,#6290,#6311,.T.);
#6311 = SURFACE_CURVE('',#6312,(#6316,#6322),.PCURVE_S1.);
#6312 = LINE('',#6313,#6314);
#6313 = CARTESIAN_POINT('',(22.10216302264,-9.458734122635,
    11.329804845413));
#6314 = VECTOR('',#6315,1.);
#6315 = DIRECTION('',(-3.076740298214E-16,-0.5,-0.866025403784));
#6316 = PCURVE('',#1774,#6317);
#6317 = DEFINITIONAL_REPRESENTATION('',(#6318),#6321);
#6318 = B_SPLINE_CURVE_WITH_KNOTS('',1,(#6319,#6320),.UNSPECIFIED.,.F.,
  .F.,(2,2),(10.195780408782,13.082531754731),.PIECEWISE_BEZIER_KNOTS.);
#6319 = CARTESIAN_POINT('',(1.790344382619E-15,14.556624327026));
#6320 = CARTESIAN_POINT('',(2.5,16.));
#6321 = ( GEOMETRIC_REPRESENTATION_CONTEXT(2) 
PARAMETRIC_REPRESENTATION_CONTEXT() REPRESENTATION_CONTEXT('2D SPACE',''
  ) );
#6322 = PCURVE('',#2634,#6323);
#6323 = DEFINITIONAL_REPRESENTATION('',(#6324),#6327);
#6324 = B_SPLINE_CURVE_WITH_KNOTS('',1,(#6325,#6326),.UNSPECIFIED.,.F.,
  .F.,(2,2),(10.195780408782,13.082531754731),.PIECEWISE_BEZIER_KNOTS.);
#6325 = CARTESIAN_POINT('',(13.113248654052,22.10216302264));
#6326 = CARTESIAN_POINT('',(16.,22.10216302264));
#6327 = ( GEOMETRIC_REPRESENTATION_CONTEXT(2) 
PARAMETRIC_REPRESENTATION_CONTEXT() REPRESENTATION_CONTEXT('2D SPACE',''
  ) );
#6328 = ADVANCED_FACE('',(#6329),#1748,.F.);
#6329 = FACE_BOUND('',#6330,.F.);
#6330 = EDGE_LOOP('',(#6331,#6354,#6355,#6356));
#6331 = ORIENTED_EDGE('',*,*,#6332,.T.);
#6332 = EDGE_CURVE('',#6333,#1708,#6335,.T.);
#6333 = VERTEX_POINT('',#6334);
#6334 = CARTESIAN_POINT('',(26.432290041562,-13.11324865405,5.));
#6335 = SURFACE_CURVE('',#6336,(#6340,#6347),.PCURVE_S1.);
#6336 = LINE('',#6337,#6338);
#6337 = CARTESIAN_POINT('',(26.432290041562,-21.,5.));
#6338 = VECTOR('',#6339,1.);
#6339 = DIRECTION('',(0.,1.,0.));
#6340 = PCURVE('',#1748,#6341);
#6341 = DEFINITIONAL_REPRESENTATION('',(#6342),#6346);
#6342 = LINE('',#6343,#6344);
#6343 = CARTESIAN_POINT('',(-0.,21.));
#6344 = VECTOR('',#6345,1.);
#6345 = DIRECTION('',(0.,-1.));
#6346 = ( GEOMETRIC_REPRESENTATION_CONTEXT(2) 
PARAMETRIC_REPRESENTATION_CONTEXT() REPRESENTATION_CONTEXT('2D SPACE',''
  ) );
#6347 = PCURVE('',#1722,#6348);
#6348 = DEFINITIONAL_REPRESENTATION('',(#6349),#6353);
#6349 = LINE('',#6350,#6351);
#6350 = CARTESIAN_POINT('',(5.,21.));
#6351 = VECTOR('',#6352,1.);
#6352 = DIRECTION('',(0.,-1.));
#6353 = ( GEOMETRIC_REPRESENTATION_CONTEXT(2) 
PARAMETRIC_REPRESENTATION_CONTEXT() REPRESENTATION_CONTEXT('2D SPACE',''
  ) );
#6354 = ORIENTED_EDGE('',*,*,#1733,.F.);
#6355 = ORIENTED_EDGE('',*,*,#6241,.T.);
#6356 = ORIENTED_EDGE('',*,*,#6357,.F.);
#6357 = EDGE_CURVE('',#6333,#6242,#6358,.T.);
#6358 = SURFACE_CURVE('',#6359,(#6363,#6369),.PCURVE_S1.);
#6359 = LINE('',#6360,#6361);
#6360 = CARTESIAN_POINT('',(21.155679250667,-14.87211891768,
    1.953547339468));
#6361 = VECTOR('',#6362,1.);
#6362 = DIRECTION('',(-0.832050294338,-0.277350098113,-0.480384461415));
#6363 = PCURVE('',#1748,#6364);
#6364 = DEFINITIONAL_REPRESENTATION('',(#6365),#6368);
#6365 = B_SPLINE_CURVE_WITH_KNOTS('',1,(#6366,#6367),.UNSPECIFIED.,.F.,
  .F.,(2,2),(-6.341696922413,-1.137531923748),.PIECEWISE_BEZIER_KNOTS.);
#6366 = CARTESIAN_POINT('',(-7.586074698308E-16,13.113248654052));
#6367 = CARTESIAN_POINT('',(5.,14.556624327026));
#6368 = ( GEOMETRIC_REPRESENTATION_CONTEXT(2) 
PARAMETRIC_REPRESENTATION_CONTEXT() REPRESENTATION_CONTEXT('2D SPACE',''
  ) );
#6369 = PCURVE('',#2634,#6370);
#6370 = DEFINITIONAL_REPRESENTATION('',(#6371),#6374);
#6371 = B_SPLINE_CURVE_WITH_KNOTS('',1,(#6372,#6373),.UNSPECIFIED.,.F.,
  .F.,(2,2),(-6.341696922413,-1.137531923748),.PIECEWISE_BEZIER_KNOTS.);
#6372 = CARTESIAN_POINT('',(10.226497308104,26.432290041562));
#6373 = CARTESIAN_POINT('',(13.113248654052,22.10216302264));
#6374 = ( GEOMETRIC_REPRESENTATION_CONTEXT(2) 
PARAMETRIC_REPRESENTATION_CONTEXT() REPRESENTATION_CONTEXT('2D SPACE',''
  ) );
#6375 = ADVANCED_FACE('',(#6376),#1722,.F.);
#6376 = FACE_BOUND('',#6377,.F.);
#6377 = EDGE_LOOP('',(#6378,#6401,#6402,#6403));
#6378 = ORIENTED_EDGE('',*,*,#6379,.T.);
#6379 = EDGE_CURVE('',#6380,#1682,#6382,.T.);
#6380 = VERTEX_POINT('',#6381);
#6381 = CARTESIAN_POINT('',(30.762417060484,-14.55662432702,2.5));
#6382 = SURFACE_CURVE('',#6383,(#6387,#6394),.PCURVE_S1.);
#6383 = LINE('',#6384,#6385);
#6384 = CARTESIAN_POINT('',(30.762417060484,-21.,2.5));
#6385 = VECTOR('',#6386,1.);
#6386 = DIRECTION('',(0.,1.,0.));
#6387 = PCURVE('',#1722,#6388);
#6388 = DEFINITIONAL_REPRESENTATION('',(#6389),#6393);
#6389 = LINE('',#6390,#6391);
#6390 = CARTESIAN_POINT('',(0.,21.));
#6391 = VECTOR('',#6392,1.);
#6392 = DIRECTION('',(0.,-1.));
#6393 = ( GEOMETRIC_REPRESENTATION_CONTEXT(2) 
PARAMETRIC_REPRESENTATION_CONTEXT() REPRESENTATION_CONTEXT('2D SPACE',''
  ) );
#6394 = PCURVE('',#1696,#6395);
#6395 = DEFINITIONAL_REPRESENTATION('',(#6396),#6400);
#6396 = LINE('',#6397,#6398);
#6397 = CARTESIAN_POINT('',(5.,21.));
#6398 = VECTOR('',#6399,1.);
#6399 = DIRECTION('',(0.,-1.));
#6400 = ( GEOMETRIC_REPRESENTATION_CONTEXT(2) 
PARAMETRIC_REPRESENTATION_CONTEXT() REPRESENTATION_CONTEXT('2D SPACE',''
  ) );
#6401 = ORIENTED_EDGE('',*,*,#1707,.F.);
#6402 = ORIENTED_EDGE('',*,*,#6332,.F.);
#6403 = ORIENTED_EDGE('',*,*,#6404,.F.);
#6404 = EDGE_CURVE('',#6380,#6333,#6405,.T.);
#6405 = SURFACE_CURVE('',#6406,(#6410,#6416),.PCURVE_S1.);
#6406 = LINE('',#6407,#6408);
#6407 = CARTESIAN_POINT('',(15.408143273956,-9.43853306485,
    11.364794103864));
#6408 = VECTOR('',#6409,1.);
#6409 = DIRECTION('',(-0.832050294338,0.277350098113,0.480384461415));
#6410 = PCURVE('',#1722,#6411);
#6411 = DEFINITIONAL_REPRESENTATION('',(#6412),#6415);
#6412 = B_SPLINE_CURVE_WITH_KNOTS('',1,(#6413,#6414),.UNSPECIFIED.,.F.,
  .F.,(2,2),(-18.45354047828,-13.24937547961),.PIECEWISE_BEZIER_KNOTS.);
#6413 = CARTESIAN_POINT('',(-4.909266909666E-15,14.556624327026));
#6414 = CARTESIAN_POINT('',(5.,13.113248654052));
#6415 = ( GEOMETRIC_REPRESENTATION_CONTEXT(2) 
PARAMETRIC_REPRESENTATION_CONTEXT() REPRESENTATION_CONTEXT('2D SPACE',''
  ) );
#6416 = PCURVE('',#2634,#6417);
#6417 = DEFINITIONAL_REPRESENTATION('',(#6418),#6421);
#6418 = B_SPLINE_CURVE_WITH_KNOTS('',1,(#6419,#6420),.UNSPECIFIED.,.F.,
  .F.,(2,2),(-18.45354047828,-13.24937547961),.PIECEWISE_BEZIER_KNOTS.);
#6419 = CARTESIAN_POINT('',(13.113248654052,30.762417060484));
#6420 = CARTESIAN_POINT('',(10.226497308104,26.432290041562));
#6421 = ( GEOMETRIC_REPRESENTATION_CONTEXT(2) 
PARAMETRIC_REPRESENTATION_CONTEXT() REPRESENTATION_CONTEXT('2D SPACE',''
  ) );
#6422 = ADVANCED_FACE('',(#6423),#1696,.F.);
#6423 = FACE_BOUND('',#6424,.F.);
#6424 = EDGE_LOOP('',(#6425,#6448,#6449,#6450,#6451,#6472));
#6425 = ORIENTED_EDGE('',*,*,#6426,.T.);
#6426 = EDGE_CURVE('',#6427,#3505,#6429,.T.);
#6427 = VERTEX_POINT('',#6428);
#6428 = CARTESIAN_POINT('',(30.762417060484,-14.55662432702,-2.5));
#6429 = SURFACE_CURVE('',#6430,(#6434,#6441),.PCURVE_S1.);
#6430 = LINE('',#6431,#6432);
#6431 = CARTESIAN_POINT('',(30.762417060484,-21.,-2.5));
#6432 = VECTOR('',#6433,1.);
#6433 = DIRECTION('',(0.,1.,0.));
#6434 = PCURVE('',#1696,#6435);
#6435 = DEFINITIONAL_REPRESENTATION('',(#6436),#6440);
#6436 = LINE('',#6437,#6438);
#6437 = CARTESIAN_POINT('',(0.,21.));
#6438 = VECTOR('',#6439,1.);
#6439 = DIRECTION('',(0.,-1.));
#6440 = ( GEOMETRIC_REPRESENTATION_CONTEXT(2) 
PARAMETRIC_REPRESENTATION_CONTEXT() REPRESENTATION_CONTEXT('2D SPACE',''
  ) );
#6441 = PCURVE('',#3519,#6442);
#6442 = DEFINITIONAL_REPRESENTATION('',(#6443),#6447);
#6443 = LINE('',#6444,#6445);
#6444 = CARTESIAN_POINT('',(5.,21.));
#6445 = VECTOR('',#6446,1.);
#6446 = DIRECTION('',(0.,-1.));
#6447 = ( GEOMETRIC_REPRESENTATION_CONTEXT(2) 
PARAMETRIC_REPRESENTATION_CONTEXT() REPRESENTATION_CONTEXT('2D SPACE',''
  ) );
#6448 = ORIENTED_EDGE('',*,*,#3530,.F.);
#6449 = ORIENTED_EDGE('',*,*,#1681,.F.);
#6450 = ORIENTED_EDGE('',*,*,#6379,.F.);
#6451 = ORIENTED_EDGE('',*,*,#6452,.F.);
#6452 = EDGE_CURVE('',#6453,#6380,#6455,.T.);
#6453 = VERTEX_POINT('',#6454);
#6454 = CARTESIAN_POINT('',(30.762417060484,-16.,1.959434878636E-15));
#6455 = SURFACE_CURVE('',#6456,(#6460,#6466),.PCURVE_S1.);
#6456 = LINE('',#6457,#6458);
#6457 = CARTESIAN_POINT('',(30.762417060484,-10.54126587736,
    9.454804845413));
#6458 = VECTOR('',#6459,1.);
#6459 = DIRECTION('',(1.538370149107E-16,0.5,0.866025403784));
#6460 = PCURVE('',#1696,#6461);
#6461 = DEFINITIONAL_REPRESENTATION('',(#6462),#6465);
#6462 = B_SPLINE_CURVE_WITH_KNOTS('',1,(#6463,#6464),.UNSPECIFIED.,.F.,
  .F.,(2,2),(-10.91746824526,-8.030716899321),.PIECEWISE_BEZIER_KNOTS.);
#6463 = CARTESIAN_POINT('',(2.5,16.));
#6464 = CARTESIAN_POINT('',(5.,14.556624327026));
#6465 = ( GEOMETRIC_REPRESENTATION_CONTEXT(2) 
PARAMETRIC_REPRESENTATION_CONTEXT() REPRESENTATION_CONTEXT('2D SPACE',''
  ) );
#6466 = PCURVE('',#2634,#6467);
#6467 = DEFINITIONAL_REPRESENTATION('',(#6468),#6471);
#6468 = B_SPLINE_CURVE_WITH_KNOTS('',1,(#6469,#6470),.UNSPECIFIED.,.F.,
  .F.,(2,2),(-10.91746824526,-8.030716899321),.PIECEWISE_BEZIER_KNOTS.);
#6469 = CARTESIAN_POINT('',(16.,30.762417060484));
#6470 = CARTESIAN_POINT('',(13.113248654052,30.762417060484));
#6471 = ( GEOMETRIC_REPRESENTATION_CONTEXT(2) 
PARAMETRIC_REPRESENTATION_CONTEXT() REPRESENTATION_CONTEXT('2D SPACE',''
  ) );
#6472 = ORIENTED_EDGE('',*,*,#6473,.F.);
#6473 = EDGE_CURVE('',#6427,#6453,#6474,.T.);
#6474 = SURFACE_CURVE('',#6475,(#6479,#6485),.PCURVE_S1.);
#6475 = LINE('',#6476,#6477);
#6476 = CARTESIAN_POINT('',(30.762417060484,-13.45873412263,
    -4.401601615138));
#6477 = VECTOR('',#6478,1.);
#6478 = DIRECTION('',(1.538370149107E-16,-0.5,0.866025403784));
#6479 = PCURVE('',#1696,#6480);
#6480 = DEFINITIONAL_REPRESENTATION('',(#6481),#6484);
#6481 = B_SPLINE_CURVE_WITH_KNOTS('',1,(#6482,#6483),.UNSPECIFIED.,.F.,
  .F.,(2,2),(2.195780408782,5.082531754731),.PIECEWISE_BEZIER_KNOTS.);
#6482 = CARTESIAN_POINT('',(7.990320994557E-16,14.556624327026));
#6483 = CARTESIAN_POINT('',(2.5,16.));
#6484 = ( GEOMETRIC_REPRESENTATION_CONTEXT(2) 
PARAMETRIC_REPRESENTATION_CONTEXT() REPRESENTATION_CONTEXT('2D SPACE',''
  ) );
#6485 = PCURVE('',#2610,#6486);
#6486 = DEFINITIONAL_REPRESENTATION('',(#6487),#6490);
#6487 = B_SPLINE_CURVE_WITH_KNOTS('',1,(#6488,#6489),.UNSPECIFIED.,.F.,
  .F.,(2,2),(2.195780408782,5.082531754731),.PIECEWISE_BEZIER_KNOTS.);
#6488 = CARTESIAN_POINT('',(2.886751345948,30.762417060484));
#6489 = CARTESIAN_POINT('',(0.,30.762417060484));
#6490 = ( GEOMETRIC_REPRESENTATION_CONTEXT(2) 
PARAMETRIC_REPRESENTATION_CONTEXT() REPRESENTATION_CONTEXT('2D SPACE',''
  ) );
#6491 = ADVANCED_FACE('',(#6492),#1647,.F.);
#6492 = FACE_BOUND('',#6493,.F.);
#6493 = EDGE_LOOP('',(#6494,#6517,#6518,#6519,#6542,#6563));
#6494 = ORIENTED_EDGE('',*,*,#6495,.F.);
#6495 = EDGE_CURVE('',#1607,#6496,#6498,.T.);
#6496 = VERTEX_POINT('',#6497);
#6497 = CARTESIAN_POINT('',(32.840878029567,-14.55662432702,2.5));
#6498 = SURFACE_CURVE('',#6499,(#6503,#6510),.PCURVE_S1.);
#6499 = LINE('',#6500,#6501);
#6500 = CARTESIAN_POINT('',(32.840878029567,21.,2.5));
#6501 = VECTOR('',#6502,1.);
#6502 = DIRECTION('',(0.,-1.,0.));
#6503 = PCURVE('',#1647,#6504);
#6504 = DEFINITIONAL_REPRESENTATION('',(#6505),#6509);
#6505 = LINE('',#6506,#6507);
#6506 = CARTESIAN_POINT('',(0.,-21.));
#6507 = VECTOR('',#6508,1.);
#6508 = DIRECTION('',(-0.,1.));
#6509 = ( GEOMETRIC_REPRESENTATION_CONTEXT(2) 
PARAMETRIC_REPRESENTATION_CONTEXT() REPRESENTATION_CONTEXT('2D SPACE',''
  ) );
#6510 = PCURVE('',#1621,#6511);
#6511 = DEFINITIONAL_REPRESENTATION('',(#6512),#6516);
#6512 = LINE('',#6513,#6514);
#6513 = CARTESIAN_POINT('',(5.,-21.));
#6514 = VECTOR('',#6515,1.);
#6515 = DIRECTION('',(-0.,1.));
#6516 = ( GEOMETRIC_REPRESENTATION_CONTEXT(2) 
PARAMETRIC_REPRESENTATION_CONTEXT() REPRESENTATION_CONTEXT('2D SPACE',''
  ) );
#6517 = ORIENTED_EDGE('',*,*,#1632,.F.);
#6518 = ORIENTED_EDGE('',*,*,#3550,.F.);
#6519 = ORIENTED_EDGE('',*,*,#6520,.T.);
#6520 = EDGE_CURVE('',#3551,#6521,#6523,.T.);
#6521 = VERTEX_POINT('',#6522);
#6522 = CARTESIAN_POINT('',(32.840878029567,-14.55662432702,-2.5));
#6523 = SURFACE_CURVE('',#6524,(#6528,#6535),.PCURVE_S1.);
#6524 = LINE('',#6525,#6526);
#6525 = CARTESIAN_POINT('',(32.840878029567,21.,-2.5));
#6526 = VECTOR('',#6527,1.);
#6527 = DIRECTION('',(0.,-1.,0.));
#6528 = PCURVE('',#1647,#6529);
#6529 = DEFINITIONAL_REPRESENTATION('',(#6530),#6534);
#6530 = LINE('',#6531,#6532);
#6531 = CARTESIAN_POINT('',(5.,-21.));
#6532 = VECTOR('',#6533,1.);
#6533 = DIRECTION('',(-0.,1.));
#6534 = ( GEOMETRIC_REPRESENTATION_CONTEXT(2) 
PARAMETRIC_REPRESENTATION_CONTEXT() REPRESENTATION_CONTEXT('2D SPACE',''
  ) );
#6535 = PCURVE('',#3586,#6536);
#6536 = DEFINITIONAL_REPRESENTATION('',(#6537),#6541);
#6537 = LINE('',#6538,#6539);
#6538 = CARTESIAN_POINT('',(0.,-21.));
#6539 = VECTOR('',#6540,1.);
#6540 = DIRECTION('',(0.,1.));
#6541 = ( GEOMETRIC_REPRESENTATION_CONTEXT(2) 
PARAMETRIC_REPRESENTATION_CONTEXT() REPRESENTATION_CONTEXT('2D SPACE',''
  ) );
#6542 = ORIENTED_EDGE('',*,*,#6543,.F.);
#6543 = EDGE_CURVE('',#6544,#6521,#6546,.T.);
#6544 = VERTEX_POINT('',#6545);
#6545 = CARTESIAN_POINT('',(32.840878029567,-16.,1.959434878636E-15));
#6546 = SURFACE_CURVE('',#6547,(#6551,#6557),.PCURVE_S1.);
#6547 = LINE('',#6548,#6549);
#6548 = CARTESIAN_POINT('',(32.840878029567,-14.54126587736,
    -2.526601615138));
#6549 = VECTOR('',#6550,1.);
#6550 = DIRECTION('',(-3.076740298214E-16,0.5,-0.866025403784));
#6551 = PCURVE('',#1647,#6552);
#6552 = DEFINITIONAL_REPRESENTATION('',(#6553),#6556);
#6553 = B_SPLINE_CURVE_WITH_KNOTS('',1,(#6554,#6555),.UNSPECIFIED.,.F.,
  .F.,(2,2),(-2.917468245269,-3.071689932132E-02),
  .PIECEWISE_BEZIER_KNOTS.);
#6554 = CARTESIAN_POINT('',(2.5,16.));
#6555 = CARTESIAN_POINT('',(5.,14.556624327026));
#6556 = ( GEOMETRIC_REPRESENTATION_CONTEXT(2) 
PARAMETRIC_REPRESENTATION_CONTEXT() REPRESENTATION_CONTEXT('2D SPACE',''
  ) );
#6557 = PCURVE('',#2610,#6558);
#6558 = DEFINITIONAL_REPRESENTATION('',(#6559),#6562);
#6559 = B_SPLINE_CURVE_WITH_KNOTS('',1,(#6560,#6561),.UNSPECIFIED.,.F.,
  .F.,(2,2),(-2.917468245269,-3.071689932132E-02),
  .PIECEWISE_BEZIER_KNOTS.);
#6560 = CARTESIAN_POINT('',(0.,32.840878029567));
#6561 = CARTESIAN_POINT('',(2.886751345948,32.840878029567));
#6562 = ( GEOMETRIC_REPRESENTATION_CONTEXT(2) 
PARAMETRIC_REPRESENTATION_CONTEXT() REPRESENTATION_CONTEXT('2D SPACE',''
  ) );
#6563 = ORIENTED_EDGE('',*,*,#6564,.F.);
#6564 = EDGE_CURVE('',#6496,#6544,#6565,.T.);
#6565 = SURFACE_CURVE('',#6566,(#6570,#6576),.PCURVE_S1.);
#6566 = LINE('',#6567,#6568);
#6567 = CARTESIAN_POINT('',(32.840878029567,-9.458734122635,
    11.329804845413));
#6568 = VECTOR('',#6569,1.);
#6569 = DIRECTION('',(-3.076740298214E-16,-0.5,-0.866025403784));
#6570 = PCURVE('',#1647,#6571);
#6571 = DEFINITIONAL_REPRESENTATION('',(#6572),#6575);
#6572 = B_SPLINE_CURVE_WITH_KNOTS('',1,(#6573,#6574),.UNSPECIFIED.,.F.,
  .F.,(2,2),(10.195780408782,13.082531754731),.PIECEWISE_BEZIER_KNOTS.);
#6573 = CARTESIAN_POINT('',(2.028331072912E-15,14.556624327026));
#6574 = CARTESIAN_POINT('',(2.5,16.));
#6575 = ( GEOMETRIC_REPRESENTATION_CONTEXT(2) 
PARAMETRIC_REPRESENTATION_CONTEXT() REPRESENTATION_CONTEXT('2D SPACE',''
  ) );
#6576 = PCURVE('',#2634,#6577);
#6577 = DEFINITIONAL_REPRESENTATION('',(#6578),#6581);
#6578 = B_SPLINE_CURVE_WITH_KNOTS('',1,(#6579,#6580),.UNSPECIFIED.,.F.,
  .F.,(2,2),(10.195780408782,13.082531754731),.PIECEWISE_BEZIER_KNOTS.);
#6579 = CARTESIAN_POINT('',(13.113248654052,32.840878029567));
#6580 = CARTESIAN_POINT('',(16.,32.840878029567));
#6581 = ( GEOMETRIC_REPRESENTATION_CONTEXT(2) 
PARAMETRIC_REPRESENTATION_CONTEXT() REPRESENTATION_CONTEXT('2D SPACE',''
  ) );
#6582 = ADVANCED_FACE('',(#6583),#1621,.F.);
#6583 = FACE_BOUND('',#6584,.F.);
#6584 = EDGE_LOOP('',(#6585,#6608,#6609,#6610));
#6585 = ORIENTED_EDGE('',*,*,#6586,.T.);
#6586 = EDGE_CURVE('',#6587,#1581,#6589,.T.);
#6587 = VERTEX_POINT('',#6588);
#6588 = CARTESIAN_POINT('',(37.171005048489,-13.11324865405,5.));
#6589 = SURFACE_CURVE('',#6590,(#6594,#6601),.PCURVE_S1.);
#6590 = LINE('',#6591,#6592);
#6591 = CARTESIAN_POINT('',(37.171005048489,-21.,5.));
#6592 = VECTOR('',#6593,1.);
#6593 = DIRECTION('',(0.,1.,0.));
#6594 = PCURVE('',#1621,#6595);
#6595 = DEFINITIONAL_REPRESENTATION('',(#6596),#6600);
#6596 = LINE('',#6597,#6598);
#6597 = CARTESIAN_POINT('',(-0.,21.));
#6598 = VECTOR('',#6599,1.);
#6599 = DIRECTION('',(0.,-1.));
#6600 = ( GEOMETRIC_REPRESENTATION_CONTEXT(2) 
PARAMETRIC_REPRESENTATION_CONTEXT() REPRESENTATION_CONTEXT('2D SPACE',''
  ) );
#6601 = PCURVE('',#1595,#6602);
#6602 = DEFINITIONAL_REPRESENTATION('',(#6603),#6607);
#6603 = LINE('',#6604,#6605);
#6604 = CARTESIAN_POINT('',(5.,21.));
#6605 = VECTOR('',#6606,1.);
#6606 = DIRECTION('',(0.,-1.));
#6607 = ( GEOMETRIC_REPRESENTATION_CONTEXT(2) 
PARAMETRIC_REPRESENTATION_CONTEXT() REPRESENTATION_CONTEXT('2D SPACE',''
  ) );
#6608 = ORIENTED_EDGE('',*,*,#1606,.F.);
#6609 = ORIENTED_EDGE('',*,*,#6495,.T.);
#6610 = ORIENTED_EDGE('',*,*,#6611,.F.);
#6611 = EDGE_CURVE('',#6587,#6496,#6612,.T.);
#6612 = SURFACE_CURVE('',#6613,(#6617,#6623),.PCURVE_S1.);
#6613 = LINE('',#6614,#6615);
#6614 = CARTESIAN_POINT('',(28.177146755196,-16.11120141848,
    -0.192606506686));
#6615 = VECTOR('',#6616,1.);
#6616 = DIRECTION('',(-0.832050294338,-0.277350098113,-0.480384461415));
#6617 = PCURVE('',#1621,#6618);
#6618 = DEFINITIONAL_REPRESENTATION('',(#6619),#6622);
#6619 = B_SPLINE_CURVE_WITH_KNOTS('',1,(#6620,#6621),.UNSPECIFIED.,.F.,
  .F.,(2,2),(-10.80927241357,-5.60510741491),.PIECEWISE_BEZIER_KNOTS.);
#6620 = CARTESIAN_POINT('',(-6.97523726315E-16,13.113248654052));
#6621 = CARTESIAN_POINT('',(5.,14.556624327026));
#6622 = ( GEOMETRIC_REPRESENTATION_CONTEXT(2) 
PARAMETRIC_REPRESENTATION_CONTEXT() REPRESENTATION_CONTEXT('2D SPACE',''
  ) );
#6623 = PCURVE('',#2634,#6624);
#6624 = DEFINITIONAL_REPRESENTATION('',(#6625),#6628);
#6625 = B_SPLINE_CURVE_WITH_KNOTS('',1,(#6626,#6627),.UNSPECIFIED.,.F.,
  .F.,(2,2),(-10.80927241357,-5.60510741491),.PIECEWISE_BEZIER_KNOTS.);
#6626 = CARTESIAN_POINT('',(10.226497308104,37.171005048489));
#6627 = CARTESIAN_POINT('',(13.113248654052,32.840878029567));
#6628 = ( GEOMETRIC_REPRESENTATION_CONTEXT(2) 
PARAMETRIC_REPRESENTATION_CONTEXT() REPRESENTATION_CONTEXT('2D SPACE',''
  ) );
#6629 = ADVANCED_FACE('',(#6630),#1595,.F.);
#6630 = FACE_BOUND('',#6631,.F.);
#6631 = EDGE_LOOP('',(#6632,#6655,#6656,#6657));
#6632 = ORIENTED_EDGE('',*,*,#6633,.T.);
#6633 = EDGE_CURVE('',#6634,#1555,#6636,.T.);
#6634 = VERTEX_POINT('',#6635);
#6635 = CARTESIAN_POINT('',(41.501132067411,-14.55662432702,2.5));
#6636 = SURFACE_CURVE('',#6637,(#6641,#6648),.PCURVE_S1.);
#6637 = LINE('',#6638,#6639);
#6638 = CARTESIAN_POINT('',(41.501132067411,-21.,2.5));
#6639 = VECTOR('',#6640,1.);
#6640 = DIRECTION('',(0.,1.,0.));
#6641 = PCURVE('',#1595,#6642);
#6642 = DEFINITIONAL_REPRESENTATION('',(#6643),#6647);
#6643 = LINE('',#6644,#6645);
#6644 = CARTESIAN_POINT('',(0.,21.));
#6645 = VECTOR('',#6646,1.);
#6646 = DIRECTION('',(0.,-1.));
#6647 = ( GEOMETRIC_REPRESENTATION_CONTEXT(2) 
PARAMETRIC_REPRESENTATION_CONTEXT() REPRESENTATION_CONTEXT('2D SPACE',''
  ) );
#6648 = PCURVE('',#1569,#6649);
#6649 = DEFINITIONAL_REPRESENTATION('',(#6650),#6654);
#6650 = LINE('',#6651,#6652);
#6651 = CARTESIAN_POINT('',(5.,21.));
#6652 = VECTOR('',#6653,1.);
#6653 = DIRECTION('',(0.,-1.));
#6654 = ( GEOMETRIC_REPRESENTATION_CONTEXT(2) 
PARAMETRIC_REPRESENTATION_CONTEXT() REPRESENTATION_CONTEXT('2D SPACE',''
  ) );
#6655 = ORIENTED_EDGE('',*,*,#1580,.F.);
#6656 = ORIENTED_EDGE('',*,*,#6586,.F.);
#6657 = ORIENTED_EDGE('',*,*,#6658,.F.);
#6658 = EDGE_CURVE('',#6634,#6587,#6659,.T.);
#6659 = SURFACE_CURVE('',#6660,(#6664,#6670),.PCURVE_S1.);
#6660 = LINE('',#6661,#6662);
#6661 = CARTESIAN_POINT('',(22.429610778485,-8.19945056405,
    13.510947950017));
#6662 = VECTOR('',#6663,1.);
#6663 = DIRECTION('',(-0.832050294338,0.277350098113,0.480384461415));
#6664 = PCURVE('',#1595,#6665);
#6665 = DEFINITIONAL_REPRESENTATION('',(#6666),#6669);
#6666 = B_SPLINE_CURVE_WITH_KNOTS('',1,(#6667,#6668),.UNSPECIFIED.,.F.,
  .F.,(2,2),(-22.92111596944,-17.71695097077),.PIECEWISE_BEZIER_KNOTS.);
#6667 = CARTESIAN_POINT('',(-2.462401476038E-15,14.556624327026));
#6668 = CARTESIAN_POINT('',(5.,13.113248654052));
#6669 = ( GEOMETRIC_REPRESENTATION_CONTEXT(2) 
PARAMETRIC_REPRESENTATION_CONTEXT() REPRESENTATION_CONTEXT('2D SPACE',''
  ) );
#6670 = PCURVE('',#2634,#6671);
#6671 = DEFINITIONAL_REPRESENTATION('',(#6672),#6675);
#6672 = B_SPLINE_CURVE_WITH_KNOTS('',1,(#6673,#6674),.UNSPECIFIED.,.F.,
  .F.,(2,2),(-22.92111596944,-17.71695097077),.PIECEWISE_BEZIER_KNOTS.);
#6673 = CARTESIAN_POINT('',(13.113248654052,41.501132067411));
#6674 = CARTESIAN_POINT('',(10.226497308104,37.171005048489));
#6675 = ( GEOMETRIC_REPRESENTATION_CONTEXT(2) 
PARAMETRIC_REPRESENTATION_CONTEXT() REPRESENTATION_CONTEXT('2D SPACE',''
  ) );
#6676 = ADVANCED_FACE('',(#6677),#1569,.F.);
#6677 = FACE_BOUND('',#6678,.F.);
#6678 = EDGE_LOOP('',(#6679,#6702,#6703,#6704,#6705,#6726));
#6679 = ORIENTED_EDGE('',*,*,#6680,.T.);
#6680 = EDGE_CURVE('',#6681,#3598,#6683,.T.);
#6681 = VERTEX_POINT('',#6682);
#6682 = CARTESIAN_POINT('',(41.501132067411,-14.55662432702,-2.5));
#6683 = SURFACE_CURVE('',#6684,(#6688,#6695),.PCURVE_S1.);
#6684 = LINE('',#6685,#6686);
#6685 = CARTESIAN_POINT('',(41.501132067411,-21.,-2.5));
#6686 = VECTOR('',#6687,1.);
#6687 = DIRECTION('',(0.,1.,0.));
#6688 = PCURVE('',#1569,#6689);
#6689 = DEFINITIONAL_REPRESENTATION('',(#6690),#6694);
#6690 = LINE('',#6691,#6692);
#6691 = CARTESIAN_POINT('',(0.,21.));
#6692 = VECTOR('',#6693,1.);
#6693 = DIRECTION('',(0.,-1.));
#6694 = ( GEOMETRIC_REPRESENTATION_CONTEXT(2) 
PARAMETRIC_REPRESENTATION_CONTEXT() REPRESENTATION_CONTEXT('2D SPACE',''
  ) );
#6695 = PCURVE('',#3612,#6696);
#6696 = DEFINITIONAL_REPRESENTATION('',(#6697),#6701);
#6697 = LINE('',#6698,#6699);
#6698 = CARTESIAN_POINT('',(5.,21.));
#6699 = VECTOR('',#6700,1.);
#6700 = DIRECTION('',(0.,-1.));
#6701 = ( GEOMETRIC_REPRESENTATION_CONTEXT(2) 
PARAMETRIC_REPRESENTATION_CONTEXT() REPRESENTATION_CONTEXT('2D SPACE',''
  ) );
#6702 = ORIENTED_EDGE('',*,*,#3623,.F.);
#6703 = ORIENTED_EDGE('',*,*,#1554,.F.);
#6704 = ORIENTED_EDGE('',*,*,#6633,.F.);
#6705 = ORIENTED_EDGE('',*,*,#6706,.F.);
#6706 = EDGE_CURVE('',#6707,#6634,#6709,.T.);
#6707 = VERTEX_POINT('',#6708);
#6708 = CARTESIAN_POINT('',(41.501132067411,-16.,1.959434878636E-15));
#6709 = SURFACE_CURVE('',#6710,(#6714,#6720),.PCURVE_S1.);
#6710 = LINE('',#6711,#6712);
#6711 = CARTESIAN_POINT('',(41.501132067411,-10.54126587736,
    9.454804845413));
#6712 = VECTOR('',#6713,1.);
#6713 = DIRECTION('',(1.538370149107E-16,0.5,0.866025403784));
#6714 = PCURVE('',#1569,#6715);
#6715 = DEFINITIONAL_REPRESENTATION('',(#6716),#6719);
#6716 = B_SPLINE_CURVE_WITH_KNOTS('',1,(#6717,#6718),.UNSPECIFIED.,.F.,
  .F.,(2,2),(-10.91746824526,-8.030716899321),.PIECEWISE_BEZIER_KNOTS.);
#6717 = CARTESIAN_POINT('',(2.5,16.));
#6718 = CARTESIAN_POINT('',(5.,14.556624327026));
#6719 = ( GEOMETRIC_REPRESENTATION_CONTEXT(2) 
PARAMETRIC_REPRESENTATION_CONTEXT() REPRESENTATION_CONTEXT('2D SPACE',''
  ) );
#6720 = PCURVE('',#2634,#6721);
#6721 = DEFINITIONAL_REPRESENTATION('',(#6722),#6725);
#6722 = B_SPLINE_CURVE_WITH_KNOTS('',1,(#6723,#6724),.UNSPECIFIED.,.F.,
  .F.,(2,2),(-10.91746824526,-8.030716899321),.PIECEWISE_BEZIER_KNOTS.);
#6723 = CARTESIAN_POINT('',(16.,41.501132067411));
#6724 = CARTESIAN_POINT('',(13.113248654052,41.501132067411));
#6725 = ( GEOMETRIC_REPRESENTATION_CONTEXT(2) 
PARAMETRIC_REPRESENTATION_CONTEXT() REPRESENTATION_CONTEXT('2D SPACE',''
  ) );
#6726 = ORIENTED_EDGE('',*,*,#6727,.F.);
#6727 = EDGE_CURVE('',#6681,#6707,#6728,.T.);
#6728 = SURFACE_CURVE('',#6729,(#6733,#6739),.PCURVE_S1.);
#6729 = LINE('',#6730,#6731);
#6730 = CARTESIAN_POINT('',(41.501132067411,-13.45873412263,
    -4.401601615138));
#6731 = VECTOR('',#6732,1.);
#6732 = DIRECTION('',(1.538370149107E-16,-0.5,0.866025403784));
#6733 = PCURVE('',#1569,#6734);
#6734 = DEFINITIONAL_REPRESENTATION('',(#6735),#6738);
#6735 = B_SPLINE_CURVE_WITH_KNOTS('',1,(#6736,#6737),.UNSPECIFIED.,.F.,
  .F.,(2,2),(2.195780408782,5.082531754731),.PIECEWISE_BEZIER_KNOTS.);
#6736 = CARTESIAN_POINT('',(2.954462170323E-16,14.556624327026));
#6737 = CARTESIAN_POINT('',(2.5,16.));
#6738 = ( GEOMETRIC_REPRESENTATION_CONTEXT(2) 
PARAMETRIC_REPRESENTATION_CONTEXT() REPRESENTATION_CONTEXT('2D SPACE',''
  ) );
#6739 = PCURVE('',#2610,#6740);
#6740 = DEFINITIONAL_REPRESENTATION('',(#6741),#6744);
#6741 = B_SPLINE_CURVE_WITH_KNOTS('',1,(#6742,#6743),.UNSPECIFIED.,.F.,
  .F.,(2,2),(2.195780408782,5.082531754731),.PIECEWISE_BEZIER_KNOTS.);
#6742 = CARTESIAN_POINT('',(2.886751345948,41.501132067411));
#6743 = CARTESIAN_POINT('',(0.,41.501132067411));
#6744 = ( GEOMETRIC_REPRESENTATION_CONTEXT(2) 
PARAMETRIC_REPRESENTATION_CONTEXT() REPRESENTATION_CONTEXT('2D SPACE',''
  ) );
#6745 = ADVANCED_FACE('',(#6746),#1506,.F.);
#6746 = FACE_BOUND('',#6747,.F.);
#6747 = EDGE_LOOP('',(#6748,#6749,#6750,#6771,#6808,#6845));
#6748 = ORIENTED_EDGE('',*,*,#1489,.F.);
#6749 = ORIENTED_EDGE('',*,*,#3643,.F.);
#6750 = ORIENTED_EDGE('',*,*,#6751,.T.);
#6751 = EDGE_CURVE('',#3644,#6752,#6754,.T.);
#6752 = VERTEX_POINT('',#6753);
#6753 = CARTESIAN_POINT('',(60.,-9.418206931238,-11.4));
#6754 = SURFACE_CURVE('',#6755,(#6759,#6765),.PCURVE_S1.);
#6755 = LINE('',#6756,#6757);
#6756 = CARTESIAN_POINT('',(60.,19.,-11.4));
#6757 = VECTOR('',#6758,1.);
#6758 = DIRECTION('',(0.,-1.,2.22044604925E-16));
#6759 = PCURVE('',#1506,#6760);
#6760 = DEFINITIONAL_REPRESENTATION('',(#6761),#6764);
#6761 = B_SPLINE_CURVE_WITH_KNOTS('',1,(#6762,#6763),.UNSPECIFIED.,.F.,
  .F.,(2,2),(-5.999999999062E-07,38.0000006),.PIECEWISE_BEZIER_KNOTS.);
#6762 = CARTESIAN_POINT('',(4.712388980385,-5.999999988848E-07));
#6763 = CARTESIAN_POINT('',(4.712388980385,38.0000006));
#6764 = ( GEOMETRIC_REPRESENTATION_CONTEXT(2) 
PARAMETRIC_REPRESENTATION_CONTEXT() REPRESENTATION_CONTEXT('2D SPACE',''
  ) );
#6765 = PCURVE('',#3696,#6766);
#6766 = DEFINITIONAL_REPRESENTATION('',(#6767),#6770);
#6767 = B_SPLINE_CURVE_WITH_KNOTS('',1,(#6768,#6769),.UNSPECIFIED.,.F.,
  .F.,(2,2),(-5.999999999062E-07,38.0000006),.PIECEWISE_BEZIER_KNOTS.);
#6768 = CARTESIAN_POINT('',(19.0000006,-11.4));
#6769 = CARTESIAN_POINT('',(-19.0000006,-11.4));
#6770 = ( GEOMETRIC_REPRESENTATION_CONTEXT(2) 
PARAMETRIC_REPRESENTATION_CONTEXT() REPRESENTATION_CONTEXT('2D SPACE',''
  ) );
#6771 = ORIENTED_EDGE('',*,*,#6772,.F.);
#6772 = EDGE_CURVE('',#6773,#6752,#6775,.T.);
#6773 = VERTEX_POINT('',#6774);
#6774 = CARTESIAN_POINT('',(48.6,-16.,1.959434878636E-15));
#6775 = SURFACE_CURVE('',#6776,(#6781,#6801),.PCURVE_S1.);
#6776 = ELLIPSE('',#6777,13.163586137523,11.4);
#6777 = AXIS2_PLACEMENT_3D('',#6778,#6779,#6780);
#6778 = CARTESIAN_POINT('',(60.,-16.,3.5527136788E-15));
#6779 = DIRECTION('',(0.,-0.866025403784,-0.5));
#6780 = DIRECTION('',(0.,-0.5,0.866025403784));
#6781 = PCURVE('',#1506,#6782);
#6782 = DEFINITIONAL_REPRESENTATION('',(#6783),#6800);
#6783 = B_SPLINE_CURVE_WITH_KNOTS('',8,(#6784,#6785,#6786,#6787,#6788,
    #6789,#6790,#6791,#6792,#6793,#6794,#6795,#6796,#6797,#6798,#6799),
  .UNSPECIFIED.,.F.,.F.,(9,7,9),(1.448947608566,3.080668294475,
    4.712388980385),.UNSPECIFIED.);
#6784 = CARTESIAN_POINT('',(3.019743935361,35.8));
#6785 = CARTESIAN_POINT('',(3.2237090211,34.467497484193));
#6786 = CARTESIAN_POINT('',(3.427674106835,33.096958611076));
#6787 = CARTESIAN_POINT('',(3.631639192576,31.772859184705));
#6788 = CARTESIAN_POINT('',(3.835604278307,30.583027707484));
#6789 = CARTESIAN_POINT('',(4.039569364052,29.607496766673));
#6790 = CARTESIAN_POINT('',(4.243534449789,28.906243895605));
#6791 = CARTESIAN_POINT('',(4.447499535532,28.512155912651));
#6792 = CARTESIAN_POINT('',(4.855429707009,28.348680545795));
#6793 = CARTESIAN_POINT('',(5.05939479275,28.579293110712));
#6794 = CARTESIAN_POINT('',(5.263359878465,29.127434201929));
#6795 = CARTESIAN_POINT('',(5.467324964242,29.970578144466));
#6796 = CARTESIAN_POINT('',(5.671290049937,31.057737156907));
#6797 = CARTESIAN_POINT('',(5.875255135706,32.315087604557));
#6798 = CARTESIAN_POINT('',(6.079220221441,33.657544012416));
#6799 = CARTESIAN_POINT('',(6.28318530718,35.));
#6800 = ( GEOMETRIC_REPRESENTATION_CONTEXT(2) 
PARAMETRIC_REPRESENTATION_CONTEXT() REPRESENTATION_CONTEXT('2D SPACE',''
  ) );
#6801 = PCURVE('',#2610,#6802);
#6802 = DEFINITIONAL_REPRESENTATION('',(#6803),#6807);
#6803 = ELLIPSE('',#6804,13.163586137523,11.4);
#6804 = AXIS2_PLACEMENT_2D('',#6805,#6806);
#6805 = CARTESIAN_POINT('',(2.172893762547E-15,60.));
#6806 = DIRECTION('',(-1.,0.));
#6807 = ( GEOMETRIC_REPRESENTATION_CONTEXT(2) 
PARAMETRIC_REPRESENTATION_CONTEXT() REPRESENTATION_CONTEXT('2D SPACE',''
  ) );
#6808 = ORIENTED_EDGE('',*,*,#6809,.F.);
#6809 = EDGE_CURVE('',#6810,#6773,#6812,.T.);
#6810 = VERTEX_POINT('',#6811);
#6811 = CARTESIAN_POINT('',(60.,-9.418206931238,11.4));
#6812 = SURFACE_CURVE('',#6813,(#6818,#6838),.PCURVE_S1.);
#6813 = ELLIPSE('',#6814,13.163586137523,11.4);
#6814 = AXIS2_PLACEMENT_3D('',#6815,#6816,#6817);
#6815 = CARTESIAN_POINT('',(60.,-16.,3.552713678801E-15));
#6816 = DIRECTION('',(0.,-0.866025403784,0.5));
#6817 = DIRECTION('',(0.,-0.5,-0.866025403784));
#6818 = PCURVE('',#1506,#6819);
#6819 = DEFINITIONAL_REPRESENTATION('',(#6820),#6837);
#6820 = B_SPLINE_CURVE_WITH_KNOTS('',8,(#6821,#6822,#6823,#6824,#6825,
    #6826,#6827,#6828,#6829,#6830,#6831,#6832,#6833,#6834,#6835,#6836),
  .UNSPECIFIED.,.F.,.F.,(9,7,9),(1.570796326795,3.202517012704,
    4.834237698614),.UNSPECIFIED.);
#6821 = CARTESIAN_POINT('',(0.,35.));
#6822 = CARTESIAN_POINT('',(0.203965085739,33.657544012416));
#6823 = CARTESIAN_POINT('',(0.407930171477,32.315087604562));
#6824 = CARTESIAN_POINT('',(0.611895257214,31.057737156911));
#6825 = CARTESIAN_POINT('',(0.815860342957,29.970578144462));
#6826 = CARTESIAN_POINT('',(1.019825428691,29.127434201924));
#6827 = CARTESIAN_POINT('',(1.223790514432,28.579293110713));
#6828 = CARTESIAN_POINT('',(1.427755600171,28.348680545796));
#6829 = CARTESIAN_POINT('',(1.835685771648,28.512155912651));
#6830 = CARTESIAN_POINT('',(2.039650857385,28.90624389559));
#6831 = CARTESIAN_POINT('',(2.243615943128,29.607496766763));
#6832 = CARTESIAN_POINT('',(2.447581028854,30.58302770731));
#6833 = CARTESIAN_POINT('',(2.651546114605,31.77285918485));
#6834 = CARTESIAN_POINT('',(2.855511200339,33.096958611055));
#6835 = CARTESIAN_POINT('',(3.05947628608,34.467497484193));
#6836 = CARTESIAN_POINT('',(3.263441371819,35.8));
#6837 = ( GEOMETRIC_REPRESENTATION_CONTEXT(2) 
PARAMETRIC_REPRESENTATION_CONTEXT() REPRESENTATION_CONTEXT('2D SPACE',''
  ) );
#6838 = PCURVE('',#2634,#6839);
#6839 = DEFINITIONAL_REPRESENTATION('',(#6840),#6844);
#6840 = ELLIPSE('',#6841,13.163586137523,11.4);
#6841 = AXIS2_PLACEMENT_2D('',#6842,#6843);
#6842 = CARTESIAN_POINT('',(16.,60.));
#6843 = DIRECTION('',(1.,0.));
#6844 = ( GEOMETRIC_REPRESENTATION_CONTEXT(2) 
PARAMETRIC_REPRESENTATION_CONTEXT() REPRESENTATION_CONTEXT('2D SPACE',''
  ) );
#6845 = ORIENTED_EDGE('',*,*,#6846,.F.);
#6846 = EDGE_CURVE('',#1462,#6810,#6847,.T.);
#6847 = SURFACE_CURVE('',#6848,(#6852,#6858),.PCURVE_S1.);
#6848 = LINE('',#6849,#6850);
#6849 = CARTESIAN_POINT('',(60.,19.,11.4));
#6850 = VECTOR('',#6851,1.);
#6851 = DIRECTION('',(0.,-1.,2.22044604925E-16));
#6852 = PCURVE('',#1506,#6853);
#6853 = DEFINITIONAL_REPRESENTATION('',(#6854),#6857);
#6854 = B_SPLINE_CURVE_WITH_KNOTS('',1,(#6855,#6856),.UNSPECIFIED.,.F.,
  .F.,(2,2),(-5.999999999062E-07,38.0000006),.PIECEWISE_BEZIER_KNOTS.);
#6855 = CARTESIAN_POINT('',(1.570796326795,-6.000000009276E-07));
#6856 = CARTESIAN_POINT('',(1.570796326795,38.0000006));
#6857 = ( GEOMETRIC_REPRESENTATION_CONTEXT(2) 
PARAMETRIC_REPRESENTATION_CONTEXT() REPRESENTATION_CONTEXT('2D SPACE',''
  ) );
#6858 = PCURVE('',#1477,#6859);
#6859 = DEFINITIONAL_REPRESENTATION('',(#6860),#6863);
#6860 = B_SPLINE_CURVE_WITH_KNOTS('',1,(#6861,#6862),.UNSPECIFIED.,.F.,
  .F.,(2,2),(-5.999999999062E-07,38.0000006),.PIECEWISE_BEZIER_KNOTS.);
#6861 = CARTESIAN_POINT('',(19.0000006,11.4));
#6862 = CARTESIAN_POINT('',(-19.0000006,11.4));
#6863 = ( GEOMETRIC_REPRESENTATION_CONTEXT(2) 
PARAMETRIC_REPRESENTATION_CONTEXT() REPRESENTATION_CONTEXT('2D SPACE',''
  ) );
#6864 = ADVANCED_FACE('',(#6865),#1477,.T.);
#6865 = FACE_BOUND('',#6866,.T.);
#6866 = EDGE_LOOP('',(#6867,#6868,#6869,#6892));
#6867 = ORIENTED_EDGE('',*,*,#6846,.F.);
#6868 = ORIENTED_EDGE('',*,*,#1461,.T.);
#6869 = ORIENTED_EDGE('',*,*,#6870,.T.);
#6870 = EDGE_CURVE('',#1434,#6871,#6873,.T.);
#6871 = VERTEX_POINT('',#6872);
#6872 = CARTESIAN_POINT('',(60.,-8.,13.856406460551));
#6873 = SURFACE_CURVE('',#6874,(#6878,#6885),.PCURVE_S1.);
#6874 = LINE('',#6875,#6876);
#6875 = CARTESIAN_POINT('',(60.,8.,13.856406460551));
#6876 = VECTOR('',#6877,1.);
#6877 = DIRECTION('',(0.,-1.,1.110223024625E-16));
#6878 = PCURVE('',#1477,#6879);
#6879 = DEFINITIONAL_REPRESENTATION('',(#6880),#6884);
#6880 = LINE('',#6881,#6882);
#6881 = CARTESIAN_POINT('',(8.,13.856406460551));
#6882 = VECTOR('',#6883,1.);
#6883 = DIRECTION('',(-1.,1.110223024625E-16));
#6884 = ( GEOMETRIC_REPRESENTATION_CONTEXT(2) 
PARAMETRIC_REPRESENTATION_CONTEXT() REPRESENTATION_CONTEXT('2D SPACE',''
  ) );
#6885 = PCURVE('',#1449,#6886);
#6886 = DEFINITIONAL_REPRESENTATION('',(#6887),#6891);
#6887 = LINE('',#6888,#6889);
#6888 = CARTESIAN_POINT('',(0.,60.));
#6889 = VECTOR('',#6890,1.);
#6890 = DIRECTION('',(1.,0.));
#6891 = ( GEOMETRIC_REPRESENTATION_CONTEXT(2) 
PARAMETRIC_REPRESENTATION_CONTEXT() REPRESENTATION_CONTEXT('2D SPACE',''
  ) );
#6892 = ORIENTED_EDGE('',*,*,#6893,.T.);
#6893 = EDGE_CURVE('',#6871,#6810,#6894,.T.);
#6894 = SURFACE_CURVE('',#6895,(#6899,#6906),.PCURVE_S1.);
#6895 = LINE('',#6896,#6897);
#6896 = CARTESIAN_POINT('',(60.,-8.,13.856406460551));
#6897 = VECTOR('',#6898,1.);
#6898 = DIRECTION('',(0.,-0.5,-0.866025403784));
#6899 = PCURVE('',#1477,#6900);
#6900 = DEFINITIONAL_REPRESENTATION('',(#6901),#6905);
#6901 = LINE('',#6902,#6903);
#6902 = CARTESIAN_POINT('',(-8.,13.856406460551));
#6903 = VECTOR('',#6904,1.);
#6904 = DIRECTION('',(-0.5,-0.866025403784));
#6905 = ( GEOMETRIC_REPRESENTATION_CONTEXT(2) 
PARAMETRIC_REPRESENTATION_CONTEXT() REPRESENTATION_CONTEXT('2D SPACE',''
  ) );
#6906 = PCURVE('',#2634,#6907);
#6907 = DEFINITIONAL_REPRESENTATION('',(#6908),#6912);
#6908 = LINE('',#6909,#6910);
#6909 = CARTESIAN_POINT('',(0.,60.));
#6910 = VECTOR('',#6911,1.);
#6911 = DIRECTION('',(1.,0.));
#6912 = ( GEOMETRIC_REPRESENTATION_CONTEXT(2) 
PARAMETRIC_REPRESENTATION_CONTEXT() REPRESENTATION_CONTEXT('2D SPACE',''
  ) );
#6913 = ADVANCED_FACE('',(#6914,#6960),#1449,.T.);
#6914 = FACE_BOUND('',#6915,.T.);
#6915 = EDGE_LOOP('',(#6916,#6917,#6938,#6959));
#6916 = ORIENTED_EDGE('',*,*,#1433,.F.);
#6917 = ORIENTED_EDGE('',*,*,#6918,.F.);
#6918 = EDGE_CURVE('',#6919,#1408,#6921,.T.);
#6919 = VERTEX_POINT('',#6920);
#6920 = CARTESIAN_POINT('',(32.569974093261,-8.,13.856406460551));
#6921 = SURFACE_CURVE('',#6922,(#6926,#6932),.PCURVE_S1.);
#6922 = LINE('',#6923,#6924);
#6923 = CARTESIAN_POINT('',(32.569974093261,4.,13.856406460551));
#6924 = VECTOR('',#6925,1.);
#6925 = DIRECTION('',(1.922962686384E-16,1.,-1.110223024625E-16));
#6926 = PCURVE('',#1449,#6927);
#6927 = DEFINITIONAL_REPRESENTATION('',(#6928),#6931);
#6928 = B_SPLINE_CURVE_WITH_KNOTS('',1,(#6929,#6930),.UNSPECIFIED.,.F.,
  .F.,(2,2),(-12.,4.),.PIECEWISE_BEZIER_KNOTS.);
#6929 = CARTESIAN_POINT('',(16.,32.569974093261));
#6930 = CARTESIAN_POINT('',(0.,32.569974093261));
#6931 = ( GEOMETRIC_REPRESENTATION_CONTEXT(2) 
PARAMETRIC_REPRESENTATION_CONTEXT() REPRESENTATION_CONTEXT('2D SPACE',''
  ) );
#6932 = PCURVE('',#1422,#6933);
#6933 = DEFINITIONAL_REPRESENTATION('',(#6934),#6937);
#6934 = B_SPLINE_CURVE_WITH_KNOTS('',1,(#6935,#6936),.UNSPECIFIED.,.F.,
  .F.,(2,2),(-12.,4.),.PIECEWISE_BEZIER_KNOTS.);
#6935 = CARTESIAN_POINT('',(4.112812921102,8.));
#6936 = CARTESIAN_POINT('',(4.112812921102,-8.));
#6937 = ( GEOMETRIC_REPRESENTATION_CONTEXT(2) 
PARAMETRIC_REPRESENTATION_CONTEXT() REPRESENTATION_CONTEXT('2D SPACE',''
  ) );
#6938 = ORIENTED_EDGE('',*,*,#6939,.T.);
#6939 = EDGE_CURVE('',#6919,#6871,#6940,.T.);
#6940 = SURFACE_CURVE('',#6941,(#6945,#6952),.PCURVE_S1.);
#6941 = LINE('',#6942,#6943);
#6942 = CARTESIAN_POINT('',(-60.,-8.,13.856406460551));
#6943 = VECTOR('',#6944,1.);
#6944 = DIRECTION('',(1.,0.,0.));
#6945 = PCURVE('',#1449,#6946);
#6946 = DEFINITIONAL_REPRESENTATION('',(#6947),#6951);
#6947 = LINE('',#6948,#6949);
#6948 = CARTESIAN_POINT('',(16.,-60.));
#6949 = VECTOR('',#6950,1.);
#6950 = DIRECTION('',(0.,1.));
#6951 = ( GEOMETRIC_REPRESENTATION_CONTEXT(2) 
PARAMETRIC_REPRESENTATION_CONTEXT() REPRESENTATION_CONTEXT('2D SPACE',''
  ) );
#6952 = PCURVE('',#2634,#6953);
#6953 = DEFINITIONAL_REPRESENTATION('',(#6954),#6958);
#6954 = LINE('',#6955,#6956);
#6955 = CARTESIAN_POINT('',(-0.,-60.));
#6956 = VECTOR('',#6957,1.);
#6957 = DIRECTION('',(0.,1.));
#6958 = ( GEOMETRIC_REPRESENTATION_CONTEXT(2) 
PARAMETRIC_REPRESENTATION_CONTEXT() REPRESENTATION_CONTEXT('2D SPACE',''
  ) );
#6959 = ORIENTED_EDGE('',*,*,#6870,.F.);
#6960 = FACE_BOUND('',#6961,.T.);
#6961 = EDGE_LOOP('',(#6962,#6990,#7016,#7042));
#6962 = ORIENTED_EDGE('',*,*,#6963,.T.);
#6963 = EDGE_CURVE('',#6964,#6966,#6968,.T.);
#6964 = VERTEX_POINT('',#6965);
#6965 = CARTESIAN_POINT('',(45.5,-3.,13.856406460551));
#6966 = VERTEX_POINT('',#6967);
#6967 = CARTESIAN_POINT('',(42.5,-3.,13.856406460551));
#6968 = SURFACE_CURVE('',#6969,(#6973,#6979),.PCURVE_S1.);
#6969 = LINE('',#6970,#6971);
#6970 = CARTESIAN_POINT('',(21.25,-3.,13.856406460551));
#6971 = VECTOR('',#6972,1.);
#6972 = DIRECTION('',(-1.,0.,-0.));
#6973 = PCURVE('',#1449,#6974);
#6974 = DEFINITIONAL_REPRESENTATION('',(#6975),#6978);
#6975 = B_SPLINE_CURVE_WITH_KNOTS('',1,(#6976,#6977),.UNSPECIFIED.,.F.,
  .F.,(2,2),(-24.25,-21.25),.PIECEWISE_BEZIER_KNOTS.);
#6976 = CARTESIAN_POINT('',(11.,45.5));
#6977 = CARTESIAN_POINT('',(11.,42.5));
#6978 = ( GEOMETRIC_REPRESENTATION_CONTEXT(2) 
PARAMETRIC_REPRESENTATION_CONTEXT() REPRESENTATION_CONTEXT('2D SPACE',''
  ) );
#6979 = PCURVE('',#6980,#6985);
#6980 = PLANE('',#6981);
#6981 = AXIS2_PLACEMENT_3D('',#6982,#6983,#6984);
#6982 = CARTESIAN_POINT('',(42.5,-3.,-19.));
#6983 = DIRECTION('',(0.,1.,0.));
#6984 = DIRECTION('',(0.,0.,1.));
#6985 = DEFINITIONAL_REPRESENTATION('',(#6986),#6989);
#6986 = B_SPLINE_CURVE_WITH_KNOTS('',1,(#6987,#6988),.UNSPECIFIED.,.F.,
  .F.,(2,2),(-24.25,-21.25),.PIECEWISE_BEZIER_KNOTS.);
#6987 = CARTESIAN_POINT('',(32.856406460551,3.));
#6988 = CARTESIAN_POINT('',(32.856406460551,0.));
#6989 = ( GEOMETRIC_REPRESENTATION_CONTEXT(2) 
PARAMETRIC_REPRESENTATION_CONTEXT() REPRESENTATION_CONTEXT('2D SPACE',''
  ) );
#6990 = ORIENTED_EDGE('',*,*,#6991,.T.);
#6991 = EDGE_CURVE('',#6966,#6992,#6994,.T.);
#6992 = VERTEX_POINT('',#6993);
#6993 = CARTESIAN_POINT('',(42.5,3.,13.856406460551));
#6994 = SURFACE_CURVE('',#6995,(#6999,#7005),.PCURVE_S1.);
#6995 = LINE('',#6996,#6997);
#6996 = CARTESIAN_POINT('',(42.5,2.5,13.856406460551));
#6997 = VECTOR('',#6998,1.);
#6998 = DIRECTION('',(0.,1.,-1.110223024625E-16));
#6999 = PCURVE('',#1449,#7000);
#7000 = DEFINITIONAL_REPRESENTATION('',(#7001),#7004);
#7001 = B_SPLINE_CURVE_WITH_KNOTS('',1,(#7002,#7003),.UNSPECIFIED.,.F.,
  .F.,(2,2),(-5.5,0.5),.PIECEWISE_BEZIER_KNOTS.);
#7002 = CARTESIAN_POINT('',(11.,42.5));
#7003 = CARTESIAN_POINT('',(5.,42.5));
#7004 = ( GEOMETRIC_REPRESENTATION_CONTEXT(2) 
PARAMETRIC_REPRESENTATION_CONTEXT() REPRESENTATION_CONTEXT('2D SPACE',''
  ) );
#7005 = PCURVE('',#7006,#7011);
#7006 = PLANE('',#7007);
#7007 = AXIS2_PLACEMENT_3D('',#7008,#7009,#7010);
#7008 = CARTESIAN_POINT('',(42.5,-3.,-19.));
#7009 = DIRECTION('',(1.,0.,0.));
#7010 = DIRECTION('',(0.,0.,1.));
#7011 = DEFINITIONAL_REPRESENTATION('',(#7012),#7015);
#7012 = B_SPLINE_CURVE_WITH_KNOTS('',1,(#7013,#7014),.UNSPECIFIED.,.F.,
  .F.,(2,2),(-5.5,0.5),.PIECEWISE_BEZIER_KNOTS.);
#7013 = CARTESIAN_POINT('',(32.856406460551,0.));
#7014 = CARTESIAN_POINT('',(32.856406460551,-6.));
#7015 = ( GEOMETRIC_REPRESENTATION_CONTEXT(2) 
PARAMETRIC_REPRESENTATION_CONTEXT() REPRESENTATION_CONTEXT('2D SPACE',''
  ) );
#7016 = ORIENTED_EDGE('',*,*,#7017,.F.);
#7017 = EDGE_CURVE('',#7018,#6992,#7020,.T.);
#7018 = VERTEX_POINT('',#7019);
#7019 = CARTESIAN_POINT('',(45.5,3.,13.856406460551));
#7020 = SURFACE_CURVE('',#7021,(#7025,#7031),.PCURVE_S1.);
#7021 = LINE('',#7022,#7023);
#7022 = CARTESIAN_POINT('',(21.25,3.,13.856406460551));
#7023 = VECTOR('',#7024,1.);
#7024 = DIRECTION('',(-1.,0.,-0.));
#7025 = PCURVE('',#1449,#7026);
#7026 = DEFINITIONAL_REPRESENTATION('',(#7027),#7030);
#7027 = B_SPLINE_CURVE_WITH_KNOTS('',1,(#7028,#7029),.UNSPECIFIED.,.F.,
  .F.,(2,2),(-24.25,-21.25),.PIECEWISE_BEZIER_KNOTS.);
#7028 = CARTESIAN_POINT('',(5.,45.5));
#7029 = CARTESIAN_POINT('',(5.,42.5));
#7030 = ( GEOMETRIC_REPRESENTATION_CONTEXT(2) 
PARAMETRIC_REPRESENTATION_CONTEXT() REPRESENTATION_CONTEXT('2D SPACE',''
  ) );
#7031 = PCURVE('',#7032,#7037);
#7032 = PLANE('',#7033);
#7033 = AXIS2_PLACEMENT_3D('',#7034,#7035,#7036);
#7034 = CARTESIAN_POINT('',(42.5,3.,-19.));
#7035 = DIRECTION('',(0.,1.,0.));
#7036 = DIRECTION('',(0.,0.,1.));
#7037 = DEFINITIONAL_REPRESENTATION('',(#7038),#7041);
#7038 = B_SPLINE_CURVE_WITH_KNOTS('',1,(#7039,#7040),.UNSPECIFIED.,.F.,
  .F.,(2,2),(-24.25,-21.25),.PIECEWISE_BEZIER_KNOTS.);
#7039 = CARTESIAN_POINT('',(32.856406460551,3.));
#7040 = CARTESIAN_POINT('',(32.856406460551,0.));
#7041 = ( GEOMETRIC_REPRESENTATION_CONTEXT(2) 
PARAMETRIC_REPRESENTATION_CONTEXT() REPRESENTATION_CONTEXT('2D SPACE',''
  ) );
#7042 = ORIENTED_EDGE('',*,*,#7043,.F.);
#7043 = EDGE_CURVE('',#6964,#7018,#7044,.T.);
#7044 = SURFACE_CURVE('',#7045,(#7049,#7055),.PCURVE_S1.);
#7045 = LINE('',#7046,#7047);
#7046 = CARTESIAN_POINT('',(45.5,2.5,13.856406460551));
#7047 = VECTOR('',#7048,1.);
#7048 = DIRECTION('',(0.,1.,-1.110223024625E-16));
#7049 = PCURVE('',#1449,#7050);
#7050 = DEFINITIONAL_REPRESENTATION('',(#7051),#7054);
#7051 = B_SPLINE_CURVE_WITH_KNOTS('',1,(#7052,#7053),.UNSPECIFIED.,.F.,
  .F.,(2,2),(-5.5,0.5),.PIECEWISE_BEZIER_KNOTS.);
#7052 = CARTESIAN_POINT('',(11.,45.5));
#7053 = CARTESIAN_POINT('',(5.,45.5));
#7054 = ( GEOMETRIC_REPRESENTATION_CONTEXT(2) 
PARAMETRIC_REPRESENTATION_CONTEXT() REPRESENTATION_CONTEXT('2D SPACE',''
  ) );
#7055 = PCURVE('',#7056,#7061);
#7056 = PLANE('',#7057);
#7057 = AXIS2_PLACEMENT_3D('',#7058,#7059,#7060);
#7058 = CARTESIAN_POINT('',(45.5,-3.,-19.));
#7059 = DIRECTION('',(1.,0.,0.));
#7060 = DIRECTION('',(0.,0.,1.));
#7061 = DEFINITIONAL_REPRESENTATION('',(#7062),#7065);
#7062 = B_SPLINE_CURVE_WITH_KNOTS('',1,(#7063,#7064),.UNSPECIFIED.,.F.,
  .F.,(2,2),(-5.5,0.5),.PIECEWISE_BEZIER_KNOTS.);
#7063 = CARTESIAN_POINT('',(32.856406460551,0.));
#7064 = CARTESIAN_POINT('',(32.856406460551,-6.));
#7065 = ( GEOMETRIC_REPRESENTATION_CONTEXT(2) 
PARAMETRIC_REPRESENTATION_CONTEXT() REPRESENTATION_CONTEXT('2D SPACE',''
  ) );
#7066 = ADVANCED_FACE('',(#7067),#1422,.F.);
#7067 = FACE_BOUND('',#7068,.F.);
#7068 = EDGE_LOOP('',(#7069,#7092,#7093,#7094));
#7069 = ORIENTED_EDGE('',*,*,#7070,.T.);
#7070 = EDGE_CURVE('',#7071,#1382,#7073,.T.);
#7071 = VERTEX_POINT('',#7072);
#7072 = CARTESIAN_POINT('',(36.131774563948,-9.187266823562,11.8));
#7073 = SURFACE_CURVE('',#7074,(#7078,#7085),.PCURVE_S1.);
#7074 = LINE('',#7075,#7076);
#7075 = CARTESIAN_POINT('',(36.131774563948,-21.,11.8));
#7076 = VECTOR('',#7077,1.);
#7077 = DIRECTION('',(0.,1.,0.));
#7078 = PCURVE('',#1422,#7079);
#7079 = DEFINITIONAL_REPRESENTATION('',(#7080),#7084);
#7080 = LINE('',#7081,#7082);
#7081 = CARTESIAN_POINT('',(0.,21.));
#7082 = VECTOR('',#7083,1.);
#7083 = DIRECTION('',(0.,-1.));
#7084 = ( GEOMETRIC_REPRESENTATION_CONTEXT(2) 
PARAMETRIC_REPRESENTATION_CONTEXT() REPRESENTATION_CONTEXT('2D SPACE',''
  ) );
#7085 = PCURVE('',#1396,#7086);
#7086 = DEFINITIONAL_REPRESENTATION('',(#7087),#7091);
#7087 = LINE('',#7088,#7089);
#7088 = CARTESIAN_POINT('',(5.,21.));
#7089 = VECTOR('',#7090,1.);
#7090 = DIRECTION('',(0.,-1.));
#7091 = ( GEOMETRIC_REPRESENTATION_CONTEXT(2) 
PARAMETRIC_REPRESENTATION_CONTEXT() REPRESENTATION_CONTEXT('2D SPACE',''
  ) );
#7092 = ORIENTED_EDGE('',*,*,#1407,.F.);
#7093 = ORIENTED_EDGE('',*,*,#6918,.F.);
#7094 = ORIENTED_EDGE('',*,*,#7095,.F.);
#7095 = EDGE_CURVE('',#7071,#6919,#7096,.T.);
#7096 = SURFACE_CURVE('',#7097,(#7101,#7107),.PCURVE_S1.);
#7097 = LINE('',#7098,#7099);
#7098 = CARTESIAN_POINT('',(22.016583278218,-4.482203061653,
    19.949409488479));
#7099 = VECTOR('',#7100,1.);
#7100 = DIRECTION('',(-0.832050294338,0.277350098113,0.480384461415));
#7101 = PCURVE('',#1422,#7102);
#7102 = DEFINITIONAL_REPRESENTATION('',(#7103),#7106);
#7103 = B_SPLINE_CURVE_WITH_KNOTS('',1,(#7104,#7105),.UNSPECIFIED.,.F.,
  .F.,(2,2),(-16.96434864789,-12.68359723788),.PIECEWISE_BEZIER_KNOTS.);
#7104 = CARTESIAN_POINT('',(-1.406067502623E-15,9.187266823562));
#7105 = CARTESIAN_POINT('',(4.112812921102,8.));
#7106 = ( GEOMETRIC_REPRESENTATION_CONTEXT(2) 
PARAMETRIC_REPRESENTATION_CONTEXT() REPRESENTATION_CONTEXT('2D SPACE',''
  ) );
#7107 = PCURVE('',#2634,#7108);
#7108 = DEFINITIONAL_REPRESENTATION('',(#7109),#7112);
#7109 = B_SPLINE_CURVE_WITH_KNOTS('',1,(#7110,#7111),.UNSPECIFIED.,.F.,
  .F.,(2,2),(-16.96434864789,-12.68359723788),.PIECEWISE_BEZIER_KNOTS.);
#7110 = CARTESIAN_POINT('',(2.374533647125,36.131774563948));
#7111 = CARTESIAN_POINT('',(1.921541233302E-15,32.569974093261));
#7112 = ( GEOMETRIC_REPRESENTATION_CONTEXT(2) 
PARAMETRIC_REPRESENTATION_CONTEXT() REPRESENTATION_CONTEXT('2D SPACE',''
  ) );
#7113 = ADVANCED_FACE('',(#7114),#1396,.F.);
#7114 = FACE_BOUND('',#7115,.F.);
#7115 = EDGE_LOOP('',(#7116,#7139,#7140,#7141));
#7116 = ORIENTED_EDGE('',*,*,#7117,.T.);
#7117 = EDGE_CURVE('',#7118,#1356,#7120,.T.);
#7118 = VERTEX_POINT('',#7119);
#7119 = CARTESIAN_POINT('',(36.131774563948,-12.07401816951,6.8));
#7120 = SURFACE_CURVE('',#7121,(#7125,#7132),.PCURVE_S1.);
#7121 = LINE('',#7122,#7123);
#7122 = CARTESIAN_POINT('',(36.131774563948,-21.,6.8));
#7123 = VECTOR('',#7124,1.);
#7124 = DIRECTION('',(0.,1.,0.));
#7125 = PCURVE('',#1396,#7126);
#7126 = DEFINITIONAL_REPRESENTATION('',(#7127),#7131);
#7127 = LINE('',#7128,#7129);
#7128 = CARTESIAN_POINT('',(0.,21.));
#7129 = VECTOR('',#7130,1.);
#7130 = DIRECTION('',(0.,-1.));
#7131 = ( GEOMETRIC_REPRESENTATION_CONTEXT(2) 
PARAMETRIC_REPRESENTATION_CONTEXT() REPRESENTATION_CONTEXT('2D SPACE',''
  ) );
#7132 = PCURVE('',#1370,#7133);
#7133 = DEFINITIONAL_REPRESENTATION('',(#7134),#7138);
#7134 = LINE('',#7135,#7136);
#7135 = CARTESIAN_POINT('',(5.,21.));
#7136 = VECTOR('',#7137,1.);
#7137 = DIRECTION('',(0.,-1.));
#7138 = ( GEOMETRIC_REPRESENTATION_CONTEXT(2) 
PARAMETRIC_REPRESENTATION_CONTEXT() REPRESENTATION_CONTEXT('2D SPACE',''
  ) );
#7139 = ORIENTED_EDGE('',*,*,#1381,.F.);
#7140 = ORIENTED_EDGE('',*,*,#7070,.F.);
#7141 = ORIENTED_EDGE('',*,*,#7142,.F.);
#7142 = EDGE_CURVE('',#7118,#7071,#7143,.T.);
#7143 = SURFACE_CURVE('',#7144,(#7148,#7154),.PCURVE_S1.);
#7144 = LINE('',#7145,#7146);
#7145 = CARTESIAN_POINT('',(36.131774563948,-8.527756813566,
    12.942304845413));
#7146 = VECTOR('',#7147,1.);
#7147 = DIRECTION('',(1.538370149107E-16,0.5,0.866025403784));
#7148 = PCURVE('',#1396,#7149);
#7149 = DEFINITIONAL_REPRESENTATION('',(#7150),#7153);
#7150 = B_SPLINE_CURVE_WITH_KNOTS('',1,(#7151,#7152),.UNSPECIFIED.,.F.,
  .F.,(2,2),(-7.092522711888,-1.319020019992),.PIECEWISE_BEZIER_KNOTS.);
#7151 = CARTESIAN_POINT('',(-1.18835163009E-15,12.074018169511));
#7152 = CARTESIAN_POINT('',(5.,9.187266823562));
#7153 = ( GEOMETRIC_REPRESENTATION_CONTEXT(2) 
PARAMETRIC_REPRESENTATION_CONTEXT() REPRESENTATION_CONTEXT('2D SPACE',''
  ) );
#7154 = PCURVE('',#2634,#7155);
#7155 = DEFINITIONAL_REPRESENTATION('',(#7156),#7159);
#7156 = B_SPLINE_CURVE_WITH_KNOTS('',1,(#7157,#7158),.UNSPECIFIED.,.F.,
  .F.,(2,2),(-7.092522711888,-1.319020019992),.PIECEWISE_BEZIER_KNOTS.);
#7157 = CARTESIAN_POINT('',(8.148036339021,36.131774563948));
#7158 = CARTESIAN_POINT('',(2.374533647125,36.131774563948));
#7159 = ( GEOMETRIC_REPRESENTATION_CONTEXT(2) 
PARAMETRIC_REPRESENTATION_CONTEXT() REPRESENTATION_CONTEXT('2D SPACE',''
  ) );
#7160 = ADVANCED_FACE('',(#7161),#1370,.F.);
#7161 = FACE_BOUND('',#7162,.F.);
#7162 = EDGE_LOOP('',(#7163,#7186,#7187,#7188));
#7163 = ORIENTED_EDGE('',*,*,#7164,.F.);
#7164 = EDGE_CURVE('',#1330,#7165,#7167,.T.);
#7165 = VERTEX_POINT('',#7166);
#7166 = CARTESIAN_POINT('',(31.801647545026,-13.51739384248,4.3));
#7167 = SURFACE_CURVE('',#7168,(#7172,#7179),.PCURVE_S1.);
#7168 = LINE('',#7169,#7170);
#7169 = CARTESIAN_POINT('',(31.801647545026,21.,4.3));
#7170 = VECTOR('',#7171,1.);
#7171 = DIRECTION('',(0.,-1.,0.));
#7172 = PCURVE('',#1370,#7173);
#7173 = DEFINITIONAL_REPRESENTATION('',(#7174),#7178);
#7174 = LINE('',#7175,#7176);
#7175 = CARTESIAN_POINT('',(0.,-21.));
#7176 = VECTOR('',#7177,1.);
#7177 = DIRECTION('',(0.,1.));
#7178 = ( GEOMETRIC_REPRESENTATION_CONTEXT(2) 
PARAMETRIC_REPRESENTATION_CONTEXT() REPRESENTATION_CONTEXT('2D SPACE',''
  ) );
#7179 = PCURVE('',#1344,#7180);
#7180 = DEFINITIONAL_REPRESENTATION('',(#7181),#7185);
#7181 = LINE('',#7182,#7183);
#7182 = CARTESIAN_POINT('',(5.,-21.));
#7183 = VECTOR('',#7184,1.);
#7184 = DIRECTION('',(0.,1.));
#7185 = ( GEOMETRIC_REPRESENTATION_CONTEXT(2) 
PARAMETRIC_REPRESENTATION_CONTEXT() REPRESENTATION_CONTEXT('2D SPACE',''
  ) );
#7186 = ORIENTED_EDGE('',*,*,#1355,.F.);
#7187 = ORIENTED_EDGE('',*,*,#7117,.F.);
#7188 = ORIENTED_EDGE('',*,*,#7189,.F.);
#7189 = EDGE_CURVE('',#7165,#7118,#7190,.T.);
#7190 = SURFACE_CURVE('',#7191,(#7195,#7201),.PCURVE_S1.);
#7191 = LINE('',#7192,#7193);
#7192 = CARTESIAN_POINT('',(24.899573688566,-15.81808512797,
    0.315085801006));
#7193 = VECTOR('',#7194,1.);
#7194 = DIRECTION('',(0.832050294338,0.277350098113,0.480384461415));
#7195 = PCURVE('',#1370,#7196);
#7196 = DEFINITIONAL_REPRESENTATION('',(#7197),#7200);
#7197 = B_SPLINE_CURVE_WITH_KNOTS('',1,(#7198,#7199),.UNSPECIFIED.,.F.,
  .F.,(2,2),(8.295260398835,13.499425397501),.PIECEWISE_BEZIER_KNOTS.);
#7198 = CARTESIAN_POINT('',(8.012956480722E-16,13.517393842485));
#7199 = CARTESIAN_POINT('',(5.,12.074018169511));
#7200 = ( GEOMETRIC_REPRESENTATION_CONTEXT(2) 
PARAMETRIC_REPRESENTATION_CONTEXT() REPRESENTATION_CONTEXT('2D SPACE',''
  ) );
#7201 = PCURVE('',#2634,#7202);
#7202 = DEFINITIONAL_REPRESENTATION('',(#7203),#7206);
#7203 = B_SPLINE_CURVE_WITH_KNOTS('',1,(#7204,#7205),.UNSPECIFIED.,.F.,
  .F.,(2,2),(8.295260398835,13.499425397501),.PIECEWISE_BEZIER_KNOTS.);
#7204 = CARTESIAN_POINT('',(11.034787684969,31.801647545026));
#7205 = CARTESIAN_POINT('',(8.148036339021,36.131774563948));
#7206 = ( GEOMETRIC_REPRESENTATION_CONTEXT(2) 
PARAMETRIC_REPRESENTATION_CONTEXT() REPRESENTATION_CONTEXT('2D SPACE',''
  ) );
#7207 = ADVANCED_FACE('',(#7208),#1344,.F.);
#7208 = FACE_BOUND('',#7209,.F.);
#7209 = EDGE_LOOP('',(#7210,#7233,#7234,#7235));
#7210 = ORIENTED_EDGE('',*,*,#7211,.F.);
#7211 = EDGE_CURVE('',#1304,#7212,#7214,.T.);
#7212 = VERTEX_POINT('',#7213);
#7213 = CARTESIAN_POINT('',(27.471520526104,-12.07401816951,6.8));
#7214 = SURFACE_CURVE('',#7215,(#7219,#7226),.PCURVE_S1.);
#7215 = LINE('',#7216,#7217);
#7216 = CARTESIAN_POINT('',(27.471520526104,21.,6.8));
#7217 = VECTOR('',#7218,1.);
#7218 = DIRECTION('',(0.,-1.,0.));
#7219 = PCURVE('',#1344,#7220);
#7220 = DEFINITIONAL_REPRESENTATION('',(#7221),#7225);
#7221 = LINE('',#7222,#7223);
#7222 = CARTESIAN_POINT('',(0.,-21.));
#7223 = VECTOR('',#7224,1.);
#7224 = DIRECTION('',(0.,1.));
#7225 = ( GEOMETRIC_REPRESENTATION_CONTEXT(2) 
PARAMETRIC_REPRESENTATION_CONTEXT() REPRESENTATION_CONTEXT('2D SPACE',''
  ) );
#7226 = PCURVE('',#1318,#7227);
#7227 = DEFINITIONAL_REPRESENTATION('',(#7228),#7232);
#7228 = LINE('',#7229,#7230);
#7229 = CARTESIAN_POINT('',(5.,-21.));
#7230 = VECTOR('',#7231,1.);
#7231 = DIRECTION('',(-0.,1.));
#7232 = ( GEOMETRIC_REPRESENTATION_CONTEXT(2) 
PARAMETRIC_REPRESENTATION_CONTEXT() REPRESENTATION_CONTEXT('2D SPACE',''
  ) );
#7233 = ORIENTED_EDGE('',*,*,#1329,.F.);
#7234 = ORIENTED_EDGE('',*,*,#7164,.T.);
#7235 = ORIENTED_EDGE('',*,*,#7236,.F.);
#7236 = EDGE_CURVE('',#7212,#7165,#7237,.T.);
#7237 = SURFACE_CURVE('',#7238,(#7242,#7248),.PCURVE_S1.);
#7238 = LINE('',#7239,#7240);
#7239 = CARTESIAN_POINT('',(14.688676015427,-7.813069999285,
    14.180178719248));
#7240 = VECTOR('',#7241,1.);
#7241 = DIRECTION('',(0.832050294338,-0.277350098113,-0.480384461415));
#7242 = PCURVE('',#1344,#7243);
#7243 = DEFINITIONAL_REPRESENTATION('',(#7244),#7247);
#7244 = B_SPLINE_CURVE_WITH_KNOTS('',1,(#7245,#7246),.UNSPECIFIED.,.F.,
  .F.,(2,2),(15.363067109843,20.567232108508),.PIECEWISE_BEZIER_KNOTS.);
#7245 = CARTESIAN_POINT('',(2.595776204112E-15,12.074018169511));
#7246 = CARTESIAN_POINT('',(5.,13.517393842485));
#7247 = ( GEOMETRIC_REPRESENTATION_CONTEXT(2) 
PARAMETRIC_REPRESENTATION_CONTEXT() REPRESENTATION_CONTEXT('2D SPACE',''
  ) );
#7248 = PCURVE('',#2634,#7249);
#7249 = DEFINITIONAL_REPRESENTATION('',(#7250),#7253);
#7250 = B_SPLINE_CURVE_WITH_KNOTS('',1,(#7251,#7252),.UNSPECIFIED.,.F.,
  .F.,(2,2),(15.363067109843,20.567232108508),.PIECEWISE_BEZIER_KNOTS.);
#7251 = CARTESIAN_POINT('',(8.148036339021,27.471520526104));
#7252 = CARTESIAN_POINT('',(11.034787684969,31.801647545026));
#7253 = ( GEOMETRIC_REPRESENTATION_CONTEXT(2) 
PARAMETRIC_REPRESENTATION_CONTEXT() REPRESENTATION_CONTEXT('2D SPACE',''
  ) );
#7254 = ADVANCED_FACE('',(#7255),#1318,.F.);
#7255 = FACE_BOUND('',#7256,.F.);
#7256 = EDGE_LOOP('',(#7257,#7280,#7281,#7282));
#7257 = ORIENTED_EDGE('',*,*,#7258,.F.);
#7258 = EDGE_CURVE('',#1278,#7259,#7261,.T.);
#7259 = VERTEX_POINT('',#7260);
#7260 = CARTESIAN_POINT('',(27.471520526104,-9.187266823562,11.8));
#7261 = SURFACE_CURVE('',#7262,(#7266,#7273),.PCURVE_S1.);
#7262 = LINE('',#7263,#7264);
#7263 = CARTESIAN_POINT('',(27.471520526104,21.,11.8));
#7264 = VECTOR('',#7265,1.);
#7265 = DIRECTION('',(0.,-1.,0.));
#7266 = PCURVE('',#1318,#7267);
#7267 = DEFINITIONAL_REPRESENTATION('',(#7268),#7272);
#7268 = LINE('',#7269,#7270);
#7269 = CARTESIAN_POINT('',(0.,-21.));
#7270 = VECTOR('',#7271,1.);
#7271 = DIRECTION('',(-0.,1.));
#7272 = ( GEOMETRIC_REPRESENTATION_CONTEXT(2) 
PARAMETRIC_REPRESENTATION_CONTEXT() REPRESENTATION_CONTEXT('2D SPACE',''
  ) );
#7273 = PCURVE('',#1292,#7274);
#7274 = DEFINITIONAL_REPRESENTATION('',(#7275),#7279);
#7275 = LINE('',#7276,#7277);
#7276 = CARTESIAN_POINT('',(5.,-21.));
#7277 = VECTOR('',#7278,1.);
#7278 = DIRECTION('',(-0.,1.));
#7279 = ( GEOMETRIC_REPRESENTATION_CONTEXT(2) 
PARAMETRIC_REPRESENTATION_CONTEXT() REPRESENTATION_CONTEXT('2D SPACE',''
  ) );
#7280 = ORIENTED_EDGE('',*,*,#1303,.F.);
#7281 = ORIENTED_EDGE('',*,*,#7211,.T.);
#7282 = ORIENTED_EDGE('',*,*,#7283,.F.);
#7283 = EDGE_CURVE('',#7259,#7212,#7284,.T.);
#7284 = SURFACE_CURVE('',#7285,(#7289,#7295),.PCURVE_S1.);
#7285 = LINE('',#7286,#7287);
#7286 = CARTESIAN_POINT('',(27.471520526104,-7.445225058836,
    14.817304845413));
#7287 = VECTOR('',#7288,1.);
#7288 = DIRECTION('',(-3.076740298214E-16,-0.5,-0.866025403784));
#7289 = PCURVE('',#1318,#7290);
#7290 = DEFINITIONAL_REPRESENTATION('',(#7291),#7294);
#7291 = B_SPLINE_CURVE_WITH_KNOTS('',1,(#7292,#7293),.UNSPECIFIED.,.F.,
  .F.,(2,2),(3.484083529453,9.257586221349),.PIECEWISE_BEZIER_KNOTS.);
#7292 = CARTESIAN_POINT('',(3.919166383007E-16,9.187266823562));
#7293 = CARTESIAN_POINT('',(5.,12.074018169511));
#7294 = ( GEOMETRIC_REPRESENTATION_CONTEXT(2) 
PARAMETRIC_REPRESENTATION_CONTEXT() REPRESENTATION_CONTEXT('2D SPACE',''
  ) );
#7295 = PCURVE('',#2634,#7296);
#7296 = DEFINITIONAL_REPRESENTATION('',(#7297),#7300);
#7297 = B_SPLINE_CURVE_WITH_KNOTS('',1,(#7298,#7299),.UNSPECIFIED.,.F.,
  .F.,(2,2),(3.484083529453,9.257586221349),.PIECEWISE_BEZIER_KNOTS.);
#7298 = CARTESIAN_POINT('',(2.374533647125,27.471520526104));
#7299 = CARTESIAN_POINT('',(8.148036339021,27.471520526104));
#7300 = ( GEOMETRIC_REPRESENTATION_CONTEXT(2) 
PARAMETRIC_REPRESENTATION_CONTEXT() REPRESENTATION_CONTEXT('2D SPACE',''
  ) );
#7301 = ADVANCED_FACE('',(#7302),#1292,.F.);
#7302 = FACE_BOUND('',#7303,.F.);
#7303 = EDGE_LOOP('',(#7304,#7305,#7306,#7327));
#7304 = ORIENTED_EDGE('',*,*,#1277,.F.);
#7305 = ORIENTED_EDGE('',*,*,#7258,.T.);
#7306 = ORIENTED_EDGE('',*,*,#7307,.F.);
#7307 = EDGE_CURVE('',#7308,#7259,#7310,.T.);
#7308 = VERTEX_POINT('',#7309);
#7309 = CARTESIAN_POINT('',(31.033320996791,-8.,13.856406460551));
#7310 = SURFACE_CURVE('',#7311,(#7315,#7321),.PCURVE_S1.);
#7311 = LINE('',#7312,#7313);
#7312 = CARTESIAN_POINT('',(21.568706750933,-11.15487141528,
    8.392008877929));
#7313 = VECTOR('',#7314,1.);
#7314 = DIRECTION('',(-0.832050294338,-0.277350098113,-0.480384461415));
#7315 = PCURVE('',#1292,#7316);
#7316 = DEFINITIONAL_REPRESENTATION('',(#7317),#7320);
#7317 = B_SPLINE_CURVE_WITH_KNOTS('',1,(#7318,#7319),.UNSPECIFIED.,.F.,
  .F.,(2,2),(-11.3750506553,-7.094299245297),.PIECEWISE_BEZIER_KNOTS.);
#7318 = CARTESIAN_POINT('',(0.887187078898,8.));
#7319 = CARTESIAN_POINT('',(5.,9.187266823562));
#7320 = ( GEOMETRIC_REPRESENTATION_CONTEXT(2) 
PARAMETRIC_REPRESENTATION_CONTEXT() REPRESENTATION_CONTEXT('2D SPACE',''
  ) );
#7321 = PCURVE('',#2634,#7322);
#7322 = DEFINITIONAL_REPRESENTATION('',(#7323),#7326);
#7323 = B_SPLINE_CURVE_WITH_KNOTS('',1,(#7324,#7325),.UNSPECIFIED.,.F.,
  .F.,(2,2),(-11.3750506553,-7.094299245297),.PIECEWISE_BEZIER_KNOTS.);
#7324 = CARTESIAN_POINT('',(-2.687712417396E-15,31.033320996791));
#7325 = CARTESIAN_POINT('',(2.374533647125,27.471520526104));
#7326 = ( GEOMETRIC_REPRESENTATION_CONTEXT(2) 
PARAMETRIC_REPRESENTATION_CONTEXT() REPRESENTATION_CONTEXT('2D SPACE',''
  ) );
#7327 = ORIENTED_EDGE('',*,*,#7328,.F.);
#7328 = EDGE_CURVE('',#1250,#7308,#7329,.T.);
#7329 = SURFACE_CURVE('',#7330,(#7334,#7340),.PCURVE_S1.);
#7330 = LINE('',#7331,#7332);
#7331 = CARTESIAN_POINT('',(31.033320996791,4.,13.856406460551));
#7332 = VECTOR('',#7333,1.);
#7333 = DIRECTION('',(1.922962686384E-16,-1.,1.110223024625E-16));
#7334 = PCURVE('',#1292,#7335);
#7335 = DEFINITIONAL_REPRESENTATION('',(#7336),#7339);
#7336 = B_SPLINE_CURVE_WITH_KNOTS('',1,(#7337,#7338),.UNSPECIFIED.,.F.,
  .F.,(2,2),(-4.,12.),.PIECEWISE_BEZIER_KNOTS.);
#7337 = CARTESIAN_POINT('',(0.887187078898,-8.));
#7338 = CARTESIAN_POINT('',(0.887187078898,8.));
#7339 = ( GEOMETRIC_REPRESENTATION_CONTEXT(2) 
PARAMETRIC_REPRESENTATION_CONTEXT() REPRESENTATION_CONTEXT('2D SPACE',''
  ) );
#7340 = PCURVE('',#1265,#7341);
#7341 = DEFINITIONAL_REPRESENTATION('',(#7342),#7345);
#7342 = B_SPLINE_CURVE_WITH_KNOTS('',1,(#7343,#7344),.UNSPECIFIED.,.F.,
  .F.,(2,2),(-4.,12.),.PIECEWISE_BEZIER_KNOTS.);
#7343 = CARTESIAN_POINT('',(0.,31.033320996791));
#7344 = CARTESIAN_POINT('',(16.,31.033320996791));
#7345 = ( GEOMETRIC_REPRESENTATION_CONTEXT(2) 
PARAMETRIC_REPRESENTATION_CONTEXT() REPRESENTATION_CONTEXT('2D SPACE',''
  ) );
#7346 = ADVANCED_FACE('',(#7347),#1265,.T.);
#7347 = FACE_BOUND('',#7348,.T.);
#7348 = EDGE_LOOP('',(#7349,#7350,#7371,#7392));
#7349 = ORIENTED_EDGE('',*,*,#1249,.F.);
#7350 = ORIENTED_EDGE('',*,*,#7351,.F.);
#7351 = EDGE_CURVE('',#7352,#1224,#7354,.T.);
#7352 = VERTEX_POINT('',#7353);
#7353 = CARTESIAN_POINT('',(21.831259086334,-8.,13.856406460551));
#7354 = SURFACE_CURVE('',#7355,(#7359,#7365),.PCURVE_S1.);
#7355 = LINE('',#7356,#7357);
#7356 = CARTESIAN_POINT('',(21.831259086334,4.,13.856406460551));
#7357 = VECTOR('',#7358,1.);
#7358 = DIRECTION('',(1.922962686384E-16,1.,-1.110223024625E-16));
#7359 = PCURVE('',#1265,#7360);
#7360 = DEFINITIONAL_REPRESENTATION('',(#7361),#7364);
#7361 = B_SPLINE_CURVE_WITH_KNOTS('',1,(#7362,#7363),.UNSPECIFIED.,.F.,
  .F.,(2,2),(-12.,4.),.PIECEWISE_BEZIER_KNOTS.);
#7362 = CARTESIAN_POINT('',(16.,21.831259086334));
#7363 = CARTESIAN_POINT('',(0.,21.831259086334));
#7364 = ( GEOMETRIC_REPRESENTATION_CONTEXT(2) 
PARAMETRIC_REPRESENTATION_CONTEXT() REPRESENTATION_CONTEXT('2D SPACE',''
  ) );
#7365 = PCURVE('',#1238,#7366);
#7366 = DEFINITIONAL_REPRESENTATION('',(#7367),#7370);
#7367 = B_SPLINE_CURVE_WITH_KNOTS('',1,(#7368,#7369),.UNSPECIFIED.,.F.,
  .F.,(2,2),(-12.,4.),.PIECEWISE_BEZIER_KNOTS.);
#7368 = CARTESIAN_POINT('',(4.112812921102,8.));
#7369 = CARTESIAN_POINT('',(4.112812921102,-8.));
#7370 = ( GEOMETRIC_REPRESENTATION_CONTEXT(2) 
PARAMETRIC_REPRESENTATION_CONTEXT() REPRESENTATION_CONTEXT('2D SPACE',''
  ) );
#7371 = ORIENTED_EDGE('',*,*,#7372,.T.);
#7372 = EDGE_CURVE('',#7352,#7308,#7373,.T.);
#7373 = SURFACE_CURVE('',#7374,(#7378,#7385),.PCURVE_S1.);
#7374 = LINE('',#7375,#7376);
#7375 = CARTESIAN_POINT('',(-60.,-8.,13.856406460551));
#7376 = VECTOR('',#7377,1.);
#7377 = DIRECTION('',(1.,0.,0.));
#7378 = PCURVE('',#1265,#7379);
#7379 = DEFINITIONAL_REPRESENTATION('',(#7380),#7384);
#7380 = LINE('',#7381,#7382);
#7381 = CARTESIAN_POINT('',(16.,-60.));
#7382 = VECTOR('',#7383,1.);
#7383 = DIRECTION('',(0.,1.));
#7384 = ( GEOMETRIC_REPRESENTATION_CONTEXT(2) 
PARAMETRIC_REPRESENTATION_CONTEXT() REPRESENTATION_CONTEXT('2D SPACE',''
  ) );
#7385 = PCURVE('',#2634,#7386);
#7386 = DEFINITIONAL_REPRESENTATION('',(#7387),#7391);
#7387 = LINE('',#7388,#7389);
#7388 = CARTESIAN_POINT('',(-0.,-60.));
#7389 = VECTOR('',#7390,1.);
#7390 = DIRECTION('',(0.,1.));
#7391 = ( GEOMETRIC_REPRESENTATION_CONTEXT(2) 
PARAMETRIC_REPRESENTATION_CONTEXT() REPRESENTATION_CONTEXT('2D SPACE',''
  ) );
#7392 = ORIENTED_EDGE('',*,*,#7328,.F.);
#7393 = ADVANCED_FACE('',(#7394),#1238,.F.);
#7394 = FACE_BOUND('',#7395,.F.);
#7395 = EDGE_LOOP('',(#7396,#7419,#7420,#7421));
#7396 = ORIENTED_EDGE('',*,*,#7397,.T.);
#7397 = EDGE_CURVE('',#7398,#1198,#7400,.T.);
#7398 = VERTEX_POINT('',#7399);
#7399 = CARTESIAN_POINT('',(25.393059557021,-9.187266823562,11.8));
#7400 = SURFACE_CURVE('',#7401,(#7405,#7412),.PCURVE_S1.);
#7401 = LINE('',#7402,#7403);
#7402 = CARTESIAN_POINT('',(25.393059557021,-21.,11.8));
#7403 = VECTOR('',#7404,1.);
#7404 = DIRECTION('',(0.,1.,0.));
#7405 = PCURVE('',#1238,#7406);
#7406 = DEFINITIONAL_REPRESENTATION('',(#7407),#7411);
#7407 = LINE('',#7408,#7409);
#7408 = CARTESIAN_POINT('',(0.,21.));
#7409 = VECTOR('',#7410,1.);
#7410 = DIRECTION('',(0.,-1.));
#7411 = ( GEOMETRIC_REPRESENTATION_CONTEXT(2) 
PARAMETRIC_REPRESENTATION_CONTEXT() REPRESENTATION_CONTEXT('2D SPACE',''
  ) );
#7412 = PCURVE('',#1212,#7413);
#7413 = DEFINITIONAL_REPRESENTATION('',(#7414),#7418);
#7414 = LINE('',#7415,#7416);
#7415 = CARTESIAN_POINT('',(5.,21.));
#7416 = VECTOR('',#7417,1.);
#7417 = DIRECTION('',(0.,-1.));
#7418 = ( GEOMETRIC_REPRESENTATION_CONTEXT(2) 
PARAMETRIC_REPRESENTATION_CONTEXT() REPRESENTATION_CONTEXT('2D SPACE',''
  ) );
#7419 = ORIENTED_EDGE('',*,*,#1223,.F.);
#7420 = ORIENTED_EDGE('',*,*,#7351,.F.);
#7421 = ORIENTED_EDGE('',*,*,#7422,.F.);
#7422 = EDGE_CURVE('',#7398,#7352,#7423,.T.);
#7423 = SURFACE_CURVE('',#7424,(#7428,#7434),.PCURVE_S1.);
#7424 = LINE('',#7425,#7426);
#7425 = CARTESIAN_POINT('',(14.995115773689,-5.721285562452,
    17.803255642325));
#7426 = VECTOR('',#7427,1.);
#7427 = DIRECTION('',(-0.832050294338,0.277350098113,0.480384461415));
#7428 = PCURVE('',#1238,#7429);
#7429 = DEFINITIONAL_REPRESENTATION('',(#7430),#7433);
#7430 = B_SPLINE_CURVE_WITH_KNOTS('',1,(#7431,#7432),.UNSPECIFIED.,.F.,
  .F.,(2,2),(-12.49677315673,-8.21602174672),.PIECEWISE_BEZIER_KNOTS.);
#7431 = CARTESIAN_POINT('',(-2.006887704604E-15,9.187266823562));
#7432 = CARTESIAN_POINT('',(4.112812921102,8.));
#7433 = ( GEOMETRIC_REPRESENTATION_CONTEXT(2) 
PARAMETRIC_REPRESENTATION_CONTEXT() REPRESENTATION_CONTEXT('2D SPACE',''
  ) );
#7434 = PCURVE('',#2634,#7435);
#7435 = DEFINITIONAL_REPRESENTATION('',(#7436),#7439);
#7436 = B_SPLINE_CURVE_WITH_KNOTS('',1,(#7437,#7438),.UNSPECIFIED.,.F.,
  .F.,(2,2),(-12.49677315673,-8.21602174672),.PIECEWISE_BEZIER_KNOTS.);
#7437 = CARTESIAN_POINT('',(2.374533647125,25.393059557021));
#7438 = CARTESIAN_POINT('',(-1.379833058119E-16,21.831259086334));
#7439 = ( GEOMETRIC_REPRESENTATION_CONTEXT(2) 
PARAMETRIC_REPRESENTATION_CONTEXT() REPRESENTATION_CONTEXT('2D SPACE',''
  ) );
#7440 = ADVANCED_FACE('',(#7441),#1212,.F.);
#7441 = FACE_BOUND('',#7442,.F.);
#7442 = EDGE_LOOP('',(#7443,#7466,#7467,#7468));
#7443 = ORIENTED_EDGE('',*,*,#7444,.T.);
#7444 = EDGE_CURVE('',#7445,#1172,#7447,.T.);
#7445 = VERTEX_POINT('',#7446);
#7446 = CARTESIAN_POINT('',(25.393059557021,-12.07401816951,6.8));
#7447 = SURFACE_CURVE('',#7448,(#7452,#7459),.PCURVE_S1.);
#7448 = LINE('',#7449,#7450);
#7449 = CARTESIAN_POINT('',(25.393059557021,-21.,6.8));
#7450 = VECTOR('',#7451,1.);
#7451 = DIRECTION('',(0.,1.,0.));
#7452 = PCURVE('',#1212,#7453);
#7453 = DEFINITIONAL_REPRESENTATION('',(#7454),#7458);
#7454 = LINE('',#7455,#7456);
#7455 = CARTESIAN_POINT('',(0.,21.));
#7456 = VECTOR('',#7457,1.);
#7457 = DIRECTION('',(0.,-1.));
#7458 = ( GEOMETRIC_REPRESENTATION_CONTEXT(2) 
PARAMETRIC_REPRESENTATION_CONTEXT() REPRESENTATION_CONTEXT('2D SPACE',''
  ) );
#7459 = PCURVE('',#1186,#7460);
#7460 = DEFINITIONAL_REPRESENTATION('',(#7461),#7465);
#7461 = LINE('',#7462,#7463);
#7462 = CARTESIAN_POINT('',(5.,21.));
#7463 = VECTOR('',#7464,1.);
#7464 = DIRECTION('',(0.,-1.));
#7465 = ( GEOMETRIC_REPRESENTATION_CONTEXT(2) 
PARAMETRIC_REPRESENTATION_CONTEXT() REPRESENTATION_CONTEXT('2D SPACE',''
  ) );
#7466 = ORIENTED_EDGE('',*,*,#1197,.F.);
#7467 = ORIENTED_EDGE('',*,*,#7397,.F.);
#7468 = ORIENTED_EDGE('',*,*,#7469,.F.);
#7469 = EDGE_CURVE('',#7445,#7398,#7470,.T.);
#7470 = SURFACE_CURVE('',#7471,(#7475,#7481),.PCURVE_S1.);
#7471 = LINE('',#7472,#7473);
#7472 = CARTESIAN_POINT('',(25.393059557021,-8.527756813566,
    12.942304845413));
#7473 = VECTOR('',#7474,1.);
#7474 = DIRECTION('',(1.538370149107E-16,0.5,0.866025403784));
#7475 = PCURVE('',#1212,#7476);
#7476 = DEFINITIONAL_REPRESENTATION('',(#7477),#7480);
#7477 = B_SPLINE_CURVE_WITH_KNOTS('',1,(#7478,#7479),.UNSPECIFIED.,.F.,
  .F.,(2,2),(-7.092522711888,-1.319020019992),.PIECEWISE_BEZIER_KNOTS.);
#7478 = CARTESIAN_POINT('',(-9.503649397964E-16,12.074018169511));
#7479 = CARTESIAN_POINT('',(5.,9.187266823562));
#7480 = ( GEOMETRIC_REPRESENTATION_CONTEXT(2) 
PARAMETRIC_REPRESENTATION_CONTEXT() REPRESENTATION_CONTEXT('2D SPACE',''
  ) );
#7481 = PCURVE('',#2634,#7482);
#7482 = DEFINITIONAL_REPRESENTATION('',(#7483),#7486);
#7483 = B_SPLINE_CURVE_WITH_KNOTS('',1,(#7484,#7485),.UNSPECIFIED.,.F.,
  .F.,(2,2),(-7.092522711888,-1.319020019992),.PIECEWISE_BEZIER_KNOTS.);
#7484 = CARTESIAN_POINT('',(8.148036339021,25.393059557021));
#7485 = CARTESIAN_POINT('',(2.374533647125,25.393059557021));
#7486 = ( GEOMETRIC_REPRESENTATION_CONTEXT(2) 
PARAMETRIC_REPRESENTATION_CONTEXT() REPRESENTATION_CONTEXT('2D SPACE',''
  ) );
#7487 = ADVANCED_FACE('',(#7488),#1186,.F.);
#7488 = FACE_BOUND('',#7489,.F.);
#7489 = EDGE_LOOP('',(#7490,#7513,#7514,#7515));
#7490 = ORIENTED_EDGE('',*,*,#7491,.F.);
#7491 = EDGE_CURVE('',#1146,#7492,#7494,.T.);
#7492 = VERTEX_POINT('',#7493);
#7493 = CARTESIAN_POINT('',(21.062932538099,-13.51739384248,4.3));
#7494 = SURFACE_CURVE('',#7495,(#7499,#7506),.PCURVE_S1.);
#7495 = LINE('',#7496,#7497);
#7496 = CARTESIAN_POINT('',(21.062932538099,21.,4.3));
#7497 = VECTOR('',#7498,1.);
#7498 = DIRECTION('',(0.,-1.,0.));
#7499 = PCURVE('',#1186,#7500);
#7500 = DEFINITIONAL_REPRESENTATION('',(#7501),#7505);
#7501 = LINE('',#7502,#7503);
#7502 = CARTESIAN_POINT('',(0.,-21.));
#7503 = VECTOR('',#7504,1.);
#7504 = DIRECTION('',(0.,1.));
#7505 = ( GEOMETRIC_REPRESENTATION_CONTEXT(2) 
PARAMETRIC_REPRESENTATION_CONTEXT() REPRESENTATION_CONTEXT('2D SPACE',''
  ) );
#7506 = PCURVE('',#1160,#7507);
#7507 = DEFINITIONAL_REPRESENTATION('',(#7508),#7512);
#7508 = LINE('',#7509,#7510);
#7509 = CARTESIAN_POINT('',(5.,-21.));
#7510 = VECTOR('',#7511,1.);
#7511 = DIRECTION('',(0.,1.));
#7512 = ( GEOMETRIC_REPRESENTATION_CONTEXT(2) 
PARAMETRIC_REPRESENTATION_CONTEXT() REPRESENTATION_CONTEXT('2D SPACE',''
  ) );
#7513 = ORIENTED_EDGE('',*,*,#1171,.F.);
#7514 = ORIENTED_EDGE('',*,*,#7444,.F.);
#7515 = ORIENTED_EDGE('',*,*,#7516,.F.);
#7516 = EDGE_CURVE('',#7492,#7445,#7517,.T.);
#7517 = SURFACE_CURVE('',#7518,(#7522,#7528),.PCURVE_S1.);
#7518 = LINE('',#7519,#7520);
#7519 = CARTESIAN_POINT('',(17.878106184036,-14.57900262717,
    2.46123964716));
#7520 = VECTOR('',#7521,1.);
#7521 = DIRECTION('',(0.832050294338,0.277350098113,0.480384461415));
#7522 = PCURVE('',#1186,#7523);
#7523 = DEFINITIONAL_REPRESENTATION('',(#7524),#7527);
#7524 = B_SPLINE_CURVE_WITH_KNOTS('',1,(#7525,#7526),.UNSPECIFIED.,.F.,
  .F.,(2,2),(3.827684907674,9.031849906339),.PIECEWISE_BEZIER_KNOTS.);
#7525 = CARTESIAN_POINT('',(-1.303316164827E-16,13.517393842485));
#7526 = CARTESIAN_POINT('',(5.,12.074018169511));
#7527 = ( GEOMETRIC_REPRESENTATION_CONTEXT(2) 
PARAMETRIC_REPRESENTATION_CONTEXT() REPRESENTATION_CONTEXT('2D SPACE',''
  ) );
#7528 = PCURVE('',#2634,#7529);
#7529 = DEFINITIONAL_REPRESENTATION('',(#7530),#7533);
#7530 = B_SPLINE_CURVE_WITH_KNOTS('',1,(#7531,#7532),.UNSPECIFIED.,.F.,
  .F.,(2,2),(3.827684907674,9.031849906339),.PIECEWISE_BEZIER_KNOTS.);
#7531 = CARTESIAN_POINT('',(11.034787684969,21.062932538099));
#7532 = CARTESIAN_POINT('',(8.148036339021,25.393059557021));
#7533 = ( GEOMETRIC_REPRESENTATION_CONTEXT(2) 
PARAMETRIC_REPRESENTATION_CONTEXT() REPRESENTATION_CONTEXT('2D SPACE',''
  ) );
#7534 = ADVANCED_FACE('',(#7535),#1160,.F.);
#7535 = FACE_BOUND('',#7536,.F.);
#7536 = EDGE_LOOP('',(#7537,#7560,#7561,#7562));
#7537 = ORIENTED_EDGE('',*,*,#7538,.F.);
#7538 = EDGE_CURVE('',#1120,#7539,#7541,.T.);
#7539 = VERTEX_POINT('',#7540);
#7540 = CARTESIAN_POINT('',(16.732805519177,-12.07401816951,6.8));
#7541 = SURFACE_CURVE('',#7542,(#7546,#7553),.PCURVE_S1.);
#7542 = LINE('',#7543,#7544);
#7543 = CARTESIAN_POINT('',(16.732805519177,21.,6.8));
#7544 = VECTOR('',#7545,1.);
#7545 = DIRECTION('',(0.,-1.,0.));
#7546 = PCURVE('',#1160,#7547);
#7547 = DEFINITIONAL_REPRESENTATION('',(#7548),#7552);
#7548 = LINE('',#7549,#7550);
#7549 = CARTESIAN_POINT('',(0.,-21.));
#7550 = VECTOR('',#7551,1.);
#7551 = DIRECTION('',(0.,1.));
#7552 = ( GEOMETRIC_REPRESENTATION_CONTEXT(2) 
PARAMETRIC_REPRESENTATION_CONTEXT() REPRESENTATION_CONTEXT('2D SPACE',''
  ) );
#7553 = PCURVE('',#1134,#7554);
#7554 = DEFINITIONAL_REPRESENTATION('',(#7555),#7559);
#7555 = LINE('',#7556,#7557);
#7556 = CARTESIAN_POINT('',(5.,-21.));
#7557 = VECTOR('',#7558,1.);
#7558 = DIRECTION('',(-0.,1.));
#7559 = ( GEOMETRIC_REPRESENTATION_CONTEXT(2) 
PARAMETRIC_REPRESENTATION_CONTEXT() REPRESENTATION_CONTEXT('2D SPACE',''
  ) );
#7560 = ORIENTED_EDGE('',*,*,#1145,.F.);
#7561 = ORIENTED_EDGE('',*,*,#7491,.T.);
#7562 = ORIENTED_EDGE('',*,*,#7563,.F.);
#7563 = EDGE_CURVE('',#7539,#7492,#7564,.T.);
#7564 = SURFACE_CURVE('',#7565,(#7569,#7575),.PCURVE_S1.);
#7565 = LINE('',#7566,#7567);
#7566 = CARTESIAN_POINT('',(7.667208510898,-9.052152500084,
    12.034024873094));
#7567 = VECTOR('',#7568,1.);
#7568 = DIRECTION('',(0.832050294338,-0.277350098113,-0.480384461415));
#7569 = PCURVE('',#1160,#7570);
#7570 = DEFINITIONAL_REPRESENTATION('',(#7571),#7574);
#7571 = B_SPLINE_CURVE_WITH_KNOTS('',1,(#7572,#7573),.UNSPECIFIED.,.F.,
  .F.,(2,2),(10.895491618681,16.099656617346),.PIECEWISE_BEZIER_KNOTS.);
#7572 = CARTESIAN_POINT('',(1.559616351187E-15,12.074018169511));
#7573 = CARTESIAN_POINT('',(5.,13.517393842485));
#7574 = ( GEOMETRIC_REPRESENTATION_CONTEXT(2) 
PARAMETRIC_REPRESENTATION_CONTEXT() REPRESENTATION_CONTEXT('2D SPACE',''
  ) );
#7575 = PCURVE('',#2634,#7576);
#7576 = DEFINITIONAL_REPRESENTATION('',(#7577),#7580);
#7577 = B_SPLINE_CURVE_WITH_KNOTS('',1,(#7578,#7579),.UNSPECIFIED.,.F.,
  .F.,(2,2),(10.895491618681,16.099656617346),.PIECEWISE_BEZIER_KNOTS.);
#7578 = CARTESIAN_POINT('',(8.148036339021,16.732805519177));
#7579 = CARTESIAN_POINT('',(11.034787684969,21.062932538099));
#7580 = ( GEOMETRIC_REPRESENTATION_CONTEXT(2) 
PARAMETRIC_REPRESENTATION_CONTEXT() REPRESENTATION_CONTEXT('2D SPACE',''
  ) );
#7581 = ADVANCED_FACE('',(#7582),#1134,.F.);
#7582 = FACE_BOUND('',#7583,.F.);
#7583 = EDGE_LOOP('',(#7584,#7607,#7608,#7609));
#7584 = ORIENTED_EDGE('',*,*,#7585,.F.);
#7585 = EDGE_CURVE('',#1094,#7586,#7588,.T.);
#7586 = VERTEX_POINT('',#7587);
#7587 = CARTESIAN_POINT('',(16.732805519177,-9.187266823562,11.8));
#7588 = SURFACE_CURVE('',#7589,(#7593,#7600),.PCURVE_S1.);
#7589 = LINE('',#7590,#7591);
#7590 = CARTESIAN_POINT('',(16.732805519177,21.,11.8));
#7591 = VECTOR('',#7592,1.);
#7592 = DIRECTION('',(0.,-1.,0.));
#7593 = PCURVE('',#1134,#7594);
#7594 = DEFINITIONAL_REPRESENTATION('',(#7595),#7599);
#7595 = LINE('',#7596,#7597);
#7596 = CARTESIAN_POINT('',(0.,-21.));
#7597 = VECTOR('',#7598,1.);
#7598 = DIRECTION('',(-0.,1.));
#7599 = ( GEOMETRIC_REPRESENTATION_CONTEXT(2) 
PARAMETRIC_REPRESENTATION_CONTEXT() REPRESENTATION_CONTEXT('2D SPACE',''
  ) );
#7600 = PCURVE('',#1108,#7601);
#7601 = DEFINITIONAL_REPRESENTATION('',(#7602),#7606);
#7602 = LINE('',#7603,#7604);
#7603 = CARTESIAN_POINT('',(5.,-21.));
#7604 = VECTOR('',#7605,1.);
#7605 = DIRECTION('',(-0.,1.));
#7606 = ( GEOMETRIC_REPRESENTATION_CONTEXT(2) 
PARAMETRIC_REPRESENTATION_CONTEXT() REPRESENTATION_CONTEXT('2D SPACE',''
  ) );
#7607 = ORIENTED_EDGE('',*,*,#1119,.F.);
#7608 = ORIENTED_EDGE('',*,*,#7538,.T.);
#7609 = ORIENTED_EDGE('',*,*,#7610,.F.);
#7610 = EDGE_CURVE('',#7586,#7539,#7611,.T.);
#7611 = SURFACE_CURVE('',#7612,(#7616,#7622),.PCURVE_S1.);
#7612 = LINE('',#7613,#7614);
#7613 = CARTESIAN_POINT('',(16.732805519177,-7.445225058836,
    14.817304845413));
#7614 = VECTOR('',#7615,1.);
#7615 = DIRECTION('',(-3.076740298214E-16,-0.5,-0.866025403784));
#7616 = PCURVE('',#1134,#7617);
#7617 = DEFINITIONAL_REPRESENTATION('',(#7618),#7621);
#7618 = B_SPLINE_CURVE_WITH_KNOTS('',1,(#7619,#7620),.UNSPECIFIED.,.F.,
  .F.,(2,2),(3.484083529453,9.257586221349),.PIECEWISE_BEZIER_KNOTS.);
#7619 = CARTESIAN_POINT('',(9.231150225607E-16,9.187266823562));
#7620 = CARTESIAN_POINT('',(5.,12.074018169511));
#7621 = ( GEOMETRIC_REPRESENTATION_CONTEXT(2) 
PARAMETRIC_REPRESENTATION_CONTEXT() REPRESENTATION_CONTEXT('2D SPACE',''
  ) );
#7622 = PCURVE('',#2634,#7623);
#7623 = DEFINITIONAL_REPRESENTATION('',(#7624),#7627);
#7624 = B_SPLINE_CURVE_WITH_KNOTS('',1,(#7625,#7626),.UNSPECIFIED.,.F.,
  .F.,(2,2),(3.484083529453,9.257586221349),.PIECEWISE_BEZIER_KNOTS.);
#7625 = CARTESIAN_POINT('',(2.374533647125,16.732805519177));
#7626 = CARTESIAN_POINT('',(8.148036339021,16.732805519177));
#7627 = ( GEOMETRIC_REPRESENTATION_CONTEXT(2) 
PARAMETRIC_REPRESENTATION_CONTEXT() REPRESENTATION_CONTEXT('2D SPACE',''
  ) );
#7628 = ADVANCED_FACE('',(#7629),#1108,.F.);
#7629 = FACE_BOUND('',#7630,.F.);
#7630 = EDGE_LOOP('',(#7631,#7632,#7633,#7654));
#7631 = ORIENTED_EDGE('',*,*,#1093,.F.);
#7632 = ORIENTED_EDGE('',*,*,#7585,.T.);
#7633 = ORIENTED_EDGE('',*,*,#7634,.F.);
#7634 = EDGE_CURVE('',#7635,#7586,#7637,.T.);
#7635 = VERTEX_POINT('',#7636);
#7636 = CARTESIAN_POINT('',(20.294605989864,-8.,13.856406460551));
#7637 = SURFACE_CURVE('',#7638,(#7642,#7648),.PCURVE_S1.);
#7638 = LINE('',#7639,#7640);
#7639 = CARTESIAN_POINT('',(14.547239246404,-9.915788914487,
    10.538162724083));
#7640 = VECTOR('',#7641,1.);
#7641 = DIRECTION('',(-0.832050294338,-0.277350098113,-0.480384461415));
#7642 = PCURVE('',#1108,#7643);
#7643 = DEFINITIONAL_REPRESENTATION('',(#7644),#7647);
#7644 = B_SPLINE_CURVE_WITH_KNOTS('',1,(#7645,#7646),.UNSPECIFIED.,.F.,
  .F.,(2,2),(-6.907475164147,-2.626723754135),.PIECEWISE_BEZIER_KNOTS.);
#7645 = CARTESIAN_POINT('',(0.887187078898,8.));
#7646 = CARTESIAN_POINT('',(5.,9.187266823562));
#7647 = ( GEOMETRIC_REPRESENTATION_CONTEXT(2) 
PARAMETRIC_REPRESENTATION_CONTEXT() REPRESENTATION_CONTEXT('2D SPACE',''
  ) );
#7648 = PCURVE('',#2634,#7649);
#7649 = DEFINITIONAL_REPRESENTATION('',(#7650),#7653);
#7650 = B_SPLINE_CURVE_WITH_KNOTS('',1,(#7651,#7652),.UNSPECIFIED.,.F.,
  .F.,(2,2),(-6.907475164147,-2.626723754135),.PIECEWISE_BEZIER_KNOTS.);
#7651 = CARTESIAN_POINT('',(-9.331820341369E-16,20.294605989864));
#7652 = CARTESIAN_POINT('',(2.374533647125,16.732805519177));
#7653 = ( GEOMETRIC_REPRESENTATION_CONTEXT(2) 
PARAMETRIC_REPRESENTATION_CONTEXT() REPRESENTATION_CONTEXT('2D SPACE',''
  ) );
#7654 = ORIENTED_EDGE('',*,*,#7655,.F.);
#7655 = EDGE_CURVE('',#1066,#7635,#7656,.T.);
#7656 = SURFACE_CURVE('',#7657,(#7661,#7667),.PCURVE_S1.);
#7657 = LINE('',#7658,#7659);
#7658 = CARTESIAN_POINT('',(20.294605989864,4.,13.856406460551));
#7659 = VECTOR('',#7660,1.);
#7660 = DIRECTION('',(1.922962686384E-16,-1.,1.110223024625E-16));
#7661 = PCURVE('',#1108,#7662);
#7662 = DEFINITIONAL_REPRESENTATION('',(#7663),#7666);
#7663 = B_SPLINE_CURVE_WITH_KNOTS('',1,(#7664,#7665),.UNSPECIFIED.,.F.,
  .F.,(2,2),(-4.,12.),.PIECEWISE_BEZIER_KNOTS.);
#7664 = CARTESIAN_POINT('',(0.887187078898,-8.));
#7665 = CARTESIAN_POINT('',(0.887187078898,8.));
#7666 = ( GEOMETRIC_REPRESENTATION_CONTEXT(2) 
PARAMETRIC_REPRESENTATION_CONTEXT() REPRESENTATION_CONTEXT('2D SPACE',''
  ) );
#7667 = PCURVE('',#1081,#7668);
#7668 = DEFINITIONAL_REPRESENTATION('',(#7669),#7672);
#7669 = B_SPLINE_CURVE_WITH_KNOTS('',1,(#7670,#7671),.UNSPECIFIED.,.F.,
  .F.,(2,2),(-4.,12.),.PIECEWISE_BEZIER_KNOTS.);
#7670 = CARTESIAN_POINT('',(0.,20.294605989864));
#7671 = CARTESIAN_POINT('',(16.,20.294605989864));
#7672 = ( GEOMETRIC_REPRESENTATION_CONTEXT(2) 
PARAMETRIC_REPRESENTATION_CONTEXT() REPRESENTATION_CONTEXT('2D SPACE',''
  ) );
#7673 = ADVANCED_FACE('',(#7674),#1081,.T.);
#7674 = FACE_BOUND('',#7675,.T.);
#7675 = EDGE_LOOP('',(#7676,#7677,#7698,#7719));
#7676 = ORIENTED_EDGE('',*,*,#1065,.F.);
#7677 = ORIENTED_EDGE('',*,*,#7678,.F.);
#7678 = EDGE_CURVE('',#7679,#1040,#7681,.T.);
#7679 = VERTEX_POINT('',#7680);
#7680 = CARTESIAN_POINT('',(11.092544079407,-8.,13.856406460551));
#7681 = SURFACE_CURVE('',#7682,(#7686,#7692),.PCURVE_S1.);
#7682 = LINE('',#7683,#7684);
#7683 = CARTESIAN_POINT('',(11.092544079407,4.,13.856406460551));
#7684 = VECTOR('',#7685,1.);
#7685 = DIRECTION('',(1.922962686384E-16,1.,-1.110223024625E-16));
#7686 = PCURVE('',#1081,#7687);
#7687 = DEFINITIONAL_REPRESENTATION('',(#7688),#7691);
#7688 = B_SPLINE_CURVE_WITH_KNOTS('',1,(#7689,#7690),.UNSPECIFIED.,.F.,
  .F.,(2,2),(-12.,4.),.PIECEWISE_BEZIER_KNOTS.);
#7689 = CARTESIAN_POINT('',(16.,11.092544079407));
#7690 = CARTESIAN_POINT('',(0.,11.092544079407));
#7691 = ( GEOMETRIC_REPRESENTATION_CONTEXT(2) 
PARAMETRIC_REPRESENTATION_CONTEXT() REPRESENTATION_CONTEXT('2D SPACE',''
  ) );
#7692 = PCURVE('',#1054,#7693);
#7693 = DEFINITIONAL_REPRESENTATION('',(#7694),#7697);
#7694 = B_SPLINE_CURVE_WITH_KNOTS('',1,(#7695,#7696),.UNSPECIFIED.,.F.,
  .F.,(2,2),(-12.,4.),.PIECEWISE_BEZIER_KNOTS.);
#7695 = CARTESIAN_POINT('',(4.112812921102,8.));
#7696 = CARTESIAN_POINT('',(4.112812921102,-8.));
#7697 = ( GEOMETRIC_REPRESENTATION_CONTEXT(2) 
PARAMETRIC_REPRESENTATION_CONTEXT() REPRESENTATION_CONTEXT('2D SPACE',''
  ) );
#7698 = ORIENTED_EDGE('',*,*,#7699,.T.);
#7699 = EDGE_CURVE('',#7679,#7635,#7700,.T.);
#7700 = SURFACE_CURVE('',#7701,(#7705,#7712),.PCURVE_S1.);
#7701 = LINE('',#7702,#7703);
#7702 = CARTESIAN_POINT('',(-60.,-8.,13.856406460551));
#7703 = VECTOR('',#7704,1.);
#7704 = DIRECTION('',(1.,0.,0.));
#7705 = PCURVE('',#1081,#7706);
#7706 = DEFINITIONAL_REPRESENTATION('',(#7707),#7711);
#7707 = LINE('',#7708,#7709);
#7708 = CARTESIAN_POINT('',(16.,-60.));
#7709 = VECTOR('',#7710,1.);
#7710 = DIRECTION('',(0.,1.));
#7711 = ( GEOMETRIC_REPRESENTATION_CONTEXT(2) 
PARAMETRIC_REPRESENTATION_CONTEXT() REPRESENTATION_CONTEXT('2D SPACE',''
  ) );
#7712 = PCURVE('',#2634,#7713);
#7713 = DEFINITIONAL_REPRESENTATION('',(#7714),#7718);
#7714 = LINE('',#7715,#7716);
#7715 = CARTESIAN_POINT('',(-0.,-60.));
#7716 = VECTOR('',#7717,1.);
#7717 = DIRECTION('',(0.,1.));
#7718 = ( GEOMETRIC_REPRESENTATION_CONTEXT(2) 
PARAMETRIC_REPRESENTATION_CONTEXT() REPRESENTATION_CONTEXT('2D SPACE',''
  ) );
#7719 = ORIENTED_EDGE('',*,*,#7655,.F.);
#7720 = ADVANCED_FACE('',(#7721),#1054,.F.);
#7721 = FACE_BOUND('',#7722,.F.);
#7722 = EDGE_LOOP('',(#7723,#7746,#7747,#7748));
#7723 = ORIENTED_EDGE('',*,*,#7724,.T.);
#7724 = EDGE_CURVE('',#7725,#1014,#7727,.T.);
#7725 = VERTEX_POINT('',#7726);
#7726 = CARTESIAN_POINT('',(14.654344550094,-9.187266823562,11.8));
#7727 = SURFACE_CURVE('',#7728,(#7732,#7739),.PCURVE_S1.);
#7728 = LINE('',#7729,#7730);
#7729 = CARTESIAN_POINT('',(14.654344550094,-21.,11.8));
#7730 = VECTOR('',#7731,1.);
#7731 = DIRECTION('',(0.,1.,0.));
#7732 = PCURVE('',#1054,#7733);
#7733 = DEFINITIONAL_REPRESENTATION('',(#7734),#7738);
#7734 = LINE('',#7735,#7736);
#7735 = CARTESIAN_POINT('',(0.,21.));
#7736 = VECTOR('',#7737,1.);
#7737 = DIRECTION('',(0.,-1.));
#7738 = ( GEOMETRIC_REPRESENTATION_CONTEXT(2) 
PARAMETRIC_REPRESENTATION_CONTEXT() REPRESENTATION_CONTEXT('2D SPACE',''
  ) );
#7739 = PCURVE('',#1028,#7740);
#7740 = DEFINITIONAL_REPRESENTATION('',(#7741),#7745);
#7741 = LINE('',#7742,#7743);
#7742 = CARTESIAN_POINT('',(5.,21.));
#7743 = VECTOR('',#7744,1.);
#7744 = DIRECTION('',(0.,-1.));
#7745 = ( GEOMETRIC_REPRESENTATION_CONTEXT(2) 
PARAMETRIC_REPRESENTATION_CONTEXT() REPRESENTATION_CONTEXT('2D SPACE',''
  ) );
#7746 = ORIENTED_EDGE('',*,*,#1039,.F.);
#7747 = ORIENTED_EDGE('',*,*,#7678,.F.);
#7748 = ORIENTED_EDGE('',*,*,#7749,.F.);
#7749 = EDGE_CURVE('',#7725,#7679,#7750,.T.);
#7750 = SURFACE_CURVE('',#7751,(#7755,#7761),.PCURVE_S1.);
#7751 = LINE('',#7752,#7753);
#7752 = CARTESIAN_POINT('',(7.97364826916,-6.960368063251,
    15.657101796171));
#7753 = VECTOR('',#7754,1.);
#7754 = DIRECTION('',(-0.832050294338,0.277350098113,0.480384461415));
#7755 = PCURVE('',#1054,#7756);
#7756 = DEFINITIONAL_REPRESENTATION('',(#7757),#7760);
#7757 = B_SPLINE_CURVE_WITH_KNOTS('',1,(#7758,#7759),.UNSPECIFIED.,.F.,
  .F.,(2,2),(-8.02919766557,-3.748446255558),.PIECEWISE_BEZIER_KNOTS.);
#7758 = CARTESIAN_POINT('',(-1.110104636173E-15,9.187266823562));
#7759 = CARTESIAN_POINT('',(4.112812921102,8.));
#7760 = ( GEOMETRIC_REPRESENTATION_CONTEXT(2) 
PARAMETRIC_REPRESENTATION_CONTEXT() REPRESENTATION_CONTEXT('2D SPACE',''
  ) );
#7761 = PCURVE('',#2634,#7762);
#7762 = DEFINITIONAL_REPRESENTATION('',(#7763),#7766);
#7763 = B_SPLINE_CURVE_WITH_KNOTS('',1,(#7764,#7765),.UNSPECIFIED.,.F.,
  .F.,(2,2),(-8.02919766557,-3.748446255558),.PIECEWISE_BEZIER_KNOTS.);
#7764 = CARTESIAN_POINT('',(2.374533647125,14.654344550094));
#7765 = CARTESIAN_POINT('',(-3.205652352024E-16,11.092544079407));
#7766 = ( GEOMETRIC_REPRESENTATION_CONTEXT(2) 
PARAMETRIC_REPRESENTATION_CONTEXT() REPRESENTATION_CONTEXT('2D SPACE',''
  ) );
#7767 = ADVANCED_FACE('',(#7768),#1028,.F.);
#7768 = FACE_BOUND('',#7769,.F.);
#7769 = EDGE_LOOP('',(#7770,#7793,#7794,#7795));
#7770 = ORIENTED_EDGE('',*,*,#7771,.T.);
#7771 = EDGE_CURVE('',#7772,#988,#7774,.T.);
#7772 = VERTEX_POINT('',#7773);
#7773 = CARTESIAN_POINT('',(14.654344550094,-12.07401816951,6.8));
#7774 = SURFACE_CURVE('',#7775,(#7779,#7786),.PCURVE_S1.);
#7775 = LINE('',#7776,#7777);
#7776 = CARTESIAN_POINT('',(14.654344550094,-21.,6.8));
#7777 = VECTOR('',#7778,1.);
#7778 = DIRECTION('',(0.,1.,0.));
#7779 = PCURVE('',#1028,#7780);
#7780 = DEFINITIONAL_REPRESENTATION('',(#7781),#7785);
#7781 = LINE('',#7782,#7783);
#7782 = CARTESIAN_POINT('',(0.,21.));
#7783 = VECTOR('',#7784,1.);
#7784 = DIRECTION('',(0.,-1.));
#7785 = ( GEOMETRIC_REPRESENTATION_CONTEXT(2) 
PARAMETRIC_REPRESENTATION_CONTEXT() REPRESENTATION_CONTEXT('2D SPACE',''
  ) );
#7786 = PCURVE('',#1002,#7787);
#7787 = DEFINITIONAL_REPRESENTATION('',(#7788),#7792);
#7788 = LINE('',#7789,#7790);
#7789 = CARTESIAN_POINT('',(5.,21.));
#7790 = VECTOR('',#7791,1.);
#7791 = DIRECTION('',(0.,-1.));
#7792 = ( GEOMETRIC_REPRESENTATION_CONTEXT(2) 
PARAMETRIC_REPRESENTATION_CONTEXT() REPRESENTATION_CONTEXT('2D SPACE',''
  ) );
#7793 = ORIENTED_EDGE('',*,*,#1013,.F.);
#7794 = ORIENTED_EDGE('',*,*,#7724,.F.);
#7795 = ORIENTED_EDGE('',*,*,#7796,.F.);
#7796 = EDGE_CURVE('',#7772,#7725,#7797,.T.);
#7797 = SURFACE_CURVE('',#7798,(#7802,#7808),.PCURVE_S1.);
#7798 = LINE('',#7799,#7800);
#7799 = CARTESIAN_POINT('',(14.654344550094,-8.527756813566,
    12.942304845413));
#7800 = VECTOR('',#7801,1.);
#7801 = DIRECTION('',(1.538370149107E-16,0.5,0.866025403784));
#7802 = PCURVE('',#1028,#7803);
#7803 = DEFINITIONAL_REPRESENTATION('',(#7804),#7807);
#7804 = B_SPLINE_CURVE_WITH_KNOTS('',1,(#7805,#7806),.UNSPECIFIED.,.F.,
  .F.,(2,2),(-7.092522711888,-1.319020019992),.PIECEWISE_BEZIER_KNOTS.);
#7805 = CARTESIAN_POINT('',(-7.12378249503E-16,12.074018169511));
#7806 = CARTESIAN_POINT('',(5.,9.187266823562));
#7807 = ( GEOMETRIC_REPRESENTATION_CONTEXT(2) 
PARAMETRIC_REPRESENTATION_CONTEXT() REPRESENTATION_CONTEXT('2D SPACE',''
  ) );
#7808 = PCURVE('',#2634,#7809);
#7809 = DEFINITIONAL_REPRESENTATION('',(#7810),#7813);
#7810 = B_SPLINE_CURVE_WITH_KNOTS('',1,(#7811,#7812),.UNSPECIFIED.,.F.,
  .F.,(2,2),(-7.092522711888,-1.319020019992),.PIECEWISE_BEZIER_KNOTS.);
#7811 = CARTESIAN_POINT('',(8.148036339021,14.654344550094));
#7812 = CARTESIAN_POINT('',(2.374533647125,14.654344550094));
#7813 = ( GEOMETRIC_REPRESENTATION_CONTEXT(2) 
PARAMETRIC_REPRESENTATION_CONTEXT() REPRESENTATION_CONTEXT('2D SPACE',''
  ) );
#7814 = ADVANCED_FACE('',(#7815),#1002,.F.);
#7815 = FACE_BOUND('',#7816,.F.);
#7816 = EDGE_LOOP('',(#7817,#7840,#7841,#7842));
#7817 = ORIENTED_EDGE('',*,*,#7818,.F.);
#7818 = EDGE_CURVE('',#962,#7819,#7821,.T.);
#7819 = VERTEX_POINT('',#7820);
#7820 = CARTESIAN_POINT('',(10.324217531172,-13.51739384248,4.3));
#7821 = SURFACE_CURVE('',#7822,(#7826,#7833),.PCURVE_S1.);
#7822 = LINE('',#7823,#7824);
#7823 = CARTESIAN_POINT('',(10.324217531172,21.,4.3));
#7824 = VECTOR('',#7825,1.);
#7825 = DIRECTION('',(0.,-1.,0.));
#7826 = PCURVE('',#1002,#7827);
#7827 = DEFINITIONAL_REPRESENTATION('',(#7828),#7832);
#7828 = LINE('',#7829,#7830);
#7829 = CARTESIAN_POINT('',(0.,-21.));
#7830 = VECTOR('',#7831,1.);
#7831 = DIRECTION('',(0.,1.));
#7832 = ( GEOMETRIC_REPRESENTATION_CONTEXT(2) 
PARAMETRIC_REPRESENTATION_CONTEXT() REPRESENTATION_CONTEXT('2D SPACE',''
  ) );
#7833 = PCURVE('',#976,#7834);
#7834 = DEFINITIONAL_REPRESENTATION('',(#7835),#7839);
#7835 = LINE('',#7836,#7837);
#7836 = CARTESIAN_POINT('',(5.,-21.));
#7837 = VECTOR('',#7838,1.);
#7838 = DIRECTION('',(0.,1.));
#7839 = ( GEOMETRIC_REPRESENTATION_CONTEXT(2) 
PARAMETRIC_REPRESENTATION_CONTEXT() REPRESENTATION_CONTEXT('2D SPACE',''
  ) );
#7840 = ORIENTED_EDGE('',*,*,#987,.F.);
#7841 = ORIENTED_EDGE('',*,*,#7771,.F.);
#7842 = ORIENTED_EDGE('',*,*,#7843,.F.);
#7843 = EDGE_CURVE('',#7819,#7772,#7844,.T.);
#7844 = SURFACE_CURVE('',#7845,(#7849,#7855),.PCURVE_S1.);
#7845 = LINE('',#7846,#7847);
#7846 = CARTESIAN_POINT('',(10.856638679507,-13.33992012637,
    4.607393493314));
#7847 = VECTOR('',#7848,1.);
#7848 = DIRECTION('',(0.832050294338,0.277350098113,0.480384461415));
#7849 = PCURVE('',#1002,#7850);
#7850 = DEFINITIONAL_REPRESENTATION('',(#7851),#7854);
#7851 = B_SPLINE_CURVE_WITH_KNOTS('',1,(#7852,#7853),.UNSPECIFIED.,.F.,
  .F.,(2,2),(-0.639890583488,4.564274415177),.PIECEWISE_BEZIER_KNOTS.);
#7852 = CARTESIAN_POINT('',(-4.088916398088E-16,13.517393842485));
#7853 = CARTESIAN_POINT('',(5.,12.074018169511));
#7854 = ( GEOMETRIC_REPRESENTATION_CONTEXT(2) 
PARAMETRIC_REPRESENTATION_CONTEXT() REPRESENTATION_CONTEXT('2D SPACE',''
  ) );
#7855 = PCURVE('',#2634,#7856);
#7856 = DEFINITIONAL_REPRESENTATION('',(#7857),#7860);
#7857 = B_SPLINE_CURVE_WITH_KNOTS('',1,(#7858,#7859),.UNSPECIFIED.,.F.,
  .F.,(2,2),(-0.639890583488,4.564274415177),.PIECEWISE_BEZIER_KNOTS.);
#7858 = CARTESIAN_POINT('',(11.034787684969,10.324217531172));
#7859 = CARTESIAN_POINT('',(8.148036339021,14.654344550094));
#7860 = ( GEOMETRIC_REPRESENTATION_CONTEXT(2) 
PARAMETRIC_REPRESENTATION_CONTEXT() REPRESENTATION_CONTEXT('2D SPACE',''
  ) );
#7861 = ADVANCED_FACE('',(#7862),#976,.F.);
#7862 = FACE_BOUND('',#7863,.F.);
#7863 = EDGE_LOOP('',(#7864,#7887,#7888,#7889));
#7864 = ORIENTED_EDGE('',*,*,#7865,.F.);
#7865 = EDGE_CURVE('',#936,#7866,#7868,.T.);
#7866 = VERTEX_POINT('',#7867);
#7867 = CARTESIAN_POINT('',(5.994090512249,-12.07401816951,6.8));
#7868 = SURFACE_CURVE('',#7869,(#7873,#7880),.PCURVE_S1.);
#7869 = LINE('',#7870,#7871);
#7870 = CARTESIAN_POINT('',(5.994090512249,21.,6.8));
#7871 = VECTOR('',#7872,1.);
#7872 = DIRECTION('',(0.,-1.,0.));
#7873 = PCURVE('',#976,#7874);
#7874 = DEFINITIONAL_REPRESENTATION('',(#7875),#7879);
#7875 = LINE('',#7876,#7877);
#7876 = CARTESIAN_POINT('',(0.,-21.));
#7877 = VECTOR('',#7878,1.);
#7878 = DIRECTION('',(0.,1.));
#7879 = ( GEOMETRIC_REPRESENTATION_CONTEXT(2) 
PARAMETRIC_REPRESENTATION_CONTEXT() REPRESENTATION_CONTEXT('2D SPACE',''
  ) );
#7880 = PCURVE('',#950,#7881);
#7881 = DEFINITIONAL_REPRESENTATION('',(#7882),#7886);
#7882 = LINE('',#7883,#7884);
#7883 = CARTESIAN_POINT('',(5.,-21.));
#7884 = VECTOR('',#7885,1.);
#7885 = DIRECTION('',(-0.,1.));
#7886 = ( GEOMETRIC_REPRESENTATION_CONTEXT(2) 
PARAMETRIC_REPRESENTATION_CONTEXT() REPRESENTATION_CONTEXT('2D SPACE',''
  ) );
#7887 = ORIENTED_EDGE('',*,*,#961,.F.);
#7888 = ORIENTED_EDGE('',*,*,#7818,.T.);
#7889 = ORIENTED_EDGE('',*,*,#7890,.F.);
#7890 = EDGE_CURVE('',#7866,#7819,#7891,.T.);
#7891 = SURFACE_CURVE('',#7892,(#7896,#7902),.PCURVE_S1.);
#7892 = LINE('',#7893,#7894);
#7893 = CARTESIAN_POINT('',(0.645741006369,-10.29123500088,
    9.887871026941));
#7894 = VECTOR('',#7895,1.);
#7895 = DIRECTION('',(0.832050294338,-0.277350098113,-0.480384461415));
#7896 = PCURVE('',#976,#7897);
#7897 = DEFINITIONAL_REPRESENTATION('',(#7898),#7901);
#7898 = B_SPLINE_CURVE_WITH_KNOTS('',1,(#7899,#7900),.UNSPECIFIED.,.F.,
  .F.,(2,2),(6.427916127519,11.632081126184),.PIECEWISE_BEZIER_KNOTS.);
#7899 = CARTESIAN_POINT('',(1.481323310208E-15,12.074018169511));
#7900 = CARTESIAN_POINT('',(5.,13.517393842485));
#7901 = ( GEOMETRIC_REPRESENTATION_CONTEXT(2) 
PARAMETRIC_REPRESENTATION_CONTEXT() REPRESENTATION_CONTEXT('2D SPACE',''
  ) );
#7902 = PCURVE('',#2634,#7903);
#7903 = DEFINITIONAL_REPRESENTATION('',(#7904),#7907);
#7904 = B_SPLINE_CURVE_WITH_KNOTS('',1,(#7905,#7906),.UNSPECIFIED.,.F.,
  .F.,(2,2),(6.427916127519,11.632081126184),.PIECEWISE_BEZIER_KNOTS.);
#7905 = CARTESIAN_POINT('',(8.148036339021,5.994090512249));
#7906 = CARTESIAN_POINT('',(11.034787684969,10.324217531172));
#7907 = ( GEOMETRIC_REPRESENTATION_CONTEXT(2) 
PARAMETRIC_REPRESENTATION_CONTEXT() REPRESENTATION_CONTEXT('2D SPACE',''
  ) );
#7908 = ADVANCED_FACE('',(#7909),#950,.F.);
#7909 = FACE_BOUND('',#7910,.F.);
#7910 = EDGE_LOOP('',(#7911,#7934,#7935,#7936));
#7911 = ORIENTED_EDGE('',*,*,#7912,.F.);
#7912 = EDGE_CURVE('',#910,#7913,#7915,.T.);
#7913 = VERTEX_POINT('',#7914);
#7914 = CARTESIAN_POINT('',(5.994090512249,-9.187266823562,11.8));
#7915 = SURFACE_CURVE('',#7916,(#7920,#7927),.PCURVE_S1.);
#7916 = LINE('',#7917,#7918);
#7917 = CARTESIAN_POINT('',(5.994090512249,21.,11.8));
#7918 = VECTOR('',#7919,1.);
#7919 = DIRECTION('',(0.,-1.,0.));
#7920 = PCURVE('',#950,#7921);
#7921 = DEFINITIONAL_REPRESENTATION('',(#7922),#7926);
#7922 = LINE('',#7923,#7924);
#7923 = CARTESIAN_POINT('',(0.,-21.));
#7924 = VECTOR('',#7925,1.);
#7925 = DIRECTION('',(-0.,1.));
#7926 = ( GEOMETRIC_REPRESENTATION_CONTEXT(2) 
PARAMETRIC_REPRESENTATION_CONTEXT() REPRESENTATION_CONTEXT('2D SPACE',''
  ) );
#7927 = PCURVE('',#924,#7928);
#7928 = DEFINITIONAL_REPRESENTATION('',(#7929),#7933);
#7929 = LINE('',#7930,#7931);
#7930 = CARTESIAN_POINT('',(5.,-21.));
#7931 = VECTOR('',#7932,1.);
#7932 = DIRECTION('',(-0.,1.));
#7933 = ( GEOMETRIC_REPRESENTATION_CONTEXT(2) 
PARAMETRIC_REPRESENTATION_CONTEXT() REPRESENTATION_CONTEXT('2D SPACE',''
  ) );
#7934 = ORIENTED_EDGE('',*,*,#935,.F.);
#7935 = ORIENTED_EDGE('',*,*,#7865,.T.);
#7936 = ORIENTED_EDGE('',*,*,#7937,.F.);
#7937 = EDGE_CURVE('',#7913,#7866,#7938,.T.);
#7938 = SURFACE_CURVE('',#7939,(#7943,#7949),.PCURVE_S1.);
#7939 = LINE('',#7940,#7941);
#7940 = CARTESIAN_POINT('',(5.994090512249,-7.445225058836,
    14.817304845413));
#7941 = VECTOR('',#7942,1.);
#7942 = DIRECTION('',(-3.076740298214E-16,-0.5,-0.866025403784));
#7943 = PCURVE('',#950,#7944);
#7944 = DEFINITIONAL_REPRESENTATION('',(#7945),#7948);
#7945 = B_SPLINE_CURVE_WITH_KNOTS('',1,(#7946,#7947),.UNSPECIFIED.,.F.,
  .F.,(2,2),(3.484083529453,9.257586221349),.PIECEWISE_BEZIER_KNOTS.);
#7946 = CARTESIAN_POINT('',(3.005357949906E-16,9.187266823562));
#7947 = CARTESIAN_POINT('',(5.,12.074018169511));
#7948 = ( GEOMETRIC_REPRESENTATION_CONTEXT(2) 
PARAMETRIC_REPRESENTATION_CONTEXT() REPRESENTATION_CONTEXT('2D SPACE',''
  ) );
#7949 = PCURVE('',#2634,#7950);
#7950 = DEFINITIONAL_REPRESENTATION('',(#7951),#7954);
#7951 = B_SPLINE_CURVE_WITH_KNOTS('',1,(#7952,#7953),.UNSPECIFIED.,.F.,
  .F.,(2,2),(3.484083529453,9.257586221349),.PIECEWISE_BEZIER_KNOTS.);
#7952 = CARTESIAN_POINT('',(2.374533647125,5.994090512249));
#7953 = CARTESIAN_POINT('',(8.148036339021,5.994090512249));
#7954 = ( GEOMETRIC_REPRESENTATION_CONTEXT(2) 
PARAMETRIC_REPRESENTATION_CONTEXT() REPRESENTATION_CONTEXT('2D SPACE',''
  ) );
#7955 = ADVANCED_FACE('',(#7956),#924,.F.);
#7956 = FACE_BOUND('',#7957,.F.);
#7957 = EDGE_LOOP('',(#7958,#7959,#7960,#7981));
#7958 = ORIENTED_EDGE('',*,*,#909,.F.);
#7959 = ORIENTED_EDGE('',*,*,#7912,.T.);
#7960 = ORIENTED_EDGE('',*,*,#7961,.F.);
#7961 = EDGE_CURVE('',#7962,#7913,#7964,.T.);
#7962 = VERTEX_POINT('',#7963);
#7963 = CARTESIAN_POINT('',(9.555890982937,-8.,13.856406460551));
#7964 = SURFACE_CURVE('',#7965,(#7969,#7975),.PCURVE_S1.);
#7965 = LINE('',#7966,#7967);
#7966 = CARTESIAN_POINT('',(7.525771741875,-8.676706413687,
    12.684316570237));
#7967 = VECTOR('',#7968,1.);
#7968 = DIRECTION('',(-0.832050294338,-0.277350098113,-0.480384461415));
#7969 = PCURVE('',#924,#7970);
#7970 = DEFINITIONAL_REPRESENTATION('',(#7971),#7974);
#7971 = B_SPLINE_CURVE_WITH_KNOTS('',1,(#7972,#7973),.UNSPECIFIED.,.F.,
  .F.,(2,2),(-2.439899672985,1.840851737027),.PIECEWISE_BEZIER_KNOTS.);
#7972 = CARTESIAN_POINT('',(0.887187078898,8.));
#7973 = CARTESIAN_POINT('',(5.,9.187266823562));
#7974 = ( GEOMETRIC_REPRESENTATION_CONTEXT(2) 
PARAMETRIC_REPRESENTATION_CONTEXT() REPRESENTATION_CONTEXT('2D SPACE',''
  ) );
#7975 = PCURVE('',#2634,#7976);
#7976 = DEFINITIONAL_REPRESENTATION('',(#7977),#7980);
#7977 = B_SPLINE_CURVE_WITH_KNOTS('',1,(#7978,#7979),.UNSPECIFIED.,.F.,
  .F.,(2,2),(-2.439899672985,1.840851737027),.PIECEWISE_BEZIER_KNOTS.);
#7978 = CARTESIAN_POINT('',(-4.253830365718E-17,9.555890982937));
#7979 = CARTESIAN_POINT('',(2.374533647125,5.994090512249));
#7980 = ( GEOMETRIC_REPRESENTATION_CONTEXT(2) 
PARAMETRIC_REPRESENTATION_CONTEXT() REPRESENTATION_CONTEXT('2D SPACE',''
  ) );
#7981 = ORIENTED_EDGE('',*,*,#7982,.F.);
#7982 = EDGE_CURVE('',#882,#7962,#7983,.T.);
#7983 = SURFACE_CURVE('',#7984,(#7988,#7994),.PCURVE_S1.);
#7984 = LINE('',#7985,#7986);
#7985 = CARTESIAN_POINT('',(9.555890982937,4.,13.856406460551));
#7986 = VECTOR('',#7987,1.);
#7987 = DIRECTION('',(1.922962686384E-16,-1.,1.110223024625E-16));
#7988 = PCURVE('',#924,#7989);
#7989 = DEFINITIONAL_REPRESENTATION('',(#7990),#7993);
#7990 = B_SPLINE_CURVE_WITH_KNOTS('',1,(#7991,#7992),.UNSPECIFIED.,.F.,
  .F.,(2,2),(-4.,12.),.PIECEWISE_BEZIER_KNOTS.);
#7991 = CARTESIAN_POINT('',(0.887187078898,-8.));
#7992 = CARTESIAN_POINT('',(0.887187078898,8.));
#7993 = ( GEOMETRIC_REPRESENTATION_CONTEXT(2) 
PARAMETRIC_REPRESENTATION_CONTEXT() REPRESENTATION_CONTEXT('2D SPACE',''
  ) );
#7994 = PCURVE('',#897,#7995);
#7995 = DEFINITIONAL_REPRESENTATION('',(#7996),#7999);
#7996 = B_SPLINE_CURVE_WITH_KNOTS('',1,(#7997,#7998),.UNSPECIFIED.,.F.,
  .F.,(2,2),(-4.,12.),.PIECEWISE_BEZIER_KNOTS.);
#7997 = CARTESIAN_POINT('',(0.,9.555890982937));
#7998 = CARTESIAN_POINT('',(16.,9.555890982937));
#7999 = ( GEOMETRIC_REPRESENTATION_CONTEXT(2) 
PARAMETRIC_REPRESENTATION_CONTEXT() REPRESENTATION_CONTEXT('2D SPACE',''
  ) );
#8000 = ADVANCED_FACE('',(#8001),#897,.T.);
#8001 = FACE_BOUND('',#8002,.T.);
#8002 = EDGE_LOOP('',(#8003,#8004,#8025,#8046));
#8003 = ORIENTED_EDGE('',*,*,#881,.F.);
#8004 = ORIENTED_EDGE('',*,*,#8005,.F.);
#8005 = EDGE_CURVE('',#8006,#856,#8008,.T.);
#8006 = VERTEX_POINT('',#8007);
#8007 = CARTESIAN_POINT('',(0.35382907248,-8.,13.856406460551));
#8008 = SURFACE_CURVE('',#8009,(#8013,#8019),.PCURVE_S1.);
#8009 = LINE('',#8010,#8011);
#8010 = CARTESIAN_POINT('',(0.35382907248,4.,13.856406460551));
#8011 = VECTOR('',#8012,1.);
#8012 = DIRECTION('',(1.922962686384E-16,1.,-1.110223024625E-16));
#8013 = PCURVE('',#897,#8014);
#8014 = DEFINITIONAL_REPRESENTATION('',(#8015),#8018);
#8015 = B_SPLINE_CURVE_WITH_KNOTS('',1,(#8016,#8017),.UNSPECIFIED.,.F.,
  .F.,(2,2),(-12.,4.),.PIECEWISE_BEZIER_KNOTS.);
#8016 = CARTESIAN_POINT('',(16.,0.35382907248));
#8017 = CARTESIAN_POINT('',(0.,0.35382907248));
#8018 = ( GEOMETRIC_REPRESENTATION_CONTEXT(2) 
PARAMETRIC_REPRESENTATION_CONTEXT() REPRESENTATION_CONTEXT('2D SPACE',''
  ) );
#8019 = PCURVE('',#870,#8020);
#8020 = DEFINITIONAL_REPRESENTATION('',(#8021),#8024);
#8021 = B_SPLINE_CURVE_WITH_KNOTS('',1,(#8022,#8023),.UNSPECIFIED.,.F.,
  .F.,(2,2),(-12.,4.),.PIECEWISE_BEZIER_KNOTS.);
#8022 = CARTESIAN_POINT('',(4.112812921102,8.));
#8023 = CARTESIAN_POINT('',(4.112812921102,-8.));
#8024 = ( GEOMETRIC_REPRESENTATION_CONTEXT(2) 
PARAMETRIC_REPRESENTATION_CONTEXT() REPRESENTATION_CONTEXT('2D SPACE',''
  ) );
#8025 = ORIENTED_EDGE('',*,*,#8026,.T.);
#8026 = EDGE_CURVE('',#8006,#7962,#8027,.T.);
#8027 = SURFACE_CURVE('',#8028,(#8032,#8039),.PCURVE_S1.);
#8028 = LINE('',#8029,#8030);
#8029 = CARTESIAN_POINT('',(-60.,-8.,13.856406460551));
#8030 = VECTOR('',#8031,1.);
#8031 = DIRECTION('',(1.,0.,0.));
#8032 = PCURVE('',#897,#8033);
#8033 = DEFINITIONAL_REPRESENTATION('',(#8034),#8038);
#8034 = LINE('',#8035,#8036);
#8035 = CARTESIAN_POINT('',(16.,-60.));
#8036 = VECTOR('',#8037,1.);
#8037 = DIRECTION('',(0.,1.));
#8038 = ( GEOMETRIC_REPRESENTATION_CONTEXT(2) 
PARAMETRIC_REPRESENTATION_CONTEXT() REPRESENTATION_CONTEXT('2D SPACE',''
  ) );
#8039 = PCURVE('',#2634,#8040);
#8040 = DEFINITIONAL_REPRESENTATION('',(#8041),#8045);
#8041 = LINE('',#8042,#8043);
#8042 = CARTESIAN_POINT('',(-0.,-60.));
#8043 = VECTOR('',#8044,1.);
#8044 = DIRECTION('',(0.,1.));
#8045 = ( GEOMETRIC_REPRESENTATION_CONTEXT(2) 
PARAMETRIC_REPRESENTATION_CONTEXT() REPRESENTATION_CONTEXT('2D SPACE',''
  ) );
#8046 = ORIENTED_EDGE('',*,*,#7982,.F.);
#8047 = ADVANCED_FACE('',(#8048),#870,.F.);
#8048 = FACE_BOUND('',#8049,.F.);
#8049 = EDGE_LOOP('',(#8050,#8073,#8074,#8075));
#8050 = ORIENTED_EDGE('',*,*,#8051,.T.);
#8051 = EDGE_CURVE('',#8052,#830,#8054,.T.);
#8052 = VERTEX_POINT('',#8053);
#8053 = CARTESIAN_POINT('',(3.915629543167,-9.187266823562,11.8));
#8054 = SURFACE_CURVE('',#8055,(#8059,#8066),.PCURVE_S1.);
#8055 = LINE('',#8056,#8057);
#8056 = CARTESIAN_POINT('',(3.915629543167,-21.,11.8));
#8057 = VECTOR('',#8058,1.);
#8058 = DIRECTION('',(0.,1.,0.));
#8059 = PCURVE('',#870,#8060);
#8060 = DEFINITIONAL_REPRESENTATION('',(#8061),#8065);
#8061 = LINE('',#8062,#8063);
#8062 = CARTESIAN_POINT('',(0.,21.));
#8063 = VECTOR('',#8064,1.);
#8064 = DIRECTION('',(0.,-1.));
#8065 = ( GEOMETRIC_REPRESENTATION_CONTEXT(2) 
PARAMETRIC_REPRESENTATION_CONTEXT() REPRESENTATION_CONTEXT('2D SPACE',''
  ) );
#8066 = PCURVE('',#844,#8067);
#8067 = DEFINITIONAL_REPRESENTATION('',(#8068),#8072);
#8068 = LINE('',#8069,#8070);
#8069 = CARTESIAN_POINT('',(5.,21.));
#8070 = VECTOR('',#8071,1.);
#8071 = DIRECTION('',(0.,-1.));
#8072 = ( GEOMETRIC_REPRESENTATION_CONTEXT(2) 
PARAMETRIC_REPRESENTATION_CONTEXT() REPRESENTATION_CONTEXT('2D SPACE',''
  ) );
#8073 = ORIENTED_EDGE('',*,*,#855,.F.);
#8074 = ORIENTED_EDGE('',*,*,#8005,.F.);
#8075 = ORIENTED_EDGE('',*,*,#8076,.F.);
#8076 = EDGE_CURVE('',#8052,#8006,#8077,.T.);
#8077 = SURFACE_CURVE('',#8078,(#8082,#8088),.PCURVE_S1.);
#8078 = LINE('',#8079,#8080);
#8079 = CARTESIAN_POINT('',(0.952180764631,-8.19945056405,
    13.510947950017));
#8080 = VECTOR('',#8081,1.);
#8081 = DIRECTION('',(-0.832050294338,0.277350098113,0.480384461415));
#8082 = PCURVE('',#870,#8083);
#8083 = DEFINITIONAL_REPRESENTATION('',(#8084),#8087);
#8084 = B_SPLINE_CURVE_WITH_KNOTS('',1,(#8085,#8086),.UNSPECIFIED.,.F.,
  .F.,(2,2),(-3.561622174408,0.719129235604),.PIECEWISE_BEZIER_KNOTS.);
#8085 = CARTESIAN_POINT('',(-5.703002872826E-16,9.187266823562));
#8086 = CARTESIAN_POINT('',(4.112812921102,8.));
#8087 = ( GEOMETRIC_REPRESENTATION_CONTEXT(2) 
PARAMETRIC_REPRESENTATION_CONTEXT() REPRESENTATION_CONTEXT('2D SPACE',''
  ) );
#8088 = PCURVE('',#2634,#8089);
#8089 = DEFINITIONAL_REPRESENTATION('',(#8090),#8093);
#8090 = B_SPLINE_CURVE_WITH_KNOTS('',1,(#8091,#8092),.UNSPECIFIED.,.F.,
  .F.,(2,2),(-3.561622174408,0.719129235604),.PIECEWISE_BEZIER_KNOTS.);
#8091 = CARTESIAN_POINT('',(2.374533647125,3.915629543167));
#8092 = CARTESIAN_POINT('',(-2.783857043184E-17,0.35382907248));
#8093 = ( GEOMETRIC_REPRESENTATION_CONTEXT(2) 
PARAMETRIC_REPRESENTATION_CONTEXT() REPRESENTATION_CONTEXT('2D SPACE',''
  ) );
#8094 = ADVANCED_FACE('',(#8095),#844,.F.);
#8095 = FACE_BOUND('',#8096,.F.);
#8096 = EDGE_LOOP('',(#8097,#8120,#8121,#8122));
#8097 = ORIENTED_EDGE('',*,*,#8098,.T.);
#8098 = EDGE_CURVE('',#8099,#804,#8101,.T.);
#8099 = VERTEX_POINT('',#8100);
#8100 = CARTESIAN_POINT('',(3.915629543167,-12.07401816951,6.8));
#8101 = SURFACE_CURVE('',#8102,(#8106,#8113),.PCURVE_S1.);
#8102 = LINE('',#8103,#8104);
#8103 = CARTESIAN_POINT('',(3.915629543167,-21.,6.8));
#8104 = VECTOR('',#8105,1.);
#8105 = DIRECTION('',(0.,1.,0.));
#8106 = PCURVE('',#844,#8107);
#8107 = DEFINITIONAL_REPRESENTATION('',(#8108),#8112);
#8108 = LINE('',#8109,#8110);
#8109 = CARTESIAN_POINT('',(0.,21.));
#8110 = VECTOR('',#8111,1.);
#8111 = DIRECTION('',(0.,-1.));
#8112 = ( GEOMETRIC_REPRESENTATION_CONTEXT(2) 
PARAMETRIC_REPRESENTATION_CONTEXT() REPRESENTATION_CONTEXT('2D SPACE',''
  ) );
#8113 = PCURVE('',#818,#8114);
#8114 = DEFINITIONAL_REPRESENTATION('',(#8115),#8119);
#8115 = LINE('',#8116,#8117);
#8116 = CARTESIAN_POINT('',(5.,21.));
#8117 = VECTOR('',#8118,1.);
#8118 = DIRECTION('',(0.,-1.));
#8119 = ( GEOMETRIC_REPRESENTATION_CONTEXT(2) 
PARAMETRIC_REPRESENTATION_CONTEXT() REPRESENTATION_CONTEXT('2D SPACE',''
  ) );
#8120 = ORIENTED_EDGE('',*,*,#829,.F.);
#8121 = ORIENTED_EDGE('',*,*,#8051,.F.);
#8122 = ORIENTED_EDGE('',*,*,#8123,.F.);
#8123 = EDGE_CURVE('',#8099,#8052,#8124,.T.);
#8124 = SURFACE_CURVE('',#8125,(#8129,#8135),.PCURVE_S1.);
#8125 = LINE('',#8126,#8127);
#8126 = CARTESIAN_POINT('',(3.915629543167,-8.527756813566,
    12.942304845413));
#8127 = VECTOR('',#8128,1.);
#8128 = DIRECTION('',(1.538370149107E-16,0.5,0.866025403784));
#8129 = PCURVE('',#844,#8130);
#8130 = DEFINITIONAL_REPRESENTATION('',(#8131),#8134);
#8131 = B_SPLINE_CURVE_WITH_KNOTS('',1,(#8132,#8133),.UNSPECIFIED.,.F.,
  .F.,(2,2),(-7.092522711888,-1.319020019992),.PIECEWISE_BEZIER_KNOTS.);
#8132 = CARTESIAN_POINT('',(-7.12378249503E-16,12.074018169511));
#8133 = CARTESIAN_POINT('',(5.,9.187266823562));
#8134 = ( GEOMETRIC_REPRESENTATION_CONTEXT(2) 
PARAMETRIC_REPRESENTATION_CONTEXT() REPRESENTATION_CONTEXT('2D SPACE',''
  ) );
#8135 = PCURVE('',#2634,#8136);
#8136 = DEFINITIONAL_REPRESENTATION('',(#8137),#8140);
#8137 = B_SPLINE_CURVE_WITH_KNOTS('',1,(#8138,#8139),.UNSPECIFIED.,.F.,
  .F.,(2,2),(-7.092522711888,-1.319020019992),.PIECEWISE_BEZIER_KNOTS.);
#8138 = CARTESIAN_POINT('',(8.148036339021,3.915629543167));
#8139 = CARTESIAN_POINT('',(2.374533647125,3.915629543167));
#8140 = ( GEOMETRIC_REPRESENTATION_CONTEXT(2) 
PARAMETRIC_REPRESENTATION_CONTEXT() REPRESENTATION_CONTEXT('2D SPACE',''
  ) );
#8141 = ADVANCED_FACE('',(#8142),#818,.F.);
#8142 = FACE_BOUND('',#8143,.F.);
#8143 = EDGE_LOOP('',(#8144,#8167,#8168,#8169));
#8144 = ORIENTED_EDGE('',*,*,#8145,.F.);
#8145 = EDGE_CURVE('',#778,#8146,#8148,.T.);
#8146 = VERTEX_POINT('',#8147);
#8147 = CARTESIAN_POINT('',(-0.414497475755,-13.51739384248,4.3));
#8148 = SURFACE_CURVE('',#8149,(#8153,#8160),.PCURVE_S1.);
#8149 = LINE('',#8150,#8151);
#8150 = CARTESIAN_POINT('',(-0.414497475755,21.,4.3));
#8151 = VECTOR('',#8152,1.);
#8152 = DIRECTION('',(0.,-1.,0.));
#8153 = PCURVE('',#818,#8154);
#8154 = DEFINITIONAL_REPRESENTATION('',(#8155),#8159);
#8155 = LINE('',#8156,#8157);
#8156 = CARTESIAN_POINT('',(0.,-21.));
#8157 = VECTOR('',#8158,1.);
#8158 = DIRECTION('',(0.,1.));
#8159 = ( GEOMETRIC_REPRESENTATION_CONTEXT(2) 
PARAMETRIC_REPRESENTATION_CONTEXT() REPRESENTATION_CONTEXT('2D SPACE',''
  ) );
#8160 = PCURVE('',#792,#8161);
#8161 = DEFINITIONAL_REPRESENTATION('',(#8162),#8166);
#8162 = LINE('',#8163,#8164);
#8163 = CARTESIAN_POINT('',(5.,-21.));
#8164 = VECTOR('',#8165,1.);
#8165 = DIRECTION('',(0.,1.));
#8166 = ( GEOMETRIC_REPRESENTATION_CONTEXT(2) 
PARAMETRIC_REPRESENTATION_CONTEXT() REPRESENTATION_CONTEXT('2D SPACE',''
  ) );
#8167 = ORIENTED_EDGE('',*,*,#803,.F.);
#8168 = ORIENTED_EDGE('',*,*,#8098,.F.);
#8169 = ORIENTED_EDGE('',*,*,#8170,.F.);
#8170 = EDGE_CURVE('',#8146,#8099,#8171,.T.);
#8171 = SURFACE_CURVE('',#8172,(#8176,#8182),.PCURVE_S1.);
#8172 = LINE('',#8173,#8174);
#8173 = CARTESIAN_POINT('',(3.835171174978,-12.10083762557,
    6.753547339468));
#8174 = VECTOR('',#8175,1.);
#8175 = DIRECTION('',(0.832050294338,0.277350098113,0.480384461415));
#8176 = PCURVE('',#818,#8177);
#8177 = DEFINITIONAL_REPRESENTATION('',(#8178),#8181);
#8178 = B_SPLINE_CURVE_WITH_KNOTS('',1,(#8179,#8180),.UNSPECIFIED.,.F.,
  .F.,(2,2),(-5.10746607465,9.669892401499E-02),
  .PIECEWISE_BEZIER_KNOTS.);
#8179 = CARTESIAN_POINT('',(-1.070563529769E-15,13.517393842485));
#8180 = CARTESIAN_POINT('',(5.,12.074018169511));
#8181 = ( GEOMETRIC_REPRESENTATION_CONTEXT(2) 
PARAMETRIC_REPRESENTATION_CONTEXT() REPRESENTATION_CONTEXT('2D SPACE',''
  ) );
#8182 = PCURVE('',#2634,#8183);
#8183 = DEFINITIONAL_REPRESENTATION('',(#8184),#8187);
#8184 = B_SPLINE_CURVE_WITH_KNOTS('',1,(#8185,#8186),.UNSPECIFIED.,.F.,
  .F.,(2,2),(-5.10746607465,9.669892401499E-02),
  .PIECEWISE_BEZIER_KNOTS.);
#8185 = CARTESIAN_POINT('',(11.034787684969,-0.414497475755));
#8186 = CARTESIAN_POINT('',(8.148036339021,3.915629543167));
#8187 = ( GEOMETRIC_REPRESENTATION_CONTEXT(2) 
PARAMETRIC_REPRESENTATION_CONTEXT() REPRESENTATION_CONTEXT('2D SPACE',''
  ) );
#8188 = ADVANCED_FACE('',(#8189),#792,.F.);
#8189 = FACE_BOUND('',#8190,.F.);
#8190 = EDGE_LOOP('',(#8191,#8214,#8215,#8216));
#8191 = ORIENTED_EDGE('',*,*,#8192,.F.);
#8192 = EDGE_CURVE('',#752,#8193,#8195,.T.);
#8193 = VERTEX_POINT('',#8194);
#8194 = CARTESIAN_POINT('',(-4.744624494678,-12.07401816951,6.8));
#8195 = SURFACE_CURVE('',#8196,(#8200,#8207),.PCURVE_S1.);
#8196 = LINE('',#8197,#8198);
#8197 = CARTESIAN_POINT('',(-4.744624494678,21.,6.8));
#8198 = VECTOR('',#8199,1.);
#8199 = DIRECTION('',(0.,-1.,0.));
#8200 = PCURVE('',#792,#8201);
#8201 = DEFINITIONAL_REPRESENTATION('',(#8202),#8206);
#8202 = LINE('',#8203,#8204);
#8203 = CARTESIAN_POINT('',(0.,-21.));
#8204 = VECTOR('',#8205,1.);
#8205 = DIRECTION('',(0.,1.));
#8206 = ( GEOMETRIC_REPRESENTATION_CONTEXT(2) 
PARAMETRIC_REPRESENTATION_CONTEXT() REPRESENTATION_CONTEXT('2D SPACE',''
  ) );
#8207 = PCURVE('',#766,#8208);
#8208 = DEFINITIONAL_REPRESENTATION('',(#8209),#8213);
#8209 = LINE('',#8210,#8211);
#8210 = CARTESIAN_POINT('',(5.,-21.));
#8211 = VECTOR('',#8212,1.);
#8212 = DIRECTION('',(-0.,1.));
#8213 = ( GEOMETRIC_REPRESENTATION_CONTEXT(2) 
PARAMETRIC_REPRESENTATION_CONTEXT() REPRESENTATION_CONTEXT('2D SPACE',''
  ) );
#8214 = ORIENTED_EDGE('',*,*,#777,.F.);
#8215 = ORIENTED_EDGE('',*,*,#8145,.T.);
#8216 = ORIENTED_EDGE('',*,*,#8217,.F.);
#8217 = EDGE_CURVE('',#8193,#8146,#8218,.T.);
#8218 = SURFACE_CURVE('',#8219,(#8223,#8229),.PCURVE_S1.);
#8219 = LINE('',#8220,#8221);
#8220 = CARTESIAN_POINT('',(-6.375726498161,-11.53031750168,
    7.741717180787));
#8221 = VECTOR('',#8222,1.);
#8222 = DIRECTION('',(0.832050294338,-0.277350098113,-0.480384461415));
#8223 = PCURVE('',#792,#8224);
#8224 = DEFINITIONAL_REPRESENTATION('',(#8225),#8228);
#8225 = B_SPLINE_CURVE_WITH_KNOTS('',1,(#8226,#8227),.UNSPECIFIED.,.F.,
  .F.,(2,2),(1.960340636357,7.164505635022),.PIECEWISE_BEZIER_KNOTS.);
#8226 = CARTESIAN_POINT('',(7.717406505785E-16,12.074018169511));
#8227 = CARTESIAN_POINT('',(5.,13.517393842485));
#8228 = ( GEOMETRIC_REPRESENTATION_CONTEXT(2) 
PARAMETRIC_REPRESENTATION_CONTEXT() REPRESENTATION_CONTEXT('2D SPACE',''
  ) );
#8229 = PCURVE('',#2634,#8230);
#8230 = DEFINITIONAL_REPRESENTATION('',(#8231),#8234);
#8231 = B_SPLINE_CURVE_WITH_KNOTS('',1,(#8232,#8233),.UNSPECIFIED.,.F.,
  .F.,(2,2),(1.960340636357,7.164505635022),.PIECEWISE_BEZIER_KNOTS.);
#8232 = CARTESIAN_POINT('',(8.148036339021,-4.744624494678));
#8233 = CARTESIAN_POINT('',(11.034787684969,-0.414497475755));
#8234 = ( GEOMETRIC_REPRESENTATION_CONTEXT(2) 
PARAMETRIC_REPRESENTATION_CONTEXT() REPRESENTATION_CONTEXT('2D SPACE',''
  ) );
#8235 = ADVANCED_FACE('',(#8236),#766,.F.);
#8236 = FACE_BOUND('',#8237,.F.);
#8237 = EDGE_LOOP('',(#8238,#8261,#8262,#8263));
#8238 = ORIENTED_EDGE('',*,*,#8239,.F.);
#8239 = EDGE_CURVE('',#726,#8240,#8242,.T.);
#8240 = VERTEX_POINT('',#8241);
#8241 = CARTESIAN_POINT('',(-4.744624494678,-9.187266823562,11.8));
#8242 = SURFACE_CURVE('',#8243,(#8247,#8254),.PCURVE_S1.);
#8243 = LINE('',#8244,#8245);
#8244 = CARTESIAN_POINT('',(-4.744624494678,21.,11.8));
#8245 = VECTOR('',#8246,1.);
#8246 = DIRECTION('',(0.,-1.,0.));
#8247 = PCURVE('',#766,#8248);
#8248 = DEFINITIONAL_REPRESENTATION('',(#8249),#8253);
#8249 = LINE('',#8250,#8251);
#8250 = CARTESIAN_POINT('',(0.,-21.));
#8251 = VECTOR('',#8252,1.);
#8252 = DIRECTION('',(-0.,1.));
#8253 = ( GEOMETRIC_REPRESENTATION_CONTEXT(2) 
PARAMETRIC_REPRESENTATION_CONTEXT() REPRESENTATION_CONTEXT('2D SPACE',''
  ) );
#8254 = PCURVE('',#740,#8255);
#8255 = DEFINITIONAL_REPRESENTATION('',(#8256),#8260);
#8256 = LINE('',#8257,#8258);
#8257 = CARTESIAN_POINT('',(5.,-21.));
#8258 = VECTOR('',#8259,1.);
#8259 = DIRECTION('',(-0.,1.));
#8260 = ( GEOMETRIC_REPRESENTATION_CONTEXT(2) 
PARAMETRIC_REPRESENTATION_CONTEXT() REPRESENTATION_CONTEXT('2D SPACE',''
  ) );
#8261 = ORIENTED_EDGE('',*,*,#751,.F.);
#8262 = ORIENTED_EDGE('',*,*,#8192,.T.);
#8263 = ORIENTED_EDGE('',*,*,#8264,.F.);
#8264 = EDGE_CURVE('',#8240,#8193,#8265,.T.);
#8265 = SURFACE_CURVE('',#8266,(#8270,#8276),.PCURVE_S1.);
#8266 = LINE('',#8267,#8268);
#8267 = CARTESIAN_POINT('',(-4.744624494678,-7.445225058836,
    14.817304845413));
#8268 = VECTOR('',#8269,1.);
#8269 = DIRECTION('',(-3.076740298214E-16,-0.5,-0.866025403784));
#8270 = PCURVE('',#766,#8271);
#8271 = DEFINITIONAL_REPRESENTATION('',(#8272),#8275);
#8272 = B_SPLINE_CURVE_WITH_KNOTS('',1,(#8273,#8274),.UNSPECIFIED.,.F.,
  .F.,(2,2),(3.484083529453,9.257586221349),.PIECEWISE_BEZIER_KNOTS.);
#8273 = CARTESIAN_POINT('',(8.317341792506E-16,9.187266823562));
#8274 = CARTESIAN_POINT('',(5.,12.074018169511));
#8275 = ( GEOMETRIC_REPRESENTATION_CONTEXT(2) 
PARAMETRIC_REPRESENTATION_CONTEXT() REPRESENTATION_CONTEXT('2D SPACE',''
  ) );
#8276 = PCURVE('',#2634,#8277);
#8277 = DEFINITIONAL_REPRESENTATION('',(#8278),#8281);
#8278 = B_SPLINE_CURVE_WITH_KNOTS('',1,(#8279,#8280),.UNSPECIFIED.,.F.,
  .F.,(2,2),(3.484083529453,9.257586221349),.PIECEWISE_BEZIER_KNOTS.);
#8279 = CARTESIAN_POINT('',(2.374533647125,-4.744624494678));
#8280 = CARTESIAN_POINT('',(8.148036339021,-4.744624494678));
#8281 = ( GEOMETRIC_REPRESENTATION_CONTEXT(2) 
PARAMETRIC_REPRESENTATION_CONTEXT() REPRESENTATION_CONTEXT('2D SPACE',''
  ) );
#8282 = ADVANCED_FACE('',(#8283),#740,.F.);
#8283 = FACE_BOUND('',#8284,.F.);
#8284 = EDGE_LOOP('',(#8285,#8286,#8287,#8308));
#8285 = ORIENTED_EDGE('',*,*,#725,.F.);
#8286 = ORIENTED_EDGE('',*,*,#8239,.T.);
#8287 = ORIENTED_EDGE('',*,*,#8288,.F.);
#8288 = EDGE_CURVE('',#8289,#8240,#8291,.T.);
#8289 = VERTEX_POINT('',#8290);
#8290 = CARTESIAN_POINT('',(-1.18282402399,-8.,13.856406460551));
#8291 = SURFACE_CURVE('',#8292,(#8296,#8302),.PCURVE_S1.);
#8292 = LINE('',#8293,#8294);
#8293 = CARTESIAN_POINT('',(0.504304237346,-7.437623912888,
    14.830470416391));
#8294 = VECTOR('',#8295,1.);
#8295 = DIRECTION('',(-0.832050294338,-0.277350098113,-0.480384461415));
#8296 = PCURVE('',#740,#8297);
#8297 = DEFINITIONAL_REPRESENTATION('',(#8298),#8301);
#8298 = B_SPLINE_CURVE_WITH_KNOTS('',1,(#8299,#8300),.UNSPECIFIED.,.F.,
  .F.,(2,2),(2.027675818177,6.308427228188),.PIECEWISE_BEZIER_KNOTS.);
#8299 = CARTESIAN_POINT('',(0.887187078898,8.));
#8300 = CARTESIAN_POINT('',(5.,9.187266823562));
#8301 = ( GEOMETRIC_REPRESENTATION_CONTEXT(2) 
PARAMETRIC_REPRESENTATION_CONTEXT() REPRESENTATION_CONTEXT('2D SPACE',''
  ) );
#8302 = PCURVE('',#2634,#8303);
#8303 = DEFINITIONAL_REPRESENTATION('',(#8304),#8307);
#8304 = B_SPLINE_CURVE_WITH_KNOTS('',1,(#8305,#8306),.UNSPECIFIED.,.F.,
  .F.,(2,2),(2.027675818177,6.308427228188),.PIECEWISE_BEZIER_KNOTS.);
#8305 = CARTESIAN_POINT('',(2.339738485303E-16,-1.18282402399));
#8306 = CARTESIAN_POINT('',(2.374533647125,-4.744624494678));
#8307 = ( GEOMETRIC_REPRESENTATION_CONTEXT(2) 
PARAMETRIC_REPRESENTATION_CONTEXT() REPRESENTATION_CONTEXT('2D SPACE',''
  ) );
#8308 = ORIENTED_EDGE('',*,*,#8309,.F.);
#8309 = EDGE_CURVE('',#698,#8289,#8310,.T.);
#8310 = SURFACE_CURVE('',#8311,(#8315,#8321),.PCURVE_S1.);
#8311 = LINE('',#8312,#8313);
#8312 = CARTESIAN_POINT('',(-1.18282402399,4.,13.856406460551));
#8313 = VECTOR('',#8314,1.);
#8314 = DIRECTION('',(1.922962686384E-16,-1.,1.110223024625E-16));
#8315 = PCURVE('',#740,#8316);
#8316 = DEFINITIONAL_REPRESENTATION('',(#8317),#8320);
#8317 = B_SPLINE_CURVE_WITH_KNOTS('',1,(#8318,#8319),.UNSPECIFIED.,.F.,
  .F.,(2,2),(-4.,12.),.PIECEWISE_BEZIER_KNOTS.);
#8318 = CARTESIAN_POINT('',(0.887187078898,-8.));
#8319 = CARTESIAN_POINT('',(0.887187078898,8.));
#8320 = ( GEOMETRIC_REPRESENTATION_CONTEXT(2) 
PARAMETRIC_REPRESENTATION_CONTEXT() REPRESENTATION_CONTEXT('2D SPACE',''
  ) );
#8321 = PCURVE('',#713,#8322);
#8322 = DEFINITIONAL_REPRESENTATION('',(#8323),#8326);
#8323 = B_SPLINE_CURVE_WITH_KNOTS('',1,(#8324,#8325),.UNSPECIFIED.,.F.,
  .F.,(2,2),(-4.,12.),.PIECEWISE_BEZIER_KNOTS.);
#8324 = CARTESIAN_POINT('',(0.,-1.18282402399));
#8325 = CARTESIAN_POINT('',(16.,-1.18282402399));
#8326 = ( GEOMETRIC_REPRESENTATION_CONTEXT(2) 
PARAMETRIC_REPRESENTATION_CONTEXT() REPRESENTATION_CONTEXT('2D SPACE',''
  ) );
#8327 = ADVANCED_FACE('',(#8328),#713,.T.);
#8328 = FACE_BOUND('',#8329,.T.);
#8329 = EDGE_LOOP('',(#8330,#8331,#8352,#8373));
#8330 = ORIENTED_EDGE('',*,*,#697,.F.);
#8331 = ORIENTED_EDGE('',*,*,#8332,.F.);
#8332 = EDGE_CURVE('',#8333,#672,#8335,.T.);
#8333 = VERTEX_POINT('',#8334);
#8334 = CARTESIAN_POINT('',(-10.38488593444,-8.,13.856406460551));
#8335 = SURFACE_CURVE('',#8336,(#8340,#8346),.PCURVE_S1.);
#8336 = LINE('',#8337,#8338);
#8337 = CARTESIAN_POINT('',(-10.38488593444,4.,13.856406460551));
#8338 = VECTOR('',#8339,1.);
#8339 = DIRECTION('',(1.922962686384E-16,1.,-1.110223024625E-16));
#8340 = PCURVE('',#713,#8341);
#8341 = DEFINITIONAL_REPRESENTATION('',(#8342),#8345);
#8342 = B_SPLINE_CURVE_WITH_KNOTS('',1,(#8343,#8344),.UNSPECIFIED.,.F.,
  .F.,(2,2),(-12.,4.),.PIECEWISE_BEZIER_KNOTS.);
#8343 = CARTESIAN_POINT('',(16.,-10.38488593444));
#8344 = CARTESIAN_POINT('',(0.,-10.38488593444));
#8345 = ( GEOMETRIC_REPRESENTATION_CONTEXT(2) 
PARAMETRIC_REPRESENTATION_CONTEXT() REPRESENTATION_CONTEXT('2D SPACE',''
  ) );
#8346 = PCURVE('',#686,#8347);
#8347 = DEFINITIONAL_REPRESENTATION('',(#8348),#8351);
#8348 = B_SPLINE_CURVE_WITH_KNOTS('',1,(#8349,#8350),.UNSPECIFIED.,.F.,
  .F.,(2,2),(-12.,4.),.PIECEWISE_BEZIER_KNOTS.);
#8349 = CARTESIAN_POINT('',(4.112812921102,8.));
#8350 = CARTESIAN_POINT('',(4.112812921102,-8.));
#8351 = ( GEOMETRIC_REPRESENTATION_CONTEXT(2) 
PARAMETRIC_REPRESENTATION_CONTEXT() REPRESENTATION_CONTEXT('2D SPACE',''
  ) );
#8352 = ORIENTED_EDGE('',*,*,#8353,.T.);
#8353 = EDGE_CURVE('',#8333,#8289,#8354,.T.);
#8354 = SURFACE_CURVE('',#8355,(#8359,#8366),.PCURVE_S1.);
#8355 = LINE('',#8356,#8357);
#8356 = CARTESIAN_POINT('',(-60.,-8.,13.856406460551));
#8357 = VECTOR('',#8358,1.);
#8358 = DIRECTION('',(1.,0.,0.));
#8359 = PCURVE('',#713,#8360);
#8360 = DEFINITIONAL_REPRESENTATION('',(#8361),#8365);
#8361 = LINE('',#8362,#8363);
#8362 = CARTESIAN_POINT('',(16.,-60.));
#8363 = VECTOR('',#8364,1.);
#8364 = DIRECTION('',(0.,1.));
#8365 = ( GEOMETRIC_REPRESENTATION_CONTEXT(2) 
PARAMETRIC_REPRESENTATION_CONTEXT() REPRESENTATION_CONTEXT('2D SPACE',''
  ) );
#8366 = PCURVE('',#2634,#8367);
#8367 = DEFINITIONAL_REPRESENTATION('',(#8368),#8372);
#8368 = LINE('',#8369,#8370);
#8369 = CARTESIAN_POINT('',(-0.,-60.));
#8370 = VECTOR('',#8371,1.);
#8371 = DIRECTION('',(0.,1.));
#8372 = ( GEOMETRIC_REPRESENTATION_CONTEXT(2) 
PARAMETRIC_REPRESENTATION_CONTEXT() REPRESENTATION_CONTEXT('2D SPACE',''
  ) );
#8373 = ORIENTED_EDGE('',*,*,#8309,.F.);
#8374 = ADVANCED_FACE('',(#8375),#686,.F.);
#8375 = FACE_BOUND('',#8376,.F.);
#8376 = EDGE_LOOP('',(#8377,#8400,#8401,#8402));
#8377 = ORIENTED_EDGE('',*,*,#8378,.T.);
#8378 = EDGE_CURVE('',#8379,#646,#8381,.T.);
#8379 = VERTEX_POINT('',#8380);
#8380 = CARTESIAN_POINT('',(-6.82308546376,-9.187266823562,11.8));
#8381 = SURFACE_CURVE('',#8382,(#8386,#8393),.PCURVE_S1.);
#8382 = LINE('',#8383,#8384);
#8383 = CARTESIAN_POINT('',(-6.82308546376,-21.,11.8));
#8384 = VECTOR('',#8385,1.);
#8385 = DIRECTION('',(0.,1.,0.));
#8386 = PCURVE('',#686,#8387);
#8387 = DEFINITIONAL_REPRESENTATION('',(#8388),#8392);
#8388 = LINE('',#8389,#8390);
#8389 = CARTESIAN_POINT('',(0.,21.));
#8390 = VECTOR('',#8391,1.);
#8391 = DIRECTION('',(0.,-1.));
#8392 = ( GEOMETRIC_REPRESENTATION_CONTEXT(2) 
PARAMETRIC_REPRESENTATION_CONTEXT() REPRESENTATION_CONTEXT('2D SPACE',''
  ) );
#8393 = PCURVE('',#660,#8394);
#8394 = DEFINITIONAL_REPRESENTATION('',(#8395),#8399);
#8395 = LINE('',#8396,#8397);
#8396 = CARTESIAN_POINT('',(5.,21.));
#8397 = VECTOR('',#8398,1.);
#8398 = DIRECTION('',(0.,-1.));
#8399 = ( GEOMETRIC_REPRESENTATION_CONTEXT(2) 
PARAMETRIC_REPRESENTATION_CONTEXT() REPRESENTATION_CONTEXT('2D SPACE',''
  ) );
#8400 = ORIENTED_EDGE('',*,*,#671,.F.);
#8401 = ORIENTED_EDGE('',*,*,#8332,.F.);
#8402 = ORIENTED_EDGE('',*,*,#8403,.F.);
#8403 = EDGE_CURVE('',#8379,#8333,#8404,.T.);
#8404 = SURFACE_CURVE('',#8405,(#8409,#8415),.PCURVE_S1.);
#8405 = LINE('',#8406,#8407);
#8406 = CARTESIAN_POINT('',(-6.069286739898,-9.43853306485,
    11.364794103864));
#8407 = VECTOR('',#8408,1.);
#8408 = DIRECTION('',(-0.832050294338,0.277350098113,0.480384461415));
#8409 = PCURVE('',#686,#8410);
#8410 = DEFINITIONAL_REPRESENTATION('',(#8411),#8414);
#8411 = B_SPLINE_CURVE_WITH_KNOTS('',1,(#8412,#8413),.UNSPECIFIED.,.F.,
  .F.,(2,2),(0.905953316754,5.186704726766),.PIECEWISE_BEZIER_KNOTS.);
#8412 = CARTESIAN_POINT('',(-6.098461000052E-17,9.187266823562));
#8413 = CARTESIAN_POINT('',(4.112812921102,8.));
#8414 = ( GEOMETRIC_REPRESENTATION_CONTEXT(2) 
PARAMETRIC_REPRESENTATION_CONTEXT() REPRESENTATION_CONTEXT('2D SPACE',''
  ) );
#8415 = PCURVE('',#2634,#8416);
#8416 = DEFINITIONAL_REPRESENTATION('',(#8417),#8420);
#8417 = B_SPLINE_CURVE_WITH_KNOTS('',1,(#8418,#8419),.UNSPECIFIED.,.F.,
  .F.,(2,2),(0.905953316754,5.186704726766),.PIECEWISE_BEZIER_KNOTS.);
#8418 = CARTESIAN_POINT('',(2.374533647125,-6.82308546376));
#8419 = CARTESIAN_POINT('',(4.696487712073E-18,-10.38488593444));
#8420 = ( GEOMETRIC_REPRESENTATION_CONTEXT(2) 
PARAMETRIC_REPRESENTATION_CONTEXT() REPRESENTATION_CONTEXT('2D SPACE',''
  ) );
#8421 = ADVANCED_FACE('',(#8422),#660,.F.);
#8422 = FACE_BOUND('',#8423,.F.);
#8423 = EDGE_LOOP('',(#8424,#8447,#8448,#8449));
#8424 = ORIENTED_EDGE('',*,*,#8425,.T.);
#8425 = EDGE_CURVE('',#8426,#620,#8428,.T.);
#8426 = VERTEX_POINT('',#8427);
#8427 = CARTESIAN_POINT('',(-6.82308546376,-12.07401816951,6.8));
#8428 = SURFACE_CURVE('',#8429,(#8433,#8440),.PCURVE_S1.);
#8429 = LINE('',#8430,#8431);
#8430 = CARTESIAN_POINT('',(-6.82308546376,-21.,6.8));
#8431 = VECTOR('',#8432,1.);
#8432 = DIRECTION('',(0.,1.,0.));
#8433 = PCURVE('',#660,#8434);
#8434 = DEFINITIONAL_REPRESENTATION('',(#8435),#8439);
#8435 = LINE('',#8436,#8437);
#8436 = CARTESIAN_POINT('',(0.,21.));
#8437 = VECTOR('',#8438,1.);
#8438 = DIRECTION('',(0.,-1.));
#8439 = ( GEOMETRIC_REPRESENTATION_CONTEXT(2) 
PARAMETRIC_REPRESENTATION_CONTEXT() REPRESENTATION_CONTEXT('2D SPACE',''
  ) );
#8440 = PCURVE('',#634,#8441);
#8441 = DEFINITIONAL_REPRESENTATION('',(#8442),#8446);
#8442 = LINE('',#8443,#8444);
#8443 = CARTESIAN_POINT('',(5.,21.));
#8444 = VECTOR('',#8445,1.);
#8445 = DIRECTION('',(0.,-1.));
#8446 = ( GEOMETRIC_REPRESENTATION_CONTEXT(2) 
PARAMETRIC_REPRESENTATION_CONTEXT() REPRESENTATION_CONTEXT('2D SPACE',''
  ) );
#8447 = ORIENTED_EDGE('',*,*,#645,.F.);
#8448 = ORIENTED_EDGE('',*,*,#8378,.F.);
#8449 = ORIENTED_EDGE('',*,*,#8450,.F.);
#8450 = EDGE_CURVE('',#8426,#8379,#8451,.T.);
#8451 = SURFACE_CURVE('',#8452,(#8456,#8462),.PCURVE_S1.);
#8452 = LINE('',#8453,#8454);
#8453 = CARTESIAN_POINT('',(-6.82308546376,-8.527756813566,
    12.942304845413));
#8454 = VECTOR('',#8455,1.);
#8455 = DIRECTION('',(1.538370149107E-16,0.5,0.866025403784));
#8456 = PCURVE('',#660,#8457);
#8457 = DEFINITIONAL_REPRESENTATION('',(#8458),#8461);
#8458 = B_SPLINE_CURVE_WITH_KNOTS('',1,(#8459,#8460),.UNSPECIFIED.,.F.,
  .F.,(2,2),(-7.092522711888,-1.319020019992),.PIECEWISE_BEZIER_KNOTS.);
#8459 = CARTESIAN_POINT('',(-7.12378249503E-16,12.074018169511));
#8460 = CARTESIAN_POINT('',(5.,9.187266823562));
#8461 = ( GEOMETRIC_REPRESENTATION_CONTEXT(2) 
PARAMETRIC_REPRESENTATION_CONTEXT() REPRESENTATION_CONTEXT('2D SPACE',''
  ) );
#8462 = PCURVE('',#2634,#8463);
#8463 = DEFINITIONAL_REPRESENTATION('',(#8464),#8467);
#8464 = B_SPLINE_CURVE_WITH_KNOTS('',1,(#8465,#8466),.UNSPECIFIED.,.F.,
  .F.,(2,2),(-7.092522711888,-1.319020019992),.PIECEWISE_BEZIER_KNOTS.);
#8465 = CARTESIAN_POINT('',(8.148036339021,-6.82308546376));
#8466 = CARTESIAN_POINT('',(2.374533647125,-6.82308546376));
#8467 = ( GEOMETRIC_REPRESENTATION_CONTEXT(2) 
PARAMETRIC_REPRESENTATION_CONTEXT() REPRESENTATION_CONTEXT('2D SPACE',''
  ) );
#8468 = ADVANCED_FACE('',(#8469),#634,.F.);
#8469 = FACE_BOUND('',#8470,.F.);
#8470 = EDGE_LOOP('',(#8471,#8494,#8495,#8496));
#8471 = ORIENTED_EDGE('',*,*,#8472,.F.);
#8472 = EDGE_CURVE('',#594,#8473,#8475,.T.);
#8473 = VERTEX_POINT('',#8474);
#8474 = CARTESIAN_POINT('',(-11.15321248268,-13.51739384248,4.3));
#8475 = SURFACE_CURVE('',#8476,(#8480,#8487),.PCURVE_S1.);
#8476 = LINE('',#8477,#8478);
#8477 = CARTESIAN_POINT('',(-11.15321248268,21.,4.3));
#8478 = VECTOR('',#8479,1.);
#8479 = DIRECTION('',(0.,-1.,0.));
#8480 = PCURVE('',#634,#8481);
#8481 = DEFINITIONAL_REPRESENTATION('',(#8482),#8486);
#8482 = LINE('',#8483,#8484);
#8483 = CARTESIAN_POINT('',(0.,-21.));
#8484 = VECTOR('',#8485,1.);
#8485 = DIRECTION('',(0.,1.));
#8486 = ( GEOMETRIC_REPRESENTATION_CONTEXT(2) 
PARAMETRIC_REPRESENTATION_CONTEXT() REPRESENTATION_CONTEXT('2D SPACE',''
  ) );
#8487 = PCURVE('',#608,#8488);
#8488 = DEFINITIONAL_REPRESENTATION('',(#8489),#8493);
#8489 = LINE('',#8490,#8491);
#8490 = CARTESIAN_POINT('',(5.,-21.));
#8491 = VECTOR('',#8492,1.);
#8492 = DIRECTION('',(0.,1.));
#8493 = ( GEOMETRIC_REPRESENTATION_CONTEXT(2) 
PARAMETRIC_REPRESENTATION_CONTEXT() REPRESENTATION_CONTEXT('2D SPACE',''
  ) );
#8494 = ORIENTED_EDGE('',*,*,#619,.F.);
#8495 = ORIENTED_EDGE('',*,*,#8425,.F.);
#8496 = ORIENTED_EDGE('',*,*,#8497,.F.);
#8497 = EDGE_CURVE('',#8473,#8426,#8498,.T.);
#8498 = SURFACE_CURVE('',#8499,(#8503,#8509),.PCURVE_S1.);
#8499 = LINE('',#8500,#8501);
#8500 = CARTESIAN_POINT('',(-3.186296329551,-10.86175512477,
    8.899701185621));
#8501 = VECTOR('',#8502,1.);
#8502 = DIRECTION('',(0.832050294338,0.277350098113,0.480384461415));
#8503 = PCURVE('',#634,#8504);
#8504 = DEFINITIONAL_REPRESENTATION('',(#8505),#8508);
#8505 = B_SPLINE_CURVE_WITH_KNOTS('',1,(#8506,#8507),.UNSPECIFIED.,.F.,
  .F.,(2,2),(-9.575041565812,-4.370876567147),.PIECEWISE_BEZIER_KNOTS.);
#8506 = CARTESIAN_POINT('',(-1.909897588E-16,13.517393842485));
#8507 = CARTESIAN_POINT('',(5.,12.074018169511));
#8508 = ( GEOMETRIC_REPRESENTATION_CONTEXT(2) 
PARAMETRIC_REPRESENTATION_CONTEXT() REPRESENTATION_CONTEXT('2D SPACE',''
  ) );
#8509 = PCURVE('',#2634,#8510);
#8510 = DEFINITIONAL_REPRESENTATION('',(#8511),#8514);
#8511 = B_SPLINE_CURVE_WITH_KNOTS('',1,(#8512,#8513),.UNSPECIFIED.,.F.,
  .F.,(2,2),(-9.575041565812,-4.370876567147),.PIECEWISE_BEZIER_KNOTS.);
#8512 = CARTESIAN_POINT('',(11.034787684969,-11.15321248268));
#8513 = CARTESIAN_POINT('',(8.148036339021,-6.82308546376));
#8514 = ( GEOMETRIC_REPRESENTATION_CONTEXT(2) 
PARAMETRIC_REPRESENTATION_CONTEXT() REPRESENTATION_CONTEXT('2D SPACE',''
  ) );
#8515 = ADVANCED_FACE('',(#8516),#608,.F.);
#8516 = FACE_BOUND('',#8517,.F.);
#8517 = EDGE_LOOP('',(#8518,#8541,#8542,#8543));
#8518 = ORIENTED_EDGE('',*,*,#8519,.F.);
#8519 = EDGE_CURVE('',#568,#8520,#8522,.T.);
#8520 = VERTEX_POINT('',#8521);
#8521 = CARTESIAN_POINT('',(-15.4833395016,-12.07401816951,6.8));
#8522 = SURFACE_CURVE('',#8523,(#8527,#8534),.PCURVE_S1.);
#8523 = LINE('',#8524,#8525);
#8524 = CARTESIAN_POINT('',(-15.4833395016,21.,6.8));
#8525 = VECTOR('',#8526,1.);
#8526 = DIRECTION('',(0.,-1.,0.));
#8527 = PCURVE('',#608,#8528);
#8528 = DEFINITIONAL_REPRESENTATION('',(#8529),#8533);
#8529 = LINE('',#8530,#8531);
#8530 = CARTESIAN_POINT('',(0.,-21.));
#8531 = VECTOR('',#8532,1.);
#8532 = DIRECTION('',(0.,1.));
#8533 = ( GEOMETRIC_REPRESENTATION_CONTEXT(2) 
PARAMETRIC_REPRESENTATION_CONTEXT() REPRESENTATION_CONTEXT('2D SPACE',''
  ) );
#8534 = PCURVE('',#582,#8535);
#8535 = DEFINITIONAL_REPRESENTATION('',(#8536),#8540);
#8536 = LINE('',#8537,#8538);
#8537 = CARTESIAN_POINT('',(5.,-21.));
#8538 = VECTOR('',#8539,1.);
#8539 = DIRECTION('',(-0.,1.));
#8540 = ( GEOMETRIC_REPRESENTATION_CONTEXT(2) 
PARAMETRIC_REPRESENTATION_CONTEXT() REPRESENTATION_CONTEXT('2D SPACE',''
  ) );
#8541 = ORIENTED_EDGE('',*,*,#593,.F.);
#8542 = ORIENTED_EDGE('',*,*,#8472,.T.);
#8543 = ORIENTED_EDGE('',*,*,#8544,.F.);
#8544 = EDGE_CURVE('',#8520,#8473,#8545,.T.);
#8545 = SURFACE_CURVE('',#8546,(#8550,#8556),.PCURVE_S1.);
#8546 = LINE('',#8547,#8548);
#8547 = CARTESIAN_POINT('',(-13.39719400269,-12.76940000248,
    5.595563334633));
#8548 = VECTOR('',#8549,1.);
#8549 = DIRECTION('',(0.832050294338,-0.277350098113,-0.480384461415));
#8550 = PCURVE('',#608,#8551);
#8551 = DEFINITIONAL_REPRESENTATION('',(#8552),#8555);
#8552 = B_SPLINE_CURVE_WITH_KNOTS('',1,(#8553,#8554),.UNSPECIFIED.,.F.,
  .F.,(2,2),(-2.507234854805,2.69693014386),.PIECEWISE_BEZIER_KNOTS.);
#8553 = CARTESIAN_POINT('',(-4.516196111485E-16,12.074018169511));
#8554 = CARTESIAN_POINT('',(5.,13.517393842485));
#8555 = ( GEOMETRIC_REPRESENTATION_CONTEXT(2) 
PARAMETRIC_REPRESENTATION_CONTEXT() REPRESENTATION_CONTEXT('2D SPACE',''
  ) );
#8556 = PCURVE('',#2634,#8557);
#8557 = DEFINITIONAL_REPRESENTATION('',(#8558),#8561);
#8558 = B_SPLINE_CURVE_WITH_KNOTS('',1,(#8559,#8560),.UNSPECIFIED.,.F.,
  .F.,(2,2),(-2.507234854805,2.69693014386),.PIECEWISE_BEZIER_KNOTS.);
#8559 = CARTESIAN_POINT('',(8.148036339021,-15.4833395016));
#8560 = CARTESIAN_POINT('',(11.034787684969,-11.15321248268));
#8561 = ( GEOMETRIC_REPRESENTATION_CONTEXT(2) 
PARAMETRIC_REPRESENTATION_CONTEXT() REPRESENTATION_CONTEXT('2D SPACE',''
  ) );
#8562 = ADVANCED_FACE('',(#8563),#582,.F.);
#8563 = FACE_BOUND('',#8564,.F.);
#8564 = EDGE_LOOP('',(#8565,#8588,#8589,#8590));
#8565 = ORIENTED_EDGE('',*,*,#8566,.F.);
#8566 = EDGE_CURVE('',#542,#8567,#8569,.T.);
#8567 = VERTEX_POINT('',#8568);
#8568 = CARTESIAN_POINT('',(-15.4833395016,-9.187266823562,11.8));
#8569 = SURFACE_CURVE('',#8570,(#8574,#8581),.PCURVE_S1.);
#8570 = LINE('',#8571,#8572);
#8571 = CARTESIAN_POINT('',(-15.4833395016,21.,11.8));
#8572 = VECTOR('',#8573,1.);
#8573 = DIRECTION('',(0.,-1.,0.));
#8574 = PCURVE('',#582,#8575);
#8575 = DEFINITIONAL_REPRESENTATION('',(#8576),#8580);
#8576 = LINE('',#8577,#8578);
#8577 = CARTESIAN_POINT('',(0.,-21.));
#8578 = VECTOR('',#8579,1.);
#8579 = DIRECTION('',(-0.,1.));
#8580 = ( GEOMETRIC_REPRESENTATION_CONTEXT(2) 
PARAMETRIC_REPRESENTATION_CONTEXT() REPRESENTATION_CONTEXT('2D SPACE',''
  ) );
#8581 = PCURVE('',#556,#8582);
#8582 = DEFINITIONAL_REPRESENTATION('',(#8583),#8587);
#8583 = LINE('',#8584,#8585);
#8584 = CARTESIAN_POINT('',(5.,-21.));
#8585 = VECTOR('',#8586,1.);
#8586 = DIRECTION('',(-0.,1.));
#8587 = ( GEOMETRIC_REPRESENTATION_CONTEXT(2) 
PARAMETRIC_REPRESENTATION_CONTEXT() REPRESENTATION_CONTEXT('2D SPACE',''
  ) );
#8588 = ORIENTED_EDGE('',*,*,#567,.F.);
#8589 = ORIENTED_EDGE('',*,*,#8519,.T.);
#8590 = ORIENTED_EDGE('',*,*,#8591,.F.);
#8591 = EDGE_CURVE('',#8567,#8520,#8592,.T.);
#8592 = SURFACE_CURVE('',#8593,(#8597,#8603),.PCURVE_S1.);
#8593 = LINE('',#8594,#8595);
#8594 = CARTESIAN_POINT('',(-15.4833395016,-7.445225058836,
    14.817304845413));
#8595 = VECTOR('',#8596,1.);
#8596 = DIRECTION('',(-3.076740298214E-16,-0.5,-0.866025403784));
#8597 = PCURVE('',#582,#8598);
#8598 = DEFINITIONAL_REPRESENTATION('',(#8599),#8602);
#8599 = B_SPLINE_CURVE_WITH_KNOTS('',1,(#8600,#8601),.UNSPECIFIED.,.F.,
  .F.,(2,2),(3.484083529453,9.257586221349),.PIECEWISE_BEZIER_KNOTS.);
#8600 = CARTESIAN_POINT('',(2.091549516805E-16,9.187266823562));
#8601 = CARTESIAN_POINT('',(5.,12.074018169511));
#8602 = ( GEOMETRIC_REPRESENTATION_CONTEXT(2) 
PARAMETRIC_REPRESENTATION_CONTEXT() REPRESENTATION_CONTEXT('2D SPACE',''
  ) );
#8603 = PCURVE('',#2634,#8604);
#8604 = DEFINITIONAL_REPRESENTATION('',(#8605),#8608);
#8605 = B_SPLINE_CURVE_WITH_KNOTS('',1,(#8606,#8607),.UNSPECIFIED.,.F.,
  .F.,(2,2),(3.484083529453,9.257586221349),.PIECEWISE_BEZIER_KNOTS.);
#8606 = CARTESIAN_POINT('',(2.374533647125,-15.4833395016));
#8607 = CARTESIAN_POINT('',(8.148036339021,-15.4833395016));
#8608 = ( GEOMETRIC_REPRESENTATION_CONTEXT(2) 
PARAMETRIC_REPRESENTATION_CONTEXT() REPRESENTATION_CONTEXT('2D SPACE',''
  ) );
#8609 = ADVANCED_FACE('',(#8610),#556,.F.);
#8610 = FACE_BOUND('',#8611,.F.);
#8611 = EDGE_LOOP('',(#8612,#8613,#8614,#8635));
#8612 = ORIENTED_EDGE('',*,*,#541,.F.);
#8613 = ORIENTED_EDGE('',*,*,#8566,.T.);
#8614 = ORIENTED_EDGE('',*,*,#8615,.F.);
#8615 = EDGE_CURVE('',#8616,#8567,#8618,.T.);
#8616 = VERTEX_POINT('',#8617);
#8617 = CARTESIAN_POINT('',(-11.92153903091,-8.,13.856406460551));
#8618 = SURFACE_CURVE('',#8619,(#8623,#8629),.PCURVE_S1.);
#8619 = LINE('',#8620,#8621);
#8620 = CARTESIAN_POINT('',(-6.517163267184,-6.198541412089,
    16.976624262545));
#8621 = VECTOR('',#8622,1.);
#8622 = DIRECTION('',(-0.832050294338,-0.277350098113,-0.480384461415));
#8623 = PCURVE('',#556,#8624);
#8624 = DEFINITIONAL_REPRESENTATION('',(#8625),#8628);
#8625 = B_SPLINE_CURVE_WITH_KNOTS('',1,(#8626,#8627),.UNSPECIFIED.,.F.,
  .F.,(2,2),(6.495251309339,10.77600271935),.PIECEWISE_BEZIER_KNOTS.);
#8626 = CARTESIAN_POINT('',(0.887187078898,8.));
#8627 = CARTESIAN_POINT('',(5.,9.187266823562));
#8628 = ( GEOMETRIC_REPRESENTATION_CONTEXT(2) 
PARAMETRIC_REPRESENTATION_CONTEXT() REPRESENTATION_CONTEXT('2D SPACE',''
  ) );
#8629 = PCURVE('',#2634,#8630);
#8630 = DEFINITIONAL_REPRESENTATION('',(#8631),#8634);
#8631 = B_SPLINE_CURVE_WITH_KNOTS('',1,(#8632,#8633),.UNSPECIFIED.,.F.,
  .F.,(2,2),(6.495251309339,10.77600271935),.PIECEWISE_BEZIER_KNOTS.);
#8632 = CARTESIAN_POINT('',(4.861942337976E-16,-11.92153903091));
#8633 = CARTESIAN_POINT('',(2.374533647125,-15.4833395016));
#8634 = ( GEOMETRIC_REPRESENTATION_CONTEXT(2) 
PARAMETRIC_REPRESENTATION_CONTEXT() REPRESENTATION_CONTEXT('2D SPACE',''
  ) );
#8635 = ORIENTED_EDGE('',*,*,#8636,.F.);
#8636 = EDGE_CURVE('',#514,#8616,#8637,.T.);
#8637 = SURFACE_CURVE('',#8638,(#8642,#8648),.PCURVE_S1.);
#8638 = LINE('',#8639,#8640);
#8639 = CARTESIAN_POINT('',(-11.92153903091,4.,13.856406460551));
#8640 = VECTOR('',#8641,1.);
#8641 = DIRECTION('',(1.922962686384E-16,-1.,1.110223024625E-16));
#8642 = PCURVE('',#556,#8643);
#8643 = DEFINITIONAL_REPRESENTATION('',(#8644),#8647);
#8644 = B_SPLINE_CURVE_WITH_KNOTS('',1,(#8645,#8646),.UNSPECIFIED.,.F.,
  .F.,(2,2),(-4.,12.),.PIECEWISE_BEZIER_KNOTS.);
#8645 = CARTESIAN_POINT('',(0.887187078898,-8.));
#8646 = CARTESIAN_POINT('',(0.887187078898,8.));
#8647 = ( GEOMETRIC_REPRESENTATION_CONTEXT(2) 
PARAMETRIC_REPRESENTATION_CONTEXT() REPRESENTATION_CONTEXT('2D SPACE',''
  ) );
#8648 = PCURVE('',#529,#8649);
#8649 = DEFINITIONAL_REPRESENTATION('',(#8650),#8653);
#8650 = B_SPLINE_CURVE_WITH_KNOTS('',1,(#8651,#8652),.UNSPECIFIED.,.F.,
  .F.,(2,2),(-4.,12.),.PIECEWISE_BEZIER_KNOTS.);
#8651 = CARTESIAN_POINT('',(0.,-11.92153903091));
#8652 = CARTESIAN_POINT('',(16.,-11.92153903091));
#8653 = ( GEOMETRIC_REPRESENTATION_CONTEXT(2) 
PARAMETRIC_REPRESENTATION_CONTEXT() REPRESENTATION_CONTEXT('2D SPACE',''
  ) );
#8654 = ADVANCED_FACE('',(#8655),#529,.T.);
#8655 = FACE_BOUND('',#8656,.T.);
#8656 = EDGE_LOOP('',(#8657,#8658,#8679,#8700));
#8657 = ORIENTED_EDGE('',*,*,#513,.F.);
#8658 = ORIENTED_EDGE('',*,*,#8659,.F.);
#8659 = EDGE_CURVE('',#8660,#488,#8662,.T.);
#8660 = VERTEX_POINT('',#8661);
#8661 = CARTESIAN_POINT('',(-21.12360094137,-8.,13.856406460551));
#8662 = SURFACE_CURVE('',#8663,(#8667,#8673),.PCURVE_S1.);
#8663 = LINE('',#8664,#8665);
#8664 = CARTESIAN_POINT('',(-21.12360094137,4.,13.856406460551));
#8665 = VECTOR('',#8666,1.);
#8666 = DIRECTION('',(1.922962686384E-16,1.,-1.110223024625E-16));
#8667 = PCURVE('',#529,#8668);
#8668 = DEFINITIONAL_REPRESENTATION('',(#8669),#8672);
#8669 = B_SPLINE_CURVE_WITH_KNOTS('',1,(#8670,#8671),.UNSPECIFIED.,.F.,
  .F.,(2,2),(-12.,4.),.PIECEWISE_BEZIER_KNOTS.);
#8670 = CARTESIAN_POINT('',(16.,-21.12360094137));
#8671 = CARTESIAN_POINT('',(0.,-21.12360094137));
#8672 = ( GEOMETRIC_REPRESENTATION_CONTEXT(2) 
PARAMETRIC_REPRESENTATION_CONTEXT() REPRESENTATION_CONTEXT('2D SPACE',''
  ) );
#8673 = PCURVE('',#502,#8674);
#8674 = DEFINITIONAL_REPRESENTATION('',(#8675),#8678);
#8675 = B_SPLINE_CURVE_WITH_KNOTS('',1,(#8676,#8677),.UNSPECIFIED.,.F.,
  .F.,(2,2),(-12.,4.),.PIECEWISE_BEZIER_KNOTS.);
#8676 = CARTESIAN_POINT('',(4.112812921102,8.));
#8677 = CARTESIAN_POINT('',(4.112812921102,-8.));
#8678 = ( GEOMETRIC_REPRESENTATION_CONTEXT(2) 
PARAMETRIC_REPRESENTATION_CONTEXT() REPRESENTATION_CONTEXT('2D SPACE',''
  ) );
#8679 = ORIENTED_EDGE('',*,*,#8680,.T.);
#8680 = EDGE_CURVE('',#8660,#8616,#8681,.T.);
#8681 = SURFACE_CURVE('',#8682,(#8686,#8693),.PCURVE_S1.);
#8682 = LINE('',#8683,#8684);
#8683 = CARTESIAN_POINT('',(-60.,-8.,13.856406460551));
#8684 = VECTOR('',#8685,1.);
#8685 = DIRECTION('',(1.,0.,0.));
#8686 = PCURVE('',#529,#8687);
#8687 = DEFINITIONAL_REPRESENTATION('',(#8688),#8692);
#8688 = LINE('',#8689,#8690);
#8689 = CARTESIAN_POINT('',(16.,-60.));
#8690 = VECTOR('',#8691,1.);
#8691 = DIRECTION('',(0.,1.));
#8692 = ( GEOMETRIC_REPRESENTATION_CONTEXT(2) 
PARAMETRIC_REPRESENTATION_CONTEXT() REPRESENTATION_CONTEXT('2D SPACE',''
  ) );
#8693 = PCURVE('',#2634,#8694);
#8694 = DEFINITIONAL_REPRESENTATION('',(#8695),#8699);
#8695 = LINE('',#8696,#8697);
#8696 = CARTESIAN_POINT('',(-0.,-60.));
#8697 = VECTOR('',#8698,1.);
#8698 = DIRECTION('',(0.,1.));
#8699 = ( GEOMETRIC_REPRESENTATION_CONTEXT(2) 
PARAMETRIC_REPRESENTATION_CONTEXT() REPRESENTATION_CONTEXT('2D SPACE',''
  ) );
#8700 = ORIENTED_EDGE('',*,*,#8636,.F.);
#8701 = ADVANCED_FACE('',(#8702),#502,.F.);
#8702 = FACE_BOUND('',#8703,.F.);
#8703 = EDGE_LOOP('',(#8704,#8727,#8728,#8729));
#8704 = ORIENTED_EDGE('',*,*,#8705,.T.);
#8705 = EDGE_CURVE('',#8706,#462,#8708,.T.);
#8706 = VERTEX_POINT('',#8707);
#8707 = CARTESIAN_POINT('',(-17.56180047068,-9.187266823562,11.8));
#8708 = SURFACE_CURVE('',#8709,(#8713,#8720),.PCURVE_S1.);
#8709 = LINE('',#8710,#8711);
#8710 = CARTESIAN_POINT('',(-17.56180047068,-21.,11.8));
#8711 = VECTOR('',#8712,1.);
#8712 = DIRECTION('',(0.,1.,0.));
#8713 = PCURVE('',#502,#8714);
#8714 = DEFINITIONAL_REPRESENTATION('',(#8715),#8719);
#8715 = LINE('',#8716,#8717);
#8716 = CARTESIAN_POINT('',(0.,21.));
#8717 = VECTOR('',#8718,1.);
#8718 = DIRECTION('',(0.,-1.));
#8719 = ( GEOMETRIC_REPRESENTATION_CONTEXT(2) 
PARAMETRIC_REPRESENTATION_CONTEXT() REPRESENTATION_CONTEXT('2D SPACE',''
  ) );
#8720 = PCURVE('',#476,#8721);
#8721 = DEFINITIONAL_REPRESENTATION('',(#8722),#8726);
#8722 = LINE('',#8723,#8724);
#8723 = CARTESIAN_POINT('',(5.,21.));
#8724 = VECTOR('',#8725,1.);
#8725 = DIRECTION('',(0.,-1.));
#8726 = ( GEOMETRIC_REPRESENTATION_CONTEXT(2) 
PARAMETRIC_REPRESENTATION_CONTEXT() REPRESENTATION_CONTEXT('2D SPACE',''
  ) );
#8727 = ORIENTED_EDGE('',*,*,#487,.F.);
#8728 = ORIENTED_EDGE('',*,*,#8659,.F.);
#8729 = ORIENTED_EDGE('',*,*,#8730,.F.);
#8730 = EDGE_CURVE('',#8706,#8660,#8731,.T.);
#8731 = SURFACE_CURVE('',#8732,(#8736,#8742),.PCURVE_S1.);
#8732 = LINE('',#8733,#8734);
#8733 = CARTESIAN_POINT('',(-13.09075424442,-10.67761556564,
    9.21864025771));
#8734 = VECTOR('',#8735,1.);
#8735 = DIRECTION('',(-0.832050294338,0.277350098113,0.480384461415));
#8736 = PCURVE('',#502,#8737);
#8737 = DEFINITIONAL_REPRESENTATION('',(#8738),#8741);
#8738 = B_SPLINE_CURVE_WITH_KNOTS('',1,(#8739,#8740),.UNSPECIFIED.,.F.,
  .F.,(2,2),(5.373528807916,9.654280217928),.PIECEWISE_BEZIER_KNOTS.);
#8739 = CARTESIAN_POINT('',(8.662871300389E-16,9.187266823562));
#8740 = CARTESIAN_POINT('',(4.112812921102,8.));
#8741 = ( GEOMETRIC_REPRESENTATION_CONTEXT(2) 
PARAMETRIC_REPRESENTATION_CONTEXT() REPRESENTATION_CONTEXT('2D SPACE',''
  ) );
#8742 = PCURVE('',#2634,#8743);
#8743 = DEFINITIONAL_REPRESENTATION('',(#8744),#8747);
#8744 = B_SPLINE_CURVE_WITH_KNOTS('',1,(#8745,#8746),.UNSPECIFIED.,.F.,
  .F.,(2,2),(5.373528807916,9.654280217928),.PIECEWISE_BEZIER_KNOTS.);
#8745 = CARTESIAN_POINT('',(2.374533647125,-17.56180047068));
#8746 = CARTESIAN_POINT('',(1.986739632632E-17,-21.12360094137));
#8747 = ( GEOMETRIC_REPRESENTATION_CONTEXT(2) 
PARAMETRIC_REPRESENTATION_CONTEXT() REPRESENTATION_CONTEXT('2D SPACE',''
  ) );
#8748 = ADVANCED_FACE('',(#8749),#476,.F.);
#8749 = FACE_BOUND('',#8750,.F.);
#8750 = EDGE_LOOP('',(#8751,#8774,#8775,#8776));
#8751 = ORIENTED_EDGE('',*,*,#8752,.T.);
#8752 = EDGE_CURVE('',#8753,#436,#8755,.T.);
#8753 = VERTEX_POINT('',#8754);
#8754 = CARTESIAN_POINT('',(-17.56180047068,-12.07401816951,6.8));
#8755 = SURFACE_CURVE('',#8756,(#8760,#8767),.PCURVE_S1.);
#8756 = LINE('',#8757,#8758);
#8757 = CARTESIAN_POINT('',(-17.56180047068,-21.,6.8));
#8758 = VECTOR('',#8759,1.);
#8759 = DIRECTION('',(0.,1.,0.));
#8760 = PCURVE('',#476,#8761);
#8761 = DEFINITIONAL_REPRESENTATION('',(#8762),#8766);
#8762 = LINE('',#8763,#8764);
#8763 = CARTESIAN_POINT('',(0.,21.));
#8764 = VECTOR('',#8765,1.);
#8765 = DIRECTION('',(0.,-1.));
#8766 = ( GEOMETRIC_REPRESENTATION_CONTEXT(2) 
PARAMETRIC_REPRESENTATION_CONTEXT() REPRESENTATION_CONTEXT('2D SPACE',''
  ) );
#8767 = PCURVE('',#450,#8768);
#8768 = DEFINITIONAL_REPRESENTATION('',(#8769),#8773);
#8769 = LINE('',#8770,#8771);
#8770 = CARTESIAN_POINT('',(5.,21.));
#8771 = VECTOR('',#8772,1.);
#8772 = DIRECTION('',(0.,-1.));
#8773 = ( GEOMETRIC_REPRESENTATION_CONTEXT(2) 
PARAMETRIC_REPRESENTATION_CONTEXT() REPRESENTATION_CONTEXT('2D SPACE',''
  ) );
#8774 = ORIENTED_EDGE('',*,*,#461,.F.);
#8775 = ORIENTED_EDGE('',*,*,#8705,.F.);
#8776 = ORIENTED_EDGE('',*,*,#8777,.F.);
#8777 = EDGE_CURVE('',#8753,#8706,#8778,.T.);
#8778 = SURFACE_CURVE('',#8779,(#8783,#8789),.PCURVE_S1.);
#8779 = LINE('',#8780,#8781);
#8780 = CARTESIAN_POINT('',(-17.56180047068,-8.527756813566,
    12.942304845413));
#8781 = VECTOR('',#8782,1.);
#8782 = DIRECTION('',(1.538370149107E-16,0.5,0.866025403784));
#8783 = PCURVE('',#476,#8784);
#8784 = DEFINITIONAL_REPRESENTATION('',(#8785),#8788);
#8785 = B_SPLINE_CURVE_WITH_KNOTS('',1,(#8786,#8787),.UNSPECIFIED.,.F.,
  .F.,(2,2),(-7.092522711888,-1.319020019992),.PIECEWISE_BEZIER_KNOTS.);
#8786 = CARTESIAN_POINT('',(-7.12378249503E-16,12.074018169511));
#8787 = CARTESIAN_POINT('',(5.,9.187266823562));
#8788 = ( GEOMETRIC_REPRESENTATION_CONTEXT(2) 
PARAMETRIC_REPRESENTATION_CONTEXT() REPRESENTATION_CONTEXT('2D SPACE',''
  ) );
#8789 = PCURVE('',#2634,#8790);
#8790 = DEFINITIONAL_REPRESENTATION('',(#8791),#8794);
#8791 = B_SPLINE_CURVE_WITH_KNOTS('',1,(#8792,#8793),.UNSPECIFIED.,.F.,
  .F.,(2,2),(-7.092522711888,-1.319020019992),.PIECEWISE_BEZIER_KNOTS.);
#8792 = CARTESIAN_POINT('',(8.148036339021,-17.56180047068));
#8793 = CARTESIAN_POINT('',(2.374533647125,-17.56180047068));
#8794 = ( GEOMETRIC_REPRESENTATION_CONTEXT(2) 
PARAMETRIC_REPRESENTATION_CONTEXT() REPRESENTATION_CONTEXT('2D SPACE',''
  ) );
#8795 = ADVANCED_FACE('',(#8796),#450,.F.);
#8796 = FACE_BOUND('',#8797,.F.);
#8797 = EDGE_LOOP('',(#8798,#8821,#8822,#8823));
#8798 = ORIENTED_EDGE('',*,*,#8799,.F.);
#8799 = EDGE_CURVE('',#410,#8800,#8802,.T.);
#8800 = VERTEX_POINT('',#8801);
#8801 = CARTESIAN_POINT('',(-21.8919274896,-13.51739384248,4.3));
#8802 = SURFACE_CURVE('',#8803,(#8807,#8814),.PCURVE_S1.);
#8803 = LINE('',#8804,#8805);
#8804 = CARTESIAN_POINT('',(-21.8919274896,21.,4.3));
#8805 = VECTOR('',#8806,1.);
#8806 = DIRECTION('',(0.,-1.,0.));
#8807 = PCURVE('',#450,#8808);
#8808 = DEFINITIONAL_REPRESENTATION('',(#8809),#8813);
#8809 = LINE('',#8810,#8811);
#8810 = CARTESIAN_POINT('',(0.,-21.));
#8811 = VECTOR('',#8812,1.);
#8812 = DIRECTION('',(0.,1.));
#8813 = ( GEOMETRIC_REPRESENTATION_CONTEXT(2) 
PARAMETRIC_REPRESENTATION_CONTEXT() REPRESENTATION_CONTEXT('2D SPACE',''
  ) );
#8814 = PCURVE('',#424,#8815);
#8815 = DEFINITIONAL_REPRESENTATION('',(#8816),#8820);
#8816 = LINE('',#8817,#8818);
#8817 = CARTESIAN_POINT('',(5.,-21.));
#8818 = VECTOR('',#8819,1.);
#8819 = DIRECTION('',(0.,1.));
#8820 = ( GEOMETRIC_REPRESENTATION_CONTEXT(2) 
PARAMETRIC_REPRESENTATION_CONTEXT() REPRESENTATION_CONTEXT('2D SPACE',''
  ) );
#8821 = ORIENTED_EDGE('',*,*,#435,.F.);
#8822 = ORIENTED_EDGE('',*,*,#8752,.F.);
#8823 = ORIENTED_EDGE('',*,*,#8824,.F.);
#8824 = EDGE_CURVE('',#8800,#8753,#8825,.T.);
#8825 = SURFACE_CURVE('',#8826,(#8830,#8836),.PCURVE_S1.);
#8826 = LINE('',#8827,#8828);
#8827 = CARTESIAN_POINT('',(-10.20776383408,-9.622672623975,
    11.045855031775));
#8828 = VECTOR('',#8829,1.);
#8829 = DIRECTION('',(0.832050294338,0.277350098113,0.480384461415));
#8830 = PCURVE('',#450,#8831);
#8831 = DEFINITIONAL_REPRESENTATION('',(#8832),#8835);
#8832 = B_SPLINE_CURVE_WITH_KNOTS('',1,(#8833,#8834),.UNSPECIFIED.,.F.,
  .F.,(2,2),(-14.04261705697,-8.838452058309),.PIECEWISE_BEZIER_KNOTS.);
#8833 = CARTESIAN_POINT('',(-1.157461219478E-15,13.517393842485));
#8834 = CARTESIAN_POINT('',(5.,12.074018169511));
#8835 = ( GEOMETRIC_REPRESENTATION_CONTEXT(2) 
PARAMETRIC_REPRESENTATION_CONTEXT() REPRESENTATION_CONTEXT('2D SPACE',''
  ) );
#8836 = PCURVE('',#2634,#8837);
#8837 = DEFINITIONAL_REPRESENTATION('',(#8838),#8841);
#8838 = B_SPLINE_CURVE_WITH_KNOTS('',1,(#8839,#8840),.UNSPECIFIED.,.F.,
  .F.,(2,2),(-14.04261705697,-8.838452058309),.PIECEWISE_BEZIER_KNOTS.);
#8839 = CARTESIAN_POINT('',(11.034787684969,-21.8919274896));
#8840 = CARTESIAN_POINT('',(8.148036339021,-17.56180047068));
#8841 = ( GEOMETRIC_REPRESENTATION_CONTEXT(2) 
PARAMETRIC_REPRESENTATION_CONTEXT() REPRESENTATION_CONTEXT('2D SPACE',''
  ) );
#8842 = ADVANCED_FACE('',(#8843),#424,.F.);
#8843 = FACE_BOUND('',#8844,.F.);
#8844 = EDGE_LOOP('',(#8845,#8868,#8869,#8870));
#8845 = ORIENTED_EDGE('',*,*,#8846,.F.);
#8846 = EDGE_CURVE('',#384,#8847,#8849,.T.);
#8847 = VERTEX_POINT('',#8848);
#8848 = CARTESIAN_POINT('',(-26.22205450853,-12.07401816951,6.8));
#8849 = SURFACE_CURVE('',#8850,(#8854,#8861),.PCURVE_S1.);
#8850 = LINE('',#8851,#8852);
#8851 = CARTESIAN_POINT('',(-26.22205450853,21.,6.8));
#8852 = VECTOR('',#8853,1.);
#8853 = DIRECTION('',(0.,-1.,0.));
#8854 = PCURVE('',#424,#8855);
#8855 = DEFINITIONAL_REPRESENTATION('',(#8856),#8860);
#8856 = LINE('',#8857,#8858);
#8857 = CARTESIAN_POINT('',(0.,-21.));
#8858 = VECTOR('',#8859,1.);
#8859 = DIRECTION('',(0.,1.));
#8860 = ( GEOMETRIC_REPRESENTATION_CONTEXT(2) 
PARAMETRIC_REPRESENTATION_CONTEXT() REPRESENTATION_CONTEXT('2D SPACE',''
  ) );
#8861 = PCURVE('',#398,#8862);
#8862 = DEFINITIONAL_REPRESENTATION('',(#8863),#8867);
#8863 = LINE('',#8864,#8865);
#8864 = CARTESIAN_POINT('',(5.,-21.));
#8865 = VECTOR('',#8866,1.);
#8866 = DIRECTION('',(-0.,1.));
#8867 = ( GEOMETRIC_REPRESENTATION_CONTEXT(2) 
PARAMETRIC_REPRESENTATION_CONTEXT() REPRESENTATION_CONTEXT('2D SPACE',''
  ) );
#8868 = ORIENTED_EDGE('',*,*,#409,.F.);
#8869 = ORIENTED_EDGE('',*,*,#8799,.T.);
#8870 = ORIENTED_EDGE('',*,*,#8871,.F.);
#8871 = EDGE_CURVE('',#8847,#8800,#8872,.T.);
#8872 = SURFACE_CURVE('',#8873,(#8877,#8883),.PCURVE_S1.);
#8873 = LINE('',#8874,#8875);
#8874 = CARTESIAN_POINT('',(-20.41866150721,-14.00848250328,
    3.449409488479));
#8875 = VECTOR('',#8876,1.);
#8876 = DIRECTION('',(0.832050294338,-0.277350098113,-0.480384461415));
#8877 = PCURVE('',#424,#8878);
#8878 = DEFINITIONAL_REPRESENTATION('',(#8879),#8882);
#8879 = B_SPLINE_CURVE_WITH_KNOTS('',1,(#8880,#8881),.UNSPECIFIED.,.F.,
  .F.,(2,2),(-6.974810345967,-1.770645347302),.PIECEWISE_BEZIER_KNOTS.);
#8880 = CARTESIAN_POINT('',(-1.313558483456E-15,12.074018169511));
#8881 = CARTESIAN_POINT('',(5.,13.517393842485));
#8882 = ( GEOMETRIC_REPRESENTATION_CONTEXT(2) 
PARAMETRIC_REPRESENTATION_CONTEXT() REPRESENTATION_CONTEXT('2D SPACE',''
  ) );
#8883 = PCURVE('',#2634,#8884);
#8884 = DEFINITIONAL_REPRESENTATION('',(#8885),#8888);
#8885 = B_SPLINE_CURVE_WITH_KNOTS('',1,(#8886,#8887),.UNSPECIFIED.,.F.,
  .F.,(2,2),(-6.974810345967,-1.770645347302),.PIECEWISE_BEZIER_KNOTS.);
#8886 = CARTESIAN_POINT('',(8.148036339021,-26.22205450853));
#8887 = CARTESIAN_POINT('',(11.034787684969,-21.8919274896));
#8888 = ( GEOMETRIC_REPRESENTATION_CONTEXT(2) 
PARAMETRIC_REPRESENTATION_CONTEXT() REPRESENTATION_CONTEXT('2D SPACE',''
  ) );
#8889 = ADVANCED_FACE('',(#8890),#398,.F.);
#8890 = FACE_BOUND('',#8891,.F.);
#8891 = EDGE_LOOP('',(#8892,#8915,#8916,#8917));
#8892 = ORIENTED_EDGE('',*,*,#8893,.F.);
#8893 = EDGE_CURVE('',#358,#8894,#8896,.T.);
#8894 = VERTEX_POINT('',#8895);
#8895 = CARTESIAN_POINT('',(-26.22205450853,-9.187266823562,11.8));
#8896 = SURFACE_CURVE('',#8897,(#8901,#8908),.PCURVE_S1.);
#8897 = LINE('',#8898,#8899);
#8898 = CARTESIAN_POINT('',(-26.22205450853,21.,11.8));
#8899 = VECTOR('',#8900,1.);
#8900 = DIRECTION('',(0.,-1.,0.));
#8901 = PCURVE('',#398,#8902);
#8902 = DEFINITIONAL_REPRESENTATION('',(#8903),#8907);
#8903 = LINE('',#8904,#8905);
#8904 = CARTESIAN_POINT('',(0.,-21.));
#8905 = VECTOR('',#8906,1.);
#8906 = DIRECTION('',(-0.,1.));
#8907 = ( GEOMETRIC_REPRESENTATION_CONTEXT(2) 
PARAMETRIC_REPRESENTATION_CONTEXT() REPRESENTATION_CONTEXT('2D SPACE',''
  ) );
#8908 = PCURVE('',#372,#8909);
#8909 = DEFINITIONAL_REPRESENTATION('',(#8910),#8914);
#8910 = LINE('',#8911,#8912);
#8911 = CARTESIAN_POINT('',(5.,-21.));
#8912 = VECTOR('',#8913,1.);
#8913 = DIRECTION('',(-0.,1.));
#8914 = ( GEOMETRIC_REPRESENTATION_CONTEXT(2) 
PARAMETRIC_REPRESENTATION_CONTEXT() REPRESENTATION_CONTEXT('2D SPACE',''
  ) );
#8915 = ORIENTED_EDGE('',*,*,#383,.F.);
#8916 = ORIENTED_EDGE('',*,*,#8846,.T.);
#8917 = ORIENTED_EDGE('',*,*,#8918,.F.);
#8918 = EDGE_CURVE('',#8894,#8847,#8919,.T.);
#8919 = SURFACE_CURVE('',#8920,(#8924,#8930),.PCURVE_S1.);
#8920 = LINE('',#8921,#8922);
#8921 = CARTESIAN_POINT('',(-26.22205450853,-7.445225058836,
    14.817304845413));
#8922 = VECTOR('',#8923,1.);
#8923 = DIRECTION('',(-3.076740298214E-16,-0.5,-0.866025403784));
#8924 = PCURVE('',#398,#8925);
#8925 = DEFINITIONAL_REPRESENTATION('',(#8926),#8929);
#8926 = B_SPLINE_CURVE_WITH_KNOTS('',1,(#8927,#8928),.UNSPECIFIED.,.F.,
  .F.,(2,2),(3.484083529453,9.257586221349),.PIECEWISE_BEZIER_KNOTS.);
#8927 = CARTESIAN_POINT('',(9.783400262339E-16,9.187266823562));
#8928 = CARTESIAN_POINT('',(5.,12.074018169511));
#8929 = ( GEOMETRIC_REPRESENTATION_CONTEXT(2) 
PARAMETRIC_REPRESENTATION_CONTEXT() REPRESENTATION_CONTEXT('2D SPACE',''
  ) );
#8930 = PCURVE('',#2634,#8931);
#8931 = DEFINITIONAL_REPRESENTATION('',(#8932),#8935);
#8932 = B_SPLINE_CURVE_WITH_KNOTS('',1,(#8933,#8934),.UNSPECIFIED.,.F.,
  .F.,(2,2),(3.484083529453,9.257586221349),.PIECEWISE_BEZIER_KNOTS.);
#8933 = CARTESIAN_POINT('',(2.374533647125,-26.22205450853));
#8934 = CARTESIAN_POINT('',(8.148036339021,-26.22205450853));
#8935 = ( GEOMETRIC_REPRESENTATION_CONTEXT(2) 
PARAMETRIC_REPRESENTATION_CONTEXT() REPRESENTATION_CONTEXT('2D SPACE',''
  ) );
#8936 = ADVANCED_FACE('',(#8937),#372,.F.);
#8937 = FACE_BOUND('',#8938,.F.);
#8938 = EDGE_LOOP('',(#8939,#8940,#8941,#8962));
#8939 = ORIENTED_EDGE('',*,*,#357,.F.);
#8940 = ORIENTED_EDGE('',*,*,#8893,.T.);
#8941 = ORIENTED_EDGE('',*,*,#8942,.F.);
#8942 = EDGE_CURVE('',#8943,#8894,#8945,.T.);
#8943 = VERTEX_POINT('',#8944);
#8944 = CARTESIAN_POINT('',(-22.66025403784,-8.,13.856406460551));
#8945 = SURFACE_CURVE('',#8946,(#8950,#8956),.PCURVE_S1.);
#8946 = LINE('',#8947,#8948);
#8947 = CARTESIAN_POINT('',(-13.53863077171,-4.959458911289,
    19.122778108698));
#8948 = VECTOR('',#8949,1.);
#8949 = DIRECTION('',(-0.832050294338,-0.277350098113,-0.480384461415));
#8950 = PCURVE('',#372,#8951);
#8951 = DEFINITIONAL_REPRESENTATION('',(#8952),#8955);
#8952 = B_SPLINE_CURVE_WITH_KNOTS('',1,(#8953,#8954),.UNSPECIFIED.,.F.,
  .F.,(2,2),(10.962826800501,15.243578210512),.PIECEWISE_BEZIER_KNOTS.);
#8953 = CARTESIAN_POINT('',(0.887187078898,8.));
#8954 = CARTESIAN_POINT('',(5.,9.187266823562));
#8955 = ( GEOMETRIC_REPRESENTATION_CONTEXT(2) 
PARAMETRIC_REPRESENTATION_CONTEXT() REPRESENTATION_CONTEXT('2D SPACE',''
  ) );
#8956 = PCURVE('',#2634,#8957);
#8957 = DEFINITIONAL_REPRESENTATION('',(#8958),#8961);
#8958 = B_SPLINE_CURVE_WITH_KNOTS('',1,(#8959,#8960),.UNSPECIFIED.,.F.,
  .F.,(2,2),(10.962826800501,15.243578210512),.PIECEWISE_BEZIER_KNOTS.);
#8959 = CARTESIAN_POINT('',(9.570405213475E-16,-22.66025403784));
#8960 = CARTESIAN_POINT('',(2.374533647125,-26.22205450853));
#8961 = ( GEOMETRIC_REPRESENTATION_CONTEXT(2) 
PARAMETRIC_REPRESENTATION_CONTEXT() REPRESENTATION_CONTEXT('2D SPACE',''
  ) );
#8962 = ORIENTED_EDGE('',*,*,#8963,.F.);
#8963 = EDGE_CURVE('',#330,#8943,#8964,.T.);
#8964 = SURFACE_CURVE('',#8965,(#8969,#8975),.PCURVE_S1.);
#8965 = LINE('',#8966,#8967);
#8966 = CARTESIAN_POINT('',(-22.66025403784,4.,13.856406460551));
#8967 = VECTOR('',#8968,1.);
#8968 = DIRECTION('',(1.922962686384E-16,-1.,1.110223024625E-16));
#8969 = PCURVE('',#372,#8970);
#8970 = DEFINITIONAL_REPRESENTATION('',(#8971),#8974);
#8971 = B_SPLINE_CURVE_WITH_KNOTS('',1,(#8972,#8973),.UNSPECIFIED.,.F.,
  .F.,(2,2),(-4.,12.),.PIECEWISE_BEZIER_KNOTS.);
#8972 = CARTESIAN_POINT('',(0.887187078898,-8.));
#8973 = CARTESIAN_POINT('',(0.887187078898,8.));
#8974 = ( GEOMETRIC_REPRESENTATION_CONTEXT(2) 
PARAMETRIC_REPRESENTATION_CONTEXT() REPRESENTATION_CONTEXT('2D SPACE',''
  ) );
#8975 = PCURVE('',#345,#8976);
#8976 = DEFINITIONAL_REPRESENTATION('',(#8977),#8980);
#8977 = B_SPLINE_CURVE_WITH_KNOTS('',1,(#8978,#8979),.UNSPECIFIED.,.F.,
  .F.,(2,2),(-4.,12.),.PIECEWISE_BEZIER_KNOTS.);
#8978 = CARTESIAN_POINT('',(0.,-22.66025403784));
#8979 = CARTESIAN_POINT('',(16.,-22.66025403784));
#8980 = ( GEOMETRIC_REPRESENTATION_CONTEXT(2) 
PARAMETRIC_REPRESENTATION_CONTEXT() REPRESENTATION_CONTEXT('2D SPACE',''
  ) );
#8981 = ADVANCED_FACE('',(#8982),#345,.T.);
#8982 = FACE_BOUND('',#8983,.T.);
#8983 = EDGE_LOOP('',(#8984,#8985,#9006,#9027));
#8984 = ORIENTED_EDGE('',*,*,#329,.F.);
#8985 = ORIENTED_EDGE('',*,*,#8986,.F.);
#8986 = EDGE_CURVE('',#8987,#304,#8989,.T.);
#8987 = VERTEX_POINT('',#8988);
#8988 = CARTESIAN_POINT('',(-31.8623159483,-8.,13.856406460551));
#8989 = SURFACE_CURVE('',#8990,(#8994,#9000),.PCURVE_S1.);
#8990 = LINE('',#8991,#8992);
#8991 = CARTESIAN_POINT('',(-31.8623159483,4.,13.856406460551));
#8992 = VECTOR('',#8993,1.);
#8993 = DIRECTION('',(1.922962686384E-16,1.,-1.110223024625E-16));
#8994 = PCURVE('',#345,#8995);
#8995 = DEFINITIONAL_REPRESENTATION('',(#8996),#8999);
#8996 = B_SPLINE_CURVE_WITH_KNOTS('',1,(#8997,#8998),.UNSPECIFIED.,.F.,
  .F.,(2,2),(-12.,4.),.PIECEWISE_BEZIER_KNOTS.);
#8997 = CARTESIAN_POINT('',(16.,-31.8623159483));
#8998 = CARTESIAN_POINT('',(0.,-31.8623159483));
#8999 = ( GEOMETRIC_REPRESENTATION_CONTEXT(2) 
PARAMETRIC_REPRESENTATION_CONTEXT() REPRESENTATION_CONTEXT('2D SPACE',''
  ) );
#9000 = PCURVE('',#318,#9001);
#9001 = DEFINITIONAL_REPRESENTATION('',(#9002),#9005);
#9002 = B_SPLINE_CURVE_WITH_KNOTS('',1,(#9003,#9004),.UNSPECIFIED.,.F.,
  .F.,(2,2),(-12.,4.),.PIECEWISE_BEZIER_KNOTS.);
#9003 = CARTESIAN_POINT('',(4.112812921102,8.));
#9004 = CARTESIAN_POINT('',(4.112812921102,-8.));
#9005 = ( GEOMETRIC_REPRESENTATION_CONTEXT(2) 
PARAMETRIC_REPRESENTATION_CONTEXT() REPRESENTATION_CONTEXT('2D SPACE',''
  ) );
#9006 = ORIENTED_EDGE('',*,*,#9007,.T.);
#9007 = EDGE_CURVE('',#8987,#8943,#9008,.T.);
#9008 = SURFACE_CURVE('',#9009,(#9013,#9020),.PCURVE_S1.);
#9009 = LINE('',#9010,#9011);
#9010 = CARTESIAN_POINT('',(-60.,-8.,13.856406460551));
#9011 = VECTOR('',#9012,1.);
#9012 = DIRECTION('',(1.,0.,0.));
#9013 = PCURVE('',#345,#9014);
#9014 = DEFINITIONAL_REPRESENTATION('',(#9015),#9019);
#9015 = LINE('',#9016,#9017);
#9016 = CARTESIAN_POINT('',(16.,-60.));
#9017 = VECTOR('',#9018,1.);
#9018 = DIRECTION('',(0.,1.));
#9019 = ( GEOMETRIC_REPRESENTATION_CONTEXT(2) 
PARAMETRIC_REPRESENTATION_CONTEXT() REPRESENTATION_CONTEXT('2D SPACE',''
  ) );
#9020 = PCURVE('',#2634,#9021);
#9021 = DEFINITIONAL_REPRESENTATION('',(#9022),#9026);
#9022 = LINE('',#9023,#9024);
#9023 = CARTESIAN_POINT('',(-0.,-60.));
#9024 = VECTOR('',#9025,1.);
#9025 = DIRECTION('',(0.,1.));
#9026 = ( GEOMETRIC_REPRESENTATION_CONTEXT(2) 
PARAMETRIC_REPRESENTATION_CONTEXT() REPRESENTATION_CONTEXT('2D SPACE',''
  ) );
#9027 = ORIENTED_EDGE('',*,*,#8963,.F.);
#9028 = ADVANCED_FACE('',(#9029),#318,.F.);
#9029 = FACE_BOUND('',#9030,.F.);
#9030 = EDGE_LOOP('',(#9031,#9054,#9055,#9056));
#9031 = ORIENTED_EDGE('',*,*,#9032,.T.);
#9032 = EDGE_CURVE('',#9033,#278,#9035,.T.);
#9033 = VERTEX_POINT('',#9034);
#9034 = CARTESIAN_POINT('',(-28.30051547761,-9.187266823562,11.8));
#9035 = SURFACE_CURVE('',#9036,(#9040,#9047),.PCURVE_S1.);
#9036 = LINE('',#9037,#9038);
#9037 = CARTESIAN_POINT('',(-28.30051547761,-21.,11.8));
#9038 = VECTOR('',#9039,1.);
#9039 = DIRECTION('',(0.,1.,0.));
#9040 = PCURVE('',#318,#9041);
#9041 = DEFINITIONAL_REPRESENTATION('',(#9042),#9046);
#9042 = LINE('',#9043,#9044);
#9043 = CARTESIAN_POINT('',(0.,21.));
#9044 = VECTOR('',#9045,1.);
#9045 = DIRECTION('',(0.,-1.));
#9046 = ( GEOMETRIC_REPRESENTATION_CONTEXT(2) 
PARAMETRIC_REPRESENTATION_CONTEXT() REPRESENTATION_CONTEXT('2D SPACE',''
  ) );
#9047 = PCURVE('',#292,#9048);
#9048 = DEFINITIONAL_REPRESENTATION('',(#9049),#9053);
#9049 = LINE('',#9050,#9051);
#9050 = CARTESIAN_POINT('',(5.,21.));
#9051 = VECTOR('',#9052,1.);
#9052 = DIRECTION('',(0.,-1.));
#9053 = ( GEOMETRIC_REPRESENTATION_CONTEXT(2) 
PARAMETRIC_REPRESENTATION_CONTEXT() REPRESENTATION_CONTEXT('2D SPACE',''
  ) );
#9054 = ORIENTED_EDGE('',*,*,#303,.F.);
#9055 = ORIENTED_EDGE('',*,*,#8986,.F.);
#9056 = ORIENTED_EDGE('',*,*,#9057,.F.);
#9057 = EDGE_CURVE('',#9033,#8987,#9058,.T.);
#9058 = SURFACE_CURVE('',#9059,(#9063,#9069),.PCURVE_S1.);
#9059 = LINE('',#9060,#9061);
#9060 = CARTESIAN_POINT('',(-20.11222174895,-11.91669806644,
    7.072486411556));
#9061 = VECTOR('',#9062,1.);
#9062 = DIRECTION('',(-0.832050294338,0.277350098113,0.480384461415));
#9063 = PCURVE('',#318,#9064);
#9064 = DEFINITIONAL_REPRESENTATION('',(#9065),#9068);
#9065 = B_SPLINE_CURVE_WITH_KNOTS('',1,(#9066,#9067),.UNSPECIFIED.,.F.,
  .F.,(2,2),(9.841104299078,14.12185570909),.PIECEWISE_BEZIER_KNOTS.);
#9066 = CARTESIAN_POINT('',(9.794243671407E-16,9.187266823562));
#9067 = CARTESIAN_POINT('',(4.112812921102,8.));
#9068 = ( GEOMETRIC_REPRESENTATION_CONTEXT(2) 
PARAMETRIC_REPRESENTATION_CONTEXT() REPRESENTATION_CONTEXT('2D SPACE',''
  ) );
#9069 = PCURVE('',#2634,#9070);
#9070 = DEFINITIONAL_REPRESENTATION('',(#9071),#9074);
#9071 = B_SPLINE_CURVE_WITH_KNOTS('',1,(#9072,#9073),.UNSPECIFIED.,.F.,
  .F.,(2,2),(9.841104299078,14.12185570909),.PIECEWISE_BEZIER_KNOTS.);
#9072 = CARTESIAN_POINT('',(2.374533647125,-28.30051547761));
#9073 = CARTESIAN_POINT('',(-1.540146993813E-15,-31.8623159483));
#9074 = ( GEOMETRIC_REPRESENTATION_CONTEXT(2) 
PARAMETRIC_REPRESENTATION_CONTEXT() REPRESENTATION_CONTEXT('2D SPACE',''
  ) );
#9075 = ADVANCED_FACE('',(#9076),#292,.F.);
#9076 = FACE_BOUND('',#9077,.F.);
#9077 = EDGE_LOOP('',(#9078,#9101,#9102,#9103));
#9078 = ORIENTED_EDGE('',*,*,#9079,.T.);
#9079 = EDGE_CURVE('',#9080,#252,#9082,.T.);
#9080 = VERTEX_POINT('',#9081);
#9081 = CARTESIAN_POINT('',(-28.30051547761,-12.07401816951,6.8));
#9082 = SURFACE_CURVE('',#9083,(#9087,#9094),.PCURVE_S1.);
#9083 = LINE('',#9084,#9085);
#9084 = CARTESIAN_POINT('',(-28.30051547761,-21.,6.8));
#9085 = VECTOR('',#9086,1.);
#9086 = DIRECTION('',(0.,1.,0.));
#9087 = PCURVE('',#292,#9088);
#9088 = DEFINITIONAL_REPRESENTATION('',(#9089),#9093);
#9089 = LINE('',#9090,#9091);
#9090 = CARTESIAN_POINT('',(0.,21.));
#9091 = VECTOR('',#9092,1.);
#9092 = DIRECTION('',(0.,-1.));
#9093 = ( GEOMETRIC_REPRESENTATION_CONTEXT(2) 
PARAMETRIC_REPRESENTATION_CONTEXT() REPRESENTATION_CONTEXT('2D SPACE',''
  ) );
#9094 = PCURVE('',#266,#9095);
#9095 = DEFINITIONAL_REPRESENTATION('',(#9096),#9100);
#9096 = LINE('',#9097,#9098);
#9097 = CARTESIAN_POINT('',(5.,21.));
#9098 = VECTOR('',#9099,1.);
#9099 = DIRECTION('',(0.,-1.));
#9100 = ( GEOMETRIC_REPRESENTATION_CONTEXT(2) 
PARAMETRIC_REPRESENTATION_CONTEXT() REPRESENTATION_CONTEXT('2D SPACE',''
  ) );
#9101 = ORIENTED_EDGE('',*,*,#277,.F.);
#9102 = ORIENTED_EDGE('',*,*,#9032,.F.);
#9103 = ORIENTED_EDGE('',*,*,#9104,.F.);
#9104 = EDGE_CURVE('',#9080,#9033,#9105,.T.);
#9105 = SURFACE_CURVE('',#9106,(#9110,#9116),.PCURVE_S1.);
#9106 = LINE('',#9107,#9108);
#9107 = CARTESIAN_POINT('',(-28.30051547761,-8.527756813566,
    12.942304845413));
#9108 = VECTOR('',#9109,1.);
#9109 = DIRECTION('',(1.538370149107E-16,0.5,0.866025403784));
#9110 = PCURVE('',#292,#9111);
#9111 = DEFINITIONAL_REPRESENTATION('',(#9112),#9115);
#9112 = B_SPLINE_CURVE_WITH_KNOTS('',1,(#9113,#9114),.UNSPECIFIED.,.F.,
  .F.,(2,2),(-7.092522711888,-1.319020019992),.PIECEWISE_BEZIER_KNOTS.);
#9113 = CARTESIAN_POINT('',(-1.243576633763E-15,12.074018169511));
#9114 = CARTESIAN_POINT('',(5.,9.187266823562));
#9115 = ( GEOMETRIC_REPRESENTATION_CONTEXT(2) 
PARAMETRIC_REPRESENTATION_CONTEXT() REPRESENTATION_CONTEXT('2D SPACE',''
  ) );
#9116 = PCURVE('',#2634,#9117);
#9117 = DEFINITIONAL_REPRESENTATION('',(#9118),#9121);
#9118 = B_SPLINE_CURVE_WITH_KNOTS('',1,(#9119,#9120),.UNSPECIFIED.,.F.,
  .F.,(2,2),(-7.092522711888,-1.319020019992),.PIECEWISE_BEZIER_KNOTS.);
#9119 = CARTESIAN_POINT('',(8.148036339021,-28.30051547761));
#9120 = CARTESIAN_POINT('',(2.374533647125,-28.30051547761));
#9121 = ( GEOMETRIC_REPRESENTATION_CONTEXT(2) 
PARAMETRIC_REPRESENTATION_CONTEXT() REPRESENTATION_CONTEXT('2D SPACE',''
  ) );
#9122 = ADVANCED_FACE('',(#9123),#266,.F.);
#9123 = FACE_BOUND('',#9124,.F.);
#9124 = EDGE_LOOP('',(#9125,#9148,#9149,#9150));
#9125 = ORIENTED_EDGE('',*,*,#9126,.F.);
#9126 = EDGE_CURVE('',#226,#9127,#9129,.T.);
#9127 = VERTEX_POINT('',#9128);
#9128 = CARTESIAN_POINT('',(-32.63064249653,-13.51739384248,4.3));
#9129 = SURFACE_CURVE('',#9130,(#9134,#9141),.PCURVE_S1.);
#9130 = LINE('',#9131,#9132);
#9131 = CARTESIAN_POINT('',(-32.63064249653,21.,4.3));
#9132 = VECTOR('',#9133,1.);
#9133 = DIRECTION('',(0.,-1.,0.));
#9134 = PCURVE('',#266,#9135);
#9135 = DEFINITIONAL_REPRESENTATION('',(#9136),#9140);
#9136 = LINE('',#9137,#9138);
#9137 = CARTESIAN_POINT('',(0.,-21.));
#9138 = VECTOR('',#9139,1.);
#9139 = DIRECTION('',(0.,1.));
#9140 = ( GEOMETRIC_REPRESENTATION_CONTEXT(2) 
PARAMETRIC_REPRESENTATION_CONTEXT() REPRESENTATION_CONTEXT('2D SPACE',''
  ) );
#9141 = PCURVE('',#240,#9142);
#9142 = DEFINITIONAL_REPRESENTATION('',(#9143),#9147);
#9143 = LINE('',#9144,#9145);
#9144 = CARTESIAN_POINT('',(5.,-21.));
#9145 = VECTOR('',#9146,1.);
#9146 = DIRECTION('',(0.,1.));
#9147 = ( GEOMETRIC_REPRESENTATION_CONTEXT(2) 
PARAMETRIC_REPRESENTATION_CONTEXT() REPRESENTATION_CONTEXT('2D SPACE',''
  ) );
#9148 = ORIENTED_EDGE('',*,*,#251,.F.);
#9149 = ORIENTED_EDGE('',*,*,#9079,.F.);
#9150 = ORIENTED_EDGE('',*,*,#9151,.F.);
#9151 = EDGE_CURVE('',#9127,#9080,#9152,.T.);
#9152 = SURFACE_CURVE('',#9153,(#9157,#9163),.PCURVE_S1.);
#9153 = LINE('',#9154,#9155);
#9154 = CARTESIAN_POINT('',(-17.22923133861,-8.383590123176,
    13.192008877929));
#9155 = VECTOR('',#9156,1.);
#9156 = DIRECTION('',(0.832050294338,0.277350098113,0.480384461415));
#9157 = PCURVE('',#266,#9158);
#9158 = DEFINITIONAL_REPRESENTATION('',(#9159),#9162);
#9159 = B_SPLINE_CURVE_WITH_KNOTS('',1,(#9160,#9161),.UNSPECIFIED.,.F.,
  .F.,(2,2),(-18.51019254813,-13.30602754947),.PIECEWISE_BEZIER_KNOTS.);
#9160 = CARTESIAN_POINT('',(-4.172642330036E-16,13.517393842485));
#9161 = CARTESIAN_POINT('',(5.,12.074018169511));
#9162 = ( GEOMETRIC_REPRESENTATION_CONTEXT(2) 
PARAMETRIC_REPRESENTATION_CONTEXT() REPRESENTATION_CONTEXT('2D SPACE',''
  ) );
#9163 = PCURVE('',#2634,#9164);
#9164 = DEFINITIONAL_REPRESENTATION('',(#9165),#9168);
#9165 = B_SPLINE_CURVE_WITH_KNOTS('',1,(#9166,#9167),.UNSPECIFIED.,.F.,
  .F.,(2,2),(-18.51019254813,-13.30602754947),.PIECEWISE_BEZIER_KNOTS.);
#9166 = CARTESIAN_POINT('',(11.034787684969,-32.63064249653));
#9167 = CARTESIAN_POINT('',(8.148036339021,-28.30051547761));
#9168 = ( GEOMETRIC_REPRESENTATION_CONTEXT(2) 
PARAMETRIC_REPRESENTATION_CONTEXT() REPRESENTATION_CONTEXT('2D SPACE',''
  ) );
#9169 = ADVANCED_FACE('',(#9170),#240,.F.);
#9170 = FACE_BOUND('',#9171,.F.);
#9171 = EDGE_LOOP('',(#9172,#9195,#9196,#9197));
#9172 = ORIENTED_EDGE('',*,*,#9173,.F.);
#9173 = EDGE_CURVE('',#200,#9174,#9176,.T.);
#9174 = VERTEX_POINT('',#9175);
#9175 = CARTESIAN_POINT('',(-36.96076951545,-12.07401816951,6.8));
#9176 = SURFACE_CURVE('',#9177,(#9181,#9188),.PCURVE_S1.);
#9177 = LINE('',#9178,#9179);
#9178 = CARTESIAN_POINT('',(-36.96076951545,21.,6.8));
#9179 = VECTOR('',#9180,1.);
#9180 = DIRECTION('',(0.,-1.,0.));
#9181 = PCURVE('',#240,#9182);
#9182 = DEFINITIONAL_REPRESENTATION('',(#9183),#9187);
#9183 = LINE('',#9184,#9185);
#9184 = CARTESIAN_POINT('',(0.,-21.));
#9185 = VECTOR('',#9186,1.);
#9186 = DIRECTION('',(0.,1.));
#9187 = ( GEOMETRIC_REPRESENTATION_CONTEXT(2) 
PARAMETRIC_REPRESENTATION_CONTEXT() REPRESENTATION_CONTEXT('2D SPACE',''
  ) );
#9188 = PCURVE('',#214,#9189);
#9189 = DEFINITIONAL_REPRESENTATION('',(#9190),#9194);
#9190 = LINE('',#9191,#9192);
#9191 = CARTESIAN_POINT('',(5.,-21.));
#9192 = VECTOR('',#9193,1.);
#9193 = DIRECTION('',(-0.,1.));
#9194 = ( GEOMETRIC_REPRESENTATION_CONTEXT(2) 
PARAMETRIC_REPRESENTATION_CONTEXT() REPRESENTATION_CONTEXT('2D SPACE',''
  ) );
#9195 = ORIENTED_EDGE('',*,*,#225,.F.);
#9196 = ORIENTED_EDGE('',*,*,#9126,.T.);
#9197 = ORIENTED_EDGE('',*,*,#9198,.F.);
#9198 = EDGE_CURVE('',#9174,#9127,#9199,.T.);
#9199 = SURFACE_CURVE('',#9200,(#9204,#9210),.PCURVE_S1.);
#9200 = LINE('',#9201,#9202);
#9201 = CARTESIAN_POINT('',(-27.44012901174,-15.24756500408,
    1.303255642325));
#9202 = VECTOR('',#9203,1.);
#9203 = DIRECTION('',(0.832050294338,-0.277350098113,-0.480384461415));
#9204 = PCURVE('',#240,#9205);
#9205 = DEFINITIONAL_REPRESENTATION('',(#9206),#9209);
#9206 = B_SPLINE_CURVE_WITH_KNOTS('',1,(#9207,#9208),.UNSPECIFIED.,.F.,
  .F.,(2,2),(-11.44238583712,-6.238220838464),.PIECEWISE_BEZIER_KNOTS.);
#9207 = CARTESIAN_POINT('',(-1.496384112805E-15,12.074018169511));
#9208 = CARTESIAN_POINT('',(5.,13.517393842485));
#9209 = ( GEOMETRIC_REPRESENTATION_CONTEXT(2) 
PARAMETRIC_REPRESENTATION_CONTEXT() REPRESENTATION_CONTEXT('2D SPACE',''
  ) );
#9210 = PCURVE('',#2634,#9211);
#9211 = DEFINITIONAL_REPRESENTATION('',(#9212),#9215);
#9212 = B_SPLINE_CURVE_WITH_KNOTS('',1,(#9213,#9214),.UNSPECIFIED.,.F.,
  .F.,(2,2),(-11.44238583712,-6.238220838464),.PIECEWISE_BEZIER_KNOTS.);
#9213 = CARTESIAN_POINT('',(8.148036339021,-36.96076951545));
#9214 = CARTESIAN_POINT('',(11.034787684969,-32.63064249653));
#9215 = ( GEOMETRIC_REPRESENTATION_CONTEXT(2) 
PARAMETRIC_REPRESENTATION_CONTEXT() REPRESENTATION_CONTEXT('2D SPACE',''
  ) );
#9216 = ADVANCED_FACE('',(#9217),#214,.F.);
#9217 = FACE_BOUND('',#9218,.F.);
#9218 = EDGE_LOOP('',(#9219,#9242,#9243,#9244));
#9219 = ORIENTED_EDGE('',*,*,#9220,.F.);
#9220 = EDGE_CURVE('',#174,#9221,#9223,.T.);
#9221 = VERTEX_POINT('',#9222);
#9222 = CARTESIAN_POINT('',(-36.96076951545,-9.187266823562,11.8));
#9223 = SURFACE_CURVE('',#9224,(#9228,#9235),.PCURVE_S1.);
#9224 = LINE('',#9225,#9226);
#9225 = CARTESIAN_POINT('',(-36.96076951545,21.,11.8));
#9226 = VECTOR('',#9227,1.);
#9227 = DIRECTION('',(0.,-1.,0.));
#9228 = PCURVE('',#214,#9229);
#9229 = DEFINITIONAL_REPRESENTATION('',(#9230),#9234);
#9230 = LINE('',#9231,#9232);
#9231 = CARTESIAN_POINT('',(0.,-21.));
#9232 = VECTOR('',#9233,1.);
#9233 = DIRECTION('',(-0.,1.));
#9234 = ( GEOMETRIC_REPRESENTATION_CONTEXT(2) 
PARAMETRIC_REPRESENTATION_CONTEXT() REPRESENTATION_CONTEXT('2D SPACE',''
  ) );
#9235 = PCURVE('',#188,#9236);
#9236 = DEFINITIONAL_REPRESENTATION('',(#9237),#9241);
#9237 = LINE('',#9238,#9239);
#9238 = CARTESIAN_POINT('',(5.,-21.));
#9239 = VECTOR('',#9240,1.);
#9240 = DIRECTION('',(-0.,1.));
#9241 = ( GEOMETRIC_REPRESENTATION_CONTEXT(2) 
PARAMETRIC_REPRESENTATION_CONTEXT() REPRESENTATION_CONTEXT('2D SPACE',''
  ) );
#9242 = ORIENTED_EDGE('',*,*,#199,.F.);
#9243 = ORIENTED_EDGE('',*,*,#9173,.T.);
#9244 = ORIENTED_EDGE('',*,*,#9245,.F.);
#9245 = EDGE_CURVE('',#9221,#9174,#9246,.T.);
#9246 = SURFACE_CURVE('',#9247,(#9251,#9257),.PCURVE_S1.);
#9247 = LINE('',#9248,#9249);
#9248 = CARTESIAN_POINT('',(-36.96076951545,-7.445225058836,
    14.817304845413));
#9249 = VECTOR('',#9250,1.);
#9250 = DIRECTION('',(-3.076740298214E-16,-0.5,-0.866025403784));
#9251 = PCURVE('',#214,#9252);
#9252 = DEFINITIONAL_REPRESENTATION('',(#9253),#9256);
#9253 = B_SPLINE_CURVE_WITH_KNOTS('',1,(#9254,#9255),.UNSPECIFIED.,.F.,
  .F.,(2,2),(3.484083529453,9.257586221349),.PIECEWISE_BEZIER_KNOTS.);
#9254 = CARTESIAN_POINT('',(8.869591829238E-16,9.187266823562));
#9255 = CARTESIAN_POINT('',(5.,12.074018169511));
#9256 = ( GEOMETRIC_REPRESENTATION_CONTEXT(2) 
PARAMETRIC_REPRESENTATION_CONTEXT() REPRESENTATION_CONTEXT('2D SPACE',''
  ) );
#9257 = PCURVE('',#2634,#9258);
#9258 = DEFINITIONAL_REPRESENTATION('',(#9259),#9262);
#9259 = B_SPLINE_CURVE_WITH_KNOTS('',1,(#9260,#9261),.UNSPECIFIED.,.F.,
  .F.,(2,2),(3.484083529453,9.257586221349),.PIECEWISE_BEZIER_KNOTS.);
#9260 = CARTESIAN_POINT('',(2.374533647125,-36.96076951545));
#9261 = CARTESIAN_POINT('',(8.148036339021,-36.96076951545));
#9262 = ( GEOMETRIC_REPRESENTATION_CONTEXT(2) 
PARAMETRIC_REPRESENTATION_CONTEXT() REPRESENTATION_CONTEXT('2D SPACE',''
  ) );
#9263 = ADVANCED_FACE('',(#9264),#188,.F.);
#9264 = FACE_BOUND('',#9265,.F.);
#9265 = EDGE_LOOP('',(#9266,#9267,#9268,#9289));
#9266 = ORIENTED_EDGE('',*,*,#173,.F.);
#9267 = ORIENTED_EDGE('',*,*,#9220,.T.);
#9268 = ORIENTED_EDGE('',*,*,#9269,.F.);
#9269 = EDGE_CURVE('',#9270,#9221,#9272,.T.);
#9270 = VERTEX_POINT('',#9271);
#9271 = CARTESIAN_POINT('',(-33.39896904477,-8.,13.856406460551));
#9272 = SURFACE_CURVE('',#9273,(#9277,#9283),.PCURVE_S1.);
#9273 = LINE('',#9274,#9275);
#9274 = CARTESIAN_POINT('',(-20.56009827624,-3.72037641049,
    21.268931954852));
#9275 = VECTOR('',#9276,1.);
#9276 = DIRECTION('',(-0.832050294338,-0.277350098113,-0.480384461415));
#9277 = PCURVE('',#188,#9278);
#9278 = DEFINITIONAL_REPRESENTATION('',(#9279),#9282);
#9279 = B_SPLINE_CURVE_WITH_KNOTS('',1,(#9280,#9281),.UNSPECIFIED.,.F.,
  .F.,(2,2),(15.430402291663,19.711153701674),.PIECEWISE_BEZIER_KNOTS.);
#9280 = CARTESIAN_POINT('',(0.887187078898,8.));
#9281 = CARTESIAN_POINT('',(5.,9.187266823562));
#9282 = ( GEOMETRIC_REPRESENTATION_CONTEXT(2) 
PARAMETRIC_REPRESENTATION_CONTEXT() REPRESENTATION_CONTEXT('2D SPACE',''
  ) );
#9283 = PCURVE('',#2634,#9284);
#9284 = DEFINITIONAL_REPRESENTATION('',(#9285),#9288);
#9285 = B_SPLINE_CURVE_WITH_KNOTS('',1,(#9286,#9287),.UNSPECIFIED.,.F.,
  .F.,(2,2),(15.430402291663,19.711153701674),.PIECEWISE_BEZIER_KNOTS.);
#9286 = CARTESIAN_POINT('',(-1.916817923971E-15,-33.39896904477));
#9287 = CARTESIAN_POINT('',(2.374533647125,-36.96076951545));
#9288 = ( GEOMETRIC_REPRESENTATION_CONTEXT(2) 
PARAMETRIC_REPRESENTATION_CONTEXT() REPRESENTATION_CONTEXT('2D SPACE',''
  ) );
#9289 = ORIENTED_EDGE('',*,*,#9290,.F.);
#9290 = EDGE_CURVE('',#146,#9270,#9291,.T.);
#9291 = SURFACE_CURVE('',#9292,(#9296,#9302),.PCURVE_S1.);
#9292 = LINE('',#9293,#9294);
#9293 = CARTESIAN_POINT('',(-33.39896904477,4.,13.856406460551));
#9294 = VECTOR('',#9295,1.);
#9295 = DIRECTION('',(1.922962686384E-16,-1.,1.110223024625E-16));
#9296 = PCURVE('',#188,#9297);
#9297 = DEFINITIONAL_REPRESENTATION('',(#9298),#9301);
#9298 = B_SPLINE_CURVE_WITH_KNOTS('',1,(#9299,#9300),.UNSPECIFIED.,.F.,
  .F.,(2,2),(-4.,12.),.PIECEWISE_BEZIER_KNOTS.);
#9299 = CARTESIAN_POINT('',(0.887187078898,-8.));
#9300 = CARTESIAN_POINT('',(0.887187078898,8.));
#9301 = ( GEOMETRIC_REPRESENTATION_CONTEXT(2) 
PARAMETRIC_REPRESENTATION_CONTEXT() REPRESENTATION_CONTEXT('2D SPACE',''
  ) );
#9302 = PCURVE('',#161,#9303);
#9303 = DEFINITIONAL_REPRESENTATION('',(#9304),#9307);
#9304 = B_SPLINE_CURVE_WITH_KNOTS('',1,(#9305,#9306),.UNSPECIFIED.,.F.,
  .F.,(2,2),(-4.,12.),.PIECEWISE_BEZIER_KNOTS.);
#9305 = CARTESIAN_POINT('',(0.,-33.39896904477));
#9306 = CARTESIAN_POINT('',(16.,-33.39896904477));
#9307 = ( GEOMETRIC_REPRESENTATION_CONTEXT(2) 
PARAMETRIC_REPRESENTATION_CONTEXT() REPRESENTATION_CONTEXT('2D SPACE',''
  ) );
#9308 = ADVANCED_FACE('',(#9309,#9357),#161,.T.);
#9309 = FACE_BOUND('',#9310,.T.);
#9310 = EDGE_LOOP('',(#9311,#9312,#9335,#9356));
#9311 = ORIENTED_EDGE('',*,*,#145,.F.);
#9312 = ORIENTED_EDGE('',*,*,#9313,.T.);
#9313 = EDGE_CURVE('',#118,#9314,#9316,.T.);
#9314 = VERTEX_POINT('',#9315);
#9315 = CARTESIAN_POINT('',(-60.,-8.,13.856406460551));
#9316 = SURFACE_CURVE('',#9317,(#9321,#9328),.PCURVE_S1.);
#9317 = LINE('',#9318,#9319);
#9318 = CARTESIAN_POINT('',(-60.,8.,13.856406460551));
#9319 = VECTOR('',#9320,1.);
#9320 = DIRECTION('',(0.,-1.,1.110223024625E-16));
#9321 = PCURVE('',#161,#9322);
#9322 = DEFINITIONAL_REPRESENTATION('',(#9323),#9327);
#9323 = LINE('',#9324,#9325);
#9324 = CARTESIAN_POINT('',(0.,-60.));
#9325 = VECTOR('',#9326,1.);
#9326 = DIRECTION('',(1.,0.));
#9327 = ( GEOMETRIC_REPRESENTATION_CONTEXT(2) 
PARAMETRIC_REPRESENTATION_CONTEXT() REPRESENTATION_CONTEXT('2D SPACE',''
  ) );
#9328 = PCURVE('',#133,#9329);
#9329 = DEFINITIONAL_REPRESENTATION('',(#9330),#9334);
#9330 = LINE('',#9331,#9332);
#9331 = CARTESIAN_POINT('',(8.,13.856406460551));
#9332 = VECTOR('',#9333,1.);
#9333 = DIRECTION('',(-1.,1.110223024625E-16));
#9334 = ( GEOMETRIC_REPRESENTATION_CONTEXT(2) 
PARAMETRIC_REPRESENTATION_CONTEXT() REPRESENTATION_CONTEXT('2D SPACE',''
  ) );
#9335 = ORIENTED_EDGE('',*,*,#9336,.T.);
#9336 = EDGE_CURVE('',#9314,#9270,#9337,.T.);
#9337 = SURFACE_CURVE('',#9338,(#9342,#9349),.PCURVE_S1.);
#9338 = LINE('',#9339,#9340);
#9339 = CARTESIAN_POINT('',(-60.,-8.,13.856406460551));
#9340 = VECTOR('',#9341,1.);
#9341 = DIRECTION('',(1.,0.,0.));
#9342 = PCURVE('',#161,#9343);
#9343 = DEFINITIONAL_REPRESENTATION('',(#9344),#9348);
#9344 = LINE('',#9345,#9346);
#9345 = CARTESIAN_POINT('',(16.,-60.));
#9346 = VECTOR('',#9347,1.);
#9347 = DIRECTION('',(0.,1.));
#9348 = ( GEOMETRIC_REPRESENTATION_CONTEXT(2) 
PARAMETRIC_REPRESENTATION_CONTEXT() REPRESENTATION_CONTEXT('2D SPACE',''
  ) );
#9349 = PCURVE('',#2634,#9350);
#9350 = DEFINITIONAL_REPRESENTATION('',(#9351),#9355);
#9351 = LINE('',#9352,#9353);
#9352 = CARTESIAN_POINT('',(-0.,-60.));
#9353 = VECTOR('',#9354,1.);
#9354 = DIRECTION('',(0.,1.));
#9355 = ( GEOMETRIC_REPRESENTATION_CONTEXT(2) 
PARAMETRIC_REPRESENTATION_CONTEXT() REPRESENTATION_CONTEXT('2D SPACE',''
  ) );
#9356 = ORIENTED_EDGE('',*,*,#9290,.F.);
#9357 = FACE_BOUND('',#9358,.T.);
#9358 = EDGE_LOOP('',(#9359,#9387,#9413,#9439));
#9359 = ORIENTED_EDGE('',*,*,#9360,.T.);
#9360 = EDGE_CURVE('',#9361,#9363,#9365,.T.);
#9361 = VERTEX_POINT('',#9362);
#9362 = CARTESIAN_POINT('',(-42.5,-3.,13.856406460551));
#9363 = VERTEX_POINT('',#9364);
#9364 = CARTESIAN_POINT('',(-45.5,-3.,13.856406460551));
#9365 = SURFACE_CURVE('',#9366,(#9370,#9376),.PCURVE_S1.);
#9366 = LINE('',#9367,#9368);
#9367 = CARTESIAN_POINT('',(-22.75,-3.,13.856406460551));
#9368 = VECTOR('',#9369,1.);
#9369 = DIRECTION('',(-1.,0.,-0.));
#9370 = PCURVE('',#161,#9371);
#9371 = DEFINITIONAL_REPRESENTATION('',(#9372),#9375);
#9372 = B_SPLINE_CURVE_WITH_KNOTS('',1,(#9373,#9374),.UNSPECIFIED.,.F.,
  .F.,(2,2),(19.75,22.75),.PIECEWISE_BEZIER_KNOTS.);
#9373 = CARTESIAN_POINT('',(11.,-42.5));
#9374 = CARTESIAN_POINT('',(11.,-45.5));
#9375 = ( GEOMETRIC_REPRESENTATION_CONTEXT(2) 
PARAMETRIC_REPRESENTATION_CONTEXT() REPRESENTATION_CONTEXT('2D SPACE',''
  ) );
#9376 = PCURVE('',#9377,#9382);
#9377 = PLANE('',#9378);
#9378 = AXIS2_PLACEMENT_3D('',#9379,#9380,#9381);
#9379 = CARTESIAN_POINT('',(-45.5,-3.,-19.));
#9380 = DIRECTION('',(0.,1.,0.));
#9381 = DIRECTION('',(0.,0.,1.));
#9382 = DEFINITIONAL_REPRESENTATION('',(#9383),#9386);
#9383 = B_SPLINE_CURVE_WITH_KNOTS('',1,(#9384,#9385),.UNSPECIFIED.,.F.,
  .F.,(2,2),(19.75,22.75),.PIECEWISE_BEZIER_KNOTS.);
#9384 = CARTESIAN_POINT('',(32.856406460551,3.));
#9385 = CARTESIAN_POINT('',(32.856406460551,0.));
#9386 = ( GEOMETRIC_REPRESENTATION_CONTEXT(2) 
PARAMETRIC_REPRESENTATION_CONTEXT() REPRESENTATION_CONTEXT('2D SPACE',''
  ) );
#9387 = ORIENTED_EDGE('',*,*,#9388,.T.);
#9388 = EDGE_CURVE('',#9363,#9389,#9391,.T.);
#9389 = VERTEX_POINT('',#9390);
#9390 = CARTESIAN_POINT('',(-45.5,3.,13.856406460551));
#9391 = SURFACE_CURVE('',#9392,(#9396,#9402),.PCURVE_S1.);
#9392 = LINE('',#9393,#9394);
#9393 = CARTESIAN_POINT('',(-45.5,2.5,13.856406460551));
#9394 = VECTOR('',#9395,1.);
#9395 = DIRECTION('',(0.,1.,-1.110223024625E-16));
#9396 = PCURVE('',#161,#9397);
#9397 = DEFINITIONAL_REPRESENTATION('',(#9398),#9401);
#9398 = B_SPLINE_CURVE_WITH_KNOTS('',1,(#9399,#9400),.UNSPECIFIED.,.F.,
  .F.,(2,2),(-5.5,0.5),.PIECEWISE_BEZIER_KNOTS.);
#9399 = CARTESIAN_POINT('',(11.,-45.5));
#9400 = CARTESIAN_POINT('',(5.,-45.5));
#9401 = ( GEOMETRIC_REPRESENTATION_CONTEXT(2) 
PARAMETRIC_REPRESENTATION_CONTEXT() REPRESENTATION_CONTEXT('2D SPACE',''
  ) );
#9402 = PCURVE('',#9403,#9408);
#9403 = PLANE('',#9404);
#9404 = AXIS2_PLACEMENT_3D('',#9405,#9406,#9407);
#9405 = CARTESIAN_POINT('',(-45.5,-3.,-19.));
#9406 = DIRECTION('',(1.,0.,0.));
#9407 = DIRECTION('',(0.,0.,1.));
#9408 = DEFINITIONAL_REPRESENTATION('',(#9409),#9412);
#9409 = B_SPLINE_CURVE_WITH_KNOTS('',1,(#9410,#9411),.UNSPECIFIED.,.F.,
  .F.,(2,2),(-5.5,0.5),.PIECEWISE_BEZIER_KNOTS.);
#9410 = CARTESIAN_POINT('',(32.856406460551,0.));
#9411 = CARTESIAN_POINT('',(32.856406460551,-6.));
#9412 = ( GEOMETRIC_REPRESENTATION_CONTEXT(2) 
PARAMETRIC_REPRESENTATION_CONTEXT() REPRESENTATION_CONTEXT('2D SPACE',''
  ) );
#9413 = ORIENTED_EDGE('',*,*,#9414,.F.);
#9414 = EDGE_CURVE('',#9415,#9389,#9417,.T.);
#9415 = VERTEX_POINT('',#9416);
#9416 = CARTESIAN_POINT('',(-42.5,3.,13.856406460551));
#9417 = SURFACE_CURVE('',#9418,(#9422,#9428),.PCURVE_S1.);
#9418 = LINE('',#9419,#9420);
#9419 = CARTESIAN_POINT('',(-22.75,3.,13.856406460551));
#9420 = VECTOR('',#9421,1.);
#9421 = DIRECTION('',(-1.,0.,-0.));
#9422 = PCURVE('',#161,#9423);
#9423 = DEFINITIONAL_REPRESENTATION('',(#9424),#9427);
#9424 = B_SPLINE_CURVE_WITH_KNOTS('',1,(#9425,#9426),.UNSPECIFIED.,.F.,
  .F.,(2,2),(19.75,22.75),.PIECEWISE_BEZIER_KNOTS.);
#9425 = CARTESIAN_POINT('',(5.,-42.5));
#9426 = CARTESIAN_POINT('',(5.,-45.5));
#9427 = ( GEOMETRIC_REPRESENTATION_CONTEXT(2) 
PARAMETRIC_REPRESENTATION_CONTEXT() REPRESENTATION_CONTEXT('2D SPACE',''
  ) );
#9428 = PCURVE('',#9429,#9434);
#9429 = PLANE('',#9430);
#9430 = AXIS2_PLACEMENT_3D('',#9431,#9432,#9433);
#9431 = CARTESIAN_POINT('',(-45.5,3.,-19.));
#9432 = DIRECTION('',(0.,1.,0.));
#9433 = DIRECTION('',(0.,0.,1.));
#9434 = DEFINITIONAL_REPRESENTATION('',(#9435),#9438);
#9435 = B_SPLINE_CURVE_WITH_KNOTS('',1,(#9436,#9437),.UNSPECIFIED.,.F.,
  .F.,(2,2),(19.75,22.75),.PIECEWISE_BEZIER_KNOTS.);
#9436 = CARTESIAN_POINT('',(32.856406460551,3.));
#9437 = CARTESIAN_POINT('',(32.856406460551,0.));
#9438 = ( GEOMETRIC_REPRESENTATION_CONTEXT(2) 
PARAMETRIC_REPRESENTATION_CONTEXT() REPRESENTATION_CONTEXT('2D SPACE',''
  ) );
#9439 = ORIENTED_EDGE('',*,*,#9440,.F.);
#9440 = EDGE_CURVE('',#9361,#9415,#9441,.T.);
#9441 = SURFACE_CURVE('',#9442,(#9446,#9452),.PCURVE_S1.);
#9442 = LINE('',#9443,#9444);
#9443 = CARTESIAN_POINT('',(-42.5,2.5,13.856406460551));
#9444 = VECTOR('',#9445,1.);
#9445 = DIRECTION('',(0.,1.,-1.110223024625E-16));
#9446 = PCURVE('',#161,#9447);
#9447 = DEFINITIONAL_REPRESENTATION('',(#9448),#9451);
#9448 = B_SPLINE_CURVE_WITH_KNOTS('',1,(#9449,#9450),.UNSPECIFIED.,.F.,
  .F.,(2,2),(-5.5,0.5),.PIECEWISE_BEZIER_KNOTS.);
#9449 = CARTESIAN_POINT('',(11.,-42.5));
#9450 = CARTESIAN_POINT('',(5.,-42.5));
#9451 = ( GEOMETRIC_REPRESENTATION_CONTEXT(2) 
PARAMETRIC_REPRESENTATION_CONTEXT() REPRESENTATION_CONTEXT('2D SPACE',''
  ) );
#9452 = PCURVE('',#9453,#9458);
#9453 = PLANE('',#9454);
#9454 = AXIS2_PLACEMENT_3D('',#9455,#9456,#9457);
#9455 = CARTESIAN_POINT('',(-42.5,-3.,-19.));
#9456 = DIRECTION('',(1.,0.,0.));
#9457 = DIRECTION('',(0.,0.,1.));
#9458 = DEFINITIONAL_REPRESENTATION('',(#9459),#9462);
#9459 = B_SPLINE_CURVE_WITH_KNOTS('',1,(#9460,#9461),.UNSPECIFIED.,.F.,
  .F.,(2,2),(-5.5,0.5),.PIECEWISE_BEZIER_KNOTS.);
#9460 = CARTESIAN_POINT('',(32.856406460551,0.));
#9461 = CARTESIAN_POINT('',(32.856406460551,-6.));
#9462 = ( GEOMETRIC_REPRESENTATION_CONTEXT(2) 
PARAMETRIC_REPRESENTATION_CONTEXT() REPRESENTATION_CONTEXT('2D SPACE',''
  ) );
#9463 = ADVANCED_FACE('',(#9464),#133,.F.);
#9464 = FACE_BOUND('',#9465,.F.);
#9465 = EDGE_LOOP('',(#9466,#9487,#9488,#9489));
#9466 = ORIENTED_EDGE('',*,*,#9467,.F.);
#9467 = EDGE_CURVE('',#83,#9468,#9470,.T.);
#9468 = VERTEX_POINT('',#9469);
#9469 = CARTESIAN_POINT('',(-60.,-9.418206931238,11.4));
#9470 = SURFACE_CURVE('',#9471,(#9475,#9481),.PCURVE_S1.);
#9471 = LINE('',#9472,#9473);
#9472 = CARTESIAN_POINT('',(-60.,19.,11.4));
#9473 = VECTOR('',#9474,1.);
#9474 = DIRECTION('',(0.,-1.,2.22044604925E-16));
#9475 = PCURVE('',#133,#9476);
#9476 = DEFINITIONAL_REPRESENTATION('',(#9477),#9480);
#9477 = B_SPLINE_CURVE_WITH_KNOTS('',1,(#9478,#9479),.UNSPECIFIED.,.F.,
  .F.,(2,2),(-5.999999999062E-07,38.0000006),.PIECEWISE_BEZIER_KNOTS.);
#9478 = CARTESIAN_POINT('',(19.0000006,11.4));
#9479 = CARTESIAN_POINT('',(-19.0000006,11.4));
#9480 = ( GEOMETRIC_REPRESENTATION_CONTEXT(2) 
PARAMETRIC_REPRESENTATION_CONTEXT() REPRESENTATION_CONTEXT('2D SPACE',''
  ) );
#9481 = PCURVE('',#99,#9482);
#9482 = DEFINITIONAL_REPRESENTATION('',(#9483),#9486);
#9483 = B_SPLINE_CURVE_WITH_KNOTS('',1,(#9484,#9485),.UNSPECIFIED.,.F.,
  .F.,(2,2),(9.581793068762,28.418206931238),.PIECEWISE_BEZIER_KNOTS.);
#9484 = CARTESIAN_POINT('',(7.853981633974,9.581793068762));
#9485 = CARTESIAN_POINT('',(7.853981633974,28.418206931238));
#9486 = ( GEOMETRIC_REPRESENTATION_CONTEXT(2) 
PARAMETRIC_REPRESENTATION_CONTEXT() REPRESENTATION_CONTEXT('2D SPACE',''
  ) );
#9487 = ORIENTED_EDGE('',*,*,#117,.T.);
#9488 = ORIENTED_EDGE('',*,*,#9313,.T.);
#9489 = ORIENTED_EDGE('',*,*,#9490,.T.);
#9490 = EDGE_CURVE('',#9314,#9468,#9491,.T.);
#9491 = SURFACE_CURVE('',#9492,(#9496,#9503),.PCURVE_S1.);
#9492 = LINE('',#9493,#9494);
#9493 = CARTESIAN_POINT('',(-60.,-8.,13.856406460551));
#9494 = VECTOR('',#9495,1.);
#9495 = DIRECTION('',(0.,-0.5,-0.866025403784));
#9496 = PCURVE('',#133,#9497);
#9497 = DEFINITIONAL_REPRESENTATION('',(#9498),#9502);
#9498 = LINE('',#9499,#9500);
#9499 = CARTESIAN_POINT('',(-8.,13.856406460551));
#9500 = VECTOR('',#9501,1.);
#9501 = DIRECTION('',(-0.5,-0.866025403784));
#9502 = ( GEOMETRIC_REPRESENTATION_CONTEXT(2) 
PARAMETRIC_REPRESENTATION_CONTEXT() REPRESENTATION_CONTEXT('2D SPACE',''
  ) );
#9503 = PCURVE('',#2634,#9504);
#9504 = DEFINITIONAL_REPRESENTATION('',(#9505),#9509);
#9505 = LINE('',#9506,#9507);
#9506 = CARTESIAN_POINT('',(-0.,-60.));
#9507 = VECTOR('',#9508,1.);
#9508 = DIRECTION('',(1.,0.));
#9509 = ( GEOMETRIC_REPRESENTATION_CONTEXT(2) 
PARAMETRIC_REPRESENTATION_CONTEXT() REPRESENTATION_CONTEXT('2D SPACE',''
  ) );
#9510 = ADVANCED_FACE('',(#9511),#99,.F.);
#9511 = FACE_BOUND('',#9512,.F.);
#9512 = EDGE_LOOP('',(#9513,#9543,#9573,#9592,#9593,#9594));
#9513 = ORIENTED_EDGE('',*,*,#9514,.F.);
#9514 = EDGE_CURVE('',#9515,#9468,#9517,.T.);
#9515 = VERTEX_POINT('',#9516);
#9516 = CARTESIAN_POINT('',(-48.6,-16.,1.35997692769E-15));
#9517 = SURFACE_CURVE('',#9518,(#9523,#9536),.PCURVE_S1.);
#9518 = ELLIPSE('',#9519,13.163586137523,11.4);
#9519 = AXIS2_PLACEMENT_3D('',#9520,#9521,#9522);
#9520 = CARTESIAN_POINT('',(-60.,-16.,3.552713678801E-15));
#9521 = DIRECTION('',(0.,-0.866025403784,0.5));
#9522 = DIRECTION('',(0.,-0.5,-0.866025403784));
#9523 = PCURVE('',#99,#9524);
#9524 = DEFINITIONAL_REPRESENTATION('',(#9525),#9535);
#9525 = B_SPLINE_CURVE_WITH_KNOTS('',8,(#9526,#9527,#9528,#9529,#9530,
    #9531,#9532,#9533,#9534),.UNSPECIFIED.,.F.,.F.,(9,9),(1.570796326795
    ,3.14159265359),.PIECEWISE_BEZIER_KNOTS.);
#9526 = CARTESIAN_POINT('',(6.28318530718,35.));
#9527 = CARTESIAN_POINT('',(6.479534848029,33.707667952983));
#9528 = CARTESIAN_POINT('',(6.675884388878,32.415335516495));
#9529 = CARTESIAN_POINT('',(6.872233929727,31.198927601946));
#9530 = CARTESIAN_POINT('',(7.068583470574,30.134351166955));
#9531 = CARTESIAN_POINT('',(7.264933011425,29.28820185626));
#9532 = CARTESIAN_POINT('',(7.461282552275,28.708205554342));
#9533 = CARTESIAN_POINT('',(7.657632093125,28.418206964781));
#9534 = CARTESIAN_POINT('',(7.853981633974,28.418206938249));
#9535 = ( GEOMETRIC_REPRESENTATION_CONTEXT(2) 
PARAMETRIC_REPRESENTATION_CONTEXT() REPRESENTATION_CONTEXT('2D SPACE',''
  ) );
#9536 = PCURVE('',#2634,#9537);
#9537 = DEFINITIONAL_REPRESENTATION('',(#9538),#9542);
#9538 = ELLIPSE('',#9539,13.163586137523,11.4);
#9539 = AXIS2_PLACEMENT_2D('',#9540,#9541);
#9540 = CARTESIAN_POINT('',(16.,-60.));
#9541 = DIRECTION('',(1.,0.));
#9542 = ( GEOMETRIC_REPRESENTATION_CONTEXT(2) 
PARAMETRIC_REPRESENTATION_CONTEXT() REPRESENTATION_CONTEXT('2D SPACE',''
  ) );
#9543 = ORIENTED_EDGE('',*,*,#9544,.F.);
#9544 = EDGE_CURVE('',#9545,#9515,#9547,.T.);
#9545 = VERTEX_POINT('',#9546);
#9546 = CARTESIAN_POINT('',(-60.,-9.418206931238,-11.4));
#9547 = SURFACE_CURVE('',#9548,(#9553,#9566),.PCURVE_S1.);
#9548 = ELLIPSE('',#9549,13.163586137523,11.4);
#9549 = AXIS2_PLACEMENT_3D('',#9550,#9551,#9552);
#9550 = CARTESIAN_POINT('',(-60.,-16.,3.5527136788E-15));
#9551 = DIRECTION('',(0.,-0.866025403784,-0.5));
#9552 = DIRECTION('',(0.,-0.5,0.866025403784));
#9553 = PCURVE('',#99,#9554);
#9554 = DEFINITIONAL_REPRESENTATION('',(#9555),#9565);
#9555 = B_SPLINE_CURVE_WITH_KNOTS('',8,(#9556,#9557,#9558,#9559,#9560,
    #9561,#9562,#9563,#9564),.UNSPECIFIED.,.F.,.F.,(9,9),(3.14159265359,
    4.712388980385),.PIECEWISE_BEZIER_KNOTS.);
#9556 = CARTESIAN_POINT('',(4.712388980385,28.418206938249));
#9557 = CARTESIAN_POINT('',(4.908738521234,28.418206964781));
#9558 = CARTESIAN_POINT('',(5.105088062082,28.708205554343));
#9559 = CARTESIAN_POINT('',(5.301437602918,29.288201856264));
#9560 = CARTESIAN_POINT('',(5.497787143793,30.134351166958));
#9561 = CARTESIAN_POINT('',(5.694136684609,31.198927601941));
#9562 = CARTESIAN_POINT('',(5.890486225484,32.415335516489));
#9563 = CARTESIAN_POINT('',(6.08683576633,33.707667952983));
#9564 = CARTESIAN_POINT('',(6.28318530718,35.));
#9565 = ( GEOMETRIC_REPRESENTATION_CONTEXT(2) 
PARAMETRIC_REPRESENTATION_CONTEXT() REPRESENTATION_CONTEXT('2D SPACE',''
  ) );
#9566 = PCURVE('',#2610,#9567);
#9567 = DEFINITIONAL_REPRESENTATION('',(#9568),#9572);
#9568 = ELLIPSE('',#9569,13.163586137523,11.4);
#9569 = AXIS2_PLACEMENT_2D('',#9570,#9571);
#9570 = CARTESIAN_POINT('',(2.172893762547E-15,-60.));
#9571 = DIRECTION('',(-1.,0.));
#9572 = ( GEOMETRIC_REPRESENTATION_CONTEXT(2) 
PARAMETRIC_REPRESENTATION_CONTEXT() REPRESENTATION_CONTEXT('2D SPACE',''
  ) );
#9573 = ORIENTED_EDGE('',*,*,#9574,.F.);
#9574 = EDGE_CURVE('',#2893,#9545,#9575,.T.);
#9575 = SURFACE_CURVE('',#9576,(#9580,#9586),.PCURVE_S1.);
#9576 = LINE('',#9577,#9578);
#9577 = CARTESIAN_POINT('',(-60.,19.,-11.4));
#9578 = VECTOR('',#9579,1.);
#9579 = DIRECTION('',(0.,-1.,2.22044604925E-16));
#9580 = PCURVE('',#99,#9581);
#9581 = DEFINITIONAL_REPRESENTATION('',(#9582),#9585);
#9582 = B_SPLINE_CURVE_WITH_KNOTS('',1,(#9583,#9584),.UNSPECIFIED.,.F.,
  .F.,(2,2),(9.581793068762,28.418206931238),.PIECEWISE_BEZIER_KNOTS.);
#9583 = CARTESIAN_POINT('',(4.712388980385,9.581793068762));
#9584 = CARTESIAN_POINT('',(4.712388980385,28.418206931238));
#9585 = ( GEOMETRIC_REPRESENTATION_CONTEXT(2) 
PARAMETRIC_REPRESENTATION_CONTEXT() REPRESENTATION_CONTEXT('2D SPACE',''
  ) );
#9586 = PCURVE('',#2908,#9587);
#9587 = DEFINITIONAL_REPRESENTATION('',(#9588),#9591);
#9588 = B_SPLINE_CURVE_WITH_KNOTS('',1,(#9589,#9590),.UNSPECIFIED.,.F.,
  .F.,(2,2),(-5.999999999062E-07,38.0000006),.PIECEWISE_BEZIER_KNOTS.);
#9589 = CARTESIAN_POINT('',(19.0000006,-11.4));
#9590 = CARTESIAN_POINT('',(-19.0000006,-11.4));
#9591 = ( GEOMETRIC_REPRESENTATION_CONTEXT(2) 
PARAMETRIC_REPRESENTATION_CONTEXT() REPRESENTATION_CONTEXT('2D SPACE',''
  ) );
#9592 = ORIENTED_EDGE('',*,*,#2920,.F.);
#9593 = ORIENTED_EDGE('',*,*,#82,.F.);
#9594 = ORIENTED_EDGE('',*,*,#9467,.T.);
#9595 = ADVANCED_FACE('',(#9596),#2634,.T.);
#9596 = FACE_BOUND('',#9597,.T.);
#9597 = EDGE_LOOP('',(#9598,#9599,#9600,#9601,#9622,#9623,#9624,#9625,
    #9626,#9647,#9648,#9649,#9650,#9651,#9672,#9673,#9674,#9675,#9676,
    #9697,#9698,#9699,#9700,#9701,#9722,#9723,#9724,#9725,#9726,#9747,
    #9748,#9749,#9750,#9751,#9772,#9773,#9774,#9775,#9776,#9797,#9798,
    #9799,#9800,#9801,#9822,#9823,#9824,#9825,#9826,#9827,#9828,#9829,
    #9830,#9831,#9832,#9833,#9834,#9835,#9836,#9837,#9838,#9839,#9840,
    #9841,#9842,#9843,#9844,#9845,#9846,#9847,#9848,#9849,#9850,#9851,
    #9852,#9853,#9854,#9855,#9856,#9857,#9858,#9859,#9860,#9861,#9862,
    #9863,#9864,#9865,#9866,#9867,#9868,#9869,#9870,#9871,#9872));
#9598 = ORIENTED_EDGE('',*,*,#9336,.F.);
#9599 = ORIENTED_EDGE('',*,*,#9490,.T.);
#9600 = ORIENTED_EDGE('',*,*,#9514,.F.);
#9601 = ORIENTED_EDGE('',*,*,#9602,.T.);
#9602 = EDGE_CURVE('',#9515,#2596,#9603,.T.);
#9603 = SURFACE_CURVE('',#9604,(#9608,#9615),.PCURVE_S1.);
#9604 = LINE('',#9605,#9606);
#9605 = CARTESIAN_POINT('',(-60.,-16.,1.959434878636E-15));
#9606 = VECTOR('',#9607,1.);
#9607 = DIRECTION('',(1.,0.,0.));
#9608 = PCURVE('',#2634,#9609);
#9609 = DEFINITIONAL_REPRESENTATION('',(#9610),#9614);
#9610 = LINE('',#9611,#9612);
#9611 = CARTESIAN_POINT('',(16.,-60.));
#9612 = VECTOR('',#9613,1.);
#9613 = DIRECTION('',(0.,1.));
#9614 = ( GEOMETRIC_REPRESENTATION_CONTEXT(2) 
PARAMETRIC_REPRESENTATION_CONTEXT() REPRESENTATION_CONTEXT('2D SPACE',''
  ) );
#9615 = PCURVE('',#2610,#9616);
#9616 = DEFINITIONAL_REPRESENTATION('',(#9617),#9621);
#9617 = LINE('',#9618,#9619);
#9618 = CARTESIAN_POINT('',(0.,-60.));
#9619 = VECTOR('',#9620,1.);
#9620 = DIRECTION('',(0.,1.));
#9621 = ( GEOMETRIC_REPRESENTATION_CONTEXT(2) 
PARAMETRIC_REPRESENTATION_CONTEXT() REPRESENTATION_CONTEXT('2D SPACE',''
  ) );
#9622 = ORIENTED_EDGE('',*,*,#2621,.F.);
#9623 = ORIENTED_EDGE('',*,*,#2673,.F.);
#9624 = ORIENTED_EDGE('',*,*,#2720,.F.);
#9625 = ORIENTED_EDGE('',*,*,#2793,.F.);
#9626 = ORIENTED_EDGE('',*,*,#9627,.T.);
#9627 = EDGE_CURVE('',#2794,#5020,#9628,.T.);
#9628 = SURFACE_CURVE('',#9629,(#9633,#9640),.PCURVE_S1.);
#9629 = LINE('',#9630,#9631);
#9630 = CARTESIAN_POINT('',(-60.,-16.,1.959434878636E-15));
#9631 = VECTOR('',#9632,1.);
#9632 = DIRECTION('',(1.,0.,0.));
#9633 = PCURVE('',#2634,#9634);
#9634 = DEFINITIONAL_REPRESENTATION('',(#9635),#9639);
#9635 = LINE('',#9636,#9637);
#9636 = CARTESIAN_POINT('',(16.,-60.));
#9637 = VECTOR('',#9638,1.);
#9638 = DIRECTION('',(0.,1.));
#9639 = ( GEOMETRIC_REPRESENTATION_CONTEXT(2) 
PARAMETRIC_REPRESENTATION_CONTEXT() REPRESENTATION_CONTEXT('2D SPACE',''
  ) );
#9640 = PCURVE('',#2610,#9641);
#9641 = DEFINITIONAL_REPRESENTATION('',(#9642),#9646);
#9642 = LINE('',#9643,#9644);
#9643 = CARTESIAN_POINT('',(0.,-60.));
#9644 = VECTOR('',#9645,1.);
#9645 = DIRECTION('',(0.,1.));
#9646 = ( GEOMETRIC_REPRESENTATION_CONTEXT(2) 
PARAMETRIC_REPRESENTATION_CONTEXT() REPRESENTATION_CONTEXT('2D SPACE',''
  ) );
#9647 = ORIENTED_EDGE('',*,*,#5040,.F.);
#9648 = ORIENTED_EDGE('',*,*,#5087,.F.);
#9649 = ORIENTED_EDGE('',*,*,#5134,.F.);
#9650 = ORIENTED_EDGE('',*,*,#5182,.F.);
#9651 = ORIENTED_EDGE('',*,*,#9652,.T.);
#9652 = EDGE_CURVE('',#5183,#5274,#9653,.T.);
#9653 = SURFACE_CURVE('',#9654,(#9658,#9665),.PCURVE_S1.);
#9654 = LINE('',#9655,#9656);
#9655 = CARTESIAN_POINT('',(-60.,-16.,1.959434878636E-15));
#9656 = VECTOR('',#9657,1.);
#9657 = DIRECTION('',(1.,0.,0.));
#9658 = PCURVE('',#2634,#9659);
#9659 = DEFINITIONAL_REPRESENTATION('',(#9660),#9664);
#9660 = LINE('',#9661,#9662);
#9661 = CARTESIAN_POINT('',(16.,-60.));
#9662 = VECTOR('',#9663,1.);
#9663 = DIRECTION('',(0.,1.));
#9664 = ( GEOMETRIC_REPRESENTATION_CONTEXT(2) 
PARAMETRIC_REPRESENTATION_CONTEXT() REPRESENTATION_CONTEXT('2D SPACE',''
  ) );
#9665 = PCURVE('',#2610,#9666);
#9666 = DEFINITIONAL_REPRESENTATION('',(#9667),#9671);
#9667 = LINE('',#9668,#9669);
#9668 = CARTESIAN_POINT('',(0.,-60.));
#9669 = VECTOR('',#9670,1.);
#9670 = DIRECTION('',(0.,1.));
#9671 = ( GEOMETRIC_REPRESENTATION_CONTEXT(2) 
PARAMETRIC_REPRESENTATION_CONTEXT() REPRESENTATION_CONTEXT('2D SPACE',''
  ) );
#9672 = ORIENTED_EDGE('',*,*,#5294,.F.);
#9673 = ORIENTED_EDGE('',*,*,#5341,.F.);
#9674 = ORIENTED_EDGE('',*,*,#5388,.F.);
#9675 = ORIENTED_EDGE('',*,*,#5436,.F.);
#9676 = ORIENTED_EDGE('',*,*,#9677,.T.);
#9677 = EDGE_CURVE('',#5437,#5528,#9678,.T.);
#9678 = SURFACE_CURVE('',#9679,(#9683,#9690),.PCURVE_S1.);
#9679 = LINE('',#9680,#9681);
#9680 = CARTESIAN_POINT('',(-60.,-16.,1.959434878636E-15));
#9681 = VECTOR('',#9682,1.);
#9682 = DIRECTION('',(1.,0.,0.));
#9683 = PCURVE('',#2634,#9684);
#9684 = DEFINITIONAL_REPRESENTATION('',(#9685),#9689);
#9685 = LINE('',#9686,#9687);
#9686 = CARTESIAN_POINT('',(16.,-60.));
#9687 = VECTOR('',#9688,1.);
#9688 = DIRECTION('',(0.,1.));
#9689 = ( GEOMETRIC_REPRESENTATION_CONTEXT(2) 
PARAMETRIC_REPRESENTATION_CONTEXT() REPRESENTATION_CONTEXT('2D SPACE',''
  ) );
#9690 = PCURVE('',#2610,#9691);
#9691 = DEFINITIONAL_REPRESENTATION('',(#9692),#9696);
#9692 = LINE('',#9693,#9694);
#9693 = CARTESIAN_POINT('',(0.,-60.));
#9694 = VECTOR('',#9695,1.);
#9695 = DIRECTION('',(0.,1.));
#9696 = ( GEOMETRIC_REPRESENTATION_CONTEXT(2) 
PARAMETRIC_REPRESENTATION_CONTEXT() REPRESENTATION_CONTEXT('2D SPACE',''
  ) );
#9697 = ORIENTED_EDGE('',*,*,#5548,.F.);
#9698 = ORIENTED_EDGE('',*,*,#5595,.F.);
#9699 = ORIENTED_EDGE('',*,*,#5642,.F.);
#9700 = ORIENTED_EDGE('',*,*,#5690,.F.);
#9701 = ORIENTED_EDGE('',*,*,#9702,.T.);
#9702 = EDGE_CURVE('',#5691,#5782,#9703,.T.);
#9703 = SURFACE_CURVE('',#9704,(#9708,#9715),.PCURVE_S1.);
#9704 = LINE('',#9705,#9706);
#9705 = CARTESIAN_POINT('',(-60.,-16.,1.959434878636E-15));
#9706 = VECTOR('',#9707,1.);
#9707 = DIRECTION('',(1.,0.,0.));
#9708 = PCURVE('',#2634,#9709);
#9709 = DEFINITIONAL_REPRESENTATION('',(#9710),#9714);
#9710 = LINE('',#9711,#9712);
#9711 = CARTESIAN_POINT('',(16.,-60.));
#9712 = VECTOR('',#9713,1.);
#9713 = DIRECTION('',(0.,1.));
#9714 = ( GEOMETRIC_REPRESENTATION_CONTEXT(2) 
PARAMETRIC_REPRESENTATION_CONTEXT() REPRESENTATION_CONTEXT('2D SPACE',''
  ) );
#9715 = PCURVE('',#2610,#9716);
#9716 = DEFINITIONAL_REPRESENTATION('',(#9717),#9721);
#9717 = LINE('',#9718,#9719);
#9718 = CARTESIAN_POINT('',(0.,-60.));
#9719 = VECTOR('',#9720,1.);
#9720 = DIRECTION('',(0.,1.));
#9721 = ( GEOMETRIC_REPRESENTATION_CONTEXT(2) 
PARAMETRIC_REPRESENTATION_CONTEXT() REPRESENTATION_CONTEXT('2D SPACE',''
  ) );
#9722 = ORIENTED_EDGE('',*,*,#5802,.F.);
#9723 = ORIENTED_EDGE('',*,*,#5849,.F.);
#9724 = ORIENTED_EDGE('',*,*,#5896,.F.);
#9725 = ORIENTED_EDGE('',*,*,#5944,.F.);
#9726 = ORIENTED_EDGE('',*,*,#9727,.T.);
#9727 = EDGE_CURVE('',#5945,#6036,#9728,.T.);
#9728 = SURFACE_CURVE('',#9729,(#9733,#9740),.PCURVE_S1.);
#9729 = LINE('',#9730,#9731);
#9730 = CARTESIAN_POINT('',(-60.,-16.,1.959434878636E-15));
#9731 = VECTOR('',#9732,1.);
#9732 = DIRECTION('',(1.,0.,0.));
#9733 = PCURVE('',#2634,#9734);
#9734 = DEFINITIONAL_REPRESENTATION('',(#9735),#9739);
#9735 = LINE('',#9736,#9737);
#9736 = CARTESIAN_POINT('',(16.,-60.));
#9737 = VECTOR('',#9738,1.);
#9738 = DIRECTION('',(0.,1.));
#9739 = ( GEOMETRIC_REPRESENTATION_CONTEXT(2) 
PARAMETRIC_REPRESENTATION_CONTEXT() REPRESENTATION_CONTEXT('2D SPACE',''
  ) );
#9740 = PCURVE('',#2610,#9741);
#9741 = DEFINITIONAL_REPRESENTATION('',(#9742),#9746);
#9742 = LINE('',#9743,#9744);
#9743 = CARTESIAN_POINT('',(0.,-60.));
#9744 = VECTOR('',#9745,1.);
#9745 = DIRECTION('',(0.,1.));
#9746 = ( GEOMETRIC_REPRESENTATION_CONTEXT(2) 
PARAMETRIC_REPRESENTATION_CONTEXT() REPRESENTATION_CONTEXT('2D SPACE',''
  ) );
#9747 = ORIENTED_EDGE('',*,*,#6056,.F.);
#9748 = ORIENTED_EDGE('',*,*,#6103,.F.);
#9749 = ORIENTED_EDGE('',*,*,#6150,.F.);
#9750 = ORIENTED_EDGE('',*,*,#6198,.F.);
#9751 = ORIENTED_EDGE('',*,*,#9752,.T.);
#9752 = EDGE_CURVE('',#6199,#6290,#9753,.T.);
#9753 = SURFACE_CURVE('',#9754,(#9758,#9765),.PCURVE_S1.);
#9754 = LINE('',#9755,#9756);
#9755 = CARTESIAN_POINT('',(-60.,-16.,1.959434878636E-15));
#9756 = VECTOR('',#9757,1.);
#9757 = DIRECTION('',(1.,0.,0.));
#9758 = PCURVE('',#2634,#9759);
#9759 = DEFINITIONAL_REPRESENTATION('',(#9760),#9764);
#9760 = LINE('',#9761,#9762);
#9761 = CARTESIAN_POINT('',(16.,-60.));
#9762 = VECTOR('',#9763,1.);
#9763 = DIRECTION('',(0.,1.));
#9764 = ( GEOMETRIC_REPRESENTATION_CONTEXT(2) 
PARAMETRIC_REPRESENTATION_CONTEXT() REPRESENTATION_CONTEXT('2D SPACE',''
  ) );
#9765 = PCURVE('',#2610,#9766);
#9766 = DEFINITIONAL_REPRESENTATION('',(#9767),#9771);
#9767 = LINE('',#9768,#9769);
#9768 = CARTESIAN_POINT('',(0.,-60.));
#9769 = VECTOR('',#9770,1.);
#9770 = DIRECTION('',(0.,1.));
#9771 = ( GEOMETRIC_REPRESENTATION_CONTEXT(2) 
PARAMETRIC_REPRESENTATION_CONTEXT() REPRESENTATION_CONTEXT('2D SPACE',''
  ) );
#9772 = ORIENTED_EDGE('',*,*,#6310,.F.);
#9773 = ORIENTED_EDGE('',*,*,#6357,.F.);
#9774 = ORIENTED_EDGE('',*,*,#6404,.F.);
#9775 = ORIENTED_EDGE('',*,*,#6452,.F.);
#9776 = ORIENTED_EDGE('',*,*,#9777,.T.);
#9777 = EDGE_CURVE('',#6453,#6544,#9778,.T.);
#9778 = SURFACE_CURVE('',#9779,(#9783,#9790),.PCURVE_S1.);
#9779 = LINE('',#9780,#9781);
#9780 = CARTESIAN_POINT('',(-60.,-16.,1.959434878636E-15));
#9781 = VECTOR('',#9782,1.);
#9782 = DIRECTION('',(1.,0.,0.));
#9783 = PCURVE('',#2634,#9784);
#9784 = DEFINITIONAL_REPRESENTATION('',(#9785),#9789);
#9785 = LINE('',#9786,#9787);
#9786 = CARTESIAN_POINT('',(16.,-60.));
#9787 = VECTOR('',#9788,1.);
#9788 = DIRECTION('',(0.,1.));
#9789 = ( GEOMETRIC_REPRESENTATION_CONTEXT(2) 
PARAMETRIC_REPRESENTATION_CONTEXT() REPRESENTATION_CONTEXT('2D SPACE',''
  ) );
#9790 = PCURVE('',#2610,#9791);
#9791 = DEFINITIONAL_REPRESENTATION('',(#9792),#9796);
#9792 = LINE('',#9793,#9794);
#9793 = CARTESIAN_POINT('',(0.,-60.));
#9794 = VECTOR('',#9795,1.);
#9795 = DIRECTION('',(0.,1.));
#9796 = ( GEOMETRIC_REPRESENTATION_CONTEXT(2) 
PARAMETRIC_REPRESENTATION_CONTEXT() REPRESENTATION_CONTEXT('2D SPACE',''
  ) );
#9797 = ORIENTED_EDGE('',*,*,#6564,.F.);
#9798 = ORIENTED_EDGE('',*,*,#6611,.F.);
#9799 = ORIENTED_EDGE('',*,*,#6658,.F.);
#9800 = ORIENTED_EDGE('',*,*,#6706,.F.);
#9801 = ORIENTED_EDGE('',*,*,#9802,.T.);
#9802 = EDGE_CURVE('',#6707,#6773,#9803,.T.);
#9803 = SURFACE_CURVE('',#9804,(#9808,#9815),.PCURVE_S1.);
#9804 = LINE('',#9805,#9806);
#9805 = CARTESIAN_POINT('',(-60.,-16.,1.959434878636E-15));
#9806 = VECTOR('',#9807,1.);
#9807 = DIRECTION('',(1.,0.,0.));
#9808 = PCURVE('',#2634,#9809);
#9809 = DEFINITIONAL_REPRESENTATION('',(#9810),#9814);
#9810 = LINE('',#9811,#9812);
#9811 = CARTESIAN_POINT('',(16.,-60.));
#9812 = VECTOR('',#9813,1.);
#9813 = DIRECTION('',(0.,1.));
#9814 = ( GEOMETRIC_REPRESENTATION_CONTEXT(2) 
PARAMETRIC_REPRESENTATION_CONTEXT() REPRESENTATION_CONTEXT('2D SPACE',''
  ) );
#9815 = PCURVE('',#2610,#9816);
#9816 = DEFINITIONAL_REPRESENTATION('',(#9817),#9821);
#9817 = LINE('',#9818,#9819);
#9818 = CARTESIAN_POINT('',(0.,-60.));
#9819 = VECTOR('',#9820,1.);
#9820 = DIRECTION('',(0.,1.));
#9821 = ( GEOMETRIC_REPRESENTATION_CONTEXT(2) 
PARAMETRIC_REPRESENTATION_CONTEXT() REPRESENTATION_CONTEXT('2D SPACE',''
  ) );
#9822 = ORIENTED_EDGE('',*,*,#6809,.F.);
#9823 = ORIENTED_EDGE('',*,*,#6893,.F.);
#9824 = ORIENTED_EDGE('',*,*,#6939,.F.);
#9825 = ORIENTED_EDGE('',*,*,#7095,.F.);
#9826 = ORIENTED_EDGE('',*,*,#7142,.F.);
#9827 = ORIENTED_EDGE('',*,*,#7189,.F.);
#9828 = ORIENTED_EDGE('',*,*,#7236,.F.);
#9829 = ORIENTED_EDGE('',*,*,#7283,.F.);
#9830 = ORIENTED_EDGE('',*,*,#7307,.F.);
#9831 = ORIENTED_EDGE('',*,*,#7372,.F.);
#9832 = ORIENTED_EDGE('',*,*,#7422,.F.);
#9833 = ORIENTED_EDGE('',*,*,#7469,.F.);
#9834 = ORIENTED_EDGE('',*,*,#7516,.F.);
#9835 = ORIENTED_EDGE('',*,*,#7563,.F.);
#9836 = ORIENTED_EDGE('',*,*,#7610,.F.);
#9837 = ORIENTED_EDGE('',*,*,#7634,.F.);
#9838 = ORIENTED_EDGE('',*,*,#7699,.F.);
#9839 = ORIENTED_EDGE('',*,*,#7749,.F.);
#9840 = ORIENTED_EDGE('',*,*,#7796,.F.);
#9841 = ORIENTED_EDGE('',*,*,#7843,.F.);
#9842 = ORIENTED_EDGE('',*,*,#7890,.F.);
#9843 = ORIENTED_EDGE('',*,*,#7937,.F.);
#9844 = ORIENTED_EDGE('',*,*,#7961,.F.);
#9845 = ORIENTED_EDGE('',*,*,#8026,.F.);
#9846 = ORIENTED_EDGE('',*,*,#8076,.F.);
#9847 = ORIENTED_EDGE('',*,*,#8123,.F.);
#9848 = ORIENTED_EDGE('',*,*,#8170,.F.);
#9849 = ORIENTED_EDGE('',*,*,#8217,.F.);
#9850 = ORIENTED_EDGE('',*,*,#8264,.F.);
#9851 = ORIENTED_EDGE('',*,*,#8288,.F.);
#9852 = ORIENTED_EDGE('',*,*,#8353,.F.);
#9853 = ORIENTED_EDGE('',*,*,#8403,.F.);
#9854 = ORIENTED_EDGE('',*,*,#8450,.F.);
#9855 = ORIENTED_EDGE('',*,*,#8497,.F.);
#9856 = ORIENTED_EDGE('',*,*,#8544,.F.);
#9857 = ORIENTED_EDGE('',*,*,#8591,.F.);
#9858 = ORIENTED_EDGE('',*,*,#8615,.F.);
#9859 = ORIENTED_EDGE('',*,*,#8680,.F.);
#9860 = ORIENTED_EDGE('',*,*,#8730,.F.);
#9861 = ORIENTED_EDGE('',*,*,#8777,.F.);
#9862 = ORIENTED_EDGE('',*,*,#8824,.F.);
#9863 = ORIENTED_EDGE('',*,*,#8871,.F.);
#9864 = ORIENTED_EDGE('',*,*,#8918,.F.);
#9865 = ORIENTED_EDGE('',*,*,#8942,.F.);
#9866 = ORIENTED_EDGE('',*,*,#9007,.F.);
#9867 = ORIENTED_EDGE('',*,*,#9057,.F.);
#9868 = ORIENTED_EDGE('',*,*,#9104,.F.);
#9869 = ORIENTED_EDGE('',*,*,#9151,.F.);
#9870 = ORIENTED_EDGE('',*,*,#9198,.F.);
#9871 = ORIENTED_EDGE('',*,*,#9245,.F.);
#9872 = ORIENTED_EDGE('',*,*,#9269,.F.);
#9873 = ADVANCED_FACE('',(#9874),#2610,.T.);
#9874 = FACE_BOUND('',#9875,.T.);
#9875 = EDGE_LOOP('',(#9876,#9877,#9878,#9901,#9924,#9945,#9966,#9987,
    #10008,#10029,#10050,#10073,#10094,#10115,#10136,#10157,#10178,
    #10199,#10222,#10243,#10264,#10285,#10306,#10327,#10348,#10371,
    #10392,#10413,#10434,#10455,#10476,#10497,#10520,#10541,#10562,
    #10583,#10604,#10625,#10646,#10669,#10690,#10711,#10732,#10753,
    #10774,#10795,#10818,#10839,#10860,#10881,#10902,#10923,#10944,
    #10967,#10988,#10989,#10990,#10991,#11012,#11031,#11032,#11033,
    #11034,#11055,#11074,#11075,#11076,#11077,#11098,#11117,#11118,
    #11119,#11120,#11141,#11160,#11161,#11162,#11163,#11184,#11203,
    #11204,#11205,#11206,#11227,#11246,#11247,#11248,#11249,#11270,
    #11289,#11290,#11291,#11292,#11313,#11332));
#9876 = ORIENTED_EDGE('',*,*,#9602,.F.);
#9877 = ORIENTED_EDGE('',*,*,#9544,.F.);
#9878 = ORIENTED_EDGE('',*,*,#9879,.T.);
#9879 = EDGE_CURVE('',#9545,#9880,#9882,.T.);
#9880 = VERTEX_POINT('',#9881);
#9881 = CARTESIAN_POINT('',(-60.,-8.,-13.85640646055));
#9882 = SURFACE_CURVE('',#9883,(#9887,#9894),.PCURVE_S1.);
#9883 = LINE('',#9884,#9885);
#9884 = CARTESIAN_POINT('',(-60.,-16.,1.959434878636E-15));
#9885 = VECTOR('',#9886,1.);
#9886 = DIRECTION('',(0.,0.5,-0.866025403784));
#9887 = PCURVE('',#2610,#9888);
#9888 = DEFINITIONAL_REPRESENTATION('',(#9889),#9893);
#9889 = LINE('',#9890,#9891);
#9890 = CARTESIAN_POINT('',(0.,-60.));
#9891 = VECTOR('',#9892,1.);
#9892 = DIRECTION('',(1.,0.));
#9893 = ( GEOMETRIC_REPRESENTATION_CONTEXT(2) 
PARAMETRIC_REPRESENTATION_CONTEXT() REPRESENTATION_CONTEXT('2D SPACE',''
  ) );
#9894 = PCURVE('',#2908,#9895);
#9895 = DEFINITIONAL_REPRESENTATION('',(#9896),#9900);
#9896 = LINE('',#9897,#9898);
#9897 = CARTESIAN_POINT('',(-16.,1.051424234745E-15));
#9898 = VECTOR('',#9899,1.);
#9899 = DIRECTION('',(0.5,-0.866025403784));
#9900 = ( GEOMETRIC_REPRESENTATION_CONTEXT(2) 
PARAMETRIC_REPRESENTATION_CONTEXT() REPRESENTATION_CONTEXT('2D SPACE',''
  ) );
#9901 = ORIENTED_EDGE('',*,*,#9902,.F.);
#9902 = EDGE_CURVE('',#9903,#9880,#9905,.T.);
#9903 = VERTEX_POINT('',#9904);
#9904 = CARTESIAN_POINT('',(-33.39896904477,-8.,-13.85640646055));
#9905 = SURFACE_CURVE('',#9906,(#9910,#9917),.PCURVE_S1.);
#9906 = LINE('',#9907,#9908);
#9907 = CARTESIAN_POINT('',(60.,-8.,-13.85640646055));
#9908 = VECTOR('',#9909,1.);
#9909 = DIRECTION('',(-1.,0.,0.));
#9910 = PCURVE('',#2610,#9911);
#9911 = DEFINITIONAL_REPRESENTATION('',(#9912),#9916);
#9912 = LINE('',#9913,#9914);
#9913 = CARTESIAN_POINT('',(16.,60.));
#9914 = VECTOR('',#9915,1.);
#9915 = DIRECTION('',(0.,-1.));
#9916 = ( GEOMETRIC_REPRESENTATION_CONTEXT(2) 
PARAMETRIC_REPRESENTATION_CONTEXT() REPRESENTATION_CONTEXT('2D SPACE',''
  ) );
#9917 = PCURVE('',#2880,#9918);
#9918 = DEFINITIONAL_REPRESENTATION('',(#9919),#9923);
#9919 = LINE('',#9920,#9921);
#9920 = CARTESIAN_POINT('',(0.,60.));
#9921 = VECTOR('',#9922,1.);
#9922 = DIRECTION('',(0.,-1.));
#9923 = ( GEOMETRIC_REPRESENTATION_CONTEXT(2) 
PARAMETRIC_REPRESENTATION_CONTEXT() REPRESENTATION_CONTEXT('2D SPACE',''
  ) );
#9924 = ORIENTED_EDGE('',*,*,#9925,.F.);
#9925 = EDGE_CURVE('',#9926,#9903,#9928,.T.);
#9926 = VERTEX_POINT('',#9927);
#9927 = CARTESIAN_POINT('',(-36.96076951545,-9.187266823562,-11.8));
#9928 = SURFACE_CURVE('',#9929,(#9933,#9939),.PCURVE_S1.);
#9929 = LINE('',#9930,#9931);
#9930 = CARTESIAN_POINT('',(-26.25092613112,-5.617319028786,
    -17.98333096092));
#9931 = VECTOR('',#9932,1.);
#9932 = DIRECTION('',(0.832050294338,0.277350098113,-0.480384461415));
#9933 = PCURVE('',#2610,#9934);
#9934 = DEFINITIONAL_REPRESENTATION('',(#9935),#9938);
#9935 = B_SPLINE_CURVE_WITH_KNOTS('',1,(#9936,#9937),.UNSPECIFIED.,.F.,
  .F.,(2,2),(-12.87162982479,-8.590878414785),.PIECEWISE_BEZIER_KNOTS.);
#9936 = CARTESIAN_POINT('',(13.625466352875,-36.96076951545));
#9937 = CARTESIAN_POINT('',(16.,-33.39896904477));
#9938 = ( GEOMETRIC_REPRESENTATION_CONTEXT(2) 
PARAMETRIC_REPRESENTATION_CONTEXT() REPRESENTATION_CONTEXT('2D SPACE',''
  ) );
#9939 = PCURVE('',#2853,#9940);
#9940 = DEFINITIONAL_REPRESENTATION('',(#9941),#9944);
#9941 = B_SPLINE_CURVE_WITH_KNOTS('',1,(#9942,#9943),.UNSPECIFIED.,.F.,
  .F.,(2,2),(-12.87162982479,-8.590878414785),.PIECEWISE_BEZIER_KNOTS.);
#9942 = CARTESIAN_POINT('',(-1.111598207581E-15,9.187266823562));
#9943 = CARTESIAN_POINT('',(4.112812921102,8.));
#9944 = ( GEOMETRIC_REPRESENTATION_CONTEXT(2) 
PARAMETRIC_REPRESENTATION_CONTEXT() REPRESENTATION_CONTEXT('2D SPACE',''
  ) );
#9945 = ORIENTED_EDGE('',*,*,#9946,.F.);
#9946 = EDGE_CURVE('',#9947,#9926,#9949,.T.);
#9947 = VERTEX_POINT('',#9948);
#9948 = CARTESIAN_POINT('',(-36.96076951545,-12.07401816951,-6.8));
#9949 = SURFACE_CURVE('',#9950,(#9954,#9960),.PCURVE_S1.);
#9950 = LINE('',#9951,#9952);
#9951 = CARTESIAN_POINT('',(-36.96076951545,-12.52775681356,
    -6.014101615138));
#9952 = VECTOR('',#9953,1.);
#9953 = DIRECTION('',(-3.076740298214E-16,0.5,-0.866025403784));
#9954 = PCURVE('',#2610,#9955);
#9955 = DEFINITIONAL_REPRESENTATION('',(#9956),#9959);
#9956 = B_SPLINE_CURVE_WITH_KNOTS('',1,(#9957,#9958),.UNSPECIFIED.,.F.,
  .F.,(2,2),(0.907477288112,6.680979980008),.PIECEWISE_BEZIER_KNOTS.);
#9957 = CARTESIAN_POINT('',(7.851963660979,-36.96076951545));
#9958 = CARTESIAN_POINT('',(13.625466352875,-36.96076951545));
#9959 = ( GEOMETRIC_REPRESENTATION_CONTEXT(2) 
PARAMETRIC_REPRESENTATION_CONTEXT() REPRESENTATION_CONTEXT('2D SPACE',''
  ) );
#9960 = PCURVE('',#4957,#9961);
#9961 = DEFINITIONAL_REPRESENTATION('',(#9962),#9965);
#9962 = B_SPLINE_CURVE_WITH_KNOTS('',1,(#9963,#9964),.UNSPECIFIED.,.F.,
  .F.,(2,2),(0.907477288112,6.680979980008),.PIECEWISE_BEZIER_KNOTS.);
#9963 = CARTESIAN_POINT('',(-2.585892502651E-16,12.074018169511));
#9964 = CARTESIAN_POINT('',(5.,9.187266823562));
#9965 = ( GEOMETRIC_REPRESENTATION_CONTEXT(2) 
PARAMETRIC_REPRESENTATION_CONTEXT() REPRESENTATION_CONTEXT('2D SPACE',''
  ) );
#9966 = ORIENTED_EDGE('',*,*,#9967,.F.);
#9967 = EDGE_CURVE('',#9968,#9947,#9970,.T.);
#9968 = VERTEX_POINT('',#9969);
#9969 = CARTESIAN_POINT('',(-32.63064249653,-13.51739384248,-4.3));
#9970 = SURFACE_CURVE('',#9971,(#9975,#9981),.PCURVE_S1.);
#9971 = LINE('',#9972,#9973);
#9972 = CARTESIAN_POINT('',(-21.74930115686,-17.14450762237,
    1.982345351606));
#9973 = VECTOR('',#9974,1.);
#9974 = DIRECTION('',(-0.832050294338,0.277350098113,-0.480384461415));
#9975 = PCURVE('',#2610,#9976);
#9976 = DEFINITIONAL_REPRESENTATION('',(#9977),#9980);
#9977 = B_SPLINE_CURVE_WITH_KNOTS('',1,(#9978,#9979),.UNSPECIFIED.,.F.,
  .F.,(2,2),(13.077744715342,18.281909714007),.PIECEWISE_BEZIER_KNOTS.);
#9978 = CARTESIAN_POINT('',(4.965212315031,-32.63064249653));
#9979 = CARTESIAN_POINT('',(7.851963660979,-36.96076951545));
#9980 = ( GEOMETRIC_REPRESENTATION_CONTEXT(2) 
PARAMETRIC_REPRESENTATION_CONTEXT() REPRESENTATION_CONTEXT('2D SPACE',''
  ) );
#9981 = PCURVE('',#4933,#9982);
#9982 = DEFINITIONAL_REPRESENTATION('',(#9983),#9986);
#9983 = B_SPLINE_CURVE_WITH_KNOTS('',1,(#9984,#9985),.UNSPECIFIED.,.F.,
  .F.,(2,2),(13.077744715342,18.281909714007),.PIECEWISE_BEZIER_KNOTS.);
#9984 = CARTESIAN_POINT('',(2.459175373793E-15,13.517393842485));
#9985 = CARTESIAN_POINT('',(5.,12.074018169511));
#9986 = ( GEOMETRIC_REPRESENTATION_CONTEXT(2) 
PARAMETRIC_REPRESENTATION_CONTEXT() REPRESENTATION_CONTEXT('2D SPACE',''
  ) );
#9987 = ORIENTED_EDGE('',*,*,#9988,.F.);
#9988 = EDGE_CURVE('',#9989,#9968,#9991,.T.);
#9989 = VERTEX_POINT('',#9990);
#9990 = CARTESIAN_POINT('',(-28.30051547761,-12.07401816951,-6.8));
#9991 = SURFACE_CURVE('',#9992,(#9996,#10002),.PCURVE_S1.);
#9992 = LINE('',#9993,#9994);
#9993 = CARTESIAN_POINT('',(-18.92301886833,-8.948185966418,
    -12.21410019169));
#9994 = VECTOR('',#9995,1.);
#9995 = DIRECTION('',(-0.832050294338,-0.277350098113,0.480384461415));
#9996 = PCURVE('',#2610,#9997);
#9997 = DEFINITIONAL_REPRESENTATION('',(#9998),#10001);
#9998 = B_SPLINE_CURVE_WITH_KNOTS('',1,(#9999,#10000),.UNSPECIFIED.,.F.,
  .F.,(2,2),(11.270348286745,16.474513285411),.PIECEWISE_BEZIER_KNOTS.);
#9999 = CARTESIAN_POINT('',(7.851963660979,-28.30051547761));
#10000 = CARTESIAN_POINT('',(4.965212315031,-32.63064249653));
#10001 = ( GEOMETRIC_REPRESENTATION_CONTEXT(2) 
PARAMETRIC_REPRESENTATION_CONTEXT() REPRESENTATION_CONTEXT('2D SPACE',''
  ) );
#10002 = PCURVE('',#4907,#10003);
#10003 = DEFINITIONAL_REPRESENTATION('',(#10004),#10007);
#10004 = B_SPLINE_CURVE_WITH_KNOTS('',1,(#10005,#10006),.UNSPECIFIED.,
  .F.,.F.,(2,2),(11.270348286745,16.474513285411),
  .PIECEWISE_BEZIER_KNOTS.);
#10005 = CARTESIAN_POINT('',(6.643268541634E-16,12.074018169511));
#10006 = CARTESIAN_POINT('',(5.,13.517393842485));
#10007 = ( GEOMETRIC_REPRESENTATION_CONTEXT(2) 
PARAMETRIC_REPRESENTATION_CONTEXT() REPRESENTATION_CONTEXT('2D SPACE',''
  ) );
#10008 = ORIENTED_EDGE('',*,*,#10009,.F.);
#10009 = EDGE_CURVE('',#10010,#9989,#10012,.T.);
#10010 = VERTEX_POINT('',#10011);
#10011 = CARTESIAN_POINT('',(-28.30051547761,-9.187266823562,-11.8));
#10012 = SURFACE_CURVE('',#10013,(#10017,#10023),.PCURVE_S1.);
#10013 = LINE('',#10014,#10015);
#10014 = CARTESIAN_POINT('',(-28.30051547761,-11.44522505883,
    -7.889101615138));
#10015 = VECTOR('',#10016,1.);
#10016 = DIRECTION('',(1.538370149107E-16,-0.5,0.866025403784));
#10017 = PCURVE('',#2610,#10018);
#10018 = DEFINITIONAL_REPRESENTATION('',(#10019),#10022);
#10019 = B_SPLINE_CURVE_WITH_KNOTS('',1,(#10020,#10021),.UNSPECIFIED.,
  .F.,.F.,(2,2),(-4.515916470547,1.257586221349),
  .PIECEWISE_BEZIER_KNOTS.);
#10020 = CARTESIAN_POINT('',(13.625466352875,-28.30051547761));
#10021 = CARTESIAN_POINT('',(7.851963660979,-28.30051547761));
#10022 = ( GEOMETRIC_REPRESENTATION_CONTEXT(2) 
PARAMETRIC_REPRESENTATION_CONTEXT() REPRESENTATION_CONTEXT('2D SPACE',''
  ) );
#10023 = PCURVE('',#4881,#10024);
#10024 = DEFINITIONAL_REPRESENTATION('',(#10025),#10028);
#10025 = B_SPLINE_CURVE_WITH_KNOTS('',1,(#10026,#10027),.UNSPECIFIED.,
  .F.,.F.,(2,2),(-4.515916470547,1.257586221349),
  .PIECEWISE_BEZIER_KNOTS.);
#10026 = CARTESIAN_POINT('',(-7.298115954231E-16,9.187266823562));
#10027 = CARTESIAN_POINT('',(5.,12.074018169511));
#10028 = ( GEOMETRIC_REPRESENTATION_CONTEXT(2) 
PARAMETRIC_REPRESENTATION_CONTEXT() REPRESENTATION_CONTEXT('2D SPACE',''
  ) );
#10029 = ORIENTED_EDGE('',*,*,#10030,.F.);
#10030 = EDGE_CURVE('',#10031,#10010,#10033,.T.);
#10031 = VERTEX_POINT('',#10032);
#10032 = CARTESIAN_POINT('',(-31.8623159483,-8.,-13.85640646055));
#10033 = SURFACE_CURVE('',#10034,(#10038,#10044),.PCURVE_S1.);
#10034 = LINE('',#10035,#10036);
#10035 = CARTESIAN_POINT('',(-18.41843421922,-12.48129390969,
    -6.094577725317));
#10036 = VECTOR('',#10037,1.);
#10037 = DIRECTION('',(0.832050294338,-0.277350098113,0.480384461415));
#10038 = PCURVE('',#2610,#10039);
#10039 = DEFINITIONAL_REPRESENTATION('',(#10040),#10043);
#10040 = B_SPLINE_CURVE_WITH_KNOTS('',1,(#10041,#10042),.UNSPECIFIED.,
  .F.,.F.,(2,2),(-16.15753497181,-11.8767835618),
  .PIECEWISE_BEZIER_KNOTS.);
#10041 = CARTESIAN_POINT('',(16.,-31.8623159483));
#10042 = CARTESIAN_POINT('',(13.625466352875,-28.30051547761));
#10043 = ( GEOMETRIC_REPRESENTATION_CONTEXT(2) 
PARAMETRIC_REPRESENTATION_CONTEXT() REPRESENTATION_CONTEXT('2D SPACE',''
  ) );
#10044 = PCURVE('',#4855,#10045);
#10045 = DEFINITIONAL_REPRESENTATION('',(#10046),#10049);
#10046 = B_SPLINE_CURVE_WITH_KNOTS('',1,(#10047,#10048),.UNSPECIFIED.,
  .F.,.F.,(2,2),(-16.15753497181,-11.8767835618),
  .PIECEWISE_BEZIER_KNOTS.);
#10047 = CARTESIAN_POINT('',(0.887187078898,8.));
#10048 = CARTESIAN_POINT('',(5.,9.187266823562));
#10049 = ( GEOMETRIC_REPRESENTATION_CONTEXT(2) 
PARAMETRIC_REPRESENTATION_CONTEXT() REPRESENTATION_CONTEXT('2D SPACE',''
  ) );
#10050 = ORIENTED_EDGE('',*,*,#10051,.F.);
#10051 = EDGE_CURVE('',#10052,#10031,#10054,.T.);
#10052 = VERTEX_POINT('',#10053);
#10053 = CARTESIAN_POINT('',(-22.66025403784,-8.,-13.85640646055));
#10054 = SURFACE_CURVE('',#10055,(#10059,#10066),.PCURVE_S1.);
#10055 = LINE('',#10056,#10057);
#10056 = CARTESIAN_POINT('',(60.,-8.,-13.85640646055));
#10057 = VECTOR('',#10058,1.);
#10058 = DIRECTION('',(-1.,0.,0.));
#10059 = PCURVE('',#2610,#10060);
#10060 = DEFINITIONAL_REPRESENTATION('',(#10061),#10065);
#10061 = LINE('',#10062,#10063);
#10062 = CARTESIAN_POINT('',(16.,60.));
#10063 = VECTOR('',#10064,1.);
#10064 = DIRECTION('',(0.,-1.));
#10065 = ( GEOMETRIC_REPRESENTATION_CONTEXT(2) 
PARAMETRIC_REPRESENTATION_CONTEXT() REPRESENTATION_CONTEXT('2D SPACE',''
  ) );
#10066 = PCURVE('',#4828,#10067);
#10067 = DEFINITIONAL_REPRESENTATION('',(#10068),#10072);
#10068 = LINE('',#10069,#10070);
#10069 = CARTESIAN_POINT('',(0.,60.));
#10070 = VECTOR('',#10071,1.);
#10071 = DIRECTION('',(0.,-1.));
#10072 = ( GEOMETRIC_REPRESENTATION_CONTEXT(2) 
PARAMETRIC_REPRESENTATION_CONTEXT() REPRESENTATION_CONTEXT('2D SPACE',''
  ) );
#10073 = ORIENTED_EDGE('',*,*,#10074,.F.);
#10074 = EDGE_CURVE('',#10075,#10052,#10077,.T.);
#10075 = VERTEX_POINT('',#10076);
#10076 = CARTESIAN_POINT('',(-26.22205450853,-9.187266823562,-11.8));
#10077 = SURFACE_CURVE('',#10078,(#10082,#10088),.PCURVE_S1.);
#10078 = LINE('',#10079,#10080);
#10079 = CARTESIAN_POINT('',(-19.2294586266,-6.856401529585,
    -15.83717711476));
#10080 = VECTOR('',#10081,1.);
#10081 = DIRECTION('',(0.832050294338,0.277350098113,-0.480384461415));
#10082 = PCURVE('',#2610,#10083);
#10083 = DEFINITIONAL_REPRESENTATION('',(#10084),#10087);
#10084 = B_SPLINE_CURVE_WITH_KNOTS('',1,(#10085,#10086),.UNSPECIFIED.,
  .F.,.F.,(2,2),(-8.404054333634,-4.123302923623),
  .PIECEWISE_BEZIER_KNOTS.);
#10085 = CARTESIAN_POINT('',(13.625466352875,-26.22205450853));
#10086 = CARTESIAN_POINT('',(16.,-22.66025403784));
#10087 = ( GEOMETRIC_REPRESENTATION_CONTEXT(2) 
PARAMETRIC_REPRESENTATION_CONTEXT() REPRESENTATION_CONTEXT('2D SPACE',''
  ) );
#10088 = PCURVE('',#4801,#10089);
#10089 = DEFINITIONAL_REPRESENTATION('',(#10090),#10093);
#10090 = B_SPLINE_CURVE_WITH_KNOTS('',1,(#10091,#10092),.UNSPECIFIED.,
  .F.,.F.,(2,2),(-8.404054333634,-4.123302923623),
  .PIECEWISE_BEZIER_KNOTS.);
#10091 = CARTESIAN_POINT('',(-2.845035313965E-16,9.187266823562));
#10092 = CARTESIAN_POINT('',(4.112812921102,8.));
#10093 = ( GEOMETRIC_REPRESENTATION_CONTEXT(2) 
PARAMETRIC_REPRESENTATION_CONTEXT() REPRESENTATION_CONTEXT('2D SPACE',''
  ) );
#10094 = ORIENTED_EDGE('',*,*,#10095,.F.);
#10095 = EDGE_CURVE('',#10096,#10075,#10098,.T.);
#10096 = VERTEX_POINT('',#10097);
#10097 = CARTESIAN_POINT('',(-26.22205450853,-12.07401816951,-6.8));
#10098 = SURFACE_CURVE('',#10099,(#10103,#10109),.PCURVE_S1.);
#10099 = LINE('',#10100,#10101);
#10100 = CARTESIAN_POINT('',(-26.22205450853,-12.52775681356,
    -6.014101615138));
#10101 = VECTOR('',#10102,1.);
#10102 = DIRECTION('',(-3.076740298214E-16,0.5,-0.866025403784));
#10103 = PCURVE('',#2610,#10104);
#10104 = DEFINITIONAL_REPRESENTATION('',(#10105),#10108);
#10105 = B_SPLINE_CURVE_WITH_KNOTS('',1,(#10106,#10107),.UNSPECIFIED.,
  .F.,.F.,(2,2),(0.907477288112,6.680979980008),
  .PIECEWISE_BEZIER_KNOTS.);
#10106 = CARTESIAN_POINT('',(7.851963660979,-26.22205450853));
#10107 = CARTESIAN_POINT('',(13.625466352875,-26.22205450853));
#10108 = ( GEOMETRIC_REPRESENTATION_CONTEXT(2) 
PARAMETRIC_REPRESENTATION_CONTEXT() REPRESENTATION_CONTEXT('2D SPACE',''
  ) );
#10109 = PCURVE('',#4775,#10110);
#10110 = DEFINITIONAL_REPRESENTATION('',(#10111),#10114);
#10111 = B_SPLINE_CURVE_WITH_KNOTS('',1,(#10112,#10113),.UNSPECIFIED.,
  .F.,.F.,(2,2),(0.907477288112,6.680979980008),
  .PIECEWISE_BEZIER_KNOTS.);
#10112 = CARTESIAN_POINT('',(1.716937086666E-16,12.074018169511));
#10113 = CARTESIAN_POINT('',(5.,9.187266823562));
#10114 = ( GEOMETRIC_REPRESENTATION_CONTEXT(2) 
PARAMETRIC_REPRESENTATION_CONTEXT() REPRESENTATION_CONTEXT('2D SPACE',''
  ) );
#10115 = ORIENTED_EDGE('',*,*,#10116,.F.);
#10116 = EDGE_CURVE('',#10117,#10096,#10119,.T.);
#10117 = VERTEX_POINT('',#10118);
#10118 = CARTESIAN_POINT('',(-21.8919274896,-13.51739384248,-4.3));
#10119 = SURFACE_CURVE('',#10120,(#10124,#10130),.PCURVE_S1.);
#10120 = LINE('',#10121,#10122);
#10121 = CARTESIAN_POINT('',(-14.72783365233,-15.90542512157,
    -0.163808494548));
#10122 = VECTOR('',#10123,1.);
#10123 = DIRECTION('',(-0.832050294338,0.277350098113,-0.480384461415));
#10124 = PCURVE('',#2610,#10125);
#10125 = DEFINITIONAL_REPRESENTATION('',(#10126),#10129);
#10126 = B_SPLINE_CURVE_WITH_KNOTS('',1,(#10127,#10128),.UNSPECIFIED.,
  .F.,.F.,(2,2),(8.61016922418,13.814334222845),
  .PIECEWISE_BEZIER_KNOTS.);
#10127 = CARTESIAN_POINT('',(4.965212315031,-21.8919274896));
#10128 = CARTESIAN_POINT('',(7.851963660979,-26.22205450853));
#10129 = ( GEOMETRIC_REPRESENTATION_CONTEXT(2) 
PARAMETRIC_REPRESENTATION_CONTEXT() REPRESENTATION_CONTEXT('2D SPACE',''
  ) );
#10130 = PCURVE('',#4749,#10131);
#10131 = DEFINITIONAL_REPRESENTATION('',(#10132),#10135);
#10132 = B_SPLINE_CURVE_WITH_KNOTS('',1,(#10133,#10134),.UNSPECIFIED.,
  .F.,.F.,(2,2),(8.61016922418,13.814334222845),
  .PIECEWISE_BEZIER_KNOTS.);
#10133 = CARTESIAN_POINT('',(1.066391787908E-15,13.517393842485));
#10134 = CARTESIAN_POINT('',(5.,12.074018169511));
#10135 = ( GEOMETRIC_REPRESENTATION_CONTEXT(2) 
PARAMETRIC_REPRESENTATION_CONTEXT() REPRESENTATION_CONTEXT('2D SPACE',''
  ) );
#10136 = ORIENTED_EDGE('',*,*,#10137,.F.);
#10137 = EDGE_CURVE('',#10138,#10117,#10140,.T.);
#10138 = VERTEX_POINT('',#10139);
#10139 = CARTESIAN_POINT('',(-17.56180047068,-12.07401816951,-6.8));
#10140 = SURFACE_CURVE('',#10141,(#10145,#10151),.PCURVE_S1.);
#10141 = LINE('',#10142,#10143);
#10142 = CARTESIAN_POINT('',(-11.9015513638,-10.18726846721,
    -10.06794634553));
#10143 = VECTOR('',#10144,1.);
#10144 = DIRECTION('',(-0.832050294338,-0.277350098113,0.480384461415));
#10145 = PCURVE('',#2610,#10146);
#10146 = DEFINITIONAL_REPRESENTATION('',(#10147),#10150);
#10147 = B_SPLINE_CURVE_WITH_KNOTS('',1,(#10148,#10149),.UNSPECIFIED.,
  .F.,.F.,(2,2),(6.802772795583,12.006937794249),
  .PIECEWISE_BEZIER_KNOTS.);
#10148 = CARTESIAN_POINT('',(7.851963660979,-17.56180047068));
#10149 = CARTESIAN_POINT('',(4.965212315031,-21.8919274896));
#10150 = ( GEOMETRIC_REPRESENTATION_CONTEXT(2) 
PARAMETRIC_REPRESENTATION_CONTEXT() REPRESENTATION_CONTEXT('2D SPACE',''
  ) );
#10151 = PCURVE('',#4723,#10152);
#10152 = DEFINITIONAL_REPRESENTATION('',(#10153),#10156);
#10153 = B_SPLINE_CURVE_WITH_KNOTS('',1,(#10154,#10155),.UNSPECIFIED.,
  .F.,.F.,(2,2),(6.802772795583,12.006937794249),
  .PIECEWISE_BEZIER_KNOTS.);
#10154 = CARTESIAN_POINT('',(-3.02144606515E-16,12.074018169511));
#10155 = CARTESIAN_POINT('',(5.,13.517393842485));
#10156 = ( GEOMETRIC_REPRESENTATION_CONTEXT(2) 
PARAMETRIC_REPRESENTATION_CONTEXT() REPRESENTATION_CONTEXT('2D SPACE',''
  ) );
#10157 = ORIENTED_EDGE('',*,*,#10158,.F.);
#10158 = EDGE_CURVE('',#10159,#10138,#10161,.T.);
#10159 = VERTEX_POINT('',#10160);
#10160 = CARTESIAN_POINT('',(-17.56180047068,-9.187266823562,-11.8));
#10161 = SURFACE_CURVE('',#10162,(#10166,#10172),.PCURVE_S1.);
#10162 = LINE('',#10163,#10164);
#10163 = CARTESIAN_POINT('',(-17.56180047068,-11.44522505883,
    -7.889101615138));
#10164 = VECTOR('',#10165,1.);
#10165 = DIRECTION('',(1.538370149107E-16,-0.5,0.866025403784));
#10166 = PCURVE('',#2610,#10167);
#10167 = DEFINITIONAL_REPRESENTATION('',(#10168),#10171);
#10168 = B_SPLINE_CURVE_WITH_KNOTS('',1,(#10169,#10170),.UNSPECIFIED.,
  .F.,.F.,(2,2),(-4.515916470547,1.257586221349),
  .PIECEWISE_BEZIER_KNOTS.);
#10169 = CARTESIAN_POINT('',(13.625466352875,-17.56180047068));
#10170 = CARTESIAN_POINT('',(7.851963660979,-17.56180047068));
#10171 = ( GEOMETRIC_REPRESENTATION_CONTEXT(2) 
PARAMETRIC_REPRESENTATION_CONTEXT() REPRESENTATION_CONTEXT('2D SPACE',''
  ) );
#10172 = PCURVE('',#4697,#10173);
#10173 = DEFINITIONAL_REPRESENTATION('',(#10174),#10177);
#10174 = B_SPLINE_CURVE_WITH_KNOTS('',1,(#10175,#10176),.UNSPECIFIED.,
  .F.,.F.,(2,2),(-4.515916470547,1.257586221349),
  .PIECEWISE_BEZIER_KNOTS.);
#10175 = CARTESIAN_POINT('',(-7.961986601637E-17,9.187266823562));
#10176 = CARTESIAN_POINT('',(5.,12.074018169511));
#10177 = ( GEOMETRIC_REPRESENTATION_CONTEXT(2) 
PARAMETRIC_REPRESENTATION_CONTEXT() REPRESENTATION_CONTEXT('2D SPACE',''
  ) );
#10178 = ORIENTED_EDGE('',*,*,#10179,.F.);
#10179 = EDGE_CURVE('',#10180,#10159,#10182,.T.);
#10180 = VERTEX_POINT('',#10181);
#10181 = CARTESIAN_POINT('',(-21.12360094137,-8.,-13.85640646055));
#10182 = SURFACE_CURVE('',#10183,(#10187,#10193),.PCURVE_S1.);
#10183 = LINE('',#10184,#10185);
#10184 = CARTESIAN_POINT('',(-11.39696671469,-11.24221140889,
    -8.240731571471));
#10185 = VECTOR('',#10186,1.);
#10186 = DIRECTION('',(0.832050294338,-0.277350098113,0.480384461415));
#10187 = PCURVE('',#2610,#10188);
#10188 = DEFINITIONAL_REPRESENTATION('',(#10189),#10192);
#10189 = B_SPLINE_CURVE_WITH_KNOTS('',1,(#10190,#10191),.UNSPECIFIED.,
  .F.,.F.,(2,2),(-11.68995948065,-7.409208070642),
  .PIECEWISE_BEZIER_KNOTS.);
#10190 = CARTESIAN_POINT('',(16.,-21.12360094137));
#10191 = CARTESIAN_POINT('',(13.625466352875,-17.56180047068));
#10192 = ( GEOMETRIC_REPRESENTATION_CONTEXT(2) 
PARAMETRIC_REPRESENTATION_CONTEXT() REPRESENTATION_CONTEXT('2D SPACE',''
  ) );
#10193 = PCURVE('',#4671,#10194);
#10194 = DEFINITIONAL_REPRESENTATION('',(#10195),#10198);
#10195 = B_SPLINE_CURVE_WITH_KNOTS('',1,(#10196,#10197),.UNSPECIFIED.,
  .F.,.F.,(2,2),(-11.68995948065,-7.409208070642),
  .PIECEWISE_BEZIER_KNOTS.);
#10196 = CARTESIAN_POINT('',(0.887187078898,8.));
#10197 = CARTESIAN_POINT('',(5.,9.187266823562));
#10198 = ( GEOMETRIC_REPRESENTATION_CONTEXT(2) 
PARAMETRIC_REPRESENTATION_CONTEXT() REPRESENTATION_CONTEXT('2D SPACE',''
  ) );
#10199 = ORIENTED_EDGE('',*,*,#10200,.F.);
#10200 = EDGE_CURVE('',#10201,#10180,#10203,.T.);
#10201 = VERTEX_POINT('',#10202);
#10202 = CARTESIAN_POINT('',(-11.92153903091,-8.,-13.85640646055));
#10203 = SURFACE_CURVE('',#10204,(#10208,#10215),.PCURVE_S1.);
#10204 = LINE('',#10205,#10206);
#10205 = CARTESIAN_POINT('',(60.,-8.,-13.85640646055));
#10206 = VECTOR('',#10207,1.);
#10207 = DIRECTION('',(-1.,0.,0.));
#10208 = PCURVE('',#2610,#10209);
#10209 = DEFINITIONAL_REPRESENTATION('',(#10210),#10214);
#10210 = LINE('',#10211,#10212);
#10211 = CARTESIAN_POINT('',(16.,60.));
#10212 = VECTOR('',#10213,1.);
#10213 = DIRECTION('',(0.,-1.));
#10214 = ( GEOMETRIC_REPRESENTATION_CONTEXT(2) 
PARAMETRIC_REPRESENTATION_CONTEXT() REPRESENTATION_CONTEXT('2D SPACE',''
  ) );
#10215 = PCURVE('',#4644,#10216);
#10216 = DEFINITIONAL_REPRESENTATION('',(#10217),#10221);
#10217 = LINE('',#10218,#10219);
#10218 = CARTESIAN_POINT('',(0.,60.));
#10219 = VECTOR('',#10220,1.);
#10220 = DIRECTION('',(0.,-1.));
#10221 = ( GEOMETRIC_REPRESENTATION_CONTEXT(2) 
PARAMETRIC_REPRESENTATION_CONTEXT() REPRESENTATION_CONTEXT('2D SPACE',''
  ) );
#10222 = ORIENTED_EDGE('',*,*,#10223,.F.);
#10223 = EDGE_CURVE('',#10224,#10201,#10226,.T.);
#10224 = VERTEX_POINT('',#10225);
#10225 = CARTESIAN_POINT('',(-15.4833395016,-9.187266823562,-11.8));
#10226 = SURFACE_CURVE('',#10227,(#10231,#10237),.PCURVE_S1.);
#10227 = LINE('',#10228,#10229);
#10228 = CARTESIAN_POINT('',(-12.20799112207,-8.095484030385,
    -13.69102326861));
#10229 = VECTOR('',#10230,1.);
#10230 = DIRECTION('',(0.832050294338,0.277350098113,-0.480384461415));
#10231 = PCURVE('',#2610,#10232);
#10232 = DEFINITIONAL_REPRESENTATION('',(#10233),#10236);
#10233 = B_SPLINE_CURVE_WITH_KNOTS('',1,(#10234,#10235),.UNSPECIFIED.,
  .F.,.F.,(2,2),(-3.936478842472,0.344272567539),
  .PIECEWISE_BEZIER_KNOTS.);
#10234 = CARTESIAN_POINT('',(13.625466352875,-15.4833395016));
#10235 = CARTESIAN_POINT('',(16.,-11.92153903091));
#10236 = ( GEOMETRIC_REPRESENTATION_CONTEXT(2) 
PARAMETRIC_REPRESENTATION_CONTEXT() REPRESENTATION_CONTEXT('2D SPACE',''
  ) );
#10237 = PCURVE('',#4617,#10238);
#10238 = DEFINITIONAL_REPRESENTATION('',(#10239),#10242);
#10239 = B_SPLINE_CURVE_WITH_KNOTS('',1,(#10240,#10241),.UNSPECIFIED.,
  .F.,.F.,(2,2),(-3.936478842472,0.344272567539),
  .PIECEWISE_BEZIER_KNOTS.);
#10240 = CARTESIAN_POINT('',(-1.365220981711E-16,9.187266823562));
#10241 = CARTESIAN_POINT('',(4.112812921102,8.));
#10242 = ( GEOMETRIC_REPRESENTATION_CONTEXT(2) 
PARAMETRIC_REPRESENTATION_CONTEXT() REPRESENTATION_CONTEXT('2D SPACE',''
  ) );
#10243 = ORIENTED_EDGE('',*,*,#10244,.F.);
#10244 = EDGE_CURVE('',#10245,#10224,#10247,.T.);
#10245 = VERTEX_POINT('',#10246);
#10246 = CARTESIAN_POINT('',(-15.4833395016,-12.07401816951,-6.8));
#10247 = SURFACE_CURVE('',#10248,(#10252,#10258),.PCURVE_S1.);
#10248 = LINE('',#10249,#10250);
#10249 = CARTESIAN_POINT('',(-15.4833395016,-12.52775681356,
    -6.014101615138));
#10250 = VECTOR('',#10251,1.);
#10251 = DIRECTION('',(-3.076740298214E-16,0.5,-0.866025403784));
#10252 = PCURVE('',#2610,#10253);
#10253 = DEFINITIONAL_REPRESENTATION('',(#10254),#10257);
#10254 = B_SPLINE_CURVE_WITH_KNOTS('',1,(#10255,#10256),.UNSPECIFIED.,
  .F.,.F.,(2,2),(0.907477288112,6.680979980008),
  .PIECEWISE_BEZIER_KNOTS.);
#10255 = CARTESIAN_POINT('',(7.851963660979,-15.4833395016));
#10256 = CARTESIAN_POINT('',(13.625466352875,-15.4833395016));
#10257 = ( GEOMETRIC_REPRESENTATION_CONTEXT(2) 
PARAMETRIC_REPRESENTATION_CONTEXT() REPRESENTATION_CONTEXT('2D SPACE',''
  ) );
#10258 = PCURVE('',#4591,#10259);
#10259 = DEFINITIONAL_REPRESENTATION('',(#10260),#10263);
#10260 = B_SPLINE_CURVE_WITH_KNOTS('',1,(#10261,#10262),.UNSPECIFIED.,
  .F.,.F.,(2,2),(0.907477288112,6.680979980008),
  .PIECEWISE_BEZIER_KNOTS.);
#10261 = CARTESIAN_POINT('',(-1.67208406955E-16,12.074018169511));
#10262 = CARTESIAN_POINT('',(5.,9.187266823562));
#10263 = ( GEOMETRIC_REPRESENTATION_CONTEXT(2) 
PARAMETRIC_REPRESENTATION_CONTEXT() REPRESENTATION_CONTEXT('2D SPACE',''
  ) );
#10264 = ORIENTED_EDGE('',*,*,#10265,.F.);
#10265 = EDGE_CURVE('',#10266,#10245,#10268,.T.);
#10266 = VERTEX_POINT('',#10267);
#10267 = CARTESIAN_POINT('',(-11.15321248268,-13.51739384248,-4.3));
#10268 = SURFACE_CURVE('',#10269,(#10273,#10279),.PCURVE_S1.);
#10269 = LINE('',#10270,#10271);
#10270 = CARTESIAN_POINT('',(-7.706366147803,-14.66634262077,
    -2.309962340702));
#10271 = VECTOR('',#10272,1.);
#10272 = DIRECTION('',(-0.832050294338,0.277350098113,-0.480384461415));
#10273 = PCURVE('',#2610,#10274);
#10274 = DEFINITIONAL_REPRESENTATION('',(#10275),#10278);
#10275 = B_SPLINE_CURVE_WITH_KNOTS('',1,(#10276,#10277),.UNSPECIFIED.,
  .F.,.F.,(2,2),(4.142593733018,9.346758731683),
  .PIECEWISE_BEZIER_KNOTS.);
#10276 = CARTESIAN_POINT('',(4.965212315031,-11.15321248268));
#10277 = CARTESIAN_POINT('',(7.851963660979,-15.4833395016));
#10278 = ( GEOMETRIC_REPRESENTATION_CONTEXT(2) 
PARAMETRIC_REPRESENTATION_CONTEXT() REPRESENTATION_CONTEXT('2D SPACE',''
  ) );
#10279 = PCURVE('',#4565,#10280);
#10280 = DEFINITIONAL_REPRESENTATION('',(#10281),#10284);
#10281 = B_SPLINE_CURVE_WITH_KNOTS('',1,(#10282,#10283),.UNSPECIFIED.,
  .F.,.F.,(2,2),(4.142593733018,9.346758731683),
  .PIECEWISE_BEZIER_KNOTS.);
#10282 = CARTESIAN_POINT('',(1.005875831573E-15,13.517393842485));
#10283 = CARTESIAN_POINT('',(5.,12.074018169511));
#10284 = ( GEOMETRIC_REPRESENTATION_CONTEXT(2) 
PARAMETRIC_REPRESENTATION_CONTEXT() REPRESENTATION_CONTEXT('2D SPACE',''
  ) );
#10285 = ORIENTED_EDGE('',*,*,#10286,.F.);
#10286 = EDGE_CURVE('',#10287,#10266,#10289,.T.);
#10287 = VERTEX_POINT('',#10288);
#10288 = CARTESIAN_POINT('',(-6.82308546376,-12.07401816951,-6.8));
#10289 = SURFACE_CURVE('',#10290,(#10294,#10300),.PCURVE_S1.);
#10290 = LINE('',#10291,#10292);
#10291 = CARTESIAN_POINT('',(-4.880083859279,-11.42635096801,
    -7.921792499383));
#10292 = VECTOR('',#10293,1.);
#10293 = DIRECTION('',(-0.832050294338,-0.277350098113,0.480384461415));
#10294 = PCURVE('',#2610,#10295);
#10295 = DEFINITIONAL_REPRESENTATION('',(#10296),#10299);
#10296 = B_SPLINE_CURVE_WITH_KNOTS('',1,(#10297,#10298),.UNSPECIFIED.,
  .F.,.F.,(2,2),(2.335197304421,7.539362303087),
  .PIECEWISE_BEZIER_KNOTS.);
#10297 = CARTESIAN_POINT('',(7.851963660979,-6.82308546376));
#10298 = CARTESIAN_POINT('',(4.965212315031,-11.15321248268));
#10299 = ( GEOMETRIC_REPRESENTATION_CONTEXT(2) 
PARAMETRIC_REPRESENTATION_CONTEXT() REPRESENTATION_CONTEXT('2D SPACE',''
  ) );
#10300 = PCURVE('',#4539,#10301);
#10301 = DEFINITIONAL_REPRESENTATION('',(#10302),#10305);
#10302 = B_SPLINE_CURVE_WITH_KNOTS('',1,(#10303,#10304),.UNSPECIFIED.,
  .F.,.F.,(2,2),(2.335197304421,7.539362303087),
  .PIECEWISE_BEZIER_KNOTS.);
#10303 = CARTESIAN_POINT('',(1.333399546038E-16,12.074018169511));
#10304 = CARTESIAN_POINT('',(5.,13.517393842485));
#10305 = ( GEOMETRIC_REPRESENTATION_CONTEXT(2) 
PARAMETRIC_REPRESENTATION_CONTEXT() REPRESENTATION_CONTEXT('2D SPACE',''
  ) );
#10306 = ORIENTED_EDGE('',*,*,#10307,.F.);
#10307 = EDGE_CURVE('',#10308,#10287,#10310,.T.);
#10308 = VERTEX_POINT('',#10309);
#10309 = CARTESIAN_POINT('',(-6.82308546376,-9.187266823562,-11.8));
#10310 = SURFACE_CURVE('',#10311,(#10315,#10321),.PCURVE_S1.);
#10311 = LINE('',#10312,#10313);
#10312 = CARTESIAN_POINT('',(-6.82308546376,-11.44522505883,
    -7.889101615138));
#10313 = VECTOR('',#10314,1.);
#10314 = DIRECTION('',(1.538370149107E-16,-0.5,0.866025403784));
#10315 = PCURVE('',#2610,#10316);
#10316 = DEFINITIONAL_REPRESENTATION('',(#10317),#10320);
#10317 = B_SPLINE_CURVE_WITH_KNOTS('',1,(#10318,#10319),.UNSPECIFIED.,
  .F.,.F.,(2,2),(-4.515916470547,1.257586221349),
  .PIECEWISE_BEZIER_KNOTS.);
#10318 = CARTESIAN_POINT('',(13.625466352875,-6.82308546376));
#10319 = CARTESIAN_POINT('',(7.851963660979,-6.82308546376));
#10320 = ( GEOMETRIC_REPRESENTATION_CONTEXT(2) 
PARAMETRIC_REPRESENTATION_CONTEXT() REPRESENTATION_CONTEXT('2D SPACE',''
  ) );
#10321 = PCURVE('',#4513,#10322);
#10322 = DEFINITIONAL_REPRESENTATION('',(#10323),#10326);
#10323 = B_SPLINE_CURVE_WITH_KNOTS('',1,(#10324,#10325),.UNSPECIFIED.,
  .F.,.F.,(2,2),(-4.515916470547,1.257586221349),
  .PIECEWISE_BEZIER_KNOTS.);
#10324 = CARTESIAN_POINT('',(-7.961986601637E-17,9.187266823562));
#10325 = CARTESIAN_POINT('',(5.,12.074018169511));
#10326 = ( GEOMETRIC_REPRESENTATION_CONTEXT(2) 
PARAMETRIC_REPRESENTATION_CONTEXT() REPRESENTATION_CONTEXT('2D SPACE',''
  ) );
#10327 = ORIENTED_EDGE('',*,*,#10328,.F.);
#10328 = EDGE_CURVE('',#10329,#10308,#10331,.T.);
#10329 = VERTEX_POINT('',#10330);
#10330 = CARTESIAN_POINT('',(-10.38488593444,-8.,-13.85640646055));
#10331 = SURFACE_CURVE('',#10332,(#10336,#10342),.PCURVE_S1.);
#10332 = LINE('',#10333,#10334);
#10333 = CARTESIAN_POINT('',(-4.37549921017,-10.00312890809,
    -10.38688541762));
#10334 = VECTOR('',#10335,1.);
#10335 = DIRECTION('',(0.832050294338,-0.277350098113,0.480384461415));
#10336 = PCURVE('',#2610,#10337);
#10337 = DEFINITIONAL_REPRESENTATION('',(#10338),#10341);
#10338 = B_SPLINE_CURVE_WITH_KNOTS('',1,(#10339,#10340),.UNSPECIFIED.,
  .F.,.F.,(2,2),(-7.222383989491,-2.94163257948),
  .PIECEWISE_BEZIER_KNOTS.);
#10339 = CARTESIAN_POINT('',(16.,-10.38488593444));
#10340 = CARTESIAN_POINT('',(13.625466352875,-6.82308546376));
#10341 = ( GEOMETRIC_REPRESENTATION_CONTEXT(2) 
PARAMETRIC_REPRESENTATION_CONTEXT() REPRESENTATION_CONTEXT('2D SPACE',''
  ) );
#10342 = PCURVE('',#4487,#10343);
#10343 = DEFINITIONAL_REPRESENTATION('',(#10344),#10347);
#10344 = B_SPLINE_CURVE_WITH_KNOTS('',1,(#10345,#10346),.UNSPECIFIED.,
  .F.,.F.,(2,2),(-7.222383989491,-2.94163257948),
  .PIECEWISE_BEZIER_KNOTS.);
#10345 = CARTESIAN_POINT('',(0.887187078898,8.));
#10346 = CARTESIAN_POINT('',(5.,9.187266823562));
#10347 = ( GEOMETRIC_REPRESENTATION_CONTEXT(2) 
PARAMETRIC_REPRESENTATION_CONTEXT() REPRESENTATION_CONTEXT('2D SPACE',''
  ) );
#10348 = ORIENTED_EDGE('',*,*,#10349,.F.);
#10349 = EDGE_CURVE('',#10350,#10329,#10352,.T.);
#10350 = VERTEX_POINT('',#10351);
#10351 = CARTESIAN_POINT('',(-1.18282402399,-8.,-13.85640646055));
#10352 = SURFACE_CURVE('',#10353,(#10357,#10364),.PCURVE_S1.);
#10353 = LINE('',#10354,#10355);
#10354 = CARTESIAN_POINT('',(60.,-8.,-13.85640646055));
#10355 = VECTOR('',#10356,1.);
#10356 = DIRECTION('',(-1.,0.,0.));
#10357 = PCURVE('',#2610,#10358);
#10358 = DEFINITIONAL_REPRESENTATION('',(#10359),#10363);
#10359 = LINE('',#10360,#10361);
#10360 = CARTESIAN_POINT('',(16.,60.));
#10361 = VECTOR('',#10362,1.);
#10362 = DIRECTION('',(0.,-1.));
#10363 = ( GEOMETRIC_REPRESENTATION_CONTEXT(2) 
PARAMETRIC_REPRESENTATION_CONTEXT() REPRESENTATION_CONTEXT('2D SPACE',''
  ) );
#10364 = PCURVE('',#4460,#10365);
#10365 = DEFINITIONAL_REPRESENTATION('',(#10366),#10370);
#10366 = LINE('',#10367,#10368);
#10367 = CARTESIAN_POINT('',(0.,60.));
#10368 = VECTOR('',#10369,1.);
#10369 = DIRECTION('',(0.,-1.));
#10370 = ( GEOMETRIC_REPRESENTATION_CONTEXT(2) 
PARAMETRIC_REPRESENTATION_CONTEXT() REPRESENTATION_CONTEXT('2D SPACE',''
  ) );
#10371 = ORIENTED_EDGE('',*,*,#10372,.F.);
#10372 = EDGE_CURVE('',#10373,#10350,#10375,.T.);
#10373 = VERTEX_POINT('',#10374);
#10374 = CARTESIAN_POINT('',(-4.744624494678,-9.187266823562,-11.8));
#10375 = SURFACE_CURVE('',#10376,(#10380,#10386),.PCURVE_S1.);
#10376 = LINE('',#10377,#10378);
#10377 = CARTESIAN_POINT('',(-5.186523617542,-9.334566531184,
    -11.54486942246));
#10378 = VECTOR('',#10379,1.);
#10379 = DIRECTION('',(0.832050294338,0.277350098113,-0.480384461415));
#10380 = PCURVE('',#2610,#10381);
#10381 = DEFINITIONAL_REPRESENTATION('',(#10382),#10385);
#10382 = B_SPLINE_CURVE_WITH_KNOTS('',1,(#10383,#10384),.UNSPECIFIED.,
  .F.,.F.,(2,2),(0.53109664869,4.811848058701),
  .PIECEWISE_BEZIER_KNOTS.);
#10383 = CARTESIAN_POINT('',(13.625466352875,-4.744624494678));
#10384 = CARTESIAN_POINT('',(16.,-1.18282402399));
#10385 = ( GEOMETRIC_REPRESENTATION_CONTEXT(2) 
PARAMETRIC_REPRESENTATION_CONTEXT() REPRESENTATION_CONTEXT('2D SPACE',''
  ) );
#10386 = PCURVE('',#4433,#10387);
#10387 = DEFINITIONAL_REPRESENTATION('',(#10388),#10391);
#10388 = B_SPLINE_CURVE_WITH_KNOTS('',1,(#10389,#10390),.UNSPECIFIED.,
  .F.,.F.,(2,2),(0.53109664869,4.811848058701),
  .PIECEWISE_BEZIER_KNOTS.);
#10389 = CARTESIAN_POINT('',(1.359352463072E-17,9.187266823562));
#10390 = CARTESIAN_POINT('',(4.112812921102,8.));
#10391 = ( GEOMETRIC_REPRESENTATION_CONTEXT(2) 
PARAMETRIC_REPRESENTATION_CONTEXT() REPRESENTATION_CONTEXT('2D SPACE',''
  ) );
#10392 = ORIENTED_EDGE('',*,*,#10393,.F.);
#10393 = EDGE_CURVE('',#10394,#10373,#10396,.T.);
#10394 = VERTEX_POINT('',#10395);
#10395 = CARTESIAN_POINT('',(-4.744624494678,-12.07401816951,-6.8));
#10396 = SURFACE_CURVE('',#10397,(#10401,#10407),.PCURVE_S1.);
#10397 = LINE('',#10398,#10399);
#10398 = CARTESIAN_POINT('',(-4.744624494678,-12.52775681356,
    -6.014101615138));
#10399 = VECTOR('',#10400,1.);
#10400 = DIRECTION('',(-3.076740298214E-16,0.5,-0.866025403784));
#10401 = PCURVE('',#2610,#10402);
#10402 = DEFINITIONAL_REPRESENTATION('',(#10403),#10406);
#10403 = B_SPLINE_CURVE_WITH_KNOTS('',1,(#10404,#10405),.UNSPECIFIED.,
  .F.,.F.,(2,2),(0.907477288112,6.680979980008),
  .PIECEWISE_BEZIER_KNOTS.);
#10404 = CARTESIAN_POINT('',(7.851963660979,-4.744624494678));
#10405 = CARTESIAN_POINT('',(13.625466352875,-4.744624494678));
#10406 = ( GEOMETRIC_REPRESENTATION_CONTEXT(2) 
PARAMETRIC_REPRESENTATION_CONTEXT() REPRESENTATION_CONTEXT('2D SPACE',''
  ) );
#10407 = PCURVE('',#4407,#10408);
#10408 = DEFINITIONAL_REPRESENTATION('',(#10409),#10412);
#10409 = B_SPLINE_CURVE_WITH_KNOTS('',1,(#10410,#10411),.UNSPECIFIED.,
  .F.,.F.,(2,2),(0.907477288112,6.680979980008),
  .PIECEWISE_BEZIER_KNOTS.);
#10410 = CARTESIAN_POINT('',(4.793307251083E-17,12.074018169511));
#10411 = CARTESIAN_POINT('',(5.,9.187266823562));
#10412 = ( GEOMETRIC_REPRESENTATION_CONTEXT(2) 
PARAMETRIC_REPRESENTATION_CONTEXT() REPRESENTATION_CONTEXT('2D SPACE',''
  ) );
#10413 = ORIENTED_EDGE('',*,*,#10414,.F.);
#10414 = EDGE_CURVE('',#10415,#10394,#10417,.T.);
#10415 = VERTEX_POINT('',#10416);
#10416 = CARTESIAN_POINT('',(-0.414497475755,-13.51739384248,-4.3));
#10417 = SURFACE_CURVE('',#10418,(#10422,#10428),.PCURVE_S1.);
#10418 = LINE('',#10419,#10420);
#10419 = CARTESIAN_POINT('',(-0.684898643273,-13.42726011997,
    -4.456116186856));
#10420 = VECTOR('',#10421,1.);
#10421 = DIRECTION('',(-0.832050294338,0.277350098113,-0.480384461415));
#10422 = PCURVE('',#2610,#10423);
#10423 = DEFINITIONAL_REPRESENTATION('',(#10424),#10427);
#10424 = B_SPLINE_CURVE_WITH_KNOTS('',1,(#10425,#10426),.UNSPECIFIED.,
  .F.,.F.,(2,2),(-0.324981758144,4.879183240521),
  .PIECEWISE_BEZIER_KNOTS.);
#10425 = CARTESIAN_POINT('',(4.965212315031,-0.414497475755));
#10426 = CARTESIAN_POINT('',(7.851963660979,-4.744624494678));
#10427 = ( GEOMETRIC_REPRESENTATION_CONTEXT(2) 
PARAMETRIC_REPRESENTATION_CONTEXT() REPRESENTATION_CONTEXT('2D SPACE',''
  ) );
#10428 = PCURVE('',#4381,#10429);
#10429 = DEFINITIONAL_REPRESENTATION('',(#10430),#10433);
#10430 = B_SPLINE_CURVE_WITH_KNOTS('',1,(#10431,#10432),.UNSPECIFIED.,
  .F.,.F.,(2,2),(-0.324981758144,4.879183240521),
  .PIECEWISE_BEZIER_KNOTS.);
#10431 = CARTESIAN_POINT('',(-2.965524069577E-16,13.517393842485));
#10432 = CARTESIAN_POINT('',(5.,12.074018169511));
#10433 = ( GEOMETRIC_REPRESENTATION_CONTEXT(2) 
PARAMETRIC_REPRESENTATION_CONTEXT() REPRESENTATION_CONTEXT('2D SPACE',''
  ) );
#10434 = ORIENTED_EDGE('',*,*,#10435,.F.);
#10435 = EDGE_CURVE('',#10436,#10415,#10438,.T.);
#10436 = VERTEX_POINT('',#10437);
#10437 = CARTESIAN_POINT('',(3.915629543167,-12.07401816951,-6.8));
#10438 = SURFACE_CURVE('',#10439,(#10443,#10449),.PCURVE_S1.);
#10439 = LINE('',#10440,#10441);
#10440 = CARTESIAN_POINT('',(2.14138364525,-12.66543346881,
    -5.775638653229));
#10441 = VECTOR('',#10442,1.);
#10442 = DIRECTION('',(-0.832050294338,-0.277350098113,0.480384461415));
#10443 = PCURVE('',#2610,#10444);
#10444 = DEFINITIONAL_REPRESENTATION('',(#10445),#10448);
#10445 = B_SPLINE_CURVE_WITH_KNOTS('',1,(#10446,#10447),.UNSPECIFIED.,
  .F.,.F.,(2,2),(-2.132378186741,3.071786811925),
  .PIECEWISE_BEZIER_KNOTS.);
#10446 = CARTESIAN_POINT('',(7.851963660979,3.915629543167));
#10447 = CARTESIAN_POINT('',(4.965212315031,-0.414497475755));
#10448 = ( GEOMETRIC_REPRESENTATION_CONTEXT(2) 
PARAMETRIC_REPRESENTATION_CONTEXT() REPRESENTATION_CONTEXT('2D SPACE',''
  ) );
#10449 = PCURVE('',#4355,#10450);
#10450 = DEFINITIONAL_REPRESENTATION('',(#10451),#10454);
#10451 = B_SPLINE_CURVE_WITH_KNOTS('',1,(#10452,#10453),.UNSPECIFIED.,
  .F.,.F.,(2,2),(-2.132378186741,3.071786811925),
  .PIECEWISE_BEZIER_KNOTS.);
#10452 = CARTESIAN_POINT('',(8.989110974901E-17,12.074018169511));
#10453 = CARTESIAN_POINT('',(5.,13.517393842485));
#10454 = ( GEOMETRIC_REPRESENTATION_CONTEXT(2) 
PARAMETRIC_REPRESENTATION_CONTEXT() REPRESENTATION_CONTEXT('2D SPACE',''
  ) );
#10455 = ORIENTED_EDGE('',*,*,#10456,.F.);
#10456 = EDGE_CURVE('',#10457,#10436,#10459,.T.);
#10457 = VERTEX_POINT('',#10458);
#10458 = CARTESIAN_POINT('',(3.915629543167,-9.187266823562,-11.8));
#10459 = SURFACE_CURVE('',#10460,(#10464,#10470),.PCURVE_S1.);
#10460 = LINE('',#10461,#10462);
#10461 = CARTESIAN_POINT('',(3.915629543167,-11.44522505883,
    -7.889101615138));
#10462 = VECTOR('',#10463,1.);
#10463 = DIRECTION('',(1.538370149107E-16,-0.5,0.866025403784));
#10464 = PCURVE('',#2610,#10465);
#10465 = DEFINITIONAL_REPRESENTATION('',(#10466),#10469);
#10466 = B_SPLINE_CURVE_WITH_KNOTS('',1,(#10467,#10468),.UNSPECIFIED.,
  .F.,.F.,(2,2),(-4.515916470547,1.257586221349),
  .PIECEWISE_BEZIER_KNOTS.);
#10467 = CARTESIAN_POINT('',(13.625466352875,3.915629543167));
#10468 = CARTESIAN_POINT('',(7.851963660979,3.915629543167));
#10469 = ( GEOMETRIC_REPRESENTATION_CONTEXT(2) 
PARAMETRIC_REPRESENTATION_CONTEXT() REPRESENTATION_CONTEXT('2D SPACE',''
  ) );
#10470 = PCURVE('',#4329,#10471);
#10471 = DEFINITIONAL_REPRESENTATION('',(#10472),#10475);
#10472 = B_SPLINE_CURVE_WITH_KNOTS('',1,(#10473,#10474),.UNSPECIFIED.,
  .F.,.F.,(2,2),(-4.515916470547,1.257586221349),
  .PIECEWISE_BEZIER_KNOTS.);
#10473 = CARTESIAN_POINT('',(-1.986132111631E-16,9.187266823562));
#10474 = CARTESIAN_POINT('',(5.,12.074018169511));
#10475 = ( GEOMETRIC_REPRESENTATION_CONTEXT(2) 
PARAMETRIC_REPRESENTATION_CONTEXT() REPRESENTATION_CONTEXT('2D SPACE',''
  ) );
#10476 = ORIENTED_EDGE('',*,*,#10477,.F.);
#10477 = EDGE_CURVE('',#10478,#10457,#10480,.T.);
#10478 = VERTEX_POINT('',#10479);
#10479 = CARTESIAN_POINT('',(0.35382907248,-8.,-13.85640646055));
#10480 = SURFACE_CURVE('',#10481,(#10485,#10491),.PCURVE_S1.);
#10481 = LINE('',#10482,#10483);
#10482 = CARTESIAN_POINT('',(2.645968294359,-8.764046407293,
    -12.53303926377));
#10483 = VECTOR('',#10484,1.);
#10484 = DIRECTION('',(0.832050294338,-0.277350098113,0.480384461415));
#10485 = PCURVE('',#2610,#10486);
#10486 = DEFINITIONAL_REPRESENTATION('',(#10487),#10490);
#10487 = B_SPLINE_CURVE_WITH_KNOTS('',1,(#10488,#10489),.UNSPECIFIED.,
  .F.,.F.,(2,2),(-2.754808498329,1.525942911682),
  .PIECEWISE_BEZIER_KNOTS.);
#10488 = CARTESIAN_POINT('',(16.,0.35382907248));
#10489 = CARTESIAN_POINT('',(13.625466352875,3.915629543167));
#10490 = ( GEOMETRIC_REPRESENTATION_CONTEXT(2) 
PARAMETRIC_REPRESENTATION_CONTEXT() REPRESENTATION_CONTEXT('2D SPACE',''
  ) );
#10491 = PCURVE('',#4303,#10492);
#10492 = DEFINITIONAL_REPRESENTATION('',(#10493),#10496);
#10493 = B_SPLINE_CURVE_WITH_KNOTS('',1,(#10494,#10495),.UNSPECIFIED.,
  .F.,.F.,(2,2),(-2.754808498329,1.525942911682),
  .PIECEWISE_BEZIER_KNOTS.);
#10494 = CARTESIAN_POINT('',(0.887187078898,8.));
#10495 = CARTESIAN_POINT('',(5.,9.187266823562));
#10496 = ( GEOMETRIC_REPRESENTATION_CONTEXT(2) 
PARAMETRIC_REPRESENTATION_CONTEXT() REPRESENTATION_CONTEXT('2D SPACE',''
  ) );
#10497 = ORIENTED_EDGE('',*,*,#10498,.F.);
#10498 = EDGE_CURVE('',#10499,#10478,#10501,.T.);
#10499 = VERTEX_POINT('',#10500);
#10500 = CARTESIAN_POINT('',(9.555890982937,-8.,-13.85640646055));
#10501 = SURFACE_CURVE('',#10502,(#10506,#10513),.PCURVE_S1.);
#10502 = LINE('',#10503,#10504);
#10503 = CARTESIAN_POINT('',(60.,-8.,-13.85640646055));
#10504 = VECTOR('',#10505,1.);
#10505 = DIRECTION('',(-1.,0.,0.));
#10506 = PCURVE('',#2610,#10507);
#10507 = DEFINITIONAL_REPRESENTATION('',(#10508),#10512);
#10508 = LINE('',#10509,#10510);
#10509 = CARTESIAN_POINT('',(16.,60.));
#10510 = VECTOR('',#10511,1.);
#10511 = DIRECTION('',(0.,-1.));
#10512 = ( GEOMETRIC_REPRESENTATION_CONTEXT(2) 
PARAMETRIC_REPRESENTATION_CONTEXT() REPRESENTATION_CONTEXT('2D SPACE',''
  ) );
#10513 = PCURVE('',#4276,#10514);
#10514 = DEFINITIONAL_REPRESENTATION('',(#10515),#10519);
#10515 = LINE('',#10516,#10517);
#10516 = CARTESIAN_POINT('',(0.,60.));
#10517 = VECTOR('',#10518,1.);
#10518 = DIRECTION('',(0.,-1.));
#10519 = ( GEOMETRIC_REPRESENTATION_CONTEXT(2) 
PARAMETRIC_REPRESENTATION_CONTEXT() REPRESENTATION_CONTEXT('2D SPACE',''
  ) );
#10520 = ORIENTED_EDGE('',*,*,#10521,.F.);
#10521 = EDGE_CURVE('',#10522,#10499,#10524,.T.);
#10522 = VERTEX_POINT('',#10523);
#10523 = CARTESIAN_POINT('',(5.994090512249,-9.187266823562,-11.8));
#10524 = SURFACE_CURVE('',#10525,(#10529,#10535),.PCURVE_S1.);
#10525 = LINE('',#10526,#10527);
#10526 = CARTESIAN_POINT('',(1.834943886988,-10.57364903198,
    -9.398715576306));
#10527 = VECTOR('',#10528,1.);
#10528 = DIRECTION('',(0.832050294338,0.277350098113,-0.480384461415));
#10529 = PCURVE('',#2610,#10530);
#10530 = DEFINITIONAL_REPRESENTATION('',(#10531),#10534);
#10531 = B_SPLINE_CURVE_WITH_KNOTS('',1,(#10532,#10533),.UNSPECIFIED.,
  .F.,.F.,(2,2),(4.998672139852,9.279423549863),
  .PIECEWISE_BEZIER_KNOTS.);
#10532 = CARTESIAN_POINT('',(13.625466352875,5.994090512249));
#10533 = CARTESIAN_POINT('',(16.,9.555890982937));
#10534 = ( GEOMETRIC_REPRESENTATION_CONTEXT(2) 
PARAMETRIC_REPRESENTATION_CONTEXT() REPRESENTATION_CONTEXT('2D SPACE',''
  ) );
#10535 = PCURVE('',#4249,#10536);
#10536 = DEFINITIONAL_REPRESENTATION('',(#10537),#10540);
#10537 = B_SPLINE_CURVE_WITH_KNOTS('',1,(#10538,#10539),.UNSPECIFIED.,
  .F.,.F.,(2,2),(4.998672139852,9.279423549863),
  .PIECEWISE_BEZIER_KNOTS.);
#10538 = CARTESIAN_POINT('',(-1.478021233807E-17,9.187266823562));
#10539 = CARTESIAN_POINT('',(4.112812921102,8.));
#10540 = ( GEOMETRIC_REPRESENTATION_CONTEXT(2) 
PARAMETRIC_REPRESENTATION_CONTEXT() REPRESENTATION_CONTEXT('2D SPACE',''
  ) );
#10541 = ORIENTED_EDGE('',*,*,#10542,.F.);
#10542 = EDGE_CURVE('',#10543,#10522,#10545,.T.);
#10543 = VERTEX_POINT('',#10544);
#10544 = CARTESIAN_POINT('',(5.994090512249,-12.07401816951,-6.8));
#10545 = SURFACE_CURVE('',#10546,(#10550,#10556),.PCURVE_S1.);
#10546 = LINE('',#10547,#10548);
#10547 = CARTESIAN_POINT('',(5.994090512249,-12.52775681356,
    -6.014101615138));
#10548 = VECTOR('',#10549,1.);
#10549 = DIRECTION('',(-3.076740298214E-16,0.5,-0.866025403784));
#10550 = PCURVE('',#2610,#10551);
#10551 = DEFINITIONAL_REPRESENTATION('',(#10552),#10555);
#10552 = B_SPLINE_CURVE_WITH_KNOTS('',1,(#10553,#10554),.UNSPECIFIED.,
  .F.,.F.,(2,2),(0.907477288112,6.680979980008),
  .PIECEWISE_BEZIER_KNOTS.);
#10553 = CARTESIAN_POINT('',(7.851963660979,5.994090512249));
#10554 = CARTESIAN_POINT('',(13.625466352875,5.994090512249));
#10555 = ( GEOMETRIC_REPRESENTATION_CONTEXT(2) 
PARAMETRIC_REPRESENTATION_CONTEXT() REPRESENTATION_CONTEXT('2D SPACE',''
  ) );
#10556 = PCURVE('',#4223,#10557);
#10557 = DEFINITIONAL_REPRESENTATION('',(#10558),#10561);
#10558 = B_SPLINE_CURVE_WITH_KNOTS('',1,(#10559,#10560),.UNSPECIFIED.,
  .F.,.F.,(2,2),(0.907477288112,6.680979980008),
  .PIECEWISE_BEZIER_KNOTS.);
#10559 = CARTESIAN_POINT('',(4.782160314426E-16,12.074018169511));
#10560 = CARTESIAN_POINT('',(5.,9.187266823562));
#10561 = ( GEOMETRIC_REPRESENTATION_CONTEXT(2) 
PARAMETRIC_REPRESENTATION_CONTEXT() REPRESENTATION_CONTEXT('2D SPACE',''
  ) );
#10562 = ORIENTED_EDGE('',*,*,#10563,.F.);
#10563 = EDGE_CURVE('',#10564,#10543,#10566,.T.);
#10564 = VERTEX_POINT('',#10565);
#10565 = CARTESIAN_POINT('',(10.324217531172,-13.51739384248,-4.3));
#10566 = SURFACE_CURVE('',#10567,(#10571,#10577),.PCURVE_S1.);
#10567 = LINE('',#10568,#10569);
#10568 = CARTESIAN_POINT('',(6.336568861256,-12.18817761917,
    -6.60227003301));
#10569 = VECTOR('',#10570,1.);
#10570 = DIRECTION('',(-0.832050294338,0.277350098113,-0.480384461415));
#10571 = PCURVE('',#2610,#10572);
#10572 = DEFINITIONAL_REPRESENTATION('',(#10573),#10576);
#10573 = B_SPLINE_CURVE_WITH_KNOTS('',1,(#10574,#10575),.UNSPECIFIED.,
  .F.,.F.,(2,2),(-4.792557249306,0.411607749359),
  .PIECEWISE_BEZIER_KNOTS.);
#10574 = CARTESIAN_POINT('',(4.965212315031,10.324217531172));
#10575 = CARTESIAN_POINT('',(7.851963660979,5.994090512249));
#10576 = ( GEOMETRIC_REPRESENTATION_CONTEXT(2) 
PARAMETRIC_REPRESENTATION_CONTEXT() REPRESENTATION_CONTEXT('2D SPACE',''
  ) );
#10577 = PCURVE('',#4197,#10578);
#10578 = DEFINITIONAL_REPRESENTATION('',(#10579),#10582);
#10579 = B_SPLINE_CURVE_WITH_KNOTS('',1,(#10580,#10581),.UNSPECIFIED.,
  .F.,.F.,(2,2),(-4.792557249306,0.411607749359),
  .PIECEWISE_BEZIER_KNOTS.);
#10580 = CARTESIAN_POINT('',(-4.474237106476E-16,13.517393842485));
#10581 = CARTESIAN_POINT('',(5.,12.074018169511));
#10582 = ( GEOMETRIC_REPRESENTATION_CONTEXT(2) 
PARAMETRIC_REPRESENTATION_CONTEXT() REPRESENTATION_CONTEXT('2D SPACE',''
  ) );
#10583 = ORIENTED_EDGE('',*,*,#10584,.F.);
#10584 = EDGE_CURVE('',#10585,#10564,#10587,.T.);
#10585 = VERTEX_POINT('',#10586);
#10586 = CARTESIAN_POINT('',(14.654344550094,-12.07401816951,-6.8));
#10587 = SURFACE_CURVE('',#10588,(#10592,#10598),.PCURVE_S1.);
#10588 = LINE('',#10589,#10590);
#10589 = CARTESIAN_POINT('',(9.162851149779,-13.90451596961,
    -3.629484807075));
#10590 = VECTOR('',#10591,1.);
#10591 = DIRECTION('',(-0.832050294338,-0.277350098113,0.480384461415));
#10592 = PCURVE('',#2610,#10593);
#10593 = DEFINITIONAL_REPRESENTATION('',(#10594),#10597);
#10594 = B_SPLINE_CURVE_WITH_KNOTS('',1,(#10595,#10596),.UNSPECIFIED.,
  .F.,.F.,(2,2),(-6.599953677902,-1.395788679237),
  .PIECEWISE_BEZIER_KNOTS.);
#10595 = CARTESIAN_POINT('',(7.851963660979,14.654344550094));
#10596 = CARTESIAN_POINT('',(4.965212315031,10.324217531172));
#10597 = ( GEOMETRIC_REPRESENTATION_CONTEXT(2) 
PARAMETRIC_REPRESENTATION_CONTEXT() REPRESENTATION_CONTEXT('2D SPACE',''
  ) );
#10598 = PCURVE('',#4171,#10599);
#10599 = DEFINITIONAL_REPRESENTATION('',(#10600),#10603);
#10600 = B_SPLINE_CURVE_WITH_KNOTS('',1,(#10601,#10602),.UNSPECIFIED.,
  .F.,.F.,(2,2),(-6.599953677902,-1.395788679237),
  .PIECEWISE_BEZIER_KNOTS.);
#10601 = CARTESIAN_POINT('',(4.208430824973E-16,12.074018169511));
#10602 = CARTESIAN_POINT('',(5.,13.517393842485));
#10603 = ( GEOMETRIC_REPRESENTATION_CONTEXT(2) 
PARAMETRIC_REPRESENTATION_CONTEXT() REPRESENTATION_CONTEXT('2D SPACE',''
  ) );
#10604 = ORIENTED_EDGE('',*,*,#10605,.F.);
#10605 = EDGE_CURVE('',#10606,#10585,#10608,.T.);
#10606 = VERTEX_POINT('',#10607);
#10607 = CARTESIAN_POINT('',(14.654344550094,-9.187266823562,-11.8));
#10608 = SURFACE_CURVE('',#10609,(#10613,#10619),.PCURVE_S1.);
#10609 = LINE('',#10610,#10611);
#10610 = CARTESIAN_POINT('',(14.654344550094,-11.44522505883,
    -7.889101615138));
#10611 = VECTOR('',#10612,1.);
#10612 = DIRECTION('',(1.538370149107E-16,-0.5,0.866025403784));
#10613 = PCURVE('',#2610,#10614);
#10614 = DEFINITIONAL_REPRESENTATION('',(#10615),#10618);
#10615 = B_SPLINE_CURVE_WITH_KNOTS('',1,(#10616,#10617),.UNSPECIFIED.,
  .F.,.F.,(2,2),(-4.515916470547,1.257586221349),
  .PIECEWISE_BEZIER_KNOTS.);
#10616 = CARTESIAN_POINT('',(13.625466352875,14.654344550094));
#10617 = CARTESIAN_POINT('',(7.851963660979,14.654344550094));
#10618 = ( GEOMETRIC_REPRESENTATION_CONTEXT(2) 
PARAMETRIC_REPRESENTATION_CONTEXT() REPRESENTATION_CONTEXT('2D SPACE',''
  ) );
#10619 = PCURVE('',#4145,#10620);
#10620 = DEFINITIONAL_REPRESENTATION('',(#10621),#10624);
#10621 = B_SPLINE_CURVE_WITH_KNOTS('',1,(#10622,#10623),.UNSPECIFIED.,
  .F.,.F.,(2,2),(-4.515916470547,1.257586221349),
  .PIECEWISE_BEZIER_KNOTS.);
#10622 = CARTESIAN_POINT('',(-3.176065563098E-16,9.187266823562));
#10623 = CARTESIAN_POINT('',(5.,12.074018169511));
#10624 = ( GEOMETRIC_REPRESENTATION_CONTEXT(2) 
PARAMETRIC_REPRESENTATION_CONTEXT() REPRESENTATION_CONTEXT('2D SPACE',''
  ) );
#10625 = ORIENTED_EDGE('',*,*,#10626,.F.);
#10626 = EDGE_CURVE('',#10627,#10606,#10629,.T.);
#10627 = VERTEX_POINT('',#10628);
#10628 = CARTESIAN_POINT('',(11.092544079407,-8.,-13.85640646055));
#10629 = SURFACE_CURVE('',#10630,(#10634,#10640),.PCURVE_S1.);
#10630 = LINE('',#10631,#10632);
#10631 = CARTESIAN_POINT('',(9.667435798888,-7.524963906494,
    -14.67919310993));
#10632 = VECTOR('',#10633,1.);
#10633 = DIRECTION('',(0.832050294338,-0.277350098113,0.480384461415));
#10634 = PCURVE('',#2610,#10635);
#10635 = DEFINITIONAL_REPRESENTATION('',(#10636),#10639);
#10636 = B_SPLINE_CURVE_WITH_KNOTS('',1,(#10637,#10638),.UNSPECIFIED.,
  .F.,.F.,(2,2),(1.712766992833,5.993518402844),
  .PIECEWISE_BEZIER_KNOTS.);
#10637 = CARTESIAN_POINT('',(16.,11.092544079407));
#10638 = CARTESIAN_POINT('',(13.625466352875,14.654344550094));
#10639 = ( GEOMETRIC_REPRESENTATION_CONTEXT(2) 
PARAMETRIC_REPRESENTATION_CONTEXT() REPRESENTATION_CONTEXT('2D SPACE',''
  ) );
#10640 = PCURVE('',#4119,#10641);
#10641 = DEFINITIONAL_REPRESENTATION('',(#10642),#10645);
#10642 = B_SPLINE_CURVE_WITH_KNOTS('',1,(#10643,#10644),.UNSPECIFIED.,
  .F.,.F.,(2,2),(1.712766992833,5.993518402844),
  .PIECEWISE_BEZIER_KNOTS.);
#10643 = CARTESIAN_POINT('',(0.887187078898,8.));
#10644 = CARTESIAN_POINT('',(5.,9.187266823562));
#10645 = ( GEOMETRIC_REPRESENTATION_CONTEXT(2) 
PARAMETRIC_REPRESENTATION_CONTEXT() REPRESENTATION_CONTEXT('2D SPACE',''
  ) );
#10646 = ORIENTED_EDGE('',*,*,#10647,.F.);
#10647 = EDGE_CURVE('',#10648,#10627,#10650,.T.);
#10648 = VERTEX_POINT('',#10649);
#10649 = CARTESIAN_POINT('',(20.294605989864,-8.,-13.85640646055));
#10650 = SURFACE_CURVE('',#10651,(#10655,#10662),.PCURVE_S1.);
#10651 = LINE('',#10652,#10653);
#10652 = CARTESIAN_POINT('',(60.,-8.,-13.85640646055));
#10653 = VECTOR('',#10654,1.);
#10654 = DIRECTION('',(-1.,0.,0.));
#10655 = PCURVE('',#2610,#10656);
#10656 = DEFINITIONAL_REPRESENTATION('',(#10657),#10661);
#10657 = LINE('',#10658,#10659);
#10658 = CARTESIAN_POINT('',(16.,60.));
#10659 = VECTOR('',#10660,1.);
#10660 = DIRECTION('',(0.,-1.));
#10661 = ( GEOMETRIC_REPRESENTATION_CONTEXT(2) 
PARAMETRIC_REPRESENTATION_CONTEXT() REPRESENTATION_CONTEXT('2D SPACE',''
  ) );
#10662 = PCURVE('',#4092,#10663);
#10663 = DEFINITIONAL_REPRESENTATION('',(#10664),#10668);
#10664 = LINE('',#10665,#10666);
#10665 = CARTESIAN_POINT('',(0.,60.));
#10666 = VECTOR('',#10667,1.);
#10667 = DIRECTION('',(0.,-1.));
#10668 = ( GEOMETRIC_REPRESENTATION_CONTEXT(2) 
PARAMETRIC_REPRESENTATION_CONTEXT() REPRESENTATION_CONTEXT('2D SPACE',''
  ) );
#10669 = ORIENTED_EDGE('',*,*,#10670,.F.);
#10670 = EDGE_CURVE('',#10671,#10648,#10673,.T.);
#10671 = VERTEX_POINT('',#10672);
#10672 = CARTESIAN_POINT('',(16.732805519177,-9.187266823562,-11.8));
#10673 = SURFACE_CURVE('',#10674,(#10678,#10684),.PCURVE_S1.);
#10674 = LINE('',#10675,#10676);
#10675 = CARTESIAN_POINT('',(8.856411391517,-11.81273153278,
    -7.252561730152));
#10676 = VECTOR('',#10677,1.);
#10677 = DIRECTION('',(0.832050294338,0.277350098113,-0.480384461415));
#10678 = PCURVE('',#2610,#10679);
#10679 = DEFINITIONAL_REPRESENTATION('',(#10680),#10683);
#10680 = B_SPLINE_CURVE_WITH_KNOTS('',1,(#10681,#10682),.UNSPECIFIED.,
  .F.,.F.,(2,2),(9.466247631014,13.746999041025),
  .PIECEWISE_BEZIER_KNOTS.);
#10681 = CARTESIAN_POINT('',(13.625466352875,16.732805519177));
#10682 = CARTESIAN_POINT('',(16.,20.294605989864));
#10683 = ( GEOMETRIC_REPRESENTATION_CONTEXT(2) 
PARAMETRIC_REPRESENTATION_CONTEXT() REPRESENTATION_CONTEXT('2D SPACE',''
  ) );
#10684 = PCURVE('',#4065,#10685);
#10685 = DEFINITIONAL_REPRESENTATION('',(#10686),#10689);
#10686 = B_SPLINE_CURVE_WITH_KNOTS('',1,(#10687,#10688),.UNSPECIFIED.,
  .F.,.F.,(2,2),(9.466247631014,13.746999041025),
  .PIECEWISE_BEZIER_KNOTS.);
#10687 = CARTESIAN_POINT('',(9.835702476375E-17,9.187266823562));
#10688 = CARTESIAN_POINT('',(4.112812921102,8.));
#10689 = ( GEOMETRIC_REPRESENTATION_CONTEXT(2) 
PARAMETRIC_REPRESENTATION_CONTEXT() REPRESENTATION_CONTEXT('2D SPACE',''
  ) );
#10690 = ORIENTED_EDGE('',*,*,#10691,.F.);
#10691 = EDGE_CURVE('',#10692,#10671,#10694,.T.);
#10692 = VERTEX_POINT('',#10693);
#10693 = CARTESIAN_POINT('',(16.732805519177,-12.07401816951,-6.8));
#10694 = SURFACE_CURVE('',#10695,(#10699,#10705),.PCURVE_S1.);
#10695 = LINE('',#10696,#10697);
#10696 = CARTESIAN_POINT('',(16.732805519177,-12.52775681356,
    -6.014101615138));
#10697 = VECTOR('',#10698,1.);
#10698 = DIRECTION('',(-3.076740298214E-16,0.5,-0.866025403784));
#10699 = PCURVE('',#2610,#10700);
#10700 = DEFINITIONAL_REPRESENTATION('',(#10701),#10704);
#10701 = B_SPLINE_CURVE_WITH_KNOTS('',1,(#10702,#10703),.UNSPECIFIED.,
  .F.,.F.,(2,2),(0.907477288112,6.680979980008),
  .PIECEWISE_BEZIER_KNOTS.);
#10702 = CARTESIAN_POINT('',(7.851963660979,16.732805519177));
#10703 = CARTESIAN_POINT('',(13.625466352875,16.732805519177));
#10704 = ( GEOMETRIC_REPRESENTATION_CONTEXT(2) 
PARAMETRIC_REPRESENTATION_CONTEXT() REPRESENTATION_CONTEXT('2D SPACE',''
  ) );
#10705 = PCURVE('',#4039,#10706);
#10706 = DEFINITIONAL_REPRESENTATION('',(#10707),#10710);
#10707 = B_SPLINE_CURVE_WITH_KNOTS('',1,(#10708,#10709),.UNSPECIFIED.,
  .F.,.F.,(2,2),(0.907477288112,6.680979980008),
  .PIECEWISE_BEZIER_KNOTS.);
#10708 = CARTESIAN_POINT('',(-7.582756364496E-17,12.074018169511));
#10709 = CARTESIAN_POINT('',(5.,9.187266823562));
#10710 = ( GEOMETRIC_REPRESENTATION_CONTEXT(2) 
PARAMETRIC_REPRESENTATION_CONTEXT() REPRESENTATION_CONTEXT('2D SPACE',''
  ) );
#10711 = ORIENTED_EDGE('',*,*,#10712,.F.);
#10712 = EDGE_CURVE('',#10713,#10692,#10715,.T.);
#10713 = VERTEX_POINT('',#10714);
#10714 = CARTESIAN_POINT('',(21.062932538099,-13.51739384248,-4.3));
#10715 = SURFACE_CURVE('',#10716,(#10720,#10726),.PCURVE_S1.);
#10716 = LINE('',#10717,#10718);
#10717 = CARTESIAN_POINT('',(13.358036365785,-10.94909511838,
    -8.748423879163));
#10718 = VECTOR('',#10719,1.);
#10719 = DIRECTION('',(-0.832050294338,0.277350098113,-0.480384461415));
#10720 = PCURVE('',#2610,#10721);
#10721 = DEFINITIONAL_REPRESENTATION('',(#10722),#10725);
#10722 = B_SPLINE_CURVE_WITH_KNOTS('',1,(#10723,#10724),.UNSPECIFIED.,
  .F.,.F.,(2,2),(-9.260132740468,-4.055967741802),
  .PIECEWISE_BEZIER_KNOTS.);
#10723 = CARTESIAN_POINT('',(4.965212315031,21.062932538099));
#10724 = CARTESIAN_POINT('',(7.851963660979,16.732805519177));
#10725 = ( GEOMETRIC_REPRESENTATION_CONTEXT(2) 
PARAMETRIC_REPRESENTATION_CONTEXT() REPRESENTATION_CONTEXT('2D SPACE',''
  ) );
#10726 = PCURVE('',#4013,#10727);
#10727 = DEFINITIONAL_REPRESENTATION('',(#10728),#10731);
#10728 = B_SPLINE_CURVE_WITH_KNOTS('',1,(#10729,#10730),.UNSPECIFIED.,
  .F.,.F.,(2,2),(-9.260132740468,-4.055967741802),
  .PIECEWISE_BEZIER_KNOTS.);
#10729 = CARTESIAN_POINT('',(-9.520288768327E-16,13.517393842485));
#10730 = CARTESIAN_POINT('',(5.,12.074018169511));
#10731 = ( GEOMETRIC_REPRESENTATION_CONTEXT(2) 
PARAMETRIC_REPRESENTATION_CONTEXT() REPRESENTATION_CONTEXT('2D SPACE',''
  ) );
#10732 = ORIENTED_EDGE('',*,*,#10733,.F.);
#10733 = EDGE_CURVE('',#10734,#10713,#10736,.T.);
#10734 = VERTEX_POINT('',#10735);
#10735 = CARTESIAN_POINT('',(25.393059557021,-12.07401816951,-6.8));
#10736 = SURFACE_CURVE('',#10737,(#10741,#10747),.PCURVE_S1.);
#10737 = LINE('',#10738,#10739);
#10738 = CARTESIAN_POINT('',(16.184318654308,-15.14359847041,
    -1.483330960921));
#10739 = VECTOR('',#10740,1.);
#10740 = DIRECTION('',(-0.832050294338,-0.277350098113,0.480384461415));
#10741 = PCURVE('',#2610,#10742);
#10742 = DEFINITIONAL_REPRESENTATION('',(#10743),#10746);
#10743 = B_SPLINE_CURVE_WITH_KNOTS('',1,(#10744,#10745),.UNSPECIFIED.,
  .F.,.F.,(2,2),(-11.06752916906,-5.863364170399),
  .PIECEWISE_BEZIER_KNOTS.);
#10744 = CARTESIAN_POINT('',(7.851963660979,25.393059557021));
#10745 = CARTESIAN_POINT('',(4.965212315031,21.062932538099));
#10746 = ( GEOMETRIC_REPRESENTATION_CONTEXT(2) 
PARAMETRIC_REPRESENTATION_CONTEXT() REPRESENTATION_CONTEXT('2D SPACE',''
  ) );
#10747 = PCURVE('',#3987,#10748);
#10748 = DEFINITIONAL_REPRESENTATION('',(#10749),#10752);
#10749 = B_SPLINE_CURVE_WITH_KNOTS('',1,(#10750,#10751),.UNSPECIFIED.,
  .F.,.F.,(2,2),(-11.06752916906,-5.863364170399),
  .PIECEWISE_BEZIER_KNOTS.);
#10750 = CARTESIAN_POINT('',(-4.759399859341E-16,12.074018169511));
#10751 = CARTESIAN_POINT('',(5.,13.517393842485));
#10752 = ( GEOMETRIC_REPRESENTATION_CONTEXT(2) 
PARAMETRIC_REPRESENTATION_CONTEXT() REPRESENTATION_CONTEXT('2D SPACE',''
  ) );
#10753 = ORIENTED_EDGE('',*,*,#10754,.F.);
#10754 = EDGE_CURVE('',#10755,#10734,#10757,.T.);
#10755 = VERTEX_POINT('',#10756);
#10756 = CARTESIAN_POINT('',(25.393059557021,-9.187266823562,-11.8));
#10757 = SURFACE_CURVE('',#10758,(#10762,#10768),.PCURVE_S1.);
#10758 = LINE('',#10759,#10760);
#10759 = CARTESIAN_POINT('',(25.393059557021,-11.44522505883,
    -7.889101615138));
#10760 = VECTOR('',#10761,1.);
#10761 = DIRECTION('',(1.538370149107E-16,-0.5,0.866025403784));
#10762 = PCURVE('',#2610,#10763);
#10763 = DEFINITIONAL_REPRESENTATION('',(#10764),#10767);
#10764 = B_SPLINE_CURVE_WITH_KNOTS('',1,(#10765,#10766),.UNSPECIFIED.,
  .F.,.F.,(2,2),(-4.515916470547,1.257586221349),
  .PIECEWISE_BEZIER_KNOTS.);
#10765 = CARTESIAN_POINT('',(13.625466352875,25.393059557021));
#10766 = CARTESIAN_POINT('',(7.851963660979,25.393059557021));
#10767 = ( GEOMETRIC_REPRESENTATION_CONTEXT(2) 
PARAMETRIC_REPRESENTATION_CONTEXT() REPRESENTATION_CONTEXT('2D SPACE',''
  ) );
#10768 = PCURVE('',#3961,#10769);
#10769 = DEFINITIONAL_REPRESENTATION('',(#10770),#10773);
#10770 = B_SPLINE_CURVE_WITH_KNOTS('',1,(#10771,#10772),.UNSPECIFIED.,
  .F.,.F.,(2,2),(-4.515916470547,1.257586221349),
  .PIECEWISE_BEZIER_KNOTS.);
#10771 = CARTESIAN_POINT('',(-1.20578497601E-15,9.187266823562));
#10772 = CARTESIAN_POINT('',(5.,12.074018169511));
#10773 = ( GEOMETRIC_REPRESENTATION_CONTEXT(2) 
PARAMETRIC_REPRESENTATION_CONTEXT() REPRESENTATION_CONTEXT('2D SPACE',''
  ) );
#10774 = ORIENTED_EDGE('',*,*,#10775,.F.);
#10775 = EDGE_CURVE('',#10776,#10755,#10778,.T.);
#10776 = VERTEX_POINT('',#10777);
#10777 = CARTESIAN_POINT('',(21.831259086334,-8.,-13.85640646055));
#10778 = SURFACE_CURVE('',#10779,(#10783,#10789),.PCURVE_S1.);
#10779 = LINE('',#10780,#10781);
#10780 = CARTESIAN_POINT('',(16.688903303417,-6.285881405695,
    -16.82534695608));
#10781 = VECTOR('',#10782,1.);
#10782 = DIRECTION('',(0.832050294338,-0.277350098113,0.480384461415));
#10783 = PCURVE('',#2610,#10784);
#10784 = DEFINITIONAL_REPRESENTATION('',(#10785),#10788);
#10785 = B_SPLINE_CURVE_WITH_KNOTS('',1,(#10786,#10787),.UNSPECIFIED.,
  .F.,.F.,(2,2),(6.180342483994,10.461093894006),
  .PIECEWISE_BEZIER_KNOTS.);
#10786 = CARTESIAN_POINT('',(16.,21.831259086334));
#10787 = CARTESIAN_POINT('',(13.625466352875,25.393059557021));
#10788 = ( GEOMETRIC_REPRESENTATION_CONTEXT(2) 
PARAMETRIC_REPRESENTATION_CONTEXT() REPRESENTATION_CONTEXT('2D SPACE',''
  ) );
#10789 = PCURVE('',#3935,#10790);
#10790 = DEFINITIONAL_REPRESENTATION('',(#10791),#10794);
#10791 = B_SPLINE_CURVE_WITH_KNOTS('',1,(#10792,#10793),.UNSPECIFIED.,
  .F.,.F.,(2,2),(6.180342483994,10.461093894006),
  .PIECEWISE_BEZIER_KNOTS.);
#10792 = CARTESIAN_POINT('',(0.887187078898,8.));
#10793 = CARTESIAN_POINT('',(5.,9.187266823562));
#10794 = ( GEOMETRIC_REPRESENTATION_CONTEXT(2) 
PARAMETRIC_REPRESENTATION_CONTEXT() REPRESENTATION_CONTEXT('2D SPACE',''
  ) );
#10795 = ORIENTED_EDGE('',*,*,#10796,.F.);
#10796 = EDGE_CURVE('',#10797,#10776,#10799,.T.);
#10797 = VERTEX_POINT('',#10798);
#10798 = CARTESIAN_POINT('',(31.033320996791,-8.,-13.85640646055));
#10799 = SURFACE_CURVE('',#10800,(#10804,#10811),.PCURVE_S1.);
#10800 = LINE('',#10801,#10802);
#10801 = CARTESIAN_POINT('',(60.,-8.,-13.85640646055));
#10802 = VECTOR('',#10803,1.);
#10803 = DIRECTION('',(-1.,0.,0.));
#10804 = PCURVE('',#2610,#10805);
#10805 = DEFINITIONAL_REPRESENTATION('',(#10806),#10810);
#10806 = LINE('',#10807,#10808);
#10807 = CARTESIAN_POINT('',(16.,60.));
#10808 = VECTOR('',#10809,1.);
#10809 = DIRECTION('',(0.,-1.));
#10810 = ( GEOMETRIC_REPRESENTATION_CONTEXT(2) 
PARAMETRIC_REPRESENTATION_CONTEXT() REPRESENTATION_CONTEXT('2D SPACE',''
  ) );
#10811 = PCURVE('',#3908,#10812);
#10812 = DEFINITIONAL_REPRESENTATION('',(#10813),#10817);
#10813 = LINE('',#10814,#10815);
#10814 = CARTESIAN_POINT('',(0.,60.));
#10815 = VECTOR('',#10816,1.);
#10816 = DIRECTION('',(0.,-1.));
#10817 = ( GEOMETRIC_REPRESENTATION_CONTEXT(2) 
PARAMETRIC_REPRESENTATION_CONTEXT() REPRESENTATION_CONTEXT('2D SPACE',''
  ) );
#10818 = ORIENTED_EDGE('',*,*,#10819,.F.);
#10819 = EDGE_CURVE('',#10820,#10797,#10822,.T.);
#10820 = VERTEX_POINT('',#10821);
#10821 = CARTESIAN_POINT('',(27.471520526104,-9.187266823562,-11.8));
#10822 = SURFACE_CURVE('',#10823,(#10827,#10833),.PCURVE_S1.);
#10823 = LINE('',#10824,#10825);
#10824 = CARTESIAN_POINT('',(15.877878896046,-13.05181403358,
    -5.106407883998));
#10825 = VECTOR('',#10826,1.);
#10826 = DIRECTION('',(0.832050294338,0.277350098113,-0.480384461415));
#10827 = PCURVE('',#2610,#10828);
#10828 = DEFINITIONAL_REPRESENTATION('',(#10829),#10832);
#10829 = B_SPLINE_CURVE_WITH_KNOTS('',1,(#10830,#10831),.UNSPECIFIED.,
  .F.,.F.,(2,2),(13.933823122175,18.214574532187),
  .PIECEWISE_BEZIER_KNOTS.);
#10830 = CARTESIAN_POINT('',(13.625466352875,27.471520526104));
#10831 = CARTESIAN_POINT('',(16.,31.033320996791));
#10832 = ( GEOMETRIC_REPRESENTATION_CONTEXT(2) 
PARAMETRIC_REPRESENTATION_CONTEXT() REPRESENTATION_CONTEXT('2D SPACE',''
  ) );
#10833 = PCURVE('',#3881,#10834);
#10834 = DEFINITIONAL_REPRESENTATION('',(#10835),#10838);
#10835 = B_SPLINE_CURVE_WITH_KNOTS('',1,(#10836,#10837),.UNSPECIFIED.,
  .F.,.F.,(2,2),(13.933823122175,18.214574532187),
  .PIECEWISE_BEZIER_KNOTS.);
#10836 = CARTESIAN_POINT('',(-7.115283539581E-16,9.187266823562));
#10837 = CARTESIAN_POINT('',(4.112812921102,8.));
#10838 = ( GEOMETRIC_REPRESENTATION_CONTEXT(2) 
PARAMETRIC_REPRESENTATION_CONTEXT() REPRESENTATION_CONTEXT('2D SPACE',''
  ) );
#10839 = ORIENTED_EDGE('',*,*,#10840,.F.);
#10840 = EDGE_CURVE('',#10841,#10820,#10843,.T.);
#10841 = VERTEX_POINT('',#10842);
#10842 = CARTESIAN_POINT('',(27.471520526104,-12.07401816951,-6.8));
#10843 = SURFACE_CURVE('',#10844,(#10848,#10854),.PCURVE_S1.);
#10844 = LINE('',#10845,#10846);
#10845 = CARTESIAN_POINT('',(27.471520526104,-12.52775681356,
    -6.014101615138));
#10846 = VECTOR('',#10847,1.);
#10847 = DIRECTION('',(-3.076740298214E-16,0.5,-0.866025403784));
#10848 = PCURVE('',#2610,#10849);
#10849 = DEFINITIONAL_REPRESENTATION('',(#10850),#10853);
#10850 = B_SPLINE_CURVE_WITH_KNOTS('',1,(#10851,#10852),.UNSPECIFIED.,
  .F.,.F.,(2,2),(0.907477288112,6.680979980008),
  .PIECEWISE_BEZIER_KNOTS.);
#10851 = CARTESIAN_POINT('',(7.851963660979,27.471520526104));
#10852 = CARTESIAN_POINT('',(13.625466352875,27.471520526104));
#10853 = ( GEOMETRIC_REPRESENTATION_CONTEXT(2) 
PARAMETRIC_REPRESENTATION_CONTEXT() REPRESENTATION_CONTEXT('2D SPACE',''
  ) );
#10854 = PCURVE('',#3855,#10855);
#10855 = DEFINITIONAL_REPRESENTATION('',(#10856),#10859);
#10856 = B_SPLINE_CURVE_WITH_KNOTS('',1,(#10857,#10858),.UNSPECIFIED.,
  .F.,.F.,(2,2),(0.907477288112,6.680979980008),
  .PIECEWISE_BEZIER_KNOTS.);
#10857 = CARTESIAN_POINT('',(3.544553952868E-16,12.074018169511));
#10858 = CARTESIAN_POINT('',(5.,9.187266823562));
#10859 = ( GEOMETRIC_REPRESENTATION_CONTEXT(2) 
PARAMETRIC_REPRESENTATION_CONTEXT() REPRESENTATION_CONTEXT('2D SPACE',''
  ) );
#10860 = ORIENTED_EDGE('',*,*,#10861,.F.);
#10861 = EDGE_CURVE('',#10862,#10841,#10864,.T.);
#10862 = VERTEX_POINT('',#10863);
#10863 = CARTESIAN_POINT('',(31.801647545026,-13.51739384248,-4.3));
#10864 = SURFACE_CURVE('',#10865,(#10869,#10875),.PCURVE_S1.);
#10865 = LINE('',#10866,#10867);
#10866 = CARTESIAN_POINT('',(20.379503870314,-9.710012617581,
    -10.89457772531));
#10867 = VECTOR('',#10868,1.);
#10868 = DIRECTION('',(-0.832050294338,0.277350098113,-0.480384461415));
#10869 = PCURVE('',#2610,#10870);
#10870 = DEFINITIONAL_REPRESENTATION('',(#10871),#10874);
#10871 = B_SPLINE_CURVE_WITH_KNOTS('',1,(#10872,#10873),.UNSPECIFIED.,
  .F.,.F.,(2,2),(-13.72770823163,-8.523543232964),
  .PIECEWISE_BEZIER_KNOTS.);
#10872 = CARTESIAN_POINT('',(4.965212315031,31.801647545026));
#10873 = CARTESIAN_POINT('',(7.851963660979,27.471520526104));
#10874 = ( GEOMETRIC_REPRESENTATION_CONTEXT(2) 
PARAMETRIC_REPRESENTATION_CONTEXT() REPRESENTATION_CONTEXT('2D SPACE',''
  ) );
#10875 = PCURVE('',#3829,#10876);
#10876 = DEFINITIONAL_REPRESENTATION('',(#10877),#10880);
#10877 = B_SPLINE_CURVE_WITH_KNOTS('',1,(#10878,#10879),.UNSPECIFIED.,
  .F.,.F.,(2,2),(-13.72770823163,-8.523543232964),
  .PIECEWISE_BEZIER_KNOTS.);
#10878 = CARTESIAN_POINT('',(-2.344812462718E-15,13.517393842485));
#10879 = CARTESIAN_POINT('',(5.,12.074018169511));
#10880 = ( GEOMETRIC_REPRESENTATION_CONTEXT(2) 
PARAMETRIC_REPRESENTATION_CONTEXT() REPRESENTATION_CONTEXT('2D SPACE',''
  ) );
#10881 = ORIENTED_EDGE('',*,*,#10882,.F.);
#10882 = EDGE_CURVE('',#10883,#10862,#10885,.T.);
#10883 = VERTEX_POINT('',#10884);
#10884 = CARTESIAN_POINT('',(36.131774563948,-12.07401816951,-6.8));
#10885 = SURFACE_CURVE('',#10886,(#10890,#10896),.PCURVE_S1.);
#10886 = LINE('',#10887,#10888);
#10887 = CARTESIAN_POINT('',(23.205786158837,-16.38268097121,
    0.662822885233));
#10888 = VECTOR('',#10889,1.);
#10889 = DIRECTION('',(-0.832050294338,-0.277350098113,0.480384461415));
#10890 = PCURVE('',#2610,#10891);
#10891 = DEFINITIONAL_REPRESENTATION('',(#10892),#10895);
#10892 = B_SPLINE_CURVE_WITH_KNOTS('',1,(#10893,#10894),.UNSPECIFIED.,
  .F.,.F.,(2,2),(-15.53510466022,-10.33093966156),
  .PIECEWISE_BEZIER_KNOTS.);
#10893 = CARTESIAN_POINT('',(7.851963660979,36.131774563948));
#10894 = CARTESIAN_POINT('',(4.965212315031,31.801647545026));
#10895 = ( GEOMETRIC_REPRESENTATION_CONTEXT(2) 
PARAMETRIC_REPRESENTATION_CONTEXT() REPRESENTATION_CONTEXT('2D SPACE',''
  ) );
#10896 = PCURVE('',#3803,#10897);
#10897 = DEFINITIONAL_REPRESENTATION('',(#10898),#10901);
#10898 = B_SPLINE_CURVE_WITH_KNOTS('',1,(#10899,#10900),.UNSPECIFIED.,
  .F.,.F.,(2,2),(-15.53510466022,-10.33093966156),
  .PIECEWISE_BEZIER_KNOTS.);
#10899 = CARTESIAN_POINT('',(3.339453927877E-16,12.074018169511));
#10900 = CARTESIAN_POINT('',(5.,13.517393842485));
#10901 = ( GEOMETRIC_REPRESENTATION_CONTEXT(2) 
PARAMETRIC_REPRESENTATION_CONTEXT() REPRESENTATION_CONTEXT('2D SPACE',''
  ) );
#10902 = ORIENTED_EDGE('',*,*,#10903,.F.);
#10903 = EDGE_CURVE('',#10904,#10883,#10906,.T.);
#10904 = VERTEX_POINT('',#10905);
#10905 = CARTESIAN_POINT('',(36.131774563948,-9.187266823562,-11.8));
#10906 = SURFACE_CURVE('',#10907,(#10911,#10917),.PCURVE_S1.);
#10907 = LINE('',#10908,#10909);
#10908 = CARTESIAN_POINT('',(36.131774563948,-11.44522505883,
    -7.889101615138));
#10909 = VECTOR('',#10910,1.);
#10910 = DIRECTION('',(1.538370149107E-16,-0.5,0.866025403784));
#10911 = PCURVE('',#2610,#10912);
#10912 = DEFINITIONAL_REPRESENTATION('',(#10913),#10916);
#10913 = B_SPLINE_CURVE_WITH_KNOTS('',1,(#10914,#10915),.UNSPECIFIED.,
  .F.,.F.,(2,2),(-4.515916470547,1.257586221349),
  .PIECEWISE_BEZIER_KNOTS.);
#10914 = CARTESIAN_POINT('',(13.625466352875,36.131774563948));
#10915 = CARTESIAN_POINT('',(7.851963660979,36.131774563948));
#10916 = ( GEOMETRIC_REPRESENTATION_CONTEXT(2) 
PARAMETRIC_REPRESENTATION_CONTEXT() REPRESENTATION_CONTEXT('2D SPACE',''
  ) );
#10917 = PCURVE('',#3777,#10918);
#10918 = DEFINITIONAL_REPRESENTATION('',(#10919),#10922);
#10919 = B_SPLINE_CURVE_WITH_KNOTS('',1,(#10920,#10921),.UNSPECIFIED.,
  .F.,.F.,(2,2),(-4.515916470547,1.257586221349),
  .PIECEWISE_BEZIER_KNOTS.);
#10920 = CARTESIAN_POINT('',(-5.555932466032E-16,9.187266823562));
#10921 = CARTESIAN_POINT('',(5.,12.074018169511));
#10922 = ( GEOMETRIC_REPRESENTATION_CONTEXT(2) 
PARAMETRIC_REPRESENTATION_CONTEXT() REPRESENTATION_CONTEXT('2D SPACE',''
  ) );
#10923 = ORIENTED_EDGE('',*,*,#10924,.F.);
#10924 = EDGE_CURVE('',#10925,#10904,#10927,.T.);
#10925 = VERTEX_POINT('',#10926);
#10926 = CARTESIAN_POINT('',(32.569974093261,-8.,-13.85640646055));
#10927 = SURFACE_CURVE('',#10928,(#10932,#10938),.PCURVE_S1.);
#10928 = LINE('',#10929,#10930);
#10929 = CARTESIAN_POINT('',(23.710370807947,-5.046798904895,
    -18.97150080224));
#10930 = VECTOR('',#10931,1.);
#10931 = DIRECTION('',(0.832050294338,-0.277350098113,0.480384461415));
#10932 = PCURVE('',#2610,#10933);
#10933 = DEFINITIONAL_REPRESENTATION('',(#10934),#10937);
#10934 = B_SPLINE_CURVE_WITH_KNOTS('',1,(#10935,#10936),.UNSPECIFIED.,
  .F.,.F.,(2,2),(10.647917975156,14.928669385168),
  .PIECEWISE_BEZIER_KNOTS.);
#10935 = CARTESIAN_POINT('',(16.,32.569974093261));
#10936 = CARTESIAN_POINT('',(13.625466352875,36.131774563948));
#10937 = ( GEOMETRIC_REPRESENTATION_CONTEXT(2) 
PARAMETRIC_REPRESENTATION_CONTEXT() REPRESENTATION_CONTEXT('2D SPACE',''
  ) );
#10938 = PCURVE('',#3751,#10939);
#10939 = DEFINITIONAL_REPRESENTATION('',(#10940),#10943);
#10940 = B_SPLINE_CURVE_WITH_KNOTS('',1,(#10941,#10942),.UNSPECIFIED.,
  .F.,.F.,(2,2),(10.647917975156,14.928669385168),
  .PIECEWISE_BEZIER_KNOTS.);
#10941 = CARTESIAN_POINT('',(0.887187078898,8.));
#10942 = CARTESIAN_POINT('',(5.,9.187266823562));
#10943 = ( GEOMETRIC_REPRESENTATION_CONTEXT(2) 
PARAMETRIC_REPRESENTATION_CONTEXT() REPRESENTATION_CONTEXT('2D SPACE',''
  ) );
#10944 = ORIENTED_EDGE('',*,*,#10945,.F.);
#10945 = EDGE_CURVE('',#10946,#10925,#10948,.T.);
#10946 = VERTEX_POINT('',#10947);
#10947 = CARTESIAN_POINT('',(60.,-8.,-13.85640646055));
#10948 = SURFACE_CURVE('',#10949,(#10953,#10960),.PCURVE_S1.);
#10949 = LINE('',#10950,#10951);
#10950 = CARTESIAN_POINT('',(60.,-8.,-13.85640646055));
#10951 = VECTOR('',#10952,1.);
#10952 = DIRECTION('',(-1.,0.,0.));
#10953 = PCURVE('',#2610,#10954);
#10954 = DEFINITIONAL_REPRESENTATION('',(#10955),#10959);
#10955 = LINE('',#10956,#10957);
#10956 = CARTESIAN_POINT('',(16.,60.));
#10957 = VECTOR('',#10958,1.);
#10958 = DIRECTION('',(0.,-1.));
#10959 = ( GEOMETRIC_REPRESENTATION_CONTEXT(2) 
PARAMETRIC_REPRESENTATION_CONTEXT() REPRESENTATION_CONTEXT('2D SPACE',''
  ) );
#10960 = PCURVE('',#3724,#10961);
#10961 = DEFINITIONAL_REPRESENTATION('',(#10962),#10966);
#10962 = LINE('',#10963,#10964);
#10963 = CARTESIAN_POINT('',(0.,60.));
#10964 = VECTOR('',#10965,1.);
#10965 = DIRECTION('',(0.,-1.));
#10966 = ( GEOMETRIC_REPRESENTATION_CONTEXT(2) 
PARAMETRIC_REPRESENTATION_CONTEXT() REPRESENTATION_CONTEXT('2D SPACE',''
  ) );
#10967 = ORIENTED_EDGE('',*,*,#10968,.F.);
#10968 = EDGE_CURVE('',#6752,#10946,#10969,.T.);
#10969 = SURFACE_CURVE('',#10970,(#10974,#10981),.PCURVE_S1.);
#10970 = LINE('',#10971,#10972);
#10971 = CARTESIAN_POINT('',(60.,-16.,1.959434878636E-15));
#10972 = VECTOR('',#10973,1.);
#10973 = DIRECTION('',(0.,0.5,-0.866025403784));
#10974 = PCURVE('',#2610,#10975);
#10975 = DEFINITIONAL_REPRESENTATION('',(#10976),#10980);
#10976 = LINE('',#10977,#10978);
#10977 = CARTESIAN_POINT('',(0.,60.));
#10978 = VECTOR('',#10979,1.);
#10979 = DIRECTION('',(1.,0.));
#10980 = ( GEOMETRIC_REPRESENTATION_CONTEXT(2) 
PARAMETRIC_REPRESENTATION_CONTEXT() REPRESENTATION_CONTEXT('2D SPACE',''
  ) );
#10981 = PCURVE('',#3696,#10982);
#10982 = DEFINITIONAL_REPRESENTATION('',(#10983),#10987);
#10983 = LINE('',#10984,#10985);
#10984 = CARTESIAN_POINT('',(-16.,1.051424234745E-15));
#10985 = VECTOR('',#10986,1.);
#10986 = DIRECTION('',(0.5,-0.866025403784));
#10987 = ( GEOMETRIC_REPRESENTATION_CONTEXT(2) 
PARAMETRIC_REPRESENTATION_CONTEXT() REPRESENTATION_CONTEXT('2D SPACE',''
  ) );
#10988 = ORIENTED_EDGE('',*,*,#6772,.F.);
#10989 = ORIENTED_EDGE('',*,*,#9802,.F.);
#10990 = ORIENTED_EDGE('',*,*,#6727,.F.);
#10991 = ORIENTED_EDGE('',*,*,#10992,.F.);
#10992 = EDGE_CURVE('',#10993,#6681,#10995,.T.);
#10993 = VERTEX_POINT('',#10994);
#10994 = CARTESIAN_POINT('',(37.171005048489,-13.11324865405,-5.));
#10995 = SURFACE_CURVE('',#10996,(#11000,#11006),.PCURVE_S1.);
#10996 = LINE('',#10997,#10998);
#10997 = CARTESIAN_POINT('',(24.123398308213,-8.764046407293,
    -12.53303926377));
#10998 = VECTOR('',#10999,1.);
#10999 = DIRECTION('',(0.832050294338,-0.277350098113,0.480384461415));
#11000 = PCURVE('',#2610,#11001);
#11001 = DEFINITIONAL_REPRESENTATION('',(#11002),#11005);
#11002 = B_SPLINE_CURVE_WITH_KNOTS('',1,(#11003,#11004),.UNSPECIFIED.,
  .F.,.F.,(2,2),(15.681271708052,20.885436706717),
  .PIECEWISE_BEZIER_KNOTS.);
#11003 = CARTESIAN_POINT('',(5.773502691896,37.171005048489));
#11004 = CARTESIAN_POINT('',(2.886751345948,41.501132067411));
#11005 = ( GEOMETRIC_REPRESENTATION_CONTEXT(2) 
PARAMETRIC_REPRESENTATION_CONTEXT() REPRESENTATION_CONTEXT('2D SPACE',''
  ) );
#11006 = PCURVE('',#3612,#11007);
#11007 = DEFINITIONAL_REPRESENTATION('',(#11008),#11011);
#11008 = B_SPLINE_CURVE_WITH_KNOTS('',1,(#11009,#11010),.UNSPECIFIED.,
  .F.,.F.,(2,2),(15.681271708052,20.885436706717),
  .PIECEWISE_BEZIER_KNOTS.);
#11009 = CARTESIAN_POINT('',(8.280329167182E-16,13.113248654052));
#11010 = CARTESIAN_POINT('',(5.,14.556624327026));
#11011 = ( GEOMETRIC_REPRESENTATION_CONTEXT(2) 
PARAMETRIC_REPRESENTATION_CONTEXT() REPRESENTATION_CONTEXT('2D SPACE',''
  ) );
#11012 = ORIENTED_EDGE('',*,*,#11013,.F.);
#11013 = EDGE_CURVE('',#6521,#10993,#11014,.T.);
#11014 = SURFACE_CURVE('',#11015,(#11019,#11025),.PCURVE_S1.);
#11015 = LINE('',#11016,#11017);
#11016 = CARTESIAN_POINT('',(22.486318900309,-18.00814403677,
    3.478207500617));
#11017 = VECTOR('',#11018,1.);
#11018 = DIRECTION('',(0.832050294338,0.277350098113,-0.480384461415));
#11019 = PCURVE('',#2610,#11020);
#11020 = DEFINITIONAL_REPRESENTATION('',(#11021),#11024);
#11021 = B_SPLINE_CURVE_WITH_KNOTS('',1,(#11022,#11023),.UNSPECIFIED.,
  .F.,.F.,(2,2),(12.444631291788,17.648796290453),
  .PIECEWISE_BEZIER_KNOTS.);
#11022 = CARTESIAN_POINT('',(2.886751345948,32.840878029567));
#11023 = CARTESIAN_POINT('',(5.773502691896,37.171005048489));
#11024 = ( GEOMETRIC_REPRESENTATION_CONTEXT(2) 
PARAMETRIC_REPRESENTATION_CONTEXT() REPRESENTATION_CONTEXT('2D SPACE',''
  ) );
#11025 = PCURVE('',#3586,#11026);
#11026 = DEFINITIONAL_REPRESENTATION('',(#11027),#11030);
#11027 = B_SPLINE_CURVE_WITH_KNOTS('',1,(#11028,#11029),.UNSPECIFIED.,
  .F.,.F.,(2,2),(12.444631291788,17.648796290453),
  .PIECEWISE_BEZIER_KNOTS.);
#11028 = CARTESIAN_POINT('',(6.96212403718E-16,14.556624327026));
#11029 = CARTESIAN_POINT('',(5.,13.113248654052));
#11030 = ( GEOMETRIC_REPRESENTATION_CONTEXT(2) 
PARAMETRIC_REPRESENTATION_CONTEXT() REPRESENTATION_CONTEXT('2D SPACE',''
  ) );
#11031 = ORIENTED_EDGE('',*,*,#6543,.F.);
#11032 = ORIENTED_EDGE('',*,*,#9777,.F.);
#11033 = ORIENTED_EDGE('',*,*,#6473,.F.);
#11034 = ORIENTED_EDGE('',*,*,#11035,.F.);
#11035 = EDGE_CURVE('',#11036,#6427,#11038,.T.);
#11036 = VERTEX_POINT('',#11037);
#11037 = CARTESIAN_POINT('',(26.432290041562,-13.11324865405,-5.));
#11038 = SURFACE_CURVE('',#11039,(#11043,#11049),.PCURVE_S1.);
#11039 = LINE('',#11040,#11041);
#11040 = CARTESIAN_POINT('',(17.101930803684,-10.00312890809,
    -10.38688541762));
#11041 = VECTOR('',#11042,1.);
#11042 = DIRECTION('',(0.832050294338,-0.277350098113,0.480384461415));
#11043 = PCURVE('',#2610,#11044);
#11044 = DEFINITIONAL_REPRESENTATION('',(#11045),#11048);
#11045 = B_SPLINE_CURVE_WITH_KNOTS('',1,(#11046,#11047),.UNSPECIFIED.,
  .F.,.F.,(2,2),(11.21369621689,16.417861215555),
  .PIECEWISE_BEZIER_KNOTS.);
#11046 = CARTESIAN_POINT('',(5.773502691896,26.432290041562));
#11047 = CARTESIAN_POINT('',(2.886751345948,30.762417060484));
#11048 = ( GEOMETRIC_REPRESENTATION_CONTEXT(2) 
PARAMETRIC_REPRESENTATION_CONTEXT() REPRESENTATION_CONTEXT('2D SPACE',''
  ) );
#11049 = PCURVE('',#3519,#11050);
#11050 = DEFINITIONAL_REPRESENTATION('',(#11051),#11054);
#11051 = B_SPLINE_CURVE_WITH_KNOTS('',1,(#11052,#11053),.UNSPECIFIED.,
  .F.,.F.,(2,2),(11.21369621689,16.417861215555),
  .PIECEWISE_BEZIER_KNOTS.);
#11052 = CARTESIAN_POINT('',(1.28129456248E-15,13.113248654052));
#11053 = CARTESIAN_POINT('',(5.,14.556624327026));
#11054 = ( GEOMETRIC_REPRESENTATION_CONTEXT(2) 
PARAMETRIC_REPRESENTATION_CONTEXT() REPRESENTATION_CONTEXT('2D SPACE',''
  ) );
#11055 = ORIENTED_EDGE('',*,*,#11056,.F.);
#11056 = EDGE_CURVE('',#6267,#11036,#11057,.T.);
#11057 = SURFACE_CURVE('',#11058,(#11062,#11068),.PCURVE_S1.);
#11058 = LINE('',#11059,#11060);
#11059 = CARTESIAN_POINT('',(15.46485139578,-16.76906153597,
    1.332053654463));
#11060 = VECTOR('',#11061,1.);
#11061 = DIRECTION('',(0.832050294338,0.277350098113,-0.480384461415));
#11062 = PCURVE('',#2610,#11063);
#11063 = DEFINITIONAL_REPRESENTATION('',(#11064),#11067);
#11064 = B_SPLINE_CURVE_WITH_KNOTS('',1,(#11065,#11066),.UNSPECIFIED.,
  .F.,.F.,(2,2),(7.977055800626,13.181220799292),
  .PIECEWISE_BEZIER_KNOTS.);
#11065 = CARTESIAN_POINT('',(2.886751345948,22.10216302264));
#11066 = CARTESIAN_POINT('',(5.773502691896,26.432290041562));
#11067 = ( GEOMETRIC_REPRESENTATION_CONTEXT(2) 
PARAMETRIC_REPRESENTATION_CONTEXT() REPRESENTATION_CONTEXT('2D SPACE',''
  ) );
#11068 = PCURVE('',#3493,#11069);
#11069 = DEFINITIONAL_REPRESENTATION('',(#11070),#11073);
#11070 = B_SPLINE_CURVE_WITH_KNOTS('',1,(#11071,#11072),.UNSPECIFIED.,
  .F.,.F.,(2,2),(7.977055800626,13.181220799292),
  .PIECEWISE_BEZIER_KNOTS.);
#11071 = CARTESIAN_POINT('',(-2.702590569604E-16,14.556624327026));
#11072 = CARTESIAN_POINT('',(5.,13.113248654052));
#11073 = ( GEOMETRIC_REPRESENTATION_CONTEXT(2) 
PARAMETRIC_REPRESENTATION_CONTEXT() REPRESENTATION_CONTEXT('2D SPACE',''
  ) );
#11074 = ORIENTED_EDGE('',*,*,#6289,.F.);
#11075 = ORIENTED_EDGE('',*,*,#9752,.F.);
#11076 = ORIENTED_EDGE('',*,*,#6219,.F.);
#11077 = ORIENTED_EDGE('',*,*,#11078,.F.);
#11078 = EDGE_CURVE('',#11079,#6173,#11081,.T.);
#11079 = VERTEX_POINT('',#11080);
#11080 = CARTESIAN_POINT('',(15.693575034635,-13.11324865405,-5.));
#11081 = SURFACE_CURVE('',#11082,(#11086,#11092),.PCURVE_S1.);
#11082 = LINE('',#11083,#11084);
#11083 = CARTESIAN_POINT('',(10.080463299155,-11.24221140889,
    -8.240731571471));
#11084 = VECTOR('',#11085,1.);
#11085 = DIRECTION('',(0.832050294338,-0.277350098113,0.480384461415));
#11086 = PCURVE('',#2610,#11087);
#11087 = DEFINITIONAL_REPRESENTATION('',(#11088),#11091);
#11088 = B_SPLINE_CURVE_WITH_KNOTS('',1,(#11089,#11090),.UNSPECIFIED.,
  .F.,.F.,(2,2),(6.746120725728,11.950285724393),
  .PIECEWISE_BEZIER_KNOTS.);
#11089 = CARTESIAN_POINT('',(5.773502691896,15.693575034635));
#11090 = CARTESIAN_POINT('',(2.886751345948,20.023702053557));
#11091 = ( GEOMETRIC_REPRESENTATION_CONTEXT(2) 
PARAMETRIC_REPRESENTATION_CONTEXT() REPRESENTATION_CONTEXT('2D SPACE',''
  ) );
#11092 = PCURVE('',#3426,#11093);
#11093 = DEFINITIONAL_REPRESENTATION('',(#11094),#11097);
#11094 = B_SPLINE_CURVE_WITH_KNOTS('',1,(#11095,#11096),.UNSPECIFIED.,
  .F.,.F.,(2,2),(6.746120725728,11.950285724393),
  .PIECEWISE_BEZIER_KNOTS.);
#11095 = CARTESIAN_POINT('',(7.766893962951E-16,13.113248654052));
#11096 = CARTESIAN_POINT('',(5.,14.556624327026));
#11097 = ( GEOMETRIC_REPRESENTATION_CONTEXT(2) 
PARAMETRIC_REPRESENTATION_CONTEXT() REPRESENTATION_CONTEXT('2D SPACE',''
  ) );
#11098 = ORIENTED_EDGE('',*,*,#11099,.F.);
#11099 = EDGE_CURVE('',#6013,#11079,#11100,.T.);
#11100 = SURFACE_CURVE('',#11101,(#11105,#11111),.PCURVE_S1.);
#11101 = LINE('',#11102,#11103);
#11102 = CARTESIAN_POINT('',(8.44338389125,-15.52997903518,
    -0.814100191691));
#11103 = VECTOR('',#11104,1.);
#11104 = DIRECTION('',(0.832050294338,0.277350098113,-0.480384461415));
#11105 = PCURVE('',#2610,#11106);
#11106 = DEFINITIONAL_REPRESENTATION('',(#11107),#11110);
#11107 = B_SPLINE_CURVE_WITH_KNOTS('',1,(#11108,#11109),.UNSPECIFIED.,
  .F.,.F.,(2,2),(3.509480309464,8.71364530813),
  .PIECEWISE_BEZIER_KNOTS.);
#11108 = CARTESIAN_POINT('',(2.886751345948,11.363448015713));
#11109 = CARTESIAN_POINT('',(5.773502691896,15.693575034635));
#11110 = ( GEOMETRIC_REPRESENTATION_CONTEXT(2) 
PARAMETRIC_REPRESENTATION_CONTEXT() REPRESENTATION_CONTEXT('2D SPACE',''
  ) );
#11111 = PCURVE('',#3400,#11112);
#11112 = DEFINITIONAL_REPRESENTATION('',(#11113),#11116);
#11113 = B_SPLINE_CURVE_WITH_KNOTS('',1,(#11114,#11115),.UNSPECIFIED.,
  .F.,.F.,(2,2),(3.509480309464,8.71364530813),
  .PIECEWISE_BEZIER_KNOTS.);
#11114 = CARTESIAN_POINT('',(1.303813080349E-16,14.556624327026));
#11115 = CARTESIAN_POINT('',(5.,13.113248654052));
#11116 = ( GEOMETRIC_REPRESENTATION_CONTEXT(2) 
PARAMETRIC_REPRESENTATION_CONTEXT() REPRESENTATION_CONTEXT('2D SPACE',''
  ) );
#11117 = ORIENTED_EDGE('',*,*,#6035,.F.);
#11118 = ORIENTED_EDGE('',*,*,#9727,.F.);
#11119 = ORIENTED_EDGE('',*,*,#5965,.F.);
#11120 = ORIENTED_EDGE('',*,*,#11121,.F.);
#11121 = EDGE_CURVE('',#11122,#5919,#11124,.T.);
#11122 = VERTEX_POINT('',#11123);
#11123 = CARTESIAN_POINT('',(4.954860027708,-13.11324865405,-5.));
#11124 = SURFACE_CURVE('',#11125,(#11129,#11135),.PCURVE_S1.);
#11125 = LINE('',#11126,#11127);
#11126 = CARTESIAN_POINT('',(3.058995794625,-12.48129390969,
    -6.094577725317));
#11127 = VECTOR('',#11128,1.);
#11128 = DIRECTION('',(0.832050294338,-0.277350098113,0.480384461415));
#11129 = PCURVE('',#2610,#11130);
#11130 = DEFINITIONAL_REPRESENTATION('',(#11131),#11134);
#11131 = B_SPLINE_CURVE_WITH_KNOTS('',1,(#11132,#11133),.UNSPECIFIED.,
  .F.,.F.,(2,2),(2.278545234566,7.482710233231),
  .PIECEWISE_BEZIER_KNOTS.);
#11132 = CARTESIAN_POINT('',(5.773502691896,4.954860027708));
#11133 = CARTESIAN_POINT('',(2.886751345948,9.28498704663));
#11134 = ( GEOMETRIC_REPRESENTATION_CONTEXT(2) 
PARAMETRIC_REPRESENTATION_CONTEXT() REPRESENTATION_CONTEXT('2D SPACE',''
  ) );
#11135 = PCURVE('',#3333,#11136);
#11136 = DEFINITIONAL_REPRESENTATION('',(#11137),#11140);
#11137 = B_SPLINE_CURVE_WITH_KNOTS('',1,(#11138,#11139),.UNSPECIFIED.,
  .F.,.F.,(2,2),(2.278545234566,7.482710233231),
  .PIECEWISE_BEZIER_KNOTS.);
#11138 = CARTESIAN_POINT('',(2.720842301099E-16,13.113248654052));
#11139 = CARTESIAN_POINT('',(5.,14.556624327026));
#11140 = ( GEOMETRIC_REPRESENTATION_CONTEXT(2) 
PARAMETRIC_REPRESENTATION_CONTEXT() REPRESENTATION_CONTEXT('2D SPACE',''
  ) );
#11141 = ORIENTED_EDGE('',*,*,#11142,.F.);
#11142 = EDGE_CURVE('',#5759,#11122,#11143,.T.);
#11143 = SURFACE_CURVE('',#11144,(#11148,#11154),.PCURVE_S1.);
#11144 = LINE('',#11145,#11146);
#11145 = CARTESIAN_POINT('',(1.421916386721,-14.29089653438,
    -2.960254037844));
#11146 = VECTOR('',#11147,1.);
#11147 = DIRECTION('',(0.832050294338,0.277350098113,-0.480384461415));
#11148 = PCURVE('',#2610,#11149);
#11149 = DEFINITIONAL_REPRESENTATION('',(#11150),#11153);
#11150 = B_SPLINE_CURVE_WITH_KNOTS('',1,(#11151,#11152),.UNSPECIFIED.,
  .F.,.F.,(2,2),(-0.958095181698,4.246069816968),
  .PIECEWISE_BEZIER_KNOTS.);
#11151 = CARTESIAN_POINT('',(2.886751345948,0.624733008786));
#11152 = CARTESIAN_POINT('',(5.773502691896,4.954860027708));
#11153 = ( GEOMETRIC_REPRESENTATION_CONTEXT(2) 
PARAMETRIC_REPRESENTATION_CONTEXT() REPRESENTATION_CONTEXT('2D SPACE',''
  ) );
#11154 = PCURVE('',#3307,#11155);
#11155 = DEFINITIONAL_REPRESENTATION('',(#11156),#11159);
#11156 = B_SPLINE_CURVE_WITH_KNOTS('',1,(#11157,#11158),.UNSPECIFIED.,
  .F.,.F.,(2,2),(-0.958095181698,4.246069816968),
  .PIECEWISE_BEZIER_KNOTS.);
#11157 = CARTESIAN_POINT('',(-2.766231158155E-16,14.556624327026));
#11158 = CARTESIAN_POINT('',(5.,13.113248654052));
#11159 = ( GEOMETRIC_REPRESENTATION_CONTEXT(2) 
PARAMETRIC_REPRESENTATION_CONTEXT() REPRESENTATION_CONTEXT('2D SPACE',''
  ) );
#11160 = ORIENTED_EDGE('',*,*,#5781,.F.);
#11161 = ORIENTED_EDGE('',*,*,#9702,.F.);
#11162 = ORIENTED_EDGE('',*,*,#5711,.F.);
#11163 = ORIENTED_EDGE('',*,*,#11164,.F.);
#11164 = EDGE_CURVE('',#11165,#5665,#11167,.T.);
#11165 = VERTEX_POINT('',#11166);
#11166 = CARTESIAN_POINT('',(-5.783854979219,-13.11324865405,-5.));
#11167 = SURFACE_CURVE('',#11168,(#11172,#11178),.PCURVE_S1.);
#11168 = LINE('',#11169,#11170);
#11169 = CARTESIAN_POINT('',(-3.962471709904,-13.72037641049,
    -3.948423879163));
#11170 = VECTOR('',#11171,1.);
#11171 = DIRECTION('',(0.832050294338,-0.277350098113,0.480384461415));
#11172 = PCURVE('',#2610,#11173);
#11173 = DEFINITIONAL_REPRESENTATION('',(#11174),#11177);
#11174 = B_SPLINE_CURVE_WITH_KNOTS('',1,(#11175,#11176),.UNSPECIFIED.,
  .F.,.F.,(2,2),(-2.189030256596,3.015134742069),
  .PIECEWISE_BEZIER_KNOTS.);
#11175 = CARTESIAN_POINT('',(5.773502691896,-5.783854979219));
#11176 = CARTESIAN_POINT('',(2.886751345948,-1.453727960297));
#11177 = ( GEOMETRIC_REPRESENTATION_CONTEXT(2) 
PARAMETRIC_REPRESENTATION_CONTEXT() REPRESENTATION_CONTEXT('2D SPACE',''
  ) );
#11178 = PCURVE('',#3240,#11179);
#11179 = DEFINITIONAL_REPRESENTATION('',(#11180),#11183);
#11180 = B_SPLINE_CURVE_WITH_KNOTS('',1,(#11181,#11182),.UNSPECIFIED.,
  .F.,.F.,(2,2),(-2.189030256596,3.015134742069),
  .PIECEWISE_BEZIER_KNOTS.);
#11181 = CARTESIAN_POINT('',(-2.325209360752E-16,13.113248654052));
#11182 = CARTESIAN_POINT('',(5.,14.556624327026));
#11183 = ( GEOMETRIC_REPRESENTATION_CONTEXT(2) 
PARAMETRIC_REPRESENTATION_CONTEXT() REPRESENTATION_CONTEXT('2D SPACE',''
  ) );
#11184 = ORIENTED_EDGE('',*,*,#11185,.F.);
#11185 = EDGE_CURVE('',#5505,#11165,#11186,.T.);
#11186 = SURFACE_CURVE('',#11187,(#11191,#11197),.PCURVE_S1.);
#11187 = LINE('',#11188,#11189);
#11188 = CARTESIAN_POINT('',(-5.599551117808,-13.05181403358,
    -5.106407883998));
#11189 = VECTOR('',#11190,1.);
#11190 = DIRECTION('',(0.832050294338,0.277350098113,-0.480384461415));
#11191 = PCURVE('',#2610,#11192);
#11192 = DEFINITIONAL_REPRESENTATION('',(#11193),#11196);
#11193 = B_SPLINE_CURVE_WITH_KNOTS('',1,(#11194,#11195),.UNSPECIFIED.,
  .F.,.F.,(2,2),(-5.42567067286,-0.221505674194),
  .PIECEWISE_BEZIER_KNOTS.);
#11194 = CARTESIAN_POINT('',(2.886751345948,-10.11398199814));
#11195 = CARTESIAN_POINT('',(5.773502691896,-5.783854979219));
#11196 = ( GEOMETRIC_REPRESENTATION_CONTEXT(2) 
PARAMETRIC_REPRESENTATION_CONTEXT() REPRESENTATION_CONTEXT('2D SPACE',''
  ) );
#11197 = PCURVE('',#3214,#11198);
#11198 = DEFINITIONAL_REPRESENTATION('',(#11199),#11202);
#11199 = B_SPLINE_CURVE_WITH_KNOTS('',1,(#11200,#11201),.UNSPECIFIED.,
  .F.,.F.,(2,2),(-5.42567067286,-0.221505674194),
  .PIECEWISE_BEZIER_KNOTS.);
#11200 = CARTESIAN_POINT('',(-4.354497876483E-16,14.556624327026));
#11201 = CARTESIAN_POINT('',(5.,13.113248654052));
#11202 = ( GEOMETRIC_REPRESENTATION_CONTEXT(2) 
PARAMETRIC_REPRESENTATION_CONTEXT() REPRESENTATION_CONTEXT('2D SPACE',''
  ) );
#11203 = ORIENTED_EDGE('',*,*,#5527,.F.);
#11204 = ORIENTED_EDGE('',*,*,#9677,.F.);
#11205 = ORIENTED_EDGE('',*,*,#5457,.F.);
#11206 = ORIENTED_EDGE('',*,*,#11207,.F.);
#11207 = EDGE_CURVE('',#11208,#5411,#11210,.T.);
#11208 = VERTEX_POINT('',#11209);
#11209 = CARTESIAN_POINT('',(-16.52256998614,-13.11324865405,-5.));
#11210 = SURFACE_CURVE('',#11211,(#11215,#11221),.PCURVE_S1.);
#11211 = LINE('',#11212,#11213);
#11212 = CARTESIAN_POINT('',(-10.98393921443,-14.95945891129,
    -1.80227003301));
#11213 = VECTOR('',#11214,1.);
#11214 = DIRECTION('',(0.832050294338,-0.277350098113,0.480384461415));
#11215 = PCURVE('',#2610,#11216);
#11216 = DEFINITIONAL_REPRESENTATION('',(#11217),#11220);
#11217 = B_SPLINE_CURVE_WITH_KNOTS('',1,(#11218,#11219),.UNSPECIFIED.,
  .F.,.F.,(2,2),(-6.656605747758,-1.452440749093),
  .PIECEWISE_BEZIER_KNOTS.);
#11218 = CARTESIAN_POINT('',(5.773502691896,-16.52256998614));
#11219 = CARTESIAN_POINT('',(2.886751345948,-12.19244296722));
#11220 = ( GEOMETRIC_REPRESENTATION_CONTEXT(2) 
PARAMETRIC_REPRESENTATION_CONTEXT() REPRESENTATION_CONTEXT('2D SPACE',''
  ) );
#11221 = PCURVE('',#3147,#11222);
#11222 = DEFINITIONAL_REPRESENTATION('',(#11223),#11226);
#11223 = B_SPLINE_CURVE_WITH_KNOTS('',1,(#11224,#11225),.UNSPECIFIED.,
  .F.,.F.,(2,2),(-6.656605747758,-1.452440749093),
  .PIECEWISE_BEZIER_KNOTS.);
#11224 = CARTESIAN_POINT('',(-7.022819061368E-16,13.113248654052));
#11225 = CARTESIAN_POINT('',(5.,14.556624327026));
#11226 = ( GEOMETRIC_REPRESENTATION_CONTEXT(2) 
PARAMETRIC_REPRESENTATION_CONTEXT() REPRESENTATION_CONTEXT('2D SPACE',''
  ) );
#11227 = ORIENTED_EDGE('',*,*,#11228,.F.);
#11228 = EDGE_CURVE('',#5251,#11208,#11229,.T.);
#11229 = SURFACE_CURVE('',#11230,(#11234,#11240),.PCURVE_S1.);
#11230 = LINE('',#11231,#11232);
#11231 = CARTESIAN_POINT('',(-12.62101862233,-11.81273153278,
    -7.252561730152));
#11232 = VECTOR('',#11233,1.);
#11233 = DIRECTION('',(0.832050294338,0.277350098113,-0.480384461415));
#11234 = PCURVE('',#2610,#11235);
#11235 = DEFINITIONAL_REPRESENTATION('',(#11236),#11239);
#11236 = B_SPLINE_CURVE_WITH_KNOTS('',1,(#11237,#11238),.UNSPECIFIED.,
  .F.,.F.,(2,2),(-9.893246164022,-4.689081165356),
  .PIECEWISE_BEZIER_KNOTS.);
#11237 = CARTESIAN_POINT('',(2.886751345948,-20.85269700506));
#11238 = CARTESIAN_POINT('',(5.773502691896,-16.52256998614));
#11239 = ( GEOMETRIC_REPRESENTATION_CONTEXT(2) 
PARAMETRIC_REPRESENTATION_CONTEXT() REPRESENTATION_CONTEXT('2D SPACE',''
  ) );
#11240 = PCURVE('',#3121,#11241);
#11241 = DEFINITIONAL_REPRESENTATION('',(#11242),#11245);
#11242 = B_SPLINE_CURVE_WITH_KNOTS('',1,(#11243,#11244),.UNSPECIFIED.,
  .F.,.F.,(2,2),(-9.893246164022,-4.689081165356),
  .PIECEWISE_BEZIER_KNOTS.);
#11243 = CARTESIAN_POINT('',(-5.137428286265E-16,14.556624327026));
#11244 = CARTESIAN_POINT('',(5.,13.113248654052));
#11245 = ( GEOMETRIC_REPRESENTATION_CONTEXT(2) 
PARAMETRIC_REPRESENTATION_CONTEXT() REPRESENTATION_CONTEXT('2D SPACE',''
  ) );
#11246 = ORIENTED_EDGE('',*,*,#5273,.F.);
#11247 = ORIENTED_EDGE('',*,*,#9652,.F.);
#11248 = ORIENTED_EDGE('',*,*,#5203,.F.);
#11249 = ORIENTED_EDGE('',*,*,#11250,.F.);
#11250 = EDGE_CURVE('',#11251,#5157,#11253,.T.);
#11251 = VERTEX_POINT('',#11252);
#11252 = CARTESIAN_POINT('',(-27.26128499307,-13.11324865405,-5.));
#11253 = SURFACE_CURVE('',#11254,(#11258,#11264),.PCURVE_S1.);
#11254 = LINE('',#11255,#11256);
#11255 = CARTESIAN_POINT('',(-18.00540671896,-16.19854141208,
    0.343883813144));
#11256 = VECTOR('',#11257,1.);
#11257 = DIRECTION('',(0.832050294338,-0.277350098113,0.480384461415));
#11258 = PCURVE('',#2610,#11259);
#11259 = DEFINITIONAL_REPRESENTATION('',(#11260),#11263);
#11260 = B_SPLINE_CURVE_WITH_KNOTS('',1,(#11261,#11262),.UNSPECIFIED.,
  .F.,.F.,(2,2),(-11.12418123892,-5.920016240254),
  .PIECEWISE_BEZIER_KNOTS.);
#11261 = CARTESIAN_POINT('',(5.773502691896,-27.26128499307));
#11262 = CARTESIAN_POINT('',(2.886751345948,-22.93115797415));
#11263 = ( GEOMETRIC_REPRESENTATION_CONTEXT(2) 
PARAMETRIC_REPRESENTATION_CONTEXT() REPRESENTATION_CONTEXT('2D SPACE',''
  ) );
#11264 = PCURVE('',#3054,#11265);
#11265 = DEFINITIONAL_REPRESENTATION('',(#11266),#11269);
#11266 = B_SPLINE_CURVE_WITH_KNOTS('',1,(#11267,#11268),.UNSPECIFIED.,
  .F.,.F.,(2,2),(-11.12418123892,-5.920016240254),
  .PIECEWISE_BEZIER_KNOTS.);
#11267 = CARTESIAN_POINT('',(-4.232412409924E-16,13.113248654052));
#11268 = CARTESIAN_POINT('',(5.,14.556624327026));
#11269 = ( GEOMETRIC_REPRESENTATION_CONTEXT(2) 
PARAMETRIC_REPRESENTATION_CONTEXT() REPRESENTATION_CONTEXT('2D SPACE',''
  ) );
#11270 = ORIENTED_EDGE('',*,*,#11271,.F.);
#11271 = EDGE_CURVE('',#4997,#11251,#11272,.T.);
#11272 = SURFACE_CURVE('',#11273,(#11277,#11283),.PCURVE_S1.);
#11273 = LINE('',#11274,#11275);
#11274 = CARTESIAN_POINT('',(-19.64248612686,-10.57364903198,
    -9.398715576306));
#11275 = VECTOR('',#11276,1.);
#11276 = DIRECTION('',(0.832050294338,0.277350098113,-0.480384461415));
#11277 = PCURVE('',#2610,#11278);
#11278 = DEFINITIONAL_REPRESENTATION('',(#11279),#11282);
#11279 = B_SPLINE_CURVE_WITH_KNOTS('',1,(#11280,#11281),.UNSPECIFIED.,
  .F.,.F.,(2,2),(-14.36082165518,-9.156656656518),
  .PIECEWISE_BEZIER_KNOTS.);
#11280 = CARTESIAN_POINT('',(2.886751345948,-31.59141201199));
#11281 = CARTESIAN_POINT('',(5.773502691896,-27.26128499307));
#11282 = ( GEOMETRIC_REPRESENTATION_CONTEXT(2) 
PARAMETRIC_REPRESENTATION_CONTEXT() REPRESENTATION_CONTEXT('2D SPACE',''
  ) );
#11283 = PCURVE('',#3028,#11284);
#11284 = DEFINITIONAL_REPRESENTATION('',(#11285),#11288);
#11285 = B_SPLINE_CURVE_WITH_KNOTS('',1,(#11286,#11287),.UNSPECIFIED.,
  .F.,.F.,(2,2),(-14.36082165518,-9.156656656518),
  .PIECEWISE_BEZIER_KNOTS.);
#11286 = CARTESIAN_POINT('',(2.961425500953E-16,14.556624327026));
#11287 = CARTESIAN_POINT('',(5.,13.113248654052));
#11288 = ( GEOMETRIC_REPRESENTATION_CONTEXT(2) 
PARAMETRIC_REPRESENTATION_CONTEXT() REPRESENTATION_CONTEXT('2D SPACE',''
  ) );
#11289 = ORIENTED_EDGE('',*,*,#5019,.F.);
#11290 = ORIENTED_EDGE('',*,*,#9627,.F.);
#11291 = ORIENTED_EDGE('',*,*,#2814,.F.);
#11292 = ORIENTED_EDGE('',*,*,#11293,.F.);
#11293 = EDGE_CURVE('',#11294,#2743,#11296,.T.);
#11294 = VERTEX_POINT('',#11295);
#11295 = CARTESIAN_POINT('',(-38.,-13.11324865405,-5.));
#11296 = SURFACE_CURVE('',#11297,(#11301,#11307),.PCURVE_S1.);
#11297 = LINE('',#11298,#11299);
#11298 = CARTESIAN_POINT('',(-25.02687422349,-17.43762391288,
    2.490037659298));
#11299 = VECTOR('',#11300,1.);
#11300 = DIRECTION('',(0.832050294338,-0.277350098113,0.480384461415));
#11301 = PCURVE('',#2610,#11302);
#11302 = DEFINITIONAL_REPRESENTATION('',(#11303),#11306);
#11303 = B_SPLINE_CURVE_WITH_KNOTS('',1,(#11304,#11305),.UNSPECIFIED.,
  .F.,.F.,(2,2),(-15.59175673008,-10.38759173141),
  .PIECEWISE_BEZIER_KNOTS.);
#11304 = CARTESIAN_POINT('',(5.773502691896,-38.));
#11305 = CARTESIAN_POINT('',(2.886751345948,-33.66987298107));
#11306 = ( GEOMETRIC_REPRESENTATION_CONTEXT(2) 
PARAMETRIC_REPRESENTATION_CONTEXT() REPRESENTATION_CONTEXT('2D SPACE',''
  ) );
#11307 = PCURVE('',#2760,#11308);
#11308 = DEFINITIONAL_REPRESENTATION('',(#11309),#11312);
#11309 = B_SPLINE_CURVE_WITH_KNOTS('',1,(#11310,#11311),.UNSPECIFIED.,
  .F.,.F.,(2,2),(-15.59175673008,-10.38759173141),
  .PIECEWISE_BEZIER_KNOTS.);
#11310 = CARTESIAN_POINT('',(-1.885713219125E-15,13.113248654052));
#11311 = CARTESIAN_POINT('',(5.,14.556624327026));
#11312 = ( GEOMETRIC_REPRESENTATION_CONTEXT(2) 
PARAMETRIC_REPRESENTATION_CONTEXT() REPRESENTATION_CONTEXT('2D SPACE',''
  ) );
#11313 = ORIENTED_EDGE('',*,*,#11314,.F.);
#11314 = EDGE_CURVE('',#2568,#11294,#11315,.T.);
#11315 = SURFACE_CURVE('',#11316,(#11320,#11326),.PCURVE_S1.);
#11316 = LINE('',#11317,#11318);
#11317 = CARTESIAN_POINT('',(-26.66395363139,-9.334566531184,
    -11.54486942246));
#11318 = VECTOR('',#11319,1.);
#11319 = DIRECTION('',(0.832050294338,0.277350098113,-0.480384461415));
#11320 = PCURVE('',#2610,#11321);
#11321 = DEFINITIONAL_REPRESENTATION('',(#11322),#11325);
#11322 = B_SPLINE_CURVE_WITH_KNOTS('',1,(#11323,#11324),.UNSPECIFIED.,
  .F.,.F.,(2,2),(-18.82839714634,-13.62423214768),
  .PIECEWISE_BEZIER_KNOTS.);
#11323 = CARTESIAN_POINT('',(2.886751345948,-42.33012701892));
#11324 = CARTESIAN_POINT('',(5.773502691896,-38.));
#11325 = ( GEOMETRIC_REPRESENTATION_CONTEXT(2) 
PARAMETRIC_REPRESENTATION_CONTEXT() REPRESENTATION_CONTEXT('2D SPACE',''
  ) );
#11326 = PCURVE('',#2583,#11327);
#11327 = DEFINITIONAL_REPRESENTATION('',(#11328),#11331);
#11328 = B_SPLINE_CURVE_WITH_KNOTS('',1,(#11329,#11330),.UNSPECIFIED.,
  .F.,.F.,(2,2),(-18.82839714634,-13.62423214768),
  .PIECEWISE_BEZIER_KNOTS.);
#11329 = CARTESIAN_POINT('',(-6.006405183361E-16,14.556624327026));
#11330 = CARTESIAN_POINT('',(5.,13.113248654052));
#11331 = ( GEOMETRIC_REPRESENTATION_CONTEXT(2) 
PARAMETRIC_REPRESENTATION_CONTEXT() REPRESENTATION_CONTEXT('2D SPACE',''
  ) );
#11332 = ORIENTED_EDGE('',*,*,#2595,.F.);
#11333 = ADVANCED_FACE('',(#11334),#2583,.F.);
#11334 = FACE_BOUND('',#11335,.F.);
#11335 = EDGE_LOOP('',(#11336,#11337,#11338,#11359));
#11336 = ORIENTED_EDGE('',*,*,#2567,.F.);
#11337 = ORIENTED_EDGE('',*,*,#2950,.F.);
#11338 = ORIENTED_EDGE('',*,*,#11339,.T.);
#11339 = EDGE_CURVE('',#2951,#11294,#11340,.T.);
#11340 = SURFACE_CURVE('',#11341,(#11345,#11352),.PCURVE_S1.);
#11341 = LINE('',#11342,#11343);
#11342 = CARTESIAN_POINT('',(-38.,21.,-5.));
#11343 = VECTOR('',#11344,1.);
#11344 = DIRECTION('',(0.,-1.,0.));
#11345 = PCURVE('',#2583,#11346);
#11346 = DEFINITIONAL_REPRESENTATION('',(#11347),#11351);
#11347 = LINE('',#11348,#11349);
#11348 = CARTESIAN_POINT('',(5.,-21.));
#11349 = VECTOR('',#11350,1.);
#11350 = DIRECTION('',(0.,1.));
#11351 = ( GEOMETRIC_REPRESENTATION_CONTEXT(2) 
PARAMETRIC_REPRESENTATION_CONTEXT() REPRESENTATION_CONTEXT('2D SPACE',''
  ) );
#11352 = PCURVE('',#2760,#11353);
#11353 = DEFINITIONAL_REPRESENTATION('',(#11354),#11358);
#11354 = LINE('',#11355,#11356);
#11355 = CARTESIAN_POINT('',(0.,-21.));
#11356 = VECTOR('',#11357,1.);
#11357 = DIRECTION('',(0.,1.));
#11358 = ( GEOMETRIC_REPRESENTATION_CONTEXT(2) 
PARAMETRIC_REPRESENTATION_CONTEXT() REPRESENTATION_CONTEXT('2D SPACE',''
  ) );
#11359 = ORIENTED_EDGE('',*,*,#11314,.F.);
#11360 = ADVANCED_FACE('',(#11361),#2760,.F.);
#11361 = FACE_BOUND('',#11362,.F.);
#11362 = EDGE_LOOP('',(#11363,#11364,#11365,#11366));
#11363 = ORIENTED_EDGE('',*,*,#11339,.F.);
#11364 = ORIENTED_EDGE('',*,*,#2971,.F.);
#11365 = ORIENTED_EDGE('',*,*,#2742,.F.);
#11366 = ORIENTED_EDGE('',*,*,#11293,.F.);
#11367 = ADVANCED_FACE('',(#11368),#2853,.F.);
#11368 = FACE_BOUND('',#11369,.F.);
#11369 = EDGE_LOOP('',(#11370,#11391,#11392,#11411));
#11370 = ORIENTED_EDGE('',*,*,#11371,.F.);
#11371 = EDGE_CURVE('',#2839,#9926,#11372,.T.);
#11372 = SURFACE_CURVE('',#11373,(#11377,#11384),.PCURVE_S1.);
#11373 = LINE('',#11374,#11375);
#11374 = CARTESIAN_POINT('',(-36.96076951545,21.,-11.8));
#11375 = VECTOR('',#11376,1.);
#11376 = DIRECTION('',(0.,-1.,0.));
#11377 = PCURVE('',#2853,#11378);
#11378 = DEFINITIONAL_REPRESENTATION('',(#11379),#11383);
#11379 = LINE('',#11380,#11381);
#11380 = CARTESIAN_POINT('',(0.,-21.));
#11381 = VECTOR('',#11382,1.);
#11382 = DIRECTION('',(0.,1.));
#11383 = ( GEOMETRIC_REPRESENTATION_CONTEXT(2) 
PARAMETRIC_REPRESENTATION_CONTEXT() REPRESENTATION_CONTEXT('2D SPACE',''
  ) );
#11384 = PCURVE('',#4957,#11385);
#11385 = DEFINITIONAL_REPRESENTATION('',(#11386),#11390);
#11386 = LINE('',#11387,#11388);
#11387 = CARTESIAN_POINT('',(5.,-21.));
#11388 = VECTOR('',#11389,1.);
#11389 = DIRECTION('',(-0.,1.));
#11390 = ( GEOMETRIC_REPRESENTATION_CONTEXT(2) 
PARAMETRIC_REPRESENTATION_CONTEXT() REPRESENTATION_CONTEXT('2D SPACE',''
  ) );
#11391 = ORIENTED_EDGE('',*,*,#2836,.F.);
#11392 = ORIENTED_EDGE('',*,*,#11393,.F.);
#11393 = EDGE_CURVE('',#9903,#2837,#11394,.T.);
#11394 = SURFACE_CURVE('',#11395,(#11399,#11405),.PCURVE_S1.);
#11395 = LINE('',#11396,#11397);
#11396 = CARTESIAN_POINT('',(-33.39896904477,-4.,-13.85640646055));
#11397 = VECTOR('',#11398,1.);
#11398 = DIRECTION('',(3.845925372767E-16,1.,-2.22044604925E-16));
#11399 = PCURVE('',#2853,#11400);
#11400 = DEFINITIONAL_REPRESENTATION('',(#11401),#11404);
#11401 = B_SPLINE_CURVE_WITH_KNOTS('',1,(#11402,#11403),.UNSPECIFIED.,
  .F.,.F.,(2,2),(-4.,12.),.PIECEWISE_BEZIER_KNOTS.);
#11402 = CARTESIAN_POINT('',(4.112812921102,8.));
#11403 = CARTESIAN_POINT('',(4.112812921102,-8.));
#11404 = ( GEOMETRIC_REPRESENTATION_CONTEXT(2) 
PARAMETRIC_REPRESENTATION_CONTEXT() REPRESENTATION_CONTEXT('2D SPACE',''
  ) );
#11405 = PCURVE('',#2880,#11406);
#11406 = DEFINITIONAL_REPRESENTATION('',(#11407),#11410);
#11407 = B_SPLINE_CURVE_WITH_KNOTS('',1,(#11408,#11409),.UNSPECIFIED.,
  .F.,.F.,(2,2),(-4.,12.),.PIECEWISE_BEZIER_KNOTS.);
#11408 = CARTESIAN_POINT('',(0.,-33.39896904477));
#11409 = CARTESIAN_POINT('',(16.,-33.39896904477));
#11410 = ( GEOMETRIC_REPRESENTATION_CONTEXT(2) 
PARAMETRIC_REPRESENTATION_CONTEXT() REPRESENTATION_CONTEXT('2D SPACE',''
  ) );
#11411 = ORIENTED_EDGE('',*,*,#9925,.F.);
#11412 = ADVANCED_FACE('',(#11413),#4957,.F.);
#11413 = FACE_BOUND('',#11414,.F.);
#11414 = EDGE_LOOP('',(#11415,#11436,#11437,#11438));
#11415 = ORIENTED_EDGE('',*,*,#11416,.F.);
#11416 = EDGE_CURVE('',#4919,#9947,#11417,.T.);
#11417 = SURFACE_CURVE('',#11418,(#11422,#11429),.PCURVE_S1.);
#11418 = LINE('',#11419,#11420);
#11419 = CARTESIAN_POINT('',(-36.96076951545,21.,-6.8));
#11420 = VECTOR('',#11421,1.);
#11421 = DIRECTION('',(0.,-1.,0.));
#11422 = PCURVE('',#4957,#11423);
#11423 = DEFINITIONAL_REPRESENTATION('',(#11424),#11428);
#11424 = LINE('',#11425,#11426);
#11425 = CARTESIAN_POINT('',(0.,-21.));
#11426 = VECTOR('',#11427,1.);
#11427 = DIRECTION('',(-0.,1.));
#11428 = ( GEOMETRIC_REPRESENTATION_CONTEXT(2) 
PARAMETRIC_REPRESENTATION_CONTEXT() REPRESENTATION_CONTEXT('2D SPACE',''
  ) );
#11429 = PCURVE('',#4933,#11430);
#11430 = DEFINITIONAL_REPRESENTATION('',(#11431),#11435);
#11431 = LINE('',#11432,#11433);
#11432 = CARTESIAN_POINT('',(5.,-21.));
#11433 = VECTOR('',#11434,1.);
#11434 = DIRECTION('',(-0.,1.));
#11435 = ( GEOMETRIC_REPRESENTATION_CONTEXT(2) 
PARAMETRIC_REPRESENTATION_CONTEXT() REPRESENTATION_CONTEXT('2D SPACE',''
  ) );
#11436 = ORIENTED_EDGE('',*,*,#4944,.F.);
#11437 = ORIENTED_EDGE('',*,*,#11371,.T.);
#11438 = ORIENTED_EDGE('',*,*,#9946,.F.);
#11439 = ADVANCED_FACE('',(#11440),#4933,.F.);
#11440 = FACE_BOUND('',#11441,.F.);
#11441 = EDGE_LOOP('',(#11442,#11463,#11464,#11465));
#11442 = ORIENTED_EDGE('',*,*,#11443,.T.);
#11443 = EDGE_CURVE('',#9968,#4893,#11444,.T.);
#11444 = SURFACE_CURVE('',#11445,(#11449,#11456),.PCURVE_S1.);
#11445 = LINE('',#11446,#11447);
#11446 = CARTESIAN_POINT('',(-32.63064249653,-21.,-4.3));
#11447 = VECTOR('',#11448,1.);
#11448 = DIRECTION('',(0.,1.,0.));
#11449 = PCURVE('',#4933,#11450);
#11450 = DEFINITIONAL_REPRESENTATION('',(#11451),#11455);
#11451 = LINE('',#11452,#11453);
#11452 = CARTESIAN_POINT('',(-0.,21.));
#11453 = VECTOR('',#11454,1.);
#11454 = DIRECTION('',(0.,-1.));
#11455 = ( GEOMETRIC_REPRESENTATION_CONTEXT(2) 
PARAMETRIC_REPRESENTATION_CONTEXT() REPRESENTATION_CONTEXT('2D SPACE',''
  ) );
#11456 = PCURVE('',#4907,#11457);
#11457 = DEFINITIONAL_REPRESENTATION('',(#11458),#11462);
#11458 = LINE('',#11459,#11460);
#11459 = CARTESIAN_POINT('',(5.,21.));
#11460 = VECTOR('',#11461,1.);
#11461 = DIRECTION('',(0.,-1.));
#11462 = ( GEOMETRIC_REPRESENTATION_CONTEXT(2) 
PARAMETRIC_REPRESENTATION_CONTEXT() REPRESENTATION_CONTEXT('2D SPACE',''
  ) );
#11463 = ORIENTED_EDGE('',*,*,#4918,.F.);
#11464 = ORIENTED_EDGE('',*,*,#11416,.T.);
#11465 = ORIENTED_EDGE('',*,*,#9967,.F.);
#11466 = ADVANCED_FACE('',(#11467),#4907,.F.);
#11467 = FACE_BOUND('',#11468,.F.);
#11468 = EDGE_LOOP('',(#11469,#11490,#11491,#11492));
#11469 = ORIENTED_EDGE('',*,*,#11470,.T.);
#11470 = EDGE_CURVE('',#9989,#4867,#11471,.T.);
#11471 = SURFACE_CURVE('',#11472,(#11476,#11483),.PCURVE_S1.);
#11472 = LINE('',#11473,#11474);
#11473 = CARTESIAN_POINT('',(-28.30051547761,-21.,-6.8));
#11474 = VECTOR('',#11475,1.);
#11475 = DIRECTION('',(0.,1.,0.));
#11476 = PCURVE('',#4907,#11477);
#11477 = DEFINITIONAL_REPRESENTATION('',(#11478),#11482);
#11478 = LINE('',#11479,#11480);
#11479 = CARTESIAN_POINT('',(0.,21.));
#11480 = VECTOR('',#11481,1.);
#11481 = DIRECTION('',(0.,-1.));
#11482 = ( GEOMETRIC_REPRESENTATION_CONTEXT(2) 
PARAMETRIC_REPRESENTATION_CONTEXT() REPRESENTATION_CONTEXT('2D SPACE',''
  ) );
#11483 = PCURVE('',#4881,#11484);
#11484 = DEFINITIONAL_REPRESENTATION('',(#11485),#11489);
#11485 = LINE('',#11486,#11487);
#11486 = CARTESIAN_POINT('',(5.,21.));
#11487 = VECTOR('',#11488,1.);
#11488 = DIRECTION('',(0.,-1.));
#11489 = ( GEOMETRIC_REPRESENTATION_CONTEXT(2) 
PARAMETRIC_REPRESENTATION_CONTEXT() REPRESENTATION_CONTEXT('2D SPACE',''
  ) );
#11490 = ORIENTED_EDGE('',*,*,#4892,.F.);
#11491 = ORIENTED_EDGE('',*,*,#11443,.F.);
#11492 = ORIENTED_EDGE('',*,*,#9988,.F.);
#11493 = ADVANCED_FACE('',(#11494),#4881,.F.);
#11494 = FACE_BOUND('',#11495,.F.);
#11495 = EDGE_LOOP('',(#11496,#11517,#11518,#11519));
#11496 = ORIENTED_EDGE('',*,*,#11497,.T.);
#11497 = EDGE_CURVE('',#10010,#4841,#11498,.T.);
#11498 = SURFACE_CURVE('',#11499,(#11503,#11510),.PCURVE_S1.);
#11499 = LINE('',#11500,#11501);
#11500 = CARTESIAN_POINT('',(-28.30051547761,-21.,-11.8));
#11501 = VECTOR('',#11502,1.);
#11502 = DIRECTION('',(0.,1.,0.));
#11503 = PCURVE('',#4881,#11504);
#11504 = DEFINITIONAL_REPRESENTATION('',(#11505),#11509);
#11505 = LINE('',#11506,#11507);
#11506 = CARTESIAN_POINT('',(0.,21.));
#11507 = VECTOR('',#11508,1.);
#11508 = DIRECTION('',(0.,-1.));
#11509 = ( GEOMETRIC_REPRESENTATION_CONTEXT(2) 
PARAMETRIC_REPRESENTATION_CONTEXT() REPRESENTATION_CONTEXT('2D SPACE',''
  ) );
#11510 = PCURVE('',#4855,#11511);
#11511 = DEFINITIONAL_REPRESENTATION('',(#11512),#11516);
#11512 = LINE('',#11513,#11514);
#11513 = CARTESIAN_POINT('',(5.,21.));
#11514 = VECTOR('',#11515,1.);
#11515 = DIRECTION('',(0.,-1.));
#11516 = ( GEOMETRIC_REPRESENTATION_CONTEXT(2) 
PARAMETRIC_REPRESENTATION_CONTEXT() REPRESENTATION_CONTEXT('2D SPACE',''
  ) );
#11517 = ORIENTED_EDGE('',*,*,#4866,.F.);
#11518 = ORIENTED_EDGE('',*,*,#11470,.F.);
#11519 = ORIENTED_EDGE('',*,*,#10009,.F.);
#11520 = ADVANCED_FACE('',(#11521),#4855,.F.);
#11521 = FACE_BOUND('',#11522,.F.);
#11522 = EDGE_LOOP('',(#11523,#11524,#11525,#11526));
#11523 = ORIENTED_EDGE('',*,*,#4840,.F.);
#11524 = ORIENTED_EDGE('',*,*,#11497,.F.);
#11525 = ORIENTED_EDGE('',*,*,#10030,.F.);
#11526 = ORIENTED_EDGE('',*,*,#11527,.F.);
#11527 = EDGE_CURVE('',#4813,#10031,#11528,.T.);
#11528 = SURFACE_CURVE('',#11529,(#11533,#11539),.PCURVE_S1.);
#11529 = LINE('',#11530,#11531);
#11530 = CARTESIAN_POINT('',(-31.8623159483,-4.,-13.85640646055));
#11531 = VECTOR('',#11532,1.);
#11532 = DIRECTION('',(3.845925372767E-16,-1.,2.22044604925E-16));
#11533 = PCURVE('',#4855,#11534);
#11534 = DEFINITIONAL_REPRESENTATION('',(#11535),#11538);
#11535 = B_SPLINE_CURVE_WITH_KNOTS('',1,(#11536,#11537),.UNSPECIFIED.,
  .F.,.F.,(2,2),(-12.,4.),.PIECEWISE_BEZIER_KNOTS.);
#11536 = CARTESIAN_POINT('',(0.887187078898,-8.));
#11537 = CARTESIAN_POINT('',(0.887187078898,8.));
#11538 = ( GEOMETRIC_REPRESENTATION_CONTEXT(2) 
PARAMETRIC_REPRESENTATION_CONTEXT() REPRESENTATION_CONTEXT('2D SPACE',''
  ) );
#11539 = PCURVE('',#4828,#11540);
#11540 = DEFINITIONAL_REPRESENTATION('',(#11541),#11544);
#11541 = B_SPLINE_CURVE_WITH_KNOTS('',1,(#11542,#11543),.UNSPECIFIED.,
  .F.,.F.,(2,2),(-12.,4.),.PIECEWISE_BEZIER_KNOTS.);
#11542 = CARTESIAN_POINT('',(16.,-31.8623159483));
#11543 = CARTESIAN_POINT('',(0.,-31.8623159483));
#11544 = ( GEOMETRIC_REPRESENTATION_CONTEXT(2) 
PARAMETRIC_REPRESENTATION_CONTEXT() REPRESENTATION_CONTEXT('2D SPACE',''
  ) );
#11545 = ADVANCED_FACE('',(#11546),#4828,.T.);
#11546 = FACE_BOUND('',#11547,.T.);
#11547 = EDGE_LOOP('',(#11548,#11549,#11550,#11551));
#11548 = ORIENTED_EDGE('',*,*,#10051,.T.);
#11549 = ORIENTED_EDGE('',*,*,#11527,.F.);
#11550 = ORIENTED_EDGE('',*,*,#4812,.F.);
#11551 = ORIENTED_EDGE('',*,*,#11552,.F.);
#11552 = EDGE_CURVE('',#10052,#4787,#11553,.T.);
#11553 = SURFACE_CURVE('',#11554,(#11558,#11564),.PCURVE_S1.);
#11554 = LINE('',#11555,#11556);
#11555 = CARTESIAN_POINT('',(-22.66025403784,-4.,-13.85640646055));
#11556 = VECTOR('',#11557,1.);
#11557 = DIRECTION('',(3.845925372767E-16,1.,-2.22044604925E-16));
#11558 = PCURVE('',#4828,#11559);
#11559 = DEFINITIONAL_REPRESENTATION('',(#11560),#11563);
#11560 = B_SPLINE_CURVE_WITH_KNOTS('',1,(#11561,#11562),.UNSPECIFIED.,
  .F.,.F.,(2,2),(-4.,12.),.PIECEWISE_BEZIER_KNOTS.);
#11561 = CARTESIAN_POINT('',(0.,-22.66025403784));
#11562 = CARTESIAN_POINT('',(16.,-22.66025403784));
#11563 = ( GEOMETRIC_REPRESENTATION_CONTEXT(2) 
PARAMETRIC_REPRESENTATION_CONTEXT() REPRESENTATION_CONTEXT('2D SPACE',''
  ) );
#11564 = PCURVE('',#4801,#11565);
#11565 = DEFINITIONAL_REPRESENTATION('',(#11566),#11569);
#11566 = B_SPLINE_CURVE_WITH_KNOTS('',1,(#11567,#11568),.UNSPECIFIED.,
  .F.,.F.,(2,2),(-4.,12.),.PIECEWISE_BEZIER_KNOTS.);
#11567 = CARTESIAN_POINT('',(4.112812921102,8.));
#11568 = CARTESIAN_POINT('',(4.112812921102,-8.));
#11569 = ( GEOMETRIC_REPRESENTATION_CONTEXT(2) 
PARAMETRIC_REPRESENTATION_CONTEXT() REPRESENTATION_CONTEXT('2D SPACE',''
  ) );
#11570 = ADVANCED_FACE('',(#11571),#4801,.F.);
#11571 = FACE_BOUND('',#11572,.F.);
#11572 = EDGE_LOOP('',(#11573,#11594,#11595,#11596));
#11573 = ORIENTED_EDGE('',*,*,#11574,.F.);
#11574 = EDGE_CURVE('',#4761,#10075,#11575,.T.);
#11575 = SURFACE_CURVE('',#11576,(#11580,#11587),.PCURVE_S1.);
#11576 = LINE('',#11577,#11578);
#11577 = CARTESIAN_POINT('',(-26.22205450853,21.,-11.8));
#11578 = VECTOR('',#11579,1.);
#11579 = DIRECTION('',(0.,-1.,0.));
#11580 = PCURVE('',#4801,#11581);
#11581 = DEFINITIONAL_REPRESENTATION('',(#11582),#11586);
#11582 = LINE('',#11583,#11584);
#11583 = CARTESIAN_POINT('',(0.,-21.));
#11584 = VECTOR('',#11585,1.);
#11585 = DIRECTION('',(0.,1.));
#11586 = ( GEOMETRIC_REPRESENTATION_CONTEXT(2) 
PARAMETRIC_REPRESENTATION_CONTEXT() REPRESENTATION_CONTEXT('2D SPACE',''
  ) );
#11587 = PCURVE('',#4775,#11588);
#11588 = DEFINITIONAL_REPRESENTATION('',(#11589),#11593);
#11589 = LINE('',#11590,#11591);
#11590 = CARTESIAN_POINT('',(5.,-21.));
#11591 = VECTOR('',#11592,1.);
#11592 = DIRECTION('',(-0.,1.));
#11593 = ( GEOMETRIC_REPRESENTATION_CONTEXT(2) 
PARAMETRIC_REPRESENTATION_CONTEXT() REPRESENTATION_CONTEXT('2D SPACE',''
  ) );
#11594 = ORIENTED_EDGE('',*,*,#4786,.F.);
#11595 = ORIENTED_EDGE('',*,*,#11552,.F.);
#11596 = ORIENTED_EDGE('',*,*,#10074,.F.);
#11597 = ADVANCED_FACE('',(#11598),#4775,.F.);
#11598 = FACE_BOUND('',#11599,.F.);
#11599 = EDGE_LOOP('',(#11600,#11621,#11622,#11623));
#11600 = ORIENTED_EDGE('',*,*,#11601,.F.);
#11601 = EDGE_CURVE('',#4735,#10096,#11602,.T.);
#11602 = SURFACE_CURVE('',#11603,(#11607,#11614),.PCURVE_S1.);
#11603 = LINE('',#11604,#11605);
#11604 = CARTESIAN_POINT('',(-26.22205450853,21.,-6.8));
#11605 = VECTOR('',#11606,1.);
#11606 = DIRECTION('',(0.,-1.,0.));
#11607 = PCURVE('',#4775,#11608);
#11608 = DEFINITIONAL_REPRESENTATION('',(#11609),#11613);
#11609 = LINE('',#11610,#11611);
#11610 = CARTESIAN_POINT('',(0.,-21.));
#11611 = VECTOR('',#11612,1.);
#11612 = DIRECTION('',(-0.,1.));
#11613 = ( GEOMETRIC_REPRESENTATION_CONTEXT(2) 
PARAMETRIC_REPRESENTATION_CONTEXT() REPRESENTATION_CONTEXT('2D SPACE',''
  ) );
#11614 = PCURVE('',#4749,#11615);
#11615 = DEFINITIONAL_REPRESENTATION('',(#11616),#11620);
#11616 = LINE('',#11617,#11618);
#11617 = CARTESIAN_POINT('',(5.,-21.));
#11618 = VECTOR('',#11619,1.);
#11619 = DIRECTION('',(-0.,1.));
#11620 = ( GEOMETRIC_REPRESENTATION_CONTEXT(2) 
PARAMETRIC_REPRESENTATION_CONTEXT() REPRESENTATION_CONTEXT('2D SPACE',''
  ) );
#11621 = ORIENTED_EDGE('',*,*,#4760,.F.);
#11622 = ORIENTED_EDGE('',*,*,#11574,.T.);
#11623 = ORIENTED_EDGE('',*,*,#10095,.F.);
#11624 = ADVANCED_FACE('',(#11625),#4749,.F.);
#11625 = FACE_BOUND('',#11626,.F.);
#11626 = EDGE_LOOP('',(#11627,#11648,#11649,#11650));
#11627 = ORIENTED_EDGE('',*,*,#11628,.T.);
#11628 = EDGE_CURVE('',#10117,#4709,#11629,.T.);
#11629 = SURFACE_CURVE('',#11630,(#11634,#11641),.PCURVE_S1.);
#11630 = LINE('',#11631,#11632);
#11631 = CARTESIAN_POINT('',(-21.8919274896,-21.,-4.3));
#11632 = VECTOR('',#11633,1.);
#11633 = DIRECTION('',(0.,1.,0.));
#11634 = PCURVE('',#4749,#11635);
#11635 = DEFINITIONAL_REPRESENTATION('',(#11636),#11640);
#11636 = LINE('',#11637,#11638);
#11637 = CARTESIAN_POINT('',(-0.,21.));
#11638 = VECTOR('',#11639,1.);
#11639 = DIRECTION('',(0.,-1.));
#11640 = ( GEOMETRIC_REPRESENTATION_CONTEXT(2) 
PARAMETRIC_REPRESENTATION_CONTEXT() REPRESENTATION_CONTEXT('2D SPACE',''
  ) );
#11641 = PCURVE('',#4723,#11642);
#11642 = DEFINITIONAL_REPRESENTATION('',(#11643),#11647);
#11643 = LINE('',#11644,#11645);
#11644 = CARTESIAN_POINT('',(5.,21.));
#11645 = VECTOR('',#11646,1.);
#11646 = DIRECTION('',(0.,-1.));
#11647 = ( GEOMETRIC_REPRESENTATION_CONTEXT(2) 
PARAMETRIC_REPRESENTATION_CONTEXT() REPRESENTATION_CONTEXT('2D SPACE',''
  ) );
#11648 = ORIENTED_EDGE('',*,*,#4734,.F.);
#11649 = ORIENTED_EDGE('',*,*,#11601,.T.);
#11650 = ORIENTED_EDGE('',*,*,#10116,.F.);
#11651 = ADVANCED_FACE('',(#11652),#4723,.F.);
#11652 = FACE_BOUND('',#11653,.F.);
#11653 = EDGE_LOOP('',(#11654,#11675,#11676,#11677));
#11654 = ORIENTED_EDGE('',*,*,#11655,.T.);
#11655 = EDGE_CURVE('',#10138,#4683,#11656,.T.);
#11656 = SURFACE_CURVE('',#11657,(#11661,#11668),.PCURVE_S1.);
#11657 = LINE('',#11658,#11659);
#11658 = CARTESIAN_POINT('',(-17.56180047068,-21.,-6.8));
#11659 = VECTOR('',#11660,1.);
#11660 = DIRECTION('',(0.,1.,0.));
#11661 = PCURVE('',#4723,#11662);
#11662 = DEFINITIONAL_REPRESENTATION('',(#11663),#11667);
#11663 = LINE('',#11664,#11665);
#11664 = CARTESIAN_POINT('',(0.,21.));
#11665 = VECTOR('',#11666,1.);
#11666 = DIRECTION('',(0.,-1.));
#11667 = ( GEOMETRIC_REPRESENTATION_CONTEXT(2) 
PARAMETRIC_REPRESENTATION_CONTEXT() REPRESENTATION_CONTEXT('2D SPACE',''
  ) );
#11668 = PCURVE('',#4697,#11669);
#11669 = DEFINITIONAL_REPRESENTATION('',(#11670),#11674);
#11670 = LINE('',#11671,#11672);
#11671 = CARTESIAN_POINT('',(5.,21.));
#11672 = VECTOR('',#11673,1.);
#11673 = DIRECTION('',(0.,-1.));
#11674 = ( GEOMETRIC_REPRESENTATION_CONTEXT(2) 
PARAMETRIC_REPRESENTATION_CONTEXT() REPRESENTATION_CONTEXT('2D SPACE',''
  ) );
#11675 = ORIENTED_EDGE('',*,*,#4708,.F.);
#11676 = ORIENTED_EDGE('',*,*,#11628,.F.);
#11677 = ORIENTED_EDGE('',*,*,#10137,.F.);
#11678 = ADVANCED_FACE('',(#11679),#4697,.F.);
#11679 = FACE_BOUND('',#11680,.F.);
#11680 = EDGE_LOOP('',(#11681,#11702,#11703,#11704));
#11681 = ORIENTED_EDGE('',*,*,#11682,.T.);
#11682 = EDGE_CURVE('',#10159,#4657,#11683,.T.);
#11683 = SURFACE_CURVE('',#11684,(#11688,#11695),.PCURVE_S1.);
#11684 = LINE('',#11685,#11686);
#11685 = CARTESIAN_POINT('',(-17.56180047068,-21.,-11.8));
#11686 = VECTOR('',#11687,1.);
#11687 = DIRECTION('',(0.,1.,0.));
#11688 = PCURVE('',#4697,#11689);
#11689 = DEFINITIONAL_REPRESENTATION('',(#11690),#11694);
#11690 = LINE('',#11691,#11692);
#11691 = CARTESIAN_POINT('',(0.,21.));
#11692 = VECTOR('',#11693,1.);
#11693 = DIRECTION('',(0.,-1.));
#11694 = ( GEOMETRIC_REPRESENTATION_CONTEXT(2) 
PARAMETRIC_REPRESENTATION_CONTEXT() REPRESENTATION_CONTEXT('2D SPACE',''
  ) );
#11695 = PCURVE('',#4671,#11696);
#11696 = DEFINITIONAL_REPRESENTATION('',(#11697),#11701);
#11697 = LINE('',#11698,#11699);
#11698 = CARTESIAN_POINT('',(5.,21.));
#11699 = VECTOR('',#11700,1.);
#11700 = DIRECTION('',(0.,-1.));
#11701 = ( GEOMETRIC_REPRESENTATION_CONTEXT(2) 
PARAMETRIC_REPRESENTATION_CONTEXT() REPRESENTATION_CONTEXT('2D SPACE',''
  ) );
#11702 = ORIENTED_EDGE('',*,*,#4682,.F.);
#11703 = ORIENTED_EDGE('',*,*,#11655,.F.);
#11704 = ORIENTED_EDGE('',*,*,#10158,.F.);
#11705 = ADVANCED_FACE('',(#11706),#4671,.F.);
#11706 = FACE_BOUND('',#11707,.F.);
#11707 = EDGE_LOOP('',(#11708,#11709,#11710,#11711));
#11708 = ORIENTED_EDGE('',*,*,#4656,.F.);
#11709 = ORIENTED_EDGE('',*,*,#11682,.F.);
#11710 = ORIENTED_EDGE('',*,*,#10179,.F.);
#11711 = ORIENTED_EDGE('',*,*,#11712,.F.);
#11712 = EDGE_CURVE('',#4629,#10180,#11713,.T.);
#11713 = SURFACE_CURVE('',#11714,(#11718,#11724),.PCURVE_S1.);
#11714 = LINE('',#11715,#11716);
#11715 = CARTESIAN_POINT('',(-21.12360094137,-4.,-13.85640646055));
#11716 = VECTOR('',#11717,1.);
#11717 = DIRECTION('',(3.845925372767E-16,-1.,2.22044604925E-16));
#11718 = PCURVE('',#4671,#11719);
#11719 = DEFINITIONAL_REPRESENTATION('',(#11720),#11723);
#11720 = B_SPLINE_CURVE_WITH_KNOTS('',1,(#11721,#11722),.UNSPECIFIED.,
  .F.,.F.,(2,2),(-12.,4.),.PIECEWISE_BEZIER_KNOTS.);
#11721 = CARTESIAN_POINT('',(0.887187078898,-8.));
#11722 = CARTESIAN_POINT('',(0.887187078898,8.));
#11723 = ( GEOMETRIC_REPRESENTATION_CONTEXT(2) 
PARAMETRIC_REPRESENTATION_CONTEXT() REPRESENTATION_CONTEXT('2D SPACE',''
  ) );
#11724 = PCURVE('',#4644,#11725);
#11725 = DEFINITIONAL_REPRESENTATION('',(#11726),#11729);
#11726 = B_SPLINE_CURVE_WITH_KNOTS('',1,(#11727,#11728),.UNSPECIFIED.,
  .F.,.F.,(2,2),(-12.,4.),.PIECEWISE_BEZIER_KNOTS.);
#11727 = CARTESIAN_POINT('',(16.,-21.12360094137));
#11728 = CARTESIAN_POINT('',(0.,-21.12360094137));
#11729 = ( GEOMETRIC_REPRESENTATION_CONTEXT(2) 
PARAMETRIC_REPRESENTATION_CONTEXT() REPRESENTATION_CONTEXT('2D SPACE',''
  ) );
#11730 = ADVANCED_FACE('',(#11731),#4644,.T.);
#11731 = FACE_BOUND('',#11732,.T.);
#11732 = EDGE_LOOP('',(#11733,#11734,#11735,#11736));
#11733 = ORIENTED_EDGE('',*,*,#10200,.T.);
#11734 = ORIENTED_EDGE('',*,*,#11712,.F.);
#11735 = ORIENTED_EDGE('',*,*,#4628,.F.);
#11736 = ORIENTED_EDGE('',*,*,#11737,.F.);
#11737 = EDGE_CURVE('',#10201,#4603,#11738,.T.);
#11738 = SURFACE_CURVE('',#11739,(#11743,#11749),.PCURVE_S1.);
#11739 = LINE('',#11740,#11741);
#11740 = CARTESIAN_POINT('',(-11.92153903091,-4.,-13.85640646055));
#11741 = VECTOR('',#11742,1.);
#11742 = DIRECTION('',(3.845925372767E-16,1.,-2.22044604925E-16));
#11743 = PCURVE('',#4644,#11744);
#11744 = DEFINITIONAL_REPRESENTATION('',(#11745),#11748);
#11745 = B_SPLINE_CURVE_WITH_KNOTS('',1,(#11746,#11747),.UNSPECIFIED.,
  .F.,.F.,(2,2),(-4.,12.),.PIECEWISE_BEZIER_KNOTS.);
#11746 = CARTESIAN_POINT('',(0.,-11.92153903091));
#11747 = CARTESIAN_POINT('',(16.,-11.92153903091));
#11748 = ( GEOMETRIC_REPRESENTATION_CONTEXT(2) 
PARAMETRIC_REPRESENTATION_CONTEXT() REPRESENTATION_CONTEXT('2D SPACE',''
  ) );
#11749 = PCURVE('',#4617,#11750);
#11750 = DEFINITIONAL_REPRESENTATION('',(#11751),#11754);
#11751 = B_SPLINE_CURVE_WITH_KNOTS('',1,(#11752,#11753),.UNSPECIFIED.,
  .F.,.F.,(2,2),(-4.,12.),.PIECEWISE_BEZIER_KNOTS.);
#11752 = CARTESIAN_POINT('',(4.112812921102,8.));
#11753 = CARTESIAN_POINT('',(4.112812921102,-8.));
#11754 = ( GEOMETRIC_REPRESENTATION_CONTEXT(2) 
PARAMETRIC_REPRESENTATION_CONTEXT() REPRESENTATION_CONTEXT('2D SPACE',''
  ) );
#11755 = ADVANCED_FACE('',(#11756),#4617,.F.);
#11756 = FACE_BOUND('',#11757,.F.);
#11757 = EDGE_LOOP('',(#11758,#11779,#11780,#11781));
#11758 = ORIENTED_EDGE('',*,*,#11759,.F.);
#11759 = EDGE_CURVE('',#4577,#10224,#11760,.T.);
#11760 = SURFACE_CURVE('',#11761,(#11765,#11772),.PCURVE_S1.);
#11761 = LINE('',#11762,#11763);
#11762 = CARTESIAN_POINT('',(-15.4833395016,21.,-11.8));
#11763 = VECTOR('',#11764,1.);
#11764 = DIRECTION('',(0.,-1.,0.));
#11765 = PCURVE('',#4617,#11766);
#11766 = DEFINITIONAL_REPRESENTATION('',(#11767),#11771);
#11767 = LINE('',#11768,#11769);
#11768 = CARTESIAN_POINT('',(0.,-21.));
#11769 = VECTOR('',#11770,1.);
#11770 = DIRECTION('',(0.,1.));
#11771 = ( GEOMETRIC_REPRESENTATION_CONTEXT(2) 
PARAMETRIC_REPRESENTATION_CONTEXT() REPRESENTATION_CONTEXT('2D SPACE',''
  ) );
#11772 = PCURVE('',#4591,#11773);
#11773 = DEFINITIONAL_REPRESENTATION('',(#11774),#11778);
#11774 = LINE('',#11775,#11776);
#11775 = CARTESIAN_POINT('',(5.,-21.));
#11776 = VECTOR('',#11777,1.);
#11777 = DIRECTION('',(-0.,1.));
#11778 = ( GEOMETRIC_REPRESENTATION_CONTEXT(2) 
PARAMETRIC_REPRESENTATION_CONTEXT() REPRESENTATION_CONTEXT('2D SPACE',''
  ) );
#11779 = ORIENTED_EDGE('',*,*,#4602,.F.);
#11780 = ORIENTED_EDGE('',*,*,#11737,.F.);
#11781 = ORIENTED_EDGE('',*,*,#10223,.F.);
#11782 = ADVANCED_FACE('',(#11783),#4591,.F.);
#11783 = FACE_BOUND('',#11784,.F.);
#11784 = EDGE_LOOP('',(#11785,#11806,#11807,#11808));
#11785 = ORIENTED_EDGE('',*,*,#11786,.F.);
#11786 = EDGE_CURVE('',#4551,#10245,#11787,.T.);
#11787 = SURFACE_CURVE('',#11788,(#11792,#11799),.PCURVE_S1.);
#11788 = LINE('',#11789,#11790);
#11789 = CARTESIAN_POINT('',(-15.4833395016,21.,-6.8));
#11790 = VECTOR('',#11791,1.);
#11791 = DIRECTION('',(0.,-1.,0.));
#11792 = PCURVE('',#4591,#11793);
#11793 = DEFINITIONAL_REPRESENTATION('',(#11794),#11798);
#11794 = LINE('',#11795,#11796);
#11795 = CARTESIAN_POINT('',(0.,-21.));
#11796 = VECTOR('',#11797,1.);
#11797 = DIRECTION('',(-0.,1.));
#11798 = ( GEOMETRIC_REPRESENTATION_CONTEXT(2) 
PARAMETRIC_REPRESENTATION_CONTEXT() REPRESENTATION_CONTEXT('2D SPACE',''
  ) );
#11799 = PCURVE('',#4565,#11800);
#11800 = DEFINITIONAL_REPRESENTATION('',(#11801),#11805);
#11801 = LINE('',#11802,#11803);
#11802 = CARTESIAN_POINT('',(5.,-21.));
#11803 = VECTOR('',#11804,1.);
#11804 = DIRECTION('',(-0.,1.));
#11805 = ( GEOMETRIC_REPRESENTATION_CONTEXT(2) 
PARAMETRIC_REPRESENTATION_CONTEXT() REPRESENTATION_CONTEXT('2D SPACE',''
  ) );
#11806 = ORIENTED_EDGE('',*,*,#4576,.F.);
#11807 = ORIENTED_EDGE('',*,*,#11759,.T.);
#11808 = ORIENTED_EDGE('',*,*,#10244,.F.);
#11809 = ADVANCED_FACE('',(#11810),#4565,.F.);
#11810 = FACE_BOUND('',#11811,.F.);
#11811 = EDGE_LOOP('',(#11812,#11833,#11834,#11835));
#11812 = ORIENTED_EDGE('',*,*,#11813,.T.);
#11813 = EDGE_CURVE('',#10266,#4525,#11814,.T.);
#11814 = SURFACE_CURVE('',#11815,(#11819,#11826),.PCURVE_S1.);
#11815 = LINE('',#11816,#11817);
#11816 = CARTESIAN_POINT('',(-11.15321248268,-21.,-4.3));
#11817 = VECTOR('',#11818,1.);
#11818 = DIRECTION('',(0.,1.,0.));
#11819 = PCURVE('',#4565,#11820);
#11820 = DEFINITIONAL_REPRESENTATION('',(#11821),#11825);
#11821 = LINE('',#11822,#11823);
#11822 = CARTESIAN_POINT('',(-0.,21.));
#11823 = VECTOR('',#11824,1.);
#11824 = DIRECTION('',(0.,-1.));
#11825 = ( GEOMETRIC_REPRESENTATION_CONTEXT(2) 
PARAMETRIC_REPRESENTATION_CONTEXT() REPRESENTATION_CONTEXT('2D SPACE',''
  ) );
#11826 = PCURVE('',#4539,#11827);
#11827 = DEFINITIONAL_REPRESENTATION('',(#11828),#11832);
#11828 = LINE('',#11829,#11830);
#11829 = CARTESIAN_POINT('',(5.,21.));
#11830 = VECTOR('',#11831,1.);
#11831 = DIRECTION('',(0.,-1.));
#11832 = ( GEOMETRIC_REPRESENTATION_CONTEXT(2) 
PARAMETRIC_REPRESENTATION_CONTEXT() REPRESENTATION_CONTEXT('2D SPACE',''
  ) );
#11833 = ORIENTED_EDGE('',*,*,#4550,.F.);
#11834 = ORIENTED_EDGE('',*,*,#11786,.T.);
#11835 = ORIENTED_EDGE('',*,*,#10265,.F.);
#11836 = ADVANCED_FACE('',(#11837),#4539,.F.);
#11837 = FACE_BOUND('',#11838,.F.);
#11838 = EDGE_LOOP('',(#11839,#11860,#11861,#11862));
#11839 = ORIENTED_EDGE('',*,*,#11840,.T.);
#11840 = EDGE_CURVE('',#10287,#4499,#11841,.T.);
#11841 = SURFACE_CURVE('',#11842,(#11846,#11853),.PCURVE_S1.);
#11842 = LINE('',#11843,#11844);
#11843 = CARTESIAN_POINT('',(-6.82308546376,-21.,-6.8));
#11844 = VECTOR('',#11845,1.);
#11845 = DIRECTION('',(0.,1.,0.));
#11846 = PCURVE('',#4539,#11847);
#11847 = DEFINITIONAL_REPRESENTATION('',(#11848),#11852);
#11848 = LINE('',#11849,#11850);
#11849 = CARTESIAN_POINT('',(0.,21.));
#11850 = VECTOR('',#11851,1.);
#11851 = DIRECTION('',(0.,-1.));
#11852 = ( GEOMETRIC_REPRESENTATION_CONTEXT(2) 
PARAMETRIC_REPRESENTATION_CONTEXT() REPRESENTATION_CONTEXT('2D SPACE',''
  ) );
#11853 = PCURVE('',#4513,#11854);
#11854 = DEFINITIONAL_REPRESENTATION('',(#11855),#11859);
#11855 = LINE('',#11856,#11857);
#11856 = CARTESIAN_POINT('',(5.,21.));
#11857 = VECTOR('',#11858,1.);
#11858 = DIRECTION('',(0.,-1.));
#11859 = ( GEOMETRIC_REPRESENTATION_CONTEXT(2) 
PARAMETRIC_REPRESENTATION_CONTEXT() REPRESENTATION_CONTEXT('2D SPACE',''
  ) );
#11860 = ORIENTED_EDGE('',*,*,#4524,.F.);
#11861 = ORIENTED_EDGE('',*,*,#11813,.F.);
#11862 = ORIENTED_EDGE('',*,*,#10286,.F.);
#11863 = ADVANCED_FACE('',(#11864),#4513,.F.);
#11864 = FACE_BOUND('',#11865,.F.);
#11865 = EDGE_LOOP('',(#11866,#11887,#11888,#11889));
#11866 = ORIENTED_EDGE('',*,*,#11867,.T.);
#11867 = EDGE_CURVE('',#10308,#4473,#11868,.T.);
#11868 = SURFACE_CURVE('',#11869,(#11873,#11880),.PCURVE_S1.);
#11869 = LINE('',#11870,#11871);
#11870 = CARTESIAN_POINT('',(-6.82308546376,-21.,-11.8));
#11871 = VECTOR('',#11872,1.);
#11872 = DIRECTION('',(0.,1.,0.));
#11873 = PCURVE('',#4513,#11874);
#11874 = DEFINITIONAL_REPRESENTATION('',(#11875),#11879);
#11875 = LINE('',#11876,#11877);
#11876 = CARTESIAN_POINT('',(0.,21.));
#11877 = VECTOR('',#11878,1.);
#11878 = DIRECTION('',(0.,-1.));
#11879 = ( GEOMETRIC_REPRESENTATION_CONTEXT(2) 
PARAMETRIC_REPRESENTATION_CONTEXT() REPRESENTATION_CONTEXT('2D SPACE',''
  ) );
#11880 = PCURVE('',#4487,#11881);
#11881 = DEFINITIONAL_REPRESENTATION('',(#11882),#11886);
#11882 = LINE('',#11883,#11884);
#11883 = CARTESIAN_POINT('',(5.,21.));
#11884 = VECTOR('',#11885,1.);
#11885 = DIRECTION('',(0.,-1.));
#11886 = ( GEOMETRIC_REPRESENTATION_CONTEXT(2) 
PARAMETRIC_REPRESENTATION_CONTEXT() REPRESENTATION_CONTEXT('2D SPACE',''
  ) );
#11887 = ORIENTED_EDGE('',*,*,#4498,.F.);
#11888 = ORIENTED_EDGE('',*,*,#11840,.F.);
#11889 = ORIENTED_EDGE('',*,*,#10307,.F.);
#11890 = ADVANCED_FACE('',(#11891),#4487,.F.);
#11891 = FACE_BOUND('',#11892,.F.);
#11892 = EDGE_LOOP('',(#11893,#11894,#11895,#11896));
#11893 = ORIENTED_EDGE('',*,*,#4472,.F.);
#11894 = ORIENTED_EDGE('',*,*,#11867,.F.);
#11895 = ORIENTED_EDGE('',*,*,#10328,.F.);
#11896 = ORIENTED_EDGE('',*,*,#11897,.F.);
#11897 = EDGE_CURVE('',#4445,#10329,#11898,.T.);
#11898 = SURFACE_CURVE('',#11899,(#11903,#11909),.PCURVE_S1.);
#11899 = LINE('',#11900,#11901);
#11900 = CARTESIAN_POINT('',(-10.38488593444,-4.,-13.85640646055));
#11901 = VECTOR('',#11902,1.);
#11902 = DIRECTION('',(3.845925372767E-16,-1.,2.22044604925E-16));
#11903 = PCURVE('',#4487,#11904);
#11904 = DEFINITIONAL_REPRESENTATION('',(#11905),#11908);
#11905 = B_SPLINE_CURVE_WITH_KNOTS('',1,(#11906,#11907),.UNSPECIFIED.,
  .F.,.F.,(2,2),(-12.,4.),.PIECEWISE_BEZIER_KNOTS.);
#11906 = CARTESIAN_POINT('',(0.887187078898,-8.));
#11907 = CARTESIAN_POINT('',(0.887187078898,8.));
#11908 = ( GEOMETRIC_REPRESENTATION_CONTEXT(2) 
PARAMETRIC_REPRESENTATION_CONTEXT() REPRESENTATION_CONTEXT('2D SPACE',''
  ) );
#11909 = PCURVE('',#4460,#11910);
#11910 = DEFINITIONAL_REPRESENTATION('',(#11911),#11914);
#11911 = B_SPLINE_CURVE_WITH_KNOTS('',1,(#11912,#11913),.UNSPECIFIED.,
  .F.,.F.,(2,2),(-12.,4.),.PIECEWISE_BEZIER_KNOTS.);
#11912 = CARTESIAN_POINT('',(16.,-10.38488593444));
#11913 = CARTESIAN_POINT('',(0.,-10.38488593444));
#11914 = ( GEOMETRIC_REPRESENTATION_CONTEXT(2) 
PARAMETRIC_REPRESENTATION_CONTEXT() REPRESENTATION_CONTEXT('2D SPACE',''
  ) );
#11915 = ADVANCED_FACE('',(#11916,#11940),#4460,.T.);
#11916 = FACE_BOUND('',#11917,.T.);
#11917 = EDGE_LOOP('',(#11918,#11919,#11920,#11921));
#11918 = ORIENTED_EDGE('',*,*,#10349,.T.);
#11919 = ORIENTED_EDGE('',*,*,#11897,.F.);
#11920 = ORIENTED_EDGE('',*,*,#4444,.F.);
#11921 = ORIENTED_EDGE('',*,*,#11922,.F.);
#11922 = EDGE_CURVE('',#10350,#4419,#11923,.T.);
#11923 = SURFACE_CURVE('',#11924,(#11928,#11934),.PCURVE_S1.);
#11924 = LINE('',#11925,#11926);
#11925 = CARTESIAN_POINT('',(-1.18282402399,-4.,-13.85640646055));
#11926 = VECTOR('',#11927,1.);
#11927 = DIRECTION('',(3.845925372767E-16,1.,-2.22044604925E-16));
#11928 = PCURVE('',#4460,#11929);
#11929 = DEFINITIONAL_REPRESENTATION('',(#11930),#11933);
#11930 = B_SPLINE_CURVE_WITH_KNOTS('',1,(#11931,#11932),.UNSPECIFIED.,
  .F.,.F.,(2,2),(-4.,12.),.PIECEWISE_BEZIER_KNOTS.);
#11931 = CARTESIAN_POINT('',(0.,-1.18282402399));
#11932 = CARTESIAN_POINT('',(16.,-1.18282402399));
#11933 = ( GEOMETRIC_REPRESENTATION_CONTEXT(2) 
PARAMETRIC_REPRESENTATION_CONTEXT() REPRESENTATION_CONTEXT('2D SPACE',''
  ) );
#11934 = PCURVE('',#4433,#11935);
#11935 = DEFINITIONAL_REPRESENTATION('',(#11936),#11939);
#11936 = B_SPLINE_CURVE_WITH_KNOTS('',1,(#11937,#11938),.UNSPECIFIED.,
  .F.,.F.,(2,2),(-4.,12.),.PIECEWISE_BEZIER_KNOTS.);
#11937 = CARTESIAN_POINT('',(4.112812921102,8.));
#11938 = CARTESIAN_POINT('',(4.112812921102,-8.));
#11939 = ( GEOMETRIC_REPRESENTATION_CONTEXT(2) 
PARAMETRIC_REPRESENTATION_CONTEXT() REPRESENTATION_CONTEXT('2D SPACE',''
  ) );
#11940 = FACE_BOUND('',#11941,.T.);
#11941 = EDGE_LOOP('',(#11942,#11970,#11996,#12022));
#11942 = ORIENTED_EDGE('',*,*,#11943,.F.);
#11943 = EDGE_CURVE('',#11944,#11946,#11948,.T.);
#11944 = VERTEX_POINT('',#11945);
#11945 = CARTESIAN_POINT('',(-4.5,7.5,-13.85640646055));
#11946 = VERTEX_POINT('',#11947);
#11947 = CARTESIAN_POINT('',(-1.5,7.5,-13.85640646055));
#11948 = SURFACE_CURVE('',#11949,(#11953,#11959),.PCURVE_S1.);
#11949 = LINE('',#11950,#11951);
#11950 = CARTESIAN_POINT('',(-2.25,7.5,-13.85640646055));
#11951 = VECTOR('',#11952,1.);
#11952 = DIRECTION('',(1.,-0.,0.));
#11953 = PCURVE('',#4460,#11954);
#11954 = DEFINITIONAL_REPRESENTATION('',(#11955),#11958);
#11955 = B_SPLINE_CURVE_WITH_KNOTS('',1,(#11956,#11957),.UNSPECIFIED.,
  .F.,.F.,(2,2),(-2.25,0.75),.PIECEWISE_BEZIER_KNOTS.);
#11956 = CARTESIAN_POINT('',(15.5,-4.5));
#11957 = CARTESIAN_POINT('',(15.5,-1.5));
#11958 = ( GEOMETRIC_REPRESENTATION_CONTEXT(2) 
PARAMETRIC_REPRESENTATION_CONTEXT() REPRESENTATION_CONTEXT('2D SPACE',''
  ) );
#11959 = PCURVE('',#11960,#11965);
#11960 = PLANE('',#11961);
#11961 = AXIS2_PLACEMENT_3D('',#11962,#11963,#11964);
#11962 = CARTESIAN_POINT('',(-4.5,7.5,-28.));
#11963 = DIRECTION('',(0.,1.,0.));
#11964 = DIRECTION('',(0.,0.,1.));
#11965 = DEFINITIONAL_REPRESENTATION('',(#11966),#11969);
#11966 = B_SPLINE_CURVE_WITH_KNOTS('',1,(#11967,#11968),.UNSPECIFIED.,
  .F.,.F.,(2,2),(-2.25,0.75),.PIECEWISE_BEZIER_KNOTS.);
#11967 = CARTESIAN_POINT('',(14.143593539449,0.));
#11968 = CARTESIAN_POINT('',(14.143593539449,3.));
#11969 = ( GEOMETRIC_REPRESENTATION_CONTEXT(2) 
PARAMETRIC_REPRESENTATION_CONTEXT() REPRESENTATION_CONTEXT('2D SPACE',''
  ) );
#11970 = ORIENTED_EDGE('',*,*,#11971,.T.);
#11971 = EDGE_CURVE('',#11944,#11972,#11974,.T.);
#11972 = VERTEX_POINT('',#11973);
#11973 = CARTESIAN_POINT('',(-4.5,-7.5,-13.85640646055));
#11974 = SURFACE_CURVE('',#11975,(#11979,#11985),.PCURVE_S1.);
#11975 = LINE('',#11976,#11977);
#11976 = CARTESIAN_POINT('',(-4.5,-7.75,-13.85640646055));
#11977 = VECTOR('',#11978,1.);
#11978 = DIRECTION('',(0.,-1.,2.22044604925E-16));
#11979 = PCURVE('',#4460,#11980);
#11980 = DEFINITIONAL_REPRESENTATION('',(#11981),#11984);
#11981 = B_SPLINE_CURVE_WITH_KNOTS('',1,(#11982,#11983),.UNSPECIFIED.,
  .F.,.F.,(2,2),(-15.25,-0.25),.PIECEWISE_BEZIER_KNOTS.);
#11982 = CARTESIAN_POINT('',(15.5,-4.5));
#11983 = CARTESIAN_POINT('',(0.5,-4.5));
#11984 = ( GEOMETRIC_REPRESENTATION_CONTEXT(2) 
PARAMETRIC_REPRESENTATION_CONTEXT() REPRESENTATION_CONTEXT('2D SPACE',''
  ) );
#11985 = PCURVE('',#11986,#11991);
#11986 = PLANE('',#11987);
#11987 = AXIS2_PLACEMENT_3D('',#11988,#11989,#11990);
#11988 = CARTESIAN_POINT('',(-4.5,-7.5,-28.));
#11989 = DIRECTION('',(1.,0.,0.));
#11990 = DIRECTION('',(0.,0.,1.));
#11991 = DEFINITIONAL_REPRESENTATION('',(#11992),#11995);
#11992 = B_SPLINE_CURVE_WITH_KNOTS('',1,(#11993,#11994),.UNSPECIFIED.,
  .F.,.F.,(2,2),(-15.25,-0.25),.PIECEWISE_BEZIER_KNOTS.);
#11993 = CARTESIAN_POINT('',(14.143593539449,-15.));
#11994 = CARTESIAN_POINT('',(14.143593539449,0.));
#11995 = ( GEOMETRIC_REPRESENTATION_CONTEXT(2) 
PARAMETRIC_REPRESENTATION_CONTEXT() REPRESENTATION_CONTEXT('2D SPACE',''
  ) );
#11996 = ORIENTED_EDGE('',*,*,#11997,.T.);
#11997 = EDGE_CURVE('',#11972,#11998,#12000,.T.);
#11998 = VERTEX_POINT('',#11999);
#11999 = CARTESIAN_POINT('',(-1.5,-7.5,-13.85640646055));
#12000 = SURFACE_CURVE('',#12001,(#12005,#12011),.PCURVE_S1.);
#12001 = LINE('',#12002,#12003);
#12002 = CARTESIAN_POINT('',(-2.25,-7.5,-13.85640646055));
#12003 = VECTOR('',#12004,1.);
#12004 = DIRECTION('',(1.,-0.,0.));
#12005 = PCURVE('',#4460,#12006);
#12006 = DEFINITIONAL_REPRESENTATION('',(#12007),#12010);
#12007 = B_SPLINE_CURVE_WITH_KNOTS('',1,(#12008,#12009),.UNSPECIFIED.,
  .F.,.F.,(2,2),(-2.25,0.75),.PIECEWISE_BEZIER_KNOTS.);
#12008 = CARTESIAN_POINT('',(0.5,-4.5));
#12009 = CARTESIAN_POINT('',(0.5,-1.5));
#12010 = ( GEOMETRIC_REPRESENTATION_CONTEXT(2) 
PARAMETRIC_REPRESENTATION_CONTEXT() REPRESENTATION_CONTEXT('2D SPACE',''
  ) );
#12011 = PCURVE('',#12012,#12017);
#12012 = PLANE('',#12013);
#12013 = AXIS2_PLACEMENT_3D('',#12014,#12015,#12016);
#12014 = CARTESIAN_POINT('',(-4.5,-7.5,-28.));
#12015 = DIRECTION('',(0.,1.,0.));
#12016 = DIRECTION('',(0.,0.,1.));
#12017 = DEFINITIONAL_REPRESENTATION('',(#12018),#12021);
#12018 = B_SPLINE_CURVE_WITH_KNOTS('',1,(#12019,#12020),.UNSPECIFIED.,
  .F.,.F.,(2,2),(-2.25,0.75),.PIECEWISE_BEZIER_KNOTS.);
#12019 = CARTESIAN_POINT('',(14.143593539449,0.));
#12020 = CARTESIAN_POINT('',(14.143593539449,3.));
#12021 = ( GEOMETRIC_REPRESENTATION_CONTEXT(2) 
PARAMETRIC_REPRESENTATION_CONTEXT() REPRESENTATION_CONTEXT('2D SPACE',''
  ) );
#12022 = ORIENTED_EDGE('',*,*,#12023,.F.);
#12023 = EDGE_CURVE('',#11946,#11998,#12024,.T.);
#12024 = SURFACE_CURVE('',#12025,(#12029,#12035),.PCURVE_S1.);
#12025 = LINE('',#12026,#12027);
#12026 = CARTESIAN_POINT('',(-1.5,-7.75,-13.85640646055));
#12027 = VECTOR('',#12028,1.);
#12028 = DIRECTION('',(0.,-1.,2.22044604925E-16));
#12029 = PCURVE('',#4460,#12030);
#12030 = DEFINITIONAL_REPRESENTATION('',(#12031),#12034);
#12031 = B_SPLINE_CURVE_WITH_KNOTS('',1,(#12032,#12033),.UNSPECIFIED.,
  .F.,.F.,(2,2),(-15.25,-0.25),.PIECEWISE_BEZIER_KNOTS.);
#12032 = CARTESIAN_POINT('',(15.5,-1.5));
#12033 = CARTESIAN_POINT('',(0.5,-1.5));
#12034 = ( GEOMETRIC_REPRESENTATION_CONTEXT(2) 
PARAMETRIC_REPRESENTATION_CONTEXT() REPRESENTATION_CONTEXT('2D SPACE',''
  ) );
#12035 = PCURVE('',#12036,#12041);
#12036 = PLANE('',#12037);
#12037 = AXIS2_PLACEMENT_3D('',#12038,#12039,#12040);
#12038 = CARTESIAN_POINT('',(-1.5,-7.5,-28.));
#12039 = DIRECTION('',(1.,0.,0.));
#12040 = DIRECTION('',(0.,0.,1.));
#12041 = DEFINITIONAL_REPRESENTATION('',(#12042),#12045);
#12042 = B_SPLINE_CURVE_WITH_KNOTS('',1,(#12043,#12044),.UNSPECIFIED.,
  .F.,.F.,(2,2),(-15.25,-0.25),.PIECEWISE_BEZIER_KNOTS.);
#12043 = CARTESIAN_POINT('',(14.143593539449,-15.));
#12044 = CARTESIAN_POINT('',(14.143593539449,0.));
#12045 = ( GEOMETRIC_REPRESENTATION_CONTEXT(2) 
PARAMETRIC_REPRESENTATION_CONTEXT() REPRESENTATION_CONTEXT('2D SPACE',''
  ) );
#12046 = ADVANCED_FACE('',(#12047,#12073),#4433,.F.);
#12047 = FACE_BOUND('',#12048,.F.);
#12048 = EDGE_LOOP('',(#12049,#12070,#12071,#12072));
#12049 = ORIENTED_EDGE('',*,*,#12050,.F.);
#12050 = EDGE_CURVE('',#4393,#10373,#12051,.T.);
#12051 = SURFACE_CURVE('',#12052,(#12056,#12063),.PCURVE_S1.);
#12052 = LINE('',#12053,#12054);
#12053 = CARTESIAN_POINT('',(-4.744624494678,21.,-11.8));
#12054 = VECTOR('',#12055,1.);
#12055 = DIRECTION('',(0.,-1.,0.));
#12056 = PCURVE('',#4433,#12057);
#12057 = DEFINITIONAL_REPRESENTATION('',(#12058),#12062);
#12058 = LINE('',#12059,#12060);
#12059 = CARTESIAN_POINT('',(0.,-21.));
#12060 = VECTOR('',#12061,1.);
#12061 = DIRECTION('',(0.,1.));
#12062 = ( GEOMETRIC_REPRESENTATION_CONTEXT(2) 
PARAMETRIC_REPRESENTATION_CONTEXT() REPRESENTATION_CONTEXT('2D SPACE',''
  ) );
#12063 = PCURVE('',#4407,#12064);
#12064 = DEFINITIONAL_REPRESENTATION('',(#12065),#12069);
#12065 = LINE('',#12066,#12067);
#12066 = CARTESIAN_POINT('',(5.,-21.));
#12067 = VECTOR('',#12068,1.);
#12068 = DIRECTION('',(-0.,1.));
#12069 = ( GEOMETRIC_REPRESENTATION_CONTEXT(2) 
PARAMETRIC_REPRESENTATION_CONTEXT() REPRESENTATION_CONTEXT('2D SPACE',''
  ) );
#12070 = ORIENTED_EDGE('',*,*,#4418,.F.);
#12071 = ORIENTED_EDGE('',*,*,#11922,.F.);
#12072 = ORIENTED_EDGE('',*,*,#10372,.F.);
#12073 = FACE_BOUND('',#12074,.F.);
#12074 = EDGE_LOOP('',(#12075,#12103,#12129,#12155));
#12075 = ORIENTED_EDGE('',*,*,#12076,.F.);
#12076 = EDGE_CURVE('',#12077,#12079,#12081,.T.);
#12077 = VERTEX_POINT('',#12078);
#12078 = CARTESIAN_POINT('',(-4.5,7.5,-11.94123401785));
#12079 = VERTEX_POINT('',#12080);
#12080 = CARTESIAN_POINT('',(-1.5,7.5,-13.67328482542));
#12081 = SURFACE_CURVE('',#12082,(#12086,#12092),.PCURVE_S1.);
#12082 = LINE('',#12083,#12084);
#12083 = CARTESIAN_POINT('',(-1.145487423846,7.5,-13.87796275669));
#12084 = VECTOR('',#12085,1.);
#12085 = DIRECTION('',(0.866025403784,0.,-0.5));
#12086 = PCURVE('',#4433,#12087);
#12087 = DEFINITIONAL_REPRESENTATION('',(#12088),#12091);
#12088 = B_SPLINE_CURVE_WITH_KNOTS('',1,(#12089,#12090),.UNSPECIFIED.,
  .F.,.F.,(2,2),(-3.873457477684,-0.409355862547),
  .PIECEWISE_BEZIER_KNOTS.);
#12089 = CARTESIAN_POINT('',(0.282468035705,-7.5));
#12090 = CARTESIAN_POINT('',(3.746569650843,-7.5));
#12091 = ( GEOMETRIC_REPRESENTATION_CONTEXT(2) 
PARAMETRIC_REPRESENTATION_CONTEXT() REPRESENTATION_CONTEXT('2D SPACE',''
  ) );
#12092 = PCURVE('',#12093,#12098);
#12093 = PLANE('',#12094);
#12094 = AXIS2_PLACEMENT_3D('',#12095,#12096,#12097);
#12095 = CARTESIAN_POINT('',(-4.5,7.5,-28.));
#12096 = DIRECTION('',(0.,1.,0.));
#12097 = DIRECTION('',(0.,0.,1.));
#12098 = DEFINITIONAL_REPRESENTATION('',(#12099),#12102);
#12099 = B_SPLINE_CURVE_WITH_KNOTS('',1,(#12100,#12101),.UNSPECIFIED.,
  .F.,.F.,(2,2),(-3.873457477684,-0.409355862547),
  .PIECEWISE_BEZIER_KNOTS.);
#12100 = CARTESIAN_POINT('',(16.058765982148,5.232200067582E-16));
#12101 = CARTESIAN_POINT('',(14.326715174579,3.));
#12102 = ( GEOMETRIC_REPRESENTATION_CONTEXT(2) 
PARAMETRIC_REPRESENTATION_CONTEXT() REPRESENTATION_CONTEXT('2D SPACE',''
  ) );
#12103 = ORIENTED_EDGE('',*,*,#12104,.T.);
#12104 = EDGE_CURVE('',#12077,#12105,#12107,.T.);
#12105 = VERTEX_POINT('',#12106);
#12106 = CARTESIAN_POINT('',(-4.5,-7.5,-11.94123401785));
#12107 = SURFACE_CURVE('',#12108,(#12112,#12118),.PCURVE_S1.);
#12108 = LINE('',#12109,#12110);
#12109 = CARTESIAN_POINT('',(-4.5,-3.75,-11.94123401785));
#12110 = VECTOR('',#12111,1.);
#12111 = DIRECTION('',(0.,-1.,0.));
#12112 = PCURVE('',#4433,#12113);
#12113 = DEFINITIONAL_REPRESENTATION('',(#12114),#12117);
#12114 = B_SPLINE_CURVE_WITH_KNOTS('',1,(#12115,#12116),.UNSPECIFIED.,
  .F.,.F.,(2,2),(-11.25,3.75),.PIECEWISE_BEZIER_KNOTS.);
#12115 = CARTESIAN_POINT('',(0.282468035705,-7.5));
#12116 = CARTESIAN_POINT('',(0.282468035705,7.5));
#12117 = ( GEOMETRIC_REPRESENTATION_CONTEXT(2) 
PARAMETRIC_REPRESENTATION_CONTEXT() REPRESENTATION_CONTEXT('2D SPACE',''
  ) );
#12118 = PCURVE('',#12119,#12124);
#12119 = PLANE('',#12120);
#12120 = AXIS2_PLACEMENT_3D('',#12121,#12122,#12123);
#12121 = CARTESIAN_POINT('',(-4.5,-7.5,-28.));
#12122 = DIRECTION('',(1.,0.,0.));
#12123 = DIRECTION('',(0.,0.,1.));
#12124 = DEFINITIONAL_REPRESENTATION('',(#12125),#12128);
#12125 = B_SPLINE_CURVE_WITH_KNOTS('',1,(#12126,#12127),.UNSPECIFIED.,
  .F.,.F.,(2,2),(-11.25,3.75),.PIECEWISE_BEZIER_KNOTS.);
#12126 = CARTESIAN_POINT('',(16.058765982148,-15.));
#12127 = CARTESIAN_POINT('',(16.058765982148,0.));
#12128 = ( GEOMETRIC_REPRESENTATION_CONTEXT(2) 
PARAMETRIC_REPRESENTATION_CONTEXT() REPRESENTATION_CONTEXT('2D SPACE',''
  ) );
#12129 = ORIENTED_EDGE('',*,*,#12130,.T.);
#12130 = EDGE_CURVE('',#12105,#12131,#12133,.T.);
#12131 = VERTEX_POINT('',#12132);
#12132 = CARTESIAN_POINT('',(-1.5,-7.5,-13.67328482542));
#12133 = SURFACE_CURVE('',#12134,(#12138,#12144),.PCURVE_S1.);
#12134 = LINE('',#12135,#12136);
#12135 = CARTESIAN_POINT('',(-1.145487423846,-7.5,-13.87796275669));
#12136 = VECTOR('',#12137,1.);
#12137 = DIRECTION('',(0.866025403784,0.,-0.5));
#12138 = PCURVE('',#4433,#12139);
#12139 = DEFINITIONAL_REPRESENTATION('',(#12140),#12143);
#12140 = B_SPLINE_CURVE_WITH_KNOTS('',1,(#12141,#12142),.UNSPECIFIED.,
  .F.,.F.,(2,2),(-3.873457477684,-0.409355862547),
  .PIECEWISE_BEZIER_KNOTS.);
#12141 = CARTESIAN_POINT('',(0.282468035705,7.5));
#12142 = CARTESIAN_POINT('',(3.746569650843,7.5));
#12143 = ( GEOMETRIC_REPRESENTATION_CONTEXT(2) 
PARAMETRIC_REPRESENTATION_CONTEXT() REPRESENTATION_CONTEXT('2D SPACE',''
  ) );
#12144 = PCURVE('',#12145,#12150);
#12145 = PLANE('',#12146);
#12146 = AXIS2_PLACEMENT_3D('',#12147,#12148,#12149);
#12147 = CARTESIAN_POINT('',(-4.5,-7.5,-28.));
#12148 = DIRECTION('',(0.,1.,0.));
#12149 = DIRECTION('',(0.,0.,1.));
#12150 = DEFINITIONAL_REPRESENTATION('',(#12151),#12154);
#12151 = B_SPLINE_CURVE_WITH_KNOTS('',1,(#12152,#12153),.UNSPECIFIED.,
  .F.,.F.,(2,2),(-3.873457477684,-0.409355862547),
  .PIECEWISE_BEZIER_KNOTS.);
#12152 = CARTESIAN_POINT('',(16.058765982148,5.232200067582E-16));
#12153 = CARTESIAN_POINT('',(14.326715174579,3.));
#12154 = ( GEOMETRIC_REPRESENTATION_CONTEXT(2) 
PARAMETRIC_REPRESENTATION_CONTEXT() REPRESENTATION_CONTEXT('2D SPACE',''
  ) );
#12155 = ORIENTED_EDGE('',*,*,#12156,.F.);
#12156 = EDGE_CURVE('',#12079,#12131,#12157,.T.);
#12157 = SURFACE_CURVE('',#12158,(#12162,#12168),.PCURVE_S1.);
#12158 = LINE('',#12159,#12160);
#12159 = CARTESIAN_POINT('',(-1.5,-3.75,-13.67328482542));
#12160 = VECTOR('',#12161,1.);
#12161 = DIRECTION('',(0.,-1.,0.));
#12162 = PCURVE('',#4433,#12163);
#12163 = DEFINITIONAL_REPRESENTATION('',(#12164),#12167);
#12164 = B_SPLINE_CURVE_WITH_KNOTS('',1,(#12165,#12166),.UNSPECIFIED.,
  .F.,.F.,(2,2),(-11.25,3.75),.PIECEWISE_BEZIER_KNOTS.);
#12165 = CARTESIAN_POINT('',(3.746569650843,-7.5));
#12166 = CARTESIAN_POINT('',(3.746569650843,7.5));
#12167 = ( GEOMETRIC_REPRESENTATION_CONTEXT(2) 
PARAMETRIC_REPRESENTATION_CONTEXT() REPRESENTATION_CONTEXT('2D SPACE',''
  ) );
#12168 = PCURVE('',#12169,#12174);
#12169 = PLANE('',#12170);
#12170 = AXIS2_PLACEMENT_3D('',#12171,#12172,#12173);
#12171 = CARTESIAN_POINT('',(-1.5,-7.5,-28.));
#12172 = DIRECTION('',(1.,0.,0.));
#12173 = DIRECTION('',(0.,0.,1.));
#12174 = DEFINITIONAL_REPRESENTATION('',(#12175),#12178);
#12175 = B_SPLINE_CURVE_WITH_KNOTS('',1,(#12176,#12177),.UNSPECIFIED.,
  .F.,.F.,(2,2),(-11.25,3.75),.PIECEWISE_BEZIER_KNOTS.);
#12176 = CARTESIAN_POINT('',(14.326715174579,-15.));
#12177 = CARTESIAN_POINT('',(14.326715174579,0.));
#12178 = ( GEOMETRIC_REPRESENTATION_CONTEXT(2) 
PARAMETRIC_REPRESENTATION_CONTEXT() REPRESENTATION_CONTEXT('2D SPACE',''
  ) );
#12179 = ADVANCED_FACE('',(#12180),#4407,.F.);
#12180 = FACE_BOUND('',#12181,.F.);
#12181 = EDGE_LOOP('',(#12182,#12203,#12204,#12205));
#12182 = ORIENTED_EDGE('',*,*,#12183,.F.);
#12183 = EDGE_CURVE('',#4367,#10394,#12184,.T.);
#12184 = SURFACE_CURVE('',#12185,(#12189,#12196),.PCURVE_S1.);
#12185 = LINE('',#12186,#12187);
#12186 = CARTESIAN_POINT('',(-4.744624494678,21.,-6.8));
#12187 = VECTOR('',#12188,1.);
#12188 = DIRECTION('',(0.,-1.,0.));
#12189 = PCURVE('',#4407,#12190);
#12190 = DEFINITIONAL_REPRESENTATION('',(#12191),#12195);
#12191 = LINE('',#12192,#12193);
#12192 = CARTESIAN_POINT('',(0.,-21.));
#12193 = VECTOR('',#12194,1.);
#12194 = DIRECTION('',(-0.,1.));
#12195 = ( GEOMETRIC_REPRESENTATION_CONTEXT(2) 
PARAMETRIC_REPRESENTATION_CONTEXT() REPRESENTATION_CONTEXT('2D SPACE',''
  ) );
#12196 = PCURVE('',#4381,#12197);
#12197 = DEFINITIONAL_REPRESENTATION('',(#12198),#12202);
#12198 = LINE('',#12199,#12200);
#12199 = CARTESIAN_POINT('',(5.,-21.));
#12200 = VECTOR('',#12201,1.);
#12201 = DIRECTION('',(-0.,1.));
#12202 = ( GEOMETRIC_REPRESENTATION_CONTEXT(2) 
PARAMETRIC_REPRESENTATION_CONTEXT() REPRESENTATION_CONTEXT('2D SPACE',''
  ) );
#12203 = ORIENTED_EDGE('',*,*,#4392,.F.);
#12204 = ORIENTED_EDGE('',*,*,#12050,.T.);
#12205 = ORIENTED_EDGE('',*,*,#10393,.F.);
#12206 = ADVANCED_FACE('',(#12207),#4381,.F.);
#12207 = FACE_BOUND('',#12208,.F.);
#12208 = EDGE_LOOP('',(#12209,#12230,#12231,#12232));
#12209 = ORIENTED_EDGE('',*,*,#12210,.T.);
#12210 = EDGE_CURVE('',#10415,#4341,#12211,.T.);
#12211 = SURFACE_CURVE('',#12212,(#12216,#12223),.PCURVE_S1.);
#12212 = LINE('',#12213,#12214);
#12213 = CARTESIAN_POINT('',(-0.414497475755,-21.,-4.3));
#12214 = VECTOR('',#12215,1.);
#12215 = DIRECTION('',(0.,1.,0.));
#12216 = PCURVE('',#4381,#12217);
#12217 = DEFINITIONAL_REPRESENTATION('',(#12218),#12222);
#12218 = LINE('',#12219,#12220);
#12219 = CARTESIAN_POINT('',(-0.,21.));
#12220 = VECTOR('',#12221,1.);
#12221 = DIRECTION('',(0.,-1.));
#12222 = ( GEOMETRIC_REPRESENTATION_CONTEXT(2) 
PARAMETRIC_REPRESENTATION_CONTEXT() REPRESENTATION_CONTEXT('2D SPACE',''
  ) );
#12223 = PCURVE('',#4355,#12224);
#12224 = DEFINITIONAL_REPRESENTATION('',(#12225),#12229);
#12225 = LINE('',#12226,#12227);
#12226 = CARTESIAN_POINT('',(5.,21.));
#12227 = VECTOR('',#12228,1.);
#12228 = DIRECTION('',(0.,-1.));
#12229 = ( GEOMETRIC_REPRESENTATION_CONTEXT(2) 
PARAMETRIC_REPRESENTATION_CONTEXT() REPRESENTATION_CONTEXT('2D SPACE',''
  ) );
#12230 = ORIENTED_EDGE('',*,*,#4366,.F.);
#12231 = ORIENTED_EDGE('',*,*,#12183,.T.);
#12232 = ORIENTED_EDGE('',*,*,#10414,.F.);
#12233 = ADVANCED_FACE('',(#12234),#4355,.F.);
#12234 = FACE_BOUND('',#12235,.F.);
#12235 = EDGE_LOOP('',(#12236,#12257,#12258,#12259));
#12236 = ORIENTED_EDGE('',*,*,#12237,.T.);
#12237 = EDGE_CURVE('',#10436,#4315,#12238,.T.);
#12238 = SURFACE_CURVE('',#12239,(#12243,#12250),.PCURVE_S1.);
#12239 = LINE('',#12240,#12241);
#12240 = CARTESIAN_POINT('',(3.915629543167,-21.,-6.8));
#12241 = VECTOR('',#12242,1.);
#12242 = DIRECTION('',(0.,1.,0.));
#12243 = PCURVE('',#4355,#12244);
#12244 = DEFINITIONAL_REPRESENTATION('',(#12245),#12249);
#12245 = LINE('',#12246,#12247);
#12246 = CARTESIAN_POINT('',(0.,21.));
#12247 = VECTOR('',#12248,1.);
#12248 = DIRECTION('',(0.,-1.));
#12249 = ( GEOMETRIC_REPRESENTATION_CONTEXT(2) 
PARAMETRIC_REPRESENTATION_CONTEXT() REPRESENTATION_CONTEXT('2D SPACE',''
  ) );
#12250 = PCURVE('',#4329,#12251);
#12251 = DEFINITIONAL_REPRESENTATION('',(#12252),#12256);
#12252 = LINE('',#12253,#12254);
#12253 = CARTESIAN_POINT('',(5.,21.));
#12254 = VECTOR('',#12255,1.);
#12255 = DIRECTION('',(0.,-1.));
#12256 = ( GEOMETRIC_REPRESENTATION_CONTEXT(2) 
PARAMETRIC_REPRESENTATION_CONTEXT() REPRESENTATION_CONTEXT('2D SPACE',''
  ) );
#12257 = ORIENTED_EDGE('',*,*,#4340,.F.);
#12258 = ORIENTED_EDGE('',*,*,#12210,.F.);
#12259 = ORIENTED_EDGE('',*,*,#10435,.F.);
#12260 = ADVANCED_FACE('',(#12261),#4329,.F.);
#12261 = FACE_BOUND('',#12262,.F.);
#12262 = EDGE_LOOP('',(#12263,#12264,#12287,#12313,#12339,#12365,#12386,
    #12387));
#12263 = ORIENTED_EDGE('',*,*,#10456,.F.);
#12264 = ORIENTED_EDGE('',*,*,#12265,.T.);
#12265 = EDGE_CURVE('',#10457,#12266,#12268,.T.);
#12266 = VERTEX_POINT('',#12267);
#12267 = CARTESIAN_POINT('',(3.915629543167,-7.5,-11.8));
#12268 = SURFACE_CURVE('',#12269,(#12273,#12280),.PCURVE_S1.);
#12269 = LINE('',#12270,#12271);
#12270 = CARTESIAN_POINT('',(3.915629543167,-21.,-11.8));
#12271 = VECTOR('',#12272,1.);
#12272 = DIRECTION('',(0.,1.,0.));
#12273 = PCURVE('',#4329,#12274);
#12274 = DEFINITIONAL_REPRESENTATION('',(#12275),#12279);
#12275 = LINE('',#12276,#12277);
#12276 = CARTESIAN_POINT('',(0.,21.));
#12277 = VECTOR('',#12278,1.);
#12278 = DIRECTION('',(0.,-1.));
#12279 = ( GEOMETRIC_REPRESENTATION_CONTEXT(2) 
PARAMETRIC_REPRESENTATION_CONTEXT() REPRESENTATION_CONTEXT('2D SPACE',''
  ) );
#12280 = PCURVE('',#4303,#12281);
#12281 = DEFINITIONAL_REPRESENTATION('',(#12282),#12286);
#12282 = LINE('',#12283,#12284);
#12283 = CARTESIAN_POINT('',(5.,21.));
#12284 = VECTOR('',#12285,1.);
#12285 = DIRECTION('',(0.,-1.));
#12286 = ( GEOMETRIC_REPRESENTATION_CONTEXT(2) 
PARAMETRIC_REPRESENTATION_CONTEXT() REPRESENTATION_CONTEXT('2D SPACE',''
  ) );
#12287 = ORIENTED_EDGE('',*,*,#12288,.T.);
#12288 = EDGE_CURVE('',#12266,#12289,#12291,.T.);
#12289 = VERTEX_POINT('',#12290);
#12290 = CARTESIAN_POINT('',(3.915629543167,-7.5,-11.));
#12291 = SURFACE_CURVE('',#12292,(#12296,#12302),.PCURVE_S1.);
#12292 = LINE('',#12293,#12294);
#12293 = CARTESIAN_POINT('',(3.915629543167,-7.5,-19.9));
#12294 = VECTOR('',#12295,1.);
#12295 = DIRECTION('',(1.7763568394E-16,-0.,1.));
#12296 = PCURVE('',#4329,#12297);
#12297 = DEFINITIONAL_REPRESENTATION('',(#12298),#12301);
#12298 = B_SPLINE_CURVE_WITH_KNOTS('',1,(#12299,#12300),.UNSPECIFIED.,
  .F.,.F.,(2,2),(8.1,8.9),.PIECEWISE_BEZIER_KNOTS.);
#12299 = CARTESIAN_POINT('',(0.,7.5));
#12300 = CARTESIAN_POINT('',(0.8,7.5));
#12301 = ( GEOMETRIC_REPRESENTATION_CONTEXT(2) 
PARAMETRIC_REPRESENTATION_CONTEXT() REPRESENTATION_CONTEXT('2D SPACE',''
  ) );
#12302 = PCURVE('',#12303,#12308);
#12303 = PLANE('',#12304);
#12304 = AXIS2_PLACEMENT_3D('',#12305,#12306,#12307);
#12305 = CARTESIAN_POINT('',(1.5,-7.5,-28.));
#12306 = DIRECTION('',(0.,1.,0.));
#12307 = DIRECTION('',(0.,0.,1.));
#12308 = DEFINITIONAL_REPRESENTATION('',(#12309),#12312);
#12309 = B_SPLINE_CURVE_WITH_KNOTS('',1,(#12310,#12311),.UNSPECIFIED.,
  .F.,.F.,(2,2),(8.1,8.9),.PIECEWISE_BEZIER_KNOTS.);
#12310 = CARTESIAN_POINT('',(16.2,2.415629543167));
#12311 = CARTESIAN_POINT('',(17.,2.415629543167));
#12312 = ( GEOMETRIC_REPRESENTATION_CONTEXT(2) 
PARAMETRIC_REPRESENTATION_CONTEXT() REPRESENTATION_CONTEXT('2D SPACE',''
  ) );
#12313 = ORIENTED_EDGE('',*,*,#12314,.F.);
#12314 = EDGE_CURVE('',#12315,#12289,#12317,.T.);
#12315 = VERTEX_POINT('',#12316);
#12316 = CARTESIAN_POINT('',(3.915629543167,7.5,-11.));
#12317 = SURFACE_CURVE('',#12318,(#12322,#12328),.PCURVE_S1.);
#12318 = LINE('',#12319,#12320);
#12319 = CARTESIAN_POINT('',(3.915629543167,-3.75,-11.));
#12320 = VECTOR('',#12321,1.);
#12321 = DIRECTION('',(0.,-1.,0.));
#12322 = PCURVE('',#4329,#12323);
#12323 = DEFINITIONAL_REPRESENTATION('',(#12324),#12327);
#12324 = B_SPLINE_CURVE_WITH_KNOTS('',1,(#12325,#12326),.UNSPECIFIED.,
  .F.,.F.,(2,2),(-11.25,3.75),.PIECEWISE_BEZIER_KNOTS.);
#12325 = CARTESIAN_POINT('',(0.8,-7.5));
#12326 = CARTESIAN_POINT('',(0.8,7.5));
#12327 = ( GEOMETRIC_REPRESENTATION_CONTEXT(2) 
PARAMETRIC_REPRESENTATION_CONTEXT() REPRESENTATION_CONTEXT('2D SPACE',''
  ) );
#12328 = PCURVE('',#12329,#12334);
#12329 = PLANE('',#12330);
#12330 = AXIS2_PLACEMENT_3D('',#12331,#12332,#12333);
#12331 = CARTESIAN_POINT('',(1.5,-7.5,-11.));
#12332 = DIRECTION('',(0.,0.,1.));
#12333 = DIRECTION('',(1.,0.,0.));
#12334 = DEFINITIONAL_REPRESENTATION('',(#12335),#12338);
#12335 = B_SPLINE_CURVE_WITH_KNOTS('',1,(#12336,#12337),.UNSPECIFIED.,
  .F.,.F.,(2,2),(-11.25,3.75),.PIECEWISE_BEZIER_KNOTS.);
#12336 = CARTESIAN_POINT('',(2.415629543167,15.));
#12337 = CARTESIAN_POINT('',(2.415629543167,0.));
#12338 = ( GEOMETRIC_REPRESENTATION_CONTEXT(2) 
PARAMETRIC_REPRESENTATION_CONTEXT() REPRESENTATION_CONTEXT('2D SPACE',''
  ) );
#12339 = ORIENTED_EDGE('',*,*,#12340,.F.);
#12340 = EDGE_CURVE('',#12341,#12315,#12343,.T.);
#12341 = VERTEX_POINT('',#12342);
#12342 = CARTESIAN_POINT('',(3.915629543167,7.5,-11.8));
#12343 = SURFACE_CURVE('',#12344,(#12348,#12354),.PCURVE_S1.);
#12344 = LINE('',#12345,#12346);
#12345 = CARTESIAN_POINT('',(3.915629543167,7.5,-19.9));
#12346 = VECTOR('',#12347,1.);
#12347 = DIRECTION('',(1.7763568394E-16,-0.,1.));
#12348 = PCURVE('',#4329,#12349);
#12349 = DEFINITIONAL_REPRESENTATION('',(#12350),#12353);
#12350 = B_SPLINE_CURVE_WITH_KNOTS('',1,(#12351,#12352),.UNSPECIFIED.,
  .F.,.F.,(2,2),(8.1,8.9),.PIECEWISE_BEZIER_KNOTS.);
#12351 = CARTESIAN_POINT('',(0.,-7.5));
#12352 = CARTESIAN_POINT('',(0.8,-7.5));
#12353 = ( GEOMETRIC_REPRESENTATION_CONTEXT(2) 
PARAMETRIC_REPRESENTATION_CONTEXT() REPRESENTATION_CONTEXT('2D SPACE',''
  ) );
#12354 = PCURVE('',#12355,#12360);
#12355 = PLANE('',#12356);
#12356 = AXIS2_PLACEMENT_3D('',#12357,#12358,#12359);
#12357 = CARTESIAN_POINT('',(1.5,7.5,-28.));
#12358 = DIRECTION('',(0.,1.,0.));
#12359 = DIRECTION('',(0.,0.,1.));
#12360 = DEFINITIONAL_REPRESENTATION('',(#12361),#12364);
#12361 = B_SPLINE_CURVE_WITH_KNOTS('',1,(#12362,#12363),.UNSPECIFIED.,
  .F.,.F.,(2,2),(8.1,8.9),.PIECEWISE_BEZIER_KNOTS.);
#12362 = CARTESIAN_POINT('',(16.2,2.415629543167));
#12363 = CARTESIAN_POINT('',(17.,2.415629543167));
#12364 = ( GEOMETRIC_REPRESENTATION_CONTEXT(2) 
PARAMETRIC_REPRESENTATION_CONTEXT() REPRESENTATION_CONTEXT('2D SPACE',''
  ) );
#12365 = ORIENTED_EDGE('',*,*,#12366,.T.);
#12366 = EDGE_CURVE('',#12341,#4289,#12367,.T.);
#12367 = SURFACE_CURVE('',#12368,(#12372,#12379),.PCURVE_S1.);
#12368 = LINE('',#12369,#12370);
#12369 = CARTESIAN_POINT('',(3.915629543167,-21.,-11.8));
#12370 = VECTOR('',#12371,1.);
#12371 = DIRECTION('',(0.,1.,0.));
#12372 = PCURVE('',#4329,#12373);
#12373 = DEFINITIONAL_REPRESENTATION('',(#12374),#12378);
#12374 = LINE('',#12375,#12376);
#12375 = CARTESIAN_POINT('',(0.,21.));
#12376 = VECTOR('',#12377,1.);
#12377 = DIRECTION('',(0.,-1.));
#12378 = ( GEOMETRIC_REPRESENTATION_CONTEXT(2) 
PARAMETRIC_REPRESENTATION_CONTEXT() REPRESENTATION_CONTEXT('2D SPACE',''
  ) );
#12379 = PCURVE('',#4303,#12380);
#12380 = DEFINITIONAL_REPRESENTATION('',(#12381),#12385);
#12381 = LINE('',#12382,#12383);
#12382 = CARTESIAN_POINT('',(5.,21.));
#12383 = VECTOR('',#12384,1.);
#12384 = DIRECTION('',(0.,-1.));
#12385 = ( GEOMETRIC_REPRESENTATION_CONTEXT(2) 
PARAMETRIC_REPRESENTATION_CONTEXT() REPRESENTATION_CONTEXT('2D SPACE',''
  ) );
#12386 = ORIENTED_EDGE('',*,*,#4314,.F.);
#12387 = ORIENTED_EDGE('',*,*,#12237,.F.);
#12388 = ADVANCED_FACE('',(#12389),#4303,.F.);
#12389 = FACE_BOUND('',#12390,.F.);
#12390 = EDGE_LOOP('',(#12391,#12392,#12393,#12414,#12440,#12459,#12460,
    #12461));
#12391 = ORIENTED_EDGE('',*,*,#4288,.F.);
#12392 = ORIENTED_EDGE('',*,*,#12366,.F.);
#12393 = ORIENTED_EDGE('',*,*,#12394,.F.);
#12394 = EDGE_CURVE('',#12395,#12341,#12397,.T.);
#12395 = VERTEX_POINT('',#12396);
#12396 = CARTESIAN_POINT('',(1.5,7.5,-13.19466436701));
#12397 = SURFACE_CURVE('',#12398,(#12402,#12408),.PCURVE_S1.);
#12398 = LINE('',#12399,#12400);
#12399 = CARTESIAN_POINT('',(-2.662697930309,7.5,-15.59799913762));
#12400 = VECTOR('',#12401,1.);
#12401 = DIRECTION('',(0.866025403784,-0.,0.5));
#12402 = PCURVE('',#4303,#12403);
#12403 = DEFINITIONAL_REPRESENTATION('',(#12404),#12407);
#12404 = B_SPLINE_CURVE_WITH_KNOTS('',1,(#12405,#12406),.UNSPECIFIED.,
  .F.,.F.,(2,2),(4.806669541238,7.595998275257),
  .PIECEWISE_BEZIER_KNOTS.);
#12405 = CARTESIAN_POINT('',(2.21067126598,-7.5));
#12406 = CARTESIAN_POINT('',(5.,-7.5));
#12407 = ( GEOMETRIC_REPRESENTATION_CONTEXT(2) 
PARAMETRIC_REPRESENTATION_CONTEXT() REPRESENTATION_CONTEXT('2D SPACE',''
  ) );
#12408 = PCURVE('',#12355,#12409);
#12409 = DEFINITIONAL_REPRESENTATION('',(#12410),#12413);
#12410 = B_SPLINE_CURVE_WITH_KNOTS('',1,(#12411,#12412),.UNSPECIFIED.,
  .F.,.F.,(2,2),(4.806669541238,7.595998275257),
  .PIECEWISE_BEZIER_KNOTS.);
#12411 = CARTESIAN_POINT('',(14.80533563299,3.650780141431E-16));
#12412 = CARTESIAN_POINT('',(16.2,2.415629543167));
#12413 = ( GEOMETRIC_REPRESENTATION_CONTEXT(2) 
PARAMETRIC_REPRESENTATION_CONTEXT() REPRESENTATION_CONTEXT('2D SPACE',''
  ) );
#12414 = ORIENTED_EDGE('',*,*,#12415,.T.);
#12415 = EDGE_CURVE('',#12395,#12416,#12418,.T.);
#12416 = VERTEX_POINT('',#12417);
#12417 = CARTESIAN_POINT('',(1.5,-7.5,-13.19466436701));
#12418 = SURFACE_CURVE('',#12419,(#12423,#12429),.PCURVE_S1.);
#12419 = LINE('',#12420,#12421);
#12420 = CARTESIAN_POINT('',(1.5,-3.75,-13.19466436701));
#12421 = VECTOR('',#12422,1.);
#12422 = DIRECTION('',(0.,-1.,0.));
#12423 = PCURVE('',#4303,#12424);
#12424 = DEFINITIONAL_REPRESENTATION('',(#12425),#12428);
#12425 = B_SPLINE_CURVE_WITH_KNOTS('',1,(#12426,#12427),.UNSPECIFIED.,
  .F.,.F.,(2,2),(-11.25,3.75),.PIECEWISE_BEZIER_KNOTS.);
#12426 = CARTESIAN_POINT('',(2.21067126598,-7.5));
#12427 = CARTESIAN_POINT('',(2.21067126598,7.5));
#12428 = ( GEOMETRIC_REPRESENTATION_CONTEXT(2) 
PARAMETRIC_REPRESENTATION_CONTEXT() REPRESENTATION_CONTEXT('2D SPACE',''
  ) );
#12429 = PCURVE('',#12430,#12435);
#12430 = PLANE('',#12431);
#12431 = AXIS2_PLACEMENT_3D('',#12432,#12433,#12434);
#12432 = CARTESIAN_POINT('',(1.5,-7.5,-28.));
#12433 = DIRECTION('',(1.,0.,0.));
#12434 = DIRECTION('',(0.,0.,1.));
#12435 = DEFINITIONAL_REPRESENTATION('',(#12436),#12439);
#12436 = B_SPLINE_CURVE_WITH_KNOTS('',1,(#12437,#12438),.UNSPECIFIED.,
  .F.,.F.,(2,2),(-11.25,3.75),.PIECEWISE_BEZIER_KNOTS.);
#12437 = CARTESIAN_POINT('',(14.80533563299,-15.));
#12438 = CARTESIAN_POINT('',(14.80533563299,0.));
#12439 = ( GEOMETRIC_REPRESENTATION_CONTEXT(2) 
PARAMETRIC_REPRESENTATION_CONTEXT() REPRESENTATION_CONTEXT('2D SPACE',''
  ) );
#12440 = ORIENTED_EDGE('',*,*,#12441,.T.);
#12441 = EDGE_CURVE('',#12416,#12266,#12442,.T.);
#12442 = SURFACE_CURVE('',#12443,(#12447,#12453),.PCURVE_S1.);
#12443 = LINE('',#12444,#12445);
#12444 = CARTESIAN_POINT('',(-2.662697930309,-7.5,-15.59799913762));
#12445 = VECTOR('',#12446,1.);
#12446 = DIRECTION('',(0.866025403784,-0.,0.5));
#12447 = PCURVE('',#4303,#12448);
#12448 = DEFINITIONAL_REPRESENTATION('',(#12449),#12452);
#12449 = B_SPLINE_CURVE_WITH_KNOTS('',1,(#12450,#12451),.UNSPECIFIED.,
  .F.,.F.,(2,2),(4.806669541238,7.595998275257),
  .PIECEWISE_BEZIER_KNOTS.);
#12450 = CARTESIAN_POINT('',(2.21067126598,7.5));
#12451 = CARTESIAN_POINT('',(5.,7.5));
#12452 = ( GEOMETRIC_REPRESENTATION_CONTEXT(2) 
PARAMETRIC_REPRESENTATION_CONTEXT() REPRESENTATION_CONTEXT('2D SPACE',''
  ) );
#12453 = PCURVE('',#12303,#12454);
#12454 = DEFINITIONAL_REPRESENTATION('',(#12455),#12458);
#12455 = B_SPLINE_CURVE_WITH_KNOTS('',1,(#12456,#12457),.UNSPECIFIED.,
  .F.,.F.,(2,2),(4.806669541238,7.595998275257),
  .PIECEWISE_BEZIER_KNOTS.);
#12456 = CARTESIAN_POINT('',(14.80533563299,3.650780141431E-16));
#12457 = CARTESIAN_POINT('',(16.2,2.415629543167));
#12458 = ( GEOMETRIC_REPRESENTATION_CONTEXT(2) 
PARAMETRIC_REPRESENTATION_CONTEXT() REPRESENTATION_CONTEXT('2D SPACE',''
  ) );
#12459 = ORIENTED_EDGE('',*,*,#12265,.F.);
#12460 = ORIENTED_EDGE('',*,*,#10477,.F.);
#12461 = ORIENTED_EDGE('',*,*,#12462,.F.);
#12462 = EDGE_CURVE('',#4261,#10478,#12463,.T.);
#12463 = SURFACE_CURVE('',#12464,(#12468,#12474),.PCURVE_S1.);
#12464 = LINE('',#12465,#12466);
#12465 = CARTESIAN_POINT('',(0.35382907248,-4.,-13.85640646055));
#12466 = VECTOR('',#12467,1.);
#12467 = DIRECTION('',(3.845925372767E-16,-1.,2.22044604925E-16));
#12468 = PCURVE('',#4303,#12469);
#12469 = DEFINITIONAL_REPRESENTATION('',(#12470),#12473);
#12470 = B_SPLINE_CURVE_WITH_KNOTS('',1,(#12471,#12472),.UNSPECIFIED.,
  .F.,.F.,(2,2),(-12.,4.),.PIECEWISE_BEZIER_KNOTS.);
#12471 = CARTESIAN_POINT('',(0.887187078898,-8.));
#12472 = CARTESIAN_POINT('',(0.887187078898,8.));
#12473 = ( GEOMETRIC_REPRESENTATION_CONTEXT(2) 
PARAMETRIC_REPRESENTATION_CONTEXT() REPRESENTATION_CONTEXT('2D SPACE',''
  ) );
#12474 = PCURVE('',#4276,#12475);
#12475 = DEFINITIONAL_REPRESENTATION('',(#12476),#12479);
#12476 = B_SPLINE_CURVE_WITH_KNOTS('',1,(#12477,#12478),.UNSPECIFIED.,
  .F.,.F.,(2,2),(-12.,4.),.PIECEWISE_BEZIER_KNOTS.);
#12477 = CARTESIAN_POINT('',(16.,0.35382907248));
#12478 = CARTESIAN_POINT('',(0.,0.35382907248));
#12479 = ( GEOMETRIC_REPRESENTATION_CONTEXT(2) 
PARAMETRIC_REPRESENTATION_CONTEXT() REPRESENTATION_CONTEXT('2D SPACE',''
  ) );
#12480 = ADVANCED_FACE('',(#12481,#12505),#4276,.T.);
#12481 = FACE_BOUND('',#12482,.T.);
#12482 = EDGE_LOOP('',(#12483,#12484,#12485,#12486));
#12483 = ORIENTED_EDGE('',*,*,#10498,.T.);
#12484 = ORIENTED_EDGE('',*,*,#12462,.F.);
#12485 = ORIENTED_EDGE('',*,*,#4260,.F.);
#12486 = ORIENTED_EDGE('',*,*,#12487,.F.);
#12487 = EDGE_CURVE('',#10499,#4235,#12488,.T.);
#12488 = SURFACE_CURVE('',#12489,(#12493,#12499),.PCURVE_S1.);
#12489 = LINE('',#12490,#12491);
#12490 = CARTESIAN_POINT('',(9.555890982937,-4.,-13.85640646055));
#12491 = VECTOR('',#12492,1.);
#12492 = DIRECTION('',(3.845925372767E-16,1.,-2.22044604925E-16));
#12493 = PCURVE('',#4276,#12494);
#12494 = DEFINITIONAL_REPRESENTATION('',(#12495),#12498);
#12495 = B_SPLINE_CURVE_WITH_KNOTS('',1,(#12496,#12497),.UNSPECIFIED.,
  .F.,.F.,(2,2),(-4.,12.),.PIECEWISE_BEZIER_KNOTS.);
#12496 = CARTESIAN_POINT('',(0.,9.555890982937));
#12497 = CARTESIAN_POINT('',(16.,9.555890982937));
#12498 = ( GEOMETRIC_REPRESENTATION_CONTEXT(2) 
PARAMETRIC_REPRESENTATION_CONTEXT() REPRESENTATION_CONTEXT('2D SPACE',''
  ) );
#12499 = PCURVE('',#4249,#12500);
#12500 = DEFINITIONAL_REPRESENTATION('',(#12501),#12504);
#12501 = B_SPLINE_CURVE_WITH_KNOTS('',1,(#12502,#12503),.UNSPECIFIED.,
  .F.,.F.,(2,2),(-4.,12.),.PIECEWISE_BEZIER_KNOTS.);
#12502 = CARTESIAN_POINT('',(4.112812921102,8.));
#12503 = CARTESIAN_POINT('',(4.112812921102,-8.));
#12504 = ( GEOMETRIC_REPRESENTATION_CONTEXT(2) 
PARAMETRIC_REPRESENTATION_CONTEXT() REPRESENTATION_CONTEXT('2D SPACE',''
  ) );
#12505 = FACE_BOUND('',#12506,.T.);
#12506 = EDGE_LOOP('',(#12507,#12535,#12561,#12587));
#12507 = ORIENTED_EDGE('',*,*,#12508,.F.);
#12508 = EDGE_CURVE('',#12509,#12511,#12513,.T.);
#12509 = VERTEX_POINT('',#12510);
#12510 = CARTESIAN_POINT('',(1.5,7.5,-13.85640646055));
#12511 = VERTEX_POINT('',#12512);
#12512 = CARTESIAN_POINT('',(4.5,7.5,-13.85640646055));
#12513 = SURFACE_CURVE('',#12514,(#12518,#12524),.PCURVE_S1.);
#12514 = LINE('',#12515,#12516);
#12515 = CARTESIAN_POINT('',(0.75,7.5,-13.85640646055));
#12516 = VECTOR('',#12517,1.);
#12517 = DIRECTION('',(1.,-0.,0.));
#12518 = PCURVE('',#4276,#12519);
#12519 = DEFINITIONAL_REPRESENTATION('',(#12520),#12523);
#12520 = B_SPLINE_CURVE_WITH_KNOTS('',1,(#12521,#12522),.UNSPECIFIED.,
  .F.,.F.,(2,2),(0.75,3.75),.PIECEWISE_BEZIER_KNOTS.);
#12521 = CARTESIAN_POINT('',(15.5,1.5));
#12522 = CARTESIAN_POINT('',(15.5,4.5));
#12523 = ( GEOMETRIC_REPRESENTATION_CONTEXT(2) 
PARAMETRIC_REPRESENTATION_CONTEXT() REPRESENTATION_CONTEXT('2D SPACE',''
  ) );
#12524 = PCURVE('',#12525,#12530);
#12525 = PLANE('',#12526);
#12526 = AXIS2_PLACEMENT_3D('',#12527,#12528,#12529);
#12527 = CARTESIAN_POINT('',(1.5,7.5,-28.));
#12528 = DIRECTION('',(0.,1.,0.));
#12529 = DIRECTION('',(0.,0.,1.));
#12530 = DEFINITIONAL_REPRESENTATION('',(#12531),#12534);
#12531 = B_SPLINE_CURVE_WITH_KNOTS('',1,(#12532,#12533),.UNSPECIFIED.,
  .F.,.F.,(2,2),(0.75,3.75),.PIECEWISE_BEZIER_KNOTS.);
#12532 = CARTESIAN_POINT('',(14.143593539449,0.));
#12533 = CARTESIAN_POINT('',(14.143593539449,3.));
#12534 = ( GEOMETRIC_REPRESENTATION_CONTEXT(2) 
PARAMETRIC_REPRESENTATION_CONTEXT() REPRESENTATION_CONTEXT('2D SPACE',''
  ) );
#12535 = ORIENTED_EDGE('',*,*,#12536,.T.);
#12536 = EDGE_CURVE('',#12509,#12537,#12539,.T.);
#12537 = VERTEX_POINT('',#12538);
#12538 = CARTESIAN_POINT('',(1.5,-7.5,-13.85640646055));
#12539 = SURFACE_CURVE('',#12540,(#12544,#12550),.PCURVE_S1.);
#12540 = LINE('',#12541,#12542);
#12541 = CARTESIAN_POINT('',(1.5,-7.75,-13.85640646055));
#12542 = VECTOR('',#12543,1.);
#12543 = DIRECTION('',(0.,-1.,2.22044604925E-16));
#12544 = PCURVE('',#4276,#12545);
#12545 = DEFINITIONAL_REPRESENTATION('',(#12546),#12549);
#12546 = B_SPLINE_CURVE_WITH_KNOTS('',1,(#12547,#12548),.UNSPECIFIED.,
  .F.,.F.,(2,2),(-15.25,-0.25),.PIECEWISE_BEZIER_KNOTS.);
#12547 = CARTESIAN_POINT('',(15.5,1.5));
#12548 = CARTESIAN_POINT('',(0.5,1.5));
#12549 = ( GEOMETRIC_REPRESENTATION_CONTEXT(2) 
PARAMETRIC_REPRESENTATION_CONTEXT() REPRESENTATION_CONTEXT('2D SPACE',''
  ) );
#12550 = PCURVE('',#12551,#12556);
#12551 = PLANE('',#12552);
#12552 = AXIS2_PLACEMENT_3D('',#12553,#12554,#12555);
#12553 = CARTESIAN_POINT('',(1.5,-7.5,-28.));
#12554 = DIRECTION('',(1.,0.,0.));
#12555 = DIRECTION('',(0.,0.,1.));
#12556 = DEFINITIONAL_REPRESENTATION('',(#12557),#12560);
#12557 = B_SPLINE_CURVE_WITH_KNOTS('',1,(#12558,#12559),.UNSPECIFIED.,
  .F.,.F.,(2,2),(-15.25,-0.25),.PIECEWISE_BEZIER_KNOTS.);
#12558 = CARTESIAN_POINT('',(14.143593539449,-15.));
#12559 = CARTESIAN_POINT('',(14.143593539449,0.));
#12560 = ( GEOMETRIC_REPRESENTATION_CONTEXT(2) 
PARAMETRIC_REPRESENTATION_CONTEXT() REPRESENTATION_CONTEXT('2D SPACE',''
  ) );
#12561 = ORIENTED_EDGE('',*,*,#12562,.T.);
#12562 = EDGE_CURVE('',#12537,#12563,#12565,.T.);
#12563 = VERTEX_POINT('',#12564);
#12564 = CARTESIAN_POINT('',(4.5,-7.5,-13.85640646055));
#12565 = SURFACE_CURVE('',#12566,(#12570,#12576),.PCURVE_S1.);
#12566 = LINE('',#12567,#12568);
#12567 = CARTESIAN_POINT('',(0.75,-7.5,-13.85640646055));
#12568 = VECTOR('',#12569,1.);
#12569 = DIRECTION('',(1.,-0.,0.));
#12570 = PCURVE('',#4276,#12571);
#12571 = DEFINITIONAL_REPRESENTATION('',(#12572),#12575);
#12572 = B_SPLINE_CURVE_WITH_KNOTS('',1,(#12573,#12574),.UNSPECIFIED.,
  .F.,.F.,(2,2),(0.75,3.75),.PIECEWISE_BEZIER_KNOTS.);
#12573 = CARTESIAN_POINT('',(0.5,1.5));
#12574 = CARTESIAN_POINT('',(0.5,4.5));
#12575 = ( GEOMETRIC_REPRESENTATION_CONTEXT(2) 
PARAMETRIC_REPRESENTATION_CONTEXT() REPRESENTATION_CONTEXT('2D SPACE',''
  ) );
#12576 = PCURVE('',#12577,#12582);
#12577 = PLANE('',#12578);
#12578 = AXIS2_PLACEMENT_3D('',#12579,#12580,#12581);
#12579 = CARTESIAN_POINT('',(1.5,-7.5,-28.));
#12580 = DIRECTION('',(0.,1.,0.));
#12581 = DIRECTION('',(0.,0.,1.));
#12582 = DEFINITIONAL_REPRESENTATION('',(#12583),#12586);
#12583 = B_SPLINE_CURVE_WITH_KNOTS('',1,(#12584,#12585),.UNSPECIFIED.,
  .F.,.F.,(2,2),(0.75,3.75),.PIECEWISE_BEZIER_KNOTS.);
#12584 = CARTESIAN_POINT('',(14.143593539449,0.));
#12585 = CARTESIAN_POINT('',(14.143593539449,3.));
#12586 = ( GEOMETRIC_REPRESENTATION_CONTEXT(2) 
PARAMETRIC_REPRESENTATION_CONTEXT() REPRESENTATION_CONTEXT('2D SPACE',''
  ) );
#12587 = ORIENTED_EDGE('',*,*,#12588,.F.);
#12588 = EDGE_CURVE('',#12511,#12563,#12589,.T.);
#12589 = SURFACE_CURVE('',#12590,(#12594,#12600),.PCURVE_S1.);
#12590 = LINE('',#12591,#12592);
#12591 = CARTESIAN_POINT('',(4.5,-7.75,-13.85640646055));
#12592 = VECTOR('',#12593,1.);
#12593 = DIRECTION('',(0.,-1.,2.22044604925E-16));
#12594 = PCURVE('',#4276,#12595);
#12595 = DEFINITIONAL_REPRESENTATION('',(#12596),#12599);
#12596 = B_SPLINE_CURVE_WITH_KNOTS('',1,(#12597,#12598),.UNSPECIFIED.,
  .F.,.F.,(2,2),(-15.25,-0.25),.PIECEWISE_BEZIER_KNOTS.);
#12597 = CARTESIAN_POINT('',(15.5,4.5));
#12598 = CARTESIAN_POINT('',(0.5,4.5));
#12599 = ( GEOMETRIC_REPRESENTATION_CONTEXT(2) 
PARAMETRIC_REPRESENTATION_CONTEXT() REPRESENTATION_CONTEXT('2D SPACE',''
  ) );
#12600 = PCURVE('',#12601,#12606);
#12601 = PLANE('',#12602);
#12602 = AXIS2_PLACEMENT_3D('',#12603,#12604,#12605);
#12603 = CARTESIAN_POINT('',(4.5,-7.5,-28.));
#12604 = DIRECTION('',(1.,0.,0.));
#12605 = DIRECTION('',(0.,0.,1.));
#12606 = DEFINITIONAL_REPRESENTATION('',(#12607),#12610);
#12607 = B_SPLINE_CURVE_WITH_KNOTS('',1,(#12608,#12609),.UNSPECIFIED.,
  .F.,.F.,(2,2),(-15.25,-0.25),.PIECEWISE_BEZIER_KNOTS.);
#12608 = CARTESIAN_POINT('',(14.143593539449,-15.));
#12609 = CARTESIAN_POINT('',(14.143593539449,0.));
#12610 = ( GEOMETRIC_REPRESENTATION_CONTEXT(2) 
PARAMETRIC_REPRESENTATION_CONTEXT() REPRESENTATION_CONTEXT('2D SPACE',''
  ) );
#12611 = ADVANCED_FACE('',(#12612),#4249,.F.);
#12612 = FACE_BOUND('',#12613,.F.);
#12613 = EDGE_LOOP('',(#12614,#12635,#12636,#12637));
#12614 = ORIENTED_EDGE('',*,*,#12615,.F.);
#12615 = EDGE_CURVE('',#4209,#10522,#12616,.T.);
#12616 = SURFACE_CURVE('',#12617,(#12621,#12628),.PCURVE_S1.);
#12617 = LINE('',#12618,#12619);
#12618 = CARTESIAN_POINT('',(5.994090512249,21.,-11.8));
#12619 = VECTOR('',#12620,1.);
#12620 = DIRECTION('',(0.,-1.,0.));
#12621 = PCURVE('',#4249,#12622);
#12622 = DEFINITIONAL_REPRESENTATION('',(#12623),#12627);
#12623 = LINE('',#12624,#12625);
#12624 = CARTESIAN_POINT('',(0.,-21.));
#12625 = VECTOR('',#12626,1.);
#12626 = DIRECTION('',(0.,1.));
#12627 = ( GEOMETRIC_REPRESENTATION_CONTEXT(2) 
PARAMETRIC_REPRESENTATION_CONTEXT() REPRESENTATION_CONTEXT('2D SPACE',''
  ) );
#12628 = PCURVE('',#4223,#12629);
#12629 = DEFINITIONAL_REPRESENTATION('',(#12630),#12634);
#12630 = LINE('',#12631,#12632);
#12631 = CARTESIAN_POINT('',(5.,-21.));
#12632 = VECTOR('',#12633,1.);
#12633 = DIRECTION('',(-0.,1.));
#12634 = ( GEOMETRIC_REPRESENTATION_CONTEXT(2) 
PARAMETRIC_REPRESENTATION_CONTEXT() REPRESENTATION_CONTEXT('2D SPACE',''
  ) );
#12635 = ORIENTED_EDGE('',*,*,#4234,.F.);
#12636 = ORIENTED_EDGE('',*,*,#12487,.F.);
#12637 = ORIENTED_EDGE('',*,*,#10521,.F.);
#12638 = ADVANCED_FACE('',(#12639),#4223,.F.);
#12639 = FACE_BOUND('',#12640,.F.);
#12640 = EDGE_LOOP('',(#12641,#12662,#12663,#12664));
#12641 = ORIENTED_EDGE('',*,*,#12642,.F.);
#12642 = EDGE_CURVE('',#4183,#10543,#12643,.T.);
#12643 = SURFACE_CURVE('',#12644,(#12648,#12655),.PCURVE_S1.);
#12644 = LINE('',#12645,#12646);
#12645 = CARTESIAN_POINT('',(5.994090512249,21.,-6.8));
#12646 = VECTOR('',#12647,1.);
#12647 = DIRECTION('',(0.,-1.,0.));
#12648 = PCURVE('',#4223,#12649);
#12649 = DEFINITIONAL_REPRESENTATION('',(#12650),#12654);
#12650 = LINE('',#12651,#12652);
#12651 = CARTESIAN_POINT('',(0.,-21.));
#12652 = VECTOR('',#12653,1.);
#12653 = DIRECTION('',(-0.,1.));
#12654 = ( GEOMETRIC_REPRESENTATION_CONTEXT(2) 
PARAMETRIC_REPRESENTATION_CONTEXT() REPRESENTATION_CONTEXT('2D SPACE',''
  ) );
#12655 = PCURVE('',#4197,#12656);
#12656 = DEFINITIONAL_REPRESENTATION('',(#12657),#12661);
#12657 = LINE('',#12658,#12659);
#12658 = CARTESIAN_POINT('',(5.,-21.));
#12659 = VECTOR('',#12660,1.);
#12660 = DIRECTION('',(-0.,1.));
#12661 = ( GEOMETRIC_REPRESENTATION_CONTEXT(2) 
PARAMETRIC_REPRESENTATION_CONTEXT() REPRESENTATION_CONTEXT('2D SPACE',''
  ) );
#12662 = ORIENTED_EDGE('',*,*,#4208,.F.);
#12663 = ORIENTED_EDGE('',*,*,#12615,.T.);
#12664 = ORIENTED_EDGE('',*,*,#10542,.F.);
#12665 = ADVANCED_FACE('',(#12666),#4197,.F.);
#12666 = FACE_BOUND('',#12667,.F.);
#12667 = EDGE_LOOP('',(#12668,#12689,#12690,#12691));
#12668 = ORIENTED_EDGE('',*,*,#12669,.T.);
#12669 = EDGE_CURVE('',#10564,#4157,#12670,.T.);
#12670 = SURFACE_CURVE('',#12671,(#12675,#12682),.PCURVE_S1.);
#12671 = LINE('',#12672,#12673);
#12672 = CARTESIAN_POINT('',(10.324217531172,-21.,-4.3));
#12673 = VECTOR('',#12674,1.);
#12674 = DIRECTION('',(0.,1.,0.));
#12675 = PCURVE('',#4197,#12676);
#12676 = DEFINITIONAL_REPRESENTATION('',(#12677),#12681);
#12677 = LINE('',#12678,#12679);
#12678 = CARTESIAN_POINT('',(-0.,21.));
#12679 = VECTOR('',#12680,1.);
#12680 = DIRECTION('',(0.,-1.));
#12681 = ( GEOMETRIC_REPRESENTATION_CONTEXT(2) 
PARAMETRIC_REPRESENTATION_CONTEXT() REPRESENTATION_CONTEXT('2D SPACE',''
  ) );
#12682 = PCURVE('',#4171,#12683);
#12683 = DEFINITIONAL_REPRESENTATION('',(#12684),#12688);
#12684 = LINE('',#12685,#12686);
#12685 = CARTESIAN_POINT('',(5.,21.));
#12686 = VECTOR('',#12687,1.);
#12687 = DIRECTION('',(0.,-1.));
#12688 = ( GEOMETRIC_REPRESENTATION_CONTEXT(2) 
PARAMETRIC_REPRESENTATION_CONTEXT() REPRESENTATION_CONTEXT('2D SPACE',''
  ) );
#12689 = ORIENTED_EDGE('',*,*,#4182,.F.);
#12690 = ORIENTED_EDGE('',*,*,#12642,.T.);
#12691 = ORIENTED_EDGE('',*,*,#10563,.F.);
#12692 = ADVANCED_FACE('',(#12693),#4171,.F.);
#12693 = FACE_BOUND('',#12694,.F.);
#12694 = EDGE_LOOP('',(#12695,#12716,#12717,#12718));
#12695 = ORIENTED_EDGE('',*,*,#12696,.T.);
#12696 = EDGE_CURVE('',#10585,#4131,#12697,.T.);
#12697 = SURFACE_CURVE('',#12698,(#12702,#12709),.PCURVE_S1.);
#12698 = LINE('',#12699,#12700);
#12699 = CARTESIAN_POINT('',(14.654344550094,-21.,-6.8));
#12700 = VECTOR('',#12701,1.);
#12701 = DIRECTION('',(0.,1.,0.));
#12702 = PCURVE('',#4171,#12703);
#12703 = DEFINITIONAL_REPRESENTATION('',(#12704),#12708);
#12704 = LINE('',#12705,#12706);
#12705 = CARTESIAN_POINT('',(0.,21.));
#12706 = VECTOR('',#12707,1.);
#12707 = DIRECTION('',(0.,-1.));
#12708 = ( GEOMETRIC_REPRESENTATION_CONTEXT(2) 
PARAMETRIC_REPRESENTATION_CONTEXT() REPRESENTATION_CONTEXT('2D SPACE',''
  ) );
#12709 = PCURVE('',#4145,#12710);
#12710 = DEFINITIONAL_REPRESENTATION('',(#12711),#12715);
#12711 = LINE('',#12712,#12713);
#12712 = CARTESIAN_POINT('',(5.,21.));
#12713 = VECTOR('',#12714,1.);
#12714 = DIRECTION('',(0.,-1.));
#12715 = ( GEOMETRIC_REPRESENTATION_CONTEXT(2) 
PARAMETRIC_REPRESENTATION_CONTEXT() REPRESENTATION_CONTEXT('2D SPACE',''
  ) );
#12716 = ORIENTED_EDGE('',*,*,#4156,.F.);
#12717 = ORIENTED_EDGE('',*,*,#12669,.F.);
#12718 = ORIENTED_EDGE('',*,*,#10584,.F.);
#12719 = ADVANCED_FACE('',(#12720),#4145,.F.);
#12720 = FACE_BOUND('',#12721,.F.);
#12721 = EDGE_LOOP('',(#12722,#12743,#12744,#12745));
#12722 = ORIENTED_EDGE('',*,*,#12723,.T.);
#12723 = EDGE_CURVE('',#10606,#4105,#12724,.T.);
#12724 = SURFACE_CURVE('',#12725,(#12729,#12736),.PCURVE_S1.);
#12725 = LINE('',#12726,#12727);
#12726 = CARTESIAN_POINT('',(14.654344550094,-21.,-11.8));
#12727 = VECTOR('',#12728,1.);
#12728 = DIRECTION('',(0.,1.,0.));
#12729 = PCURVE('',#4145,#12730);
#12730 = DEFINITIONAL_REPRESENTATION('',(#12731),#12735);
#12731 = LINE('',#12732,#12733);
#12732 = CARTESIAN_POINT('',(0.,21.));
#12733 = VECTOR('',#12734,1.);
#12734 = DIRECTION('',(0.,-1.));
#12735 = ( GEOMETRIC_REPRESENTATION_CONTEXT(2) 
PARAMETRIC_REPRESENTATION_CONTEXT() REPRESENTATION_CONTEXT('2D SPACE',''
  ) );
#12736 = PCURVE('',#4119,#12737);
#12737 = DEFINITIONAL_REPRESENTATION('',(#12738),#12742);
#12738 = LINE('',#12739,#12740);
#12739 = CARTESIAN_POINT('',(5.,21.));
#12740 = VECTOR('',#12741,1.);
#12741 = DIRECTION('',(0.,-1.));
#12742 = ( GEOMETRIC_REPRESENTATION_CONTEXT(2) 
PARAMETRIC_REPRESENTATION_CONTEXT() REPRESENTATION_CONTEXT('2D SPACE',''
  ) );
#12743 = ORIENTED_EDGE('',*,*,#4130,.F.);
#12744 = ORIENTED_EDGE('',*,*,#12696,.F.);
#12745 = ORIENTED_EDGE('',*,*,#10605,.F.);
#12746 = ADVANCED_FACE('',(#12747),#4119,.F.);
#12747 = FACE_BOUND('',#12748,.F.);
#12748 = EDGE_LOOP('',(#12749,#12750,#12751,#12752));
#12749 = ORIENTED_EDGE('',*,*,#4104,.F.);
#12750 = ORIENTED_EDGE('',*,*,#12723,.F.);
#12751 = ORIENTED_EDGE('',*,*,#10626,.F.);
#12752 = ORIENTED_EDGE('',*,*,#12753,.F.);
#12753 = EDGE_CURVE('',#4077,#10627,#12754,.T.);
#12754 = SURFACE_CURVE('',#12755,(#12759,#12765),.PCURVE_S1.);
#12755 = LINE('',#12756,#12757);
#12756 = CARTESIAN_POINT('',(11.092544079407,-4.,-13.85640646055));
#12757 = VECTOR('',#12758,1.);
#12758 = DIRECTION('',(3.845925372767E-16,-1.,2.22044604925E-16));
#12759 = PCURVE('',#4119,#12760);
#12760 = DEFINITIONAL_REPRESENTATION('',(#12761),#12764);
#12761 = B_SPLINE_CURVE_WITH_KNOTS('',1,(#12762,#12763),.UNSPECIFIED.,
  .F.,.F.,(2,2),(-12.,4.),.PIECEWISE_BEZIER_KNOTS.);
#12762 = CARTESIAN_POINT('',(0.887187078898,-8.));
#12763 = CARTESIAN_POINT('',(0.887187078898,8.));
#12764 = ( GEOMETRIC_REPRESENTATION_CONTEXT(2) 
PARAMETRIC_REPRESENTATION_CONTEXT() REPRESENTATION_CONTEXT('2D SPACE',''
  ) );
#12765 = PCURVE('',#4092,#12766);
#12766 = DEFINITIONAL_REPRESENTATION('',(#12767),#12770);
#12767 = B_SPLINE_CURVE_WITH_KNOTS('',1,(#12768,#12769),.UNSPECIFIED.,
  .F.,.F.,(2,2),(-12.,4.),.PIECEWISE_BEZIER_KNOTS.);
#12768 = CARTESIAN_POINT('',(16.,11.092544079407));
#12769 = CARTESIAN_POINT('',(0.,11.092544079407));
#12770 = ( GEOMETRIC_REPRESENTATION_CONTEXT(2) 
PARAMETRIC_REPRESENTATION_CONTEXT() REPRESENTATION_CONTEXT('2D SPACE',''
  ) );
#12771 = ADVANCED_FACE('',(#12772),#4092,.T.);
#12772 = FACE_BOUND('',#12773,.T.);
#12773 = EDGE_LOOP('',(#12774,#12775,#12776,#12777));
#12774 = ORIENTED_EDGE('',*,*,#10647,.T.);
#12775 = ORIENTED_EDGE('',*,*,#12753,.F.);
#12776 = ORIENTED_EDGE('',*,*,#4076,.F.);
#12777 = ORIENTED_EDGE('',*,*,#12778,.F.);
#12778 = EDGE_CURVE('',#10648,#4051,#12779,.T.);
#12779 = SURFACE_CURVE('',#12780,(#12784,#12790),.PCURVE_S1.);
#12780 = LINE('',#12781,#12782);
#12781 = CARTESIAN_POINT('',(20.294605989864,-4.,-13.85640646055));
#12782 = VECTOR('',#12783,1.);
#12783 = DIRECTION('',(3.845925372767E-16,1.,-2.22044604925E-16));
#12784 = PCURVE('',#4092,#12785);
#12785 = DEFINITIONAL_REPRESENTATION('',(#12786),#12789);
#12786 = B_SPLINE_CURVE_WITH_KNOTS('',1,(#12787,#12788),.UNSPECIFIED.,
  .F.,.F.,(2,2),(-4.,12.),.PIECEWISE_BEZIER_KNOTS.);
#12787 = CARTESIAN_POINT('',(0.,20.294605989864));
#12788 = CARTESIAN_POINT('',(16.,20.294605989864));
#12789 = ( GEOMETRIC_REPRESENTATION_CONTEXT(2) 
PARAMETRIC_REPRESENTATION_CONTEXT() REPRESENTATION_CONTEXT('2D SPACE',''
  ) );
#12790 = PCURVE('',#4065,#12791);
#12791 = DEFINITIONAL_REPRESENTATION('',(#12792),#12795);
#12792 = B_SPLINE_CURVE_WITH_KNOTS('',1,(#12793,#12794),.UNSPECIFIED.,
  .F.,.F.,(2,2),(-4.,12.),.PIECEWISE_BEZIER_KNOTS.);
#12793 = CARTESIAN_POINT('',(4.112812921102,8.));
#12794 = CARTESIAN_POINT('',(4.112812921102,-8.));
#12795 = ( GEOMETRIC_REPRESENTATION_CONTEXT(2) 
PARAMETRIC_REPRESENTATION_CONTEXT() REPRESENTATION_CONTEXT('2D SPACE',''
  ) );
#12796 = ADVANCED_FACE('',(#12797),#4065,.F.);
#12797 = FACE_BOUND('',#12798,.F.);
#12798 = EDGE_LOOP('',(#12799,#12820,#12821,#12822));
#12799 = ORIENTED_EDGE('',*,*,#12800,.F.);
#12800 = EDGE_CURVE('',#4025,#10671,#12801,.T.);
#12801 = SURFACE_CURVE('',#12802,(#12806,#12813),.PCURVE_S1.);
#12802 = LINE('',#12803,#12804);
#12803 = CARTESIAN_POINT('',(16.732805519177,21.,-11.8));
#12804 = VECTOR('',#12805,1.);
#12805 = DIRECTION('',(0.,-1.,0.));
#12806 = PCURVE('',#4065,#12807);
#12807 = DEFINITIONAL_REPRESENTATION('',(#12808),#12812);
#12808 = LINE('',#12809,#12810);
#12809 = CARTESIAN_POINT('',(0.,-21.));
#12810 = VECTOR('',#12811,1.);
#12811 = DIRECTION('',(0.,1.));
#12812 = ( GEOMETRIC_REPRESENTATION_CONTEXT(2) 
PARAMETRIC_REPRESENTATION_CONTEXT() REPRESENTATION_CONTEXT('2D SPACE',''
  ) );
#12813 = PCURVE('',#4039,#12814);
#12814 = DEFINITIONAL_REPRESENTATION('',(#12815),#12819);
#12815 = LINE('',#12816,#12817);
#12816 = CARTESIAN_POINT('',(5.,-21.));
#12817 = VECTOR('',#12818,1.);
#12818 = DIRECTION('',(-0.,1.));
#12819 = ( GEOMETRIC_REPRESENTATION_CONTEXT(2) 
PARAMETRIC_REPRESENTATION_CONTEXT() REPRESENTATION_CONTEXT('2D SPACE',''
  ) );
#12820 = ORIENTED_EDGE('',*,*,#4050,.F.);
#12821 = ORIENTED_EDGE('',*,*,#12778,.F.);
#12822 = ORIENTED_EDGE('',*,*,#10670,.F.);
#12823 = ADVANCED_FACE('',(#12824),#4039,.F.);
#12824 = FACE_BOUND('',#12825,.F.);
#12825 = EDGE_LOOP('',(#12826,#12847,#12848,#12849));
#12826 = ORIENTED_EDGE('',*,*,#12827,.F.);
#12827 = EDGE_CURVE('',#3999,#10692,#12828,.T.);
#12828 = SURFACE_CURVE('',#12829,(#12833,#12840),.PCURVE_S1.);
#12829 = LINE('',#12830,#12831);
#12830 = CARTESIAN_POINT('',(16.732805519177,21.,-6.8));
#12831 = VECTOR('',#12832,1.);
#12832 = DIRECTION('',(0.,-1.,0.));
#12833 = PCURVE('',#4039,#12834);
#12834 = DEFINITIONAL_REPRESENTATION('',(#12835),#12839);
#12835 = LINE('',#12836,#12837);
#12836 = CARTESIAN_POINT('',(0.,-21.));
#12837 = VECTOR('',#12838,1.);
#12838 = DIRECTION('',(-0.,1.));
#12839 = ( GEOMETRIC_REPRESENTATION_CONTEXT(2) 
PARAMETRIC_REPRESENTATION_CONTEXT() REPRESENTATION_CONTEXT('2D SPACE',''
  ) );
#12840 = PCURVE('',#4013,#12841);
#12841 = DEFINITIONAL_REPRESENTATION('',(#12842),#12846);
#12842 = LINE('',#12843,#12844);
#12843 = CARTESIAN_POINT('',(5.,-21.));
#12844 = VECTOR('',#12845,1.);
#12845 = DIRECTION('',(-0.,1.));
#12846 = ( GEOMETRIC_REPRESENTATION_CONTEXT(2) 
PARAMETRIC_REPRESENTATION_CONTEXT() REPRESENTATION_CONTEXT('2D SPACE',''
  ) );
#12847 = ORIENTED_EDGE('',*,*,#4024,.F.);
#12848 = ORIENTED_EDGE('',*,*,#12800,.T.);
#12849 = ORIENTED_EDGE('',*,*,#10691,.F.);
#12850 = ADVANCED_FACE('',(#12851),#4013,.F.);
#12851 = FACE_BOUND('',#12852,.F.);
#12852 = EDGE_LOOP('',(#12853,#12874,#12875,#12876));
#12853 = ORIENTED_EDGE('',*,*,#12854,.T.);
#12854 = EDGE_CURVE('',#10713,#3973,#12855,.T.);
#12855 = SURFACE_CURVE('',#12856,(#12860,#12867),.PCURVE_S1.);
#12856 = LINE('',#12857,#12858);
#12857 = CARTESIAN_POINT('',(21.062932538099,-21.,-4.3));
#12858 = VECTOR('',#12859,1.);
#12859 = DIRECTION('',(0.,1.,0.));
#12860 = PCURVE('',#4013,#12861);
#12861 = DEFINITIONAL_REPRESENTATION('',(#12862),#12866);
#12862 = LINE('',#12863,#12864);
#12863 = CARTESIAN_POINT('',(-0.,21.));
#12864 = VECTOR('',#12865,1.);
#12865 = DIRECTION('',(0.,-1.));
#12866 = ( GEOMETRIC_REPRESENTATION_CONTEXT(2) 
PARAMETRIC_REPRESENTATION_CONTEXT() REPRESENTATION_CONTEXT('2D SPACE',''
  ) );
#12867 = PCURVE('',#3987,#12868);
#12868 = DEFINITIONAL_REPRESENTATION('',(#12869),#12873);
#12869 = LINE('',#12870,#12871);
#12870 = CARTESIAN_POINT('',(5.,21.));
#12871 = VECTOR('',#12872,1.);
#12872 = DIRECTION('',(0.,-1.));
#12873 = ( GEOMETRIC_REPRESENTATION_CONTEXT(2) 
PARAMETRIC_REPRESENTATION_CONTEXT() REPRESENTATION_CONTEXT('2D SPACE',''
  ) );
#12874 = ORIENTED_EDGE('',*,*,#3998,.F.);
#12875 = ORIENTED_EDGE('',*,*,#12827,.T.);
#12876 = ORIENTED_EDGE('',*,*,#10712,.F.);
#12877 = ADVANCED_FACE('',(#12878),#3987,.F.);
#12878 = FACE_BOUND('',#12879,.F.);
#12879 = EDGE_LOOP('',(#12880,#12901,#12902,#12903));
#12880 = ORIENTED_EDGE('',*,*,#12881,.T.);
#12881 = EDGE_CURVE('',#10734,#3947,#12882,.T.);
#12882 = SURFACE_CURVE('',#12883,(#12887,#12894),.PCURVE_S1.);
#12883 = LINE('',#12884,#12885);
#12884 = CARTESIAN_POINT('',(25.393059557021,-21.,-6.8));
#12885 = VECTOR('',#12886,1.);
#12886 = DIRECTION('',(0.,1.,0.));
#12887 = PCURVE('',#3987,#12888);
#12888 = DEFINITIONAL_REPRESENTATION('',(#12889),#12893);
#12889 = LINE('',#12890,#12891);
#12890 = CARTESIAN_POINT('',(0.,21.));
#12891 = VECTOR('',#12892,1.);
#12892 = DIRECTION('',(0.,-1.));
#12893 = ( GEOMETRIC_REPRESENTATION_CONTEXT(2) 
PARAMETRIC_REPRESENTATION_CONTEXT() REPRESENTATION_CONTEXT('2D SPACE',''
  ) );
#12894 = PCURVE('',#3961,#12895);
#12895 = DEFINITIONAL_REPRESENTATION('',(#12896),#12900);
#12896 = LINE('',#12897,#12898);
#12897 = CARTESIAN_POINT('',(5.,21.));
#12898 = VECTOR('',#12899,1.);
#12899 = DIRECTION('',(0.,-1.));
#12900 = ( GEOMETRIC_REPRESENTATION_CONTEXT(2) 
PARAMETRIC_REPRESENTATION_CONTEXT() REPRESENTATION_CONTEXT('2D SPACE',''
  ) );
#12901 = ORIENTED_EDGE('',*,*,#3972,.F.);
#12902 = ORIENTED_EDGE('',*,*,#12854,.F.);
#12903 = ORIENTED_EDGE('',*,*,#10733,.F.);
#12904 = ADVANCED_FACE('',(#12905),#3961,.F.);
#12905 = FACE_BOUND('',#12906,.F.);
#12906 = EDGE_LOOP('',(#12907,#12928,#12929,#12930));
#12907 = ORIENTED_EDGE('',*,*,#12908,.T.);
#12908 = EDGE_CURVE('',#10755,#3921,#12909,.T.);
#12909 = SURFACE_CURVE('',#12910,(#12914,#12921),.PCURVE_S1.);
#12910 = LINE('',#12911,#12912);
#12911 = CARTESIAN_POINT('',(25.393059557021,-21.,-11.8));
#12912 = VECTOR('',#12913,1.);
#12913 = DIRECTION('',(0.,1.,0.));
#12914 = PCURVE('',#3961,#12915);
#12915 = DEFINITIONAL_REPRESENTATION('',(#12916),#12920);
#12916 = LINE('',#12917,#12918);
#12917 = CARTESIAN_POINT('',(0.,21.));
#12918 = VECTOR('',#12919,1.);
#12919 = DIRECTION('',(0.,-1.));
#12920 = ( GEOMETRIC_REPRESENTATION_CONTEXT(2) 
PARAMETRIC_REPRESENTATION_CONTEXT() REPRESENTATION_CONTEXT('2D SPACE',''
  ) );
#12921 = PCURVE('',#3935,#12922);
#12922 = DEFINITIONAL_REPRESENTATION('',(#12923),#12927);
#12923 = LINE('',#12924,#12925);
#12924 = CARTESIAN_POINT('',(5.,21.));
#12925 = VECTOR('',#12926,1.);
#12926 = DIRECTION('',(0.,-1.));
#12927 = ( GEOMETRIC_REPRESENTATION_CONTEXT(2) 
PARAMETRIC_REPRESENTATION_CONTEXT() REPRESENTATION_CONTEXT('2D SPACE',''
  ) );
#12928 = ORIENTED_EDGE('',*,*,#3946,.F.);
#12929 = ORIENTED_EDGE('',*,*,#12881,.F.);
#12930 = ORIENTED_EDGE('',*,*,#10754,.F.);
#12931 = ADVANCED_FACE('',(#12932),#3935,.F.);
#12932 = FACE_BOUND('',#12933,.F.);
#12933 = EDGE_LOOP('',(#12934,#12935,#12936,#12937));
#12934 = ORIENTED_EDGE('',*,*,#3920,.F.);
#12935 = ORIENTED_EDGE('',*,*,#12908,.F.);
#12936 = ORIENTED_EDGE('',*,*,#10775,.F.);
#12937 = ORIENTED_EDGE('',*,*,#12938,.F.);
#12938 = EDGE_CURVE('',#3893,#10776,#12939,.T.);
#12939 = SURFACE_CURVE('',#12940,(#12944,#12950),.PCURVE_S1.);
#12940 = LINE('',#12941,#12942);
#12941 = CARTESIAN_POINT('',(21.831259086334,-4.,-13.85640646055));
#12942 = VECTOR('',#12943,1.);
#12943 = DIRECTION('',(3.845925372767E-16,-1.,2.22044604925E-16));
#12944 = PCURVE('',#3935,#12945);
#12945 = DEFINITIONAL_REPRESENTATION('',(#12946),#12949);
#12946 = B_SPLINE_CURVE_WITH_KNOTS('',1,(#12947,#12948),.UNSPECIFIED.,
  .F.,.F.,(2,2),(-12.,4.),.PIECEWISE_BEZIER_KNOTS.);
#12947 = CARTESIAN_POINT('',(0.887187078898,-8.));
#12948 = CARTESIAN_POINT('',(0.887187078898,8.));
#12949 = ( GEOMETRIC_REPRESENTATION_CONTEXT(2) 
PARAMETRIC_REPRESENTATION_CONTEXT() REPRESENTATION_CONTEXT('2D SPACE',''
  ) );
#12950 = PCURVE('',#3908,#12951);
#12951 = DEFINITIONAL_REPRESENTATION('',(#12952),#12955);
#12952 = B_SPLINE_CURVE_WITH_KNOTS('',1,(#12953,#12954),.UNSPECIFIED.,
  .F.,.F.,(2,2),(-12.,4.),.PIECEWISE_BEZIER_KNOTS.);
#12953 = CARTESIAN_POINT('',(16.,21.831259086334));
#12954 = CARTESIAN_POINT('',(0.,21.831259086334));
#12955 = ( GEOMETRIC_REPRESENTATION_CONTEXT(2) 
PARAMETRIC_REPRESENTATION_CONTEXT() REPRESENTATION_CONTEXT('2D SPACE',''
  ) );
#12956 = ADVANCED_FACE('',(#12957),#3908,.T.);
#12957 = FACE_BOUND('',#12958,.T.);
#12958 = EDGE_LOOP('',(#12959,#12960,#12961,#12962));
#12959 = ORIENTED_EDGE('',*,*,#10796,.T.);
#12960 = ORIENTED_EDGE('',*,*,#12938,.F.);
#12961 = ORIENTED_EDGE('',*,*,#3892,.F.);
#12962 = ORIENTED_EDGE('',*,*,#12963,.F.);
#12963 = EDGE_CURVE('',#10797,#3867,#12964,.T.);
#12964 = SURFACE_CURVE('',#12965,(#12969,#12975),.PCURVE_S1.);
#12965 = LINE('',#12966,#12967);
#12966 = CARTESIAN_POINT('',(31.033320996791,-4.,-13.85640646055));
#12967 = VECTOR('',#12968,1.);
#12968 = DIRECTION('',(3.845925372767E-16,1.,-2.22044604925E-16));
#12969 = PCURVE('',#3908,#12970);
#12970 = DEFINITIONAL_REPRESENTATION('',(#12971),#12974);
#12971 = B_SPLINE_CURVE_WITH_KNOTS('',1,(#12972,#12973),.UNSPECIFIED.,
  .F.,.F.,(2,2),(-4.,12.),.PIECEWISE_BEZIER_KNOTS.);
#12972 = CARTESIAN_POINT('',(0.,31.033320996791));
#12973 = CARTESIAN_POINT('',(16.,31.033320996791));
#12974 = ( GEOMETRIC_REPRESENTATION_CONTEXT(2) 
PARAMETRIC_REPRESENTATION_CONTEXT() REPRESENTATION_CONTEXT('2D SPACE',''
  ) );
#12975 = PCURVE('',#3881,#12976);
#12976 = DEFINITIONAL_REPRESENTATION('',(#12977),#12980);
#12977 = B_SPLINE_CURVE_WITH_KNOTS('',1,(#12978,#12979),.UNSPECIFIED.,
  .F.,.F.,(2,2),(-4.,12.),.PIECEWISE_BEZIER_KNOTS.);
#12978 = CARTESIAN_POINT('',(4.112812921102,8.));
#12979 = CARTESIAN_POINT('',(4.112812921102,-8.));
#12980 = ( GEOMETRIC_REPRESENTATION_CONTEXT(2) 
PARAMETRIC_REPRESENTATION_CONTEXT() REPRESENTATION_CONTEXT('2D SPACE',''
  ) );
#12981 = ADVANCED_FACE('',(#12982),#3881,.F.);
#12982 = FACE_BOUND('',#12983,.F.);
#12983 = EDGE_LOOP('',(#12984,#13005,#13006,#13007));
#12984 = ORIENTED_EDGE('',*,*,#12985,.F.);
#12985 = EDGE_CURVE('',#3841,#10820,#12986,.T.);
#12986 = SURFACE_CURVE('',#12987,(#12991,#12998),.PCURVE_S1.);
#12987 = LINE('',#12988,#12989);
#12988 = CARTESIAN_POINT('',(27.471520526104,21.,-11.8));
#12989 = VECTOR('',#12990,1.);
#12990 = DIRECTION('',(0.,-1.,0.));
#12991 = PCURVE('',#3881,#12992);
#12992 = DEFINITIONAL_REPRESENTATION('',(#12993),#12997);
#12993 = LINE('',#12994,#12995);
#12994 = CARTESIAN_POINT('',(0.,-21.));
#12995 = VECTOR('',#12996,1.);
#12996 = DIRECTION('',(0.,1.));
#12997 = ( GEOMETRIC_REPRESENTATION_CONTEXT(2) 
PARAMETRIC_REPRESENTATION_CONTEXT() REPRESENTATION_CONTEXT('2D SPACE',''
  ) );
#12998 = PCURVE('',#3855,#12999);
#12999 = DEFINITIONAL_REPRESENTATION('',(#13000),#13004);
#13000 = LINE('',#13001,#13002);
#13001 = CARTESIAN_POINT('',(5.,-21.));
#13002 = VECTOR('',#13003,1.);
#13003 = DIRECTION('',(-0.,1.));
#13004 = ( GEOMETRIC_REPRESENTATION_CONTEXT(2) 
PARAMETRIC_REPRESENTATION_CONTEXT() REPRESENTATION_CONTEXT('2D SPACE',''
  ) );
#13005 = ORIENTED_EDGE('',*,*,#3866,.F.);
#13006 = ORIENTED_EDGE('',*,*,#12963,.F.);
#13007 = ORIENTED_EDGE('',*,*,#10819,.F.);
#13008 = ADVANCED_FACE('',(#13009),#3855,.F.);
#13009 = FACE_BOUND('',#13010,.F.);
#13010 = EDGE_LOOP('',(#13011,#13032,#13033,#13034));
#13011 = ORIENTED_EDGE('',*,*,#13012,.F.);
#13012 = EDGE_CURVE('',#3815,#10841,#13013,.T.);
#13013 = SURFACE_CURVE('',#13014,(#13018,#13025),.PCURVE_S1.);
#13014 = LINE('',#13015,#13016);
#13015 = CARTESIAN_POINT('',(27.471520526104,21.,-6.8));
#13016 = VECTOR('',#13017,1.);
#13017 = DIRECTION('',(0.,-1.,0.));
#13018 = PCURVE('',#3855,#13019);
#13019 = DEFINITIONAL_REPRESENTATION('',(#13020),#13024);
#13020 = LINE('',#13021,#13022);
#13021 = CARTESIAN_POINT('',(0.,-21.));
#13022 = VECTOR('',#13023,1.);
#13023 = DIRECTION('',(-0.,1.));
#13024 = ( GEOMETRIC_REPRESENTATION_CONTEXT(2) 
PARAMETRIC_REPRESENTATION_CONTEXT() REPRESENTATION_CONTEXT('2D SPACE',''
  ) );
#13025 = PCURVE('',#3829,#13026);
#13026 = DEFINITIONAL_REPRESENTATION('',(#13027),#13031);
#13027 = LINE('',#13028,#13029);
#13028 = CARTESIAN_POINT('',(5.,-21.));
#13029 = VECTOR('',#13030,1.);
#13030 = DIRECTION('',(-0.,1.));
#13031 = ( GEOMETRIC_REPRESENTATION_CONTEXT(2) 
PARAMETRIC_REPRESENTATION_CONTEXT() REPRESENTATION_CONTEXT('2D SPACE',''
  ) );
#13032 = ORIENTED_EDGE('',*,*,#3840,.F.);
#13033 = ORIENTED_EDGE('',*,*,#12985,.T.);
#13034 = ORIENTED_EDGE('',*,*,#10840,.F.);
#13035 = ADVANCED_FACE('',(#13036),#3829,.F.);
#13036 = FACE_BOUND('',#13037,.F.);
#13037 = EDGE_LOOP('',(#13038,#13059,#13060,#13061));
#13038 = ORIENTED_EDGE('',*,*,#13039,.T.);
#13039 = EDGE_CURVE('',#10862,#3789,#13040,.T.);
#13040 = SURFACE_CURVE('',#13041,(#13045,#13052),.PCURVE_S1.);
#13041 = LINE('',#13042,#13043);
#13042 = CARTESIAN_POINT('',(31.801647545026,-21.,-4.3));
#13043 = VECTOR('',#13044,1.);
#13044 = DIRECTION('',(0.,1.,0.));
#13045 = PCURVE('',#3829,#13046);
#13046 = DEFINITIONAL_REPRESENTATION('',(#13047),#13051);
#13047 = LINE('',#13048,#13049);
#13048 = CARTESIAN_POINT('',(-0.,21.));
#13049 = VECTOR('',#13050,1.);
#13050 = DIRECTION('',(0.,-1.));
#13051 = ( GEOMETRIC_REPRESENTATION_CONTEXT(2) 
PARAMETRIC_REPRESENTATION_CONTEXT() REPRESENTATION_CONTEXT('2D SPACE',''
  ) );
#13052 = PCURVE('',#3803,#13053);
#13053 = DEFINITIONAL_REPRESENTATION('',(#13054),#13058);
#13054 = LINE('',#13055,#13056);
#13055 = CARTESIAN_POINT('',(5.,21.));
#13056 = VECTOR('',#13057,1.);
#13057 = DIRECTION('',(0.,-1.));
#13058 = ( GEOMETRIC_REPRESENTATION_CONTEXT(2) 
PARAMETRIC_REPRESENTATION_CONTEXT() REPRESENTATION_CONTEXT('2D SPACE',''
  ) );
#13059 = ORIENTED_EDGE('',*,*,#3814,.F.);
#13060 = ORIENTED_EDGE('',*,*,#13012,.T.);
#13061 = ORIENTED_EDGE('',*,*,#10861,.F.);
#13062 = ADVANCED_FACE('',(#13063),#3803,.F.);
#13063 = FACE_BOUND('',#13064,.F.);
#13064 = EDGE_LOOP('',(#13065,#13086,#13087,#13088));
#13065 = ORIENTED_EDGE('',*,*,#13066,.T.);
#13066 = EDGE_CURVE('',#10883,#3763,#13067,.T.);
#13067 = SURFACE_CURVE('',#13068,(#13072,#13079),.PCURVE_S1.);
#13068 = LINE('',#13069,#13070);
#13069 = CARTESIAN_POINT('',(36.131774563948,-21.,-6.8));
#13070 = VECTOR('',#13071,1.);
#13071 = DIRECTION('',(0.,1.,0.));
#13072 = PCURVE('',#3803,#13073);
#13073 = DEFINITIONAL_REPRESENTATION('',(#13074),#13078);
#13074 = LINE('',#13075,#13076);
#13075 = CARTESIAN_POINT('',(0.,21.));
#13076 = VECTOR('',#13077,1.);
#13077 = DIRECTION('',(0.,-1.));
#13078 = ( GEOMETRIC_REPRESENTATION_CONTEXT(2) 
PARAMETRIC_REPRESENTATION_CONTEXT() REPRESENTATION_CONTEXT('2D SPACE',''
  ) );
#13079 = PCURVE('',#3777,#13080);
#13080 = DEFINITIONAL_REPRESENTATION('',(#13081),#13085);
#13081 = LINE('',#13082,#13083);
#13082 = CARTESIAN_POINT('',(5.,21.));
#13083 = VECTOR('',#13084,1.);
#13084 = DIRECTION('',(0.,-1.));
#13085 = ( GEOMETRIC_REPRESENTATION_CONTEXT(2) 
PARAMETRIC_REPRESENTATION_CONTEXT() REPRESENTATION_CONTEXT('2D SPACE',''
  ) );
#13086 = ORIENTED_EDGE('',*,*,#3788,.F.);
#13087 = ORIENTED_EDGE('',*,*,#13039,.F.);
#13088 = ORIENTED_EDGE('',*,*,#10882,.F.);
#13089 = ADVANCED_FACE('',(#13090),#3777,.F.);
#13090 = FACE_BOUND('',#13091,.F.);
#13091 = EDGE_LOOP('',(#13092,#13113,#13114,#13115));
#13092 = ORIENTED_EDGE('',*,*,#13093,.T.);
#13093 = EDGE_CURVE('',#10904,#3737,#13094,.T.);
#13094 = SURFACE_CURVE('',#13095,(#13099,#13106),.PCURVE_S1.);
#13095 = LINE('',#13096,#13097);
#13096 = CARTESIAN_POINT('',(36.131774563948,-21.,-11.8));
#13097 = VECTOR('',#13098,1.);
#13098 = DIRECTION('',(0.,1.,0.));
#13099 = PCURVE('',#3777,#13100);
#13100 = DEFINITIONAL_REPRESENTATION('',(#13101),#13105);
#13101 = LINE('',#13102,#13103);
#13102 = CARTESIAN_POINT('',(0.,21.));
#13103 = VECTOR('',#13104,1.);
#13104 = DIRECTION('',(0.,-1.));
#13105 = ( GEOMETRIC_REPRESENTATION_CONTEXT(2) 
PARAMETRIC_REPRESENTATION_CONTEXT() REPRESENTATION_CONTEXT('2D SPACE',''
  ) );
#13106 = PCURVE('',#3751,#13107);
#13107 = DEFINITIONAL_REPRESENTATION('',(#13108),#13112);
#13108 = LINE('',#13109,#13110);
#13109 = CARTESIAN_POINT('',(5.,21.));
#13110 = VECTOR('',#13111,1.);
#13111 = DIRECTION('',(0.,-1.));
#13112 = ( GEOMETRIC_REPRESENTATION_CONTEXT(2) 
PARAMETRIC_REPRESENTATION_CONTEXT() REPRESENTATION_CONTEXT('2D SPACE',''
  ) );
#13113 = ORIENTED_EDGE('',*,*,#3762,.F.);
#13114 = ORIENTED_EDGE('',*,*,#13066,.F.);
#13115 = ORIENTED_EDGE('',*,*,#10903,.F.);
#13116 = ADVANCED_FACE('',(#13117),#3751,.F.);
#13117 = FACE_BOUND('',#13118,.F.);
#13118 = EDGE_LOOP('',(#13119,#13120,#13121,#13122));
#13119 = ORIENTED_EDGE('',*,*,#3736,.F.);
#13120 = ORIENTED_EDGE('',*,*,#13093,.F.);
#13121 = ORIENTED_EDGE('',*,*,#10924,.F.);
#13122 = ORIENTED_EDGE('',*,*,#13123,.F.);
#13123 = EDGE_CURVE('',#3709,#10925,#13124,.T.);
#13124 = SURFACE_CURVE('',#13125,(#13129,#13135),.PCURVE_S1.);
#13125 = LINE('',#13126,#13127);
#13126 = CARTESIAN_POINT('',(32.569974093261,-4.,-13.85640646055));
#13127 = VECTOR('',#13128,1.);
#13128 = DIRECTION('',(3.845925372767E-16,-1.,2.22044604925E-16));
#13129 = PCURVE('',#3751,#13130);
#13130 = DEFINITIONAL_REPRESENTATION('',(#13131),#13134);
#13131 = B_SPLINE_CURVE_WITH_KNOTS('',1,(#13132,#13133),.UNSPECIFIED.,
  .F.,.F.,(2,2),(-12.,4.),.PIECEWISE_BEZIER_KNOTS.);
#13132 = CARTESIAN_POINT('',(0.887187078898,-8.));
#13133 = CARTESIAN_POINT('',(0.887187078898,8.));
#13134 = ( GEOMETRIC_REPRESENTATION_CONTEXT(2) 
PARAMETRIC_REPRESENTATION_CONTEXT() REPRESENTATION_CONTEXT('2D SPACE',''
  ) );
#13135 = PCURVE('',#3724,#13136);
#13136 = DEFINITIONAL_REPRESENTATION('',(#13137),#13140);
#13137 = B_SPLINE_CURVE_WITH_KNOTS('',1,(#13138,#13139),.UNSPECIFIED.,
  .F.,.F.,(2,2),(-12.,4.),.PIECEWISE_BEZIER_KNOTS.);
#13138 = CARTESIAN_POINT('',(16.,32.569974093261));
#13139 = CARTESIAN_POINT('',(0.,32.569974093261));
#13140 = ( GEOMETRIC_REPRESENTATION_CONTEXT(2) 
PARAMETRIC_REPRESENTATION_CONTEXT() REPRESENTATION_CONTEXT('2D SPACE',''
  ) );
#13141 = ADVANCED_FACE('',(#13142,#13168),#3724,.T.);
#13142 = FACE_BOUND('',#13143,.T.);
#13143 = EDGE_LOOP('',(#13144,#13145,#13146,#13147));
#13144 = ORIENTED_EDGE('',*,*,#10945,.T.);
#13145 = ORIENTED_EDGE('',*,*,#13123,.F.);
#13146 = ORIENTED_EDGE('',*,*,#3708,.F.);
#13147 = ORIENTED_EDGE('',*,*,#13148,.F.);
#13148 = EDGE_CURVE('',#10946,#3681,#13149,.T.);
#13149 = SURFACE_CURVE('',#13150,(#13154,#13161),.PCURVE_S1.);
#13150 = LINE('',#13151,#13152);
#13151 = CARTESIAN_POINT('',(60.,-8.,-13.85640646055));
#13152 = VECTOR('',#13153,1.);
#13153 = DIRECTION('',(0.,1.,-2.22044604925E-16));
#13154 = PCURVE('',#3724,#13155);
#13155 = DEFINITIONAL_REPRESENTATION('',(#13156),#13160);
#13156 = LINE('',#13157,#13158);
#13157 = CARTESIAN_POINT('',(0.,60.));
#13158 = VECTOR('',#13159,1.);
#13159 = DIRECTION('',(1.,0.));
#13160 = ( GEOMETRIC_REPRESENTATION_CONTEXT(2) 
PARAMETRIC_REPRESENTATION_CONTEXT() REPRESENTATION_CONTEXT('2D SPACE',''
  ) );
#13161 = PCURVE('',#3696,#13162);
#13162 = DEFINITIONAL_REPRESENTATION('',(#13163),#13167);
#13163 = LINE('',#13164,#13165);
#13164 = CARTESIAN_POINT('',(-8.,-13.85640646055));
#13165 = VECTOR('',#13166,1.);
#13166 = DIRECTION('',(1.,-2.22044604925E-16));
#13167 = ( GEOMETRIC_REPRESENTATION_CONTEXT(2) 
PARAMETRIC_REPRESENTATION_CONTEXT() REPRESENTATION_CONTEXT('2D SPACE',''
  ) );
#13168 = FACE_BOUND('',#13169,.T.);
#13169 = EDGE_LOOP('',(#13170,#13193,#13214,#13235));
#13170 = ORIENTED_EDGE('',*,*,#13171,.F.);
#13171 = EDGE_CURVE('',#13172,#13174,#13176,.T.);
#13172 = VERTEX_POINT('',#13173);
#13173 = CARTESIAN_POINT('',(42.5,3.,-13.85640646055));
#13174 = VERTEX_POINT('',#13175);
#13175 = CARTESIAN_POINT('',(45.5,3.,-13.85640646055));
#13176 = SURFACE_CURVE('',#13177,(#13181,#13187),.PCURVE_S1.);
#13177 = LINE('',#13178,#13179);
#13178 = CARTESIAN_POINT('',(21.25,3.,-13.85640646055));
#13179 = VECTOR('',#13180,1.);
#13180 = DIRECTION('',(1.,-0.,0.));
#13181 = PCURVE('',#3724,#13182);
#13182 = DEFINITIONAL_REPRESENTATION('',(#13183),#13186);
#13183 = B_SPLINE_CURVE_WITH_KNOTS('',1,(#13184,#13185),.UNSPECIFIED.,
  .F.,.F.,(2,2),(21.25,24.25),.PIECEWISE_BEZIER_KNOTS.);
#13184 = CARTESIAN_POINT('',(11.,42.5));
#13185 = CARTESIAN_POINT('',(11.,45.5));
#13186 = ( GEOMETRIC_REPRESENTATION_CONTEXT(2) 
PARAMETRIC_REPRESENTATION_CONTEXT() REPRESENTATION_CONTEXT('2D SPACE',''
  ) );
#13187 = PCURVE('',#7032,#13188);
#13188 = DEFINITIONAL_REPRESENTATION('',(#13189),#13192);
#13189 = B_SPLINE_CURVE_WITH_KNOTS('',1,(#13190,#13191),.UNSPECIFIED.,
  .F.,.F.,(2,2),(21.25,24.25),.PIECEWISE_BEZIER_KNOTS.);
#13190 = CARTESIAN_POINT('',(5.143593539449,0.));
#13191 = CARTESIAN_POINT('',(5.143593539449,3.));
#13192 = ( GEOMETRIC_REPRESENTATION_CONTEXT(2) 
PARAMETRIC_REPRESENTATION_CONTEXT() REPRESENTATION_CONTEXT('2D SPACE',''
  ) );
#13193 = ORIENTED_EDGE('',*,*,#13194,.T.);
#13194 = EDGE_CURVE('',#13172,#13195,#13197,.T.);
#13195 = VERTEX_POINT('',#13196);
#13196 = CARTESIAN_POINT('',(42.5,-3.,-13.85640646055));
#13197 = SURFACE_CURVE('',#13198,(#13202,#13208),.PCURVE_S1.);
#13198 = LINE('',#13199,#13200);
#13199 = CARTESIAN_POINT('',(42.5,-5.5,-13.85640646055));
#13200 = VECTOR('',#13201,1.);
#13201 = DIRECTION('',(0.,-1.,2.22044604925E-16));
#13202 = PCURVE('',#3724,#13203);
#13203 = DEFINITIONAL_REPRESENTATION('',(#13204),#13207);
#13204 = B_SPLINE_CURVE_WITH_KNOTS('',1,(#13205,#13206),.UNSPECIFIED.,
  .F.,.F.,(2,2),(-8.5,-2.5),.PIECEWISE_BEZIER_KNOTS.);
#13205 = CARTESIAN_POINT('',(11.,42.5));
#13206 = CARTESIAN_POINT('',(5.,42.5));
#13207 = ( GEOMETRIC_REPRESENTATION_CONTEXT(2) 
PARAMETRIC_REPRESENTATION_CONTEXT() REPRESENTATION_CONTEXT('2D SPACE',''
  ) );
#13208 = PCURVE('',#7006,#13209);
#13209 = DEFINITIONAL_REPRESENTATION('',(#13210),#13213);
#13210 = B_SPLINE_CURVE_WITH_KNOTS('',1,(#13211,#13212),.UNSPECIFIED.,
  .F.,.F.,(2,2),(-8.5,-2.5),.PIECEWISE_BEZIER_KNOTS.);
#13211 = CARTESIAN_POINT('',(5.143593539449,-6.));
#13212 = CARTESIAN_POINT('',(5.143593539449,0.));
#13213 = ( GEOMETRIC_REPRESENTATION_CONTEXT(2) 
PARAMETRIC_REPRESENTATION_CONTEXT() REPRESENTATION_CONTEXT('2D SPACE',''
  ) );
#13214 = ORIENTED_EDGE('',*,*,#13215,.T.);
#13215 = EDGE_CURVE('',#13195,#13216,#13218,.T.);
#13216 = VERTEX_POINT('',#13217);
#13217 = CARTESIAN_POINT('',(45.5,-3.,-13.85640646055));
#13218 = SURFACE_CURVE('',#13219,(#13223,#13229),.PCURVE_S1.);
#13219 = LINE('',#13220,#13221);
#13220 = CARTESIAN_POINT('',(21.25,-3.,-13.85640646055));
#13221 = VECTOR('',#13222,1.);
#13222 = DIRECTION('',(1.,-0.,0.));
#13223 = PCURVE('',#3724,#13224);
#13224 = DEFINITIONAL_REPRESENTATION('',(#13225),#13228);
#13225 = B_SPLINE_CURVE_WITH_KNOTS('',1,(#13226,#13227),.UNSPECIFIED.,
  .F.,.F.,(2,2),(21.25,24.25),.PIECEWISE_BEZIER_KNOTS.);
#13226 = CARTESIAN_POINT('',(5.,42.5));
#13227 = CARTESIAN_POINT('',(5.,45.5));
#13228 = ( GEOMETRIC_REPRESENTATION_CONTEXT(2) 
PARAMETRIC_REPRESENTATION_CONTEXT() REPRESENTATION_CONTEXT('2D SPACE',''
  ) );
#13229 = PCURVE('',#6980,#13230);
#13230 = DEFINITIONAL_REPRESENTATION('',(#13231),#13234);
#13231 = B_SPLINE_CURVE_WITH_KNOTS('',1,(#13232,#13233),.UNSPECIFIED.,
  .F.,.F.,(2,2),(21.25,24.25),.PIECEWISE_BEZIER_KNOTS.);
#13232 = CARTESIAN_POINT('',(5.143593539449,0.));
#13233 = CARTESIAN_POINT('',(5.143593539449,3.));
#13234 = ( GEOMETRIC_REPRESENTATION_CONTEXT(2) 
PARAMETRIC_REPRESENTATION_CONTEXT() REPRESENTATION_CONTEXT('2D SPACE',''
  ) );
#13235 = ORIENTED_EDGE('',*,*,#13236,.F.);
#13236 = EDGE_CURVE('',#13174,#13216,#13237,.T.);
#13237 = SURFACE_CURVE('',#13238,(#13242,#13248),.PCURVE_S1.);
#13238 = LINE('',#13239,#13240);
#13239 = CARTESIAN_POINT('',(45.5,-5.5,-13.85640646055));
#13240 = VECTOR('',#13241,1.);
#13241 = DIRECTION('',(0.,-1.,2.22044604925E-16));
#13242 = PCURVE('',#3724,#13243);
#13243 = DEFINITIONAL_REPRESENTATION('',(#13244),#13247);
#13244 = B_SPLINE_CURVE_WITH_KNOTS('',1,(#13245,#13246),.UNSPECIFIED.,
  .F.,.F.,(2,2),(-8.5,-2.5),.PIECEWISE_BEZIER_KNOTS.);
#13245 = CARTESIAN_POINT('',(11.,45.5));
#13246 = CARTESIAN_POINT('',(5.,45.5));
#13247 = ( GEOMETRIC_REPRESENTATION_CONTEXT(2) 
PARAMETRIC_REPRESENTATION_CONTEXT() REPRESENTATION_CONTEXT('2D SPACE',''
  ) );
#13248 = PCURVE('',#7056,#13249);
#13249 = DEFINITIONAL_REPRESENTATION('',(#13250),#13253);
#13250 = B_SPLINE_CURVE_WITH_KNOTS('',1,(#13251,#13252),.UNSPECIFIED.,
  .F.,.F.,(2,2),(-8.5,-2.5),.PIECEWISE_BEZIER_KNOTS.);
#13251 = CARTESIAN_POINT('',(5.143593539449,-6.));
#13252 = CARTESIAN_POINT('',(5.143593539449,0.));
#13253 = ( GEOMETRIC_REPRESENTATION_CONTEXT(2) 
PARAMETRIC_REPRESENTATION_CONTEXT() REPRESENTATION_CONTEXT('2D SPACE',''
  ) );
#13254 = ADVANCED_FACE('',(#13255),#3696,.T.);
#13255 = FACE_BOUND('',#13256,.T.);
#13256 = EDGE_LOOP('',(#13257,#13258,#13259,#13260));
#13257 = ORIENTED_EDGE('',*,*,#3680,.T.);
#13258 = ORIENTED_EDGE('',*,*,#6751,.T.);
#13259 = ORIENTED_EDGE('',*,*,#10968,.T.);
#13260 = ORIENTED_EDGE('',*,*,#13148,.T.);
#13261 = ADVANCED_FACE('',(#13262),#3612,.F.);
#13262 = FACE_BOUND('',#13263,.F.);
#13263 = EDGE_LOOP('',(#13264,#13285,#13286,#13287));
#13264 = ORIENTED_EDGE('',*,*,#13265,.F.);
#13265 = EDGE_CURVE('',#3572,#10993,#13266,.T.);
#13266 = SURFACE_CURVE('',#13267,(#13271,#13278),.PCURVE_S1.);
#13267 = LINE('',#13268,#13269);
#13268 = CARTESIAN_POINT('',(37.171005048489,21.,-5.));
#13269 = VECTOR('',#13270,1.);
#13270 = DIRECTION('',(0.,-1.,0.));
#13271 = PCURVE('',#3612,#13272);
#13272 = DEFINITIONAL_REPRESENTATION('',(#13273),#13277);
#13273 = LINE('',#13274,#13275);
#13274 = CARTESIAN_POINT('',(0.,-21.));
#13275 = VECTOR('',#13276,1.);
#13276 = DIRECTION('',(0.,1.));
#13277 = ( GEOMETRIC_REPRESENTATION_CONTEXT(2) 
PARAMETRIC_REPRESENTATION_CONTEXT() REPRESENTATION_CONTEXT('2D SPACE',''
  ) );
#13278 = PCURVE('',#3586,#13279);
#13279 = DEFINITIONAL_REPRESENTATION('',(#13280),#13284);
#13280 = LINE('',#13281,#13282);
#13281 = CARTESIAN_POINT('',(5.,-21.));
#13282 = VECTOR('',#13283,1.);
#13283 = DIRECTION('',(0.,1.));
#13284 = ( GEOMETRIC_REPRESENTATION_CONTEXT(2) 
PARAMETRIC_REPRESENTATION_CONTEXT() REPRESENTATION_CONTEXT('2D SPACE',''
  ) );
#13285 = ORIENTED_EDGE('',*,*,#3597,.F.);
#13286 = ORIENTED_EDGE('',*,*,#6680,.F.);
#13287 = ORIENTED_EDGE('',*,*,#10992,.F.);
#13288 = ADVANCED_FACE('',(#13289),#3586,.F.);
#13289 = FACE_BOUND('',#13290,.F.);
#13290 = EDGE_LOOP('',(#13291,#13292,#13293,#13294));
#13291 = ORIENTED_EDGE('',*,*,#6520,.F.);
#13292 = ORIENTED_EDGE('',*,*,#3571,.F.);
#13293 = ORIENTED_EDGE('',*,*,#13265,.T.);
#13294 = ORIENTED_EDGE('',*,*,#11013,.F.);
#13295 = ADVANCED_FACE('',(#13296),#3519,.F.);
#13296 = FACE_BOUND('',#13297,.F.);
#13297 = EDGE_LOOP('',(#13298,#13319,#13320,#13321));
#13298 = ORIENTED_EDGE('',*,*,#13299,.F.);
#13299 = EDGE_CURVE('',#3479,#11036,#13300,.T.);
#13300 = SURFACE_CURVE('',#13301,(#13305,#13312),.PCURVE_S1.);
#13301 = LINE('',#13302,#13303);
#13302 = CARTESIAN_POINT('',(26.432290041562,21.,-5.));
#13303 = VECTOR('',#13304,1.);
#13304 = DIRECTION('',(0.,-1.,0.));
#13305 = PCURVE('',#3519,#13306);
#13306 = DEFINITIONAL_REPRESENTATION('',(#13307),#13311);
#13307 = LINE('',#13308,#13309);
#13308 = CARTESIAN_POINT('',(0.,-21.));
#13309 = VECTOR('',#13310,1.);
#13310 = DIRECTION('',(0.,1.));
#13311 = ( GEOMETRIC_REPRESENTATION_CONTEXT(2) 
PARAMETRIC_REPRESENTATION_CONTEXT() REPRESENTATION_CONTEXT('2D SPACE',''
  ) );
#13312 = PCURVE('',#3493,#13313);
#13313 = DEFINITIONAL_REPRESENTATION('',(#13314),#13318);
#13314 = LINE('',#13315,#13316);
#13315 = CARTESIAN_POINT('',(5.,-21.));
#13316 = VECTOR('',#13317,1.);
#13317 = DIRECTION('',(0.,1.));
#13318 = ( GEOMETRIC_REPRESENTATION_CONTEXT(2) 
PARAMETRIC_REPRESENTATION_CONTEXT() REPRESENTATION_CONTEXT('2D SPACE',''
  ) );
#13319 = ORIENTED_EDGE('',*,*,#3504,.F.);
#13320 = ORIENTED_EDGE('',*,*,#6426,.F.);
#13321 = ORIENTED_EDGE('',*,*,#11035,.F.);
#13322 = ADVANCED_FACE('',(#13323),#3493,.F.);
#13323 = FACE_BOUND('',#13324,.F.);
#13324 = EDGE_LOOP('',(#13325,#13326,#13327,#13328));
#13325 = ORIENTED_EDGE('',*,*,#6266,.F.);
#13326 = ORIENTED_EDGE('',*,*,#3478,.F.);
#13327 = ORIENTED_EDGE('',*,*,#13299,.T.);
#13328 = ORIENTED_EDGE('',*,*,#11056,.F.);
#13329 = ADVANCED_FACE('',(#13330),#3426,.F.);
#13330 = FACE_BOUND('',#13331,.F.);
#13331 = EDGE_LOOP('',(#13332,#13353,#13354,#13355));
#13332 = ORIENTED_EDGE('',*,*,#13333,.F.);
#13333 = EDGE_CURVE('',#3386,#11079,#13334,.T.);
#13334 = SURFACE_CURVE('',#13335,(#13339,#13346),.PCURVE_S1.);
#13335 = LINE('',#13336,#13337);
#13336 = CARTESIAN_POINT('',(15.693575034635,21.,-5.));
#13337 = VECTOR('',#13338,1.);
#13338 = DIRECTION('',(0.,-1.,0.));
#13339 = PCURVE('',#3426,#13340);
#13340 = DEFINITIONAL_REPRESENTATION('',(#13341),#13345);
#13341 = LINE('',#13342,#13343);
#13342 = CARTESIAN_POINT('',(0.,-21.));
#13343 = VECTOR('',#13344,1.);
#13344 = DIRECTION('',(0.,1.));
#13345 = ( GEOMETRIC_REPRESENTATION_CONTEXT(2) 
PARAMETRIC_REPRESENTATION_CONTEXT() REPRESENTATION_CONTEXT('2D SPACE',''
  ) );
#13346 = PCURVE('',#3400,#13347);
#13347 = DEFINITIONAL_REPRESENTATION('',(#13348),#13352);
#13348 = LINE('',#13349,#13350);
#13349 = CARTESIAN_POINT('',(5.,-21.));
#13350 = VECTOR('',#13351,1.);
#13351 = DIRECTION('',(0.,1.));
#13352 = ( GEOMETRIC_REPRESENTATION_CONTEXT(2) 
PARAMETRIC_REPRESENTATION_CONTEXT() REPRESENTATION_CONTEXT('2D SPACE',''
  ) );
#13353 = ORIENTED_EDGE('',*,*,#3411,.F.);
#13354 = ORIENTED_EDGE('',*,*,#6172,.F.);
#13355 = ORIENTED_EDGE('',*,*,#11078,.F.);
#13356 = ADVANCED_FACE('',(#13357),#3400,.F.);
#13357 = FACE_BOUND('',#13358,.F.);
#13358 = EDGE_LOOP('',(#13359,#13360,#13361,#13362));
#13359 = ORIENTED_EDGE('',*,*,#6012,.F.);
#13360 = ORIENTED_EDGE('',*,*,#3385,.F.);
#13361 = ORIENTED_EDGE('',*,*,#13333,.T.);
#13362 = ORIENTED_EDGE('',*,*,#11099,.F.);
#13363 = ADVANCED_FACE('',(#13364),#3333,.F.);
#13364 = FACE_BOUND('',#13365,.F.);
#13365 = EDGE_LOOP('',(#13366,#13387,#13388,#13389));
#13366 = ORIENTED_EDGE('',*,*,#13367,.F.);
#13367 = EDGE_CURVE('',#3293,#11122,#13368,.T.);
#13368 = SURFACE_CURVE('',#13369,(#13373,#13380),.PCURVE_S1.);
#13369 = LINE('',#13370,#13371);
#13370 = CARTESIAN_POINT('',(4.954860027708,21.,-5.));
#13371 = VECTOR('',#13372,1.);
#13372 = DIRECTION('',(0.,-1.,0.));
#13373 = PCURVE('',#3333,#13374);
#13374 = DEFINITIONAL_REPRESENTATION('',(#13375),#13379);
#13375 = LINE('',#13376,#13377);
#13376 = CARTESIAN_POINT('',(0.,-21.));
#13377 = VECTOR('',#13378,1.);
#13378 = DIRECTION('',(0.,1.));
#13379 = ( GEOMETRIC_REPRESENTATION_CONTEXT(2) 
PARAMETRIC_REPRESENTATION_CONTEXT() REPRESENTATION_CONTEXT('2D SPACE',''
  ) );
#13380 = PCURVE('',#3307,#13381);
#13381 = DEFINITIONAL_REPRESENTATION('',(#13382),#13386);
#13382 = LINE('',#13383,#13384);
#13383 = CARTESIAN_POINT('',(5.,-21.));
#13384 = VECTOR('',#13385,1.);
#13385 = DIRECTION('',(0.,1.));
#13386 = ( GEOMETRIC_REPRESENTATION_CONTEXT(2) 
PARAMETRIC_REPRESENTATION_CONTEXT() REPRESENTATION_CONTEXT('2D SPACE',''
  ) );
#13387 = ORIENTED_EDGE('',*,*,#3318,.F.);
#13388 = ORIENTED_EDGE('',*,*,#5918,.F.);
#13389 = ORIENTED_EDGE('',*,*,#11121,.F.);
#13390 = ADVANCED_FACE('',(#13391),#3307,.F.);
#13391 = FACE_BOUND('',#13392,.F.);
#13392 = EDGE_LOOP('',(#13393,#13394,#13395,#13396));
#13393 = ORIENTED_EDGE('',*,*,#5758,.F.);
#13394 = ORIENTED_EDGE('',*,*,#3292,.F.);
#13395 = ORIENTED_EDGE('',*,*,#13367,.T.);
#13396 = ORIENTED_EDGE('',*,*,#11142,.F.);
#13397 = ADVANCED_FACE('',(#13398),#3240,.F.);
#13398 = FACE_BOUND('',#13399,.F.);
#13399 = EDGE_LOOP('',(#13400,#13421,#13422,#13423));
#13400 = ORIENTED_EDGE('',*,*,#13401,.F.);
#13401 = EDGE_CURVE('',#3200,#11165,#13402,.T.);
#13402 = SURFACE_CURVE('',#13403,(#13407,#13414),.PCURVE_S1.);
#13403 = LINE('',#13404,#13405);
#13404 = CARTESIAN_POINT('',(-5.783854979219,21.,-5.));
#13405 = VECTOR('',#13406,1.);
#13406 = DIRECTION('',(0.,-1.,0.));
#13407 = PCURVE('',#3240,#13408);
#13408 = DEFINITIONAL_REPRESENTATION('',(#13409),#13413);
#13409 = LINE('',#13410,#13411);
#13410 = CARTESIAN_POINT('',(0.,-21.));
#13411 = VECTOR('',#13412,1.);
#13412 = DIRECTION('',(0.,1.));
#13413 = ( GEOMETRIC_REPRESENTATION_CONTEXT(2) 
PARAMETRIC_REPRESENTATION_CONTEXT() REPRESENTATION_CONTEXT('2D SPACE',''
  ) );
#13414 = PCURVE('',#3214,#13415);
#13415 = DEFINITIONAL_REPRESENTATION('',(#13416),#13420);
#13416 = LINE('',#13417,#13418);
#13417 = CARTESIAN_POINT('',(5.,-21.));
#13418 = VECTOR('',#13419,1.);
#13419 = DIRECTION('',(0.,1.));
#13420 = ( GEOMETRIC_REPRESENTATION_CONTEXT(2) 
PARAMETRIC_REPRESENTATION_CONTEXT() REPRESENTATION_CONTEXT('2D SPACE',''
  ) );
#13421 = ORIENTED_EDGE('',*,*,#3225,.F.);
#13422 = ORIENTED_EDGE('',*,*,#5664,.F.);
#13423 = ORIENTED_EDGE('',*,*,#11164,.F.);
#13424 = ADVANCED_FACE('',(#13425),#3214,.F.);
#13425 = FACE_BOUND('',#13426,.F.);
#13426 = EDGE_LOOP('',(#13427,#13428,#13429,#13430));
#13427 = ORIENTED_EDGE('',*,*,#5504,.F.);
#13428 = ORIENTED_EDGE('',*,*,#3199,.F.);
#13429 = ORIENTED_EDGE('',*,*,#13401,.T.);
#13430 = ORIENTED_EDGE('',*,*,#11185,.F.);
#13431 = ADVANCED_FACE('',(#13432),#3147,.F.);
#13432 = FACE_BOUND('',#13433,.F.);
#13433 = EDGE_LOOP('',(#13434,#13455,#13456,#13457));
#13434 = ORIENTED_EDGE('',*,*,#13435,.F.);
#13435 = EDGE_CURVE('',#3107,#11208,#13436,.T.);
#13436 = SURFACE_CURVE('',#13437,(#13441,#13448),.PCURVE_S1.);
#13437 = LINE('',#13438,#13439);
#13438 = CARTESIAN_POINT('',(-16.52256998614,21.,-5.));
#13439 = VECTOR('',#13440,1.);
#13440 = DIRECTION('',(0.,-1.,0.));
#13441 = PCURVE('',#3147,#13442);
#13442 = DEFINITIONAL_REPRESENTATION('',(#13443),#13447);
#13443 = LINE('',#13444,#13445);
#13444 = CARTESIAN_POINT('',(0.,-21.));
#13445 = VECTOR('',#13446,1.);
#13446 = DIRECTION('',(0.,1.));
#13447 = ( GEOMETRIC_REPRESENTATION_CONTEXT(2) 
PARAMETRIC_REPRESENTATION_CONTEXT() REPRESENTATION_CONTEXT('2D SPACE',''
  ) );
#13448 = PCURVE('',#3121,#13449);
#13449 = DEFINITIONAL_REPRESENTATION('',(#13450),#13454);
#13450 = LINE('',#13451,#13452);
#13451 = CARTESIAN_POINT('',(5.,-21.));
#13452 = VECTOR('',#13453,1.);
#13453 = DIRECTION('',(0.,1.));
#13454 = ( GEOMETRIC_REPRESENTATION_CONTEXT(2) 
PARAMETRIC_REPRESENTATION_CONTEXT() REPRESENTATION_CONTEXT('2D SPACE',''
  ) );
#13455 = ORIENTED_EDGE('',*,*,#3132,.F.);
#13456 = ORIENTED_EDGE('',*,*,#5410,.F.);
#13457 = ORIENTED_EDGE('',*,*,#11207,.F.);
#13458 = ADVANCED_FACE('',(#13459),#3121,.F.);
#13459 = FACE_BOUND('',#13460,.F.);
#13460 = EDGE_LOOP('',(#13461,#13462,#13463,#13464));
#13461 = ORIENTED_EDGE('',*,*,#5250,.F.);
#13462 = ORIENTED_EDGE('',*,*,#3106,.F.);
#13463 = ORIENTED_EDGE('',*,*,#13435,.T.);
#13464 = ORIENTED_EDGE('',*,*,#11228,.F.);
#13465 = ADVANCED_FACE('',(#13466),#3054,.F.);
#13466 = FACE_BOUND('',#13467,.F.);
#13467 = EDGE_LOOP('',(#13468,#13489,#13490,#13491));
#13468 = ORIENTED_EDGE('',*,*,#13469,.F.);
#13469 = EDGE_CURVE('',#3014,#11251,#13470,.T.);
#13470 = SURFACE_CURVE('',#13471,(#13475,#13482),.PCURVE_S1.);
#13471 = LINE('',#13472,#13473);
#13472 = CARTESIAN_POINT('',(-27.26128499307,21.,-5.));
#13473 = VECTOR('',#13474,1.);
#13474 = DIRECTION('',(0.,-1.,0.));
#13475 = PCURVE('',#3054,#13476);
#13476 = DEFINITIONAL_REPRESENTATION('',(#13477),#13481);
#13477 = LINE('',#13478,#13479);
#13478 = CARTESIAN_POINT('',(0.,-21.));
#13479 = VECTOR('',#13480,1.);
#13480 = DIRECTION('',(0.,1.));
#13481 = ( GEOMETRIC_REPRESENTATION_CONTEXT(2) 
PARAMETRIC_REPRESENTATION_CONTEXT() REPRESENTATION_CONTEXT('2D SPACE',''
  ) );
#13482 = PCURVE('',#3028,#13483);
#13483 = DEFINITIONAL_REPRESENTATION('',(#13484),#13488);
#13484 = LINE('',#13485,#13486);
#13485 = CARTESIAN_POINT('',(5.,-21.));
#13486 = VECTOR('',#13487,1.);
#13487 = DIRECTION('',(0.,1.));
#13488 = ( GEOMETRIC_REPRESENTATION_CONTEXT(2) 
PARAMETRIC_REPRESENTATION_CONTEXT() REPRESENTATION_CONTEXT('2D SPACE',''
  ) );
#13489 = ORIENTED_EDGE('',*,*,#3039,.F.);
#13490 = ORIENTED_EDGE('',*,*,#5156,.F.);
#13491 = ORIENTED_EDGE('',*,*,#11250,.F.);
#13492 = ADVANCED_FACE('',(#13493),#3028,.F.);
#13493 = FACE_BOUND('',#13494,.F.);
#13494 = EDGE_LOOP('',(#13495,#13496,#13497,#13498));
#13495 = ORIENTED_EDGE('',*,*,#4996,.F.);
#13496 = ORIENTED_EDGE('',*,*,#3013,.F.);
#13497 = ORIENTED_EDGE('',*,*,#13469,.T.);
#13498 = ORIENTED_EDGE('',*,*,#11271,.F.);
#13499 = ADVANCED_FACE('',(#13500),#2908,.F.);
#13500 = FACE_BOUND('',#13501,.F.);
#13501 = EDGE_LOOP('',(#13502,#13503,#13504,#13505));
#13502 = ORIENTED_EDGE('',*,*,#2892,.T.);
#13503 = ORIENTED_EDGE('',*,*,#9574,.T.);
#13504 = ORIENTED_EDGE('',*,*,#9879,.T.);
#13505 = ORIENTED_EDGE('',*,*,#13506,.T.);
#13506 = EDGE_CURVE('',#9880,#2865,#13507,.T.);
#13507 = SURFACE_CURVE('',#13508,(#13512,#13519),.PCURVE_S1.);
#13508 = LINE('',#13509,#13510);
#13509 = CARTESIAN_POINT('',(-60.,-8.,-13.85640646055));
#13510 = VECTOR('',#13511,1.);
#13511 = DIRECTION('',(0.,1.,-2.22044604925E-16));
#13512 = PCURVE('',#2908,#13513);
#13513 = DEFINITIONAL_REPRESENTATION('',(#13514),#13518);
#13514 = LINE('',#13515,#13516);
#13515 = CARTESIAN_POINT('',(-8.,-13.85640646055));
#13516 = VECTOR('',#13517,1.);
#13517 = DIRECTION('',(1.,-2.22044604925E-16));
#13518 = ( GEOMETRIC_REPRESENTATION_CONTEXT(2) 
PARAMETRIC_REPRESENTATION_CONTEXT() REPRESENTATION_CONTEXT('2D SPACE',''
  ) );
#13519 = PCURVE('',#2880,#13520);
#13520 = DEFINITIONAL_REPRESENTATION('',(#13521),#13525);
#13521 = LINE('',#13522,#13523);
#13522 = CARTESIAN_POINT('',(0.,-60.));
#13523 = VECTOR('',#13524,1.);
#13524 = DIRECTION('',(1.,0.));
#13525 = ( GEOMETRIC_REPRESENTATION_CONTEXT(2) 
PARAMETRIC_REPRESENTATION_CONTEXT() REPRESENTATION_CONTEXT('2D SPACE',''
  ) );
#13526 = ADVANCED_FACE('',(#13527,#13533),#2880,.T.);
#13527 = FACE_BOUND('',#13528,.T.);
#13528 = EDGE_LOOP('',(#13529,#13530,#13531,#13532));
#13529 = ORIENTED_EDGE('',*,*,#9902,.T.);
#13530 = ORIENTED_EDGE('',*,*,#13506,.T.);
#13531 = ORIENTED_EDGE('',*,*,#2864,.F.);
#13532 = ORIENTED_EDGE('',*,*,#11393,.F.);
#13533 = FACE_BOUND('',#13534,.T.);
#13534 = EDGE_LOOP('',(#13535,#13558,#13579,#13600));
#13535 = ORIENTED_EDGE('',*,*,#13536,.F.);
#13536 = EDGE_CURVE('',#13537,#13539,#13541,.T.);
#13537 = VERTEX_POINT('',#13538);
#13538 = CARTESIAN_POINT('',(-45.5,3.,-13.85640646055));
#13539 = VERTEX_POINT('',#13540);
#13540 = CARTESIAN_POINT('',(-42.5,3.,-13.85640646055));
#13541 = SURFACE_CURVE('',#13542,(#13546,#13552),.PCURVE_S1.);
#13542 = LINE('',#13543,#13544);
#13543 = CARTESIAN_POINT('',(-22.75,3.,-13.85640646055));
#13544 = VECTOR('',#13545,1.);
#13545 = DIRECTION('',(1.,-0.,0.));
#13546 = PCURVE('',#2880,#13547);
#13547 = DEFINITIONAL_REPRESENTATION('',(#13548),#13551);
#13548 = B_SPLINE_CURVE_WITH_KNOTS('',1,(#13549,#13550),.UNSPECIFIED.,
  .F.,.F.,(2,2),(-22.75,-19.75),.PIECEWISE_BEZIER_KNOTS.);
#13549 = CARTESIAN_POINT('',(11.,-45.5));
#13550 = CARTESIAN_POINT('',(11.,-42.5));
#13551 = ( GEOMETRIC_REPRESENTATION_CONTEXT(2) 
PARAMETRIC_REPRESENTATION_CONTEXT() REPRESENTATION_CONTEXT('2D SPACE',''
  ) );
#13552 = PCURVE('',#9429,#13553);
#13553 = DEFINITIONAL_REPRESENTATION('',(#13554),#13557);
#13554 = B_SPLINE_CURVE_WITH_KNOTS('',1,(#13555,#13556),.UNSPECIFIED.,
  .F.,.F.,(2,2),(-22.75,-19.75),.PIECEWISE_BEZIER_KNOTS.);
#13555 = CARTESIAN_POINT('',(5.143593539449,0.));
#13556 = CARTESIAN_POINT('',(5.143593539449,3.));
#13557 = ( GEOMETRIC_REPRESENTATION_CONTEXT(2) 
PARAMETRIC_REPRESENTATION_CONTEXT() REPRESENTATION_CONTEXT('2D SPACE',''
  ) );
#13558 = ORIENTED_EDGE('',*,*,#13559,.T.);
#13559 = EDGE_CURVE('',#13537,#13560,#13562,.T.);
#13560 = VERTEX_POINT('',#13561);
#13561 = CARTESIAN_POINT('',(-45.5,-3.,-13.85640646055));
#13562 = SURFACE_CURVE('',#13563,(#13567,#13573),.PCURVE_S1.);
#13563 = LINE('',#13564,#13565);
#13564 = CARTESIAN_POINT('',(-45.5,-5.5,-13.85640646055));
#13565 = VECTOR('',#13566,1.);
#13566 = DIRECTION('',(0.,-1.,2.22044604925E-16));
#13567 = PCURVE('',#2880,#13568);
#13568 = DEFINITIONAL_REPRESENTATION('',(#13569),#13572);
#13569 = B_SPLINE_CURVE_WITH_KNOTS('',1,(#13570,#13571),.UNSPECIFIED.,
  .F.,.F.,(2,2),(-8.5,-2.5),.PIECEWISE_BEZIER_KNOTS.);
#13570 = CARTESIAN_POINT('',(11.,-45.5));
#13571 = CARTESIAN_POINT('',(5.,-45.5));
#13572 = ( GEOMETRIC_REPRESENTATION_CONTEXT(2) 
PARAMETRIC_REPRESENTATION_CONTEXT() REPRESENTATION_CONTEXT('2D SPACE',''
  ) );
#13573 = PCURVE('',#9403,#13574);
#13574 = DEFINITIONAL_REPRESENTATION('',(#13575),#13578);
#13575 = B_SPLINE_CURVE_WITH_KNOTS('',1,(#13576,#13577),.UNSPECIFIED.,
  .F.,.F.,(2,2),(-8.5,-2.5),.PIECEWISE_BEZIER_KNOTS.);
#13576 = CARTESIAN_POINT('',(5.143593539449,-6.));
#13577 = CARTESIAN_POINT('',(5.143593539449,0.));
#13578 = ( GEOMETRIC_REPRESENTATION_CONTEXT(2) 
PARAMETRIC_REPRESENTATION_CONTEXT() REPRESENTATION_CONTEXT('2D SPACE',''
  ) );
#13579 = ORIENTED_EDGE('',*,*,#13580,.T.);
#13580 = EDGE_CURVE('',#13560,#13581,#13583,.T.);
#13581 = VERTEX_POINT('',#13582);
#13582 = CARTESIAN_POINT('',(-42.5,-3.,-13.85640646055));
#13583 = SURFACE_CURVE('',#13584,(#13588,#13594),.PCURVE_S1.);
#13584 = LINE('',#13585,#13586);
#13585 = CARTESIAN_POINT('',(-22.75,-3.,-13.85640646055));
#13586 = VECTOR('',#13587,1.);
#13587 = DIRECTION('',(1.,-0.,0.));
#13588 = PCURVE('',#2880,#13589);
#13589 = DEFINITIONAL_REPRESENTATION('',(#13590),#13593);
#13590 = B_SPLINE_CURVE_WITH_KNOTS('',1,(#13591,#13592),.UNSPECIFIED.,
  .F.,.F.,(2,2),(-22.75,-19.75),.PIECEWISE_BEZIER_KNOTS.);
#13591 = CARTESIAN_POINT('',(5.,-45.5));
#13592 = CARTESIAN_POINT('',(5.,-42.5));
#13593 = ( GEOMETRIC_REPRESENTATION_CONTEXT(2) 
PARAMETRIC_REPRESENTATION_CONTEXT() REPRESENTATION_CONTEXT('2D SPACE',''
  ) );
#13594 = PCURVE('',#9377,#13595);
#13595 = DEFINITIONAL_REPRESENTATION('',(#13596),#13599);
#13596 = B_SPLINE_CURVE_WITH_KNOTS('',1,(#13597,#13598),.UNSPECIFIED.,
  .F.,.F.,(2,2),(-22.75,-19.75),.PIECEWISE_BEZIER_KNOTS.);
#13597 = CARTESIAN_POINT('',(5.143593539449,0.));
#13598 = CARTESIAN_POINT('',(5.143593539449,3.));
#13599 = ( GEOMETRIC_REPRESENTATION_CONTEXT(2) 
PARAMETRIC_REPRESENTATION_CONTEXT() REPRESENTATION_CONTEXT('2D SPACE',''
  ) );
#13600 = ORIENTED_EDGE('',*,*,#13601,.F.);
#13601 = EDGE_CURVE('',#13539,#13581,#13602,.T.);
#13602 = SURFACE_CURVE('',#13603,(#13607,#13613),.PCURVE_S1.);
#13603 = LINE('',#13604,#13605);
#13604 = CARTESIAN_POINT('',(-42.5,-5.5,-13.85640646055));
#13605 = VECTOR('',#13606,1.);
#13606 = DIRECTION('',(0.,-1.,2.22044604925E-16));
#13607 = PCURVE('',#2880,#13608);
#13608 = DEFINITIONAL_REPRESENTATION('',(#13609),#13612);
#13609 = B_SPLINE_CURVE_WITH_KNOTS('',1,(#13610,#13611),.UNSPECIFIED.,
  .F.,.F.,(2,2),(-8.5,-2.5),.PIECEWISE_BEZIER_KNOTS.);
#13610 = CARTESIAN_POINT('',(11.,-42.5));
#13611 = CARTESIAN_POINT('',(5.,-42.5));
#13612 = ( GEOMETRIC_REPRESENTATION_CONTEXT(2) 
PARAMETRIC_REPRESENTATION_CONTEXT() REPRESENTATION_CONTEXT('2D SPACE',''
  ) );
#13613 = PCURVE('',#9453,#13614);
#13614 = DEFINITIONAL_REPRESENTATION('',(#13615),#13618);
#13615 = B_SPLINE_CURVE_WITH_KNOTS('',1,(#13616,#13617),.UNSPECIFIED.,
  .F.,.F.,(2,2),(-8.5,-2.5),.PIECEWISE_BEZIER_KNOTS.);
#13616 = CARTESIAN_POINT('',(5.143593539449,-6.));
#13617 = CARTESIAN_POINT('',(5.143593539449,0.));
#13618 = ( GEOMETRIC_REPRESENTATION_CONTEXT(2) 
PARAMETRIC_REPRESENTATION_CONTEXT() REPRESENTATION_CONTEXT('2D SPACE',''
  ) );
#13619 = ADVANCED_FACE('',(#13620),#6980,.T.);
#13620 = FACE_BOUND('',#13621,.T.);
#13621 = EDGE_LOOP('',(#13622,#13643,#13644,#13665));
#13622 = ORIENTED_EDGE('',*,*,#13623,.F.);
#13623 = EDGE_CURVE('',#13216,#6964,#13624,.T.);
#13624 = SURFACE_CURVE('',#13625,(#13629,#13636),.PCURVE_S1.);
#13625 = LINE('',#13626,#13627);
#13626 = CARTESIAN_POINT('',(45.5,-3.,-19.));
#13627 = VECTOR('',#13628,1.);
#13628 = DIRECTION('',(0.,0.,1.));
#13629 = PCURVE('',#6980,#13630);
#13630 = DEFINITIONAL_REPRESENTATION('',(#13631),#13635);
#13631 = LINE('',#13632,#13633);
#13632 = CARTESIAN_POINT('',(0.,3.));
#13633 = VECTOR('',#13634,1.);
#13634 = DIRECTION('',(1.,0.));
#13635 = ( GEOMETRIC_REPRESENTATION_CONTEXT(2) 
PARAMETRIC_REPRESENTATION_CONTEXT() REPRESENTATION_CONTEXT('2D SPACE',''
  ) );
#13636 = PCURVE('',#7056,#13637);
#13637 = DEFINITIONAL_REPRESENTATION('',(#13638),#13642);
#13638 = LINE('',#13639,#13640);
#13639 = CARTESIAN_POINT('',(0.,0.));
#13640 = VECTOR('',#13641,1.);
#13641 = DIRECTION('',(1.,0.));
#13642 = ( GEOMETRIC_REPRESENTATION_CONTEXT(2) 
PARAMETRIC_REPRESENTATION_CONTEXT() REPRESENTATION_CONTEXT('2D SPACE',''
  ) );
#13643 = ORIENTED_EDGE('',*,*,#13215,.F.);
#13644 = ORIENTED_EDGE('',*,*,#13645,.T.);
#13645 = EDGE_CURVE('',#13195,#6966,#13646,.T.);
#13646 = SURFACE_CURVE('',#13647,(#13651,#13658),.PCURVE_S1.);
#13647 = LINE('',#13648,#13649);
#13648 = CARTESIAN_POINT('',(42.5,-3.,-19.));
#13649 = VECTOR('',#13650,1.);
#13650 = DIRECTION('',(0.,0.,1.));
#13651 = PCURVE('',#6980,#13652);
#13652 = DEFINITIONAL_REPRESENTATION('',(#13653),#13657);
#13653 = LINE('',#13654,#13655);
#13654 = CARTESIAN_POINT('',(0.,0.));
#13655 = VECTOR('',#13656,1.);
#13656 = DIRECTION('',(1.,0.));
#13657 = ( GEOMETRIC_REPRESENTATION_CONTEXT(2) 
PARAMETRIC_REPRESENTATION_CONTEXT() REPRESENTATION_CONTEXT('2D SPACE',''
  ) );
#13658 = PCURVE('',#7006,#13659);
#13659 = DEFINITIONAL_REPRESENTATION('',(#13660),#13664);
#13660 = LINE('',#13661,#13662);
#13661 = CARTESIAN_POINT('',(0.,0.));
#13662 = VECTOR('',#13663,1.);
#13663 = DIRECTION('',(1.,0.));
#13664 = ( GEOMETRIC_REPRESENTATION_CONTEXT(2) 
PARAMETRIC_REPRESENTATION_CONTEXT() REPRESENTATION_CONTEXT('2D SPACE',''
  ) );
#13665 = ORIENTED_EDGE('',*,*,#6963,.F.);
#13666 = ADVANCED_FACE('',(#13667),#7056,.F.);
#13667 = FACE_BOUND('',#13668,.F.);
#13668 = EDGE_LOOP('',(#13669,#13670,#13671,#13692));
#13669 = ORIENTED_EDGE('',*,*,#13623,.F.);
#13670 = ORIENTED_EDGE('',*,*,#13236,.F.);
#13671 = ORIENTED_EDGE('',*,*,#13672,.T.);
#13672 = EDGE_CURVE('',#13174,#7018,#13673,.T.);
#13673 = SURFACE_CURVE('',#13674,(#13678,#13685),.PCURVE_S1.);
#13674 = LINE('',#13675,#13676);
#13675 = CARTESIAN_POINT('',(45.5,3.,-19.));
#13676 = VECTOR('',#13677,1.);
#13677 = DIRECTION('',(0.,0.,1.));
#13678 = PCURVE('',#7056,#13679);
#13679 = DEFINITIONAL_REPRESENTATION('',(#13680),#13684);
#13680 = LINE('',#13681,#13682);
#13681 = CARTESIAN_POINT('',(0.,-6.));
#13682 = VECTOR('',#13683,1.);
#13683 = DIRECTION('',(1.,0.));
#13684 = ( GEOMETRIC_REPRESENTATION_CONTEXT(2) 
PARAMETRIC_REPRESENTATION_CONTEXT() REPRESENTATION_CONTEXT('2D SPACE',''
  ) );
#13685 = PCURVE('',#7032,#13686);
#13686 = DEFINITIONAL_REPRESENTATION('',(#13687),#13691);
#13687 = LINE('',#13688,#13689);
#13688 = CARTESIAN_POINT('',(0.,3.));
#13689 = VECTOR('',#13690,1.);
#13690 = DIRECTION('',(1.,0.));
#13691 = ( GEOMETRIC_REPRESENTATION_CONTEXT(2) 
PARAMETRIC_REPRESENTATION_CONTEXT() REPRESENTATION_CONTEXT('2D SPACE',''
  ) );
#13692 = ORIENTED_EDGE('',*,*,#7043,.F.);
#13693 = ADVANCED_FACE('',(#13694),#7032,.F.);
#13694 = FACE_BOUND('',#13695,.F.);
#13695 = EDGE_LOOP('',(#13696,#13697,#13698,#13719));
#13696 = ORIENTED_EDGE('',*,*,#13672,.F.);
#13697 = ORIENTED_EDGE('',*,*,#13171,.F.);
#13698 = ORIENTED_EDGE('',*,*,#13699,.T.);
#13699 = EDGE_CURVE('',#13172,#6992,#13700,.T.);
#13700 = SURFACE_CURVE('',#13701,(#13705,#13712),.PCURVE_S1.);
#13701 = LINE('',#13702,#13703);
#13702 = CARTESIAN_POINT('',(42.5,3.,-19.));
#13703 = VECTOR('',#13704,1.);
#13704 = DIRECTION('',(0.,0.,1.));
#13705 = PCURVE('',#7032,#13706);
#13706 = DEFINITIONAL_REPRESENTATION('',(#13707),#13711);
#13707 = LINE('',#13708,#13709);
#13708 = CARTESIAN_POINT('',(0.,0.));
#13709 = VECTOR('',#13710,1.);
#13710 = DIRECTION('',(1.,0.));
#13711 = ( GEOMETRIC_REPRESENTATION_CONTEXT(2) 
PARAMETRIC_REPRESENTATION_CONTEXT() REPRESENTATION_CONTEXT('2D SPACE',''
  ) );
#13712 = PCURVE('',#7006,#13713);
#13713 = DEFINITIONAL_REPRESENTATION('',(#13714),#13718);
#13714 = LINE('',#13715,#13716);
#13715 = CARTESIAN_POINT('',(0.,-6.));
#13716 = VECTOR('',#13717,1.);
#13717 = DIRECTION('',(1.,0.));
#13718 = ( GEOMETRIC_REPRESENTATION_CONTEXT(2) 
PARAMETRIC_REPRESENTATION_CONTEXT() REPRESENTATION_CONTEXT('2D SPACE',''
  ) );
#13719 = ORIENTED_EDGE('',*,*,#7017,.F.);
#13720 = ADVANCED_FACE('',(#13721),#7006,.T.);
#13721 = FACE_BOUND('',#13722,.T.);
#13722 = EDGE_LOOP('',(#13723,#13724,#13725,#13726));
#13723 = ORIENTED_EDGE('',*,*,#13645,.F.);
#13724 = ORIENTED_EDGE('',*,*,#13194,.F.);
#13725 = ORIENTED_EDGE('',*,*,#13699,.T.);
#13726 = ORIENTED_EDGE('',*,*,#6991,.F.);
#13727 = ADVANCED_FACE('',(#13728),#9377,.T.);
#13728 = FACE_BOUND('',#13729,.T.);
#13729 = EDGE_LOOP('',(#13730,#13751,#13752,#13773));
#13730 = ORIENTED_EDGE('',*,*,#13731,.F.);
#13731 = EDGE_CURVE('',#13581,#9361,#13732,.T.);
#13732 = SURFACE_CURVE('',#13733,(#13737,#13744),.PCURVE_S1.);
#13733 = LINE('',#13734,#13735);
#13734 = CARTESIAN_POINT('',(-42.5,-3.,-19.));
#13735 = VECTOR('',#13736,1.);
#13736 = DIRECTION('',(0.,0.,1.));
#13737 = PCURVE('',#9377,#13738);
#13738 = DEFINITIONAL_REPRESENTATION('',(#13739),#13743);
#13739 = LINE('',#13740,#13741);
#13740 = CARTESIAN_POINT('',(0.,3.));
#13741 = VECTOR('',#13742,1.);
#13742 = DIRECTION('',(1.,0.));
#13743 = ( GEOMETRIC_REPRESENTATION_CONTEXT(2) 
PARAMETRIC_REPRESENTATION_CONTEXT() REPRESENTATION_CONTEXT('2D SPACE',''
  ) );
#13744 = PCURVE('',#9453,#13745);
#13745 = DEFINITIONAL_REPRESENTATION('',(#13746),#13750);
#13746 = LINE('',#13747,#13748);
#13747 = CARTESIAN_POINT('',(0.,0.));
#13748 = VECTOR('',#13749,1.);
#13749 = DIRECTION('',(1.,0.));
#13750 = ( GEOMETRIC_REPRESENTATION_CONTEXT(2) 
PARAMETRIC_REPRESENTATION_CONTEXT() REPRESENTATION_CONTEXT('2D SPACE',''
  ) );
#13751 = ORIENTED_EDGE('',*,*,#13580,.F.);
#13752 = ORIENTED_EDGE('',*,*,#13753,.T.);
#13753 = EDGE_CURVE('',#13560,#9363,#13754,.T.);
#13754 = SURFACE_CURVE('',#13755,(#13759,#13766),.PCURVE_S1.);
#13755 = LINE('',#13756,#13757);
#13756 = CARTESIAN_POINT('',(-45.5,-3.,-19.));
#13757 = VECTOR('',#13758,1.);
#13758 = DIRECTION('',(0.,0.,1.));
#13759 = PCURVE('',#9377,#13760);
#13760 = DEFINITIONAL_REPRESENTATION('',(#13761),#13765);
#13761 = LINE('',#13762,#13763);
#13762 = CARTESIAN_POINT('',(0.,0.));
#13763 = VECTOR('',#13764,1.);
#13764 = DIRECTION('',(1.,0.));
#13765 = ( GEOMETRIC_REPRESENTATION_CONTEXT(2) 
PARAMETRIC_REPRESENTATION_CONTEXT() REPRESENTATION_CONTEXT('2D SPACE',''
  ) );
#13766 = PCURVE('',#9403,#13767);
#13767 = DEFINITIONAL_REPRESENTATION('',(#13768),#13772);
#13768 = LINE('',#13769,#13770);
#13769 = CARTESIAN_POINT('',(0.,0.));
#13770 = VECTOR('',#13771,1.);
#13771 = DIRECTION('',(1.,0.));
#13772 = ( GEOMETRIC_REPRESENTATION_CONTEXT(2) 
PARAMETRIC_REPRESENTATION_CONTEXT() REPRESENTATION_CONTEXT('2D SPACE',''
  ) );
#13773 = ORIENTED_EDGE('',*,*,#9360,.F.);
#13774 = ADVANCED_FACE('',(#13775),#9453,.F.);
#13775 = FACE_BOUND('',#13776,.F.);
#13776 = EDGE_LOOP('',(#13777,#13778,#13779,#13800));
#13777 = ORIENTED_EDGE('',*,*,#13731,.F.);
#13778 = ORIENTED_EDGE('',*,*,#13601,.F.);
#13779 = ORIENTED_EDGE('',*,*,#13780,.T.);
#13780 = EDGE_CURVE('',#13539,#9415,#13781,.T.);
#13781 = SURFACE_CURVE('',#13782,(#13786,#13793),.PCURVE_S1.);
#13782 = LINE('',#13783,#13784);
#13783 = CARTESIAN_POINT('',(-42.5,3.,-19.));
#13784 = VECTOR('',#13785,1.);
#13785 = DIRECTION('',(0.,0.,1.));
#13786 = PCURVE('',#9453,#13787);
#13787 = DEFINITIONAL_REPRESENTATION('',(#13788),#13792);
#13788 = LINE('',#13789,#13790);
#13789 = CARTESIAN_POINT('',(0.,-6.));
#13790 = VECTOR('',#13791,1.);
#13791 = DIRECTION('',(1.,0.));
#13792 = ( GEOMETRIC_REPRESENTATION_CONTEXT(2) 
PARAMETRIC_REPRESENTATION_CONTEXT() REPRESENTATION_CONTEXT('2D SPACE',''
  ) );
#13793 = PCURVE('',#9429,#13794);
#13794 = DEFINITIONAL_REPRESENTATION('',(#13795),#13799);
#13795 = LINE('',#13796,#13797);
#13796 = CARTESIAN_POINT('',(0.,3.));
#13797 = VECTOR('',#13798,1.);
#13798 = DIRECTION('',(1.,0.));
#13799 = ( GEOMETRIC_REPRESENTATION_CONTEXT(2) 
PARAMETRIC_REPRESENTATION_CONTEXT() REPRESENTATION_CONTEXT('2D SPACE',''
  ) );
#13800 = ORIENTED_EDGE('',*,*,#9440,.F.);
#13801 = ADVANCED_FACE('',(#13802),#9429,.F.);
#13802 = FACE_BOUND('',#13803,.F.);
#13803 = EDGE_LOOP('',(#13804,#13805,#13806,#13827));
#13804 = ORIENTED_EDGE('',*,*,#13780,.F.);
#13805 = ORIENTED_EDGE('',*,*,#13536,.F.);
#13806 = ORIENTED_EDGE('',*,*,#13807,.T.);
#13807 = EDGE_CURVE('',#13537,#9389,#13808,.T.);
#13808 = SURFACE_CURVE('',#13809,(#13813,#13820),.PCURVE_S1.);
#13809 = LINE('',#13810,#13811);
#13810 = CARTESIAN_POINT('',(-45.5,3.,-19.));
#13811 = VECTOR('',#13812,1.);
#13812 = DIRECTION('',(0.,0.,1.));
#13813 = PCURVE('',#9429,#13814);
#13814 = DEFINITIONAL_REPRESENTATION('',(#13815),#13819);
#13815 = LINE('',#13816,#13817);
#13816 = CARTESIAN_POINT('',(0.,0.));
#13817 = VECTOR('',#13818,1.);
#13818 = DIRECTION('',(1.,0.));
#13819 = ( GEOMETRIC_REPRESENTATION_CONTEXT(2) 
PARAMETRIC_REPRESENTATION_CONTEXT() REPRESENTATION_CONTEXT('2D SPACE',''
  ) );
#13820 = PCURVE('',#9403,#13821);
#13821 = DEFINITIONAL_REPRESENTATION('',(#13822),#13826);
#13822 = LINE('',#13823,#13824);
#13823 = CARTESIAN_POINT('',(0.,-6.));
#13824 = VECTOR('',#13825,1.);
#13825 = DIRECTION('',(1.,0.));
#13826 = ( GEOMETRIC_REPRESENTATION_CONTEXT(2) 
PARAMETRIC_REPRESENTATION_CONTEXT() REPRESENTATION_CONTEXT('2D SPACE',''
  ) );
#13827 = ORIENTED_EDGE('',*,*,#9414,.F.);
#13828 = ADVANCED_FACE('',(#13829),#9403,.T.);
#13829 = FACE_BOUND('',#13830,.T.);
#13830 = EDGE_LOOP('',(#13831,#13832,#13833,#13834));
#13831 = ORIENTED_EDGE('',*,*,#13753,.F.);
#13832 = ORIENTED_EDGE('',*,*,#13559,.F.);
#13833 = ORIENTED_EDGE('',*,*,#13807,.T.);
#13834 = ORIENTED_EDGE('',*,*,#9388,.F.);
#13835 = ADVANCED_FACE('',(#13836),#11960,.T.);
#13836 = FACE_BOUND('',#13837,.T.);
#13837 = EDGE_LOOP('',(#13838,#13861,#13888,#13909));
#13838 = ORIENTED_EDGE('',*,*,#13839,.F.);
#13839 = EDGE_CURVE('',#13840,#11946,#13842,.T.);
#13840 = VERTEX_POINT('',#13841);
#13841 = CARTESIAN_POINT('',(-1.5,7.5,-28.));
#13842 = SURFACE_CURVE('',#13843,(#13847,#13854),.PCURVE_S1.);
#13843 = LINE('',#13844,#13845);
#13844 = CARTESIAN_POINT('',(-1.5,7.5,-28.));
#13845 = VECTOR('',#13846,1.);
#13846 = DIRECTION('',(0.,0.,1.));
#13847 = PCURVE('',#11960,#13848);
#13848 = DEFINITIONAL_REPRESENTATION('',(#13849),#13853);
#13849 = LINE('',#13850,#13851);
#13850 = CARTESIAN_POINT('',(0.,3.));
#13851 = VECTOR('',#13852,1.);
#13852 = DIRECTION('',(1.,0.));
#13853 = ( GEOMETRIC_REPRESENTATION_CONTEXT(2) 
PARAMETRIC_REPRESENTATION_CONTEXT() REPRESENTATION_CONTEXT('2D SPACE',''
  ) );
#13854 = PCURVE('',#12036,#13855);
#13855 = DEFINITIONAL_REPRESENTATION('',(#13856),#13860);
#13856 = LINE('',#13857,#13858);
#13857 = CARTESIAN_POINT('',(0.,-15.));
#13858 = VECTOR('',#13859,1.);
#13859 = DIRECTION('',(1.,0.));
#13860 = ( GEOMETRIC_REPRESENTATION_CONTEXT(2) 
PARAMETRIC_REPRESENTATION_CONTEXT() REPRESENTATION_CONTEXT('2D SPACE',''
  ) );
#13861 = ORIENTED_EDGE('',*,*,#13862,.F.);
#13862 = EDGE_CURVE('',#13863,#13840,#13865,.T.);
#13863 = VERTEX_POINT('',#13864);
#13864 = CARTESIAN_POINT('',(-4.5,7.5,-28.));
#13865 = SURFACE_CURVE('',#13866,(#13870,#13877),.PCURVE_S1.);
#13866 = LINE('',#13867,#13868);
#13867 = CARTESIAN_POINT('',(-4.5,7.5,-28.));
#13868 = VECTOR('',#13869,1.);
#13869 = DIRECTION('',(1.,0.,0.));
#13870 = PCURVE('',#11960,#13871);
#13871 = DEFINITIONAL_REPRESENTATION('',(#13872),#13876);
#13872 = LINE('',#13873,#13874);
#13873 = CARTESIAN_POINT('',(0.,0.));
#13874 = VECTOR('',#13875,1.);
#13875 = DIRECTION('',(0.,1.));
#13876 = ( GEOMETRIC_REPRESENTATION_CONTEXT(2) 
PARAMETRIC_REPRESENTATION_CONTEXT() REPRESENTATION_CONTEXT('2D SPACE',''
  ) );
#13877 = PCURVE('',#13878,#13883);
#13878 = CYLINDRICAL_SURFACE('',#13879,7.5);
#13879 = AXIS2_PLACEMENT_3D('',#13880,#13881,#13882);
#13880 = CARTESIAN_POINT('',(-4.5,0.,-28.));
#13881 = DIRECTION('',(1.,0.,2.22044604925E-16));
#13882 = DIRECTION('',(2.22044604925E-16,0.,-1.));
#13883 = DEFINITIONAL_REPRESENTATION('',(#13884),#13887);
#13884 = B_SPLINE_CURVE_WITH_KNOTS('',1,(#13885,#13886),.UNSPECIFIED.,
  .F.,.F.,(2,2),(0.,3.),.PIECEWISE_BEZIER_KNOTS.);
#13885 = CARTESIAN_POINT('',(7.853981633974,0.));
#13886 = CARTESIAN_POINT('',(7.853981633974,3.));
#13887 = ( GEOMETRIC_REPRESENTATION_CONTEXT(2) 
PARAMETRIC_REPRESENTATION_CONTEXT() REPRESENTATION_CONTEXT('2D SPACE',''
  ) );
#13888 = ORIENTED_EDGE('',*,*,#13889,.T.);
#13889 = EDGE_CURVE('',#13863,#11944,#13890,.T.);
#13890 = SURFACE_CURVE('',#13891,(#13895,#13902),.PCURVE_S1.);
#13891 = LINE('',#13892,#13893);
#13892 = CARTESIAN_POINT('',(-4.5,7.5,-28.));
#13893 = VECTOR('',#13894,1.);
#13894 = DIRECTION('',(0.,0.,1.));
#13895 = PCURVE('',#11960,#13896);
#13896 = DEFINITIONAL_REPRESENTATION('',(#13897),#13901);
#13897 = LINE('',#13898,#13899);
#13898 = CARTESIAN_POINT('',(0.,0.));
#13899 = VECTOR('',#13900,1.);
#13900 = DIRECTION('',(1.,0.));
#13901 = ( GEOMETRIC_REPRESENTATION_CONTEXT(2) 
PARAMETRIC_REPRESENTATION_CONTEXT() REPRESENTATION_CONTEXT('2D SPACE',''
  ) );
#13902 = PCURVE('',#11986,#13903);
#13903 = DEFINITIONAL_REPRESENTATION('',(#13904),#13908);
#13904 = LINE('',#13905,#13906);
#13905 = CARTESIAN_POINT('',(0.,-15.));
#13906 = VECTOR('',#13907,1.);
#13907 = DIRECTION('',(1.,0.));
#13908 = ( GEOMETRIC_REPRESENTATION_CONTEXT(2) 
PARAMETRIC_REPRESENTATION_CONTEXT() REPRESENTATION_CONTEXT('2D SPACE',''
  ) );
#13909 = ORIENTED_EDGE('',*,*,#11943,.T.);
#13910 = ADVANCED_FACE('',(#13911,#13960),#12036,.T.);
#13911 = FACE_BOUND('',#13912,.T.);
#13912 = EDGE_LOOP('',(#13913,#13914,#13915,#13938));
#13913 = ORIENTED_EDGE('',*,*,#13839,.T.);
#13914 = ORIENTED_EDGE('',*,*,#12023,.T.);
#13915 = ORIENTED_EDGE('',*,*,#13916,.F.);
#13916 = EDGE_CURVE('',#13917,#11998,#13919,.T.);
#13917 = VERTEX_POINT('',#13918);
#13918 = CARTESIAN_POINT('',(-1.5,-7.5,-28.));
#13919 = SURFACE_CURVE('',#13920,(#13924,#13931),.PCURVE_S1.);
#13920 = LINE('',#13921,#13922);
#13921 = CARTESIAN_POINT('',(-1.5,-7.5,-28.));
#13922 = VECTOR('',#13923,1.);
#13923 = DIRECTION('',(0.,0.,1.));
#13924 = PCURVE('',#12036,#13925);
#13925 = DEFINITIONAL_REPRESENTATION('',(#13926),#13930);
#13926 = LINE('',#13927,#13928);
#13927 = CARTESIAN_POINT('',(0.,0.));
#13928 = VECTOR('',#13929,1.);
#13929 = DIRECTION('',(1.,0.));
#13930 = ( GEOMETRIC_REPRESENTATION_CONTEXT(2) 
PARAMETRIC_REPRESENTATION_CONTEXT() REPRESENTATION_CONTEXT('2D SPACE',''
  ) );
#13931 = PCURVE('',#12012,#13932);
#13932 = DEFINITIONAL_REPRESENTATION('',(#13933),#13937);
#13933 = LINE('',#13934,#13935);
#13934 = CARTESIAN_POINT('',(0.,3.));
#13935 = VECTOR('',#13936,1.);
#13936 = DIRECTION('',(1.,0.));
#13937 = ( GEOMETRIC_REPRESENTATION_CONTEXT(2) 
PARAMETRIC_REPRESENTATION_CONTEXT() REPRESENTATION_CONTEXT('2D SPACE',''
  ) );
#13938 = ORIENTED_EDGE('',*,*,#13939,.T.);
#13939 = EDGE_CURVE('',#13917,#13840,#13940,.T.);
#13940 = SURFACE_CURVE('',#13941,(#13946,#13953),.PCURVE_S1.);
#13941 = CIRCLE('',#13942,7.5);
#13942 = AXIS2_PLACEMENT_3D('',#13943,#13944,#13945);
#13943 = CARTESIAN_POINT('',(-1.5,0.,-28.));
#13944 = DIRECTION('',(1.,0.,2.368475785867E-16));
#13945 = DIRECTION('',(0.,-1.,0.));
#13946 = PCURVE('',#12036,#13947);
#13947 = DEFINITIONAL_REPRESENTATION('',(#13948),#13952);
#13948 = CIRCLE('',#13949,7.5);
#13949 = AXIS2_PLACEMENT_2D('',#13950,#13951);
#13950 = CARTESIAN_POINT('',(0.,-7.5));
#13951 = DIRECTION('',(0.,1.));
#13952 = ( GEOMETRIC_REPRESENTATION_CONTEXT(2) 
PARAMETRIC_REPRESENTATION_CONTEXT() REPRESENTATION_CONTEXT('2D SPACE',''
  ) );
#13953 = PCURVE('',#13878,#13954);
#13954 = DEFINITIONAL_REPRESENTATION('',(#13955),#13959);
#13955 = LINE('',#13956,#13957);
#13956 = CARTESIAN_POINT('',(4.712388980385,3.));
#13957 = VECTOR('',#13958,1.);
#13958 = DIRECTION('',(1.,0.));
#13959 = ( GEOMETRIC_REPRESENTATION_CONTEXT(2) 
PARAMETRIC_REPRESENTATION_CONTEXT() REPRESENTATION_CONTEXT('2D SPACE',''
  ) );
#13960 = FACE_BOUND('',#13961,.T.);
#13961 = EDGE_LOOP('',(#13962));
#13962 = ORIENTED_EDGE('',*,*,#13963,.F.);
#13963 = EDGE_CURVE('',#13964,#13964,#13966,.T.);
#13964 = VERTEX_POINT('',#13965);
#13965 = CARTESIAN_POINT('',(-1.5,-6.123233995737E-16,-30.5));
#13966 = SURFACE_CURVE('',#13967,(#13972,#13979),.PCURVE_S1.);
#13967 = CIRCLE('',#13968,2.5);
#13968 = AXIS2_PLACEMENT_3D('',#13969,#13970,#13971);
#13969 = CARTESIAN_POINT('',(-1.5,0.,-28.));
#13970 = DIRECTION('',(1.,0.,2.22044604925E-16));
#13971 = DIRECTION('',(2.22044604925E-16,0.,-1.));
#13972 = PCURVE('',#12036,#13973);
#13973 = DEFINITIONAL_REPRESENTATION('',(#13974),#13978);
#13974 = CIRCLE('',#13975,2.5);
#13975 = AXIS2_PLACEMENT_2D('',#13976,#13977);
#13976 = CARTESIAN_POINT('',(0.,-7.5));
#13977 = DIRECTION('',(-1.,0.));
#13978 = ( GEOMETRIC_REPRESENTATION_CONTEXT(2) 
PARAMETRIC_REPRESENTATION_CONTEXT() REPRESENTATION_CONTEXT('2D SPACE',''
  ) );
#13979 = PCURVE('',#13980,#13985);
#13980 = CYLINDRICAL_SURFACE('',#13981,2.5);
#13981 = AXIS2_PLACEMENT_3D('',#13982,#13983,#13984);
#13982 = CARTESIAN_POINT('',(-5.5,0.,-28.));
#13983 = DIRECTION('',(1.,0.,2.22044604925E-16));
#13984 = DIRECTION('',(2.22044604925E-16,0.,-1.));
#13985 = DEFINITIONAL_REPRESENTATION('',(#13986),#13990);
#13986 = LINE('',#13987,#13988);
#13987 = CARTESIAN_POINT('',(0.,4.));
#13988 = VECTOR('',#13989,1.);
#13989 = DIRECTION('',(1.,0.));
#13990 = ( GEOMETRIC_REPRESENTATION_CONTEXT(2) 
PARAMETRIC_REPRESENTATION_CONTEXT() REPRESENTATION_CONTEXT('2D SPACE',''
  ) );
#13991 = ADVANCED_FACE('',(#13992),#12012,.F.);
#13992 = FACE_BOUND('',#13993,.F.);
#13993 = EDGE_LOOP('',(#13994,#13995,#14017,#14038));
#13994 = ORIENTED_EDGE('',*,*,#13916,.F.);
#13995 = ORIENTED_EDGE('',*,*,#13996,.F.);
#13996 = EDGE_CURVE('',#13997,#13917,#13999,.T.);
#13997 = VERTEX_POINT('',#13998);
#13998 = CARTESIAN_POINT('',(-4.5,-7.5,-28.));
#13999 = SURFACE_CURVE('',#14000,(#14004,#14011),.PCURVE_S1.);
#14000 = LINE('',#14001,#14002);
#14001 = CARTESIAN_POINT('',(-4.5,-7.5,-28.));
#14002 = VECTOR('',#14003,1.);
#14003 = DIRECTION('',(1.,0.,0.));
#14004 = PCURVE('',#12012,#14005);
#14005 = DEFINITIONAL_REPRESENTATION('',(#14006),#14010);
#14006 = LINE('',#14007,#14008);
#14007 = CARTESIAN_POINT('',(0.,0.));
#14008 = VECTOR('',#14009,1.);
#14009 = DIRECTION('',(0.,1.));
#14010 = ( GEOMETRIC_REPRESENTATION_CONTEXT(2) 
PARAMETRIC_REPRESENTATION_CONTEXT() REPRESENTATION_CONTEXT('2D SPACE',''
  ) );
#14011 = PCURVE('',#13878,#14012);
#14012 = DEFINITIONAL_REPRESENTATION('',(#14013),#14016);
#14013 = B_SPLINE_CURVE_WITH_KNOTS('',1,(#14014,#14015),.UNSPECIFIED.,
  .F.,.F.,(2,2),(0.,3.),.PIECEWISE_BEZIER_KNOTS.);
#14014 = CARTESIAN_POINT('',(4.712388980385,0.));
#14015 = CARTESIAN_POINT('',(4.712388980385,3.));
#14016 = ( GEOMETRIC_REPRESENTATION_CONTEXT(2) 
PARAMETRIC_REPRESENTATION_CONTEXT() REPRESENTATION_CONTEXT('2D SPACE',''
  ) );
#14017 = ORIENTED_EDGE('',*,*,#14018,.T.);
#14018 = EDGE_CURVE('',#13997,#11972,#14019,.T.);
#14019 = SURFACE_CURVE('',#14020,(#14024,#14031),.PCURVE_S1.);
#14020 = LINE('',#14021,#14022);
#14021 = CARTESIAN_POINT('',(-4.5,-7.5,-28.));
#14022 = VECTOR('',#14023,1.);
#14023 = DIRECTION('',(0.,0.,1.));
#14024 = PCURVE('',#12012,#14025);
#14025 = DEFINITIONAL_REPRESENTATION('',(#14026),#14030);
#14026 = LINE('',#14027,#14028);
#14027 = CARTESIAN_POINT('',(0.,0.));
#14028 = VECTOR('',#14029,1.);
#14029 = DIRECTION('',(1.,0.));
#14030 = ( GEOMETRIC_REPRESENTATION_CONTEXT(2) 
PARAMETRIC_REPRESENTATION_CONTEXT() REPRESENTATION_CONTEXT('2D SPACE',''
  ) );
#14031 = PCURVE('',#11986,#14032);
#14032 = DEFINITIONAL_REPRESENTATION('',(#14033),#14037);
#14033 = LINE('',#14034,#14035);
#14034 = CARTESIAN_POINT('',(0.,0.));
#14035 = VECTOR('',#14036,1.);
#14036 = DIRECTION('',(1.,0.));
#14037 = ( GEOMETRIC_REPRESENTATION_CONTEXT(2) 
PARAMETRIC_REPRESENTATION_CONTEXT() REPRESENTATION_CONTEXT('2D SPACE',''
  ) );
#14038 = ORIENTED_EDGE('',*,*,#11997,.T.);
#14039 = ADVANCED_FACE('',(#14040,#14071),#11986,.F.);
#14040 = FACE_BOUND('',#14041,.F.);
#14041 = EDGE_LOOP('',(#14042,#14043,#14044,#14045));
#14042 = ORIENTED_EDGE('',*,*,#13889,.T.);
#14043 = ORIENTED_EDGE('',*,*,#11971,.T.);
#14044 = ORIENTED_EDGE('',*,*,#14018,.F.);
#14045 = ORIENTED_EDGE('',*,*,#14046,.F.);
#14046 = EDGE_CURVE('',#13863,#13997,#14047,.T.);
#14047 = SURFACE_CURVE('',#14048,(#14053,#14064),.PCURVE_S1.);
#14048 = CIRCLE('',#14049,7.5);
#14049 = AXIS2_PLACEMENT_3D('',#14050,#14051,#14052);
#14050 = CARTESIAN_POINT('',(-4.5,0.,-28.));
#14051 = DIRECTION('',(-1.,0.,-2.368475785867E-16));
#14052 = DIRECTION('',(0.,1.,0.));
#14053 = PCURVE('',#11986,#14054);
#14054 = DEFINITIONAL_REPRESENTATION('',(#14055),#14063);
#14055 = ( BOUNDED_CURVE() B_SPLINE_CURVE(2,(#14056,#14057,#14058,#14059
    ,#14060,#14061,#14062),.UNSPECIFIED.,.T.,.F.) 
B_SPLINE_CURVE_WITH_KNOTS((1,2,2,2,2,1),(-2.094395102393,0.,
    2.094395102393,4.188790204786,6.28318530718,8.377580409573),
.UNSPECIFIED.) CURVE() GEOMETRIC_REPRESENTATION_ITEM() 
RATIONAL_B_SPLINE_CURVE((1.,0.5,1.,0.5,1.,0.5,1.)) REPRESENTATION_ITEM(
  '') );
#14056 = CARTESIAN_POINT('',(0.,-15.));
#14057 = CARTESIAN_POINT('',(-12.99038105676,-15.));
#14058 = CARTESIAN_POINT('',(-6.495190528383,-3.75));
#14059 = CARTESIAN_POINT('',(-1.836970198721E-15,7.5));
#14060 = CARTESIAN_POINT('',(6.495190528383,-3.75));
#14061 = CARTESIAN_POINT('',(12.990381056767,-15.));
#14062 = CARTESIAN_POINT('',(0.,-15.));
#14063 = ( GEOMETRIC_REPRESENTATION_CONTEXT(2) 
PARAMETRIC_REPRESENTATION_CONTEXT() REPRESENTATION_CONTEXT('2D SPACE',''
  ) );
#14064 = PCURVE('',#13878,#14065);
#14065 = DEFINITIONAL_REPRESENTATION('',(#14066),#14070);
#14066 = LINE('',#14067,#14068);
#14067 = CARTESIAN_POINT('',(7.853981633974,0.));
#14068 = VECTOR('',#14069,1.);
#14069 = DIRECTION('',(-1.,-0.));
#14070 = ( GEOMETRIC_REPRESENTATION_CONTEXT(2) 
PARAMETRIC_REPRESENTATION_CONTEXT() REPRESENTATION_CONTEXT('2D SPACE',''
  ) );
#14071 = FACE_BOUND('',#14072,.F.);
#14072 = EDGE_LOOP('',(#14073));
#14073 = ORIENTED_EDGE('',*,*,#14074,.F.);
#14074 = EDGE_CURVE('',#14075,#14075,#14077,.T.);
#14075 = VERTEX_POINT('',#14076);
#14076 = CARTESIAN_POINT('',(-4.5,-6.123233995737E-16,-30.5));
#14077 = SURFACE_CURVE('',#14078,(#14083,#14090),.PCURVE_S1.);
#14078 = CIRCLE('',#14079,2.5);
#14079 = AXIS2_PLACEMENT_3D('',#14080,#14081,#14082);
#14080 = CARTESIAN_POINT('',(-4.5,0.,-28.));
#14081 = DIRECTION('',(1.,0.,2.22044604925E-16));
#14082 = DIRECTION('',(2.22044604925E-16,0.,-1.));
#14083 = PCURVE('',#11986,#14084);
#14084 = DEFINITIONAL_REPRESENTATION('',(#14085),#14089);
#14085 = CIRCLE('',#14086,2.5);
#14086 = AXIS2_PLACEMENT_2D('',#14087,#14088);
#14087 = CARTESIAN_POINT('',(0.,-7.5));
#14088 = DIRECTION('',(-1.,0.));
#14089 = ( GEOMETRIC_REPRESENTATION_CONTEXT(2) 
PARAMETRIC_REPRESENTATION_CONTEXT() REPRESENTATION_CONTEXT('2D SPACE',''
  ) );
#14090 = PCURVE('',#13980,#14091);
#14091 = DEFINITIONAL_REPRESENTATION('',(#14092),#14096);
#14092 = LINE('',#14093,#14094);
#14093 = CARTESIAN_POINT('',(0.,1.));
#14094 = VECTOR('',#14095,1.);
#14095 = DIRECTION('',(1.,0.));
#14096 = ( GEOMETRIC_REPRESENTATION_CONTEXT(2) 
PARAMETRIC_REPRESENTATION_CONTEXT() REPRESENTATION_CONTEXT('2D SPACE',''
  ) );
#14097 = ADVANCED_FACE('',(#14098),#12093,.T.);
#14098 = FACE_BOUND('',#14099,.T.);
#14099 = EDGE_LOOP('',(#14100,#14123,#14124,#14147));
#14100 = ORIENTED_EDGE('',*,*,#14101,.F.);
#14101 = EDGE_CURVE('',#12079,#14102,#14104,.T.);
#14102 = VERTEX_POINT('',#14103);
#14103 = CARTESIAN_POINT('',(-1.5,7.5,-11.));
#14104 = SURFACE_CURVE('',#14105,(#14109,#14116),.PCURVE_S1.);
#14105 = LINE('',#14106,#14107);
#14106 = CARTESIAN_POINT('',(-1.5,7.5,-28.));
#14107 = VECTOR('',#14108,1.);
#14108 = DIRECTION('',(0.,0.,1.));
#14109 = PCURVE('',#12093,#14110);
#14110 = DEFINITIONAL_REPRESENTATION('',(#14111),#14115);
#14111 = LINE('',#14112,#14113);
#14112 = CARTESIAN_POINT('',(0.,3.));
#14113 = VECTOR('',#14114,1.);
#14114 = DIRECTION('',(1.,0.));
#14115 = ( GEOMETRIC_REPRESENTATION_CONTEXT(2) 
PARAMETRIC_REPRESENTATION_CONTEXT() REPRESENTATION_CONTEXT('2D SPACE',''
  ) );
#14116 = PCURVE('',#12169,#14117);
#14117 = DEFINITIONAL_REPRESENTATION('',(#14118),#14122);
#14118 = LINE('',#14119,#14120);
#14119 = CARTESIAN_POINT('',(0.,-15.));
#14120 = VECTOR('',#14121,1.);
#14121 = DIRECTION('',(1.,0.));
#14122 = ( GEOMETRIC_REPRESENTATION_CONTEXT(2) 
PARAMETRIC_REPRESENTATION_CONTEXT() REPRESENTATION_CONTEXT('2D SPACE',''
  ) );
#14123 = ORIENTED_EDGE('',*,*,#12076,.F.);
#14124 = ORIENTED_EDGE('',*,*,#14125,.T.);
#14125 = EDGE_CURVE('',#12077,#14126,#14128,.T.);
#14126 = VERTEX_POINT('',#14127);
#14127 = CARTESIAN_POINT('',(-4.5,7.5,-11.));
#14128 = SURFACE_CURVE('',#14129,(#14133,#14140),.PCURVE_S1.);
#14129 = LINE('',#14130,#14131);
#14130 = CARTESIAN_POINT('',(-4.5,7.5,-28.));
#14131 = VECTOR('',#14132,1.);
#14132 = DIRECTION('',(0.,0.,1.));
#14133 = PCURVE('',#12093,#14134);
#14134 = DEFINITIONAL_REPRESENTATION('',(#14135),#14139);
#14135 = LINE('',#14136,#14137);
#14136 = CARTESIAN_POINT('',(0.,0.));
#14137 = VECTOR('',#14138,1.);
#14138 = DIRECTION('',(1.,0.));
#14139 = ( GEOMETRIC_REPRESENTATION_CONTEXT(2) 
PARAMETRIC_REPRESENTATION_CONTEXT() REPRESENTATION_CONTEXT('2D SPACE',''
  ) );
#14140 = PCURVE('',#12119,#14141);
#14141 = DEFINITIONAL_REPRESENTATION('',(#14142),#14146);
#14142 = LINE('',#14143,#14144);
#14143 = CARTESIAN_POINT('',(0.,-15.));
#14144 = VECTOR('',#14145,1.);
#14145 = DIRECTION('',(1.,0.));
#14146 = ( GEOMETRIC_REPRESENTATION_CONTEXT(2) 
PARAMETRIC_REPRESENTATION_CONTEXT() REPRESENTATION_CONTEXT('2D SPACE',''
  ) );
#14147 = ORIENTED_EDGE('',*,*,#14148,.T.);
#14148 = EDGE_CURVE('',#14126,#14102,#14149,.T.);
#14149 = SURFACE_CURVE('',#14150,(#14154,#14161),.PCURVE_S1.);
#14150 = LINE('',#14151,#14152);
#14151 = CARTESIAN_POINT('',(-4.5,7.5,-11.));
#14152 = VECTOR('',#14153,1.);
#14153 = DIRECTION('',(1.,0.,0.));
#14154 = PCURVE('',#12093,#14155);
#14155 = DEFINITIONAL_REPRESENTATION('',(#14156),#14160);
#14156 = LINE('',#14157,#14158);
#14157 = CARTESIAN_POINT('',(17.,0.));
#14158 = VECTOR('',#14159,1.);
#14159 = DIRECTION('',(0.,1.));
#14160 = ( GEOMETRIC_REPRESENTATION_CONTEXT(2) 
PARAMETRIC_REPRESENTATION_CONTEXT() REPRESENTATION_CONTEXT('2D SPACE',''
  ) );
#14161 = PCURVE('',#14162,#14167);
#14162 = PLANE('',#14163);
#14163 = AXIS2_PLACEMENT_3D('',#14164,#14165,#14166);
#14164 = CARTESIAN_POINT('',(-4.5,-7.5,-11.));
#14165 = DIRECTION('',(0.,0.,1.));
#14166 = DIRECTION('',(1.,0.,0.));
#14167 = DEFINITIONAL_REPRESENTATION('',(#14168),#14172);
#14168 = LINE('',#14169,#14170);
#14169 = CARTESIAN_POINT('',(0.,15.));
#14170 = VECTOR('',#14171,1.);
#14171 = DIRECTION('',(1.,0.));
#14172 = ( GEOMETRIC_REPRESENTATION_CONTEXT(2) 
PARAMETRIC_REPRESENTATION_CONTEXT() REPRESENTATION_CONTEXT('2D SPACE',''
  ) );
#14173 = ADVANCED_FACE('',(#14174),#12169,.T.);
#14174 = FACE_BOUND('',#14175,.T.);
#14175 = EDGE_LOOP('',(#14176,#14177,#14200,#14221));
#14176 = ORIENTED_EDGE('',*,*,#14101,.T.);
#14177 = ORIENTED_EDGE('',*,*,#14178,.F.);
#14178 = EDGE_CURVE('',#14179,#14102,#14181,.T.);
#14179 = VERTEX_POINT('',#14180);
#14180 = CARTESIAN_POINT('',(-1.5,-7.5,-11.));
#14181 = SURFACE_CURVE('',#14182,(#14186,#14193),.PCURVE_S1.);
#14182 = LINE('',#14183,#14184);
#14183 = CARTESIAN_POINT('',(-1.5,-7.5,-11.));
#14184 = VECTOR('',#14185,1.);
#14185 = DIRECTION('',(0.,1.,0.));
#14186 = PCURVE('',#12169,#14187);
#14187 = DEFINITIONAL_REPRESENTATION('',(#14188),#14192);
#14188 = LINE('',#14189,#14190);
#14189 = CARTESIAN_POINT('',(17.,0.));
#14190 = VECTOR('',#14191,1.);
#14191 = DIRECTION('',(0.,-1.));
#14192 = ( GEOMETRIC_REPRESENTATION_CONTEXT(2) 
PARAMETRIC_REPRESENTATION_CONTEXT() REPRESENTATION_CONTEXT('2D SPACE',''
  ) );
#14193 = PCURVE('',#14162,#14194);
#14194 = DEFINITIONAL_REPRESENTATION('',(#14195),#14199);
#14195 = LINE('',#14196,#14197);
#14196 = CARTESIAN_POINT('',(3.,0.));
#14197 = VECTOR('',#14198,1.);
#14198 = DIRECTION('',(0.,1.));
#14199 = ( GEOMETRIC_REPRESENTATION_CONTEXT(2) 
PARAMETRIC_REPRESENTATION_CONTEXT() REPRESENTATION_CONTEXT('2D SPACE',''
  ) );
#14200 = ORIENTED_EDGE('',*,*,#14201,.F.);
#14201 = EDGE_CURVE('',#12131,#14179,#14202,.T.);
#14202 = SURFACE_CURVE('',#14203,(#14207,#14214),.PCURVE_S1.);
#14203 = LINE('',#14204,#14205);
#14204 = CARTESIAN_POINT('',(-1.5,-7.5,-28.));
#14205 = VECTOR('',#14206,1.);
#14206 = DIRECTION('',(0.,0.,1.));
#14207 = PCURVE('',#12169,#14208);
#14208 = DEFINITIONAL_REPRESENTATION('',(#14209),#14213);
#14209 = LINE('',#14210,#14211);
#14210 = CARTESIAN_POINT('',(0.,0.));
#14211 = VECTOR('',#14212,1.);
#14212 = DIRECTION('',(1.,0.));
#14213 = ( GEOMETRIC_REPRESENTATION_CONTEXT(2) 
PARAMETRIC_REPRESENTATION_CONTEXT() REPRESENTATION_CONTEXT('2D SPACE',''
  ) );
#14214 = PCURVE('',#12145,#14215);
#14215 = DEFINITIONAL_REPRESENTATION('',(#14216),#14220);
#14216 = LINE('',#14217,#14218);
#14217 = CARTESIAN_POINT('',(0.,3.));
#14218 = VECTOR('',#14219,1.);
#14219 = DIRECTION('',(1.,0.));
#14220 = ( GEOMETRIC_REPRESENTATION_CONTEXT(2) 
PARAMETRIC_REPRESENTATION_CONTEXT() REPRESENTATION_CONTEXT('2D SPACE',''
  ) );
#14221 = ORIENTED_EDGE('',*,*,#12156,.F.);
#14222 = ADVANCED_FACE('',(#14223),#12145,.F.);
#14223 = FACE_BOUND('',#14224,.F.);
#14224 = EDGE_LOOP('',(#14225,#14226,#14227,#14250));
#14225 = ORIENTED_EDGE('',*,*,#14201,.F.);
#14226 = ORIENTED_EDGE('',*,*,#12130,.F.);
#14227 = ORIENTED_EDGE('',*,*,#14228,.T.);
#14228 = EDGE_CURVE('',#12105,#14229,#14231,.T.);
#14229 = VERTEX_POINT('',#14230);
#14230 = CARTESIAN_POINT('',(-4.5,-7.5,-11.));
#14231 = SURFACE_CURVE('',#14232,(#14236,#14243),.PCURVE_S1.);
#14232 = LINE('',#14233,#14234);
#14233 = CARTESIAN_POINT('',(-4.5,-7.5,-28.));
#14234 = VECTOR('',#14235,1.);
#14235 = DIRECTION('',(0.,0.,1.));
#14236 = PCURVE('',#12145,#14237);
#14237 = DEFINITIONAL_REPRESENTATION('',(#14238),#14242);
#14238 = LINE('',#14239,#14240);
#14239 = CARTESIAN_POINT('',(0.,0.));
#14240 = VECTOR('',#14241,1.);
#14241 = DIRECTION('',(1.,0.));
#14242 = ( GEOMETRIC_REPRESENTATION_CONTEXT(2) 
PARAMETRIC_REPRESENTATION_CONTEXT() REPRESENTATION_CONTEXT('2D SPACE',''
  ) );
#14243 = PCURVE('',#12119,#14244);
#14244 = DEFINITIONAL_REPRESENTATION('',(#14245),#14249);
#14245 = LINE('',#14246,#14247);
#14246 = CARTESIAN_POINT('',(0.,0.));
#14247 = VECTOR('',#14248,1.);
#14248 = DIRECTION('',(1.,0.));
#14249 = ( GEOMETRIC_REPRESENTATION_CONTEXT(2) 
PARAMETRIC_REPRESENTATION_CONTEXT() REPRESENTATION_CONTEXT('2D SPACE',''
  ) );
#14250 = ORIENTED_EDGE('',*,*,#14251,.T.);
#14251 = EDGE_CURVE('',#14229,#14179,#14252,.T.);
#14252 = SURFACE_CURVE('',#14253,(#14257,#14264),.PCURVE_S1.);
#14253 = LINE('',#14254,#14255);
#14254 = CARTESIAN_POINT('',(-4.5,-7.5,-11.));
#14255 = VECTOR('',#14256,1.);
#14256 = DIRECTION('',(1.,0.,0.));
#14257 = PCURVE('',#12145,#14258);
#14258 = DEFINITIONAL_REPRESENTATION('',(#14259),#14263);
#14259 = LINE('',#14260,#14261);
#14260 = CARTESIAN_POINT('',(17.,0.));
#14261 = VECTOR('',#14262,1.);
#14262 = DIRECTION('',(0.,1.));
#14263 = ( GEOMETRIC_REPRESENTATION_CONTEXT(2) 
PARAMETRIC_REPRESENTATION_CONTEXT() REPRESENTATION_CONTEXT('2D SPACE',''
  ) );
#14264 = PCURVE('',#14162,#14265);
#14265 = DEFINITIONAL_REPRESENTATION('',(#14266),#14270);
#14266 = LINE('',#14267,#14268);
#14267 = CARTESIAN_POINT('',(0.,0.));
#14268 = VECTOR('',#14269,1.);
#14269 = DIRECTION('',(1.,0.));
#14270 = ( GEOMETRIC_REPRESENTATION_CONTEXT(2) 
PARAMETRIC_REPRESENTATION_CONTEXT() REPRESENTATION_CONTEXT('2D SPACE',''
  ) );
#14271 = ADVANCED_FACE('',(#14272),#12119,.F.);
#14272 = FACE_BOUND('',#14273,.F.);
#14273 = EDGE_LOOP('',(#14274,#14275,#14296,#14297));
#14274 = ORIENTED_EDGE('',*,*,#14125,.T.);
#14275 = ORIENTED_EDGE('',*,*,#14276,.F.);
#14276 = EDGE_CURVE('',#14229,#14126,#14277,.T.);
#14277 = SURFACE_CURVE('',#14278,(#14282,#14289),.PCURVE_S1.);
#14278 = LINE('',#14279,#14280);
#14279 = CARTESIAN_POINT('',(-4.5,-7.5,-11.));
#14280 = VECTOR('',#14281,1.);
#14281 = DIRECTION('',(0.,1.,0.));
#14282 = PCURVE('',#12119,#14283);
#14283 = DEFINITIONAL_REPRESENTATION('',(#14284),#14288);
#14284 = LINE('',#14285,#14286);
#14285 = CARTESIAN_POINT('',(17.,0.));
#14286 = VECTOR('',#14287,1.);
#14287 = DIRECTION('',(0.,-1.));
#14288 = ( GEOMETRIC_REPRESENTATION_CONTEXT(2) 
PARAMETRIC_REPRESENTATION_CONTEXT() REPRESENTATION_CONTEXT('2D SPACE',''
  ) );
#14289 = PCURVE('',#14162,#14290);
#14290 = DEFINITIONAL_REPRESENTATION('',(#14291),#14295);
#14291 = LINE('',#14292,#14293);
#14292 = CARTESIAN_POINT('',(0.,0.));
#14293 = VECTOR('',#14294,1.);
#14294 = DIRECTION('',(0.,1.));
#14295 = ( GEOMETRIC_REPRESENTATION_CONTEXT(2) 
PARAMETRIC_REPRESENTATION_CONTEXT() REPRESENTATION_CONTEXT('2D SPACE',''
  ) );
#14296 = ORIENTED_EDGE('',*,*,#14228,.F.);
#14297 = ORIENTED_EDGE('',*,*,#12104,.F.);
#14298 = ADVANCED_FACE('',(#14299),#12355,.T.);
#14299 = FACE_BOUND('',#14300,.T.);
#14300 = EDGE_LOOP('',(#14301,#14302,#14325,#14346));
#14301 = ORIENTED_EDGE('',*,*,#12394,.F.);
#14302 = ORIENTED_EDGE('',*,*,#14303,.T.);
#14303 = EDGE_CURVE('',#12395,#14304,#14306,.T.);
#14304 = VERTEX_POINT('',#14305);
#14305 = CARTESIAN_POINT('',(1.5,7.5,-11.));
#14306 = SURFACE_CURVE('',#14307,(#14311,#14318),.PCURVE_S1.);
#14307 = LINE('',#14308,#14309);
#14308 = CARTESIAN_POINT('',(1.5,7.5,-28.));
#14309 = VECTOR('',#14310,1.);
#14310 = DIRECTION('',(0.,0.,1.));
#14311 = PCURVE('',#12355,#14312);
#14312 = DEFINITIONAL_REPRESENTATION('',(#14313),#14317);
#14313 = LINE('',#14314,#14315);
#14314 = CARTESIAN_POINT('',(0.,0.));
#14315 = VECTOR('',#14316,1.);
#14316 = DIRECTION('',(1.,0.));
#14317 = ( GEOMETRIC_REPRESENTATION_CONTEXT(2) 
PARAMETRIC_REPRESENTATION_CONTEXT() REPRESENTATION_CONTEXT('2D SPACE',''
  ) );
#14318 = PCURVE('',#12430,#14319);
#14319 = DEFINITIONAL_REPRESENTATION('',(#14320),#14324);
#14320 = LINE('',#14321,#14322);
#14321 = CARTESIAN_POINT('',(0.,-15.));
#14322 = VECTOR('',#14323,1.);
#14323 = DIRECTION('',(1.,0.));
#14324 = ( GEOMETRIC_REPRESENTATION_CONTEXT(2) 
PARAMETRIC_REPRESENTATION_CONTEXT() REPRESENTATION_CONTEXT('2D SPACE',''
  ) );
#14325 = ORIENTED_EDGE('',*,*,#14326,.T.);
#14326 = EDGE_CURVE('',#14304,#12315,#14327,.T.);
#14327 = SURFACE_CURVE('',#14328,(#14332,#14339),.PCURVE_S1.);
#14328 = LINE('',#14329,#14330);
#14329 = CARTESIAN_POINT('',(1.5,7.5,-11.));
#14330 = VECTOR('',#14331,1.);
#14331 = DIRECTION('',(1.,0.,0.));
#14332 = PCURVE('',#12355,#14333);
#14333 = DEFINITIONAL_REPRESENTATION('',(#14334),#14338);
#14334 = LINE('',#14335,#14336);
#14335 = CARTESIAN_POINT('',(17.,0.));
#14336 = VECTOR('',#14337,1.);
#14337 = DIRECTION('',(0.,1.));
#14338 = ( GEOMETRIC_REPRESENTATION_CONTEXT(2) 
PARAMETRIC_REPRESENTATION_CONTEXT() REPRESENTATION_CONTEXT('2D SPACE',''
  ) );
#14339 = PCURVE('',#12329,#14340);
#14340 = DEFINITIONAL_REPRESENTATION('',(#14341),#14345);
#14341 = LINE('',#14342,#14343);
#14342 = CARTESIAN_POINT('',(0.,15.));
#14343 = VECTOR('',#14344,1.);
#14344 = DIRECTION('',(1.,0.));
#14345 = ( GEOMETRIC_REPRESENTATION_CONTEXT(2) 
PARAMETRIC_REPRESENTATION_CONTEXT() REPRESENTATION_CONTEXT('2D SPACE',''
  ) );
#14346 = ORIENTED_EDGE('',*,*,#12340,.F.);
#14347 = ADVANCED_FACE('',(#14348),#12329,.T.);
#14348 = FACE_BOUND('',#14349,.T.);
#14349 = EDGE_LOOP('',(#14350,#14351,#14374,#14395));
#14350 = ORIENTED_EDGE('',*,*,#14326,.F.);
#14351 = ORIENTED_EDGE('',*,*,#14352,.F.);
#14352 = EDGE_CURVE('',#14353,#14304,#14355,.T.);
#14353 = VERTEX_POINT('',#14354);
#14354 = CARTESIAN_POINT('',(1.5,-7.5,-11.));
#14355 = SURFACE_CURVE('',#14356,(#14360,#14367),.PCURVE_S1.);
#14356 = LINE('',#14357,#14358);
#14357 = CARTESIAN_POINT('',(1.5,-7.5,-11.));
#14358 = VECTOR('',#14359,1.);
#14359 = DIRECTION('',(0.,1.,0.));
#14360 = PCURVE('',#12329,#14361);
#14361 = DEFINITIONAL_REPRESENTATION('',(#14362),#14366);
#14362 = LINE('',#14363,#14364);
#14363 = CARTESIAN_POINT('',(0.,0.));
#14364 = VECTOR('',#14365,1.);
#14365 = DIRECTION('',(0.,1.));
#14366 = ( GEOMETRIC_REPRESENTATION_CONTEXT(2) 
PARAMETRIC_REPRESENTATION_CONTEXT() REPRESENTATION_CONTEXT('2D SPACE',''
  ) );
#14367 = PCURVE('',#12430,#14368);
#14368 = DEFINITIONAL_REPRESENTATION('',(#14369),#14373);
#14369 = LINE('',#14370,#14371);
#14370 = CARTESIAN_POINT('',(17.,0.));
#14371 = VECTOR('',#14372,1.);
#14372 = DIRECTION('',(0.,-1.));
#14373 = ( GEOMETRIC_REPRESENTATION_CONTEXT(2) 
PARAMETRIC_REPRESENTATION_CONTEXT() REPRESENTATION_CONTEXT('2D SPACE',''
  ) );
#14374 = ORIENTED_EDGE('',*,*,#14375,.T.);
#14375 = EDGE_CURVE('',#14353,#12289,#14376,.T.);
#14376 = SURFACE_CURVE('',#14377,(#14381,#14388),.PCURVE_S1.);
#14377 = LINE('',#14378,#14379);
#14378 = CARTESIAN_POINT('',(1.5,-7.5,-11.));
#14379 = VECTOR('',#14380,1.);
#14380 = DIRECTION('',(1.,0.,0.));
#14381 = PCURVE('',#12329,#14382);
#14382 = DEFINITIONAL_REPRESENTATION('',(#14383),#14387);
#14383 = LINE('',#14384,#14385);
#14384 = CARTESIAN_POINT('',(0.,0.));
#14385 = VECTOR('',#14386,1.);
#14386 = DIRECTION('',(1.,0.));
#14387 = ( GEOMETRIC_REPRESENTATION_CONTEXT(2) 
PARAMETRIC_REPRESENTATION_CONTEXT() REPRESENTATION_CONTEXT('2D SPACE',''
  ) );
#14388 = PCURVE('',#12303,#14389);
#14389 = DEFINITIONAL_REPRESENTATION('',(#14390),#14394);
#14390 = LINE('',#14391,#14392);
#14391 = CARTESIAN_POINT('',(17.,0.));
#14392 = VECTOR('',#14393,1.);
#14393 = DIRECTION('',(0.,1.));
#14394 = ( GEOMETRIC_REPRESENTATION_CONTEXT(2) 
PARAMETRIC_REPRESENTATION_CONTEXT() REPRESENTATION_CONTEXT('2D SPACE',''
  ) );
#14395 = ORIENTED_EDGE('',*,*,#12314,.F.);
#14396 = ADVANCED_FACE('',(#14397),#12303,.F.);
#14397 = FACE_BOUND('',#14398,.F.);
#14398 = EDGE_LOOP('',(#14399,#14400,#14421,#14422));
#14399 = ORIENTED_EDGE('',*,*,#12441,.F.);
#14400 = ORIENTED_EDGE('',*,*,#14401,.T.);
#14401 = EDGE_CURVE('',#12416,#14353,#14402,.T.);
#14402 = SURFACE_CURVE('',#14403,(#14407,#14414),.PCURVE_S1.);
#14403 = LINE('',#14404,#14405);
#14404 = CARTESIAN_POINT('',(1.5,-7.5,-28.));
#14405 = VECTOR('',#14406,1.);
#14406 = DIRECTION('',(0.,0.,1.));
#14407 = PCURVE('',#12303,#14408);
#14408 = DEFINITIONAL_REPRESENTATION('',(#14409),#14413);
#14409 = LINE('',#14410,#14411);
#14410 = CARTESIAN_POINT('',(0.,0.));
#14411 = VECTOR('',#14412,1.);
#14412 = DIRECTION('',(1.,0.));
#14413 = ( GEOMETRIC_REPRESENTATION_CONTEXT(2) 
PARAMETRIC_REPRESENTATION_CONTEXT() REPRESENTATION_CONTEXT('2D SPACE',''
  ) );
#14414 = PCURVE('',#12430,#14415);
#14415 = DEFINITIONAL_REPRESENTATION('',(#14416),#14420);
#14416 = LINE('',#14417,#14418);
#14417 = CARTESIAN_POINT('',(0.,0.));
#14418 = VECTOR('',#14419,1.);
#14419 = DIRECTION('',(1.,0.));
#14420 = ( GEOMETRIC_REPRESENTATION_CONTEXT(2) 
PARAMETRIC_REPRESENTATION_CONTEXT() REPRESENTATION_CONTEXT('2D SPACE',''
  ) );
#14421 = ORIENTED_EDGE('',*,*,#14375,.T.);
#14422 = ORIENTED_EDGE('',*,*,#12288,.F.);
#14423 = ADVANCED_FACE('',(#14424),#12430,.F.);
#14424 = FACE_BOUND('',#14425,.F.);
#14425 = EDGE_LOOP('',(#14426,#14427,#14428,#14429));
#14426 = ORIENTED_EDGE('',*,*,#14303,.T.);
#14427 = ORIENTED_EDGE('',*,*,#14352,.F.);
#14428 = ORIENTED_EDGE('',*,*,#14401,.F.);
#14429 = ORIENTED_EDGE('',*,*,#12415,.F.);
#14430 = ADVANCED_FACE('',(#14431),#12525,.T.);
#14431 = FACE_BOUND('',#14432,.T.);
#14432 = EDGE_LOOP('',(#14433,#14456,#14483,#14504));
#14433 = ORIENTED_EDGE('',*,*,#14434,.F.);
#14434 = EDGE_CURVE('',#14435,#12511,#14437,.T.);
#14435 = VERTEX_POINT('',#14436);
#14436 = CARTESIAN_POINT('',(4.5,7.5,-28.));
#14437 = SURFACE_CURVE('',#14438,(#14442,#14449),.PCURVE_S1.);
#14438 = LINE('',#14439,#14440);
#14439 = CARTESIAN_POINT('',(4.5,7.5,-28.));
#14440 = VECTOR('',#14441,1.);
#14441 = DIRECTION('',(0.,0.,1.));
#14442 = PCURVE('',#12525,#14443);
#14443 = DEFINITIONAL_REPRESENTATION('',(#14444),#14448);
#14444 = LINE('',#14445,#14446);
#14445 = CARTESIAN_POINT('',(0.,3.));
#14446 = VECTOR('',#14447,1.);
#14447 = DIRECTION('',(1.,0.));
#14448 = ( GEOMETRIC_REPRESENTATION_CONTEXT(2) 
PARAMETRIC_REPRESENTATION_CONTEXT() REPRESENTATION_CONTEXT('2D SPACE',''
  ) );
#14449 = PCURVE('',#12601,#14450);
#14450 = DEFINITIONAL_REPRESENTATION('',(#14451),#14455);
#14451 = LINE('',#14452,#14453);
#14452 = CARTESIAN_POINT('',(0.,-15.));
#14453 = VECTOR('',#14454,1.);
#14454 = DIRECTION('',(1.,0.));
#14455 = ( GEOMETRIC_REPRESENTATION_CONTEXT(2) 
PARAMETRIC_REPRESENTATION_CONTEXT() REPRESENTATION_CONTEXT('2D SPACE',''
  ) );
#14456 = ORIENTED_EDGE('',*,*,#14457,.F.);
#14457 = EDGE_CURVE('',#14458,#14435,#14460,.T.);
#14458 = VERTEX_POINT('',#14459);
#14459 = CARTESIAN_POINT('',(1.5,7.5,-28.));
#14460 = SURFACE_CURVE('',#14461,(#14465,#14472),.PCURVE_S1.);
#14461 = LINE('',#14462,#14463);
#14462 = CARTESIAN_POINT('',(1.5,7.5,-28.));
#14463 = VECTOR('',#14464,1.);
#14464 = DIRECTION('',(1.,0.,0.));
#14465 = PCURVE('',#12525,#14466);
#14466 = DEFINITIONAL_REPRESENTATION('',(#14467),#14471);
#14467 = LINE('',#14468,#14469);
#14468 = CARTESIAN_POINT('',(0.,0.));
#14469 = VECTOR('',#14470,1.);
#14470 = DIRECTION('',(0.,1.));
#14471 = ( GEOMETRIC_REPRESENTATION_CONTEXT(2) 
PARAMETRIC_REPRESENTATION_CONTEXT() REPRESENTATION_CONTEXT('2D SPACE',''
  ) );
#14472 = PCURVE('',#14473,#14478);
#14473 = CYLINDRICAL_SURFACE('',#14474,7.5);
#14474 = AXIS2_PLACEMENT_3D('',#14475,#14476,#14477);
#14475 = CARTESIAN_POINT('',(1.5,0.,-28.));
#14476 = DIRECTION('',(1.,0.,2.22044604925E-16));
#14477 = DIRECTION('',(2.22044604925E-16,0.,-1.));
#14478 = DEFINITIONAL_REPRESENTATION('',(#14479),#14482);
#14479 = B_SPLINE_CURVE_WITH_KNOTS('',1,(#14480,#14481),.UNSPECIFIED.,
  .F.,.F.,(2,2),(0.,3.),.PIECEWISE_BEZIER_KNOTS.);
#14480 = CARTESIAN_POINT('',(7.853981633974,0.));
#14481 = CARTESIAN_POINT('',(7.853981633974,3.));
#14482 = ( GEOMETRIC_REPRESENTATION_CONTEXT(2) 
PARAMETRIC_REPRESENTATION_CONTEXT() REPRESENTATION_CONTEXT('2D SPACE',''
  ) );
#14483 = ORIENTED_EDGE('',*,*,#14484,.T.);
#14484 = EDGE_CURVE('',#14458,#12509,#14485,.T.);
#14485 = SURFACE_CURVE('',#14486,(#14490,#14497),.PCURVE_S1.);
#14486 = LINE('',#14487,#14488);
#14487 = CARTESIAN_POINT('',(1.5,7.5,-28.));
#14488 = VECTOR('',#14489,1.);
#14489 = DIRECTION('',(0.,0.,1.));
#14490 = PCURVE('',#12525,#14491);
#14491 = DEFINITIONAL_REPRESENTATION('',(#14492),#14496);
#14492 = LINE('',#14493,#14494);
#14493 = CARTESIAN_POINT('',(0.,0.));
#14494 = VECTOR('',#14495,1.);
#14495 = DIRECTION('',(1.,0.));
#14496 = ( GEOMETRIC_REPRESENTATION_CONTEXT(2) 
PARAMETRIC_REPRESENTATION_CONTEXT() REPRESENTATION_CONTEXT('2D SPACE',''
  ) );
#14497 = PCURVE('',#12551,#14498);
#14498 = DEFINITIONAL_REPRESENTATION('',(#14499),#14503);
#14499 = LINE('',#14500,#14501);
#14500 = CARTESIAN_POINT('',(0.,-15.));
#14501 = VECTOR('',#14502,1.);
#14502 = DIRECTION('',(1.,0.));
#14503 = ( GEOMETRIC_REPRESENTATION_CONTEXT(2) 
PARAMETRIC_REPRESENTATION_CONTEXT() REPRESENTATION_CONTEXT('2D SPACE',''
  ) );
#14504 = ORIENTED_EDGE('',*,*,#12508,.T.);
#14505 = ADVANCED_FACE('',(#14506,#14555),#12601,.T.);
#14506 = FACE_BOUND('',#14507,.T.);
#14507 = EDGE_LOOP('',(#14508,#14509,#14510,#14533));
#14508 = ORIENTED_EDGE('',*,*,#14434,.T.);
#14509 = ORIENTED_EDGE('',*,*,#12588,.T.);
#14510 = ORIENTED_EDGE('',*,*,#14511,.F.);
#14511 = EDGE_CURVE('',#14512,#12563,#14514,.T.);
#14512 = VERTEX_POINT('',#14513);
#14513 = CARTESIAN_POINT('',(4.5,-7.5,-28.));
#14514 = SURFACE_CURVE('',#14515,(#14519,#14526),.PCURVE_S1.);
#14515 = LINE('',#14516,#14517);
#14516 = CARTESIAN_POINT('',(4.5,-7.5,-28.));
#14517 = VECTOR('',#14518,1.);
#14518 = DIRECTION('',(0.,0.,1.));
#14519 = PCURVE('',#12601,#14520);
#14520 = DEFINITIONAL_REPRESENTATION('',(#14521),#14525);
#14521 = LINE('',#14522,#14523);
#14522 = CARTESIAN_POINT('',(0.,0.));
#14523 = VECTOR('',#14524,1.);
#14524 = DIRECTION('',(1.,0.));
#14525 = ( GEOMETRIC_REPRESENTATION_CONTEXT(2) 
PARAMETRIC_REPRESENTATION_CONTEXT() REPRESENTATION_CONTEXT('2D SPACE',''
  ) );
#14526 = PCURVE('',#12577,#14527);
#14527 = DEFINITIONAL_REPRESENTATION('',(#14528),#14532);
#14528 = LINE('',#14529,#14530);
#14529 = CARTESIAN_POINT('',(0.,3.));
#14530 = VECTOR('',#14531,1.);
#14531 = DIRECTION('',(1.,0.));
#14532 = ( GEOMETRIC_REPRESENTATION_CONTEXT(2) 
PARAMETRIC_REPRESENTATION_CONTEXT() REPRESENTATION_CONTEXT('2D SPACE',''
  ) );
#14533 = ORIENTED_EDGE('',*,*,#14534,.T.);
#14534 = EDGE_CURVE('',#14512,#14435,#14535,.T.);
#14535 = SURFACE_CURVE('',#14536,(#14541,#14548),.PCURVE_S1.);
#14536 = CIRCLE('',#14537,7.5);
#14537 = AXIS2_PLACEMENT_3D('',#14538,#14539,#14540);
#14538 = CARTESIAN_POINT('',(4.5,0.,-28.));
#14539 = DIRECTION('',(1.,0.,2.368475785867E-16));
#14540 = DIRECTION('',(0.,-1.,0.));
#14541 = PCURVE('',#12601,#14542);
#14542 = DEFINITIONAL_REPRESENTATION('',(#14543),#14547);
#14543 = CIRCLE('',#14544,7.5);
#14544 = AXIS2_PLACEMENT_2D('',#14545,#14546);
#14545 = CARTESIAN_POINT('',(0.,-7.5));
#14546 = DIRECTION('',(0.,1.));
#14547 = ( GEOMETRIC_REPRESENTATION_CONTEXT(2) 
PARAMETRIC_REPRESENTATION_CONTEXT() REPRESENTATION_CONTEXT('2D SPACE',''
  ) );
#14548 = PCURVE('',#14473,#14549);
#14549 = DEFINITIONAL_REPRESENTATION('',(#14550),#14554);
#14550 = LINE('',#14551,#14552);
#14551 = CARTESIAN_POINT('',(4.712388980385,3.));
#14552 = VECTOR('',#14553,1.);
#14553 = DIRECTION('',(1.,0.));
#14554 = ( GEOMETRIC_REPRESENTATION_CONTEXT(2) 
PARAMETRIC_REPRESENTATION_CONTEXT() REPRESENTATION_CONTEXT('2D SPACE',''
  ) );
#14555 = FACE_BOUND('',#14556,.T.);
#14556 = EDGE_LOOP('',(#14557));
#14557 = ORIENTED_EDGE('',*,*,#14558,.F.);
#14558 = EDGE_CURVE('',#14559,#14559,#14561,.T.);
#14559 = VERTEX_POINT('',#14560);
#14560 = CARTESIAN_POINT('',(4.5,-6.123233995737E-16,-30.5));
#14561 = SURFACE_CURVE('',#14562,(#14567,#14574),.PCURVE_S1.);
#14562 = CIRCLE('',#14563,2.5);
#14563 = AXIS2_PLACEMENT_3D('',#14564,#14565,#14566);
#14564 = CARTESIAN_POINT('',(4.5,0.,-28.));
#14565 = DIRECTION('',(1.,0.,2.22044604925E-16));
#14566 = DIRECTION('',(2.22044604925E-16,0.,-1.));
#14567 = PCURVE('',#12601,#14568);
#14568 = DEFINITIONAL_REPRESENTATION('',(#14569),#14573);
#14569 = CIRCLE('',#14570,2.5);
#14570 = AXIS2_PLACEMENT_2D('',#14571,#14572);
#14571 = CARTESIAN_POINT('',(0.,-7.5));
#14572 = DIRECTION('',(-1.,0.));
#14573 = ( GEOMETRIC_REPRESENTATION_CONTEXT(2) 
PARAMETRIC_REPRESENTATION_CONTEXT() REPRESENTATION_CONTEXT('2D SPACE',''
  ) );
#14574 = PCURVE('',#14575,#14580);
#14575 = CYLINDRICAL_SURFACE('',#14576,2.5);
#14576 = AXIS2_PLACEMENT_3D('',#14577,#14578,#14579);
#14577 = CARTESIAN_POINT('',(0.5,0.,-28.));
#14578 = DIRECTION('',(1.,0.,2.22044604925E-16));
#14579 = DIRECTION('',(2.22044604925E-16,0.,-1.));
#14580 = DEFINITIONAL_REPRESENTATION('',(#14581),#14585);
#14581 = LINE('',#14582,#14583);
#14582 = CARTESIAN_POINT('',(0.,4.));
#14583 = VECTOR('',#14584,1.);
#14584 = DIRECTION('',(1.,0.));
#14585 = ( GEOMETRIC_REPRESENTATION_CONTEXT(2) 
PARAMETRIC_REPRESENTATION_CONTEXT() REPRESENTATION_CONTEXT('2D SPACE',''
  ) );
#14586 = ADVANCED_FACE('',(#14587),#12577,.F.);
#14587 = FACE_BOUND('',#14588,.F.);
#14588 = EDGE_LOOP('',(#14589,#14590,#14612,#14633));
#14589 = ORIENTED_EDGE('',*,*,#14511,.F.);
#14590 = ORIENTED_EDGE('',*,*,#14591,.F.);
#14591 = EDGE_CURVE('',#14592,#14512,#14594,.T.);
#14592 = VERTEX_POINT('',#14593);
#14593 = CARTESIAN_POINT('',(1.5,-7.5,-28.));
#14594 = SURFACE_CURVE('',#14595,(#14599,#14606),.PCURVE_S1.);
#14595 = LINE('',#14596,#14597);
#14596 = CARTESIAN_POINT('',(1.5,-7.5,-28.));
#14597 = VECTOR('',#14598,1.);
#14598 = DIRECTION('',(1.,0.,0.));
#14599 = PCURVE('',#12577,#14600);
#14600 = DEFINITIONAL_REPRESENTATION('',(#14601),#14605);
#14601 = LINE('',#14602,#14603);
#14602 = CARTESIAN_POINT('',(0.,0.));
#14603 = VECTOR('',#14604,1.);
#14604 = DIRECTION('',(0.,1.));
#14605 = ( GEOMETRIC_REPRESENTATION_CONTEXT(2) 
PARAMETRIC_REPRESENTATION_CONTEXT() REPRESENTATION_CONTEXT('2D SPACE',''
  ) );
#14606 = PCURVE('',#14473,#14607);
#14607 = DEFINITIONAL_REPRESENTATION('',(#14608),#14611);
#14608 = B_SPLINE_CURVE_WITH_KNOTS('',1,(#14609,#14610),.UNSPECIFIED.,
  .F.,.F.,(2,2),(0.,3.),.PIECEWISE_BEZIER_KNOTS.);
#14609 = CARTESIAN_POINT('',(4.712388980385,0.));
#14610 = CARTESIAN_POINT('',(4.712388980385,3.));
#14611 = ( GEOMETRIC_REPRESENTATION_CONTEXT(2) 
PARAMETRIC_REPRESENTATION_CONTEXT() REPRESENTATION_CONTEXT('2D SPACE',''
  ) );
#14612 = ORIENTED_EDGE('',*,*,#14613,.T.);
#14613 = EDGE_CURVE('',#14592,#12537,#14614,.T.);
#14614 = SURFACE_CURVE('',#14615,(#14619,#14626),.PCURVE_S1.);
#14615 = LINE('',#14616,#14617);
#14616 = CARTESIAN_POINT('',(1.5,-7.5,-28.));
#14617 = VECTOR('',#14618,1.);
#14618 = DIRECTION('',(0.,0.,1.));
#14619 = PCURVE('',#12577,#14620);
#14620 = DEFINITIONAL_REPRESENTATION('',(#14621),#14625);
#14621 = LINE('',#14622,#14623);
#14622 = CARTESIAN_POINT('',(0.,0.));
#14623 = VECTOR('',#14624,1.);
#14624 = DIRECTION('',(1.,0.));
#14625 = ( GEOMETRIC_REPRESENTATION_CONTEXT(2) 
PARAMETRIC_REPRESENTATION_CONTEXT() REPRESENTATION_CONTEXT('2D SPACE',''
  ) );
#14626 = PCURVE('',#12551,#14627);
#14627 = DEFINITIONAL_REPRESENTATION('',(#14628),#14632);
#14628 = LINE('',#14629,#14630);
#14629 = CARTESIAN_POINT('',(0.,0.));
#14630 = VECTOR('',#14631,1.);
#14631 = DIRECTION('',(1.,0.));
#14632 = ( GEOMETRIC_REPRESENTATION_CONTEXT(2) 
PARAMETRIC_REPRESENTATION_CONTEXT() REPRESENTATION_CONTEXT('2D SPACE',''
  ) );
#14633 = ORIENTED_EDGE('',*,*,#12562,.T.);
#14634 = ADVANCED_FACE('',(#14635,#14666),#12551,.F.);
#14635 = FACE_BOUND('',#14636,.F.);
#14636 = EDGE_LOOP('',(#14637,#14638,#14639,#14640));
#14637 = ORIENTED_EDGE('',*,*,#14484,.T.);
#14638 = ORIENTED_EDGE('',*,*,#12536,.T.);
#14639 = ORIENTED_EDGE('',*,*,#14613,.F.);
#14640 = ORIENTED_EDGE('',*,*,#14641,.F.);
#14641 = EDGE_CURVE('',#14458,#14592,#14642,.T.);
#14642 = SURFACE_CURVE('',#14643,(#14648,#14659),.PCURVE_S1.);
#14643 = CIRCLE('',#14644,7.5);
#14644 = AXIS2_PLACEMENT_3D('',#14645,#14646,#14647);
#14645 = CARTESIAN_POINT('',(1.5,0.,-28.));
#14646 = DIRECTION('',(-1.,0.,-2.368475785867E-16));
#14647 = DIRECTION('',(0.,1.,0.));
#14648 = PCURVE('',#12551,#14649);
#14649 = DEFINITIONAL_REPRESENTATION('',(#14650),#14658);
#14650 = ( BOUNDED_CURVE() B_SPLINE_CURVE(2,(#14651,#14652,#14653,#14654
    ,#14655,#14656,#14657),.UNSPECIFIED.,.T.,.F.) 
B_SPLINE_CURVE_WITH_KNOTS((1,2,2,2,2,1),(-2.094395102393,0.,
    2.094395102393,4.188790204786,6.28318530718,8.377580409573),
.UNSPECIFIED.) CURVE() GEOMETRIC_REPRESENTATION_ITEM() 
RATIONAL_B_SPLINE_CURVE((1.,0.5,1.,0.5,1.,0.5,1.)) REPRESENTATION_ITEM(
  '') );
#14651 = CARTESIAN_POINT('',(0.,-15.));
#14652 = CARTESIAN_POINT('',(-12.99038105676,-15.));
#14653 = CARTESIAN_POINT('',(-6.495190528383,-3.75));
#14654 = CARTESIAN_POINT('',(-1.836970198721E-15,7.5));
#14655 = CARTESIAN_POINT('',(6.495190528383,-3.75));
#14656 = CARTESIAN_POINT('',(12.990381056767,-15.));
#14657 = CARTESIAN_POINT('',(0.,-15.));
#14658 = ( GEOMETRIC_REPRESENTATION_CONTEXT(2) 
PARAMETRIC_REPRESENTATION_CONTEXT() REPRESENTATION_CONTEXT('2D SPACE',''
  ) );
#14659 = PCURVE('',#14473,#14660);
#14660 = DEFINITIONAL_REPRESENTATION('',(#14661),#14665);
#14661 = LINE('',#14662,#14663);
#14662 = CARTESIAN_POINT('',(7.853981633974,0.));
#14663 = VECTOR('',#14664,1.);
#14664 = DIRECTION('',(-1.,-0.));
#14665 = ( GEOMETRIC_REPRESENTATION_CONTEXT(2) 
PARAMETRIC_REPRESENTATION_CONTEXT() REPRESENTATION_CONTEXT('2D SPACE',''
  ) );
#14666 = FACE_BOUND('',#14667,.F.);
#14667 = EDGE_LOOP('',(#14668));
#14668 = ORIENTED_EDGE('',*,*,#14669,.F.);
#14669 = EDGE_CURVE('',#14670,#14670,#14672,.T.);
#14670 = VERTEX_POINT('',#14671);
#14671 = CARTESIAN_POINT('',(1.5,-6.123233995737E-16,-30.5));
#14672 = SURFACE_CURVE('',#14673,(#14678,#14685),.PCURVE_S1.);
#14673 = CIRCLE('',#14674,2.5);
#14674 = AXIS2_PLACEMENT_3D('',#14675,#14676,#14677);
#14675 = CARTESIAN_POINT('',(1.5,0.,-28.));
#14676 = DIRECTION('',(1.,0.,2.22044604925E-16));
#14677 = DIRECTION('',(2.22044604925E-16,0.,-1.));
#14678 = PCURVE('',#12551,#14679);
#14679 = DEFINITIONAL_REPRESENTATION('',(#14680),#14684);
#14680 = CIRCLE('',#14681,2.5);
#14681 = AXIS2_PLACEMENT_2D('',#14682,#14683);
#14682 = CARTESIAN_POINT('',(0.,-7.5));
#14683 = DIRECTION('',(-1.,0.));
#14684 = ( GEOMETRIC_REPRESENTATION_CONTEXT(2) 
PARAMETRIC_REPRESENTATION_CONTEXT() REPRESENTATION_CONTEXT('2D SPACE',''
  ) );
#14685 = PCURVE('',#14575,#14686);
#14686 = DEFINITIONAL_REPRESENTATION('',(#14687),#14691);
#14687 = LINE('',#14688,#14689);
#14688 = CARTESIAN_POINT('',(0.,1.));
#14689 = VECTOR('',#14690,1.);
#14690 = DIRECTION('',(1.,0.));
#14691 = ( GEOMETRIC_REPRESENTATION_CONTEXT(2) 
PARAMETRIC_REPRESENTATION_CONTEXT() REPRESENTATION_CONTEXT('2D SPACE',''
  ) );
#14692 = ADVANCED_FACE('',(#14693),#13878,.T.);
#14693 = FACE_BOUND('',#14694,.T.);
#14694 = EDGE_LOOP('',(#14695,#14696,#14697,#14698));
#14695 = ORIENTED_EDGE('',*,*,#13939,.F.);
#14696 = ORIENTED_EDGE('',*,*,#13996,.F.);
#14697 = ORIENTED_EDGE('',*,*,#14046,.F.);
#14698 = ORIENTED_EDGE('',*,*,#13862,.T.);
#14699 = ADVANCED_FACE('',(#14700),#13980,.F.);
#14700 = FACE_BOUND('',#14701,.F.);
#14701 = EDGE_LOOP('',(#14702,#14703,#14724,#14725));
#14702 = ORIENTED_EDGE('',*,*,#13963,.F.);
#14703 = ORIENTED_EDGE('',*,*,#14704,.F.);
#14704 = EDGE_CURVE('',#14075,#13964,#14705,.T.);
#14705 = SEAM_CURVE('',#14706,(#14710,#14717),.PCURVE_S1.);
#14706 = LINE('',#14707,#14708);
#14707 = CARTESIAN_POINT('',(-5.5,-6.123233995737E-16,-30.5));
#14708 = VECTOR('',#14709,1.);
#14709 = DIRECTION('',(1.,0.,2.22044604925E-16));
#14710 = PCURVE('',#13980,#14711);
#14711 = DEFINITIONAL_REPRESENTATION('',(#14712),#14716);
#14712 = LINE('',#14713,#14714);
#14713 = CARTESIAN_POINT('',(6.28318530718,-0.));
#14714 = VECTOR('',#14715,1.);
#14715 = DIRECTION('',(0.,1.));
#14716 = ( GEOMETRIC_REPRESENTATION_CONTEXT(2) 
PARAMETRIC_REPRESENTATION_CONTEXT() REPRESENTATION_CONTEXT('2D SPACE',''
  ) );
#14717 = PCURVE('',#13980,#14718);
#14718 = DEFINITIONAL_REPRESENTATION('',(#14719),#14723);
#14719 = LINE('',#14720,#14721);
#14720 = CARTESIAN_POINT('',(0.,-0.));
#14721 = VECTOR('',#14722,1.);
#14722 = DIRECTION('',(0.,1.));
#14723 = ( GEOMETRIC_REPRESENTATION_CONTEXT(2) 
PARAMETRIC_REPRESENTATION_CONTEXT() REPRESENTATION_CONTEXT('2D SPACE',''
  ) );
#14724 = ORIENTED_EDGE('',*,*,#14074,.T.);
#14725 = ORIENTED_EDGE('',*,*,#14704,.T.);
#14726 = ADVANCED_FACE('',(#14727),#14162,.T.);
#14727 = FACE_BOUND('',#14728,.T.);
#14728 = EDGE_LOOP('',(#14729,#14730,#14731,#14732));
#14729 = ORIENTED_EDGE('',*,*,#14276,.F.);
#14730 = ORIENTED_EDGE('',*,*,#14251,.T.);
#14731 = ORIENTED_EDGE('',*,*,#14178,.T.);
#14732 = ORIENTED_EDGE('',*,*,#14148,.F.);
#14733 = ADVANCED_FACE('',(#14734),#14473,.T.);
#14734 = FACE_BOUND('',#14735,.T.);
#14735 = EDGE_LOOP('',(#14736,#14737,#14738,#14739));
#14736 = ORIENTED_EDGE('',*,*,#14534,.F.);
#14737 = ORIENTED_EDGE('',*,*,#14591,.F.);
#14738 = ORIENTED_EDGE('',*,*,#14641,.F.);
#14739 = ORIENTED_EDGE('',*,*,#14457,.T.);
#14740 = ADVANCED_FACE('',(#14741),#14575,.F.);
#14741 = FACE_BOUND('',#14742,.F.);
#14742 = EDGE_LOOP('',(#14743,#14744,#14765,#14766));
#14743 = ORIENTED_EDGE('',*,*,#14558,.F.);
#14744 = ORIENTED_EDGE('',*,*,#14745,.F.);
#14745 = EDGE_CURVE('',#14670,#14559,#14746,.T.);
#14746 = SEAM_CURVE('',#14747,(#14751,#14758),.PCURVE_S1.);
#14747 = LINE('',#14748,#14749);
#14748 = CARTESIAN_POINT('',(0.5,-6.123233995737E-16,-30.5));
#14749 = VECTOR('',#14750,1.);
#14750 = DIRECTION('',(1.,0.,2.22044604925E-16));
#14751 = PCURVE('',#14575,#14752);
#14752 = DEFINITIONAL_REPRESENTATION('',(#14753),#14757);
#14753 = LINE('',#14754,#14755);
#14754 = CARTESIAN_POINT('',(6.28318530718,-0.));
#14755 = VECTOR('',#14756,1.);
#14756 = DIRECTION('',(0.,1.));
#14757 = ( GEOMETRIC_REPRESENTATION_CONTEXT(2) 
PARAMETRIC_REPRESENTATION_CONTEXT() REPRESENTATION_CONTEXT('2D SPACE',''
  ) );
#14758 = PCURVE('',#14575,#14759);
#14759 = DEFINITIONAL_REPRESENTATION('',(#14760),#14764);
#14760 = LINE('',#14761,#14762);
#14761 = CARTESIAN_POINT('',(0.,-0.));
#14762 = VECTOR('',#14763,1.);
#14763 = DIRECTION('',(0.,1.));
#14764 = ( GEOMETRIC_REPRESENTATION_CONTEXT(2) 
PARAMETRIC_REPRESENTATION_CONTEXT() REPRESENTATION_CONTEXT('2D SPACE',''
  ) );
#14765 = ORIENTED_EDGE('',*,*,#14669,.T.);
#14766 = ORIENTED_EDGE('',*,*,#14745,.T.);
#14767 = ( GEOMETRIC_REPRESENTATION_CONTEXT(3) 
GLOBAL_UNCERTAINTY_ASSIGNED_CONTEXT((#14771)) 
GLOBAL_UNIT_ASSIGNED_CONTEXT((#14768,#14769,#14770)) 
REPRESENTATION_CONTEXT('Context #1',
  '3D Context with UNIT and UNCERTAINTY') );
#14768 = ( LENGTH_UNIT() NAMED_UNIT(*) SI_UNIT(.MILLI.,.METRE.) );
#14769 = ( NAMED_UNIT(*) PLANE_ANGLE_UNIT() SI_UNIT($,.RADIAN.) );
#14770 = ( NAMED_UNIT(*) SI_UNIT($,.STERADIAN.) SOLID_ANGLE_UNIT() );
#14771 = UNCERTAINTY_MEASURE_WITH_UNIT(LENGTH_MEASURE(2.E-07),#14768,
  'distance_accuracy_value','confusion accuracy');
#14772 = PRODUCT_RELATED_PRODUCT_CATEGORY('part',$,(#7));
ENDSEC;
END-ISO-10303-21;
