ISO-10303-21;
HEADER;
FILE_DESCRIPTION(('Open CASCADE Model'),'2;1');
FILE_NAME('inreach_mini_mount','2026-06-04T09:58:26',('Author'),(
    'Open CASCADE'),'Open CASCADE STEP processor 7.8','cadpy','Unknown'
  );
FILE_SCHEMA(('AUTOMOTIVE_DESIGN { 1 0 10303 214 1 1 1 1 }'));
ENDSEC;
DATA;
#1 = APPLICATION_PROTOCOL_DEFINITION('international standard',
  'automotive_design',2000,#2);
#2 = APPLICATION_CONTEXT(
  'core data for automotive mechanical design processes');
#3 = SHAPE_DEFINITION_REPRESENTATION(#4,#10);
#4 = PRODUCT_DEFINITION_SHAPE('','',#5);
#5 = PRODUCT_DEFINITION('design','',#6,#9);
#6 = PRODUCT_DEFINITION_FORMATION('','',#7);
#7 = PRODUCT('inreach_mini_mount','inreach_mini_mount','',(#8));
#8 = PRODUCT_CONTEXT('',#2,'mechanical');
#9 = PRODUCT_DEFINITION_CONTEXT('part definition',#2,'design');
#10 = ADVANCED_BREP_SHAPE_REPRESENTATION('',(#11,#15),#3332);
#11 = AXIS2_PLACEMENT_3D('',#12,#13,#14);
#12 = CARTESIAN_POINT('',(0.,0.,0.));
#13 = DIRECTION('',(0.,0.,1.));
#14 = DIRECTION('',(1.,0.,-0.));
#15 = MANIFOLD_SOLID_BREP('',#16);
#16 = CLOSED_SHELL('',(#17,#274,#354,#428,#480,#533,#585,#643,#713,#740,
    #881,#929,#1011,#1061,#1110,#1280,#1487,#1513,#1560,#1613,#1658,
    #1665,#2043,#2070,#2139,#2221,#2270,#2325,#2374,#2611,#2638,#2785,
    #2792,#2819,#2870,#2897,#2924,#2951,#2978,#3005,#3137,#3144,#3151,
    #3221,#3270,#3318,#3325));
#17 = ADVANCED_FACE('',(#18),#32,.F.);
#18 = FACE_BOUND('',#19,.F.);
#19 = EDGE_LOOP('',(#20,#55,#83,#111,#138,#180,#207,#249));
#20 = ORIENTED_EDGE('',*,*,#21,.F.);
#21 = EDGE_CURVE('',#22,#24,#26,.T.);
#22 = VERTEX_POINT('',#23);
#23 = CARTESIAN_POINT('',(-12.7,-12.7,0.));
#24 = VERTEX_POINT('',#25);
#25 = CARTESIAN_POINT('',(-12.7,-12.7,5.));
#26 = SURFACE_CURVE('',#27,(#31,#43),.PCURVE_S1.);
#27 = LINE('',#28,#29);
#28 = CARTESIAN_POINT('',(-12.7,-12.7,0.));
#29 = VECTOR('',#30,1.);
#30 = DIRECTION('',(0.,0.,1.));
#31 = PCURVE('',#32,#37);
#32 = PLANE('',#33);
#33 = AXIS2_PLACEMENT_3D('',#34,#35,#36);
#34 = CARTESIAN_POINT('',(-12.7,-12.7,0.));
#35 = DIRECTION('',(1.,0.,0.));
#36 = DIRECTION('',(0.,0.,1.));
#37 = DEFINITIONAL_REPRESENTATION('',(#38),#42);
#38 = LINE('',#39,#40);
#39 = CARTESIAN_POINT('',(0.,0.));
#40 = VECTOR('',#41,1.);
#41 = DIRECTION('',(1.,0.));
#42 = ( GEOMETRIC_REPRESENTATION_CONTEXT(2) 
PARAMETRIC_REPRESENTATION_CONTEXT() REPRESENTATION_CONTEXT('2D SPACE',''
  ) );
#43 = PCURVE('',#44,#49);
#44 = PLANE('',#45);
#45 = AXIS2_PLACEMENT_3D('',#46,#47,#48);
#46 = CARTESIAN_POINT('',(-12.7,-12.7,0.));
#47 = DIRECTION('',(0.,1.,0.));
#48 = DIRECTION('',(0.,0.,1.));
#49 = DEFINITIONAL_REPRESENTATION('',(#50),#54);
#50 = LINE('',#51,#52);
#51 = CARTESIAN_POINT('',(0.,0.));
#52 = VECTOR('',#53,1.);
#53 = DIRECTION('',(1.,0.));
#54 = ( GEOMETRIC_REPRESENTATION_CONTEXT(2) 
PARAMETRIC_REPRESENTATION_CONTEXT() REPRESENTATION_CONTEXT('2D SPACE',''
  ) );
#55 = ORIENTED_EDGE('',*,*,#56,.T.);
#56 = EDGE_CURVE('',#22,#57,#59,.T.);
#57 = VERTEX_POINT('',#58);
#58 = CARTESIAN_POINT('',(-12.7,12.7,0.));
#59 = SURFACE_CURVE('',#60,(#64,#71),.PCURVE_S1.);
#60 = LINE('',#61,#62);
#61 = CARTESIAN_POINT('',(-12.7,-12.7,0.));
#62 = VECTOR('',#63,1.);
#63 = DIRECTION('',(0.,1.,0.));
#64 = PCURVE('',#32,#65);
#65 = DEFINITIONAL_REPRESENTATION('',(#66),#70);
#66 = LINE('',#67,#68);
#67 = CARTESIAN_POINT('',(0.,0.));
#68 = VECTOR('',#69,1.);
#69 = DIRECTION('',(0.,-1.));
#70 = ( GEOMETRIC_REPRESENTATION_CONTEXT(2) 
PARAMETRIC_REPRESENTATION_CONTEXT() REPRESENTATION_CONTEXT('2D SPACE',''
  ) );
#71 = PCURVE('',#72,#77);
#72 = PLANE('',#73);
#73 = AXIS2_PLACEMENT_3D('',#74,#75,#76);
#74 = CARTESIAN_POINT('',(-12.7,-12.7,0.));
#75 = DIRECTION('',(0.,0.,1.));
#76 = DIRECTION('',(1.,0.,0.));
#77 = DEFINITIONAL_REPRESENTATION('',(#78),#82);
#78 = LINE('',#79,#80);
#79 = CARTESIAN_POINT('',(0.,0.));
#80 = VECTOR('',#81,1.);
#81 = DIRECTION('',(0.,1.));
#82 = ( GEOMETRIC_REPRESENTATION_CONTEXT(2) 
PARAMETRIC_REPRESENTATION_CONTEXT() REPRESENTATION_CONTEXT('2D SPACE',''
  ) );
#83 = ORIENTED_EDGE('',*,*,#84,.T.);
#84 = EDGE_CURVE('',#57,#85,#87,.T.);
#85 = VERTEX_POINT('',#86);
#86 = CARTESIAN_POINT('',(-12.7,12.7,5.));
#87 = SURFACE_CURVE('',#88,(#92,#99),.PCURVE_S1.);
#88 = LINE('',#89,#90);
#89 = CARTESIAN_POINT('',(-12.7,12.7,0.));
#90 = VECTOR('',#91,1.);
#91 = DIRECTION('',(0.,0.,1.));
#92 = PCURVE('',#32,#93);
#93 = DEFINITIONAL_REPRESENTATION('',(#94),#98);
#94 = LINE('',#95,#96);
#95 = CARTESIAN_POINT('',(0.,-25.4));
#96 = VECTOR('',#97,1.);
#97 = DIRECTION('',(1.,0.));
#98 = ( GEOMETRIC_REPRESENTATION_CONTEXT(2) 
PARAMETRIC_REPRESENTATION_CONTEXT() REPRESENTATION_CONTEXT('2D SPACE',''
  ) );
#99 = PCURVE('',#100,#105);
#100 = PLANE('',#101);
#101 = AXIS2_PLACEMENT_3D('',#102,#103,#104);
#102 = CARTESIAN_POINT('',(-12.7,12.7,0.));
#103 = DIRECTION('',(0.,1.,0.));
#104 = DIRECTION('',(0.,0.,1.));
#105 = DEFINITIONAL_REPRESENTATION('',(#106),#110);
#106 = LINE('',#107,#108);
#107 = CARTESIAN_POINT('',(0.,0.));
#108 = VECTOR('',#109,1.);
#109 = DIRECTION('',(1.,0.));
#110 = ( GEOMETRIC_REPRESENTATION_CONTEXT(2) 
PARAMETRIC_REPRESENTATION_CONTEXT() REPRESENTATION_CONTEXT('2D SPACE',''
  ) );
#111 = ORIENTED_EDGE('',*,*,#112,.F.);
#112 = EDGE_CURVE('',#113,#85,#115,.T.);
#113 = VERTEX_POINT('',#114);
#114 = CARTESIAN_POINT('',(-12.7,11.243733333333,5.));
#115 = SURFACE_CURVE('',#116,(#120,#127),.PCURVE_S1.);
#116 = LINE('',#117,#118);
#117 = CARTESIAN_POINT('',(-12.7,-12.7,5.));
#118 = VECTOR('',#119,1.);
#119 = DIRECTION('',(0.,1.,0.));
#120 = PCURVE('',#32,#121);
#121 = DEFINITIONAL_REPRESENTATION('',(#122),#126);
#122 = LINE('',#123,#124);
#123 = CARTESIAN_POINT('',(5.,0.));
#124 = VECTOR('',#125,1.);
#125 = DIRECTION('',(0.,-1.));
#126 = ( GEOMETRIC_REPRESENTATION_CONTEXT(2) 
PARAMETRIC_REPRESENTATION_CONTEXT() REPRESENTATION_CONTEXT('2D SPACE',''
  ) );
#127 = PCURVE('',#128,#133);
#128 = B_SPLINE_SURFACE_WITH_KNOTS('',1,1,(
    (#129,#130)
    ,(#131,#132
    )),.UNSPECIFIED.,.F.,.F.,.F.,(2,2),(2,2),(16.6,18.75),(0.,1.),
  .PIECEWISE_BEZIER_KNOTS.);
#129 = CARTESIAN_POINT('',(-12.7,12.7,5.));
#130 = CARTESIAN_POINT('',(-16.6,16.6,11.));
#131 = CARTESIAN_POINT('',(-12.7,11.243733333333,5.));
#132 = CARTESIAN_POINT('',(-18.75,16.6,11.));
#133 = DEFINITIONAL_REPRESENTATION('',(#134),#137);
#134 = B_SPLINE_CURVE_WITH_KNOTS('',1,(#135,#136),.UNSPECIFIED.,.F.,.F.,
  (2,2),(23.943733333333,25.4),.PIECEWISE_BEZIER_KNOTS.);
#135 = CARTESIAN_POINT('',(18.75,0.));
#136 = CARTESIAN_POINT('',(16.6,0.));
#137 = ( GEOMETRIC_REPRESENTATION_CONTEXT(2) 
PARAMETRIC_REPRESENTATION_CONTEXT() REPRESENTATION_CONTEXT('2D SPACE',''
  ) );
#138 = ORIENTED_EDGE('',*,*,#139,.F.);
#139 = EDGE_CURVE('',#140,#113,#142,.T.);
#140 = VERTEX_POINT('',#141);
#141 = CARTESIAN_POINT('',(-12.7,2.648547008547,5.));
#142 = SURFACE_CURVE('',#143,(#147,#154),.PCURVE_S1.);
#143 = LINE('',#144,#145);
#144 = CARTESIAN_POINT('',(-12.7,0.,5.));
#145 = VECTOR('',#146,1.);
#146 = DIRECTION('',(0.,1.,0.));
#147 = PCURVE('',#32,#148);
#148 = DEFINITIONAL_REPRESENTATION('',(#149),#153);
#149 = LINE('',#150,#151);
#150 = CARTESIAN_POINT('',(5.,-12.7));
#151 = VECTOR('',#152,1.);
#152 = DIRECTION('',(0.,-1.));
#153 = ( GEOMETRIC_REPRESENTATION_CONTEXT(2) 
PARAMETRIC_REPRESENTATION_CONTEXT() REPRESENTATION_CONTEXT('2D SPACE',''
  ) );
#154 = PCURVE('',#155,#174);
#155 = B_SPLINE_SURFACE_WITH_KNOTS('',8,1,(
    (#156,#157)
    ,(#158,#159)
    ,(#160,#161)
    ,(#162,#163)
    ,(#164,#165)
    ,(#166,#167)
    ,(#168,#169)
    ,(#170,#171)
    ,(#172,#173
    )),.UNSPECIFIED.,.F.,.F.,.F.,(9,9),(2,2),(-11.24373333333,
    -2.648547008547),(0.,1.),.PIECEWISE_BEZIER_KNOTS.);
#156 = CARTESIAN_POINT('',(-12.7,11.243733333333,5.));
#157 = CARTESIAN_POINT('',(-18.75,16.6,11.));
#158 = CARTESIAN_POINT('',(-12.7,10.169335042735,5.));
#159 = CARTESIAN_POINT('',(-20.81167017891,16.6,11.));
#160 = CARTESIAN_POINT('',(-12.7,9.094936752137,5.));
#161 = CARTESIAN_POINT('',(-22.87334100679,16.137361715908,11.));
#162 = CARTESIAN_POINT('',(-12.7,8.020538461538,5.));
#163 = CARTESIAN_POINT('',(-24.81388896051,15.212089691649,11.));
#164 = CARTESIAN_POINT('',(-12.7,6.94614017094,5.));
#165 = CARTESIAN_POINT('',(-26.51221693568,13.86221693569,11.));
#166 = CARTESIAN_POINT('',(-12.7,5.871741880342,5.));
#167 = CARTESIAN_POINT('',(-27.86208969165,12.163888960518,11.));
#168 = CARTESIAN_POINT('',(-12.7,4.797343589744,5.));
#169 = CARTESIAN_POINT('',(-28.7873617159,10.223341006795,11.));
#170 = CARTESIAN_POINT('',(-12.7,3.722945299145,5.));
#171 = CARTESIAN_POINT('',(-29.25,8.161670178918,11.));
#172 = CARTESIAN_POINT('',(-12.7,2.648547008547,5.));
#173 = CARTESIAN_POINT('',(-29.25,6.1,11.));
#174 = DEFINITIONAL_REPRESENTATION('',(#175),#179);
#175 = LINE('',#176,#177);
#176 = CARTESIAN_POINT('',(0.,0.));
#177 = VECTOR('',#178,1.);
#178 = DIRECTION('',(-1.,0.));
#179 = ( GEOMETRIC_REPRESENTATION_CONTEXT(2) 
PARAMETRIC_REPRESENTATION_CONTEXT() REPRESENTATION_CONTEXT('2D SPACE',''
  ) );
#180 = ORIENTED_EDGE('',*,*,#181,.F.);
#181 = EDGE_CURVE('',#182,#140,#184,.T.);
#182 = VERTEX_POINT('',#183);
#183 = CARTESIAN_POINT('',(-12.7,-2.648547008547,5.));
#184 = SURFACE_CURVE('',#185,(#189,#196),.PCURVE_S1.);
#185 = LINE('',#186,#187);
#186 = CARTESIAN_POINT('',(-12.7,0.,5.));
#187 = VECTOR('',#188,1.);
#188 = DIRECTION('',(0.,1.,0.));
#189 = PCURVE('',#32,#190);
#190 = DEFINITIONAL_REPRESENTATION('',(#191),#195);
#191 = LINE('',#192,#193);
#192 = CARTESIAN_POINT('',(5.,-12.7));
#193 = VECTOR('',#194,1.);
#194 = DIRECTION('',(0.,-1.));
#195 = ( GEOMETRIC_REPRESENTATION_CONTEXT(2) 
PARAMETRIC_REPRESENTATION_CONTEXT() REPRESENTATION_CONTEXT('2D SPACE',''
  ) );
#196 = PCURVE('',#197,#202);
#197 = B_SPLINE_SURFACE_WITH_KNOTS('',1,1,(
    (#198,#199)
    ,(#200,#201
    )),.UNSPECIFIED.,.F.,.F.,.F.,(2,2),(2,2),(-6.1,6.1),(0.,1.),
  .PIECEWISE_BEZIER_KNOTS.);
#198 = CARTESIAN_POINT('',(-12.7,2.648547008547,5.));
#199 = CARTESIAN_POINT('',(-29.25,6.1,11.));
#200 = CARTESIAN_POINT('',(-12.7,-2.648547008547,5.));
#201 = CARTESIAN_POINT('',(-29.25,-6.1,11.));
#202 = DEFINITIONAL_REPRESENTATION('',(#203),#206);
#203 = B_SPLINE_CURVE_WITH_KNOTS('',1,(#204,#205),.UNSPECIFIED.,.F.,.F.,
  (2,2),(-2.648547008547,2.648547008547),.PIECEWISE_BEZIER_KNOTS.);
#204 = CARTESIAN_POINT('',(6.1,0.));
#205 = CARTESIAN_POINT('',(-6.1,0.));
#206 = ( GEOMETRIC_REPRESENTATION_CONTEXT(2) 
PARAMETRIC_REPRESENTATION_CONTEXT() REPRESENTATION_CONTEXT('2D SPACE',''
  ) );
#207 = ORIENTED_EDGE('',*,*,#208,.F.);
#208 = EDGE_CURVE('',#209,#182,#211,.T.);
#209 = VERTEX_POINT('',#210);
#210 = CARTESIAN_POINT('',(-12.7,-11.24373333333,5.));
#211 = SURFACE_CURVE('',#212,(#216,#223),.PCURVE_S1.);
#212 = LINE('',#213,#214);
#213 = CARTESIAN_POINT('',(-12.7,0.,5.));
#214 = VECTOR('',#215,1.);
#215 = DIRECTION('',(0.,1.,0.));
#216 = PCURVE('',#32,#217);
#217 = DEFINITIONAL_REPRESENTATION('',(#218),#222);
#218 = LINE('',#219,#220);
#219 = CARTESIAN_POINT('',(5.,-12.7));
#220 = VECTOR('',#221,1.);
#221 = DIRECTION('',(0.,-1.));
#222 = ( GEOMETRIC_REPRESENTATION_CONTEXT(2) 
PARAMETRIC_REPRESENTATION_CONTEXT() REPRESENTATION_CONTEXT('2D SPACE',''
  ) );
#223 = PCURVE('',#224,#243);
#224 = B_SPLINE_SURFACE_WITH_KNOTS('',8,1,(
    (#225,#226)
    ,(#227,#228)
    ,(#229,#230)
    ,(#231,#232)
    ,(#233,#234)
    ,(#235,#236)
    ,(#237,#238)
    ,(#239,#240)
    ,(#241,#242
    )),.UNSPECIFIED.,.F.,.F.,.F.,(9,9),(2,2),(2.648547008547,
    11.243733333333),(0.,1.),.PIECEWISE_BEZIER_KNOTS.);
#225 = CARTESIAN_POINT('',(-12.7,-2.648547008547,5.));
#226 = CARTESIAN_POINT('',(-29.25,-6.1,11.));
#227 = CARTESIAN_POINT('',(-12.7,-3.722945299145,5.));
#228 = CARTESIAN_POINT('',(-29.24999999999,-8.161670178918,11.));
#229 = CARTESIAN_POINT('',(-12.7,-4.797343589744,5.));
#230 = CARTESIAN_POINT('',(-28.7873617159,-10.22334100679,
    11.000000000001));
#231 = CARTESIAN_POINT('',(-12.7,-5.871741880342,5.));
#232 = CARTESIAN_POINT('',(-27.86208969164,-12.16388896051,
    10.999999999999));
#233 = CARTESIAN_POINT('',(-12.7,-6.94614017094,5.));
#234 = CARTESIAN_POINT('',(-26.51221693569,-13.86221693569,
    11.000000000001));
#235 = CARTESIAN_POINT('',(-12.7,-8.020538461538,5.));
#236 = CARTESIAN_POINT('',(-24.81388896051,-15.21208969164,
    10.999999999999));
#237 = CARTESIAN_POINT('',(-12.7,-9.094936752137,5.));
#238 = CARTESIAN_POINT('',(-22.87334100679,-16.1373617159,11.));
#239 = CARTESIAN_POINT('',(-12.7,-10.16933504273,5.));
#240 = CARTESIAN_POINT('',(-20.81167017891,-16.6,11.));
#241 = CARTESIAN_POINT('',(-12.7,-11.24373333333,5.));
#242 = CARTESIAN_POINT('',(-18.75,-16.6,11.));
#243 = DEFINITIONAL_REPRESENTATION('',(#244),#248);
#244 = LINE('',#245,#246);
#245 = CARTESIAN_POINT('',(0.,0.));
#246 = VECTOR('',#247,1.);
#247 = DIRECTION('',(-1.,0.));
#248 = ( GEOMETRIC_REPRESENTATION_CONTEXT(2) 
PARAMETRIC_REPRESENTATION_CONTEXT() REPRESENTATION_CONTEXT('2D SPACE',''
  ) );
#249 = ORIENTED_EDGE('',*,*,#250,.F.);
#250 = EDGE_CURVE('',#24,#209,#251,.T.);
#251 = SURFACE_CURVE('',#252,(#256,#263),.PCURVE_S1.);
#252 = LINE('',#253,#254);
#253 = CARTESIAN_POINT('',(-12.7,-12.7,5.));
#254 = VECTOR('',#255,1.);
#255 = DIRECTION('',(0.,1.,0.));
#256 = PCURVE('',#32,#257);
#257 = DEFINITIONAL_REPRESENTATION('',(#258),#262);
#258 = LINE('',#259,#260);
#259 = CARTESIAN_POINT('',(5.,0.));
#260 = VECTOR('',#261,1.);
#261 = DIRECTION('',(0.,-1.));
#262 = ( GEOMETRIC_REPRESENTATION_CONTEXT(2) 
PARAMETRIC_REPRESENTATION_CONTEXT() REPRESENTATION_CONTEXT('2D SPACE',''
  ) );
#263 = PCURVE('',#264,#269);
#264 = B_SPLINE_SURFACE_WITH_KNOTS('',1,1,(
    (#265,#266)
    ,(#267,#268
    )),.UNSPECIFIED.,.F.,.F.,.F.,(2,2),(2,2),(-18.75,-16.6),(0.,1.),
  .PIECEWISE_BEZIER_KNOTS.);
#265 = CARTESIAN_POINT('',(-12.7,-11.24373333333,5.));
#266 = CARTESIAN_POINT('',(-18.75,-16.6,11.));
#267 = CARTESIAN_POINT('',(-12.7,-12.7,5.));
#268 = CARTESIAN_POINT('',(-16.6,-16.6,11.));
#269 = DEFINITIONAL_REPRESENTATION('',(#270),#273);
#270 = B_SPLINE_CURVE_WITH_KNOTS('',1,(#271,#272),.UNSPECIFIED.,.F.,.F.,
  (2,2),(0.,1.456266666667),.PIECEWISE_BEZIER_KNOTS.);
#271 = CARTESIAN_POINT('',(-16.6,0.));
#272 = CARTESIAN_POINT('',(-18.75,0.));
#273 = ( GEOMETRIC_REPRESENTATION_CONTEXT(2) 
PARAMETRIC_REPRESENTATION_CONTEXT() REPRESENTATION_CONTEXT('2D SPACE',''
  ) );
#274 = ADVANCED_FACE('',(#275),#44,.F.);
#275 = FACE_BOUND('',#276,.F.);
#276 = EDGE_LOOP('',(#277,#300,#301,#328));
#277 = ORIENTED_EDGE('',*,*,#278,.F.);
#278 = EDGE_CURVE('',#22,#279,#281,.T.);
#279 = VERTEX_POINT('',#280);
#280 = CARTESIAN_POINT('',(12.7,-12.7,0.));
#281 = SURFACE_CURVE('',#282,(#286,#293),.PCURVE_S1.);
#282 = LINE('',#283,#284);
#283 = CARTESIAN_POINT('',(-12.7,-12.7,0.));
#284 = VECTOR('',#285,1.);
#285 = DIRECTION('',(1.,0.,0.));
#286 = PCURVE('',#44,#287);
#287 = DEFINITIONAL_REPRESENTATION('',(#288),#292);
#288 = LINE('',#289,#290);
#289 = CARTESIAN_POINT('',(0.,0.));
#290 = VECTOR('',#291,1.);
#291 = DIRECTION('',(0.,1.));
#292 = ( GEOMETRIC_REPRESENTATION_CONTEXT(2) 
PARAMETRIC_REPRESENTATION_CONTEXT() REPRESENTATION_CONTEXT('2D SPACE',''
  ) );
#293 = PCURVE('',#72,#294);
#294 = DEFINITIONAL_REPRESENTATION('',(#295),#299);
#295 = LINE('',#296,#297);
#296 = CARTESIAN_POINT('',(0.,0.));
#297 = VECTOR('',#298,1.);
#298 = DIRECTION('',(1.,0.));
#299 = ( GEOMETRIC_REPRESENTATION_CONTEXT(2) 
PARAMETRIC_REPRESENTATION_CONTEXT() REPRESENTATION_CONTEXT('2D SPACE',''
  ) );
#300 = ORIENTED_EDGE('',*,*,#21,.T.);
#301 = ORIENTED_EDGE('',*,*,#302,.T.);
#302 = EDGE_CURVE('',#24,#303,#305,.T.);
#303 = VERTEX_POINT('',#304);
#304 = CARTESIAN_POINT('',(12.7,-12.7,5.));
#305 = SURFACE_CURVE('',#306,(#310,#317),.PCURVE_S1.);
#306 = LINE('',#307,#308);
#307 = CARTESIAN_POINT('',(-12.7,-12.7,5.));
#308 = VECTOR('',#309,1.);
#309 = DIRECTION('',(1.,0.,0.));
#310 = PCURVE('',#44,#311);
#311 = DEFINITIONAL_REPRESENTATION('',(#312),#316);
#312 = LINE('',#313,#314);
#313 = CARTESIAN_POINT('',(5.,0.));
#314 = VECTOR('',#315,1.);
#315 = DIRECTION('',(0.,1.));
#316 = ( GEOMETRIC_REPRESENTATION_CONTEXT(2) 
PARAMETRIC_REPRESENTATION_CONTEXT() REPRESENTATION_CONTEXT('2D SPACE',''
  ) );
#317 = PCURVE('',#318,#323);
#318 = B_SPLINE_SURFACE_WITH_KNOTS('',1,1,(
    (#319,#320)
    ,(#321,#322
    )),.UNSPECIFIED.,.F.,.F.,.F.,(2,2),(2,2),(-16.6,18.75),(0.,1.),
  .PIECEWISE_BEZIER_KNOTS.);
#319 = CARTESIAN_POINT('',(-12.7,-12.7,5.));
#320 = CARTESIAN_POINT('',(-16.6,-16.6,11.));
#321 = CARTESIAN_POINT('',(12.7,-12.7,5.));
#322 = CARTESIAN_POINT('',(18.75,-16.6,11.));
#323 = DEFINITIONAL_REPRESENTATION('',(#324),#327);
#324 = B_SPLINE_CURVE_WITH_KNOTS('',1,(#325,#326),.UNSPECIFIED.,.F.,.F.,
  (2,2),(0.,25.4),.PIECEWISE_BEZIER_KNOTS.);
#325 = CARTESIAN_POINT('',(-16.6,0.));
#326 = CARTESIAN_POINT('',(18.75,0.));
#327 = ( GEOMETRIC_REPRESENTATION_CONTEXT(2) 
PARAMETRIC_REPRESENTATION_CONTEXT() REPRESENTATION_CONTEXT('2D SPACE',''
  ) );
#328 = ORIENTED_EDGE('',*,*,#329,.F.);
#329 = EDGE_CURVE('',#279,#303,#330,.T.);
#330 = SURFACE_CURVE('',#331,(#335,#342),.PCURVE_S1.);
#331 = LINE('',#332,#333);
#332 = CARTESIAN_POINT('',(12.7,-12.7,0.));
#333 = VECTOR('',#334,1.);
#334 = DIRECTION('',(0.,0.,1.));
#335 = PCURVE('',#44,#336);
#336 = DEFINITIONAL_REPRESENTATION('',(#337),#341);
#337 = LINE('',#338,#339);
#338 = CARTESIAN_POINT('',(0.,25.4));
#339 = VECTOR('',#340,1.);
#340 = DIRECTION('',(1.,0.));
#341 = ( GEOMETRIC_REPRESENTATION_CONTEXT(2) 
PARAMETRIC_REPRESENTATION_CONTEXT() REPRESENTATION_CONTEXT('2D SPACE',''
  ) );
#342 = PCURVE('',#343,#348);
#343 = PLANE('',#344);
#344 = AXIS2_PLACEMENT_3D('',#345,#346,#347);
#345 = CARTESIAN_POINT('',(12.7,-12.7,0.));
#346 = DIRECTION('',(1.,0.,0.));
#347 = DIRECTION('',(0.,0.,1.));
#348 = DEFINITIONAL_REPRESENTATION('',(#349),#353);
#349 = LINE('',#350,#351);
#350 = CARTESIAN_POINT('',(0.,0.));
#351 = VECTOR('',#352,1.);
#352 = DIRECTION('',(1.,0.));
#353 = ( GEOMETRIC_REPRESENTATION_CONTEXT(2) 
PARAMETRIC_REPRESENTATION_CONTEXT() REPRESENTATION_CONTEXT('2D SPACE',''
  ) );
#354 = ADVANCED_FACE('',(#355),#264,.T.);
#355 = FACE_BOUND('',#356,.T.);
#356 = EDGE_LOOP('',(#357,#358,#380,#408));
#357 = ORIENTED_EDGE('',*,*,#250,.F.);
#358 = ORIENTED_EDGE('',*,*,#359,.T.);
#359 = EDGE_CURVE('',#24,#360,#362,.T.);
#360 = VERTEX_POINT('',#361);
#361 = CARTESIAN_POINT('',(-16.6,-16.6,11.));
#362 = SURFACE_CURVE('',#363,(#366,#373),.PCURVE_S1.);
#363 = B_SPLINE_CURVE_WITH_KNOTS('',1,(#364,#365),.UNSPECIFIED.,.F.,.F.,
  (2,2),(0.,1.),.PIECEWISE_BEZIER_KNOTS.);
#364 = CARTESIAN_POINT('',(-12.7,-12.7,5.));
#365 = CARTESIAN_POINT('',(-16.6,-16.6,11.));
#366 = PCURVE('',#264,#367);
#367 = DEFINITIONAL_REPRESENTATION('',(#368),#372);
#368 = LINE('',#369,#370);
#369 = CARTESIAN_POINT('',(-16.6,0.));
#370 = VECTOR('',#371,1.);
#371 = DIRECTION('',(0.,1.));
#372 = ( GEOMETRIC_REPRESENTATION_CONTEXT(2) 
PARAMETRIC_REPRESENTATION_CONTEXT() REPRESENTATION_CONTEXT('2D SPACE',''
  ) );
#373 = PCURVE('',#318,#374);
#374 = DEFINITIONAL_REPRESENTATION('',(#375),#379);
#375 = LINE('',#376,#377);
#376 = CARTESIAN_POINT('',(-16.6,0.));
#377 = VECTOR('',#378,1.);
#378 = DIRECTION('',(0.,1.));
#379 = ( GEOMETRIC_REPRESENTATION_CONTEXT(2) 
PARAMETRIC_REPRESENTATION_CONTEXT() REPRESENTATION_CONTEXT('2D SPACE',''
  ) );
#380 = ORIENTED_EDGE('',*,*,#381,.F.);
#381 = EDGE_CURVE('',#382,#360,#384,.T.);
#382 = VERTEX_POINT('',#383);
#383 = CARTESIAN_POINT('',(-18.75,-16.6,11.));
#384 = SURFACE_CURVE('',#385,(#389,#396),.PCURVE_S1.);
#385 = LINE('',#386,#387);
#386 = CARTESIAN_POINT('',(0.,-16.6,11.));
#387 = VECTOR('',#388,1.);
#388 = DIRECTION('',(1.,0.,0.));
#389 = PCURVE('',#264,#390);
#390 = DEFINITIONAL_REPRESENTATION('',(#391),#395);
#391 = LINE('',#392,#393);
#392 = CARTESIAN_POINT('',(0.,1.));
#393 = VECTOR('',#394,1.);
#394 = DIRECTION('',(1.,0.));
#395 = ( GEOMETRIC_REPRESENTATION_CONTEXT(2) 
PARAMETRIC_REPRESENTATION_CONTEXT() REPRESENTATION_CONTEXT('2D SPACE',''
  ) );
#396 = PCURVE('',#397,#402);
#397 = PLANE('',#398);
#398 = AXIS2_PLACEMENT_3D('',#399,#400,#401);
#399 = CARTESIAN_POINT('',(-18.75,-16.6,11.));
#400 = DIRECTION('',(0.,1.,0.));
#401 = DIRECTION('',(1.,0.,0.));
#402 = DEFINITIONAL_REPRESENTATION('',(#403),#407);
#403 = LINE('',#404,#405);
#404 = CARTESIAN_POINT('',(18.75,0.));
#405 = VECTOR('',#406,1.);
#406 = DIRECTION('',(1.,0.));
#407 = ( GEOMETRIC_REPRESENTATION_CONTEXT(2) 
PARAMETRIC_REPRESENTATION_CONTEXT() REPRESENTATION_CONTEXT('2D SPACE',''
  ) );
#408 = ORIENTED_EDGE('',*,*,#409,.F.);
#409 = EDGE_CURVE('',#209,#382,#410,.T.);
#410 = SURFACE_CURVE('',#411,(#414,#421),.PCURVE_S1.);
#411 = B_SPLINE_CURVE_WITH_KNOTS('',1,(#412,#413),.UNSPECIFIED.,.F.,.F.,
  (2,2),(0.,1.),.PIECEWISE_BEZIER_KNOTS.);
#412 = CARTESIAN_POINT('',(-12.7,-11.24373333333,5.));
#413 = CARTESIAN_POINT('',(-18.75,-16.6,11.));
#414 = PCURVE('',#264,#415);
#415 = DEFINITIONAL_REPRESENTATION('',(#416),#420);
#416 = LINE('',#417,#418);
#417 = CARTESIAN_POINT('',(-18.75,0.));
#418 = VECTOR('',#419,1.);
#419 = DIRECTION('',(0.,1.));
#420 = ( GEOMETRIC_REPRESENTATION_CONTEXT(2) 
PARAMETRIC_REPRESENTATION_CONTEXT() REPRESENTATION_CONTEXT('2D SPACE',''
  ) );
#421 = PCURVE('',#224,#422);
#422 = DEFINITIONAL_REPRESENTATION('',(#423),#427);
#423 = LINE('',#424,#425);
#424 = CARTESIAN_POINT('',(11.243733333333,0.));
#425 = VECTOR('',#426,1.);
#426 = DIRECTION('',(0.,1.));
#427 = ( GEOMETRIC_REPRESENTATION_CONTEXT(2) 
PARAMETRIC_REPRESENTATION_CONTEXT() REPRESENTATION_CONTEXT('2D SPACE',''
  ) );
#428 = ADVANCED_FACE('',(#429),#224,.T.);
#429 = FACE_BOUND('',#430,.T.);
#430 = EDGE_LOOP('',(#431,#432,#433,#460));
#431 = ORIENTED_EDGE('',*,*,#208,.F.);
#432 = ORIENTED_EDGE('',*,*,#409,.T.);
#433 = ORIENTED_EDGE('',*,*,#434,.F.);
#434 = EDGE_CURVE('',#435,#382,#437,.T.);
#435 = VERTEX_POINT('',#436);
#436 = CARTESIAN_POINT('',(-29.25,-6.1,11.));
#437 = SURFACE_CURVE('',#438,(#443,#449),.PCURVE_S1.);
#438 = CIRCLE('',#439,10.5);
#439 = AXIS2_PLACEMENT_3D('',#440,#441,#442);
#440 = CARTESIAN_POINT('',(-18.75,-6.1,11.));
#441 = DIRECTION('',(0.,0.,1.));
#442 = DIRECTION('',(1.,0.,0.));
#443 = PCURVE('',#224,#444);
#444 = DEFINITIONAL_REPRESENTATION('',(#445),#448);
#445 = B_SPLINE_CURVE_WITH_KNOTS('',1,(#446,#447),.UNSPECIFIED.,.F.,.F.,
  (2,2),(3.14159265359,4.712388980385),.PIECEWISE_BEZIER_KNOTS.);
#446 = CARTESIAN_POINT('',(2.648547008547,1.));
#447 = CARTESIAN_POINT('',(11.243733333333,1.));
#448 = ( GEOMETRIC_REPRESENTATION_CONTEXT(2) 
PARAMETRIC_REPRESENTATION_CONTEXT() REPRESENTATION_CONTEXT('2D SPACE',''
  ) );
#449 = PCURVE('',#450,#455);
#450 = CYLINDRICAL_SURFACE('',#451,10.5);
#451 = AXIS2_PLACEMENT_3D('',#452,#453,#454);
#452 = CARTESIAN_POINT('',(-18.75,-6.1,11.));
#453 = DIRECTION('',(-0.,-0.,-1.));
#454 = DIRECTION('',(1.,0.,0.));
#455 = DEFINITIONAL_REPRESENTATION('',(#456),#459);
#456 = B_SPLINE_CURVE_WITH_KNOTS('',1,(#457,#458),.UNSPECIFIED.,.F.,.F.,
  (2,2),(3.14159265359,4.712388980385),.PIECEWISE_BEZIER_KNOTS.);
#457 = CARTESIAN_POINT('',(-3.14159265359,0.));
#458 = CARTESIAN_POINT('',(-4.712388980385,0.));
#459 = ( GEOMETRIC_REPRESENTATION_CONTEXT(2) 
PARAMETRIC_REPRESENTATION_CONTEXT() REPRESENTATION_CONTEXT('2D SPACE',''
  ) );
#460 = ORIENTED_EDGE('',*,*,#461,.F.);
#461 = EDGE_CURVE('',#182,#435,#462,.T.);
#462 = SURFACE_CURVE('',#463,(#466,#473),.PCURVE_S1.);
#463 = B_SPLINE_CURVE_WITH_KNOTS('',1,(#464,#465),.UNSPECIFIED.,.F.,.F.,
  (2,2),(0.,1.),.PIECEWISE_BEZIER_KNOTS.);
#464 = CARTESIAN_POINT('',(-12.7,-2.648547008547,5.));
#465 = CARTESIAN_POINT('',(-29.25,-6.1,11.));
#466 = PCURVE('',#224,#467);
#467 = DEFINITIONAL_REPRESENTATION('',(#468),#472);
#468 = LINE('',#469,#470);
#469 = CARTESIAN_POINT('',(2.648547008547,0.));
#470 = VECTOR('',#471,1.);
#471 = DIRECTION('',(0.,1.));
#472 = ( GEOMETRIC_REPRESENTATION_CONTEXT(2) 
PARAMETRIC_REPRESENTATION_CONTEXT() REPRESENTATION_CONTEXT('2D SPACE',''
  ) );
#473 = PCURVE('',#197,#474);
#474 = DEFINITIONAL_REPRESENTATION('',(#475),#479);
#475 = LINE('',#476,#477);
#476 = CARTESIAN_POINT('',(6.1,0.));
#477 = VECTOR('',#478,1.);
#478 = DIRECTION('',(0.,1.));
#479 = ( GEOMETRIC_REPRESENTATION_CONTEXT(2) 
PARAMETRIC_REPRESENTATION_CONTEXT() REPRESENTATION_CONTEXT('2D SPACE',''
  ) );
#480 = ADVANCED_FACE('',(#481),#197,.T.);
#481 = FACE_BOUND('',#482,.T.);
#482 = EDGE_LOOP('',(#483,#484,#485,#513));
#483 = ORIENTED_EDGE('',*,*,#181,.F.);
#484 = ORIENTED_EDGE('',*,*,#461,.T.);
#485 = ORIENTED_EDGE('',*,*,#486,.T.);
#486 = EDGE_CURVE('',#435,#487,#489,.T.);
#487 = VERTEX_POINT('',#488);
#488 = CARTESIAN_POINT('',(-29.25,6.1,11.));
#489 = SURFACE_CURVE('',#490,(#494,#501),.PCURVE_S1.);
#490 = LINE('',#491,#492);
#491 = CARTESIAN_POINT('',(-29.25,0.,11.));
#492 = VECTOR('',#493,1.);
#493 = DIRECTION('',(0.,1.,0.));
#494 = PCURVE('',#197,#495);
#495 = DEFINITIONAL_REPRESENTATION('',(#496),#500);
#496 = LINE('',#497,#498);
#497 = CARTESIAN_POINT('',(0.,1.));
#498 = VECTOR('',#499,1.);
#499 = DIRECTION('',(-1.,0.));
#500 = ( GEOMETRIC_REPRESENTATION_CONTEXT(2) 
PARAMETRIC_REPRESENTATION_CONTEXT() REPRESENTATION_CONTEXT('2D SPACE',''
  ) );
#501 = PCURVE('',#502,#507);
#502 = PLANE('',#503);
#503 = AXIS2_PLACEMENT_3D('',#504,#505,#506);
#504 = CARTESIAN_POINT('',(-29.25,-6.1,11.));
#505 = DIRECTION('',(-1.,0.,0.));
#506 = DIRECTION('',(0.,1.,0.));
#507 = DEFINITIONAL_REPRESENTATION('',(#508),#512);
#508 = LINE('',#509,#510);
#509 = CARTESIAN_POINT('',(6.1,0.));
#510 = VECTOR('',#511,1.);
#511 = DIRECTION('',(1.,0.));
#512 = ( GEOMETRIC_REPRESENTATION_CONTEXT(2) 
PARAMETRIC_REPRESENTATION_CONTEXT() REPRESENTATION_CONTEXT('2D SPACE',''
  ) );
#513 = ORIENTED_EDGE('',*,*,#514,.F.);
#514 = EDGE_CURVE('',#140,#487,#515,.T.);
#515 = SURFACE_CURVE('',#516,(#519,#526),.PCURVE_S1.);
#516 = B_SPLINE_CURVE_WITH_KNOTS('',1,(#517,#518),.UNSPECIFIED.,.F.,.F.,
  (2,2),(0.,1.),.PIECEWISE_BEZIER_KNOTS.);
#517 = CARTESIAN_POINT('',(-12.7,2.648547008547,5.));
#518 = CARTESIAN_POINT('',(-29.25,6.1,11.));
#519 = PCURVE('',#197,#520);
#520 = DEFINITIONAL_REPRESENTATION('',(#521),#525);
#521 = LINE('',#522,#523);
#522 = CARTESIAN_POINT('',(-6.1,0.));
#523 = VECTOR('',#524,1.);
#524 = DIRECTION('',(0.,1.));
#525 = ( GEOMETRIC_REPRESENTATION_CONTEXT(2) 
PARAMETRIC_REPRESENTATION_CONTEXT() REPRESENTATION_CONTEXT('2D SPACE',''
  ) );
#526 = PCURVE('',#155,#527);
#527 = DEFINITIONAL_REPRESENTATION('',(#528),#532);
#528 = LINE('',#529,#530);
#529 = CARTESIAN_POINT('',(-2.648547008547,0.));
#530 = VECTOR('',#531,1.);
#531 = DIRECTION('',(0.,1.));
#532 = ( GEOMETRIC_REPRESENTATION_CONTEXT(2) 
PARAMETRIC_REPRESENTATION_CONTEXT() REPRESENTATION_CONTEXT('2D SPACE',''
  ) );
#533 = ADVANCED_FACE('',(#534),#155,.T.);
#534 = FACE_BOUND('',#535,.T.);
#535 = EDGE_LOOP('',(#536,#537,#538,#565));
#536 = ORIENTED_EDGE('',*,*,#139,.F.);
#537 = ORIENTED_EDGE('',*,*,#514,.T.);
#538 = ORIENTED_EDGE('',*,*,#539,.F.);
#539 = EDGE_CURVE('',#540,#487,#542,.T.);
#540 = VERTEX_POINT('',#541);
#541 = CARTESIAN_POINT('',(-18.75,16.6,11.));
#542 = SURFACE_CURVE('',#543,(#548,#554),.PCURVE_S1.);
#543 = CIRCLE('',#544,10.5);
#544 = AXIS2_PLACEMENT_3D('',#545,#546,#547);
#545 = CARTESIAN_POINT('',(-18.75,6.1,11.));
#546 = DIRECTION('',(0.,0.,1.));
#547 = DIRECTION('',(1.,0.,0.));
#548 = PCURVE('',#155,#549);
#549 = DEFINITIONAL_REPRESENTATION('',(#550),#553);
#550 = B_SPLINE_CURVE_WITH_KNOTS('',1,(#551,#552),.UNSPECIFIED.,.F.,.F.,
  (2,2),(1.570796326795,3.14159265359),.PIECEWISE_BEZIER_KNOTS.);
#551 = CARTESIAN_POINT('',(-11.24373333333,1.));
#552 = CARTESIAN_POINT('',(-2.648547008547,1.));
#553 = ( GEOMETRIC_REPRESENTATION_CONTEXT(2) 
PARAMETRIC_REPRESENTATION_CONTEXT() REPRESENTATION_CONTEXT('2D SPACE',''
  ) );
#554 = PCURVE('',#555,#560);
#555 = CYLINDRICAL_SURFACE('',#556,10.5);
#556 = AXIS2_PLACEMENT_3D('',#557,#558,#559);
#557 = CARTESIAN_POINT('',(-18.75,6.1,11.));
#558 = DIRECTION('',(-0.,-0.,-1.));
#559 = DIRECTION('',(1.,0.,0.));
#560 = DEFINITIONAL_REPRESENTATION('',(#561),#564);
#561 = B_SPLINE_CURVE_WITH_KNOTS('',1,(#562,#563),.UNSPECIFIED.,.F.,.F.,
  (2,2),(1.570796326795,3.14159265359),.PIECEWISE_BEZIER_KNOTS.);
#562 = CARTESIAN_POINT('',(-1.570796326795,0.));
#563 = CARTESIAN_POINT('',(-3.14159265359,0.));
#564 = ( GEOMETRIC_REPRESENTATION_CONTEXT(2) 
PARAMETRIC_REPRESENTATION_CONTEXT() REPRESENTATION_CONTEXT('2D SPACE',''
  ) );
#565 = ORIENTED_EDGE('',*,*,#566,.F.);
#566 = EDGE_CURVE('',#113,#540,#567,.T.);
#567 = SURFACE_CURVE('',#568,(#571,#578),.PCURVE_S1.);
#568 = B_SPLINE_CURVE_WITH_KNOTS('',1,(#569,#570),.UNSPECIFIED.,.F.,.F.,
  (2,2),(0.,1.),.PIECEWISE_BEZIER_KNOTS.);
#569 = CARTESIAN_POINT('',(-12.7,11.243733333333,5.));
#570 = CARTESIAN_POINT('',(-18.75,16.6,11.));
#571 = PCURVE('',#155,#572);
#572 = DEFINITIONAL_REPRESENTATION('',(#573),#577);
#573 = LINE('',#574,#575);
#574 = CARTESIAN_POINT('',(-11.24373333333,0.));
#575 = VECTOR('',#576,1.);
#576 = DIRECTION('',(0.,1.));
#577 = ( GEOMETRIC_REPRESENTATION_CONTEXT(2) 
PARAMETRIC_REPRESENTATION_CONTEXT() REPRESENTATION_CONTEXT('2D SPACE',''
  ) );
#578 = PCURVE('',#128,#579);
#579 = DEFINITIONAL_REPRESENTATION('',(#580),#584);
#580 = LINE('',#581,#582);
#581 = CARTESIAN_POINT('',(18.75,0.));
#582 = VECTOR('',#583,1.);
#583 = DIRECTION('',(0.,1.));
#584 = ( GEOMETRIC_REPRESENTATION_CONTEXT(2) 
PARAMETRIC_REPRESENTATION_CONTEXT() REPRESENTATION_CONTEXT('2D SPACE',''
  ) );
#585 = ADVANCED_FACE('',(#586),#128,.T.);
#586 = FACE_BOUND('',#587,.T.);
#587 = EDGE_LOOP('',(#588,#589,#590,#618));
#588 = ORIENTED_EDGE('',*,*,#112,.F.);
#589 = ORIENTED_EDGE('',*,*,#566,.T.);
#590 = ORIENTED_EDGE('',*,*,#591,.T.);
#591 = EDGE_CURVE('',#540,#592,#594,.T.);
#592 = VERTEX_POINT('',#593);
#593 = CARTESIAN_POINT('',(-16.6,16.6,11.));
#594 = SURFACE_CURVE('',#595,(#599,#606),.PCURVE_S1.);
#595 = LINE('',#596,#597);
#596 = CARTESIAN_POINT('',(0.,16.6,11.));
#597 = VECTOR('',#598,1.);
#598 = DIRECTION('',(1.,0.,0.));
#599 = PCURVE('',#128,#600);
#600 = DEFINITIONAL_REPRESENTATION('',(#601),#605);
#601 = LINE('',#602,#603);
#602 = CARTESIAN_POINT('',(0.,1.));
#603 = VECTOR('',#604,1.);
#604 = DIRECTION('',(-1.,0.));
#605 = ( GEOMETRIC_REPRESENTATION_CONTEXT(2) 
PARAMETRIC_REPRESENTATION_CONTEXT() REPRESENTATION_CONTEXT('2D SPACE',''
  ) );
#606 = PCURVE('',#607,#612);
#607 = PLANE('',#608);
#608 = AXIS2_PLACEMENT_3D('',#609,#610,#611);
#609 = CARTESIAN_POINT('',(-18.75,16.6,11.));
#610 = DIRECTION('',(0.,1.,0.));
#611 = DIRECTION('',(1.,0.,0.));
#612 = DEFINITIONAL_REPRESENTATION('',(#613),#617);
#613 = LINE('',#614,#615);
#614 = CARTESIAN_POINT('',(18.75,0.));
#615 = VECTOR('',#616,1.);
#616 = DIRECTION('',(1.,0.));
#617 = ( GEOMETRIC_REPRESENTATION_CONTEXT(2) 
PARAMETRIC_REPRESENTATION_CONTEXT() REPRESENTATION_CONTEXT('2D SPACE',''
  ) );
#618 = ORIENTED_EDGE('',*,*,#619,.F.);
#619 = EDGE_CURVE('',#85,#592,#620,.T.);
#620 = SURFACE_CURVE('',#621,(#624,#631),.PCURVE_S1.);
#621 = B_SPLINE_CURVE_WITH_KNOTS('',1,(#622,#623),.UNSPECIFIED.,.F.,.F.,
  (2,2),(0.,1.),.PIECEWISE_BEZIER_KNOTS.);
#622 = CARTESIAN_POINT('',(-12.7,12.7,5.));
#623 = CARTESIAN_POINT('',(-16.6,16.6,11.));
#624 = PCURVE('',#128,#625);
#625 = DEFINITIONAL_REPRESENTATION('',(#626),#630);
#626 = LINE('',#627,#628);
#627 = CARTESIAN_POINT('',(16.6,0.));
#628 = VECTOR('',#629,1.);
#629 = DIRECTION('',(0.,1.));
#630 = ( GEOMETRIC_REPRESENTATION_CONTEXT(2) 
PARAMETRIC_REPRESENTATION_CONTEXT() REPRESENTATION_CONTEXT('2D SPACE',''
  ) );
#631 = PCURVE('',#632,#637);
#632 = B_SPLINE_SURFACE_WITH_KNOTS('',1,1,(
    (#633,#634)
    ,(#635,#636
    )),.UNSPECIFIED.,.F.,.F.,.F.,(2,2),(2,2),(-16.6,16.6),(0.,1.),
  .PIECEWISE_BEZIER_KNOTS.);
#633 = CARTESIAN_POINT('',(12.7,12.7,5.));
#634 = CARTESIAN_POINT('',(16.6,16.6,11.));
#635 = CARTESIAN_POINT('',(-12.7,12.7,5.));
#636 = CARTESIAN_POINT('',(-16.6,16.6,11.));
#637 = DEFINITIONAL_REPRESENTATION('',(#638),#642);
#638 = LINE('',#639,#640);
#639 = CARTESIAN_POINT('',(16.6,0.));
#640 = VECTOR('',#641,1.);
#641 = DIRECTION('',(0.,1.));
#642 = ( GEOMETRIC_REPRESENTATION_CONTEXT(2) 
PARAMETRIC_REPRESENTATION_CONTEXT() REPRESENTATION_CONTEXT('2D SPACE',''
  ) );
#643 = ADVANCED_FACE('',(#644),#100,.T.);
#644 = FACE_BOUND('',#645,.T.);
#645 = EDGE_LOOP('',(#646,#669,#670,#692));
#646 = ORIENTED_EDGE('',*,*,#647,.F.);
#647 = EDGE_CURVE('',#57,#648,#650,.T.);
#648 = VERTEX_POINT('',#649);
#649 = CARTESIAN_POINT('',(12.7,12.7,0.));
#650 = SURFACE_CURVE('',#651,(#655,#662),.PCURVE_S1.);
#651 = LINE('',#652,#653);
#652 = CARTESIAN_POINT('',(-12.7,12.7,0.));
#653 = VECTOR('',#654,1.);
#654 = DIRECTION('',(1.,0.,0.));
#655 = PCURVE('',#100,#656);
#656 = DEFINITIONAL_REPRESENTATION('',(#657),#661);
#657 = LINE('',#658,#659);
#658 = CARTESIAN_POINT('',(0.,0.));
#659 = VECTOR('',#660,1.);
#660 = DIRECTION('',(0.,1.));
#661 = ( GEOMETRIC_REPRESENTATION_CONTEXT(2) 
PARAMETRIC_REPRESENTATION_CONTEXT() REPRESENTATION_CONTEXT('2D SPACE',''
  ) );
#662 = PCURVE('',#72,#663);
#663 = DEFINITIONAL_REPRESENTATION('',(#664),#668);
#664 = LINE('',#665,#666);
#665 = CARTESIAN_POINT('',(0.,25.4));
#666 = VECTOR('',#667,1.);
#667 = DIRECTION('',(1.,0.));
#668 = ( GEOMETRIC_REPRESENTATION_CONTEXT(2) 
PARAMETRIC_REPRESENTATION_CONTEXT() REPRESENTATION_CONTEXT('2D SPACE',''
  ) );
#669 = ORIENTED_EDGE('',*,*,#84,.T.);
#670 = ORIENTED_EDGE('',*,*,#671,.T.);
#671 = EDGE_CURVE('',#85,#672,#674,.T.);
#672 = VERTEX_POINT('',#673);
#673 = CARTESIAN_POINT('',(12.7,12.7,5.));
#674 = SURFACE_CURVE('',#675,(#679,#686),.PCURVE_S1.);
#675 = LINE('',#676,#677);
#676 = CARTESIAN_POINT('',(-12.7,12.7,5.));
#677 = VECTOR('',#678,1.);
#678 = DIRECTION('',(1.,0.,0.));
#679 = PCURVE('',#100,#680);
#680 = DEFINITIONAL_REPRESENTATION('',(#681),#685);
#681 = LINE('',#682,#683);
#682 = CARTESIAN_POINT('',(5.,0.));
#683 = VECTOR('',#684,1.);
#684 = DIRECTION('',(0.,1.));
#685 = ( GEOMETRIC_REPRESENTATION_CONTEXT(2) 
PARAMETRIC_REPRESENTATION_CONTEXT() REPRESENTATION_CONTEXT('2D SPACE',''
  ) );
#686 = PCURVE('',#632,#687);
#687 = DEFINITIONAL_REPRESENTATION('',(#688),#691);
#688 = B_SPLINE_CURVE_WITH_KNOTS('',1,(#689,#690),.UNSPECIFIED.,.F.,.F.,
  (2,2),(0.,25.4),.PIECEWISE_BEZIER_KNOTS.);
#689 = CARTESIAN_POINT('',(16.6,0.));
#690 = CARTESIAN_POINT('',(-16.6,0.));
#691 = ( GEOMETRIC_REPRESENTATION_CONTEXT(2) 
PARAMETRIC_REPRESENTATION_CONTEXT() REPRESENTATION_CONTEXT('2D SPACE',''
  ) );
#692 = ORIENTED_EDGE('',*,*,#693,.F.);
#693 = EDGE_CURVE('',#648,#672,#694,.T.);
#694 = SURFACE_CURVE('',#695,(#699,#706),.PCURVE_S1.);
#695 = LINE('',#696,#697);
#696 = CARTESIAN_POINT('',(12.7,12.7,0.));
#697 = VECTOR('',#698,1.);
#698 = DIRECTION('',(0.,0.,1.));
#699 = PCURVE('',#100,#700);
#700 = DEFINITIONAL_REPRESENTATION('',(#701),#705);
#701 = LINE('',#702,#703);
#702 = CARTESIAN_POINT('',(0.,25.4));
#703 = VECTOR('',#704,1.);
#704 = DIRECTION('',(1.,0.));
#705 = ( GEOMETRIC_REPRESENTATION_CONTEXT(2) 
PARAMETRIC_REPRESENTATION_CONTEXT() REPRESENTATION_CONTEXT('2D SPACE',''
  ) );
#706 = PCURVE('',#343,#707);
#707 = DEFINITIONAL_REPRESENTATION('',(#708),#712);
#708 = LINE('',#709,#710);
#709 = CARTESIAN_POINT('',(0.,-25.4));
#710 = VECTOR('',#711,1.);
#711 = DIRECTION('',(1.,0.));
#712 = ( GEOMETRIC_REPRESENTATION_CONTEXT(2) 
PARAMETRIC_REPRESENTATION_CONTEXT() REPRESENTATION_CONTEXT('2D SPACE',''
  ) );
#713 = ADVANCED_FACE('',(#714),#72,.F.);
#714 = FACE_BOUND('',#715,.F.);
#715 = EDGE_LOOP('',(#716,#717,#718,#739));
#716 = ORIENTED_EDGE('',*,*,#56,.F.);
#717 = ORIENTED_EDGE('',*,*,#278,.T.);
#718 = ORIENTED_EDGE('',*,*,#719,.T.);
#719 = EDGE_CURVE('',#279,#648,#720,.T.);
#720 = SURFACE_CURVE('',#721,(#725,#732),.PCURVE_S1.);
#721 = LINE('',#722,#723);
#722 = CARTESIAN_POINT('',(12.7,-12.7,0.));
#723 = VECTOR('',#724,1.);
#724 = DIRECTION('',(0.,1.,0.));
#725 = PCURVE('',#72,#726);
#726 = DEFINITIONAL_REPRESENTATION('',(#727),#731);
#727 = LINE('',#728,#729);
#728 = CARTESIAN_POINT('',(25.4,0.));
#729 = VECTOR('',#730,1.);
#730 = DIRECTION('',(0.,1.));
#731 = ( GEOMETRIC_REPRESENTATION_CONTEXT(2) 
PARAMETRIC_REPRESENTATION_CONTEXT() REPRESENTATION_CONTEXT('2D SPACE',''
  ) );
#732 = PCURVE('',#343,#733);
#733 = DEFINITIONAL_REPRESENTATION('',(#734),#738);
#734 = LINE('',#735,#736);
#735 = CARTESIAN_POINT('',(0.,0.));
#736 = VECTOR('',#737,1.);
#737 = DIRECTION('',(0.,-1.));
#738 = ( GEOMETRIC_REPRESENTATION_CONTEXT(2) 
PARAMETRIC_REPRESENTATION_CONTEXT() REPRESENTATION_CONTEXT('2D SPACE',''
  ) );
#739 = ORIENTED_EDGE('',*,*,#647,.F.);
#740 = ADVANCED_FACE('',(#741),#343,.T.);
#741 = FACE_BOUND('',#742,.T.);
#742 = EDGE_LOOP('',(#743,#744,#745,#746,#773,#815,#842));
#743 = ORIENTED_EDGE('',*,*,#329,.F.);
#744 = ORIENTED_EDGE('',*,*,#719,.T.);
#745 = ORIENTED_EDGE('',*,*,#693,.T.);
#746 = ORIENTED_EDGE('',*,*,#747,.F.);
#747 = EDGE_CURVE('',#748,#672,#750,.T.);
#748 = VERTEX_POINT('',#749);
#749 = CARTESIAN_POINT('',(12.7,11.243733333333,5.));
#750 = SURFACE_CURVE('',#751,(#755,#762),.PCURVE_S1.);
#751 = LINE('',#752,#753);
#752 = CARTESIAN_POINT('',(12.7,-12.7,5.));
#753 = VECTOR('',#754,1.);
#754 = DIRECTION('',(0.,1.,0.));
#755 = PCURVE('',#343,#756);
#756 = DEFINITIONAL_REPRESENTATION('',(#757),#761);
#757 = LINE('',#758,#759);
#758 = CARTESIAN_POINT('',(5.,0.));
#759 = VECTOR('',#760,1.);
#760 = DIRECTION('',(0.,-1.));
#761 = ( GEOMETRIC_REPRESENTATION_CONTEXT(2) 
PARAMETRIC_REPRESENTATION_CONTEXT() REPRESENTATION_CONTEXT('2D SPACE',''
  ) );
#762 = PCURVE('',#763,#768);
#763 = B_SPLINE_SURFACE_WITH_KNOTS('',1,1,(
    (#764,#765)
    ,(#766,#767
    )),.UNSPECIFIED.,.F.,.F.,.F.,(2,2),(2,2),(-18.75,-16.6),(0.,1.),
  .PIECEWISE_BEZIER_KNOTS.);
#764 = CARTESIAN_POINT('',(12.7,11.243733333333,5.));
#765 = CARTESIAN_POINT('',(18.75,16.6,11.));
#766 = CARTESIAN_POINT('',(12.7,12.7,5.));
#767 = CARTESIAN_POINT('',(16.6,16.6,11.));
#768 = DEFINITIONAL_REPRESENTATION('',(#769),#772);
#769 = B_SPLINE_CURVE_WITH_KNOTS('',1,(#770,#771),.UNSPECIFIED.,.F.,.F.,
  (2,2),(23.943733333333,25.4),.PIECEWISE_BEZIER_KNOTS.);
#770 = CARTESIAN_POINT('',(-18.75,0.));
#771 = CARTESIAN_POINT('',(-16.6,0.));
#772 = ( GEOMETRIC_REPRESENTATION_CONTEXT(2) 
PARAMETRIC_REPRESENTATION_CONTEXT() REPRESENTATION_CONTEXT('2D SPACE',''
  ) );
#773 = ORIENTED_EDGE('',*,*,#774,.F.);
#774 = EDGE_CURVE('',#775,#748,#777,.T.);
#775 = VERTEX_POINT('',#776);
#776 = CARTESIAN_POINT('',(12.7,2.648547008547,5.));
#777 = SURFACE_CURVE('',#778,(#782,#789),.PCURVE_S1.);
#778 = LINE('',#779,#780);
#779 = CARTESIAN_POINT('',(12.7,0.,5.));
#780 = VECTOR('',#781,1.);
#781 = DIRECTION('',(0.,1.,0.));
#782 = PCURVE('',#343,#783);
#783 = DEFINITIONAL_REPRESENTATION('',(#784),#788);
#784 = LINE('',#785,#786);
#785 = CARTESIAN_POINT('',(5.,-12.7));
#786 = VECTOR('',#787,1.);
#787 = DIRECTION('',(0.,-1.));
#788 = ( GEOMETRIC_REPRESENTATION_CONTEXT(2) 
PARAMETRIC_REPRESENTATION_CONTEXT() REPRESENTATION_CONTEXT('2D SPACE',''
  ) );
#789 = PCURVE('',#790,#809);
#790 = B_SPLINE_SURFACE_WITH_KNOTS('',8,1,(
    (#791,#792)
    ,(#793,#794)
    ,(#795,#796)
    ,(#797,#798)
    ,(#799,#800)
    ,(#801,#802)
    ,(#803,#804)
    ,(#805,#806)
    ,(#807,#808
    )),.UNSPECIFIED.,.F.,.F.,.F.,(9,9),(2,2),(2.648547008547,
    11.243733333333),(0.,1.),.PIECEWISE_BEZIER_KNOTS.);
#791 = CARTESIAN_POINT('',(12.7,2.648547008547,5.));
#792 = CARTESIAN_POINT('',(29.25,6.1,11.));
#793 = CARTESIAN_POINT('',(12.7,3.722945299145,5.));
#794 = CARTESIAN_POINT('',(29.25,8.161670178918,11.));
#795 = CARTESIAN_POINT('',(12.7,4.797343589744,5.));
#796 = CARTESIAN_POINT('',(28.787361715907,10.223341006794,11.));
#797 = CARTESIAN_POINT('',(12.7,5.871741880342,5.));
#798 = CARTESIAN_POINT('',(27.86208969165,12.163888960518,11.));
#799 = CARTESIAN_POINT('',(12.7,6.94614017094,5.));
#800 = CARTESIAN_POINT('',(26.512216935688,13.862216935689,11.));
#801 = CARTESIAN_POINT('',(12.7,8.020538461538,5.));
#802 = CARTESIAN_POINT('',(24.813888960519,15.21208969165,11.));
#803 = CARTESIAN_POINT('',(12.7,9.094936752137,5.));
#804 = CARTESIAN_POINT('',(22.873341006794,16.137361715908,11.));
#805 = CARTESIAN_POINT('',(12.7,10.169335042735,5.));
#806 = CARTESIAN_POINT('',(20.811670178918,16.6,11.));
#807 = CARTESIAN_POINT('',(12.7,11.243733333333,5.));
#808 = CARTESIAN_POINT('',(18.75,16.6,11.));
#809 = DEFINITIONAL_REPRESENTATION('',(#810),#814);
#810 = LINE('',#811,#812);
#811 = CARTESIAN_POINT('',(0.,0.));
#812 = VECTOR('',#813,1.);
#813 = DIRECTION('',(1.,0.));
#814 = ( GEOMETRIC_REPRESENTATION_CONTEXT(2) 
PARAMETRIC_REPRESENTATION_CONTEXT() REPRESENTATION_CONTEXT('2D SPACE',''
  ) );
#815 = ORIENTED_EDGE('',*,*,#816,.F.);
#816 = EDGE_CURVE('',#817,#775,#819,.T.);
#817 = VERTEX_POINT('',#818);
#818 = CARTESIAN_POINT('',(12.7,-2.648547008547,5.));
#819 = SURFACE_CURVE('',#820,(#824,#831),.PCURVE_S1.);
#820 = LINE('',#821,#822);
#821 = CARTESIAN_POINT('',(12.7,0.,5.));
#822 = VECTOR('',#823,1.);
#823 = DIRECTION('',(0.,1.,0.));
#824 = PCURVE('',#343,#825);
#825 = DEFINITIONAL_REPRESENTATION('',(#826),#830);
#826 = LINE('',#827,#828);
#827 = CARTESIAN_POINT('',(5.,-12.7));
#828 = VECTOR('',#829,1.);
#829 = DIRECTION('',(0.,-1.));
#830 = ( GEOMETRIC_REPRESENTATION_CONTEXT(2) 
PARAMETRIC_REPRESENTATION_CONTEXT() REPRESENTATION_CONTEXT('2D SPACE',''
  ) );
#831 = PCURVE('',#832,#837);
#832 = B_SPLINE_SURFACE_WITH_KNOTS('',1,1,(
    (#833,#834)
    ,(#835,#836
    )),.UNSPECIFIED.,.F.,.F.,.F.,(2,2),(2,2),(-6.1,6.1),(0.,1.),
  .PIECEWISE_BEZIER_KNOTS.);
#833 = CARTESIAN_POINT('',(12.7,-2.648547008547,5.));
#834 = CARTESIAN_POINT('',(29.25,-6.1,11.));
#835 = CARTESIAN_POINT('',(12.7,2.648547008547,5.));
#836 = CARTESIAN_POINT('',(29.25,6.1,11.));
#837 = DEFINITIONAL_REPRESENTATION('',(#838),#841);
#838 = B_SPLINE_CURVE_WITH_KNOTS('',1,(#839,#840),.UNSPECIFIED.,.F.,.F.,
  (2,2),(-2.648547008547,2.648547008547),.PIECEWISE_BEZIER_KNOTS.);
#839 = CARTESIAN_POINT('',(-6.1,0.));
#840 = CARTESIAN_POINT('',(6.1,0.));
#841 = ( GEOMETRIC_REPRESENTATION_CONTEXT(2) 
PARAMETRIC_REPRESENTATION_CONTEXT() REPRESENTATION_CONTEXT('2D SPACE',''
  ) );
#842 = ORIENTED_EDGE('',*,*,#843,.F.);
#843 = EDGE_CURVE('',#303,#817,#844,.T.);
#844 = SURFACE_CURVE('',#845,(#849,#856),.PCURVE_S1.);
#845 = LINE('',#846,#847);
#846 = CARTESIAN_POINT('',(12.7,-12.7,5.));
#847 = VECTOR('',#848,1.);
#848 = DIRECTION('',(0.,1.,0.));
#849 = PCURVE('',#343,#850);
#850 = DEFINITIONAL_REPRESENTATION('',(#851),#855);
#851 = LINE('',#852,#853);
#852 = CARTESIAN_POINT('',(5.,0.));
#853 = VECTOR('',#854,1.);
#854 = DIRECTION('',(0.,-1.));
#855 = ( GEOMETRIC_REPRESENTATION_CONTEXT(2) 
PARAMETRIC_REPRESENTATION_CONTEXT() REPRESENTATION_CONTEXT('2D SPACE',''
  ) );
#856 = PCURVE('',#857,#876);
#857 = B_SPLINE_SURFACE_WITH_KNOTS('',8,1,(
    (#858,#859)
    ,(#860,#861)
    ,(#862,#863)
    ,(#864,#865)
    ,(#866,#867)
    ,(#868,#869)
    ,(#870,#871)
    ,(#872,#873)
    ,(#874,#875
    )),.UNSPECIFIED.,.F.,.F.,.F.,(9,9),(2,2),(-12.7,-2.648547008547),(0.
    ,1.),.PIECEWISE_BEZIER_KNOTS.);
#858 = CARTESIAN_POINT('',(12.7,-12.7,5.));
#859 = CARTESIAN_POINT('',(18.75,-16.6,11.));
#860 = CARTESIAN_POINT('',(12.7,-11.44356837606,5.));
#861 = CARTESIAN_POINT('',(20.811670178918,-16.6,11.));
#862 = CARTESIAN_POINT('',(12.7,-10.18713675213,5.));
#863 = CARTESIAN_POINT('',(22.873341006795,-16.1373617159,11.));
#864 = CARTESIAN_POINT('',(12.7,-8.930705128205,5.));
#865 = CARTESIAN_POINT('',(24.813888960517,-15.21208969164,
    10.999999999999));
#866 = CARTESIAN_POINT('',(12.7,-7.674273504274,5.));
#867 = CARTESIAN_POINT('',(26.51221693569,-13.86221693569,
    11.000000000001));
#868 = CARTESIAN_POINT('',(12.7,-6.417841880342,5.));
#869 = CARTESIAN_POINT('',(27.862089691649,-12.16388896051,11.));
#870 = CARTESIAN_POINT('',(12.7,-5.16141025641,5.));
#871 = CARTESIAN_POINT('',(28.787361715908,-10.22334100679,11.));
#872 = CARTESIAN_POINT('',(12.7,-3.904978632479,5.));
#873 = CARTESIAN_POINT('',(29.25,-8.161670178918,11.));
#874 = CARTESIAN_POINT('',(12.7,-2.648547008547,5.));
#875 = CARTESIAN_POINT('',(29.25,-6.1,11.));
#876 = DEFINITIONAL_REPRESENTATION('',(#877),#880);
#877 = B_SPLINE_CURVE_WITH_KNOTS('',1,(#878,#879),.UNSPECIFIED.,.F.,.F.,
  (2,2),(0.,10.051452991453),.PIECEWISE_BEZIER_KNOTS.);
#878 = CARTESIAN_POINT('',(-12.7,0.));
#879 = CARTESIAN_POINT('',(-2.648547008547,0.));
#880 = ( GEOMETRIC_REPRESENTATION_CONTEXT(2) 
PARAMETRIC_REPRESENTATION_CONTEXT() REPRESENTATION_CONTEXT('2D SPACE',''
  ) );
#881 = ADVANCED_FACE('',(#882),#318,.T.);
#882 = FACE_BOUND('',#883,.T.);
#883 = EDGE_LOOP('',(#884,#885,#907,#928));
#884 = ORIENTED_EDGE('',*,*,#302,.T.);
#885 = ORIENTED_EDGE('',*,*,#886,.T.);
#886 = EDGE_CURVE('',#303,#887,#889,.T.);
#887 = VERTEX_POINT('',#888);
#888 = CARTESIAN_POINT('',(18.75,-16.6,11.));
#889 = SURFACE_CURVE('',#890,(#893,#900),.PCURVE_S1.);
#890 = B_SPLINE_CURVE_WITH_KNOTS('',1,(#891,#892),.UNSPECIFIED.,.F.,.F.,
  (2,2),(0.,1.),.PIECEWISE_BEZIER_KNOTS.);
#891 = CARTESIAN_POINT('',(12.7,-12.7,5.));
#892 = CARTESIAN_POINT('',(18.75,-16.6,11.));
#893 = PCURVE('',#318,#894);
#894 = DEFINITIONAL_REPRESENTATION('',(#895),#899);
#895 = LINE('',#896,#897);
#896 = CARTESIAN_POINT('',(18.75,0.));
#897 = VECTOR('',#898,1.);
#898 = DIRECTION('',(0.,1.));
#899 = ( GEOMETRIC_REPRESENTATION_CONTEXT(2) 
PARAMETRIC_REPRESENTATION_CONTEXT() REPRESENTATION_CONTEXT('2D SPACE',''
  ) );
#900 = PCURVE('',#857,#901);
#901 = DEFINITIONAL_REPRESENTATION('',(#902),#906);
#902 = LINE('',#903,#904);
#903 = CARTESIAN_POINT('',(-12.7,0.));
#904 = VECTOR('',#905,1.);
#905 = DIRECTION('',(0.,1.));
#906 = ( GEOMETRIC_REPRESENTATION_CONTEXT(2) 
PARAMETRIC_REPRESENTATION_CONTEXT() REPRESENTATION_CONTEXT('2D SPACE',''
  ) );
#907 = ORIENTED_EDGE('',*,*,#908,.F.);
#908 = EDGE_CURVE('',#360,#887,#909,.T.);
#909 = SURFACE_CURVE('',#910,(#914,#921),.PCURVE_S1.);
#910 = LINE('',#911,#912);
#911 = CARTESIAN_POINT('',(0.,-16.6,11.));
#912 = VECTOR('',#913,1.);
#913 = DIRECTION('',(1.,0.,0.));
#914 = PCURVE('',#318,#915);
#915 = DEFINITIONAL_REPRESENTATION('',(#916),#920);
#916 = LINE('',#917,#918);
#917 = CARTESIAN_POINT('',(0.,1.));
#918 = VECTOR('',#919,1.);
#919 = DIRECTION('',(1.,0.));
#920 = ( GEOMETRIC_REPRESENTATION_CONTEXT(2) 
PARAMETRIC_REPRESENTATION_CONTEXT() REPRESENTATION_CONTEXT('2D SPACE',''
  ) );
#921 = PCURVE('',#397,#922);
#922 = DEFINITIONAL_REPRESENTATION('',(#923),#927);
#923 = LINE('',#924,#925);
#924 = CARTESIAN_POINT('',(18.75,0.));
#925 = VECTOR('',#926,1.);
#926 = DIRECTION('',(1.,0.));
#927 = ( GEOMETRIC_REPRESENTATION_CONTEXT(2) 
PARAMETRIC_REPRESENTATION_CONTEXT() REPRESENTATION_CONTEXT('2D SPACE',''
  ) );
#928 = ORIENTED_EDGE('',*,*,#359,.F.);
#929 = ADVANCED_FACE('',(#930),#397,.F.);
#930 = FACE_BOUND('',#931,.F.);
#931 = EDGE_LOOP('',(#932,#955,#983,#1009,#1010));
#932 = ORIENTED_EDGE('',*,*,#933,.F.);
#933 = EDGE_CURVE('',#934,#382,#936,.T.);
#934 = VERTEX_POINT('',#935);
#935 = CARTESIAN_POINT('',(-18.75,-16.6,87.));
#936 = SURFACE_CURVE('',#937,(#941,#948),.PCURVE_S1.);
#937 = LINE('',#938,#939);
#938 = CARTESIAN_POINT('',(-18.75,-16.6,87.));
#939 = VECTOR('',#940,1.);
#940 = DIRECTION('',(0.,0.,-1.));
#941 = PCURVE('',#397,#942);
#942 = DEFINITIONAL_REPRESENTATION('',(#943),#947);
#943 = LINE('',#944,#945);
#944 = CARTESIAN_POINT('',(0.,-76.));
#945 = VECTOR('',#946,1.);
#946 = DIRECTION('',(0.,1.));
#947 = ( GEOMETRIC_REPRESENTATION_CONTEXT(2) 
PARAMETRIC_REPRESENTATION_CONTEXT() REPRESENTATION_CONTEXT('2D SPACE',''
  ) );
#948 = PCURVE('',#450,#949);
#949 = DEFINITIONAL_REPRESENTATION('',(#950),#954);
#950 = LINE('',#951,#952);
#951 = CARTESIAN_POINT('',(-4.712388980385,-76.));
#952 = VECTOR('',#953,1.);
#953 = DIRECTION('',(0.,1.));
#954 = ( GEOMETRIC_REPRESENTATION_CONTEXT(2) 
PARAMETRIC_REPRESENTATION_CONTEXT() REPRESENTATION_CONTEXT('2D SPACE',''
  ) );
#955 = ORIENTED_EDGE('',*,*,#956,.T.);
#956 = EDGE_CURVE('',#934,#957,#959,.T.);
#957 = VERTEX_POINT('',#958);
#958 = CARTESIAN_POINT('',(18.75,-16.6,87.));
#959 = SURFACE_CURVE('',#960,(#964,#971),.PCURVE_S1.);
#960 = LINE('',#961,#962);
#961 = CARTESIAN_POINT('',(0.,-16.6,87.));
#962 = VECTOR('',#963,1.);
#963 = DIRECTION('',(1.,0.,0.));
#964 = PCURVE('',#397,#965);
#965 = DEFINITIONAL_REPRESENTATION('',(#966),#970);
#966 = LINE('',#967,#968);
#967 = CARTESIAN_POINT('',(18.75,-76.));
#968 = VECTOR('',#969,1.);
#969 = DIRECTION('',(1.,0.));
#970 = ( GEOMETRIC_REPRESENTATION_CONTEXT(2) 
PARAMETRIC_REPRESENTATION_CONTEXT() REPRESENTATION_CONTEXT('2D SPACE',''
  ) );
#971 = PCURVE('',#972,#977);
#972 = PLANE('',#973);
#973 = AXIS2_PLACEMENT_3D('',#974,#975,#976);
#974 = CARTESIAN_POINT('',(0.,0.,87.));
#975 = DIRECTION('',(0.,0.,1.));
#976 = DIRECTION('',(1.,0.,0.));
#977 = DEFINITIONAL_REPRESENTATION('',(#978),#982);
#978 = LINE('',#979,#980);
#979 = CARTESIAN_POINT('',(0.,-16.6));
#980 = VECTOR('',#981,1.);
#981 = DIRECTION('',(1.,0.));
#982 = ( GEOMETRIC_REPRESENTATION_CONTEXT(2) 
PARAMETRIC_REPRESENTATION_CONTEXT() REPRESENTATION_CONTEXT('2D SPACE',''
  ) );
#983 = ORIENTED_EDGE('',*,*,#984,.F.);
#984 = EDGE_CURVE('',#887,#957,#985,.T.);
#985 = SURFACE_CURVE('',#986,(#990,#997),.PCURVE_S1.);
#986 = LINE('',#987,#988);
#987 = CARTESIAN_POINT('',(18.75,-16.6,11.));
#988 = VECTOR('',#989,1.);
#989 = DIRECTION('',(0.,0.,1.));
#990 = PCURVE('',#397,#991);
#991 = DEFINITIONAL_REPRESENTATION('',(#992),#996);
#992 = LINE('',#993,#994);
#993 = CARTESIAN_POINT('',(37.5,0.));
#994 = VECTOR('',#995,1.);
#995 = DIRECTION('',(0.,-1.));
#996 = ( GEOMETRIC_REPRESENTATION_CONTEXT(2) 
PARAMETRIC_REPRESENTATION_CONTEXT() REPRESENTATION_CONTEXT('2D SPACE',''
  ) );
#997 = PCURVE('',#998,#1003);
#998 = CYLINDRICAL_SURFACE('',#999,10.5);
#999 = AXIS2_PLACEMENT_3D('',#1000,#1001,#1002);
#1000 = CARTESIAN_POINT('',(18.75,-6.1,11.));
#1001 = DIRECTION('',(-0.,-0.,-1.));
#1002 = DIRECTION('',(1.,0.,0.));
#1003 = DEFINITIONAL_REPRESENTATION('',(#1004),#1008);
#1004 = LINE('',#1005,#1006);
#1005 = CARTESIAN_POINT('',(-4.712388980385,0.));
#1006 = VECTOR('',#1007,1.);
#1007 = DIRECTION('',(-0.,-1.));
#1008 = ( GEOMETRIC_REPRESENTATION_CONTEXT(2) 
PARAMETRIC_REPRESENTATION_CONTEXT() REPRESENTATION_CONTEXT('2D SPACE',''
  ) );
#1009 = ORIENTED_EDGE('',*,*,#908,.F.);
#1010 = ORIENTED_EDGE('',*,*,#381,.F.);
#1011 = ADVANCED_FACE('',(#1012),#450,.T.);
#1012 = FACE_BOUND('',#1013,.F.);
#1013 = EDGE_LOOP('',(#1014,#1037,#1059,#1060));
#1014 = ORIENTED_EDGE('',*,*,#1015,.F.);
#1015 = EDGE_CURVE('',#1016,#435,#1018,.T.);
#1016 = VERTEX_POINT('',#1017);
#1017 = CARTESIAN_POINT('',(-29.25,-6.1,87.));
#1018 = SURFACE_CURVE('',#1019,(#1023,#1030),.PCURVE_S1.);
#1019 = LINE('',#1020,#1021);
#1020 = CARTESIAN_POINT('',(-29.25,-6.1,87.));
#1021 = VECTOR('',#1022,1.);
#1022 = DIRECTION('',(0.,0.,-1.));
#1023 = PCURVE('',#450,#1024);
#1024 = DEFINITIONAL_REPRESENTATION('',(#1025),#1029);
#1025 = LINE('',#1026,#1027);
#1026 = CARTESIAN_POINT('',(-3.14159265359,-76.));
#1027 = VECTOR('',#1028,1.);
#1028 = DIRECTION('',(0.,1.));
#1029 = ( GEOMETRIC_REPRESENTATION_CONTEXT(2) 
PARAMETRIC_REPRESENTATION_CONTEXT() REPRESENTATION_CONTEXT('2D SPACE',''
  ) );
#1030 = PCURVE('',#502,#1031);
#1031 = DEFINITIONAL_REPRESENTATION('',(#1032),#1036);
#1032 = LINE('',#1033,#1034);
#1033 = CARTESIAN_POINT('',(0.,-76.));
#1034 = VECTOR('',#1035,1.);
#1035 = DIRECTION('',(0.,1.));
#1036 = ( GEOMETRIC_REPRESENTATION_CONTEXT(2) 
PARAMETRIC_REPRESENTATION_CONTEXT() REPRESENTATION_CONTEXT('2D SPACE',''
  ) );
#1037 = ORIENTED_EDGE('',*,*,#1038,.T.);
#1038 = EDGE_CURVE('',#1016,#934,#1039,.T.);
#1039 = SURFACE_CURVE('',#1040,(#1045,#1052),.PCURVE_S1.);
#1040 = CIRCLE('',#1041,10.5);
#1041 = AXIS2_PLACEMENT_3D('',#1042,#1043,#1044);
#1042 = CARTESIAN_POINT('',(-18.75,-6.1,87.));
#1043 = DIRECTION('',(0.,0.,1.));
#1044 = DIRECTION('',(1.,0.,0.));
#1045 = PCURVE('',#450,#1046);
#1046 = DEFINITIONAL_REPRESENTATION('',(#1047),#1051);
#1047 = LINE('',#1048,#1049);
#1048 = CARTESIAN_POINT('',(-0.,-76.));
#1049 = VECTOR('',#1050,1.);
#1050 = DIRECTION('',(-1.,0.));
#1051 = ( GEOMETRIC_REPRESENTATION_CONTEXT(2) 
PARAMETRIC_REPRESENTATION_CONTEXT() REPRESENTATION_CONTEXT('2D SPACE',''
  ) );
#1052 = PCURVE('',#972,#1053);
#1053 = DEFINITIONAL_REPRESENTATION('',(#1054),#1058);
#1054 = CIRCLE('',#1055,10.5);
#1055 = AXIS2_PLACEMENT_2D('',#1056,#1057);
#1056 = CARTESIAN_POINT('',(-18.75,-6.1));
#1057 = DIRECTION('',(1.,0.));
#1058 = ( GEOMETRIC_REPRESENTATION_CONTEXT(2) 
PARAMETRIC_REPRESENTATION_CONTEXT() REPRESENTATION_CONTEXT('2D SPACE',''
  ) );
#1059 = ORIENTED_EDGE('',*,*,#933,.T.);
#1060 = ORIENTED_EDGE('',*,*,#434,.F.);
#1061 = ADVANCED_FACE('',(#1062),#502,.T.);
#1062 = FACE_BOUND('',#1063,.T.);
#1063 = EDGE_LOOP('',(#1064,#1065,#1088,#1109));
#1064 = ORIENTED_EDGE('',*,*,#1015,.F.);
#1065 = ORIENTED_EDGE('',*,*,#1066,.T.);
#1066 = EDGE_CURVE('',#1016,#1067,#1069,.T.);
#1067 = VERTEX_POINT('',#1068);
#1068 = CARTESIAN_POINT('',(-29.25,6.1,87.));
#1069 = SURFACE_CURVE('',#1070,(#1074,#1081),.PCURVE_S1.);
#1070 = LINE('',#1071,#1072);
#1071 = CARTESIAN_POINT('',(-29.25,0.,87.));
#1072 = VECTOR('',#1073,1.);
#1073 = DIRECTION('',(0.,1.,0.));
#1074 = PCURVE('',#502,#1075);
#1075 = DEFINITIONAL_REPRESENTATION('',(#1076),#1080);
#1076 = LINE('',#1077,#1078);
#1077 = CARTESIAN_POINT('',(6.1,-76.));
#1078 = VECTOR('',#1079,1.);
#1079 = DIRECTION('',(1.,0.));
#1080 = ( GEOMETRIC_REPRESENTATION_CONTEXT(2) 
PARAMETRIC_REPRESENTATION_CONTEXT() REPRESENTATION_CONTEXT('2D SPACE',''
  ) );
#1081 = PCURVE('',#972,#1082);
#1082 = DEFINITIONAL_REPRESENTATION('',(#1083),#1087);
#1083 = LINE('',#1084,#1085);
#1084 = CARTESIAN_POINT('',(-29.25,0.));
#1085 = VECTOR('',#1086,1.);
#1086 = DIRECTION('',(0.,1.));
#1087 = ( GEOMETRIC_REPRESENTATION_CONTEXT(2) 
PARAMETRIC_REPRESENTATION_CONTEXT() REPRESENTATION_CONTEXT('2D SPACE',''
  ) );
#1088 = ORIENTED_EDGE('',*,*,#1089,.T.);
#1089 = EDGE_CURVE('',#1067,#487,#1090,.T.);
#1090 = SURFACE_CURVE('',#1091,(#1095,#1102),.PCURVE_S1.);
#1091 = LINE('',#1092,#1093);
#1092 = CARTESIAN_POINT('',(-29.25,6.1,87.));
#1093 = VECTOR('',#1094,1.);
#1094 = DIRECTION('',(0.,0.,-1.));
#1095 = PCURVE('',#502,#1096);
#1096 = DEFINITIONAL_REPRESENTATION('',(#1097),#1101);
#1097 = LINE('',#1098,#1099);
#1098 = CARTESIAN_POINT('',(12.2,-76.));
#1099 = VECTOR('',#1100,1.);
#1100 = DIRECTION('',(0.,1.));
#1101 = ( GEOMETRIC_REPRESENTATION_CONTEXT(2) 
PARAMETRIC_REPRESENTATION_CONTEXT() REPRESENTATION_CONTEXT('2D SPACE',''
  ) );
#1102 = PCURVE('',#555,#1103);
#1103 = DEFINITIONAL_REPRESENTATION('',(#1104),#1108);
#1104 = LINE('',#1105,#1106);
#1105 = CARTESIAN_POINT('',(-3.14159265359,-76.));
#1106 = VECTOR('',#1107,1.);
#1107 = DIRECTION('',(0.,1.));
#1108 = ( GEOMETRIC_REPRESENTATION_CONTEXT(2) 
PARAMETRIC_REPRESENTATION_CONTEXT() REPRESENTATION_CONTEXT('2D SPACE',''
  ) );
#1109 = ORIENTED_EDGE('',*,*,#486,.F.);
#1110 = ADVANCED_FACE('',(#1111,#1160),#555,.T.);
#1111 = FACE_BOUND('',#1112,.F.);
#1112 = EDGE_LOOP('',(#1113,#1136,#1158,#1159));
#1113 = ORIENTED_EDGE('',*,*,#1114,.F.);
#1114 = EDGE_CURVE('',#1115,#540,#1117,.T.);
#1115 = VERTEX_POINT('',#1116);
#1116 = CARTESIAN_POINT('',(-18.75,16.6,87.));
#1117 = SURFACE_CURVE('',#1118,(#1122,#1129),.PCURVE_S1.);
#1118 = LINE('',#1119,#1120);
#1119 = CARTESIAN_POINT('',(-18.75,16.6,87.));
#1120 = VECTOR('',#1121,1.);
#1121 = DIRECTION('',(0.,0.,-1.));
#1122 = PCURVE('',#555,#1123);
#1123 = DEFINITIONAL_REPRESENTATION('',(#1124),#1128);
#1124 = LINE('',#1125,#1126);
#1125 = CARTESIAN_POINT('',(-1.570796326795,-76.));
#1126 = VECTOR('',#1127,1.);
#1127 = DIRECTION('',(0.,1.));
#1128 = ( GEOMETRIC_REPRESENTATION_CONTEXT(2) 
PARAMETRIC_REPRESENTATION_CONTEXT() REPRESENTATION_CONTEXT('2D SPACE',''
  ) );
#1129 = PCURVE('',#607,#1130);
#1130 = DEFINITIONAL_REPRESENTATION('',(#1131),#1135);
#1131 = LINE('',#1132,#1133);
#1132 = CARTESIAN_POINT('',(0.,-76.));
#1133 = VECTOR('',#1134,1.);
#1134 = DIRECTION('',(0.,1.));
#1135 = ( GEOMETRIC_REPRESENTATION_CONTEXT(2) 
PARAMETRIC_REPRESENTATION_CONTEXT() REPRESENTATION_CONTEXT('2D SPACE',''
  ) );
#1136 = ORIENTED_EDGE('',*,*,#1137,.T.);
#1137 = EDGE_CURVE('',#1115,#1067,#1138,.T.);
#1138 = SURFACE_CURVE('',#1139,(#1144,#1151),.PCURVE_S1.);
#1139 = CIRCLE('',#1140,10.5);
#1140 = AXIS2_PLACEMENT_3D('',#1141,#1142,#1143);
#1141 = CARTESIAN_POINT('',(-18.75,6.1,87.));
#1142 = DIRECTION('',(0.,0.,1.));
#1143 = DIRECTION('',(1.,0.,0.));
#1144 = PCURVE('',#555,#1145);
#1145 = DEFINITIONAL_REPRESENTATION('',(#1146),#1150);
#1146 = LINE('',#1147,#1148);
#1147 = CARTESIAN_POINT('',(-0.,-76.));
#1148 = VECTOR('',#1149,1.);
#1149 = DIRECTION('',(-1.,0.));
#1150 = ( GEOMETRIC_REPRESENTATION_CONTEXT(2) 
PARAMETRIC_REPRESENTATION_CONTEXT() REPRESENTATION_CONTEXT('2D SPACE',''
  ) );
#1151 = PCURVE('',#972,#1152);
#1152 = DEFINITIONAL_REPRESENTATION('',(#1153),#1157);
#1153 = CIRCLE('',#1154,10.5);
#1154 = AXIS2_PLACEMENT_2D('',#1155,#1156);
#1155 = CARTESIAN_POINT('',(-18.75,6.1));
#1156 = DIRECTION('',(1.,0.));
#1157 = ( GEOMETRIC_REPRESENTATION_CONTEXT(2) 
PARAMETRIC_REPRESENTATION_CONTEXT() REPRESENTATION_CONTEXT('2D SPACE',''
  ) );
#1158 = ORIENTED_EDGE('',*,*,#1089,.T.);
#1159 = ORIENTED_EDGE('',*,*,#539,.F.);
#1160 = FACE_BOUND('',#1161,.F.);
#1161 = EDGE_LOOP('',(#1162,#1190,#1223,#1249));
#1162 = ORIENTED_EDGE('',*,*,#1163,.F.);
#1163 = EDGE_CURVE('',#1164,#1166,#1168,.T.);
#1164 = VERTEX_POINT('',#1165);
#1165 = CARTESIAN_POINT('',(-28.64949493661,9.6,69.2));
#1166 = VERTEX_POINT('',#1167);
#1167 = CARTESIAN_POINT('',(-28.64949493661,9.6,47.2));
#1168 = SURFACE_CURVE('',#1169,(#1173,#1179),.PCURVE_S1.);
#1169 = LINE('',#1170,#1171);
#1170 = CARTESIAN_POINT('',(-28.64949493661,9.6,11.));
#1171 = VECTOR('',#1172,1.);
#1172 = DIRECTION('',(-0.,-0.,-1.));
#1173 = PCURVE('',#555,#1174);
#1174 = DEFINITIONAL_REPRESENTATION('',(#1175),#1178);
#1175 = B_SPLINE_CURVE_WITH_KNOTS('',1,(#1176,#1177),.UNSPECIFIED.,.F.,
  .F.,(2,2),(-60.4,-34.),.PIECEWISE_BEZIER_KNOTS.);
#1176 = CARTESIAN_POINT('',(-2.801755744136,-60.4));
#1177 = CARTESIAN_POINT('',(-2.801755744136,-34.));
#1178 = ( GEOMETRIC_REPRESENTATION_CONTEXT(2) 
PARAMETRIC_REPRESENTATION_CONTEXT() REPRESENTATION_CONTEXT('2D SPACE',''
  ) );
#1179 = PCURVE('',#1180,#1185);
#1180 = PLANE('',#1181);
#1181 = AXIS2_PLACEMENT_3D('',#1182,#1183,#1184);
#1182 = CARTESIAN_POINT('',(-30.25,9.6,47.2));
#1183 = DIRECTION('',(0.,1.,0.));
#1184 = DIRECTION('',(0.,0.,1.));
#1185 = DEFINITIONAL_REPRESENTATION('',(#1186),#1189);
#1186 = B_SPLINE_CURVE_WITH_KNOTS('',1,(#1187,#1188),.UNSPECIFIED.,.F.,
  .F.,(2,2),(-60.4,-34.),.PIECEWISE_BEZIER_KNOTS.);
#1187 = CARTESIAN_POINT('',(24.2,1.600505063388));
#1188 = CARTESIAN_POINT('',(-2.2,1.600505063388));
#1189 = ( GEOMETRIC_REPRESENTATION_CONTEXT(2) 
PARAMETRIC_REPRESENTATION_CONTEXT() REPRESENTATION_CONTEXT('2D SPACE',''
  ) );
#1190 = ORIENTED_EDGE('',*,*,#1191,.T.);
#1191 = EDGE_CURVE('',#1164,#1192,#1194,.T.);
#1192 = VERTEX_POINT('',#1193);
#1193 = CARTESIAN_POINT('',(-26.09846922835,13.6,69.2));
#1194 = SURFACE_CURVE('',#1195,(#1200,#1207),.PCURVE_S1.);
#1195 = CIRCLE('',#1196,10.5);
#1196 = AXIS2_PLACEMENT_3D('',#1197,#1198,#1199);
#1197 = CARTESIAN_POINT('',(-18.75,6.1,69.2));
#1198 = DIRECTION('',(0.,0.,-1.));
#1199 = DIRECTION('',(1.,0.,0.));
#1200 = PCURVE('',#555,#1201);
#1201 = DEFINITIONAL_REPRESENTATION('',(#1202),#1206);
#1202 = LINE('',#1203,#1204);
#1203 = CARTESIAN_POINT('',(-6.28318530718,-58.2));
#1204 = VECTOR('',#1205,1.);
#1205 = DIRECTION('',(1.,-0.));
#1206 = ( GEOMETRIC_REPRESENTATION_CONTEXT(2) 
PARAMETRIC_REPRESENTATION_CONTEXT() REPRESENTATION_CONTEXT('2D SPACE',''
  ) );
#1207 = PCURVE('',#1208,#1213);
#1208 = PLANE('',#1209);
#1209 = AXIS2_PLACEMENT_3D('',#1210,#1211,#1212);
#1210 = CARTESIAN_POINT('',(-30.25,9.6,69.2));
#1211 = DIRECTION('',(0.,0.,1.));
#1212 = DIRECTION('',(1.,0.,0.));
#1213 = DEFINITIONAL_REPRESENTATION('',(#1214),#1222);
#1214 = ( BOUNDED_CURVE() B_SPLINE_CURVE(2,(#1215,#1216,#1217,#1218,
#1219,#1220,#1221),.UNSPECIFIED.,.T.,.F.) B_SPLINE_CURVE_WITH_KNOTS((1,2
    ,2,2,2,1),(-2.094395102393,0.,2.094395102393,4.188790204786,
6.28318530718,8.377580409573),.UNSPECIFIED.) CURVE() 
GEOMETRIC_REPRESENTATION_ITEM() RATIONAL_B_SPLINE_CURVE((1.,0.5,1.,0.5,
1.,0.5,1.)) REPRESENTATION_ITEM('') );
#1215 = CARTESIAN_POINT('',(22.,-3.5));
#1216 = CARTESIAN_POINT('',(22.,-21.68653347947));
#1217 = CARTESIAN_POINT('',(6.25,-12.59326673973));
#1218 = CARTESIAN_POINT('',(-9.5,-3.5));
#1219 = CARTESIAN_POINT('',(6.25,5.593266739737));
#1220 = CARTESIAN_POINT('',(22.,14.686533479473));
#1221 = CARTESIAN_POINT('',(22.,-3.5));
#1222 = ( GEOMETRIC_REPRESENTATION_CONTEXT(2) 
PARAMETRIC_REPRESENTATION_CONTEXT() REPRESENTATION_CONTEXT('2D SPACE',''
  ) );
#1223 = ORIENTED_EDGE('',*,*,#1224,.T.);
#1224 = EDGE_CURVE('',#1192,#1225,#1227,.T.);
#1225 = VERTEX_POINT('',#1226);
#1226 = CARTESIAN_POINT('',(-26.09846922835,13.6,47.2));
#1227 = SURFACE_CURVE('',#1228,(#1232,#1238),.PCURVE_S1.);
#1228 = LINE('',#1229,#1230);
#1229 = CARTESIAN_POINT('',(-26.09846922835,13.6,11.));
#1230 = VECTOR('',#1231,1.);
#1231 = DIRECTION('',(-0.,-0.,-1.));
#1232 = PCURVE('',#555,#1233);
#1233 = DEFINITIONAL_REPRESENTATION('',(#1234),#1237);
#1234 = B_SPLINE_CURVE_WITH_KNOTS('',1,(#1235,#1236),.UNSPECIFIED.,.F.,
  .F.,(2,2),(-60.4,-34.),.PIECEWISE_BEZIER_KNOTS.);
#1235 = CARTESIAN_POINT('',(-2.345989700105,-60.4));
#1236 = CARTESIAN_POINT('',(-2.345989700105,-34.));
#1237 = ( GEOMETRIC_REPRESENTATION_CONTEXT(2) 
PARAMETRIC_REPRESENTATION_CONTEXT() REPRESENTATION_CONTEXT('2D SPACE',''
  ) );
#1238 = PCURVE('',#1239,#1244);
#1239 = PLANE('',#1240);
#1240 = AXIS2_PLACEMENT_3D('',#1241,#1242,#1243);
#1241 = CARTESIAN_POINT('',(-30.25,13.6,47.2));
#1242 = DIRECTION('',(0.,1.,0.));
#1243 = DIRECTION('',(0.,0.,1.));
#1244 = DEFINITIONAL_REPRESENTATION('',(#1245),#1248);
#1245 = B_SPLINE_CURVE_WITH_KNOTS('',1,(#1246,#1247),.UNSPECIFIED.,.F.,
  .F.,(2,2),(-60.4,-34.),.PIECEWISE_BEZIER_KNOTS.);
#1246 = CARTESIAN_POINT('',(24.2,4.15153077165));
#1247 = CARTESIAN_POINT('',(-2.2,4.15153077165));
#1248 = ( GEOMETRIC_REPRESENTATION_CONTEXT(2) 
PARAMETRIC_REPRESENTATION_CONTEXT() REPRESENTATION_CONTEXT('2D SPACE',''
  ) );
#1249 = ORIENTED_EDGE('',*,*,#1250,.F.);
#1250 = EDGE_CURVE('',#1166,#1225,#1251,.T.);
#1251 = SURFACE_CURVE('',#1252,(#1257,#1264),.PCURVE_S1.);
#1252 = CIRCLE('',#1253,10.5);
#1253 = AXIS2_PLACEMENT_3D('',#1254,#1255,#1256);
#1254 = CARTESIAN_POINT('',(-18.75,6.1,47.2));
#1255 = DIRECTION('',(0.,0.,-1.));
#1256 = DIRECTION('',(1.,0.,0.));
#1257 = PCURVE('',#555,#1258);
#1258 = DEFINITIONAL_REPRESENTATION('',(#1259),#1263);
#1259 = LINE('',#1260,#1261);
#1260 = CARTESIAN_POINT('',(-6.28318530718,-36.2));
#1261 = VECTOR('',#1262,1.);
#1262 = DIRECTION('',(1.,-0.));
#1263 = ( GEOMETRIC_REPRESENTATION_CONTEXT(2) 
PARAMETRIC_REPRESENTATION_CONTEXT() REPRESENTATION_CONTEXT('2D SPACE',''
  ) );
#1264 = PCURVE('',#1265,#1270);
#1265 = PLANE('',#1266);
#1266 = AXIS2_PLACEMENT_3D('',#1267,#1268,#1269);
#1267 = CARTESIAN_POINT('',(-30.25,9.6,47.2));
#1268 = DIRECTION('',(0.,0.,1.));
#1269 = DIRECTION('',(1.,0.,0.));
#1270 = DEFINITIONAL_REPRESENTATION('',(#1271),#1279);
#1271 = ( BOUNDED_CURVE() B_SPLINE_CURVE(2,(#1272,#1273,#1274,#1275,
#1276,#1277,#1278),.UNSPECIFIED.,.T.,.F.) B_SPLINE_CURVE_WITH_KNOTS((1,2
    ,2,2,2,1),(-2.094395102393,0.,2.094395102393,4.188790204786,
6.28318530718,8.377580409573),.UNSPECIFIED.) CURVE() 
GEOMETRIC_REPRESENTATION_ITEM() RATIONAL_B_SPLINE_CURVE((1.,0.5,1.,0.5,
1.,0.5,1.)) REPRESENTATION_ITEM('') );
#1272 = CARTESIAN_POINT('',(22.,-3.5));
#1273 = CARTESIAN_POINT('',(22.,-21.68653347947));
#1274 = CARTESIAN_POINT('',(6.25,-12.59326673973));
#1275 = CARTESIAN_POINT('',(-9.5,-3.5));
#1276 = CARTESIAN_POINT('',(6.25,5.593266739737));
#1277 = CARTESIAN_POINT('',(22.,14.686533479473));
#1278 = CARTESIAN_POINT('',(22.,-3.5));
#1279 = ( GEOMETRIC_REPRESENTATION_CONTEXT(2) 
PARAMETRIC_REPRESENTATION_CONTEXT() REPRESENTATION_CONTEXT('2D SPACE',''
  ) );
#1280 = ADVANCED_FACE('',(#1281),#607,.T.);
#1281 = FACE_BOUND('',#1282,.T.);
#1282 = EDGE_LOOP('',(#1283,#1284,#1307,#1335,#1363,#1391,#1414,#1442,
    #1465,#1486));
#1283 = ORIENTED_EDGE('',*,*,#1114,.F.);
#1284 = ORIENTED_EDGE('',*,*,#1285,.T.);
#1285 = EDGE_CURVE('',#1115,#1286,#1288,.T.);
#1286 = VERTEX_POINT('',#1287);
#1287 = CARTESIAN_POINT('',(-14.25,16.6,87.));
#1288 = SURFACE_CURVE('',#1289,(#1293,#1300),.PCURVE_S1.);
#1289 = LINE('',#1290,#1291);
#1290 = CARTESIAN_POINT('',(0.,16.6,87.));
#1291 = VECTOR('',#1292,1.);
#1292 = DIRECTION('',(1.,0.,0.));
#1293 = PCURVE('',#607,#1294);
#1294 = DEFINITIONAL_REPRESENTATION('',(#1295),#1299);
#1295 = LINE('',#1296,#1297);
#1296 = CARTESIAN_POINT('',(18.75,-76.));
#1297 = VECTOR('',#1298,1.);
#1298 = DIRECTION('',(1.,0.));
#1299 = ( GEOMETRIC_REPRESENTATION_CONTEXT(2) 
PARAMETRIC_REPRESENTATION_CONTEXT() REPRESENTATION_CONTEXT('2D SPACE',''
  ) );
#1300 = PCURVE('',#972,#1301);
#1301 = DEFINITIONAL_REPRESENTATION('',(#1302),#1306);
#1302 = LINE('',#1303,#1304);
#1303 = CARTESIAN_POINT('',(0.,16.6));
#1304 = VECTOR('',#1305,1.);
#1305 = DIRECTION('',(1.,0.));
#1306 = ( GEOMETRIC_REPRESENTATION_CONTEXT(2) 
PARAMETRIC_REPRESENTATION_CONTEXT() REPRESENTATION_CONTEXT('2D SPACE',''
  ) );
#1307 = ORIENTED_EDGE('',*,*,#1308,.F.);
#1308 = EDGE_CURVE('',#1309,#1286,#1311,.T.);
#1309 = VERTEX_POINT('',#1310);
#1310 = CARTESIAN_POINT('',(-14.25,16.6,15.));
#1311 = SURFACE_CURVE('',#1312,(#1316,#1323),.PCURVE_S1.);
#1312 = LINE('',#1313,#1314);
#1313 = CARTESIAN_POINT('',(-14.25,16.6,15.));
#1314 = VECTOR('',#1315,1.);
#1315 = DIRECTION('',(0.,0.,1.));
#1316 = PCURVE('',#607,#1317);
#1317 = DEFINITIONAL_REPRESENTATION('',(#1318),#1322);
#1318 = LINE('',#1319,#1320);
#1319 = CARTESIAN_POINT('',(4.5,-4.));
#1320 = VECTOR('',#1321,1.);
#1321 = DIRECTION('',(0.,-1.));
#1322 = ( GEOMETRIC_REPRESENTATION_CONTEXT(2) 
PARAMETRIC_REPRESENTATION_CONTEXT() REPRESENTATION_CONTEXT('2D SPACE',''
  ) );
#1323 = PCURVE('',#1324,#1329);
#1324 = PLANE('',#1325);
#1325 = AXIS2_PLACEMENT_3D('',#1326,#1327,#1328);
#1326 = CARTESIAN_POINT('',(-14.25,13.6,15.));
#1327 = DIRECTION('',(-1.,0.,0.));
#1328 = DIRECTION('',(0.,1.,0.));
#1329 = DEFINITIONAL_REPRESENTATION('',(#1330),#1334);
#1330 = LINE('',#1331,#1332);
#1331 = CARTESIAN_POINT('',(3.,0.));
#1332 = VECTOR('',#1333,1.);
#1333 = DIRECTION('',(0.,-1.));
#1334 = ( GEOMETRIC_REPRESENTATION_CONTEXT(2) 
PARAMETRIC_REPRESENTATION_CONTEXT() REPRESENTATION_CONTEXT('2D SPACE',''
  ) );
#1335 = ORIENTED_EDGE('',*,*,#1336,.T.);
#1336 = EDGE_CURVE('',#1309,#1337,#1339,.T.);
#1337 = VERTEX_POINT('',#1338);
#1338 = CARTESIAN_POINT('',(14.25,16.6,15.));
#1339 = SURFACE_CURVE('',#1340,(#1344,#1351),.PCURVE_S1.);
#1340 = LINE('',#1341,#1342);
#1341 = CARTESIAN_POINT('',(0.,16.6,15.));
#1342 = VECTOR('',#1343,1.);
#1343 = DIRECTION('',(1.,0.,0.));
#1344 = PCURVE('',#607,#1345);
#1345 = DEFINITIONAL_REPRESENTATION('',(#1346),#1350);
#1346 = LINE('',#1347,#1348);
#1347 = CARTESIAN_POINT('',(18.75,-4.));
#1348 = VECTOR('',#1349,1.);
#1349 = DIRECTION('',(1.,0.));
#1350 = ( GEOMETRIC_REPRESENTATION_CONTEXT(2) 
PARAMETRIC_REPRESENTATION_CONTEXT() REPRESENTATION_CONTEXT('2D SPACE',''
  ) );
#1351 = PCURVE('',#1352,#1357);
#1352 = PLANE('',#1353);
#1353 = AXIS2_PLACEMENT_3D('',#1354,#1355,#1356);
#1354 = CARTESIAN_POINT('',(0.,0.,15.));
#1355 = DIRECTION('',(0.,0.,1.));
#1356 = DIRECTION('',(1.,0.,0.));
#1357 = DEFINITIONAL_REPRESENTATION('',(#1358),#1362);
#1358 = LINE('',#1359,#1360);
#1359 = CARTESIAN_POINT('',(0.,16.6));
#1360 = VECTOR('',#1361,1.);
#1361 = DIRECTION('',(1.,0.));
#1362 = ( GEOMETRIC_REPRESENTATION_CONTEXT(2) 
PARAMETRIC_REPRESENTATION_CONTEXT() REPRESENTATION_CONTEXT('2D SPACE',''
  ) );
#1363 = ORIENTED_EDGE('',*,*,#1364,.T.);
#1364 = EDGE_CURVE('',#1337,#1365,#1367,.T.);
#1365 = VERTEX_POINT('',#1366);
#1366 = CARTESIAN_POINT('',(14.25,16.6,87.));
#1367 = SURFACE_CURVE('',#1368,(#1372,#1379),.PCURVE_S1.);
#1368 = LINE('',#1369,#1370);
#1369 = CARTESIAN_POINT('',(14.25,16.6,15.));
#1370 = VECTOR('',#1371,1.);
#1371 = DIRECTION('',(0.,0.,1.));
#1372 = PCURVE('',#607,#1373);
#1373 = DEFINITIONAL_REPRESENTATION('',(#1374),#1378);
#1374 = LINE('',#1375,#1376);
#1375 = CARTESIAN_POINT('',(33.,-4.));
#1376 = VECTOR('',#1377,1.);
#1377 = DIRECTION('',(0.,-1.));
#1378 = ( GEOMETRIC_REPRESENTATION_CONTEXT(2) 
PARAMETRIC_REPRESENTATION_CONTEXT() REPRESENTATION_CONTEXT('2D SPACE',''
  ) );
#1379 = PCURVE('',#1380,#1385);
#1380 = PLANE('',#1381);
#1381 = AXIS2_PLACEMENT_3D('',#1382,#1383,#1384);
#1382 = CARTESIAN_POINT('',(14.25,13.6,15.));
#1383 = DIRECTION('',(-1.,0.,0.));
#1384 = DIRECTION('',(0.,1.,0.));
#1385 = DEFINITIONAL_REPRESENTATION('',(#1386),#1390);
#1386 = LINE('',#1387,#1388);
#1387 = CARTESIAN_POINT('',(3.,0.));
#1388 = VECTOR('',#1389,1.);
#1389 = DIRECTION('',(0.,-1.));
#1390 = ( GEOMETRIC_REPRESENTATION_CONTEXT(2) 
PARAMETRIC_REPRESENTATION_CONTEXT() REPRESENTATION_CONTEXT('2D SPACE',''
  ) );
#1391 = ORIENTED_EDGE('',*,*,#1392,.T.);
#1392 = EDGE_CURVE('',#1365,#1393,#1395,.T.);
#1393 = VERTEX_POINT('',#1394);
#1394 = CARTESIAN_POINT('',(18.75,16.6,87.));
#1395 = SURFACE_CURVE('',#1396,(#1400,#1407),.PCURVE_S1.);
#1396 = LINE('',#1397,#1398);
#1397 = CARTESIAN_POINT('',(0.,16.6,87.));
#1398 = VECTOR('',#1399,1.);
#1399 = DIRECTION('',(1.,0.,0.));
#1400 = PCURVE('',#607,#1401);
#1401 = DEFINITIONAL_REPRESENTATION('',(#1402),#1406);
#1402 = LINE('',#1403,#1404);
#1403 = CARTESIAN_POINT('',(18.75,-76.));
#1404 = VECTOR('',#1405,1.);
#1405 = DIRECTION('',(1.,0.));
#1406 = ( GEOMETRIC_REPRESENTATION_CONTEXT(2) 
PARAMETRIC_REPRESENTATION_CONTEXT() REPRESENTATION_CONTEXT('2D SPACE',''
  ) );
#1407 = PCURVE('',#972,#1408);
#1408 = DEFINITIONAL_REPRESENTATION('',(#1409),#1413);
#1409 = LINE('',#1410,#1411);
#1410 = CARTESIAN_POINT('',(0.,16.6));
#1411 = VECTOR('',#1412,1.);
#1412 = DIRECTION('',(1.,0.));
#1413 = ( GEOMETRIC_REPRESENTATION_CONTEXT(2) 
PARAMETRIC_REPRESENTATION_CONTEXT() REPRESENTATION_CONTEXT('2D SPACE',''
  ) );
#1414 = ORIENTED_EDGE('',*,*,#1415,.T.);
#1415 = EDGE_CURVE('',#1393,#1416,#1418,.T.);
#1416 = VERTEX_POINT('',#1417);
#1417 = CARTESIAN_POINT('',(18.75,16.6,11.));
#1418 = SURFACE_CURVE('',#1419,(#1423,#1430),.PCURVE_S1.);
#1419 = LINE('',#1420,#1421);
#1420 = CARTESIAN_POINT('',(18.75,16.6,87.));
#1421 = VECTOR('',#1422,1.);
#1422 = DIRECTION('',(0.,0.,-1.));
#1423 = PCURVE('',#607,#1424);
#1424 = DEFINITIONAL_REPRESENTATION('',(#1425),#1429);
#1425 = LINE('',#1426,#1427);
#1426 = CARTESIAN_POINT('',(37.5,-76.));
#1427 = VECTOR('',#1428,1.);
#1428 = DIRECTION('',(0.,1.));
#1429 = ( GEOMETRIC_REPRESENTATION_CONTEXT(2) 
PARAMETRIC_REPRESENTATION_CONTEXT() REPRESENTATION_CONTEXT('2D SPACE',''
  ) );
#1430 = PCURVE('',#1431,#1436);
#1431 = CYLINDRICAL_SURFACE('',#1432,10.5);
#1432 = AXIS2_PLACEMENT_3D('',#1433,#1434,#1435);
#1433 = CARTESIAN_POINT('',(18.75,6.1,11.));
#1434 = DIRECTION('',(-0.,-0.,-1.));
#1435 = DIRECTION('',(1.,0.,0.));
#1436 = DEFINITIONAL_REPRESENTATION('',(#1437),#1441);
#1437 = LINE('',#1438,#1439);
#1438 = CARTESIAN_POINT('',(-1.570796326795,-76.));
#1439 = VECTOR('',#1440,1.);
#1440 = DIRECTION('',(0.,1.));
#1441 = ( GEOMETRIC_REPRESENTATION_CONTEXT(2) 
PARAMETRIC_REPRESENTATION_CONTEXT() REPRESENTATION_CONTEXT('2D SPACE',''
  ) );
#1442 = ORIENTED_EDGE('',*,*,#1443,.F.);
#1443 = EDGE_CURVE('',#1444,#1416,#1446,.T.);
#1444 = VERTEX_POINT('',#1445);
#1445 = CARTESIAN_POINT('',(16.6,16.6,11.));
#1446 = SURFACE_CURVE('',#1447,(#1451,#1458),.PCURVE_S1.);
#1447 = LINE('',#1448,#1449);
#1448 = CARTESIAN_POINT('',(0.,16.6,11.));
#1449 = VECTOR('',#1450,1.);
#1450 = DIRECTION('',(1.,0.,0.));
#1451 = PCURVE('',#607,#1452);
#1452 = DEFINITIONAL_REPRESENTATION('',(#1453),#1457);
#1453 = LINE('',#1454,#1455);
#1454 = CARTESIAN_POINT('',(18.75,0.));
#1455 = VECTOR('',#1456,1.);
#1456 = DIRECTION('',(1.,0.));
#1457 = ( GEOMETRIC_REPRESENTATION_CONTEXT(2) 
PARAMETRIC_REPRESENTATION_CONTEXT() REPRESENTATION_CONTEXT('2D SPACE',''
  ) );
#1458 = PCURVE('',#763,#1459);
#1459 = DEFINITIONAL_REPRESENTATION('',(#1460),#1464);
#1460 = LINE('',#1461,#1462);
#1461 = CARTESIAN_POINT('',(0.,1.));
#1462 = VECTOR('',#1463,1.);
#1463 = DIRECTION('',(-1.,0.));
#1464 = ( GEOMETRIC_REPRESENTATION_CONTEXT(2) 
PARAMETRIC_REPRESENTATION_CONTEXT() REPRESENTATION_CONTEXT('2D SPACE',''
  ) );
#1465 = ORIENTED_EDGE('',*,*,#1466,.F.);
#1466 = EDGE_CURVE('',#592,#1444,#1467,.T.);
#1467 = SURFACE_CURVE('',#1468,(#1472,#1479),.PCURVE_S1.);
#1468 = LINE('',#1469,#1470);
#1469 = CARTESIAN_POINT('',(0.,16.6,11.));
#1470 = VECTOR('',#1471,1.);
#1471 = DIRECTION('',(1.,0.,0.));
#1472 = PCURVE('',#607,#1473);
#1473 = DEFINITIONAL_REPRESENTATION('',(#1474),#1478);
#1474 = LINE('',#1475,#1476);
#1475 = CARTESIAN_POINT('',(18.75,0.));
#1476 = VECTOR('',#1477,1.);
#1477 = DIRECTION('',(1.,0.));
#1478 = ( GEOMETRIC_REPRESENTATION_CONTEXT(2) 
PARAMETRIC_REPRESENTATION_CONTEXT() REPRESENTATION_CONTEXT('2D SPACE',''
  ) );
#1479 = PCURVE('',#632,#1480);
#1480 = DEFINITIONAL_REPRESENTATION('',(#1481),#1485);
#1481 = LINE('',#1482,#1483);
#1482 = CARTESIAN_POINT('',(0.,1.));
#1483 = VECTOR('',#1484,1.);
#1484 = DIRECTION('',(-1.,0.));
#1485 = ( GEOMETRIC_REPRESENTATION_CONTEXT(2) 
PARAMETRIC_REPRESENTATION_CONTEXT() REPRESENTATION_CONTEXT('2D SPACE',''
  ) );
#1486 = ORIENTED_EDGE('',*,*,#591,.F.);
#1487 = ADVANCED_FACE('',(#1488),#632,.T.);
#1488 = FACE_BOUND('',#1489,.T.);
#1489 = EDGE_LOOP('',(#1490,#1491,#1492,#1493));
#1490 = ORIENTED_EDGE('',*,*,#671,.F.);
#1491 = ORIENTED_EDGE('',*,*,#619,.T.);
#1492 = ORIENTED_EDGE('',*,*,#1466,.T.);
#1493 = ORIENTED_EDGE('',*,*,#1494,.F.);
#1494 = EDGE_CURVE('',#672,#1444,#1495,.T.);
#1495 = SURFACE_CURVE('',#1496,(#1499,#1506),.PCURVE_S1.);
#1496 = B_SPLINE_CURVE_WITH_KNOTS('',1,(#1497,#1498),.UNSPECIFIED.,.F.,
  .F.,(2,2),(0.,1.),.PIECEWISE_BEZIER_KNOTS.);
#1497 = CARTESIAN_POINT('',(12.7,12.7,5.));
#1498 = CARTESIAN_POINT('',(16.6,16.6,11.));
#1499 = PCURVE('',#632,#1500);
#1500 = DEFINITIONAL_REPRESENTATION('',(#1501),#1505);
#1501 = LINE('',#1502,#1503);
#1502 = CARTESIAN_POINT('',(-16.6,0.));
#1503 = VECTOR('',#1504,1.);
#1504 = DIRECTION('',(0.,1.));
#1505 = ( GEOMETRIC_REPRESENTATION_CONTEXT(2) 
PARAMETRIC_REPRESENTATION_CONTEXT() REPRESENTATION_CONTEXT('2D SPACE',''
  ) );
#1506 = PCURVE('',#763,#1507);
#1507 = DEFINITIONAL_REPRESENTATION('',(#1508),#1512);
#1508 = LINE('',#1509,#1510);
#1509 = CARTESIAN_POINT('',(-16.6,0.));
#1510 = VECTOR('',#1511,1.);
#1511 = DIRECTION('',(0.,1.));
#1512 = ( GEOMETRIC_REPRESENTATION_CONTEXT(2) 
PARAMETRIC_REPRESENTATION_CONTEXT() REPRESENTATION_CONTEXT('2D SPACE',''
  ) );
#1513 = ADVANCED_FACE('',(#1514),#857,.T.);
#1514 = FACE_BOUND('',#1515,.T.);
#1515 = EDGE_LOOP('',(#1516,#1517,#1539,#1559));
#1516 = ORIENTED_EDGE('',*,*,#843,.T.);
#1517 = ORIENTED_EDGE('',*,*,#1518,.T.);
#1518 = EDGE_CURVE('',#817,#1519,#1521,.T.);
#1519 = VERTEX_POINT('',#1520);
#1520 = CARTESIAN_POINT('',(29.25,-6.1,11.));
#1521 = SURFACE_CURVE('',#1522,(#1525,#1532),.PCURVE_S1.);
#1522 = B_SPLINE_CURVE_WITH_KNOTS('',1,(#1523,#1524),.UNSPECIFIED.,.F.,
  .F.,(2,2),(0.,1.),.PIECEWISE_BEZIER_KNOTS.);
#1523 = CARTESIAN_POINT('',(12.7,-2.648547008547,5.));
#1524 = CARTESIAN_POINT('',(29.25,-6.1,11.));
#1525 = PCURVE('',#857,#1526);
#1526 = DEFINITIONAL_REPRESENTATION('',(#1527),#1531);
#1527 = LINE('',#1528,#1529);
#1528 = CARTESIAN_POINT('',(-2.648547008547,0.));
#1529 = VECTOR('',#1530,1.);
#1530 = DIRECTION('',(0.,1.));
#1531 = ( GEOMETRIC_REPRESENTATION_CONTEXT(2) 
PARAMETRIC_REPRESENTATION_CONTEXT() REPRESENTATION_CONTEXT('2D SPACE',''
  ) );
#1532 = PCURVE('',#832,#1533);
#1533 = DEFINITIONAL_REPRESENTATION('',(#1534),#1538);
#1534 = LINE('',#1535,#1536);
#1535 = CARTESIAN_POINT('',(-6.1,0.));
#1536 = VECTOR('',#1537,1.);
#1537 = DIRECTION('',(0.,1.));
#1538 = ( GEOMETRIC_REPRESENTATION_CONTEXT(2) 
PARAMETRIC_REPRESENTATION_CONTEXT() REPRESENTATION_CONTEXT('2D SPACE',''
  ) );
#1539 = ORIENTED_EDGE('',*,*,#1540,.F.);
#1540 = EDGE_CURVE('',#887,#1519,#1541,.T.);
#1541 = SURFACE_CURVE('',#1542,(#1547,#1553),.PCURVE_S1.);
#1542 = CIRCLE('',#1543,10.5);
#1543 = AXIS2_PLACEMENT_3D('',#1544,#1545,#1546);
#1544 = CARTESIAN_POINT('',(18.75,-6.1,11.));
#1545 = DIRECTION('',(0.,0.,1.));
#1546 = DIRECTION('',(1.,0.,0.));
#1547 = PCURVE('',#857,#1548);
#1548 = DEFINITIONAL_REPRESENTATION('',(#1549),#1552);
#1549 = B_SPLINE_CURVE_WITH_KNOTS('',1,(#1550,#1551),.UNSPECIFIED.,.F.,
  .F.,(2,2),(4.712388980385,6.28318530718),.PIECEWISE_BEZIER_KNOTS.);
#1550 = CARTESIAN_POINT('',(-12.7,1.));
#1551 = CARTESIAN_POINT('',(-2.648547008547,1.));
#1552 = ( GEOMETRIC_REPRESENTATION_CONTEXT(2) 
PARAMETRIC_REPRESENTATION_CONTEXT() REPRESENTATION_CONTEXT('2D SPACE',''
  ) );
#1553 = PCURVE('',#998,#1554);
#1554 = DEFINITIONAL_REPRESENTATION('',(#1555),#1558);
#1555 = B_SPLINE_CURVE_WITH_KNOTS('',1,(#1556,#1557),.UNSPECIFIED.,.F.,
  .F.,(2,2),(4.712388980385,6.28318530718),.PIECEWISE_BEZIER_KNOTS.);
#1556 = CARTESIAN_POINT('',(-4.712388980385,0.));
#1557 = CARTESIAN_POINT('',(-6.28318530718,0.));
#1558 = ( GEOMETRIC_REPRESENTATION_CONTEXT(2) 
PARAMETRIC_REPRESENTATION_CONTEXT() REPRESENTATION_CONTEXT('2D SPACE',''
  ) );
#1559 = ORIENTED_EDGE('',*,*,#886,.F.);
#1560 = ADVANCED_FACE('',(#1561),#832,.T.);
#1561 = FACE_BOUND('',#1562,.T.);
#1562 = EDGE_LOOP('',(#1563,#1564,#1586,#1612));
#1563 = ORIENTED_EDGE('',*,*,#816,.T.);
#1564 = ORIENTED_EDGE('',*,*,#1565,.T.);
#1565 = EDGE_CURVE('',#775,#1566,#1568,.T.);
#1566 = VERTEX_POINT('',#1567);
#1567 = CARTESIAN_POINT('',(29.25,6.1,11.));
#1568 = SURFACE_CURVE('',#1569,(#1572,#1579),.PCURVE_S1.);
#1569 = B_SPLINE_CURVE_WITH_KNOTS('',1,(#1570,#1571),.UNSPECIFIED.,.F.,
  .F.,(2,2),(0.,1.),.PIECEWISE_BEZIER_KNOTS.);
#1570 = CARTESIAN_POINT('',(12.7,2.648547008547,5.));
#1571 = CARTESIAN_POINT('',(29.25,6.1,11.));
#1572 = PCURVE('',#832,#1573);
#1573 = DEFINITIONAL_REPRESENTATION('',(#1574),#1578);
#1574 = LINE('',#1575,#1576);
#1575 = CARTESIAN_POINT('',(6.1,0.));
#1576 = VECTOR('',#1577,1.);
#1577 = DIRECTION('',(0.,1.));
#1578 = ( GEOMETRIC_REPRESENTATION_CONTEXT(2) 
PARAMETRIC_REPRESENTATION_CONTEXT() REPRESENTATION_CONTEXT('2D SPACE',''
  ) );
#1579 = PCURVE('',#790,#1580);
#1580 = DEFINITIONAL_REPRESENTATION('',(#1581),#1585);
#1581 = LINE('',#1582,#1583);
#1582 = CARTESIAN_POINT('',(2.648547008547,0.));
#1583 = VECTOR('',#1584,1.);
#1584 = DIRECTION('',(0.,1.));
#1585 = ( GEOMETRIC_REPRESENTATION_CONTEXT(2) 
PARAMETRIC_REPRESENTATION_CONTEXT() REPRESENTATION_CONTEXT('2D SPACE',''
  ) );
#1586 = ORIENTED_EDGE('',*,*,#1587,.F.);
#1587 = EDGE_CURVE('',#1519,#1566,#1588,.T.);
#1588 = SURFACE_CURVE('',#1589,(#1593,#1600),.PCURVE_S1.);
#1589 = LINE('',#1590,#1591);
#1590 = CARTESIAN_POINT('',(29.25,0.,11.));
#1591 = VECTOR('',#1592,1.);
#1592 = DIRECTION('',(0.,1.,0.));
#1593 = PCURVE('',#832,#1594);
#1594 = DEFINITIONAL_REPRESENTATION('',(#1595),#1599);
#1595 = LINE('',#1596,#1597);
#1596 = CARTESIAN_POINT('',(0.,1.));
#1597 = VECTOR('',#1598,1.);
#1598 = DIRECTION('',(1.,0.));
#1599 = ( GEOMETRIC_REPRESENTATION_CONTEXT(2) 
PARAMETRIC_REPRESENTATION_CONTEXT() REPRESENTATION_CONTEXT('2D SPACE',''
  ) );
#1600 = PCURVE('',#1601,#1606);
#1601 = PLANE('',#1602);
#1602 = AXIS2_PLACEMENT_3D('',#1603,#1604,#1605);
#1603 = CARTESIAN_POINT('',(29.25,-6.1,11.));
#1604 = DIRECTION('',(-1.,0.,0.));
#1605 = DIRECTION('',(0.,1.,0.));
#1606 = DEFINITIONAL_REPRESENTATION('',(#1607),#1611);
#1607 = LINE('',#1608,#1609);
#1608 = CARTESIAN_POINT('',(6.1,0.));
#1609 = VECTOR('',#1610,1.);
#1610 = DIRECTION('',(1.,0.));
#1611 = ( GEOMETRIC_REPRESENTATION_CONTEXT(2) 
PARAMETRIC_REPRESENTATION_CONTEXT() REPRESENTATION_CONTEXT('2D SPACE',''
  ) );
#1612 = ORIENTED_EDGE('',*,*,#1518,.F.);
#1613 = ADVANCED_FACE('',(#1614),#790,.T.);
#1614 = FACE_BOUND('',#1615,.T.);
#1615 = EDGE_LOOP('',(#1616,#1617,#1637,#1657));
#1616 = ORIENTED_EDGE('',*,*,#774,.T.);
#1617 = ORIENTED_EDGE('',*,*,#1618,.T.);
#1618 = EDGE_CURVE('',#748,#1416,#1619,.T.);
#1619 = SURFACE_CURVE('',#1620,(#1623,#1630),.PCURVE_S1.);
#1620 = B_SPLINE_CURVE_WITH_KNOTS('',1,(#1621,#1622),.UNSPECIFIED.,.F.,
  .F.,(2,2),(0.,1.),.PIECEWISE_BEZIER_KNOTS.);
#1621 = CARTESIAN_POINT('',(12.7,11.243733333333,5.));
#1622 = CARTESIAN_POINT('',(18.75,16.6,11.));
#1623 = PCURVE('',#790,#1624);
#1624 = DEFINITIONAL_REPRESENTATION('',(#1625),#1629);
#1625 = LINE('',#1626,#1627);
#1626 = CARTESIAN_POINT('',(11.243733333333,0.));
#1627 = VECTOR('',#1628,1.);
#1628 = DIRECTION('',(0.,1.));
#1629 = ( GEOMETRIC_REPRESENTATION_CONTEXT(2) 
PARAMETRIC_REPRESENTATION_CONTEXT() REPRESENTATION_CONTEXT('2D SPACE',''
  ) );
#1630 = PCURVE('',#763,#1631);
#1631 = DEFINITIONAL_REPRESENTATION('',(#1632),#1636);
#1632 = LINE('',#1633,#1634);
#1633 = CARTESIAN_POINT('',(-18.75,0.));
#1634 = VECTOR('',#1635,1.);
#1635 = DIRECTION('',(0.,1.));
#1636 = ( GEOMETRIC_REPRESENTATION_CONTEXT(2) 
PARAMETRIC_REPRESENTATION_CONTEXT() REPRESENTATION_CONTEXT('2D SPACE',''
  ) );
#1637 = ORIENTED_EDGE('',*,*,#1638,.F.);
#1638 = EDGE_CURVE('',#1566,#1416,#1639,.T.);
#1639 = SURFACE_CURVE('',#1640,(#1645,#1651),.PCURVE_S1.);
#1640 = CIRCLE('',#1641,10.5);
#1641 = AXIS2_PLACEMENT_3D('',#1642,#1643,#1644);
#1642 = CARTESIAN_POINT('',(18.75,6.1,11.));
#1643 = DIRECTION('',(0.,0.,1.));
#1644 = DIRECTION('',(1.,0.,0.));
#1645 = PCURVE('',#790,#1646);
#1646 = DEFINITIONAL_REPRESENTATION('',(#1647),#1650);
#1647 = B_SPLINE_CURVE_WITH_KNOTS('',1,(#1648,#1649),.UNSPECIFIED.,.F.,
  .F.,(2,2),(0.,1.570796326795),.PIECEWISE_BEZIER_KNOTS.);
#1648 = CARTESIAN_POINT('',(2.648547008547,1.));
#1649 = CARTESIAN_POINT('',(11.243733333333,1.));
#1650 = ( GEOMETRIC_REPRESENTATION_CONTEXT(2) 
PARAMETRIC_REPRESENTATION_CONTEXT() REPRESENTATION_CONTEXT('2D SPACE',''
  ) );
#1651 = PCURVE('',#1431,#1652);
#1652 = DEFINITIONAL_REPRESENTATION('',(#1653),#1656);
#1653 = B_SPLINE_CURVE_WITH_KNOTS('',1,(#1654,#1655),.UNSPECIFIED.,.F.,
  .F.,(2,2),(0.,1.570796326795),.PIECEWISE_BEZIER_KNOTS.);
#1654 = CARTESIAN_POINT('',(0.,0.));
#1655 = CARTESIAN_POINT('',(-1.570796326795,0.));
#1656 = ( GEOMETRIC_REPRESENTATION_CONTEXT(2) 
PARAMETRIC_REPRESENTATION_CONTEXT() REPRESENTATION_CONTEXT('2D SPACE',''
  ) );
#1657 = ORIENTED_EDGE('',*,*,#1565,.F.);
#1658 = ADVANCED_FACE('',(#1659),#763,.T.);
#1659 = FACE_BOUND('',#1660,.T.);
#1660 = EDGE_LOOP('',(#1661,#1662,#1663,#1664));
#1661 = ORIENTED_EDGE('',*,*,#747,.T.);
#1662 = ORIENTED_EDGE('',*,*,#1494,.T.);
#1663 = ORIENTED_EDGE('',*,*,#1443,.T.);
#1664 = ORIENTED_EDGE('',*,*,#1618,.F.);
#1665 = ADVANCED_FACE('',(#1666),#972,.T.);
#1666 = FACE_BOUND('',#1667,.T.);
#1667 = EDGE_LOOP('',(#1668,#1669,#1670,#1671,#1695,#1718,#1740,#1741,
    #1764,#1792,#1821,#1849,#1878,#1906,#1935,#1963,#1992,#2020,#2041,
    #2042));
#1668 = ORIENTED_EDGE('',*,*,#1066,.F.);
#1669 = ORIENTED_EDGE('',*,*,#1038,.T.);
#1670 = ORIENTED_EDGE('',*,*,#956,.T.);
#1671 = ORIENTED_EDGE('',*,*,#1672,.T.);
#1672 = EDGE_CURVE('',#957,#1673,#1675,.T.);
#1673 = VERTEX_POINT('',#1674);
#1674 = CARTESIAN_POINT('',(29.25,-6.1,87.));
#1675 = SURFACE_CURVE('',#1676,(#1681,#1688),.PCURVE_S1.);
#1676 = CIRCLE('',#1677,10.5);
#1677 = AXIS2_PLACEMENT_3D('',#1678,#1679,#1680);
#1678 = CARTESIAN_POINT('',(18.75,-6.1,87.));
#1679 = DIRECTION('',(0.,0.,1.));
#1680 = DIRECTION('',(1.,0.,0.));
#1681 = PCURVE('',#972,#1682);
#1682 = DEFINITIONAL_REPRESENTATION('',(#1683),#1687);
#1683 = CIRCLE('',#1684,10.5);
#1684 = AXIS2_PLACEMENT_2D('',#1685,#1686);
#1685 = CARTESIAN_POINT('',(18.75,-6.1));
#1686 = DIRECTION('',(1.,0.));
#1687 = ( GEOMETRIC_REPRESENTATION_CONTEXT(2) 
PARAMETRIC_REPRESENTATION_CONTEXT() REPRESENTATION_CONTEXT('2D SPACE',''
  ) );
#1688 = PCURVE('',#998,#1689);
#1689 = DEFINITIONAL_REPRESENTATION('',(#1690),#1694);
#1690 = LINE('',#1691,#1692);
#1691 = CARTESIAN_POINT('',(-0.,-76.));
#1692 = VECTOR('',#1693,1.);
#1693 = DIRECTION('',(-1.,0.));
#1694 = ( GEOMETRIC_REPRESENTATION_CONTEXT(2) 
PARAMETRIC_REPRESENTATION_CONTEXT() REPRESENTATION_CONTEXT('2D SPACE',''
  ) );
#1695 = ORIENTED_EDGE('',*,*,#1696,.T.);
#1696 = EDGE_CURVE('',#1673,#1697,#1699,.T.);
#1697 = VERTEX_POINT('',#1698);
#1698 = CARTESIAN_POINT('',(29.25,6.1,87.));
#1699 = SURFACE_CURVE('',#1700,(#1704,#1711),.PCURVE_S1.);
#1700 = LINE('',#1701,#1702);
#1701 = CARTESIAN_POINT('',(29.25,0.,87.));
#1702 = VECTOR('',#1703,1.);
#1703 = DIRECTION('',(0.,1.,0.));
#1704 = PCURVE('',#972,#1705);
#1705 = DEFINITIONAL_REPRESENTATION('',(#1706),#1710);
#1706 = LINE('',#1707,#1708);
#1707 = CARTESIAN_POINT('',(29.25,0.));
#1708 = VECTOR('',#1709,1.);
#1709 = DIRECTION('',(0.,1.));
#1710 = ( GEOMETRIC_REPRESENTATION_CONTEXT(2) 
PARAMETRIC_REPRESENTATION_CONTEXT() REPRESENTATION_CONTEXT('2D SPACE',''
  ) );
#1711 = PCURVE('',#1601,#1712);
#1712 = DEFINITIONAL_REPRESENTATION('',(#1713),#1717);
#1713 = LINE('',#1714,#1715);
#1714 = CARTESIAN_POINT('',(6.1,-76.));
#1715 = VECTOR('',#1716,1.);
#1716 = DIRECTION('',(1.,0.));
#1717 = ( GEOMETRIC_REPRESENTATION_CONTEXT(2) 
PARAMETRIC_REPRESENTATION_CONTEXT() REPRESENTATION_CONTEXT('2D SPACE',''
  ) );
#1718 = ORIENTED_EDGE('',*,*,#1719,.T.);
#1719 = EDGE_CURVE('',#1697,#1393,#1720,.T.);
#1720 = SURFACE_CURVE('',#1721,(#1726,#1733),.PCURVE_S1.);
#1721 = CIRCLE('',#1722,10.5);
#1722 = AXIS2_PLACEMENT_3D('',#1723,#1724,#1725);
#1723 = CARTESIAN_POINT('',(18.75,6.1,87.));
#1724 = DIRECTION('',(0.,0.,1.));
#1725 = DIRECTION('',(1.,0.,0.));
#1726 = PCURVE('',#972,#1727);
#1727 = DEFINITIONAL_REPRESENTATION('',(#1728),#1732);
#1728 = CIRCLE('',#1729,10.5);
#1729 = AXIS2_PLACEMENT_2D('',#1730,#1731);
#1730 = CARTESIAN_POINT('',(18.75,6.1));
#1731 = DIRECTION('',(1.,0.));
#1732 = ( GEOMETRIC_REPRESENTATION_CONTEXT(2) 
PARAMETRIC_REPRESENTATION_CONTEXT() REPRESENTATION_CONTEXT('2D SPACE',''
  ) );
#1733 = PCURVE('',#1431,#1734);
#1734 = DEFINITIONAL_REPRESENTATION('',(#1735),#1739);
#1735 = LINE('',#1736,#1737);
#1736 = CARTESIAN_POINT('',(-0.,-76.));
#1737 = VECTOR('',#1738,1.);
#1738 = DIRECTION('',(-1.,0.));
#1739 = ( GEOMETRIC_REPRESENTATION_CONTEXT(2) 
PARAMETRIC_REPRESENTATION_CONTEXT() REPRESENTATION_CONTEXT('2D SPACE',''
  ) );
#1740 = ORIENTED_EDGE('',*,*,#1392,.F.);
#1741 = ORIENTED_EDGE('',*,*,#1742,.F.);
#1742 = EDGE_CURVE('',#1743,#1365,#1745,.T.);
#1743 = VERTEX_POINT('',#1744);
#1744 = CARTESIAN_POINT('',(14.25,13.6,87.));
#1745 = SURFACE_CURVE('',#1746,(#1750,#1757),.PCURVE_S1.);
#1746 = LINE('',#1747,#1748);
#1747 = CARTESIAN_POINT('',(14.25,16.6,87.));
#1748 = VECTOR('',#1749,1.);
#1749 = DIRECTION('',(0.,1.,0.));
#1750 = PCURVE('',#972,#1751);
#1751 = DEFINITIONAL_REPRESENTATION('',(#1752),#1756);
#1752 = LINE('',#1753,#1754);
#1753 = CARTESIAN_POINT('',(14.25,16.6));
#1754 = VECTOR('',#1755,1.);
#1755 = DIRECTION('',(0.,1.));
#1756 = ( GEOMETRIC_REPRESENTATION_CONTEXT(2) 
PARAMETRIC_REPRESENTATION_CONTEXT() REPRESENTATION_CONTEXT('2D SPACE',''
  ) );
#1757 = PCURVE('',#1380,#1758);
#1758 = DEFINITIONAL_REPRESENTATION('',(#1759),#1763);
#1759 = LINE('',#1760,#1761);
#1760 = CARTESIAN_POINT('',(3.,-72.));
#1761 = VECTOR('',#1762,1.);
#1762 = DIRECTION('',(1.,0.));
#1763 = ( GEOMETRIC_REPRESENTATION_CONTEXT(2) 
PARAMETRIC_REPRESENTATION_CONTEXT() REPRESENTATION_CONTEXT('2D SPACE',''
  ) );
#1764 = ORIENTED_EDGE('',*,*,#1765,.T.);
#1765 = EDGE_CURVE('',#1743,#1766,#1768,.T.);
#1766 = VERTEX_POINT('',#1767);
#1767 = CARTESIAN_POINT('',(18.75,13.6,87.));
#1768 = SURFACE_CURVE('',#1769,(#1773,#1780),.PCURVE_S1.);
#1769 = LINE('',#1770,#1771);
#1770 = CARTESIAN_POINT('',(0.,13.6,87.));
#1771 = VECTOR('',#1772,1.);
#1772 = DIRECTION('',(1.,0.,0.));
#1773 = PCURVE('',#972,#1774);
#1774 = DEFINITIONAL_REPRESENTATION('',(#1775),#1779);
#1775 = LINE('',#1776,#1777);
#1776 = CARTESIAN_POINT('',(0.,13.6));
#1777 = VECTOR('',#1778,1.);
#1778 = DIRECTION('',(1.,0.));
#1779 = ( GEOMETRIC_REPRESENTATION_CONTEXT(2) 
PARAMETRIC_REPRESENTATION_CONTEXT() REPRESENTATION_CONTEXT('2D SPACE',''
  ) );
#1780 = PCURVE('',#1781,#1786);
#1781 = PLANE('',#1782);
#1782 = AXIS2_PLACEMENT_3D('',#1783,#1784,#1785);
#1783 = CARTESIAN_POINT('',(14.25,13.6,15.));
#1784 = DIRECTION('',(0.,1.,0.));
#1785 = DIRECTION('',(1.,0.,0.));
#1786 = DEFINITIONAL_REPRESENTATION('',(#1787),#1791);
#1787 = LINE('',#1788,#1789);
#1788 = CARTESIAN_POINT('',(-14.25,-72.));
#1789 = VECTOR('',#1790,1.);
#1790 = DIRECTION('',(1.,0.));
#1791 = ( GEOMETRIC_REPRESENTATION_CONTEXT(2) 
PARAMETRIC_REPRESENTATION_CONTEXT() REPRESENTATION_CONTEXT('2D SPACE',''
  ) );
#1792 = ORIENTED_EDGE('',*,*,#1793,.F.);
#1793 = EDGE_CURVE('',#1794,#1766,#1796,.T.);
#1794 = VERTEX_POINT('',#1795);
#1795 = CARTESIAN_POINT('',(26.25,6.1,87.));
#1796 = SURFACE_CURVE('',#1797,(#1802,#1809),.PCURVE_S1.);
#1797 = CIRCLE('',#1798,7.5);
#1798 = AXIS2_PLACEMENT_3D('',#1799,#1800,#1801);
#1799 = CARTESIAN_POINT('',(18.75,6.1,87.));
#1800 = DIRECTION('',(0.,0.,1.));
#1801 = DIRECTION('',(1.,0.,0.));
#1802 = PCURVE('',#972,#1803);
#1803 = DEFINITIONAL_REPRESENTATION('',(#1804),#1808);
#1804 = CIRCLE('',#1805,7.5);
#1805 = AXIS2_PLACEMENT_2D('',#1806,#1807);
#1806 = CARTESIAN_POINT('',(18.75,6.1));
#1807 = DIRECTION('',(1.,0.));
#1808 = ( GEOMETRIC_REPRESENTATION_CONTEXT(2) 
PARAMETRIC_REPRESENTATION_CONTEXT() REPRESENTATION_CONTEXT('2D SPACE',''
  ) );
#1809 = PCURVE('',#1810,#1815);
#1810 = CYLINDRICAL_SURFACE('',#1811,7.5);
#1811 = AXIS2_PLACEMENT_3D('',#1812,#1813,#1814);
#1812 = CARTESIAN_POINT('',(18.75,6.1,15.));
#1813 = DIRECTION('',(-0.,-0.,-1.));
#1814 = DIRECTION('',(1.,0.,0.));
#1815 = DEFINITIONAL_REPRESENTATION('',(#1816),#1820);
#1816 = LINE('',#1817,#1818);
#1817 = CARTESIAN_POINT('',(-0.,-72.));
#1818 = VECTOR('',#1819,1.);
#1819 = DIRECTION('',(-1.,0.));
#1820 = ( GEOMETRIC_REPRESENTATION_CONTEXT(2) 
PARAMETRIC_REPRESENTATION_CONTEXT() REPRESENTATION_CONTEXT('2D SPACE',''
  ) );
#1821 = ORIENTED_EDGE('',*,*,#1822,.F.);
#1822 = EDGE_CURVE('',#1823,#1794,#1825,.T.);
#1823 = VERTEX_POINT('',#1824);
#1824 = CARTESIAN_POINT('',(26.25,-6.1,87.));
#1825 = SURFACE_CURVE('',#1826,(#1830,#1837),.PCURVE_S1.);
#1826 = LINE('',#1827,#1828);
#1827 = CARTESIAN_POINT('',(26.25,0.,87.));
#1828 = VECTOR('',#1829,1.);
#1829 = DIRECTION('',(0.,1.,0.));
#1830 = PCURVE('',#972,#1831);
#1831 = DEFINITIONAL_REPRESENTATION('',(#1832),#1836);
#1832 = LINE('',#1833,#1834);
#1833 = CARTESIAN_POINT('',(26.25,0.));
#1834 = VECTOR('',#1835,1.);
#1835 = DIRECTION('',(0.,1.));
#1836 = ( GEOMETRIC_REPRESENTATION_CONTEXT(2) 
PARAMETRIC_REPRESENTATION_CONTEXT() REPRESENTATION_CONTEXT('2D SPACE',''
  ) );
#1837 = PCURVE('',#1838,#1843);
#1838 = PLANE('',#1839);
#1839 = AXIS2_PLACEMENT_3D('',#1840,#1841,#1842);
#1840 = CARTESIAN_POINT('',(26.25,-6.1,15.));
#1841 = DIRECTION('',(-1.,0.,0.));
#1842 = DIRECTION('',(0.,1.,0.));
#1843 = DEFINITIONAL_REPRESENTATION('',(#1844),#1848);
#1844 = LINE('',#1845,#1846);
#1845 = CARTESIAN_POINT('',(6.1,-72.));
#1846 = VECTOR('',#1847,1.);
#1847 = DIRECTION('',(1.,0.));
#1848 = ( GEOMETRIC_REPRESENTATION_CONTEXT(2) 
PARAMETRIC_REPRESENTATION_CONTEXT() REPRESENTATION_CONTEXT('2D SPACE',''
  ) );
#1849 = ORIENTED_EDGE('',*,*,#1850,.F.);
#1850 = EDGE_CURVE('',#1851,#1823,#1853,.T.);
#1851 = VERTEX_POINT('',#1852);
#1852 = CARTESIAN_POINT('',(18.75,-13.6,87.));
#1853 = SURFACE_CURVE('',#1854,(#1859,#1866),.PCURVE_S1.);
#1854 = CIRCLE('',#1855,7.5);
#1855 = AXIS2_PLACEMENT_3D('',#1856,#1857,#1858);
#1856 = CARTESIAN_POINT('',(18.75,-6.1,87.));
#1857 = DIRECTION('',(0.,0.,1.));
#1858 = DIRECTION('',(1.,0.,0.));
#1859 = PCURVE('',#972,#1860);
#1860 = DEFINITIONAL_REPRESENTATION('',(#1861),#1865);
#1861 = CIRCLE('',#1862,7.5);
#1862 = AXIS2_PLACEMENT_2D('',#1863,#1864);
#1863 = CARTESIAN_POINT('',(18.75,-6.1));
#1864 = DIRECTION('',(1.,0.));
#1865 = ( GEOMETRIC_REPRESENTATION_CONTEXT(2) 
PARAMETRIC_REPRESENTATION_CONTEXT() REPRESENTATION_CONTEXT('2D SPACE',''
  ) );
#1866 = PCURVE('',#1867,#1872);
#1867 = CYLINDRICAL_SURFACE('',#1868,7.5);
#1868 = AXIS2_PLACEMENT_3D('',#1869,#1870,#1871);
#1869 = CARTESIAN_POINT('',(18.75,-6.1,15.));
#1870 = DIRECTION('',(-0.,-0.,-1.));
#1871 = DIRECTION('',(1.,0.,0.));
#1872 = DEFINITIONAL_REPRESENTATION('',(#1873),#1877);
#1873 = LINE('',#1874,#1875);
#1874 = CARTESIAN_POINT('',(-0.,-72.));
#1875 = VECTOR('',#1876,1.);
#1876 = DIRECTION('',(-1.,0.));
#1877 = ( GEOMETRIC_REPRESENTATION_CONTEXT(2) 
PARAMETRIC_REPRESENTATION_CONTEXT() REPRESENTATION_CONTEXT('2D SPACE',''
  ) );
#1878 = ORIENTED_EDGE('',*,*,#1879,.F.);
#1879 = EDGE_CURVE('',#1880,#1851,#1882,.T.);
#1880 = VERTEX_POINT('',#1881);
#1881 = CARTESIAN_POINT('',(-18.75,-13.6,87.));
#1882 = SURFACE_CURVE('',#1883,(#1887,#1894),.PCURVE_S1.);
#1883 = LINE('',#1884,#1885);
#1884 = CARTESIAN_POINT('',(0.,-13.6,87.));
#1885 = VECTOR('',#1886,1.);
#1886 = DIRECTION('',(1.,0.,0.));
#1887 = PCURVE('',#972,#1888);
#1888 = DEFINITIONAL_REPRESENTATION('',(#1889),#1893);
#1889 = LINE('',#1890,#1891);
#1890 = CARTESIAN_POINT('',(0.,-13.6));
#1891 = VECTOR('',#1892,1.);
#1892 = DIRECTION('',(1.,0.));
#1893 = ( GEOMETRIC_REPRESENTATION_CONTEXT(2) 
PARAMETRIC_REPRESENTATION_CONTEXT() REPRESENTATION_CONTEXT('2D SPACE',''
  ) );
#1894 = PCURVE('',#1895,#1900);
#1895 = PLANE('',#1896);
#1896 = AXIS2_PLACEMENT_3D('',#1897,#1898,#1899);
#1897 = CARTESIAN_POINT('',(-18.75,-13.6,15.));
#1898 = DIRECTION('',(0.,1.,0.));
#1899 = DIRECTION('',(1.,0.,0.));
#1900 = DEFINITIONAL_REPRESENTATION('',(#1901),#1905);
#1901 = LINE('',#1902,#1903);
#1902 = CARTESIAN_POINT('',(18.75,-72.));
#1903 = VECTOR('',#1904,1.);
#1904 = DIRECTION('',(1.,0.));
#1905 = ( GEOMETRIC_REPRESENTATION_CONTEXT(2) 
PARAMETRIC_REPRESENTATION_CONTEXT() REPRESENTATION_CONTEXT('2D SPACE',''
  ) );
#1906 = ORIENTED_EDGE('',*,*,#1907,.F.);
#1907 = EDGE_CURVE('',#1908,#1880,#1910,.T.);
#1908 = VERTEX_POINT('',#1909);
#1909 = CARTESIAN_POINT('',(-26.25,-6.1,87.));
#1910 = SURFACE_CURVE('',#1911,(#1916,#1923),.PCURVE_S1.);
#1911 = CIRCLE('',#1912,7.5);
#1912 = AXIS2_PLACEMENT_3D('',#1913,#1914,#1915);
#1913 = CARTESIAN_POINT('',(-18.75,-6.1,87.));
#1914 = DIRECTION('',(0.,0.,1.));
#1915 = DIRECTION('',(1.,0.,0.));
#1916 = PCURVE('',#972,#1917);
#1917 = DEFINITIONAL_REPRESENTATION('',(#1918),#1922);
#1918 = CIRCLE('',#1919,7.5);
#1919 = AXIS2_PLACEMENT_2D('',#1920,#1921);
#1920 = CARTESIAN_POINT('',(-18.75,-6.1));
#1921 = DIRECTION('',(1.,0.));
#1922 = ( GEOMETRIC_REPRESENTATION_CONTEXT(2) 
PARAMETRIC_REPRESENTATION_CONTEXT() REPRESENTATION_CONTEXT('2D SPACE',''
  ) );
#1923 = PCURVE('',#1924,#1929);
#1924 = CYLINDRICAL_SURFACE('',#1925,7.5);
#1925 = AXIS2_PLACEMENT_3D('',#1926,#1927,#1928);
#1926 = CARTESIAN_POINT('',(-18.75,-6.1,15.));
#1927 = DIRECTION('',(-0.,-0.,-1.));
#1928 = DIRECTION('',(1.,0.,0.));
#1929 = DEFINITIONAL_REPRESENTATION('',(#1930),#1934);
#1930 = LINE('',#1931,#1932);
#1931 = CARTESIAN_POINT('',(-0.,-72.));
#1932 = VECTOR('',#1933,1.);
#1933 = DIRECTION('',(-1.,0.));
#1934 = ( GEOMETRIC_REPRESENTATION_CONTEXT(2) 
PARAMETRIC_REPRESENTATION_CONTEXT() REPRESENTATION_CONTEXT('2D SPACE',''
  ) );
#1935 = ORIENTED_EDGE('',*,*,#1936,.T.);
#1936 = EDGE_CURVE('',#1908,#1937,#1939,.T.);
#1937 = VERTEX_POINT('',#1938);
#1938 = CARTESIAN_POINT('',(-26.25,6.1,87.));
#1939 = SURFACE_CURVE('',#1940,(#1944,#1951),.PCURVE_S1.);
#1940 = LINE('',#1941,#1942);
#1941 = CARTESIAN_POINT('',(-26.25,0.,87.));
#1942 = VECTOR('',#1943,1.);
#1943 = DIRECTION('',(0.,1.,0.));
#1944 = PCURVE('',#972,#1945);
#1945 = DEFINITIONAL_REPRESENTATION('',(#1946),#1950);
#1946 = LINE('',#1947,#1948);
#1947 = CARTESIAN_POINT('',(-26.25,0.));
#1948 = VECTOR('',#1949,1.);
#1949 = DIRECTION('',(0.,1.));
#1950 = ( GEOMETRIC_REPRESENTATION_CONTEXT(2) 
PARAMETRIC_REPRESENTATION_CONTEXT() REPRESENTATION_CONTEXT('2D SPACE',''
  ) );
#1951 = PCURVE('',#1952,#1957);
#1952 = PLANE('',#1953);
#1953 = AXIS2_PLACEMENT_3D('',#1954,#1955,#1956);
#1954 = CARTESIAN_POINT('',(-26.25,-6.1,15.));
#1955 = DIRECTION('',(-1.,0.,0.));
#1956 = DIRECTION('',(0.,1.,0.));
#1957 = DEFINITIONAL_REPRESENTATION('',(#1958),#1962);
#1958 = LINE('',#1959,#1960);
#1959 = CARTESIAN_POINT('',(6.1,-72.));
#1960 = VECTOR('',#1961,1.);
#1961 = DIRECTION('',(1.,0.));
#1962 = ( GEOMETRIC_REPRESENTATION_CONTEXT(2) 
PARAMETRIC_REPRESENTATION_CONTEXT() REPRESENTATION_CONTEXT('2D SPACE',''
  ) );
#1963 = ORIENTED_EDGE('',*,*,#1964,.F.);
#1964 = EDGE_CURVE('',#1965,#1937,#1967,.T.);
#1965 = VERTEX_POINT('',#1966);
#1966 = CARTESIAN_POINT('',(-18.75,13.6,87.));
#1967 = SURFACE_CURVE('',#1968,(#1973,#1980),.PCURVE_S1.);
#1968 = CIRCLE('',#1969,7.5);
#1969 = AXIS2_PLACEMENT_3D('',#1970,#1971,#1972);
#1970 = CARTESIAN_POINT('',(-18.75,6.1,87.));
#1971 = DIRECTION('',(0.,0.,1.));
#1972 = DIRECTION('',(1.,0.,0.));
#1973 = PCURVE('',#972,#1974);
#1974 = DEFINITIONAL_REPRESENTATION('',(#1975),#1979);
#1975 = CIRCLE('',#1976,7.5);
#1976 = AXIS2_PLACEMENT_2D('',#1977,#1978);
#1977 = CARTESIAN_POINT('',(-18.75,6.1));
#1978 = DIRECTION('',(1.,0.));
#1979 = ( GEOMETRIC_REPRESENTATION_CONTEXT(2) 
PARAMETRIC_REPRESENTATION_CONTEXT() REPRESENTATION_CONTEXT('2D SPACE',''
  ) );
#1980 = PCURVE('',#1981,#1986);
#1981 = CYLINDRICAL_SURFACE('',#1982,7.5);
#1982 = AXIS2_PLACEMENT_3D('',#1983,#1984,#1985);
#1983 = CARTESIAN_POINT('',(-18.75,6.1,15.));
#1984 = DIRECTION('',(-0.,-0.,-1.));
#1985 = DIRECTION('',(1.,0.,0.));
#1986 = DEFINITIONAL_REPRESENTATION('',(#1987),#1991);
#1987 = LINE('',#1988,#1989);
#1988 = CARTESIAN_POINT('',(-0.,-72.));
#1989 = VECTOR('',#1990,1.);
#1990 = DIRECTION('',(-1.,0.));
#1991 = ( GEOMETRIC_REPRESENTATION_CONTEXT(2) 
PARAMETRIC_REPRESENTATION_CONTEXT() REPRESENTATION_CONTEXT('2D SPACE',''
  ) );
#1992 = ORIENTED_EDGE('',*,*,#1993,.T.);
#1993 = EDGE_CURVE('',#1965,#1994,#1996,.T.);
#1994 = VERTEX_POINT('',#1995);
#1995 = CARTESIAN_POINT('',(-14.25,13.6,87.));
#1996 = SURFACE_CURVE('',#1997,(#2001,#2008),.PCURVE_S1.);
#1997 = LINE('',#1998,#1999);
#1998 = CARTESIAN_POINT('',(0.,13.6,87.));
#1999 = VECTOR('',#2000,1.);
#2000 = DIRECTION('',(1.,0.,0.));
#2001 = PCURVE('',#972,#2002);
#2002 = DEFINITIONAL_REPRESENTATION('',(#2003),#2007);
#2003 = LINE('',#2004,#2005);
#2004 = CARTESIAN_POINT('',(0.,13.6));
#2005 = VECTOR('',#2006,1.);
#2006 = DIRECTION('',(1.,0.));
#2007 = ( GEOMETRIC_REPRESENTATION_CONTEXT(2) 
PARAMETRIC_REPRESENTATION_CONTEXT() REPRESENTATION_CONTEXT('2D SPACE',''
  ) );
#2008 = PCURVE('',#2009,#2014);
#2009 = PLANE('',#2010);
#2010 = AXIS2_PLACEMENT_3D('',#2011,#2012,#2013);
#2011 = CARTESIAN_POINT('',(-18.75,13.6,15.));
#2012 = DIRECTION('',(0.,1.,0.));
#2013 = DIRECTION('',(1.,0.,0.));
#2014 = DEFINITIONAL_REPRESENTATION('',(#2015),#2019);
#2015 = LINE('',#2016,#2017);
#2016 = CARTESIAN_POINT('',(18.75,-72.));
#2017 = VECTOR('',#2018,1.);
#2018 = DIRECTION('',(1.,0.));
#2019 = ( GEOMETRIC_REPRESENTATION_CONTEXT(2) 
PARAMETRIC_REPRESENTATION_CONTEXT() REPRESENTATION_CONTEXT('2D SPACE',''
  ) );
#2020 = ORIENTED_EDGE('',*,*,#2021,.T.);
#2021 = EDGE_CURVE('',#1994,#1286,#2022,.T.);
#2022 = SURFACE_CURVE('',#2023,(#2027,#2034),.PCURVE_S1.);
#2023 = LINE('',#2024,#2025);
#2024 = CARTESIAN_POINT('',(-14.25,16.6,87.));
#2025 = VECTOR('',#2026,1.);
#2026 = DIRECTION('',(0.,1.,0.));
#2027 = PCURVE('',#972,#2028);
#2028 = DEFINITIONAL_REPRESENTATION('',(#2029),#2033);
#2029 = LINE('',#2030,#2031);
#2030 = CARTESIAN_POINT('',(-14.25,16.6));
#2031 = VECTOR('',#2032,1.);
#2032 = DIRECTION('',(0.,1.));
#2033 = ( GEOMETRIC_REPRESENTATION_CONTEXT(2) 
PARAMETRIC_REPRESENTATION_CONTEXT() REPRESENTATION_CONTEXT('2D SPACE',''
  ) );
#2034 = PCURVE('',#1324,#2035);
#2035 = DEFINITIONAL_REPRESENTATION('',(#2036),#2040);
#2036 = LINE('',#2037,#2038);
#2037 = CARTESIAN_POINT('',(3.,-72.));
#2038 = VECTOR('',#2039,1.);
#2039 = DIRECTION('',(1.,0.));
#2040 = ( GEOMETRIC_REPRESENTATION_CONTEXT(2) 
PARAMETRIC_REPRESENTATION_CONTEXT() REPRESENTATION_CONTEXT('2D SPACE',''
  ) );
#2041 = ORIENTED_EDGE('',*,*,#1285,.F.);
#2042 = ORIENTED_EDGE('',*,*,#1137,.T.);
#2043 = ADVANCED_FACE('',(#2044),#998,.T.);
#2044 = FACE_BOUND('',#2045,.F.);
#2045 = EDGE_LOOP('',(#2046,#2047,#2048,#2069));
#2046 = ORIENTED_EDGE('',*,*,#984,.T.);
#2047 = ORIENTED_EDGE('',*,*,#1672,.T.);
#2048 = ORIENTED_EDGE('',*,*,#2049,.F.);
#2049 = EDGE_CURVE('',#1519,#1673,#2050,.T.);
#2050 = SURFACE_CURVE('',#2051,(#2055,#2062),.PCURVE_S1.);
#2051 = LINE('',#2052,#2053);
#2052 = CARTESIAN_POINT('',(29.25,-6.1,11.));
#2053 = VECTOR('',#2054,1.);
#2054 = DIRECTION('',(0.,0.,1.));
#2055 = PCURVE('',#998,#2056);
#2056 = DEFINITIONAL_REPRESENTATION('',(#2057),#2061);
#2057 = LINE('',#2058,#2059);
#2058 = CARTESIAN_POINT('',(-6.28318530718,0.));
#2059 = VECTOR('',#2060,1.);
#2060 = DIRECTION('',(-0.,-1.));
#2061 = ( GEOMETRIC_REPRESENTATION_CONTEXT(2) 
PARAMETRIC_REPRESENTATION_CONTEXT() REPRESENTATION_CONTEXT('2D SPACE',''
  ) );
#2062 = PCURVE('',#1601,#2063);
#2063 = DEFINITIONAL_REPRESENTATION('',(#2064),#2068);
#2064 = LINE('',#2065,#2066);
#2065 = CARTESIAN_POINT('',(0.,0.));
#2066 = VECTOR('',#2067,1.);
#2067 = DIRECTION('',(0.,-1.));
#2068 = ( GEOMETRIC_REPRESENTATION_CONTEXT(2) 
PARAMETRIC_REPRESENTATION_CONTEXT() REPRESENTATION_CONTEXT('2D SPACE',''
  ) );
#2069 = ORIENTED_EDGE('',*,*,#1540,.F.);
#2070 = ADVANCED_FACE('',(#2071),#1180,.T.);
#2071 = FACE_BOUND('',#2072,.T.);
#2072 = EDGE_LOOP('',(#2073,#2096,#2097,#2120));
#2073 = ORIENTED_EDGE('',*,*,#2074,.F.);
#2074 = EDGE_CURVE('',#1166,#2075,#2077,.T.);
#2075 = VERTEX_POINT('',#2076);
#2076 = CARTESIAN_POINT('',(-25.38324958071,9.6,47.2));
#2077 = SURFACE_CURVE('',#2078,(#2082,#2089),.PCURVE_S1.);
#2078 = LINE('',#2079,#2080);
#2079 = CARTESIAN_POINT('',(-30.25,9.6,47.2));
#2080 = VECTOR('',#2081,1.);
#2081 = DIRECTION('',(1.,0.,0.));
#2082 = PCURVE('',#1180,#2083);
#2083 = DEFINITIONAL_REPRESENTATION('',(#2084),#2088);
#2084 = LINE('',#2085,#2086);
#2085 = CARTESIAN_POINT('',(0.,0.));
#2086 = VECTOR('',#2087,1.);
#2087 = DIRECTION('',(0.,1.));
#2088 = ( GEOMETRIC_REPRESENTATION_CONTEXT(2) 
PARAMETRIC_REPRESENTATION_CONTEXT() REPRESENTATION_CONTEXT('2D SPACE',''
  ) );
#2089 = PCURVE('',#1265,#2090);
#2090 = DEFINITIONAL_REPRESENTATION('',(#2091),#2095);
#2091 = LINE('',#2092,#2093);
#2092 = CARTESIAN_POINT('',(0.,0.));
#2093 = VECTOR('',#2094,1.);
#2094 = DIRECTION('',(1.,0.));
#2095 = ( GEOMETRIC_REPRESENTATION_CONTEXT(2) 
PARAMETRIC_REPRESENTATION_CONTEXT() REPRESENTATION_CONTEXT('2D SPACE',''
  ) );
#2096 = ORIENTED_EDGE('',*,*,#1163,.F.);
#2097 = ORIENTED_EDGE('',*,*,#2098,.T.);
#2098 = EDGE_CURVE('',#1164,#2099,#2101,.T.);
#2099 = VERTEX_POINT('',#2100);
#2100 = CARTESIAN_POINT('',(-25.38324958071,9.6,69.2));
#2101 = SURFACE_CURVE('',#2102,(#2106,#2113),.PCURVE_S1.);
#2102 = LINE('',#2103,#2104);
#2103 = CARTESIAN_POINT('',(-30.25,9.6,69.2));
#2104 = VECTOR('',#2105,1.);
#2105 = DIRECTION('',(1.,0.,0.));
#2106 = PCURVE('',#1180,#2107);
#2107 = DEFINITIONAL_REPRESENTATION('',(#2108),#2112);
#2108 = LINE('',#2109,#2110);
#2109 = CARTESIAN_POINT('',(22.,0.));
#2110 = VECTOR('',#2111,1.);
#2111 = DIRECTION('',(0.,1.));
#2112 = ( GEOMETRIC_REPRESENTATION_CONTEXT(2) 
PARAMETRIC_REPRESENTATION_CONTEXT() REPRESENTATION_CONTEXT('2D SPACE',''
  ) );
#2113 = PCURVE('',#1208,#2114);
#2114 = DEFINITIONAL_REPRESENTATION('',(#2115),#2119);
#2115 = LINE('',#2116,#2117);
#2116 = CARTESIAN_POINT('',(0.,0.));
#2117 = VECTOR('',#2118,1.);
#2118 = DIRECTION('',(1.,0.));
#2119 = ( GEOMETRIC_REPRESENTATION_CONTEXT(2) 
PARAMETRIC_REPRESENTATION_CONTEXT() REPRESENTATION_CONTEXT('2D SPACE',''
  ) );
#2120 = ORIENTED_EDGE('',*,*,#2121,.T.);
#2121 = EDGE_CURVE('',#2099,#2075,#2122,.T.);
#2122 = SURFACE_CURVE('',#2123,(#2127,#2133),.PCURVE_S1.);
#2123 = LINE('',#2124,#2125);
#2124 = CARTESIAN_POINT('',(-25.38324958071,9.6,15.));
#2125 = VECTOR('',#2126,1.);
#2126 = DIRECTION('',(-0.,-0.,-1.));
#2127 = PCURVE('',#1180,#2128);
#2128 = DEFINITIONAL_REPRESENTATION('',(#2129),#2132);
#2129 = B_SPLINE_CURVE_WITH_KNOTS('',1,(#2130,#2131),.UNSPECIFIED.,.F.,
  .F.,(2,2),(-56.4,-30.),.PIECEWISE_BEZIER_KNOTS.);
#2130 = CARTESIAN_POINT('',(24.2,4.866750419289));
#2131 = CARTESIAN_POINT('',(-2.2,4.866750419289));
#2132 = ( GEOMETRIC_REPRESENTATION_CONTEXT(2) 
PARAMETRIC_REPRESENTATION_CONTEXT() REPRESENTATION_CONTEXT('2D SPACE',''
  ) );
#2133 = PCURVE('',#1981,#2134);
#2134 = DEFINITIONAL_REPRESENTATION('',(#2135),#2138);
#2135 = B_SPLINE_CURVE_WITH_KNOTS('',1,(#2136,#2137),.UNSPECIFIED.,.F.,
  .F.,(2,2),(-56.4,-30.),.PIECEWISE_BEZIER_KNOTS.);
#2136 = CARTESIAN_POINT('',(-2.656074531294,-56.4));
#2137 = CARTESIAN_POINT('',(-2.656074531294,-30.));
#2138 = ( GEOMETRIC_REPRESENTATION_CONTEXT(2) 
PARAMETRIC_REPRESENTATION_CONTEXT() REPRESENTATION_CONTEXT('2D SPACE',''
  ) );
#2139 = ADVANCED_FACE('',(#2140),#1265,.T.);
#2140 = FACE_BOUND('',#2141,.T.);
#2141 = EDGE_LOOP('',(#2142,#2165,#2166,#2167,#2195));
#2142 = ORIENTED_EDGE('',*,*,#2143,.F.);
#2143 = EDGE_CURVE('',#1225,#2144,#2146,.T.);
#2144 = VERTEX_POINT('',#2145);
#2145 = CARTESIAN_POINT('',(-23.25,13.6,47.2));
#2146 = SURFACE_CURVE('',#2147,(#2151,#2158),.PCURVE_S1.);
#2147 = LINE('',#2148,#2149);
#2148 = CARTESIAN_POINT('',(-30.25,13.6,47.2));
#2149 = VECTOR('',#2150,1.);
#2150 = DIRECTION('',(1.,0.,0.));
#2151 = PCURVE('',#1265,#2152);
#2152 = DEFINITIONAL_REPRESENTATION('',(#2153),#2157);
#2153 = LINE('',#2154,#2155);
#2154 = CARTESIAN_POINT('',(0.,4.));
#2155 = VECTOR('',#2156,1.);
#2156 = DIRECTION('',(1.,0.));
#2157 = ( GEOMETRIC_REPRESENTATION_CONTEXT(2) 
PARAMETRIC_REPRESENTATION_CONTEXT() REPRESENTATION_CONTEXT('2D SPACE',''
  ) );
#2158 = PCURVE('',#1239,#2159);
#2159 = DEFINITIONAL_REPRESENTATION('',(#2160),#2164);
#2160 = LINE('',#2161,#2162);
#2161 = CARTESIAN_POINT('',(0.,0.));
#2162 = VECTOR('',#2163,1.);
#2163 = DIRECTION('',(0.,1.));
#2164 = ( GEOMETRIC_REPRESENTATION_CONTEXT(2) 
PARAMETRIC_REPRESENTATION_CONTEXT() REPRESENTATION_CONTEXT('2D SPACE',''
  ) );
#2165 = ORIENTED_EDGE('',*,*,#1250,.F.);
#2166 = ORIENTED_EDGE('',*,*,#2074,.T.);
#2167 = ORIENTED_EDGE('',*,*,#2168,.T.);
#2168 = EDGE_CURVE('',#2075,#2169,#2171,.T.);
#2169 = VERTEX_POINT('',#2170);
#2170 = CARTESIAN_POINT('',(-23.25,12.1,47.2));
#2171 = SURFACE_CURVE('',#2172,(#2177,#2188),.PCURVE_S1.);
#2172 = CIRCLE('',#2173,7.5);
#2173 = AXIS2_PLACEMENT_3D('',#2174,#2175,#2176);
#2174 = CARTESIAN_POINT('',(-18.75,6.1,47.2));
#2175 = DIRECTION('',(0.,0.,-1.));
#2176 = DIRECTION('',(1.,0.,0.));
#2177 = PCURVE('',#1265,#2178);
#2178 = DEFINITIONAL_REPRESENTATION('',(#2179),#2187);
#2179 = ( BOUNDED_CURVE() B_SPLINE_CURVE(2,(#2180,#2181,#2182,#2183,
#2184,#2185,#2186),.UNSPECIFIED.,.T.,.F.) B_SPLINE_CURVE_WITH_KNOTS((1,2
    ,2,2,2,1),(-2.094395102393,0.,2.094395102393,4.188790204786,
6.28318530718,8.377580409573),.UNSPECIFIED.) CURVE() 
GEOMETRIC_REPRESENTATION_ITEM() RATIONAL_B_SPLINE_CURVE((1.,0.5,1.,0.5,
1.,0.5,1.)) REPRESENTATION_ITEM('') );
#2180 = CARTESIAN_POINT('',(19.,-3.5));
#2181 = CARTESIAN_POINT('',(19.,-16.49038105676));
#2182 = CARTESIAN_POINT('',(7.75,-9.995190528383));
#2183 = CARTESIAN_POINT('',(-3.5,-3.5));
#2184 = CARTESIAN_POINT('',(7.75,2.995190528383));
#2185 = CARTESIAN_POINT('',(19.,9.490381056767));
#2186 = CARTESIAN_POINT('',(19.,-3.5));
#2187 = ( GEOMETRIC_REPRESENTATION_CONTEXT(2) 
PARAMETRIC_REPRESENTATION_CONTEXT() REPRESENTATION_CONTEXT('2D SPACE',''
  ) );
#2188 = PCURVE('',#1981,#2189);
#2189 = DEFINITIONAL_REPRESENTATION('',(#2190),#2194);
#2190 = LINE('',#2191,#2192);
#2191 = CARTESIAN_POINT('',(-6.28318530718,-32.2));
#2192 = VECTOR('',#2193,1.);
#2193 = DIRECTION('',(1.,-0.));
#2194 = ( GEOMETRIC_REPRESENTATION_CONTEXT(2) 
PARAMETRIC_REPRESENTATION_CONTEXT() REPRESENTATION_CONTEXT('2D SPACE',''
  ) );
#2195 = ORIENTED_EDGE('',*,*,#2196,.T.);
#2196 = EDGE_CURVE('',#2169,#2144,#2197,.T.);
#2197 = SURFACE_CURVE('',#2198,(#2202,#2209),.PCURVE_S1.);
#2198 = LINE('',#2199,#2200);
#2199 = CARTESIAN_POINT('',(-23.25,9.6,47.2));
#2200 = VECTOR('',#2201,1.);
#2201 = DIRECTION('',(0.,1.,0.));
#2202 = PCURVE('',#1265,#2203);
#2203 = DEFINITIONAL_REPRESENTATION('',(#2204),#2208);
#2204 = LINE('',#2205,#2206);
#2205 = CARTESIAN_POINT('',(7.,0.));
#2206 = VECTOR('',#2207,1.);
#2207 = DIRECTION('',(0.,1.));
#2208 = ( GEOMETRIC_REPRESENTATION_CONTEXT(2) 
PARAMETRIC_REPRESENTATION_CONTEXT() REPRESENTATION_CONTEXT('2D SPACE',''
  ) );
#2209 = PCURVE('',#2210,#2215);
#2210 = PLANE('',#2211);
#2211 = AXIS2_PLACEMENT_3D('',#2212,#2213,#2214);
#2212 = CARTESIAN_POINT('',(-23.25,9.6,47.2));
#2213 = DIRECTION('',(1.,0.,0.));
#2214 = DIRECTION('',(0.,0.,1.));
#2215 = DEFINITIONAL_REPRESENTATION('',(#2216),#2220);
#2216 = LINE('',#2217,#2218);
#2217 = CARTESIAN_POINT('',(0.,0.));
#2218 = VECTOR('',#2219,1.);
#2219 = DIRECTION('',(0.,-1.));
#2220 = ( GEOMETRIC_REPRESENTATION_CONTEXT(2) 
PARAMETRIC_REPRESENTATION_CONTEXT() REPRESENTATION_CONTEXT('2D SPACE',''
  ) );
#2221 = ADVANCED_FACE('',(#2222),#1239,.F.);
#2222 = FACE_BOUND('',#2223,.F.);
#2223 = EDGE_LOOP('',(#2224,#2225,#2226,#2249));
#2224 = ORIENTED_EDGE('',*,*,#2143,.F.);
#2225 = ORIENTED_EDGE('',*,*,#1224,.F.);
#2226 = ORIENTED_EDGE('',*,*,#2227,.T.);
#2227 = EDGE_CURVE('',#1192,#2228,#2230,.T.);
#2228 = VERTEX_POINT('',#2229);
#2229 = CARTESIAN_POINT('',(-23.25,13.6,69.2));
#2230 = SURFACE_CURVE('',#2231,(#2235,#2242),.PCURVE_S1.);
#2231 = LINE('',#2232,#2233);
#2232 = CARTESIAN_POINT('',(-30.25,13.6,69.2));
#2233 = VECTOR('',#2234,1.);
#2234 = DIRECTION('',(1.,0.,0.));
#2235 = PCURVE('',#1239,#2236);
#2236 = DEFINITIONAL_REPRESENTATION('',(#2237),#2241);
#2237 = LINE('',#2238,#2239);
#2238 = CARTESIAN_POINT('',(22.,0.));
#2239 = VECTOR('',#2240,1.);
#2240 = DIRECTION('',(0.,1.));
#2241 = ( GEOMETRIC_REPRESENTATION_CONTEXT(2) 
PARAMETRIC_REPRESENTATION_CONTEXT() REPRESENTATION_CONTEXT('2D SPACE',''
  ) );
#2242 = PCURVE('',#1208,#2243);
#2243 = DEFINITIONAL_REPRESENTATION('',(#2244),#2248);
#2244 = LINE('',#2245,#2246);
#2245 = CARTESIAN_POINT('',(0.,4.));
#2246 = VECTOR('',#2247,1.);
#2247 = DIRECTION('',(1.,0.));
#2248 = ( GEOMETRIC_REPRESENTATION_CONTEXT(2) 
PARAMETRIC_REPRESENTATION_CONTEXT() REPRESENTATION_CONTEXT('2D SPACE',''
  ) );
#2249 = ORIENTED_EDGE('',*,*,#2250,.F.);
#2250 = EDGE_CURVE('',#2144,#2228,#2251,.T.);
#2251 = SURFACE_CURVE('',#2252,(#2256,#2263),.PCURVE_S1.);
#2252 = LINE('',#2253,#2254);
#2253 = CARTESIAN_POINT('',(-23.25,13.6,47.2));
#2254 = VECTOR('',#2255,1.);
#2255 = DIRECTION('',(0.,0.,1.));
#2256 = PCURVE('',#1239,#2257);
#2257 = DEFINITIONAL_REPRESENTATION('',(#2258),#2262);
#2258 = LINE('',#2259,#2260);
#2259 = CARTESIAN_POINT('',(0.,7.));
#2260 = VECTOR('',#2261,1.);
#2261 = DIRECTION('',(1.,0.));
#2262 = ( GEOMETRIC_REPRESENTATION_CONTEXT(2) 
PARAMETRIC_REPRESENTATION_CONTEXT() REPRESENTATION_CONTEXT('2D SPACE',''
  ) );
#2263 = PCURVE('',#2210,#2264);
#2264 = DEFINITIONAL_REPRESENTATION('',(#2265),#2269);
#2265 = LINE('',#2266,#2267);
#2266 = CARTESIAN_POINT('',(0.,-4.));
#2267 = VECTOR('',#2268,1.);
#2268 = DIRECTION('',(1.,0.));
#2269 = ( GEOMETRIC_REPRESENTATION_CONTEXT(2) 
PARAMETRIC_REPRESENTATION_CONTEXT() REPRESENTATION_CONTEXT('2D SPACE',''
  ) );
#2270 = ADVANCED_FACE('',(#2271),#1208,.F.);
#2271 = FACE_BOUND('',#2272,.F.);
#2272 = EDGE_LOOP('',(#2273,#2274,#2275,#2276,#2304));
#2273 = ORIENTED_EDGE('',*,*,#2227,.F.);
#2274 = ORIENTED_EDGE('',*,*,#1191,.F.);
#2275 = ORIENTED_EDGE('',*,*,#2098,.T.);
#2276 = ORIENTED_EDGE('',*,*,#2277,.T.);
#2277 = EDGE_CURVE('',#2099,#2278,#2280,.T.);
#2278 = VERTEX_POINT('',#2279);
#2279 = CARTESIAN_POINT('',(-23.25,12.1,69.2));
#2280 = SURFACE_CURVE('',#2281,(#2286,#2297),.PCURVE_S1.);
#2281 = CIRCLE('',#2282,7.5);
#2282 = AXIS2_PLACEMENT_3D('',#2283,#2284,#2285);
#2283 = CARTESIAN_POINT('',(-18.75,6.1,69.2));
#2284 = DIRECTION('',(0.,0.,-1.));
#2285 = DIRECTION('',(1.,0.,0.));
#2286 = PCURVE('',#1208,#2287);
#2287 = DEFINITIONAL_REPRESENTATION('',(#2288),#2296);
#2288 = ( BOUNDED_CURVE() B_SPLINE_CURVE(2,(#2289,#2290,#2291,#2292,
#2293,#2294,#2295),.UNSPECIFIED.,.T.,.F.) B_SPLINE_CURVE_WITH_KNOTS((1,2
    ,2,2,2,1),(-2.094395102393,0.,2.094395102393,4.188790204786,
6.28318530718,8.377580409573),.UNSPECIFIED.) CURVE() 
GEOMETRIC_REPRESENTATION_ITEM() RATIONAL_B_SPLINE_CURVE((1.,0.5,1.,0.5,
1.,0.5,1.)) REPRESENTATION_ITEM('') );
#2289 = CARTESIAN_POINT('',(19.,-3.5));
#2290 = CARTESIAN_POINT('',(19.,-16.49038105676));
#2291 = CARTESIAN_POINT('',(7.75,-9.995190528383));
#2292 = CARTESIAN_POINT('',(-3.5,-3.5));
#2293 = CARTESIAN_POINT('',(7.75,2.995190528383));
#2294 = CARTESIAN_POINT('',(19.,9.490381056767));
#2295 = CARTESIAN_POINT('',(19.,-3.5));
#2296 = ( GEOMETRIC_REPRESENTATION_CONTEXT(2) 
PARAMETRIC_REPRESENTATION_CONTEXT() REPRESENTATION_CONTEXT('2D SPACE',''
  ) );
#2297 = PCURVE('',#1981,#2298);
#2298 = DEFINITIONAL_REPRESENTATION('',(#2299),#2303);
#2299 = LINE('',#2300,#2301);
#2300 = CARTESIAN_POINT('',(-6.28318530718,-54.2));
#2301 = VECTOR('',#2302,1.);
#2302 = DIRECTION('',(1.,-0.));
#2303 = ( GEOMETRIC_REPRESENTATION_CONTEXT(2) 
PARAMETRIC_REPRESENTATION_CONTEXT() REPRESENTATION_CONTEXT('2D SPACE',''
  ) );
#2304 = ORIENTED_EDGE('',*,*,#2305,.T.);
#2305 = EDGE_CURVE('',#2278,#2228,#2306,.T.);
#2306 = SURFACE_CURVE('',#2307,(#2311,#2318),.PCURVE_S1.);
#2307 = LINE('',#2308,#2309);
#2308 = CARTESIAN_POINT('',(-23.25,9.6,69.2));
#2309 = VECTOR('',#2310,1.);
#2310 = DIRECTION('',(0.,1.,0.));
#2311 = PCURVE('',#1208,#2312);
#2312 = DEFINITIONAL_REPRESENTATION('',(#2313),#2317);
#2313 = LINE('',#2314,#2315);
#2314 = CARTESIAN_POINT('',(7.,0.));
#2315 = VECTOR('',#2316,1.);
#2316 = DIRECTION('',(0.,1.));
#2317 = ( GEOMETRIC_REPRESENTATION_CONTEXT(2) 
PARAMETRIC_REPRESENTATION_CONTEXT() REPRESENTATION_CONTEXT('2D SPACE',''
  ) );
#2318 = PCURVE('',#2210,#2319);
#2319 = DEFINITIONAL_REPRESENTATION('',(#2320),#2324);
#2320 = LINE('',#2321,#2322);
#2321 = CARTESIAN_POINT('',(22.,0.));
#2322 = VECTOR('',#2323,1.);
#2323 = DIRECTION('',(0.,-1.));
#2324 = ( GEOMETRIC_REPRESENTATION_CONTEXT(2) 
PARAMETRIC_REPRESENTATION_CONTEXT() REPRESENTATION_CONTEXT('2D SPACE',''
  ) );
#2325 = ADVANCED_FACE('',(#2326),#1324,.F.);
#2326 = FACE_BOUND('',#2327,.F.);
#2327 = EDGE_LOOP('',(#2328,#2351,#2352,#2353));
#2328 = ORIENTED_EDGE('',*,*,#2329,.T.);
#2329 = EDGE_CURVE('',#2330,#1994,#2332,.T.);
#2330 = VERTEX_POINT('',#2331);
#2331 = CARTESIAN_POINT('',(-14.25,13.6,15.));
#2332 = SURFACE_CURVE('',#2333,(#2337,#2344),.PCURVE_S1.);
#2333 = LINE('',#2334,#2335);
#2334 = CARTESIAN_POINT('',(-14.25,13.6,15.));
#2335 = VECTOR('',#2336,1.);
#2336 = DIRECTION('',(0.,0.,1.));
#2337 = PCURVE('',#1324,#2338);
#2338 = DEFINITIONAL_REPRESENTATION('',(#2339),#2343);
#2339 = LINE('',#2340,#2341);
#2340 = CARTESIAN_POINT('',(0.,0.));
#2341 = VECTOR('',#2342,1.);
#2342 = DIRECTION('',(0.,-1.));
#2343 = ( GEOMETRIC_REPRESENTATION_CONTEXT(2) 
PARAMETRIC_REPRESENTATION_CONTEXT() REPRESENTATION_CONTEXT('2D SPACE',''
  ) );
#2344 = PCURVE('',#2009,#2345);
#2345 = DEFINITIONAL_REPRESENTATION('',(#2346),#2350);
#2346 = LINE('',#2347,#2348);
#2347 = CARTESIAN_POINT('',(4.5,0.));
#2348 = VECTOR('',#2349,1.);
#2349 = DIRECTION('',(0.,-1.));
#2350 = ( GEOMETRIC_REPRESENTATION_CONTEXT(2) 
PARAMETRIC_REPRESENTATION_CONTEXT() REPRESENTATION_CONTEXT('2D SPACE',''
  ) );
#2351 = ORIENTED_EDGE('',*,*,#2021,.T.);
#2352 = ORIENTED_EDGE('',*,*,#1308,.F.);
#2353 = ORIENTED_EDGE('',*,*,#2354,.F.);
#2354 = EDGE_CURVE('',#2330,#1309,#2355,.T.);
#2355 = SURFACE_CURVE('',#2356,(#2360,#2367),.PCURVE_S1.);
#2356 = LINE('',#2357,#2358);
#2357 = CARTESIAN_POINT('',(-14.25,16.6,15.));
#2358 = VECTOR('',#2359,1.);
#2359 = DIRECTION('',(0.,1.,0.));
#2360 = PCURVE('',#1324,#2361);
#2361 = DEFINITIONAL_REPRESENTATION('',(#2362),#2366);
#2362 = LINE('',#2363,#2364);
#2363 = CARTESIAN_POINT('',(3.,0.));
#2364 = VECTOR('',#2365,1.);
#2365 = DIRECTION('',(1.,0.));
#2366 = ( GEOMETRIC_REPRESENTATION_CONTEXT(2) 
PARAMETRIC_REPRESENTATION_CONTEXT() REPRESENTATION_CONTEXT('2D SPACE',''
  ) );
#2367 = PCURVE('',#1352,#2368);
#2368 = DEFINITIONAL_REPRESENTATION('',(#2369),#2373);
#2369 = LINE('',#2370,#2371);
#2370 = CARTESIAN_POINT('',(-14.25,16.6));
#2371 = VECTOR('',#2372,1.);
#2372 = DIRECTION('',(0.,1.));
#2373 = ( GEOMETRIC_REPRESENTATION_CONTEXT(2) 
PARAMETRIC_REPRESENTATION_CONTEXT() REPRESENTATION_CONTEXT('2D SPACE',''
  ) );
#2374 = ADVANCED_FACE('',(#2375),#1352,.T.);
#2375 = FACE_BOUND('',#2376,.T.);
#2376 = EDGE_LOOP('',(#2377,#2378,#2379,#2402,#2426,#2449,#2473,#2496,
    #2520,#2543,#2567,#2590));
#2377 = ORIENTED_EDGE('',*,*,#1336,.F.);
#2378 = ORIENTED_EDGE('',*,*,#2354,.F.);
#2379 = ORIENTED_EDGE('',*,*,#2380,.F.);
#2380 = EDGE_CURVE('',#2381,#2330,#2383,.T.);
#2381 = VERTEX_POINT('',#2382);
#2382 = CARTESIAN_POINT('',(-18.75,13.6,15.));
#2383 = SURFACE_CURVE('',#2384,(#2388,#2395),.PCURVE_S1.);
#2384 = LINE('',#2385,#2386);
#2385 = CARTESIAN_POINT('',(0.,13.6,15.));
#2386 = VECTOR('',#2387,1.);
#2387 = DIRECTION('',(1.,0.,0.));
#2388 = PCURVE('',#1352,#2389);
#2389 = DEFINITIONAL_REPRESENTATION('',(#2390),#2394);
#2390 = LINE('',#2391,#2392);
#2391 = CARTESIAN_POINT('',(0.,13.6));
#2392 = VECTOR('',#2393,1.);
#2393 = DIRECTION('',(1.,0.));
#2394 = ( GEOMETRIC_REPRESENTATION_CONTEXT(2) 
PARAMETRIC_REPRESENTATION_CONTEXT() REPRESENTATION_CONTEXT('2D SPACE',''
  ) );
#2395 = PCURVE('',#2009,#2396);
#2396 = DEFINITIONAL_REPRESENTATION('',(#2397),#2401);
#2397 = LINE('',#2398,#2399);
#2398 = CARTESIAN_POINT('',(18.75,0.));
#2399 = VECTOR('',#2400,1.);
#2400 = DIRECTION('',(1.,0.));
#2401 = ( GEOMETRIC_REPRESENTATION_CONTEXT(2) 
PARAMETRIC_REPRESENTATION_CONTEXT() REPRESENTATION_CONTEXT('2D SPACE',''
  ) );
#2402 = ORIENTED_EDGE('',*,*,#2403,.T.);
#2403 = EDGE_CURVE('',#2381,#2404,#2406,.T.);
#2404 = VERTEX_POINT('',#2405);
#2405 = CARTESIAN_POINT('',(-26.25,6.1,15.));
#2406 = SURFACE_CURVE('',#2407,(#2412,#2419),.PCURVE_S1.);
#2407 = CIRCLE('',#2408,7.5);
#2408 = AXIS2_PLACEMENT_3D('',#2409,#2410,#2411);
#2409 = CARTESIAN_POINT('',(-18.75,6.1,15.));
#2410 = DIRECTION('',(0.,0.,1.));
#2411 = DIRECTION('',(1.,0.,0.));
#2412 = PCURVE('',#1352,#2413);
#2413 = DEFINITIONAL_REPRESENTATION('',(#2414),#2418);
#2414 = CIRCLE('',#2415,7.5);
#2415 = AXIS2_PLACEMENT_2D('',#2416,#2417);
#2416 = CARTESIAN_POINT('',(-18.75,6.1));
#2417 = DIRECTION('',(1.,0.));
#2418 = ( GEOMETRIC_REPRESENTATION_CONTEXT(2) 
PARAMETRIC_REPRESENTATION_CONTEXT() REPRESENTATION_CONTEXT('2D SPACE',''
  ) );
#2419 = PCURVE('',#1981,#2420);
#2420 = DEFINITIONAL_REPRESENTATION('',(#2421),#2425);
#2421 = LINE('',#2422,#2423);
#2422 = CARTESIAN_POINT('',(-0.,0.));
#2423 = VECTOR('',#2424,1.);
#2424 = DIRECTION('',(-1.,0.));
#2425 = ( GEOMETRIC_REPRESENTATION_CONTEXT(2) 
PARAMETRIC_REPRESENTATION_CONTEXT() REPRESENTATION_CONTEXT('2D SPACE',''
  ) );
#2426 = ORIENTED_EDGE('',*,*,#2427,.F.);
#2427 = EDGE_CURVE('',#2428,#2404,#2430,.T.);
#2428 = VERTEX_POINT('',#2429);
#2429 = CARTESIAN_POINT('',(-26.25,-6.1,15.));
#2430 = SURFACE_CURVE('',#2431,(#2435,#2442),.PCURVE_S1.);
#2431 = LINE('',#2432,#2433);
#2432 = CARTESIAN_POINT('',(-26.25,0.,15.));
#2433 = VECTOR('',#2434,1.);
#2434 = DIRECTION('',(0.,1.,0.));
#2435 = PCURVE('',#1352,#2436);
#2436 = DEFINITIONAL_REPRESENTATION('',(#2437),#2441);
#2437 = LINE('',#2438,#2439);
#2438 = CARTESIAN_POINT('',(-26.25,0.));
#2439 = VECTOR('',#2440,1.);
#2440 = DIRECTION('',(0.,1.));
#2441 = ( GEOMETRIC_REPRESENTATION_CONTEXT(2) 
PARAMETRIC_REPRESENTATION_CONTEXT() REPRESENTATION_CONTEXT('2D SPACE',''
  ) );
#2442 = PCURVE('',#1952,#2443);
#2443 = DEFINITIONAL_REPRESENTATION('',(#2444),#2448);
#2444 = LINE('',#2445,#2446);
#2445 = CARTESIAN_POINT('',(6.1,0.));
#2446 = VECTOR('',#2447,1.);
#2447 = DIRECTION('',(1.,0.));
#2448 = ( GEOMETRIC_REPRESENTATION_CONTEXT(2) 
PARAMETRIC_REPRESENTATION_CONTEXT() REPRESENTATION_CONTEXT('2D SPACE',''
  ) );
#2449 = ORIENTED_EDGE('',*,*,#2450,.T.);
#2450 = EDGE_CURVE('',#2428,#2451,#2453,.T.);
#2451 = VERTEX_POINT('',#2452);
#2452 = CARTESIAN_POINT('',(-18.75,-13.6,15.));
#2453 = SURFACE_CURVE('',#2454,(#2459,#2466),.PCURVE_S1.);
#2454 = CIRCLE('',#2455,7.5);
#2455 = AXIS2_PLACEMENT_3D('',#2456,#2457,#2458);
#2456 = CARTESIAN_POINT('',(-18.75,-6.1,15.));
#2457 = DIRECTION('',(0.,0.,1.));
#2458 = DIRECTION('',(1.,0.,0.));
#2459 = PCURVE('',#1352,#2460);
#2460 = DEFINITIONAL_REPRESENTATION('',(#2461),#2465);
#2461 = CIRCLE('',#2462,7.5);
#2462 = AXIS2_PLACEMENT_2D('',#2463,#2464);
#2463 = CARTESIAN_POINT('',(-18.75,-6.1));
#2464 = DIRECTION('',(1.,0.));
#2465 = ( GEOMETRIC_REPRESENTATION_CONTEXT(2) 
PARAMETRIC_REPRESENTATION_CONTEXT() REPRESENTATION_CONTEXT('2D SPACE',''
  ) );
#2466 = PCURVE('',#1924,#2467);
#2467 = DEFINITIONAL_REPRESENTATION('',(#2468),#2472);
#2468 = LINE('',#2469,#2470);
#2469 = CARTESIAN_POINT('',(-0.,0.));
#2470 = VECTOR('',#2471,1.);
#2471 = DIRECTION('',(-1.,0.));
#2472 = ( GEOMETRIC_REPRESENTATION_CONTEXT(2) 
PARAMETRIC_REPRESENTATION_CONTEXT() REPRESENTATION_CONTEXT('2D SPACE',''
  ) );
#2473 = ORIENTED_EDGE('',*,*,#2474,.T.);
#2474 = EDGE_CURVE('',#2451,#2475,#2477,.T.);
#2475 = VERTEX_POINT('',#2476);
#2476 = CARTESIAN_POINT('',(18.75,-13.6,15.));
#2477 = SURFACE_CURVE('',#2478,(#2482,#2489),.PCURVE_S1.);
#2478 = LINE('',#2479,#2480);
#2479 = CARTESIAN_POINT('',(0.,-13.6,15.));
#2480 = VECTOR('',#2481,1.);
#2481 = DIRECTION('',(1.,0.,0.));
#2482 = PCURVE('',#1352,#2483);
#2483 = DEFINITIONAL_REPRESENTATION('',(#2484),#2488);
#2484 = LINE('',#2485,#2486);
#2485 = CARTESIAN_POINT('',(0.,-13.6));
#2486 = VECTOR('',#2487,1.);
#2487 = DIRECTION('',(1.,0.));
#2488 = ( GEOMETRIC_REPRESENTATION_CONTEXT(2) 
PARAMETRIC_REPRESENTATION_CONTEXT() REPRESENTATION_CONTEXT('2D SPACE',''
  ) );
#2489 = PCURVE('',#1895,#2490);
#2490 = DEFINITIONAL_REPRESENTATION('',(#2491),#2495);
#2491 = LINE('',#2492,#2493);
#2492 = CARTESIAN_POINT('',(18.75,0.));
#2493 = VECTOR('',#2494,1.);
#2494 = DIRECTION('',(1.,0.));
#2495 = ( GEOMETRIC_REPRESENTATION_CONTEXT(2) 
PARAMETRIC_REPRESENTATION_CONTEXT() REPRESENTATION_CONTEXT('2D SPACE',''
  ) );
#2496 = ORIENTED_EDGE('',*,*,#2497,.T.);
#2497 = EDGE_CURVE('',#2475,#2498,#2500,.T.);
#2498 = VERTEX_POINT('',#2499);
#2499 = CARTESIAN_POINT('',(26.25,-6.1,15.));
#2500 = SURFACE_CURVE('',#2501,(#2506,#2513),.PCURVE_S1.);
#2501 = CIRCLE('',#2502,7.5);
#2502 = AXIS2_PLACEMENT_3D('',#2503,#2504,#2505);
#2503 = CARTESIAN_POINT('',(18.75,-6.1,15.));
#2504 = DIRECTION('',(0.,0.,1.));
#2505 = DIRECTION('',(1.,0.,0.));
#2506 = PCURVE('',#1352,#2507);
#2507 = DEFINITIONAL_REPRESENTATION('',(#2508),#2512);
#2508 = CIRCLE('',#2509,7.5);
#2509 = AXIS2_PLACEMENT_2D('',#2510,#2511);
#2510 = CARTESIAN_POINT('',(18.75,-6.1));
#2511 = DIRECTION('',(1.,0.));
#2512 = ( GEOMETRIC_REPRESENTATION_CONTEXT(2) 
PARAMETRIC_REPRESENTATION_CONTEXT() REPRESENTATION_CONTEXT('2D SPACE',''
  ) );
#2513 = PCURVE('',#1867,#2514);
#2514 = DEFINITIONAL_REPRESENTATION('',(#2515),#2519);
#2515 = LINE('',#2516,#2517);
#2516 = CARTESIAN_POINT('',(-0.,0.));
#2517 = VECTOR('',#2518,1.);
#2518 = DIRECTION('',(-1.,0.));
#2519 = ( GEOMETRIC_REPRESENTATION_CONTEXT(2) 
PARAMETRIC_REPRESENTATION_CONTEXT() REPRESENTATION_CONTEXT('2D SPACE',''
  ) );
#2520 = ORIENTED_EDGE('',*,*,#2521,.T.);
#2521 = EDGE_CURVE('',#2498,#2522,#2524,.T.);
#2522 = VERTEX_POINT('',#2523);
#2523 = CARTESIAN_POINT('',(26.25,6.1,15.));
#2524 = SURFACE_CURVE('',#2525,(#2529,#2536),.PCURVE_S1.);
#2525 = LINE('',#2526,#2527);
#2526 = CARTESIAN_POINT('',(26.25,0.,15.));
#2527 = VECTOR('',#2528,1.);
#2528 = DIRECTION('',(0.,1.,0.));
#2529 = PCURVE('',#1352,#2530);
#2530 = DEFINITIONAL_REPRESENTATION('',(#2531),#2535);
#2531 = LINE('',#2532,#2533);
#2532 = CARTESIAN_POINT('',(26.25,0.));
#2533 = VECTOR('',#2534,1.);
#2534 = DIRECTION('',(0.,1.));
#2535 = ( GEOMETRIC_REPRESENTATION_CONTEXT(2) 
PARAMETRIC_REPRESENTATION_CONTEXT() REPRESENTATION_CONTEXT('2D SPACE',''
  ) );
#2536 = PCURVE('',#1838,#2537);
#2537 = DEFINITIONAL_REPRESENTATION('',(#2538),#2542);
#2538 = LINE('',#2539,#2540);
#2539 = CARTESIAN_POINT('',(6.1,0.));
#2540 = VECTOR('',#2541,1.);
#2541 = DIRECTION('',(1.,0.));
#2542 = ( GEOMETRIC_REPRESENTATION_CONTEXT(2) 
PARAMETRIC_REPRESENTATION_CONTEXT() REPRESENTATION_CONTEXT('2D SPACE',''
  ) );
#2543 = ORIENTED_EDGE('',*,*,#2544,.T.);
#2544 = EDGE_CURVE('',#2522,#2545,#2547,.T.);
#2545 = VERTEX_POINT('',#2546);
#2546 = CARTESIAN_POINT('',(18.75,13.6,15.));
#2547 = SURFACE_CURVE('',#2548,(#2553,#2560),.PCURVE_S1.);
#2548 = CIRCLE('',#2549,7.5);
#2549 = AXIS2_PLACEMENT_3D('',#2550,#2551,#2552);
#2550 = CARTESIAN_POINT('',(18.75,6.1,15.));
#2551 = DIRECTION('',(0.,0.,1.));
#2552 = DIRECTION('',(1.,0.,0.));
#2553 = PCURVE('',#1352,#2554);
#2554 = DEFINITIONAL_REPRESENTATION('',(#2555),#2559);
#2555 = CIRCLE('',#2556,7.5);
#2556 = AXIS2_PLACEMENT_2D('',#2557,#2558);
#2557 = CARTESIAN_POINT('',(18.75,6.1));
#2558 = DIRECTION('',(1.,0.));
#2559 = ( GEOMETRIC_REPRESENTATION_CONTEXT(2) 
PARAMETRIC_REPRESENTATION_CONTEXT() REPRESENTATION_CONTEXT('2D SPACE',''
  ) );
#2560 = PCURVE('',#1810,#2561);
#2561 = DEFINITIONAL_REPRESENTATION('',(#2562),#2566);
#2562 = LINE('',#2563,#2564);
#2563 = CARTESIAN_POINT('',(-0.,0.));
#2564 = VECTOR('',#2565,1.);
#2565 = DIRECTION('',(-1.,0.));
#2566 = ( GEOMETRIC_REPRESENTATION_CONTEXT(2) 
PARAMETRIC_REPRESENTATION_CONTEXT() REPRESENTATION_CONTEXT('2D SPACE',''
  ) );
#2567 = ORIENTED_EDGE('',*,*,#2568,.F.);
#2568 = EDGE_CURVE('',#2569,#2545,#2571,.T.);
#2569 = VERTEX_POINT('',#2570);
#2570 = CARTESIAN_POINT('',(14.25,13.6,15.));
#2571 = SURFACE_CURVE('',#2572,(#2576,#2583),.PCURVE_S1.);
#2572 = LINE('',#2573,#2574);
#2573 = CARTESIAN_POINT('',(0.,13.6,15.));
#2574 = VECTOR('',#2575,1.);
#2575 = DIRECTION('',(1.,0.,0.));
#2576 = PCURVE('',#1352,#2577);
#2577 = DEFINITIONAL_REPRESENTATION('',(#2578),#2582);
#2578 = LINE('',#2579,#2580);
#2579 = CARTESIAN_POINT('',(0.,13.6));
#2580 = VECTOR('',#2581,1.);
#2581 = DIRECTION('',(1.,0.));
#2582 = ( GEOMETRIC_REPRESENTATION_CONTEXT(2) 
PARAMETRIC_REPRESENTATION_CONTEXT() REPRESENTATION_CONTEXT('2D SPACE',''
  ) );
#2583 = PCURVE('',#1781,#2584);
#2584 = DEFINITIONAL_REPRESENTATION('',(#2585),#2589);
#2585 = LINE('',#2586,#2587);
#2586 = CARTESIAN_POINT('',(-14.25,0.));
#2587 = VECTOR('',#2588,1.);
#2588 = DIRECTION('',(1.,0.));
#2589 = ( GEOMETRIC_REPRESENTATION_CONTEXT(2) 
PARAMETRIC_REPRESENTATION_CONTEXT() REPRESENTATION_CONTEXT('2D SPACE',''
  ) );
#2590 = ORIENTED_EDGE('',*,*,#2591,.T.);
#2591 = EDGE_CURVE('',#2569,#1337,#2592,.T.);
#2592 = SURFACE_CURVE('',#2593,(#2597,#2604),.PCURVE_S1.);
#2593 = LINE('',#2594,#2595);
#2594 = CARTESIAN_POINT('',(14.25,16.6,15.));
#2595 = VECTOR('',#2596,1.);
#2596 = DIRECTION('',(0.,1.,0.));
#2597 = PCURVE('',#1352,#2598);
#2598 = DEFINITIONAL_REPRESENTATION('',(#2599),#2603);
#2599 = LINE('',#2600,#2601);
#2600 = CARTESIAN_POINT('',(14.25,16.6));
#2601 = VECTOR('',#2602,1.);
#2602 = DIRECTION('',(0.,1.));
#2603 = ( GEOMETRIC_REPRESENTATION_CONTEXT(2) 
PARAMETRIC_REPRESENTATION_CONTEXT() REPRESENTATION_CONTEXT('2D SPACE',''
  ) );
#2604 = PCURVE('',#1380,#2605);
#2605 = DEFINITIONAL_REPRESENTATION('',(#2606),#2610);
#2606 = LINE('',#2607,#2608);
#2607 = CARTESIAN_POINT('',(3.,0.));
#2608 = VECTOR('',#2609,1.);
#2609 = DIRECTION('',(1.,0.));
#2610 = ( GEOMETRIC_REPRESENTATION_CONTEXT(2) 
PARAMETRIC_REPRESENTATION_CONTEXT() REPRESENTATION_CONTEXT('2D SPACE',''
  ) );
#2611 = ADVANCED_FACE('',(#2612),#1380,.T.);
#2612 = FACE_BOUND('',#2613,.T.);
#2613 = EDGE_LOOP('',(#2614,#2635,#2636,#2637));
#2614 = ORIENTED_EDGE('',*,*,#2615,.T.);
#2615 = EDGE_CURVE('',#2569,#1743,#2616,.T.);
#2616 = SURFACE_CURVE('',#2617,(#2621,#2628),.PCURVE_S1.);
#2617 = LINE('',#2618,#2619);
#2618 = CARTESIAN_POINT('',(14.25,13.6,15.));
#2619 = VECTOR('',#2620,1.);
#2620 = DIRECTION('',(0.,0.,1.));
#2621 = PCURVE('',#1380,#2622);
#2622 = DEFINITIONAL_REPRESENTATION('',(#2623),#2627);
#2623 = LINE('',#2624,#2625);
#2624 = CARTESIAN_POINT('',(0.,0.));
#2625 = VECTOR('',#2626,1.);
#2626 = DIRECTION('',(0.,-1.));
#2627 = ( GEOMETRIC_REPRESENTATION_CONTEXT(2) 
PARAMETRIC_REPRESENTATION_CONTEXT() REPRESENTATION_CONTEXT('2D SPACE',''
  ) );
#2628 = PCURVE('',#1781,#2629);
#2629 = DEFINITIONAL_REPRESENTATION('',(#2630),#2634);
#2630 = LINE('',#2631,#2632);
#2631 = CARTESIAN_POINT('',(0.,0.));
#2632 = VECTOR('',#2633,1.);
#2633 = DIRECTION('',(0.,-1.));
#2634 = ( GEOMETRIC_REPRESENTATION_CONTEXT(2) 
PARAMETRIC_REPRESENTATION_CONTEXT() REPRESENTATION_CONTEXT('2D SPACE',''
  ) );
#2635 = ORIENTED_EDGE('',*,*,#1742,.T.);
#2636 = ORIENTED_EDGE('',*,*,#1364,.F.);
#2637 = ORIENTED_EDGE('',*,*,#2591,.F.);
#2638 = ADVANCED_FACE('',(#2639,#2665),#1431,.T.);
#2639 = FACE_BOUND('',#2640,.F.);
#2640 = EDGE_LOOP('',(#2641,#2662,#2663,#2664));
#2641 = ORIENTED_EDGE('',*,*,#2642,.F.);
#2642 = EDGE_CURVE('',#1697,#1566,#2643,.T.);
#2643 = SURFACE_CURVE('',#2644,(#2648,#2655),.PCURVE_S1.);
#2644 = LINE('',#2645,#2646);
#2645 = CARTESIAN_POINT('',(29.25,6.1,87.));
#2646 = VECTOR('',#2647,1.);
#2647 = DIRECTION('',(0.,0.,-1.));
#2648 = PCURVE('',#1431,#2649);
#2649 = DEFINITIONAL_REPRESENTATION('',(#2650),#2654);
#2650 = LINE('',#2651,#2652);
#2651 = CARTESIAN_POINT('',(-0.,-76.));
#2652 = VECTOR('',#2653,1.);
#2653 = DIRECTION('',(0.,1.));
#2654 = ( GEOMETRIC_REPRESENTATION_CONTEXT(2) 
PARAMETRIC_REPRESENTATION_CONTEXT() REPRESENTATION_CONTEXT('2D SPACE',''
  ) );
#2655 = PCURVE('',#1601,#2656);
#2656 = DEFINITIONAL_REPRESENTATION('',(#2657),#2661);
#2657 = LINE('',#2658,#2659);
#2658 = CARTESIAN_POINT('',(12.2,-76.));
#2659 = VECTOR('',#2660,1.);
#2660 = DIRECTION('',(0.,1.));
#2661 = ( GEOMETRIC_REPRESENTATION_CONTEXT(2) 
PARAMETRIC_REPRESENTATION_CONTEXT() REPRESENTATION_CONTEXT('2D SPACE',''
  ) );
#2662 = ORIENTED_EDGE('',*,*,#1719,.T.);
#2663 = ORIENTED_EDGE('',*,*,#1415,.T.);
#2664 = ORIENTED_EDGE('',*,*,#1638,.F.);
#2665 = FACE_BOUND('',#2666,.F.);
#2666 = EDGE_LOOP('',(#2667,#2702,#2728,#2761));
#2667 = ORIENTED_EDGE('',*,*,#2668,.T.);
#2668 = EDGE_CURVE('',#2669,#2671,#2673,.T.);
#2669 = VERTEX_POINT('',#2670);
#2670 = CARTESIAN_POINT('',(26.09846922835,13.6,69.2));
#2671 = VERTEX_POINT('',#2672);
#2672 = CARTESIAN_POINT('',(28.649494936612,9.6,69.2));
#2673 = SURFACE_CURVE('',#2674,(#2679,#2686),.PCURVE_S1.);
#2674 = CIRCLE('',#2675,10.5);
#2675 = AXIS2_PLACEMENT_3D('',#2676,#2677,#2678);
#2676 = CARTESIAN_POINT('',(18.75,6.1,69.2));
#2677 = DIRECTION('',(0.,0.,-1.));
#2678 = DIRECTION('',(1.,0.,0.));
#2679 = PCURVE('',#1431,#2680);
#2680 = DEFINITIONAL_REPRESENTATION('',(#2681),#2685);
#2681 = LINE('',#2682,#2683);
#2682 = CARTESIAN_POINT('',(-6.28318530718,-58.2));
#2683 = VECTOR('',#2684,1.);
#2684 = DIRECTION('',(1.,-0.));
#2685 = ( GEOMETRIC_REPRESENTATION_CONTEXT(2) 
PARAMETRIC_REPRESENTATION_CONTEXT() REPRESENTATION_CONTEXT('2D SPACE',''
  ) );
#2686 = PCURVE('',#2687,#2692);
#2687 = PLANE('',#2688);
#2688 = AXIS2_PLACEMENT_3D('',#2689,#2690,#2691);
#2689 = CARTESIAN_POINT('',(23.25,9.6,69.2));
#2690 = DIRECTION('',(0.,0.,1.));
#2691 = DIRECTION('',(1.,0.,0.));
#2692 = DEFINITIONAL_REPRESENTATION('',(#2693),#2701);
#2693 = ( BOUNDED_CURVE() B_SPLINE_CURVE(2,(#2694,#2695,#2696,#2697,
#2698,#2699,#2700),.UNSPECIFIED.,.T.,.F.) B_SPLINE_CURVE_WITH_KNOTS((1,2
    ,2,2,2,1),(-2.094395102393,0.,2.094395102393,4.188790204786,
6.28318530718,8.377580409573),.UNSPECIFIED.) CURVE() 
GEOMETRIC_REPRESENTATION_ITEM() RATIONAL_B_SPLINE_CURVE((1.,0.5,1.,0.5,
1.,0.5,1.)) REPRESENTATION_ITEM('') );
#2694 = CARTESIAN_POINT('',(6.,-3.5));
#2695 = CARTESIAN_POINT('',(6.,-21.68653347947));
#2696 = CARTESIAN_POINT('',(-9.75,-12.59326673973));
#2697 = CARTESIAN_POINT('',(-25.5,-3.5));
#2698 = CARTESIAN_POINT('',(-9.75,5.593266739737));
#2699 = CARTESIAN_POINT('',(6.,14.686533479473));
#2700 = CARTESIAN_POINT('',(6.,-3.5));
#2701 = ( GEOMETRIC_REPRESENTATION_CONTEXT(2) 
PARAMETRIC_REPRESENTATION_CONTEXT() REPRESENTATION_CONTEXT('2D SPACE',''
  ) );
#2702 = ORIENTED_EDGE('',*,*,#2703,.T.);
#2703 = EDGE_CURVE('',#2671,#2704,#2706,.T.);
#2704 = VERTEX_POINT('',#2705);
#2705 = CARTESIAN_POINT('',(28.649494936612,9.6,47.2));
#2706 = SURFACE_CURVE('',#2707,(#2711,#2717),.PCURVE_S1.);
#2707 = LINE('',#2708,#2709);
#2708 = CARTESIAN_POINT('',(28.649494936612,9.6,11.));
#2709 = VECTOR('',#2710,1.);
#2710 = DIRECTION('',(-0.,-0.,-1.));
#2711 = PCURVE('',#1431,#2712);
#2712 = DEFINITIONAL_REPRESENTATION('',(#2713),#2716);
#2713 = B_SPLINE_CURVE_WITH_KNOTS('',1,(#2714,#2715),.UNSPECIFIED.,.F.,
  .F.,(2,2),(-60.4,-34.),.PIECEWISE_BEZIER_KNOTS.);
#2714 = CARTESIAN_POINT('',(-0.339836909454,-60.4));
#2715 = CARTESIAN_POINT('',(-0.339836909454,-34.));
#2716 = ( GEOMETRIC_REPRESENTATION_CONTEXT(2) 
PARAMETRIC_REPRESENTATION_CONTEXT() REPRESENTATION_CONTEXT('2D SPACE',''
  ) );
#2717 = PCURVE('',#2718,#2723);
#2718 = PLANE('',#2719);
#2719 = AXIS2_PLACEMENT_3D('',#2720,#2721,#2722);
#2720 = CARTESIAN_POINT('',(23.25,9.6,47.2));
#2721 = DIRECTION('',(0.,1.,0.));
#2722 = DIRECTION('',(0.,0.,1.));
#2723 = DEFINITIONAL_REPRESENTATION('',(#2724),#2727);
#2724 = B_SPLINE_CURVE_WITH_KNOTS('',1,(#2725,#2726),.UNSPECIFIED.,.F.,
  .F.,(2,2),(-60.4,-34.),.PIECEWISE_BEZIER_KNOTS.);
#2725 = CARTESIAN_POINT('',(24.2,5.399494936612));
#2726 = CARTESIAN_POINT('',(-2.2,5.399494936612));
#2727 = ( GEOMETRIC_REPRESENTATION_CONTEXT(2) 
PARAMETRIC_REPRESENTATION_CONTEXT() REPRESENTATION_CONTEXT('2D SPACE',''
  ) );
#2728 = ORIENTED_EDGE('',*,*,#2729,.F.);
#2729 = EDGE_CURVE('',#2730,#2704,#2732,.T.);
#2730 = VERTEX_POINT('',#2731);
#2731 = CARTESIAN_POINT('',(26.09846922835,13.6,47.2));
#2732 = SURFACE_CURVE('',#2733,(#2738,#2745),.PCURVE_S1.);
#2733 = CIRCLE('',#2734,10.5);
#2734 = AXIS2_PLACEMENT_3D('',#2735,#2736,#2737);
#2735 = CARTESIAN_POINT('',(18.75,6.1,47.2));
#2736 = DIRECTION('',(0.,0.,-1.));
#2737 = DIRECTION('',(1.,0.,0.));
#2738 = PCURVE('',#1431,#2739);
#2739 = DEFINITIONAL_REPRESENTATION('',(#2740),#2744);
#2740 = LINE('',#2741,#2742);
#2741 = CARTESIAN_POINT('',(-6.28318530718,-36.2));
#2742 = VECTOR('',#2743,1.);
#2743 = DIRECTION('',(1.,-0.));
#2744 = ( GEOMETRIC_REPRESENTATION_CONTEXT(2) 
PARAMETRIC_REPRESENTATION_CONTEXT() REPRESENTATION_CONTEXT('2D SPACE',''
  ) );
#2745 = PCURVE('',#2746,#2751);
#2746 = PLANE('',#2747);
#2747 = AXIS2_PLACEMENT_3D('',#2748,#2749,#2750);
#2748 = CARTESIAN_POINT('',(23.25,9.6,47.2));
#2749 = DIRECTION('',(0.,0.,1.));
#2750 = DIRECTION('',(1.,0.,0.));
#2751 = DEFINITIONAL_REPRESENTATION('',(#2752),#2760);
#2752 = ( BOUNDED_CURVE() B_SPLINE_CURVE(2,(#2753,#2754,#2755,#2756,
#2757,#2758,#2759),.UNSPECIFIED.,.T.,.F.) B_SPLINE_CURVE_WITH_KNOTS((1,2
    ,2,2,2,1),(-2.094395102393,0.,2.094395102393,4.188790204786,
6.28318530718,8.377580409573),.UNSPECIFIED.) CURVE() 
GEOMETRIC_REPRESENTATION_ITEM() RATIONAL_B_SPLINE_CURVE((1.,0.5,1.,0.5,
1.,0.5,1.)) REPRESENTATION_ITEM('') );
#2753 = CARTESIAN_POINT('',(6.,-3.5));
#2754 = CARTESIAN_POINT('',(6.,-21.68653347947));
#2755 = CARTESIAN_POINT('',(-9.75,-12.59326673973));
#2756 = CARTESIAN_POINT('',(-25.5,-3.5));
#2757 = CARTESIAN_POINT('',(-9.75,5.593266739737));
#2758 = CARTESIAN_POINT('',(6.,14.686533479473));
#2759 = CARTESIAN_POINT('',(6.,-3.5));
#2760 = ( GEOMETRIC_REPRESENTATION_CONTEXT(2) 
PARAMETRIC_REPRESENTATION_CONTEXT() REPRESENTATION_CONTEXT('2D SPACE',''
  ) );
#2761 = ORIENTED_EDGE('',*,*,#2762,.F.);
#2762 = EDGE_CURVE('',#2669,#2730,#2763,.T.);
#2763 = SURFACE_CURVE('',#2764,(#2768,#2774),.PCURVE_S1.);
#2764 = LINE('',#2765,#2766);
#2765 = CARTESIAN_POINT('',(26.09846922835,13.6,11.));
#2766 = VECTOR('',#2767,1.);
#2767 = DIRECTION('',(-0.,-0.,-1.));
#2768 = PCURVE('',#1431,#2769);
#2769 = DEFINITIONAL_REPRESENTATION('',(#2770),#2773);
#2770 = B_SPLINE_CURVE_WITH_KNOTS('',1,(#2771,#2772),.UNSPECIFIED.,.F.,
  .F.,(2,2),(-60.4,-34.),.PIECEWISE_BEZIER_KNOTS.);
#2771 = CARTESIAN_POINT('',(-0.795602953485,-60.4));
#2772 = CARTESIAN_POINT('',(-0.795602953485,-34.));
#2773 = ( GEOMETRIC_REPRESENTATION_CONTEXT(2) 
PARAMETRIC_REPRESENTATION_CONTEXT() REPRESENTATION_CONTEXT('2D SPACE',''
  ) );
#2774 = PCURVE('',#2775,#2780);
#2775 = PLANE('',#2776);
#2776 = AXIS2_PLACEMENT_3D('',#2777,#2778,#2779);
#2777 = CARTESIAN_POINT('',(23.25,13.6,47.2));
#2778 = DIRECTION('',(0.,1.,0.));
#2779 = DIRECTION('',(0.,0.,1.));
#2780 = DEFINITIONAL_REPRESENTATION('',(#2781),#2784);
#2781 = B_SPLINE_CURVE_WITH_KNOTS('',1,(#2782,#2783),.UNSPECIFIED.,.F.,
  .F.,(2,2),(-60.4,-34.),.PIECEWISE_BEZIER_KNOTS.);
#2782 = CARTESIAN_POINT('',(24.2,2.84846922835));
#2783 = CARTESIAN_POINT('',(-2.2,2.84846922835));
#2784 = ( GEOMETRIC_REPRESENTATION_CONTEXT(2) 
PARAMETRIC_REPRESENTATION_CONTEXT() REPRESENTATION_CONTEXT('2D SPACE',''
  ) );
#2785 = ADVANCED_FACE('',(#2786),#1601,.F.);
#2786 = FACE_BOUND('',#2787,.F.);
#2787 = EDGE_LOOP('',(#2788,#2789,#2790,#2791));
#2788 = ORIENTED_EDGE('',*,*,#2049,.T.);
#2789 = ORIENTED_EDGE('',*,*,#1696,.T.);
#2790 = ORIENTED_EDGE('',*,*,#2642,.T.);
#2791 = ORIENTED_EDGE('',*,*,#1587,.F.);
#2792 = ADVANCED_FACE('',(#2793),#2009,.F.);
#2793 = FACE_BOUND('',#2794,.F.);
#2794 = EDGE_LOOP('',(#2795,#2816,#2817,#2818));
#2795 = ORIENTED_EDGE('',*,*,#2796,.T.);
#2796 = EDGE_CURVE('',#2381,#1965,#2797,.T.);
#2797 = SURFACE_CURVE('',#2798,(#2802,#2809),.PCURVE_S1.);
#2798 = LINE('',#2799,#2800);
#2799 = CARTESIAN_POINT('',(-18.75,13.6,15.));
#2800 = VECTOR('',#2801,1.);
#2801 = DIRECTION('',(0.,0.,1.));
#2802 = PCURVE('',#2009,#2803);
#2803 = DEFINITIONAL_REPRESENTATION('',(#2804),#2808);
#2804 = LINE('',#2805,#2806);
#2805 = CARTESIAN_POINT('',(0.,0.));
#2806 = VECTOR('',#2807,1.);
#2807 = DIRECTION('',(0.,-1.));
#2808 = ( GEOMETRIC_REPRESENTATION_CONTEXT(2) 
PARAMETRIC_REPRESENTATION_CONTEXT() REPRESENTATION_CONTEXT('2D SPACE',''
  ) );
#2809 = PCURVE('',#1981,#2810);
#2810 = DEFINITIONAL_REPRESENTATION('',(#2811),#2815);
#2811 = LINE('',#2812,#2813);
#2812 = CARTESIAN_POINT('',(-1.570796326795,0.));
#2813 = VECTOR('',#2814,1.);
#2814 = DIRECTION('',(-0.,-1.));
#2815 = ( GEOMETRIC_REPRESENTATION_CONTEXT(2) 
PARAMETRIC_REPRESENTATION_CONTEXT() REPRESENTATION_CONTEXT('2D SPACE',''
  ) );
#2816 = ORIENTED_EDGE('',*,*,#1993,.T.);
#2817 = ORIENTED_EDGE('',*,*,#2329,.F.);
#2818 = ORIENTED_EDGE('',*,*,#2380,.F.);
#2819 = ADVANCED_FACE('',(#2820,#2846),#1981,.F.);
#2820 = FACE_BOUND('',#2821,.T.);
#2821 = EDGE_LOOP('',(#2822,#2823,#2824,#2845));
#2822 = ORIENTED_EDGE('',*,*,#2796,.T.);
#2823 = ORIENTED_EDGE('',*,*,#1964,.T.);
#2824 = ORIENTED_EDGE('',*,*,#2825,.F.);
#2825 = EDGE_CURVE('',#2404,#1937,#2826,.T.);
#2826 = SURFACE_CURVE('',#2827,(#2831,#2838),.PCURVE_S1.);
#2827 = LINE('',#2828,#2829);
#2828 = CARTESIAN_POINT('',(-26.25,6.1,15.));
#2829 = VECTOR('',#2830,1.);
#2830 = DIRECTION('',(0.,0.,1.));
#2831 = PCURVE('',#1981,#2832);
#2832 = DEFINITIONAL_REPRESENTATION('',(#2833),#2837);
#2833 = LINE('',#2834,#2835);
#2834 = CARTESIAN_POINT('',(-3.14159265359,0.));
#2835 = VECTOR('',#2836,1.);
#2836 = DIRECTION('',(-0.,-1.));
#2837 = ( GEOMETRIC_REPRESENTATION_CONTEXT(2) 
PARAMETRIC_REPRESENTATION_CONTEXT() REPRESENTATION_CONTEXT('2D SPACE',''
  ) );
#2838 = PCURVE('',#1952,#2839);
#2839 = DEFINITIONAL_REPRESENTATION('',(#2840),#2844);
#2840 = LINE('',#2841,#2842);
#2841 = CARTESIAN_POINT('',(12.2,0.));
#2842 = VECTOR('',#2843,1.);
#2843 = DIRECTION('',(0.,-1.));
#2844 = ( GEOMETRIC_REPRESENTATION_CONTEXT(2) 
PARAMETRIC_REPRESENTATION_CONTEXT() REPRESENTATION_CONTEXT('2D SPACE',''
  ) );
#2845 = ORIENTED_EDGE('',*,*,#2403,.F.);
#2846 = FACE_BOUND('',#2847,.T.);
#2847 = EDGE_LOOP('',(#2848,#2849,#2868,#2869));
#2848 = ORIENTED_EDGE('',*,*,#2277,.T.);
#2849 = ORIENTED_EDGE('',*,*,#2850,.T.);
#2850 = EDGE_CURVE('',#2278,#2169,#2851,.T.);
#2851 = SURFACE_CURVE('',#2852,(#2856,#2862),.PCURVE_S1.);
#2852 = LINE('',#2853,#2854);
#2853 = CARTESIAN_POINT('',(-23.25,12.1,15.));
#2854 = VECTOR('',#2855,1.);
#2855 = DIRECTION('',(-0.,-0.,-1.));
#2856 = PCURVE('',#1981,#2857);
#2857 = DEFINITIONAL_REPRESENTATION('',(#2858),#2861);
#2858 = B_SPLINE_CURVE_WITH_KNOTS('',1,(#2859,#2860),.UNSPECIFIED.,.F.,
  .F.,(2,2),(-56.4,-30.),.PIECEWISE_BEZIER_KNOTS.);
#2859 = CARTESIAN_POINT('',(-2.214297435588,-56.4));
#2860 = CARTESIAN_POINT('',(-2.214297435588,-30.));
#2861 = ( GEOMETRIC_REPRESENTATION_CONTEXT(2) 
PARAMETRIC_REPRESENTATION_CONTEXT() REPRESENTATION_CONTEXT('2D SPACE',''
  ) );
#2862 = PCURVE('',#2210,#2863);
#2863 = DEFINITIONAL_REPRESENTATION('',(#2864),#2867);
#2864 = B_SPLINE_CURVE_WITH_KNOTS('',1,(#2865,#2866),.UNSPECIFIED.,.F.,
  .F.,(2,2),(-56.4,-30.),.PIECEWISE_BEZIER_KNOTS.);
#2865 = CARTESIAN_POINT('',(24.2,-2.5));
#2866 = CARTESIAN_POINT('',(-2.2,-2.5));
#2867 = ( GEOMETRIC_REPRESENTATION_CONTEXT(2) 
PARAMETRIC_REPRESENTATION_CONTEXT() REPRESENTATION_CONTEXT('2D SPACE',''
  ) );
#2868 = ORIENTED_EDGE('',*,*,#2168,.F.);
#2869 = ORIENTED_EDGE('',*,*,#2121,.F.);
#2870 = ADVANCED_FACE('',(#2871),#1952,.F.);
#2871 = FACE_BOUND('',#2872,.F.);
#2872 = EDGE_LOOP('',(#2873,#2894,#2895,#2896));
#2873 = ORIENTED_EDGE('',*,*,#2874,.T.);
#2874 = EDGE_CURVE('',#2428,#1908,#2875,.T.);
#2875 = SURFACE_CURVE('',#2876,(#2880,#2887),.PCURVE_S1.);
#2876 = LINE('',#2877,#2878);
#2877 = CARTESIAN_POINT('',(-26.25,-6.1,15.));
#2878 = VECTOR('',#2879,1.);
#2879 = DIRECTION('',(0.,0.,1.));
#2880 = PCURVE('',#1952,#2881);
#2881 = DEFINITIONAL_REPRESENTATION('',(#2882),#2886);
#2882 = LINE('',#2883,#2884);
#2883 = CARTESIAN_POINT('',(0.,0.));
#2884 = VECTOR('',#2885,1.);
#2885 = DIRECTION('',(0.,-1.));
#2886 = ( GEOMETRIC_REPRESENTATION_CONTEXT(2) 
PARAMETRIC_REPRESENTATION_CONTEXT() REPRESENTATION_CONTEXT('2D SPACE',''
  ) );
#2887 = PCURVE('',#1924,#2888);
#2888 = DEFINITIONAL_REPRESENTATION('',(#2889),#2893);
#2889 = LINE('',#2890,#2891);
#2890 = CARTESIAN_POINT('',(-3.14159265359,0.));
#2891 = VECTOR('',#2892,1.);
#2892 = DIRECTION('',(-0.,-1.));
#2893 = ( GEOMETRIC_REPRESENTATION_CONTEXT(2) 
PARAMETRIC_REPRESENTATION_CONTEXT() REPRESENTATION_CONTEXT('2D SPACE',''
  ) );
#2894 = ORIENTED_EDGE('',*,*,#1936,.T.);
#2895 = ORIENTED_EDGE('',*,*,#2825,.F.);
#2896 = ORIENTED_EDGE('',*,*,#2427,.F.);
#2897 = ADVANCED_FACE('',(#2898),#1924,.F.);
#2898 = FACE_BOUND('',#2899,.T.);
#2899 = EDGE_LOOP('',(#2900,#2901,#2902,#2923));
#2900 = ORIENTED_EDGE('',*,*,#2874,.T.);
#2901 = ORIENTED_EDGE('',*,*,#1907,.T.);
#2902 = ORIENTED_EDGE('',*,*,#2903,.F.);
#2903 = EDGE_CURVE('',#2451,#1880,#2904,.T.);
#2904 = SURFACE_CURVE('',#2905,(#2909,#2916),.PCURVE_S1.);
#2905 = LINE('',#2906,#2907);
#2906 = CARTESIAN_POINT('',(-18.75,-13.6,15.));
#2907 = VECTOR('',#2908,1.);
#2908 = DIRECTION('',(0.,0.,1.));
#2909 = PCURVE('',#1924,#2910);
#2910 = DEFINITIONAL_REPRESENTATION('',(#2911),#2915);
#2911 = LINE('',#2912,#2913);
#2912 = CARTESIAN_POINT('',(-4.712388980385,0.));
#2913 = VECTOR('',#2914,1.);
#2914 = DIRECTION('',(-0.,-1.));
#2915 = ( GEOMETRIC_REPRESENTATION_CONTEXT(2) 
PARAMETRIC_REPRESENTATION_CONTEXT() REPRESENTATION_CONTEXT('2D SPACE',''
  ) );
#2916 = PCURVE('',#1895,#2917);
#2917 = DEFINITIONAL_REPRESENTATION('',(#2918),#2922);
#2918 = LINE('',#2919,#2920);
#2919 = CARTESIAN_POINT('',(0.,0.));
#2920 = VECTOR('',#2921,1.);
#2921 = DIRECTION('',(0.,-1.));
#2922 = ( GEOMETRIC_REPRESENTATION_CONTEXT(2) 
PARAMETRIC_REPRESENTATION_CONTEXT() REPRESENTATION_CONTEXT('2D SPACE',''
  ) );
#2923 = ORIENTED_EDGE('',*,*,#2450,.F.);
#2924 = ADVANCED_FACE('',(#2925),#1895,.T.);
#2925 = FACE_BOUND('',#2926,.T.);
#2926 = EDGE_LOOP('',(#2927,#2928,#2929,#2950));
#2927 = ORIENTED_EDGE('',*,*,#2903,.T.);
#2928 = ORIENTED_EDGE('',*,*,#1879,.T.);
#2929 = ORIENTED_EDGE('',*,*,#2930,.F.);
#2930 = EDGE_CURVE('',#2475,#1851,#2931,.T.);
#2931 = SURFACE_CURVE('',#2932,(#2936,#2943),.PCURVE_S1.);
#2932 = LINE('',#2933,#2934);
#2933 = CARTESIAN_POINT('',(18.75,-13.6,15.));
#2934 = VECTOR('',#2935,1.);
#2935 = DIRECTION('',(0.,0.,1.));
#2936 = PCURVE('',#1895,#2937);
#2937 = DEFINITIONAL_REPRESENTATION('',(#2938),#2942);
#2938 = LINE('',#2939,#2940);
#2939 = CARTESIAN_POINT('',(37.5,0.));
#2940 = VECTOR('',#2941,1.);
#2941 = DIRECTION('',(0.,-1.));
#2942 = ( GEOMETRIC_REPRESENTATION_CONTEXT(2) 
PARAMETRIC_REPRESENTATION_CONTEXT() REPRESENTATION_CONTEXT('2D SPACE',''
  ) );
#2943 = PCURVE('',#1867,#2944);
#2944 = DEFINITIONAL_REPRESENTATION('',(#2945),#2949);
#2945 = LINE('',#2946,#2947);
#2946 = CARTESIAN_POINT('',(-4.712388980385,0.));
#2947 = VECTOR('',#2948,1.);
#2948 = DIRECTION('',(-0.,-1.));
#2949 = ( GEOMETRIC_REPRESENTATION_CONTEXT(2) 
PARAMETRIC_REPRESENTATION_CONTEXT() REPRESENTATION_CONTEXT('2D SPACE',''
  ) );
#2950 = ORIENTED_EDGE('',*,*,#2474,.F.);
#2951 = ADVANCED_FACE('',(#2952),#1867,.F.);
#2952 = FACE_BOUND('',#2953,.T.);
#2953 = EDGE_LOOP('',(#2954,#2955,#2956,#2977));
#2954 = ORIENTED_EDGE('',*,*,#2930,.T.);
#2955 = ORIENTED_EDGE('',*,*,#1850,.T.);
#2956 = ORIENTED_EDGE('',*,*,#2957,.F.);
#2957 = EDGE_CURVE('',#2498,#1823,#2958,.T.);
#2958 = SURFACE_CURVE('',#2959,(#2963,#2970),.PCURVE_S1.);
#2959 = LINE('',#2960,#2961);
#2960 = CARTESIAN_POINT('',(26.25,-6.1,15.));
#2961 = VECTOR('',#2962,1.);
#2962 = DIRECTION('',(0.,0.,1.));
#2963 = PCURVE('',#1867,#2964);
#2964 = DEFINITIONAL_REPRESENTATION('',(#2965),#2969);
#2965 = LINE('',#2966,#2967);
#2966 = CARTESIAN_POINT('',(-6.28318530718,0.));
#2967 = VECTOR('',#2968,1.);
#2968 = DIRECTION('',(-0.,-1.));
#2969 = ( GEOMETRIC_REPRESENTATION_CONTEXT(2) 
PARAMETRIC_REPRESENTATION_CONTEXT() REPRESENTATION_CONTEXT('2D SPACE',''
  ) );
#2970 = PCURVE('',#1838,#2971);
#2971 = DEFINITIONAL_REPRESENTATION('',(#2972),#2976);
#2972 = LINE('',#2973,#2974);
#2973 = CARTESIAN_POINT('',(0.,0.));
#2974 = VECTOR('',#2975,1.);
#2975 = DIRECTION('',(0.,-1.));
#2976 = ( GEOMETRIC_REPRESENTATION_CONTEXT(2) 
PARAMETRIC_REPRESENTATION_CONTEXT() REPRESENTATION_CONTEXT('2D SPACE',''
  ) );
#2977 = ORIENTED_EDGE('',*,*,#2497,.F.);
#2978 = ADVANCED_FACE('',(#2979),#1838,.T.);
#2979 = FACE_BOUND('',#2980,.T.);
#2980 = EDGE_LOOP('',(#2981,#2982,#2983,#3004));
#2981 = ORIENTED_EDGE('',*,*,#2957,.T.);
#2982 = ORIENTED_EDGE('',*,*,#1822,.T.);
#2983 = ORIENTED_EDGE('',*,*,#2984,.F.);
#2984 = EDGE_CURVE('',#2522,#1794,#2985,.T.);
#2985 = SURFACE_CURVE('',#2986,(#2990,#2997),.PCURVE_S1.);
#2986 = LINE('',#2987,#2988);
#2987 = CARTESIAN_POINT('',(26.25,6.1,15.));
#2988 = VECTOR('',#2989,1.);
#2989 = DIRECTION('',(0.,0.,1.));
#2990 = PCURVE('',#1838,#2991);
#2991 = DEFINITIONAL_REPRESENTATION('',(#2992),#2996);
#2992 = LINE('',#2993,#2994);
#2993 = CARTESIAN_POINT('',(12.2,0.));
#2994 = VECTOR('',#2995,1.);
#2995 = DIRECTION('',(0.,-1.));
#2996 = ( GEOMETRIC_REPRESENTATION_CONTEXT(2) 
PARAMETRIC_REPRESENTATION_CONTEXT() REPRESENTATION_CONTEXT('2D SPACE',''
  ) );
#2997 = PCURVE('',#1810,#2998);
#2998 = DEFINITIONAL_REPRESENTATION('',(#2999),#3003);
#2999 = LINE('',#3000,#3001);
#3000 = CARTESIAN_POINT('',(-0.,0.));
#3001 = VECTOR('',#3002,1.);
#3002 = DIRECTION('',(-0.,-1.));
#3003 = ( GEOMETRIC_REPRESENTATION_CONTEXT(2) 
PARAMETRIC_REPRESENTATION_CONTEXT() REPRESENTATION_CONTEXT('2D SPACE',''
  ) );
#3004 = ORIENTED_EDGE('',*,*,#2521,.F.);
#3005 = ADVANCED_FACE('',(#3006,#3032),#1810,.F.);
#3006 = FACE_BOUND('',#3007,.T.);
#3007 = EDGE_LOOP('',(#3008,#3009,#3010,#3031));
#3008 = ORIENTED_EDGE('',*,*,#2984,.T.);
#3009 = ORIENTED_EDGE('',*,*,#1793,.T.);
#3010 = ORIENTED_EDGE('',*,*,#3011,.F.);
#3011 = EDGE_CURVE('',#2545,#1766,#3012,.T.);
#3012 = SURFACE_CURVE('',#3013,(#3017,#3024),.PCURVE_S1.);
#3013 = LINE('',#3014,#3015);
#3014 = CARTESIAN_POINT('',(18.75,13.6,15.));
#3015 = VECTOR('',#3016,1.);
#3016 = DIRECTION('',(0.,0.,1.));
#3017 = PCURVE('',#1810,#3018);
#3018 = DEFINITIONAL_REPRESENTATION('',(#3019),#3023);
#3019 = LINE('',#3020,#3021);
#3020 = CARTESIAN_POINT('',(-1.570796326795,0.));
#3021 = VECTOR('',#3022,1.);
#3022 = DIRECTION('',(-0.,-1.));
#3023 = ( GEOMETRIC_REPRESENTATION_CONTEXT(2) 
PARAMETRIC_REPRESENTATION_CONTEXT() REPRESENTATION_CONTEXT('2D SPACE',''
  ) );
#3024 = PCURVE('',#1781,#3025);
#3025 = DEFINITIONAL_REPRESENTATION('',(#3026),#3030);
#3026 = LINE('',#3027,#3028);
#3027 = CARTESIAN_POINT('',(4.5,0.));
#3028 = VECTOR('',#3029,1.);
#3029 = DIRECTION('',(0.,-1.));
#3030 = ( GEOMETRIC_REPRESENTATION_CONTEXT(2) 
PARAMETRIC_REPRESENTATION_CONTEXT() REPRESENTATION_CONTEXT('2D SPACE',''
  ) );
#3031 = ORIENTED_EDGE('',*,*,#2544,.F.);
#3032 = FACE_BOUND('',#3033,.T.);
#3033 = EDGE_LOOP('',(#3034,#3062,#3090,#3111));
#3034 = ORIENTED_EDGE('',*,*,#3035,.F.);
#3035 = EDGE_CURVE('',#3036,#3038,#3040,.T.);
#3036 = VERTEX_POINT('',#3037);
#3037 = CARTESIAN_POINT('',(23.25,12.1,69.2));
#3038 = VERTEX_POINT('',#3039);
#3039 = CARTESIAN_POINT('',(23.25,12.1,47.2));
#3040 = SURFACE_CURVE('',#3041,(#3045,#3051),.PCURVE_S1.);
#3041 = LINE('',#3042,#3043);
#3042 = CARTESIAN_POINT('',(23.25,12.1,15.));
#3043 = VECTOR('',#3044,1.);
#3044 = DIRECTION('',(-0.,-0.,-1.));
#3045 = PCURVE('',#1810,#3046);
#3046 = DEFINITIONAL_REPRESENTATION('',(#3047),#3050);
#3047 = B_SPLINE_CURVE_WITH_KNOTS('',1,(#3048,#3049),.UNSPECIFIED.,.F.,
  .F.,(2,2),(-56.4,-30.),.PIECEWISE_BEZIER_KNOTS.);
#3048 = CARTESIAN_POINT('',(-0.927295218002,-56.4));
#3049 = CARTESIAN_POINT('',(-0.927295218002,-30.));
#3050 = ( GEOMETRIC_REPRESENTATION_CONTEXT(2) 
PARAMETRIC_REPRESENTATION_CONTEXT() REPRESENTATION_CONTEXT('2D SPACE',''
  ) );
#3051 = PCURVE('',#3052,#3057);
#3052 = PLANE('',#3053);
#3053 = AXIS2_PLACEMENT_3D('',#3054,#3055,#3056);
#3054 = CARTESIAN_POINT('',(23.25,9.6,47.2));
#3055 = DIRECTION('',(1.,0.,0.));
#3056 = DIRECTION('',(0.,0.,1.));
#3057 = DEFINITIONAL_REPRESENTATION('',(#3058),#3061);
#3058 = B_SPLINE_CURVE_WITH_KNOTS('',1,(#3059,#3060),.UNSPECIFIED.,.F.,
  .F.,(2,2),(-56.4,-30.),.PIECEWISE_BEZIER_KNOTS.);
#3059 = CARTESIAN_POINT('',(24.2,-2.5));
#3060 = CARTESIAN_POINT('',(-2.2,-2.5));
#3061 = ( GEOMETRIC_REPRESENTATION_CONTEXT(2) 
PARAMETRIC_REPRESENTATION_CONTEXT() REPRESENTATION_CONTEXT('2D SPACE',''
  ) );
#3062 = ORIENTED_EDGE('',*,*,#3063,.T.);
#3063 = EDGE_CURVE('',#3036,#3064,#3066,.T.);
#3064 = VERTEX_POINT('',#3065);
#3065 = CARTESIAN_POINT('',(25.383249580711,9.6,69.2));
#3066 = SURFACE_CURVE('',#3067,(#3072,#3079),.PCURVE_S1.);
#3067 = CIRCLE('',#3068,7.5);
#3068 = AXIS2_PLACEMENT_3D('',#3069,#3070,#3071);
#3069 = CARTESIAN_POINT('',(18.75,6.1,69.2));
#3070 = DIRECTION('',(0.,0.,-1.));
#3071 = DIRECTION('',(1.,0.,0.));
#3072 = PCURVE('',#1810,#3073);
#3073 = DEFINITIONAL_REPRESENTATION('',(#3074),#3078);
#3074 = LINE('',#3075,#3076);
#3075 = CARTESIAN_POINT('',(-6.28318530718,-54.2));
#3076 = VECTOR('',#3077,1.);
#3077 = DIRECTION('',(1.,-0.));
#3078 = ( GEOMETRIC_REPRESENTATION_CONTEXT(2) 
PARAMETRIC_REPRESENTATION_CONTEXT() REPRESENTATION_CONTEXT('2D SPACE',''
  ) );
#3079 = PCURVE('',#2687,#3080);
#3080 = DEFINITIONAL_REPRESENTATION('',(#3081),#3089);
#3081 = ( BOUNDED_CURVE() B_SPLINE_CURVE(2,(#3082,#3083,#3084,#3085,
#3086,#3087,#3088),.UNSPECIFIED.,.T.,.F.) B_SPLINE_CURVE_WITH_KNOTS((1,2
    ,2,2,2,1),(-2.094395102393,0.,2.094395102393,4.188790204786,
6.28318530718,8.377580409573),.UNSPECIFIED.) CURVE() 
GEOMETRIC_REPRESENTATION_ITEM() RATIONAL_B_SPLINE_CURVE((1.,0.5,1.,0.5,
1.,0.5,1.)) REPRESENTATION_ITEM('') );
#3082 = CARTESIAN_POINT('',(3.,-3.5));
#3083 = CARTESIAN_POINT('',(3.,-16.49038105676));
#3084 = CARTESIAN_POINT('',(-8.25,-9.995190528383));
#3085 = CARTESIAN_POINT('',(-19.5,-3.5));
#3086 = CARTESIAN_POINT('',(-8.25,2.995190528383));
#3087 = CARTESIAN_POINT('',(3.,9.490381056767));
#3088 = CARTESIAN_POINT('',(3.,-3.5));
#3089 = ( GEOMETRIC_REPRESENTATION_CONTEXT(2) 
PARAMETRIC_REPRESENTATION_CONTEXT() REPRESENTATION_CONTEXT('2D SPACE',''
  ) );
#3090 = ORIENTED_EDGE('',*,*,#3091,.T.);
#3091 = EDGE_CURVE('',#3064,#3092,#3094,.T.);
#3092 = VERTEX_POINT('',#3093);
#3093 = CARTESIAN_POINT('',(25.383249580711,9.6,47.2));
#3094 = SURFACE_CURVE('',#3095,(#3099,#3105),.PCURVE_S1.);
#3095 = LINE('',#3096,#3097);
#3096 = CARTESIAN_POINT('',(25.383249580711,9.6,15.));
#3097 = VECTOR('',#3098,1.);
#3098 = DIRECTION('',(-0.,-0.,-1.));
#3099 = PCURVE('',#1810,#3100);
#3100 = DEFINITIONAL_REPRESENTATION('',(#3101),#3104);
#3101 = B_SPLINE_CURVE_WITH_KNOTS('',1,(#3102,#3103),.UNSPECIFIED.,.F.,
  .F.,(2,2),(-56.4,-30.),.PIECEWISE_BEZIER_KNOTS.);
#3102 = CARTESIAN_POINT('',(-0.485518122296,-56.4));
#3103 = CARTESIAN_POINT('',(-0.485518122296,-30.));
#3104 = ( GEOMETRIC_REPRESENTATION_CONTEXT(2) 
PARAMETRIC_REPRESENTATION_CONTEXT() REPRESENTATION_CONTEXT('2D SPACE',''
  ) );
#3105 = PCURVE('',#2718,#3106);
#3106 = DEFINITIONAL_REPRESENTATION('',(#3107),#3110);
#3107 = B_SPLINE_CURVE_WITH_KNOTS('',1,(#3108,#3109),.UNSPECIFIED.,.F.,
  .F.,(2,2),(-56.4,-30.),.PIECEWISE_BEZIER_KNOTS.);
#3108 = CARTESIAN_POINT('',(24.2,2.133249580711));
#3109 = CARTESIAN_POINT('',(-2.2,2.133249580711));
#3110 = ( GEOMETRIC_REPRESENTATION_CONTEXT(2) 
PARAMETRIC_REPRESENTATION_CONTEXT() REPRESENTATION_CONTEXT('2D SPACE',''
  ) );
#3111 = ORIENTED_EDGE('',*,*,#3112,.F.);
#3112 = EDGE_CURVE('',#3038,#3092,#3113,.T.);
#3113 = SURFACE_CURVE('',#3114,(#3119,#3126),.PCURVE_S1.);
#3114 = CIRCLE('',#3115,7.5);
#3115 = AXIS2_PLACEMENT_3D('',#3116,#3117,#3118);
#3116 = CARTESIAN_POINT('',(18.75,6.1,47.2));
#3117 = DIRECTION('',(0.,0.,-1.));
#3118 = DIRECTION('',(1.,0.,0.));
#3119 = PCURVE('',#1810,#3120);
#3120 = DEFINITIONAL_REPRESENTATION('',(#3121),#3125);
#3121 = LINE('',#3122,#3123);
#3122 = CARTESIAN_POINT('',(-6.28318530718,-32.2));
#3123 = VECTOR('',#3124,1.);
#3124 = DIRECTION('',(1.,-0.));
#3125 = ( GEOMETRIC_REPRESENTATION_CONTEXT(2) 
PARAMETRIC_REPRESENTATION_CONTEXT() REPRESENTATION_CONTEXT('2D SPACE',''
  ) );
#3126 = PCURVE('',#2746,#3127);
#3127 = DEFINITIONAL_REPRESENTATION('',(#3128),#3136);
#3128 = ( BOUNDED_CURVE() B_SPLINE_CURVE(2,(#3129,#3130,#3131,#3132,
#3133,#3134,#3135),.UNSPECIFIED.,.T.,.F.) B_SPLINE_CURVE_WITH_KNOTS((1,2
    ,2,2,2,1),(-2.094395102393,0.,2.094395102393,4.188790204786,
6.28318530718,8.377580409573),.UNSPECIFIED.) CURVE() 
GEOMETRIC_REPRESENTATION_ITEM() RATIONAL_B_SPLINE_CURVE((1.,0.5,1.,0.5,
1.,0.5,1.)) REPRESENTATION_ITEM('') );
#3129 = CARTESIAN_POINT('',(3.,-3.5));
#3130 = CARTESIAN_POINT('',(3.,-16.49038105676));
#3131 = CARTESIAN_POINT('',(-8.25,-9.995190528383));
#3132 = CARTESIAN_POINT('',(-19.5,-3.5));
#3133 = CARTESIAN_POINT('',(-8.25,2.995190528383));
#3134 = CARTESIAN_POINT('',(3.,9.490381056767));
#3135 = CARTESIAN_POINT('',(3.,-3.5));
#3136 = ( GEOMETRIC_REPRESENTATION_CONTEXT(2) 
PARAMETRIC_REPRESENTATION_CONTEXT() REPRESENTATION_CONTEXT('2D SPACE',''
  ) );
#3137 = ADVANCED_FACE('',(#3138),#1781,.F.);
#3138 = FACE_BOUND('',#3139,.F.);
#3139 = EDGE_LOOP('',(#3140,#3141,#3142,#3143));
#3140 = ORIENTED_EDGE('',*,*,#2615,.T.);
#3141 = ORIENTED_EDGE('',*,*,#1765,.T.);
#3142 = ORIENTED_EDGE('',*,*,#3011,.F.);
#3143 = ORIENTED_EDGE('',*,*,#2568,.F.);
#3144 = ADVANCED_FACE('',(#3145),#2210,.F.);
#3145 = FACE_BOUND('',#3146,.F.);
#3146 = EDGE_LOOP('',(#3147,#3148,#3149,#3150));
#3147 = ORIENTED_EDGE('',*,*,#2305,.F.);
#3148 = ORIENTED_EDGE('',*,*,#2850,.T.);
#3149 = ORIENTED_EDGE('',*,*,#2196,.T.);
#3150 = ORIENTED_EDGE('',*,*,#2250,.T.);
#3151 = ADVANCED_FACE('',(#3152),#2687,.F.);
#3152 = FACE_BOUND('',#3153,.F.);
#3153 = EDGE_LOOP('',(#3154,#3177,#3178,#3199,#3200));
#3154 = ORIENTED_EDGE('',*,*,#3155,.F.);
#3155 = EDGE_CURVE('',#3036,#3156,#3158,.T.);
#3156 = VERTEX_POINT('',#3157);
#3157 = CARTESIAN_POINT('',(23.25,13.6,69.2));
#3158 = SURFACE_CURVE('',#3159,(#3163,#3170),.PCURVE_S1.);
#3159 = LINE('',#3160,#3161);
#3160 = CARTESIAN_POINT('',(23.25,9.6,69.2));
#3161 = VECTOR('',#3162,1.);
#3162 = DIRECTION('',(0.,1.,0.));
#3163 = PCURVE('',#2687,#3164);
#3164 = DEFINITIONAL_REPRESENTATION('',(#3165),#3169);
#3165 = LINE('',#3166,#3167);
#3166 = CARTESIAN_POINT('',(0.,0.));
#3167 = VECTOR('',#3168,1.);
#3168 = DIRECTION('',(0.,1.));
#3169 = ( GEOMETRIC_REPRESENTATION_CONTEXT(2) 
PARAMETRIC_REPRESENTATION_CONTEXT() REPRESENTATION_CONTEXT('2D SPACE',''
  ) );
#3170 = PCURVE('',#3052,#3171);
#3171 = DEFINITIONAL_REPRESENTATION('',(#3172),#3176);
#3172 = LINE('',#3173,#3174);
#3173 = CARTESIAN_POINT('',(22.,0.));
#3174 = VECTOR('',#3175,1.);
#3175 = DIRECTION('',(0.,-1.));
#3176 = ( GEOMETRIC_REPRESENTATION_CONTEXT(2) 
PARAMETRIC_REPRESENTATION_CONTEXT() REPRESENTATION_CONTEXT('2D SPACE',''
  ) );
#3177 = ORIENTED_EDGE('',*,*,#3063,.T.);
#3178 = ORIENTED_EDGE('',*,*,#3179,.T.);
#3179 = EDGE_CURVE('',#3064,#2671,#3180,.T.);
#3180 = SURFACE_CURVE('',#3181,(#3185,#3192),.PCURVE_S1.);
#3181 = LINE('',#3182,#3183);
#3182 = CARTESIAN_POINT('',(23.25,9.6,69.2));
#3183 = VECTOR('',#3184,1.);
#3184 = DIRECTION('',(1.,0.,0.));
#3185 = PCURVE('',#2687,#3186);
#3186 = DEFINITIONAL_REPRESENTATION('',(#3187),#3191);
#3187 = LINE('',#3188,#3189);
#3188 = CARTESIAN_POINT('',(0.,0.));
#3189 = VECTOR('',#3190,1.);
#3190 = DIRECTION('',(1.,0.));
#3191 = ( GEOMETRIC_REPRESENTATION_CONTEXT(2) 
PARAMETRIC_REPRESENTATION_CONTEXT() REPRESENTATION_CONTEXT('2D SPACE',''
  ) );
#3192 = PCURVE('',#2718,#3193);
#3193 = DEFINITIONAL_REPRESENTATION('',(#3194),#3198);
#3194 = LINE('',#3195,#3196);
#3195 = CARTESIAN_POINT('',(22.,0.));
#3196 = VECTOR('',#3197,1.);
#3197 = DIRECTION('',(0.,1.));
#3198 = ( GEOMETRIC_REPRESENTATION_CONTEXT(2) 
PARAMETRIC_REPRESENTATION_CONTEXT() REPRESENTATION_CONTEXT('2D SPACE',''
  ) );
#3199 = ORIENTED_EDGE('',*,*,#2668,.F.);
#3200 = ORIENTED_EDGE('',*,*,#3201,.F.);
#3201 = EDGE_CURVE('',#3156,#2669,#3202,.T.);
#3202 = SURFACE_CURVE('',#3203,(#3207,#3214),.PCURVE_S1.);
#3203 = LINE('',#3204,#3205);
#3204 = CARTESIAN_POINT('',(23.25,13.6,69.2));
#3205 = VECTOR('',#3206,1.);
#3206 = DIRECTION('',(1.,0.,0.));
#3207 = PCURVE('',#2687,#3208);
#3208 = DEFINITIONAL_REPRESENTATION('',(#3209),#3213);
#3209 = LINE('',#3210,#3211);
#3210 = CARTESIAN_POINT('',(0.,4.));
#3211 = VECTOR('',#3212,1.);
#3212 = DIRECTION('',(1.,0.));
#3213 = ( GEOMETRIC_REPRESENTATION_CONTEXT(2) 
PARAMETRIC_REPRESENTATION_CONTEXT() REPRESENTATION_CONTEXT('2D SPACE',''
  ) );
#3214 = PCURVE('',#2775,#3215);
#3215 = DEFINITIONAL_REPRESENTATION('',(#3216),#3220);
#3216 = LINE('',#3217,#3218);
#3217 = CARTESIAN_POINT('',(22.,0.));
#3218 = VECTOR('',#3219,1.);
#3219 = DIRECTION('',(0.,1.));
#3220 = ( GEOMETRIC_REPRESENTATION_CONTEXT(2) 
PARAMETRIC_REPRESENTATION_CONTEXT() REPRESENTATION_CONTEXT('2D SPACE',''
  ) );
#3221 = ADVANCED_FACE('',(#3222),#2775,.F.);
#3222 = FACE_BOUND('',#3223,.F.);
#3223 = EDGE_LOOP('',(#3224,#3247,#3268,#3269));
#3224 = ORIENTED_EDGE('',*,*,#3225,.F.);
#3225 = EDGE_CURVE('',#3226,#2730,#3228,.T.);
#3226 = VERTEX_POINT('',#3227);
#3227 = CARTESIAN_POINT('',(23.25,13.6,47.2));
#3228 = SURFACE_CURVE('',#3229,(#3233,#3240),.PCURVE_S1.);
#3229 = LINE('',#3230,#3231);
#3230 = CARTESIAN_POINT('',(23.25,13.6,47.2));
#3231 = VECTOR('',#3232,1.);
#3232 = DIRECTION('',(1.,0.,0.));
#3233 = PCURVE('',#2775,#3234);
#3234 = DEFINITIONAL_REPRESENTATION('',(#3235),#3239);
#3235 = LINE('',#3236,#3237);
#3236 = CARTESIAN_POINT('',(0.,0.));
#3237 = VECTOR('',#3238,1.);
#3238 = DIRECTION('',(0.,1.));
#3239 = ( GEOMETRIC_REPRESENTATION_CONTEXT(2) 
PARAMETRIC_REPRESENTATION_CONTEXT() REPRESENTATION_CONTEXT('2D SPACE',''
  ) );
#3240 = PCURVE('',#2746,#3241);
#3241 = DEFINITIONAL_REPRESENTATION('',(#3242),#3246);
#3242 = LINE('',#3243,#3244);
#3243 = CARTESIAN_POINT('',(0.,4.));
#3244 = VECTOR('',#3245,1.);
#3245 = DIRECTION('',(1.,0.));
#3246 = ( GEOMETRIC_REPRESENTATION_CONTEXT(2) 
PARAMETRIC_REPRESENTATION_CONTEXT() REPRESENTATION_CONTEXT('2D SPACE',''
  ) );
#3247 = ORIENTED_EDGE('',*,*,#3248,.T.);
#3248 = EDGE_CURVE('',#3226,#3156,#3249,.T.);
#3249 = SURFACE_CURVE('',#3250,(#3254,#3261),.PCURVE_S1.);
#3250 = LINE('',#3251,#3252);
#3251 = CARTESIAN_POINT('',(23.25,13.6,47.2));
#3252 = VECTOR('',#3253,1.);
#3253 = DIRECTION('',(0.,0.,1.));
#3254 = PCURVE('',#2775,#3255);
#3255 = DEFINITIONAL_REPRESENTATION('',(#3256),#3260);
#3256 = LINE('',#3257,#3258);
#3257 = CARTESIAN_POINT('',(0.,0.));
#3258 = VECTOR('',#3259,1.);
#3259 = DIRECTION('',(1.,0.));
#3260 = ( GEOMETRIC_REPRESENTATION_CONTEXT(2) 
PARAMETRIC_REPRESENTATION_CONTEXT() REPRESENTATION_CONTEXT('2D SPACE',''
  ) );
#3261 = PCURVE('',#3052,#3262);
#3262 = DEFINITIONAL_REPRESENTATION('',(#3263),#3267);
#3263 = LINE('',#3264,#3265);
#3264 = CARTESIAN_POINT('',(0.,-4.));
#3265 = VECTOR('',#3266,1.);
#3266 = DIRECTION('',(1.,0.));
#3267 = ( GEOMETRIC_REPRESENTATION_CONTEXT(2) 
PARAMETRIC_REPRESENTATION_CONTEXT() REPRESENTATION_CONTEXT('2D SPACE',''
  ) );
#3268 = ORIENTED_EDGE('',*,*,#3201,.T.);
#3269 = ORIENTED_EDGE('',*,*,#2762,.T.);
#3270 = ADVANCED_FACE('',(#3271),#2746,.T.);
#3271 = FACE_BOUND('',#3272,.T.);
#3272 = EDGE_LOOP('',(#3273,#3294,#3295,#3316,#3317));
#3273 = ORIENTED_EDGE('',*,*,#3274,.F.);
#3274 = EDGE_CURVE('',#3038,#3226,#3275,.T.);
#3275 = SURFACE_CURVE('',#3276,(#3280,#3287),.PCURVE_S1.);
#3276 = LINE('',#3277,#3278);
#3277 = CARTESIAN_POINT('',(23.25,9.6,47.2));
#3278 = VECTOR('',#3279,1.);
#3279 = DIRECTION('',(0.,1.,0.));
#3280 = PCURVE('',#2746,#3281);
#3281 = DEFINITIONAL_REPRESENTATION('',(#3282),#3286);
#3282 = LINE('',#3283,#3284);
#3283 = CARTESIAN_POINT('',(0.,0.));
#3284 = VECTOR('',#3285,1.);
#3285 = DIRECTION('',(0.,1.));
#3286 = ( GEOMETRIC_REPRESENTATION_CONTEXT(2) 
PARAMETRIC_REPRESENTATION_CONTEXT() REPRESENTATION_CONTEXT('2D SPACE',''
  ) );
#3287 = PCURVE('',#3052,#3288);
#3288 = DEFINITIONAL_REPRESENTATION('',(#3289),#3293);
#3289 = LINE('',#3290,#3291);
#3290 = CARTESIAN_POINT('',(0.,0.));
#3291 = VECTOR('',#3292,1.);
#3292 = DIRECTION('',(0.,-1.));
#3293 = ( GEOMETRIC_REPRESENTATION_CONTEXT(2) 
PARAMETRIC_REPRESENTATION_CONTEXT() REPRESENTATION_CONTEXT('2D SPACE',''
  ) );
#3294 = ORIENTED_EDGE('',*,*,#3112,.T.);
#3295 = ORIENTED_EDGE('',*,*,#3296,.T.);
#3296 = EDGE_CURVE('',#3092,#2704,#3297,.T.);
#3297 = SURFACE_CURVE('',#3298,(#3302,#3309),.PCURVE_S1.);
#3298 = LINE('',#3299,#3300);
#3299 = CARTESIAN_POINT('',(23.25,9.6,47.2));
#3300 = VECTOR('',#3301,1.);
#3301 = DIRECTION('',(1.,0.,0.));
#3302 = PCURVE('',#2746,#3303);
#3303 = DEFINITIONAL_REPRESENTATION('',(#3304),#3308);
#3304 = LINE('',#3305,#3306);
#3305 = CARTESIAN_POINT('',(0.,0.));
#3306 = VECTOR('',#3307,1.);
#3307 = DIRECTION('',(1.,0.));
#3308 = ( GEOMETRIC_REPRESENTATION_CONTEXT(2) 
PARAMETRIC_REPRESENTATION_CONTEXT() REPRESENTATION_CONTEXT('2D SPACE',''
  ) );
#3309 = PCURVE('',#2718,#3310);
#3310 = DEFINITIONAL_REPRESENTATION('',(#3311),#3315);
#3311 = LINE('',#3312,#3313);
#3312 = CARTESIAN_POINT('',(0.,0.));
#3313 = VECTOR('',#3314,1.);
#3314 = DIRECTION('',(0.,1.));
#3315 = ( GEOMETRIC_REPRESENTATION_CONTEXT(2) 
PARAMETRIC_REPRESENTATION_CONTEXT() REPRESENTATION_CONTEXT('2D SPACE',''
  ) );
#3316 = ORIENTED_EDGE('',*,*,#2729,.F.);
#3317 = ORIENTED_EDGE('',*,*,#3225,.F.);
#3318 = ADVANCED_FACE('',(#3319),#2718,.T.);
#3319 = FACE_BOUND('',#3320,.T.);
#3320 = EDGE_LOOP('',(#3321,#3322,#3323,#3324));
#3321 = ORIENTED_EDGE('',*,*,#3296,.F.);
#3322 = ORIENTED_EDGE('',*,*,#3091,.F.);
#3323 = ORIENTED_EDGE('',*,*,#3179,.T.);
#3324 = ORIENTED_EDGE('',*,*,#2703,.T.);
#3325 = ADVANCED_FACE('',(#3326),#3052,.T.);
#3326 = FACE_BOUND('',#3327,.T.);
#3327 = EDGE_LOOP('',(#3328,#3329,#3330,#3331));
#3328 = ORIENTED_EDGE('',*,*,#3155,.F.);
#3329 = ORIENTED_EDGE('',*,*,#3035,.T.);
#3330 = ORIENTED_EDGE('',*,*,#3274,.T.);
#3331 = ORIENTED_EDGE('',*,*,#3248,.T.);
#3332 = ( GEOMETRIC_REPRESENTATION_CONTEXT(3) 
GLOBAL_UNCERTAINTY_ASSIGNED_CONTEXT((#3336)) 
GLOBAL_UNIT_ASSIGNED_CONTEXT((#3333,#3334,#3335)) REPRESENTATION_CONTEXT
('Context #1','3D Context with UNIT and UNCERTAINTY') );
#3333 = ( LENGTH_UNIT() NAMED_UNIT(*) SI_UNIT(.MILLI.,.METRE.) );
#3334 = ( NAMED_UNIT(*) PLANE_ANGLE_UNIT() SI_UNIT($,.RADIAN.) );
#3335 = ( NAMED_UNIT(*) SI_UNIT($,.STERADIAN.) SOLID_ANGLE_UNIT() );
#3336 = UNCERTAINTY_MEASURE_WITH_UNIT(LENGTH_MEASURE(1.E-07),#3333,
  'distance_accuracy_value','confusion accuracy');
#3337 = PRODUCT_RELATED_PRODUCT_CATEGORY('part',$,(#7));

#3338=DESCRIPTIVE_REPRESENTATION_ITEM('cadpy:generator','cadpy');
#3339=REPRESENTATION('cadpy:generator',(#3338),#3332);
#3340=PROPERTY_DEFINITION('cadpy metadata','cadpy:generator',#5);
#3341=PROPERTY_DEFINITION_REPRESENTATION(#3340,#3339);
#3342=DESCRIPTIVE_REPRESENTATION_ITEM('cadpy:entryKind','part');
#3343=REPRESENTATION('cadpy:entryKind',(#3342),#3332);
#3344=PROPERTY_DEFINITION('cadpy metadata','cadpy:entryKind',#5);
#3345=PROPERTY_DEFINITION_REPRESENTATION(#3344,#3343);
#3346=DESCRIPTIVE_REPRESENTATION_ITEM('cadpy:sourcePath','inreach_mini_mount.py');
#3347=REPRESENTATION('cadpy:sourcePath',(#3346),#3332);
#3348=PROPERTY_DEFINITION('cadpy metadata','cadpy:sourcePath',#5);
#3349=PROPERTY_DEFINITION_REPRESENTATION(#3348,#3347);
#3350=DESCRIPTIVE_REPRESENTATION_ITEM('cadpy:sourceHash','d6a3717fa1f243b7eae61158c4929040fe4aff06d7d3000bc2434333c53efa94');
#3351=REPRESENTATION('cadpy:sourceHash',(#3350),#3332);
#3352=PROPERTY_DEFINITION('cadpy metadata','cadpy:sourceHash',#5);
#3353=PROPERTY_DEFINITION_REPRESENTATION(#3352,#3351);
ENDSEC;
END-ISO-10303-21;
